time_utc,t,p
2025-08-05 17:00:00,1754415850.0,0.5
2025-08-05 18:00:00,1754416808.0,0.49
2025-08-05 19:00:00,1754420409.0,0.355
2025-08-05 20:00:00,1754424009.0,0.025
2025-08-05 21:00:00,1754427610.0,0.02
2025-08-05 22:00:00,1754431209.0,0.0195
2025-08-05 23:00:00,1754434808.0,0.0195
2025-08-06 00:00:00,1754438409.0,0.0195
2025-08-06 01:00:00,1754442009.0,0.019
2025-08-06 02:00:00,1754445610.0,0.0195
2025-08-06 03:00:00,1754449209.0,0.0195
2025-08-06 04:00:00,1754452810.0,0.019
2025-08-06 05:00:00,1754456410.0,0.019
2025-08-06 06:00:00,1754460009.0,0.019
2025-08-06 07:00:00,1754463609.0,0.019
2025-08-06 08:00:00,1754467209.0,0.0175
2025-08-06 09:00:00,1754470809.0,0.016
2025-08-06 10:00:00,1754474409.0,0.014
2025-08-06 11:00:00,1754478009.0,0.014
2025-08-06 12:00:00,1754481608.0,0.014
2025-08-06 13:00:00,1754485209.0,0.014
2025-08-06 14:00:00,1754488809.0,0.014
2025-08-06 15:00:00,1754492410.0,0.014
2025-08-06 16:00:00,1754496009.0,0.014
2025-08-06 17:00:00,1754499608.0,0.014
2025-08-06 18:00:00,1754503209.0,0.0035
2025-08-06 19:00:00,1754506806.0,0.0035
2025-08-06 20:00:00,1754510404.0,0.0035
2025-08-06 21:00:00,1754514008.0,0.0035
2025-08-06 22:00:00,1754517614.0,0.0035
2025-08-06 23:00:00,1754521214.0,0.0035
2025-08-07 00:00:00,1754524806.0,0.0035
2025-08-07 01:00:00,1754528404.0,0.0035
2025-08-07 02:00:00,1754532005.0,0.0035
2025-08-07 03:00:00,1754535609.0,0.0035
2025-08-07 04:00:00,1754539213.0,0.0035
2025-08-07 05:00:00,1754542814.0,0.0035
2025-08-07 06:00:00,1754546412.0,0.0035
2025-08-07 07:00:00,1754550015.0,0.0035
2025-08-07 08:00:00,1754553602.0,0.0035
2025-08-07 09:00:00,1754557202.0,0.0035
2025-08-07 10:00:00,1754560810.0,0.0035
2025-08-07 11:00:00,1754564415.0,0.0035
2025-08-07 12:00:00,1754568016.0,0.0035
2025-08-07 13:00:00,1754571606.0,0.0035
2025-08-07 14:00:00,1754575215.0,0.0035
2025-08-07 15:00:00,1754578802.0,0.0035
2025-08-07 16:00:00,1754582407.0,0.0035
2025-08-07 17:00:00,1754586014.0,0.0035
2025-08-07 18:00:00,1754589611.0,0.0035
2025-08-07 19:00:00,1754593208.0,0.004
2025-08-07 20:00:00,1754596805.0,0.004
2025-08-07 21:00:00,1754600416.0,0.004
2025-08-07 22:00:00,1754604010.0,0.0035
2025-08-07 23:00:00,1754607606.0,0.0035
2025-08-08 00:00:00,1754611207.0,0.0035
2025-08-08 01:00:00,1754614807.0,0.0035
2025-08-08 02:00:00,1754618403.0,0.0035
2025-08-08 03:00:00,1754622012.0,0.0035
2025-08-08 04:00:00,1754625606.0,0.0035
2025-08-08 05:00:00,1754629205.0,0.0035
2025-08-08 06:00:00,1754632802.0,0.0035
2025-08-08 07:00:00,1754636417.0,0.0035
2025-08-08 08:00:00,1754640013.0,0.0035
2025-08-08 09:00:00,1754643605.0,0.0035
2025-08-08 10:00:00,1754647214.0,0.0035
2025-08-08 11:00:00,1754650802.0,0.0035
2025-08-08 12:00:00,1754654406.0,0.0035
2025-08-08 13:00:00,1754658003.0,0.0035
2025-08-08 14:00:00,1754661607.0,0.0035
2025-08-08 15:00:00,1754665216.0,0.0035
2025-08-08 16:00:00,1754668811.0,0.0035
2025-08-08 17:00:00,1754672415.0,0.0035
2025-08-08 18:00:00,1754676017.0,0.0035
2025-08-08 19:00:00,1754679603.0,0.0035
2025-08-08 20:00:00,1754683210.0,0.0035
2025-08-08 21:00:00,1754686802.0,0.0035
2025-08-08 22:00:00,1754690412.0,0.0035
2025-08-08 23:00:00,1754694002.0,0.0035
2025-08-09 00:00:00,1754697610.0,0.0035
2025-08-09 01:00:00,1754701206.0,0.0035
2025-08-09 02:00:00,1754704805.0,0.0035
2025-08-09 03:00:00,1754708416.0,0.003
2025-08-09 04:00:00,1754712017.0,0.003
2025-08-09 05:00:00,1754715612.0,0.003
2025-08-09 06:00:00,1754719203.0,0.003
2025-08-09 07:00:00,1754722812.0,0.003
2025-08-09 08:00:00,1754726408.0,0.003
2025-08-09 09:00:00,1754730012.0,0.003
2025-08-09 10:00:00,1754733611.0,0.003
2025-08-09 11:00:00,1754737204.0,0.003
2025-08-09 12:00:00,1754740803.0,0.0035
2025-08-09 13:00:00,1754744411.0,0.0035
2025-08-09 14:00:00,1754748005.0,0.0035
2025-08-09 15:00:00,1754751614.0,0.0035
2025-08-09 16:00:00,1754755212.0,0.0035
2025-08-09 17:00:00,1754758814.0,0.0035
2025-08-09 18:00:00,1754762402.0,0.0035
2025-08-09 19:00:00,1754766016.0,0.0035
2025-08-09 20:00:00,1754769610.0,0.0035
2025-08-09 21:00:00,1754773219.0,0.0035
2025-08-09 22:00:00,1754776812.0,0.0035
2025-08-09 23:00:00,1754780405.0,0.0035
2025-08-10 00:00:00,1754784007.0,0.0035
2025-08-10 01:00:00,1754787609.0,0.0035
2025-08-10 02:00:00,1754791212.0,0.0035
2025-08-10 03:00:00,1754794806.0,0.0035
2025-08-10 04:00:00,1754798406.0,0.0035
2025-08-10 05:00:00,1754802004.0,0.0035
2025-08-10 06:00:00,1754805610.0,0.0035
2025-08-10 07:00:00,1754809204.0,0.0035
2025-08-10 08:00:00,1754812802.0,0.0035
2025-08-10 09:00:00,1754816407.0,0.0035
2025-08-10 10:00:00,1754820007.0,0.0035
2025-08-10 11:00:00,1754823610.0,0.0035
2025-08-10 12:00:00,1754827211.0,0.0035
2025-08-10 13:00:00,1754830813.0,0.0035
2025-08-10 14:00:00,1754834402.0,0.0035
2025-08-10 15:00:00,1754838013.0,0.0035
2025-08-10 16:00:00,1754841614.0,0.0045
2025-08-10 17:00:00,1754845217.0,0.0045
2025-08-10 18:00:00,1754848806.0,0.0045
2025-08-10 19:00:00,1754852403.0,0.0045
2025-08-10 20:00:00,1754856013.0,0.0045
2025-08-10 21:00:00,1754859614.0,0.0035
2025-08-10 22:00:00,1754863204.0,0.0035
2025-08-10 23:00:00,1754866807.0,0.0035
2025-08-11 00:00:00,1754870412.0,0.0035
2025-08-11 01:00:00,1754874004.0,0.0035
2025-08-11 02:00:00,1754877602.0,0.0035
2025-08-11 03:00:00,1754881202.0,0.0035
2025-08-11 04:00:00,1754884816.0,0.0035
2025-08-11 05:00:00,1754888407.0,0.0035
2025-08-11 06:00:00,1754892012.0,0.0035
2025-08-11 07:00:00,1754895602.0,0.0035
2025-08-11 08:00:00,1754899216.0,0.0035
2025-08-11 09:00:00,1754902812.0,0.0035
2025-08-11 10:00:00,1754906402.0,0.0035
2025-08-11 11:00:00,1754910004.0,0.0035
2025-08-11 12:00:00,1754913616.0,0.0035
2025-08-11 13:00:00,1754917214.0,0.0035
2025-08-11 14:00:00,1754920810.0,0.0035
2025-08-11 15:00:00,1754924409.0,0.0035
2025-08-11 16:00:00,1754928003.0,0.0035
2025-08-11 17:00:00,1754931604.0,0.0035
2025-08-11 18:00:00,1754935208.0,0.0035
2025-08-11 19:00:00,1754938803.0,0.0035
2025-08-11 20:00:00,1754942403.0,0.0035
2025-08-11 21:00:00,1754946007.0,0.0035
2025-08-11 22:00:00,1754949603.0,0.0035
2025-08-11 23:00:00,1754953207.0,0.0035
2025-08-12 00:00:00,1754956805.0,0.0035
2025-08-12 01:00:00,1754960405.0,0.0035
2025-08-12 02:00:00,1754964010.0,0.0035
2025-08-12 03:00:00,1754967608.0,0.0035
2025-08-12 04:00:00,1754971209.0,0.0035
2025-08-12 05:00:00,1754974809.0,0.0035
2025-08-12 06:00:00,1754978412.0,0.0035
2025-08-12 07:00:00,1754982011.0,0.0035
2025-08-12 08:00:00,1754985606.0,0.0035
2025-08-12 09:00:00,1754989216.0,0.0035
2025-08-12 10:00:00,1754992813.0,0.0035
2025-08-12 11:00:00,1754996402.0,0.0035
2025-08-12 12:00:00,1755000008.0,0.0035
2025-08-12 13:00:00,1755003606.0,0.0035
2025-08-12 14:00:00,1755007202.0,0.0035
2025-08-12 15:00:00,1755010805.0,0.0035
2025-08-12 16:00:00,1755014410.0,0.0035
2025-08-12 17:00:00,1755018007.0,0.0035
2026-02-01 04:00:00,1769921234.0,0.0005
2025-08-12 18:00:00,1755021611.0,0.0035
2025-08-12 19:00:00,1755025209.0,0.0035
2025-08-12 20:00:00,1755028805.0,0.0035
2025-08-12 21:00:00,1755032412.0,0.0035
2025-08-12 22:00:00,1755036008.0,0.009
2025-08-12 23:00:00,1755039602.0,0.008
2025-08-13 00:00:00,1755043203.0,0.01
2025-08-13 01:00:00,1755046811.0,0.0105
2025-08-13 02:00:00,1755050410.0,0.0105
2025-08-13 03:00:00,1755054012.0,0.011
2025-08-13 04:00:00,1755057605.0,0.0105
2025-08-13 05:00:00,1755061204.0,0.0105
2025-08-13 06:00:00,1755064814.0,0.0045
2025-08-13 07:00:00,1755068402.0,0.004
2025-08-13 08:00:00,1755072008.0,0.004
2025-08-13 09:00:00,1755075621.0,0.004
2025-08-13 10:00:00,1755079207.0,0.004
2025-08-13 11:00:00,1755082809.0,0.004
2025-08-13 12:00:00,1755086404.0,0.004
2025-08-13 13:00:00,1755090022.0,0.004
2025-08-13 14:00:00,1755093611.0,0.004
2025-08-13 15:00:00,1755097213.0,0.004
2025-08-13 16:00:00,1755100811.0,0.004
2025-08-13 17:00:00,1755104408.0,0.004
2025-08-13 18:00:00,1755108013.0,0.004
2025-08-13 19:00:00,1755111615.0,0.004
2025-08-13 20:00:00,1755115205.0,0.004
2025-08-13 21:00:00,1755118805.0,0.003
2025-08-13 22:00:00,1755122404.0,0.003
2025-08-13 23:00:00,1755126009.0,0.003
2025-08-14 00:00:00,1755129607.0,0.003
2025-08-14 01:00:00,1755133206.0,0.003
2025-08-14 02:00:00,1755136807.0,0.003
2025-08-14 03:00:00,1755140404.0,0.003
2025-08-14 04:00:00,1755144008.0,0.0035
2025-08-14 05:00:00,1755147605.0,0.0025
2025-08-14 06:00:00,1755151204.0,0.0025
2025-08-14 07:00:00,1755154814.0,0.0025
2025-08-14 08:00:00,1755158411.0,0.0025
2025-08-14 09:00:00,1755162007.0,0.0025
2025-08-14 10:00:00,1755165606.0,0.0025
2025-08-14 11:00:00,1755169205.0,0.0025
2025-08-14 12:00:00,1755172811.0,0.0025
2025-08-14 13:00:00,1755176413.0,0.0025
2025-08-14 14:00:00,1755180009.0,0.0025
2025-08-14 15:00:00,1755183612.0,0.0025
2025-08-14 16:00:00,1755187215.0,0.0025
2025-08-14 17:00:00,1755190818.0,0.0025
2025-08-14 18:00:00,1755194416.0,0.0025
2025-08-14 19:00:00,1755198009.0,0.0025
2025-08-14 20:00:00,1755201604.0,0.0025
2025-08-14 21:00:00,1755205213.0,0.0025
2025-08-14 22:00:00,1755208805.0,0.0025
2025-08-14 23:00:00,1755212410.0,0.0025
2025-08-15 00:00:00,1755216005.0,0.0025
2025-08-15 01:00:00,1755219605.0,0.0025
2025-08-15 02:00:00,1755223206.0,0.0025
2025-08-15 03:00:00,1755226810.0,0.0025
2025-08-15 04:00:00,1755230406.0,0.0025
2025-08-15 05:00:00,1755234007.0,0.0025
2025-08-15 06:00:00,1755237608.0,0.0025
2025-08-15 07:00:00,1755241205.0,0.0025
2025-08-15 08:00:00,1755244814.0,0.0025
2025-08-15 09:00:00,1755248415.0,0.0025
2025-08-15 10:00:00,1755252005.0,0.0025
2025-08-15 11:00:00,1755255602.0,0.0025
2025-08-15 12:00:00,1755259212.0,0.0025
2025-08-15 13:00:00,1755262816.0,0.0025
2025-08-15 14:00:00,1755266419.0,0.0025
2025-08-15 15:00:00,1755270009.0,0.0025
2025-08-15 16:00:00,1755273602.0,0.0025
2025-08-15 17:00:00,1755277213.0,0.0025
2025-08-15 18:00:00,1755280818.0,0.0025
2025-08-15 19:00:00,1755284415.0,0.0025
2025-08-15 20:00:00,1755288015.0,0.0025
2025-08-15 21:00:00,1755291605.0,0.0025
2025-08-15 22:00:00,1755295207.0,0.0025
2025-08-15 23:00:00,1755298813.0,0.0025
2025-08-16 00:00:00,1755302411.0,0.0025
2025-08-16 01:00:00,1755306009.0,0.0025
2025-08-16 02:00:00,1755309610.0,0.0025
2025-08-16 03:00:00,1755313216.0,0.0025
2025-08-16 04:00:00,1755316808.0,0.0025
2025-08-16 05:00:00,1755320407.0,0.0025
2025-08-16 06:00:00,1755324017.0,0.0025
2025-08-16 07:00:00,1755327613.0,0.0025
2025-08-16 08:00:00,1755331215.0,0.0025
2025-08-16 09:00:00,1755334810.0,0.0025
2025-08-16 10:00:00,1755338411.0,0.0025
2025-08-16 11:00:00,1755342016.0,0.0025
2025-08-16 12:00:00,1755345619.0,0.0025
2025-08-16 13:00:00,1755349214.0,0.0025
2025-08-16 14:00:00,1755352805.0,0.003
2025-08-16 15:00:00,1755356404.0,0.0025
2025-08-16 16:00:00,1755360009.0,0.0025
2025-08-16 17:00:00,1755363615.0,0.0025
2025-08-16 18:00:00,1755367216.0,0.0025
2025-08-16 19:00:00,1755370808.0,0.0025
2025-08-16 20:00:00,1755374410.0,0.0025
2025-08-16 21:00:00,1755378018.0,0.0025
2025-08-16 22:00:00,1755381615.0,0.0025
2025-08-16 23:00:00,1755385206.0,0.0025
2025-08-17 00:00:00,1755388815.0,0.0025
2025-08-17 01:00:00,1755392410.0,0.0025
2025-08-17 02:00:00,1755396009.0,0.0025
2025-08-17 03:00:00,1755399612.0,0.0025
2025-08-17 04:00:00,1755403210.0,0.0025
2025-08-17 05:00:00,1755406802.0,0.0025
2025-08-17 06:00:00,1755410408.0,0.0025
2025-08-17 07:00:00,1755414008.0,0.0025
2025-08-17 08:00:00,1755417615.0,0.0025
2025-08-17 09:00:00,1755421207.0,0.0025
2025-08-17 10:00:00,1755424804.0,0.0025
2025-08-17 11:00:00,1755428410.0,0.0025
2025-08-17 12:00:00,1755432006.0,0.0025
2025-08-17 13:00:00,1755435609.0,0.0025
2025-08-17 14:00:00,1755439214.0,0.0025
2025-08-17 15:00:00,1755442815.0,0.0025
2025-08-17 16:00:00,1755446407.0,0.0025
2025-08-17 17:00:00,1755450004.0,0.0025
2025-08-17 18:00:00,1755453612.0,0.0025
2025-08-17 19:00:00,1755457213.0,0.0025
2025-08-17 20:00:00,1755460813.0,0.0025
2025-08-17 21:00:00,1755464405.0,0.0025
2025-08-17 22:00:00,1755468004.0,0.0025
2025-08-17 23:00:00,1755471609.0,0.0025
2025-08-18 00:00:00,1755475206.0,0.0025
2025-08-18 01:00:00,1755478802.0,0.0025
2025-08-18 02:00:00,1755482411.0,0.0025
2025-08-18 03:00:00,1755486015.0,0.0025
2025-08-18 04:00:00,1755489606.0,0.0025
2025-08-18 05:00:00,1755493212.0,0.0025
2025-08-18 06:00:00,1755496807.0,0.0025
2025-08-18 07:00:00,1755500406.0,0.0025
2025-08-18 08:00:00,1755504006.0,0.0025
2025-08-18 09:00:00,1755507602.0,0.0025
2025-08-18 10:00:00,1755511215.0,0.0025
2025-08-18 11:00:00,1755514802.0,0.0025
2025-08-18 12:00:00,1755518408.0,0.0025
2025-08-18 13:00:00,1755522002.0,0.0025
2025-08-18 14:00:00,1755525602.0,0.003
2025-08-18 15:00:00,1755529206.0,0.0035
2025-08-18 16:00:00,1755532811.0,0.0035
2025-08-18 17:00:00,1755536409.0,0.0035
2025-08-18 18:00:00,1755540007.0,0.0035
2025-08-18 19:00:00,1755543604.0,0.0035
2025-08-18 20:00:00,1755547209.0,0.0035
2025-08-18 21:00:00,1755550807.0,0.0035
2025-08-18 22:00:00,1755554406.0,0.0035
2025-08-18 23:00:00,1755558005.0,0.0035
2025-08-19 00:00:00,1755561616.0,0.0035
2025-08-19 01:00:00,1755565210.0,0.0035
2025-08-19 02:00:00,1755568808.0,0.0035
2025-08-19 03:00:00,1755572412.0,0.0035
2025-08-19 04:00:00,1755576015.0,0.0035
2025-08-19 05:00:00,1755579616.0,0.0035
2025-08-19 06:00:00,1755583203.0,0.0035
2025-08-19 07:00:00,1755586813.0,0.0035
2025-08-19 08:00:00,1755590407.0,0.0035
2025-08-19 09:00:00,1755594008.0,0.0035
2025-08-19 10:00:00,1755597617.0,0.0035
2025-08-19 11:00:00,1755601208.0,0.0035
2025-08-19 12:00:00,1755604818.0,0.0025
2025-08-19 13:00:00,1755608418.0,0.0025
2025-08-19 14:00:00,1755612006.0,0.0025
2025-08-19 15:00:00,1755615604.0,0.0025
2025-08-19 16:00:00,1755619216.0,0.0025
2025-08-19 17:00:00,1755622806.0,0.0025
2025-08-19 18:00:00,1755626404.0,0.002
2025-08-19 19:00:00,1755630002.0,0.002
2025-08-19 20:00:00,1755633610.0,0.002
2025-08-19 21:00:00,1755637215.0,0.002
2025-08-19 22:00:00,1755640802.0,0.002
2025-08-19 23:00:00,1755644406.0,0.002
2025-08-20 00:00:00,1755648007.0,0.002
2025-08-20 01:00:00,1755651608.0,0.002
2025-08-20 02:00:00,1755655205.0,0.002
2025-08-20 03:00:00,1755658804.0,0.002
2025-08-20 04:00:00,1755662404.0,0.002
2025-08-20 05:00:00,1755666013.0,0.002
2025-08-20 06:00:00,1755669612.0,0.002
2025-08-20 07:00:00,1755673205.0,0.002
2025-08-20 08:00:00,1755676809.0,0.002
2025-08-20 09:00:00,1755680410.0,0.002
2025-08-20 10:00:00,1755684016.0,0.002
2025-08-20 11:00:00,1755687604.0,0.002
2025-08-20 12:00:00,1755691217.0,0.002
2025-08-20 13:00:00,1755694804.0,0.002
2025-08-20 14:00:00,1755698404.0,0.002
2025-08-20 15:00:00,1755702012.0,0.002
2025-08-20 16:00:00,1755705611.0,0.002
2025-08-20 17:00:00,1755709216.0,0.002
2025-08-20 18:00:00,1755712802.0,0.002
2025-08-20 19:00:00,1755716404.0,0.002
2025-08-20 20:00:00,1755720002.0,0.002
2025-08-20 21:00:00,1755723612.0,0.002
2025-08-20 22:00:00,1755727206.0,0.002
2025-08-20 23:00:00,1755730806.0,0.002
2025-08-21 00:00:00,1755734408.0,0.002
2025-08-21 01:00:00,1755738002.0,0.002
2025-08-21 02:00:00,1755741609.0,0.002
2025-08-21 03:00:00,1755745211.0,0.002
2025-08-21 04:00:00,1755748810.0,0.002
2025-08-21 05:00:00,1755752416.0,0.002
2025-08-21 06:00:00,1755756013.0,0.002
2025-08-21 07:00:00,1755759606.0,0.002
2025-08-21 08:00:00,1755763207.0,0.002
2025-08-21 09:00:00,1755766816.0,0.002
2025-08-21 10:00:00,1755770415.0,0.002
2025-08-21 11:00:00,1755774013.0,0.002
2025-08-21 12:00:00,1755777604.0,0.002
2025-08-21 13:00:00,1755781207.0,0.002
2025-08-21 14:00:00,1755784817.0,0.002
2025-08-21 15:00:00,1755788415.0,0.002
2025-08-21 16:00:00,1755792009.0,0.002
2025-08-21 17:00:00,1755795614.0,0.002
2025-08-21 18:00:00,1755799214.0,0.002
2025-08-21 19:00:00,1755802811.0,0.002
2025-08-21 20:00:00,1755806407.0,0.002
2025-08-21 21:00:00,1755810011.0,0.002
2025-08-21 22:00:00,1755813604.0,0.002
2025-08-21 23:00:00,1755817206.0,0.002
2025-08-22 00:00:00,1755820805.0,0.002
2025-08-22 01:00:00,1755824407.0,0.002
2025-08-22 02:00:00,1755828012.0,0.002
2025-08-22 03:00:00,1755831603.0,0.002
2025-08-22 04:00:00,1755835202.0,0.002
2025-08-22 05:00:00,1755838813.0,0.002
2025-08-22 06:00:00,1755842415.0,0.002
2025-08-22 07:00:00,1755846013.0,0.002
2025-08-22 08:00:00,1755849616.0,0.002
2025-08-22 09:00:00,1755853209.0,0.002
2025-08-22 10:00:00,1755856816.0,0.002
2025-08-22 11:00:00,1755860414.0,0.002
2025-08-22 12:00:00,1755864007.0,0.002
2025-08-22 13:00:00,1755867610.0,0.002
2025-08-22 14:00:00,1755871217.0,0.002
2025-08-22 15:00:00,1755874815.0,0.002
2025-08-22 16:00:00,1755878409.0,0.002
2025-08-22 17:00:00,1755882017.0,0.002
2025-08-22 18:00:00,1755885606.0,0.002
2025-08-22 19:00:00,1755889204.0,0.002
2025-08-22 20:00:00,1755892803.0,0.002
2025-08-22 21:00:00,1755896411.0,0.002
2025-08-22 22:00:00,1755900018.0,0.002
2025-08-22 23:00:00,1755903612.0,0.002
2025-08-23 00:00:00,1755907209.0,0.002
2025-08-23 01:00:00,1755910809.0,0.002
2025-08-23 02:00:00,1755914404.0,0.002
2025-08-23 03:00:00,1755918008.0,0.002
2025-08-23 04:00:00,1755921609.0,0.002
2025-08-23 05:00:00,1755925212.0,0.002
2025-08-23 06:00:00,1755928817.0,0.002
2025-08-23 07:00:00,1755932418.0,0.002
2025-08-23 08:00:00,1755936016.0,0.002
2025-08-23 09:00:00,1755939618.0,0.002
2025-08-23 10:00:00,1755943205.0,0.002
2025-08-23 11:00:00,1755946815.0,0.002
2025-08-23 12:00:00,1755950406.0,0.002
2025-08-23 13:00:00,1755954003.0,0.002
2025-08-23 14:00:00,1755957605.0,0.002
2025-08-23 15:00:00,1755961209.0,0.002
2025-08-23 16:00:00,1755964807.0,0.002
2025-08-23 17:00:00,1755968408.0,0.002
2025-08-23 18:00:00,1755972012.0,0.002
2025-08-23 19:00:00,1755975614.0,0.002
2025-08-23 20:00:00,1755979205.0,0.002
2025-08-23 21:00:00,1755982812.0,0.002
2025-08-23 22:00:00,1755986409.0,0.002
2025-08-23 23:00:00,1755990010.0,0.0015
2025-08-24 00:00:00,1755993610.0,0.0015
2025-08-24 01:00:00,1755997208.0,0.0015
2025-08-24 02:00:00,1756000808.0,0.0015
2025-08-24 03:00:00,1756004404.0,0.0015
2025-08-24 04:00:00,1756008006.0,0.0015
2025-08-24 05:00:00,1756011610.0,0.0015
2025-08-24 06:00:00,1756015216.0,0.0015
2025-08-24 07:00:00,1756018802.0,0.0015
2025-08-24 08:00:00,1756022410.0,0.0015
2025-08-24 09:00:00,1756026002.0,0.0015
2025-08-24 10:00:00,1756029610.0,0.0015
2025-08-24 11:00:00,1756033217.0,0.0015
2025-08-24 12:00:00,1756036816.0,0.0015
2025-08-24 13:00:00,1756040406.0,0.0015
2025-08-24 14:00:00,1756044002.0,0.0015
2025-08-24 15:00:00,1756047612.0,0.0015
2025-08-24 16:00:00,1756051208.0,0.0015
2025-08-24 17:00:00,1756054806.0,0.0015
2025-08-24 18:00:00,1756058415.0,0.0015
2025-08-24 19:00:00,1756062011.0,0.0015
2025-08-24 20:00:00,1756065606.0,0.0015
2025-08-24 21:00:00,1756069209.0,0.0015
2025-08-24 22:00:00,1756072804.0,0.0015
2025-08-24 23:00:00,1756076415.0,0.0015
2025-08-25 00:00:00,1756080005.0,0.0015
2025-08-25 01:00:00,1756083608.0,0.0015
2025-08-25 02:00:00,1756087213.0,0.0015
2025-08-25 03:00:00,1756090807.0,0.0015
2025-08-25 04:00:00,1756094417.0,0.0015
2025-08-25 05:00:00,1756098015.0,0.0015
2025-08-25 06:00:00,1756101616.0,0.0015
2025-08-25 07:00:00,1756105206.0,0.0015
2025-08-25 08:00:00,1756108806.0,0.0015
2025-08-25 09:00:00,1756112412.0,0.0015
2025-08-25 10:00:00,1756116013.0,0.0015
2025-08-25 11:00:00,1756119610.0,0.0015
2025-08-25 12:00:00,1756123219.0,0.0015
2025-08-25 13:00:00,1756126810.0,0.0015
2025-08-25 14:00:00,1756130413.0,0.0015
2025-08-25 15:00:00,1756134017.0,0.0015
2025-08-25 16:00:00,1756137615.0,0.0015
2025-08-25 17:00:00,1756141213.0,0.0015
2025-08-25 18:00:00,1756144805.0,0.0015
2025-08-25 19:00:00,1756148404.0,0.0015
2025-08-25 20:00:00,1756152014.0,0.0015
2025-08-25 21:00:00,1756155613.0,0.0015
2025-08-25 22:00:00,1756159203.0,0.0015
2025-08-25 23:00:00,1756162806.0,0.0015
2025-08-26 00:00:00,1756166403.0,0.0015
2025-08-26 01:00:00,1756170011.0,0.0015
2025-08-26 02:00:00,1756173606.0,0.0015
2025-08-26 03:00:00,1756177214.0,0.0015
2025-08-26 04:00:00,1756180806.0,0.0015
2025-08-26 05:00:00,1756184403.0,0.0015
2025-08-26 06:00:00,1756188009.0,0.0015
2025-08-26 07:00:00,1756191608.0,0.0015
2025-08-26 08:00:00,1756195209.0,0.0015
2025-08-26 09:00:00,1756198805.0,0.0015
2025-08-26 10:00:00,1756202405.0,0.0015
2025-08-26 11:00:00,1756206015.0,0.0015
2025-08-26 12:00:00,1756209612.0,0.0015
2025-08-26 13:00:00,1756213213.0,0.0015
2025-08-26 14:00:00,1756216805.0,0.0015
2025-08-26 15:00:00,1756220403.0,0.0015
2025-08-26 16:00:00,1756224013.0,0.0015
2025-08-26 17:00:00,1756227616.0,0.0015
2025-08-26 18:00:00,1756231204.0,0.0015
2025-08-26 19:00:00,1756234805.0,0.0015
2025-08-26 20:00:00,1756238413.0,0.0015
2025-08-26 21:00:00,1756242019.0,0.0015
2025-08-26 22:00:00,1756245617.0,0.0015
2025-08-26 23:00:00,1756249208.0,0.0015
2025-08-27 00:00:00,1756252813.0,0.0015
2025-08-27 01:00:00,1756256412.0,0.0015
2025-08-27 02:00:00,1756260012.0,0.0015
2025-08-27 03:00:00,1756263603.0,0.0015
2025-08-27 04:00:00,1756267209.0,0.0015
2025-08-27 05:00:00,1756270816.0,0.0015
2025-08-27 06:00:00,1756274415.0,0.0015
2025-08-27 07:00:00,1756278004.0,0.0015
2025-08-27 08:00:00,1756281612.0,0.0015
2025-08-27 09:00:00,1756285208.0,0.0015
2025-08-27 10:00:00,1756288818.0,0.0015
2025-08-27 11:00:00,1756292406.0,0.0015
2025-08-27 12:00:00,1756296024.0,0.0015
2025-08-27 13:00:00,1756299615.0,0.0015
2025-08-27 14:00:00,1756303211.0,0.0015
2025-08-27 15:00:00,1756306821.0,0.0015
2025-08-27 16:00:00,1756310420.0,0.0015
2025-08-27 17:00:00,1756314018.0,0.0015
2025-08-27 18:00:00,1756317621.0,0.0015
2025-08-27 19:00:00,1756321216.0,0.0015
2025-08-27 20:00:00,1756324817.0,0.0015
2025-08-27 21:00:00,1756328416.0,0.0015
2025-08-27 22:00:00,1756332005.0,0.0015
2025-08-27 23:00:00,1756335606.0,0.0015
2025-08-28 00:00:00,1756339209.0,0.0015
2025-08-28 01:00:00,1756342804.0,0.0015
2025-08-28 02:00:00,1756346404.0,0.0015
2025-08-28 03:00:00,1756350002.0,0.0015
2025-08-28 04:00:00,1756353607.0,0.0015
2025-08-28 05:00:00,1756357216.0,0.0015
2025-08-28 06:00:00,1756360809.0,0.0015
2025-08-28 07:00:00,1756364409.0,0.0015
2025-08-28 08:00:00,1756368003.0,0.0015
2025-08-28 09:00:00,1756371610.0,0.0015
2025-08-28 10:00:00,1756375209.0,0.0015
2025-08-28 11:00:00,1756378802.0,0.0015
2025-08-28 12:00:00,1756382414.0,0.0015
2025-08-28 13:00:00,1756386008.0,0.0015
2025-08-28 14:00:00,1756389612.0,0.0015
2025-08-28 15:00:00,1756393205.0,0.0015
2025-08-28 16:00:00,1756396807.0,0.0015
2025-08-28 17:00:00,1756400404.0,0.0015
2025-08-28 18:00:00,1756404020.0,0.0015
2025-08-28 19:00:00,1756407615.0,0.0015
2025-08-28 20:00:00,1756411206.0,0.0015
2025-08-28 21:00:00,1756414804.0,0.0015
2025-08-28 22:00:00,1756418410.0,0.0015
2025-08-28 23:00:00,1756422007.0,0.0015
2025-08-29 00:00:00,1756425605.0,0.0015
2025-08-29 01:00:00,1756429213.0,0.0015
2025-08-29 02:00:00,1756432806.0,0.0015
2025-08-29 03:00:00,1756436418.0,0.0015
2025-08-29 04:00:00,1756440014.0,0.0015
2025-08-29 05:00:00,1756443605.0,0.0015
2025-08-29 06:00:00,1756447210.0,0.0015
2025-08-29 07:00:00,1756450813.0,0.0015
2025-08-29 08:00:00,1756454418.0,0.0015
2025-08-29 09:00:00,1756458015.0,0.0015
2025-08-29 10:00:00,1756461618.0,0.0015
2025-08-29 11:00:00,1756465215.0,0.0015
2025-08-29 12:00:00,1756468824.0,0.0015
2025-08-29 13:00:00,1756472405.0,0.002
2025-08-29 14:00:00,1756476018.0,0.002
2025-08-29 15:00:00,1756479607.0,0.002
2025-08-29 16:00:00,1756483215.0,0.002
2025-08-29 17:00:00,1756486819.0,0.002
2025-08-29 18:00:00,1756490410.0,0.002
2025-08-29 19:00:00,1756494006.0,0.002
2025-08-29 20:00:00,1756497611.0,0.002
2025-08-29 21:00:00,1756501218.0,0.002
2025-08-29 22:00:00,1756504821.0,0.002
2025-08-29 23:00:00,1756508410.0,0.002
2025-08-30 00:00:00,1756512007.0,0.002
2025-08-30 01:00:00,1756515604.0,0.002
2025-08-30 02:00:00,1756519206.0,0.002
2025-08-30 03:00:00,1756522818.0,0.002
2025-08-30 04:00:00,1756526405.0,0.002
2025-08-30 05:00:00,1756530002.0,0.002
2025-08-30 06:00:00,1756533621.0,0.002
2025-08-30 07:00:00,1756537213.0,0.002
2025-08-30 08:00:00,1756540817.0,0.002
2025-08-30 09:00:00,1756544403.0,0.002
2025-08-30 10:00:00,1756548020.0,0.002
2025-08-30 11:00:00,1756551621.0,0.002
2025-08-30 12:00:00,1756555228.0,0.002
2025-08-30 13:00:00,1756558804.0,0.002
2025-08-30 14:00:00,1756562413.0,0.002
2025-08-30 15:00:00,1756566002.0,0.002
2025-08-30 16:00:00,1756569602.0,0.002
2025-08-30 17:00:00,1756573223.0,0.002
2025-08-30 18:00:00,1756576812.0,0.002
2025-08-30 19:00:00,1756580416.0,0.002
2025-08-30 20:00:00,1756584015.0,0.002
2025-08-30 21:00:00,1756587624.0,0.002
2025-08-30 22:00:00,1756591218.0,0.002
2025-08-30 23:00:00,1756594805.0,0.002
2025-08-31 00:00:00,1756598410.0,0.002
2025-08-31 01:00:00,1756602007.0,0.002
2025-08-31 02:00:00,1756605611.0,0.002
2025-08-31 03:00:00,1756609213.0,0.002
2025-08-31 04:00:00,1756612818.0,0.002
2025-08-31 05:00:00,1756616415.0,0.002
2025-08-31 06:00:00,1756620009.0,0.002
2025-08-31 07:00:00,1756623617.0,0.002
2025-08-31 08:00:00,1756627202.0,0.002
2025-08-31 09:00:00,1756630808.0,0.002
2025-08-31 10:00:00,1756634419.0,0.002
2025-08-31 11:00:00,1756638005.0,0.002
2025-08-31 12:00:00,1756641606.0,0.002
2025-08-31 13:00:00,1756645226.0,0.002
2025-08-31 14:00:00,1756648812.0,0.002
2025-08-31 15:00:00,1756652415.0,0.002
2025-08-31 16:00:00,1756656002.0,0.002
2025-08-31 17:00:00,1756659607.0,0.002
2025-08-31 18:00:00,1756663222.0,0.002
2025-08-31 19:00:00,1756666810.0,0.002
2025-08-31 20:00:00,1756670404.0,0.002
2025-08-31 21:00:00,1756674011.0,0.002
2025-08-31 22:00:00,1756677609.0,0.002
2025-08-31 23:00:00,1756681222.0,0.002
2025-09-01 00:00:00,1756684805.0,0.002
2025-09-01 01:00:00,1756688409.0,0.002
2025-09-01 02:00:00,1756692006.0,0.002
2025-09-01 03:00:00,1756695614.0,0.002
2025-09-01 04:00:00,1756699217.0,0.002
2025-09-01 05:00:00,1756702809.0,0.002
2025-09-01 06:00:00,1756706404.0,0.002
2025-09-01 07:00:00,1756710017.0,0.002
2025-09-01 08:00:00,1756713611.0,0.002
2025-09-01 09:00:00,1756717210.0,0.002
2025-09-01 10:00:00,1756720815.0,0.002
2025-09-01 11:00:00,1756724416.0,0.002
2025-09-01 12:00:00,1756728013.0,0.002
2025-09-01 13:00:00,1756731614.0,0.002
2025-09-01 14:00:00,1756735214.0,0.002
2025-09-01 15:00:00,1756738809.0,0.002
2025-09-01 16:00:00,1756742406.0,0.002
2025-09-01 17:00:00,1756746021.0,0.002
2025-09-01 18:00:00,1756749615.0,0.002
2025-09-01 19:00:00,1756753209.0,0.002
2025-09-01 20:00:00,1756756808.0,0.002
2025-09-01 21:00:00,1756760409.0,0.002
2025-09-01 22:00:00,1756764010.0,0.002
2025-09-01 23:00:00,1756767617.0,0.002
2025-09-02 00:00:00,1756771212.0,0.002
2025-09-02 01:00:00,1756774809.0,0.002
2025-09-02 02:00:00,1756778409.0,0.002
2025-09-02 03:00:00,1756782002.0,0.002
2025-09-02 04:00:00,1756785606.0,0.002
2025-09-02 05:00:00,1756789213.0,0.002
2025-09-02 06:00:00,1756792814.0,0.002
2025-09-02 07:00:00,1756796418.0,0.002
2025-09-02 08:00:00,1756800009.0,0.002
2025-09-02 09:00:00,1756803603.0,0.002
2025-09-02 10:00:00,1756807210.0,0.002
2025-09-02 11:00:00,1756810817.0,0.002
2025-09-02 12:00:00,1756814420.0,0.002
2025-09-02 13:00:00,1756818015.0,0.002
2025-09-02 14:00:00,1756821604.0,0.002
2025-09-02 15:00:00,1756825202.0,0.002
2025-09-02 16:00:00,1756828818.0,0.002
2025-09-02 17:00:00,1756832414.0,0.002
2025-09-02 18:00:00,1756836017.0,0.002
2025-09-02 19:00:00,1756839610.0,0.002
2025-09-02 20:00:00,1756843213.0,0.002
2025-09-02 21:00:00,1756846804.0,0.002
2025-09-02 22:00:00,1756850409.0,0.002
2025-09-02 23:00:00,1756854013.0,0.002
2025-09-03 00:00:00,1756857608.0,0.002
2025-09-03 01:00:00,1756861206.0,0.002
2025-09-03 02:00:00,1756864812.0,0.002
2025-09-03 03:00:00,1756868414.0,0.002
2025-09-03 04:00:00,1756872015.0,0.002
2025-09-03 05:00:00,1756875613.0,0.002
2025-09-03 06:00:00,1756879211.0,0.002
2025-09-03 07:00:00,1756882812.0,0.002
2025-09-03 08:00:00,1756886415.0,0.002
2025-09-03 09:00:00,1756890011.0,0.002
2025-09-03 10:00:00,1756893610.0,0.002
2025-09-03 11:00:00,1756897207.0,0.002
2025-09-03 12:00:00,1756900819.0,0.002
2025-09-03 13:00:00,1756904411.0,0.002
2025-09-03 14:00:00,1756908008.0,0.002
2025-09-03 15:00:00,1756911616.0,0.002
2025-09-03 16:00:00,1756915214.0,0.002
2025-09-03 17:00:00,1756918822.0,0.002
2025-09-03 18:00:00,1756922414.0,0.002
2025-09-03 19:00:00,1756926010.0,0.002
2025-09-03 20:00:00,1756929620.0,0.002
2025-09-03 21:00:00,1756933218.0,0.002
2025-09-03 22:00:00,1756936803.0,0.002
2025-09-03 23:00:00,1756940406.0,0.002
2025-09-04 00:00:00,1756944008.0,0.002
2025-09-04 01:00:00,1756947609.0,0.002
2025-09-04 02:00:00,1756951213.0,0.002
2025-09-04 03:00:00,1756954806.0,0.002
2025-09-04 04:00:00,1756958405.0,0.002
2025-09-04 05:00:00,1756962004.0,0.002
2025-09-04 06:00:00,1756965625.0,0.002
2025-09-04 07:00:00,1756969203.0,0.002
2025-09-04 08:00:00,1756972804.0,0.002
2025-09-04 09:00:00,1756976412.0,0.002
2025-09-04 10:00:00,1756980002.0,0.002
2025-09-04 11:00:00,1756983622.0,0.002
2025-09-04 12:00:00,1756987208.0,0.002
2025-09-04 13:00:00,1756990816.0,0.002
2025-09-04 14:00:00,1756994422.0,0.002
2025-09-04 15:00:00,1756998023.0,0.002
2025-09-04 16:00:00,1757001604.0,0.002
2025-09-04 17:00:00,1757005213.0,0.002
2025-09-04 18:00:00,1757008818.0,0.002
2025-09-04 19:00:00,1757012403.0,0.002
2025-09-04 20:00:00,1757016005.0,0.002
2025-09-04 21:00:00,1757019612.0,0.002
2025-09-04 22:00:00,1757023221.0,0.002
2025-09-04 23:00:00,1757026804.0,0.002
2025-09-05 00:00:00,1757030410.0,0.002
2025-09-05 01:00:00,1757034002.0,0.002
2025-09-05 02:00:00,1757037605.0,0.002
2025-09-05 03:00:00,1757041217.0,0.002
2025-09-05 04:00:00,1757044811.0,0.002
2025-09-05 05:00:00,1757048421.0,0.002
2025-09-05 06:00:00,1757052009.0,0.002
2025-09-05 07:00:00,1757055616.0,0.002
2025-09-05 08:00:00,1757059204.0,0.002
2025-09-05 09:00:00,1757062823.0,0.002
2025-09-05 10:00:00,1757066411.0,0.002
2025-09-05 11:00:00,1757070002.0,0.002
2025-09-05 12:00:00,1757073606.0,0.002
2025-09-05 13:00:00,1757077204.0,0.002
2025-09-05 14:00:00,1757080817.0,0.002
2025-09-05 15:00:00,1757084422.0,0.002
2025-09-05 16:00:00,1757088008.0,0.002
2025-09-05 17:00:00,1757091617.0,0.002
2025-09-05 18:00:00,1757095221.0,0.002
2025-09-05 19:00:00,1757098804.0,0.002
2025-09-05 20:00:00,1757102415.0,0.002
2025-09-05 21:00:00,1757106007.0,0.002
2025-09-05 22:00:00,1757109610.0,0.002
2025-09-05 23:00:00,1757113220.0,0.002
2025-09-06 00:00:00,1757116817.0,0.002
2025-09-06 01:00:00,1757120413.0,0.002
2025-09-06 02:00:00,1757124018.0,0.002
2025-09-06 03:00:00,1757127615.0,0.002
2025-09-06 04:00:00,1757131202.0,0.002
2025-09-06 05:00:00,1757134816.0,0.002
2025-09-06 06:00:00,1757138404.0,0.002
2025-09-06 07:00:00,1757142013.0,0.002
2025-09-06 08:00:00,1757145607.0,0.002
2025-09-06 09:00:00,1757149223.0,0.002
2025-09-06 10:00:00,1757152823.0,0.002
2025-09-06 11:00:00,1757156411.0,0.002
2025-09-06 12:00:00,1757160015.0,0.002
2025-09-06 13:00:00,1757163609.0,0.002
2025-09-06 14:00:00,1757167221.0,0.002
2025-09-06 15:00:00,1757170816.0,0.002
2025-09-06 16:00:00,1757174407.0,0.002
2025-09-06 17:00:00,1757178013.0,0.002
2025-09-06 18:00:00,1757181613.0,0.002
2025-09-06 19:00:00,1757185220.0,0.002
2025-09-06 20:00:00,1757188802.0,0.002
2025-09-06 21:00:00,1757192404.0,0.002
2025-09-06 22:00:00,1757196010.0,0.002
2025-09-06 23:00:00,1757199616.0,0.002
2025-09-07 00:00:00,1757203208.0,0.002
2025-09-07 01:00:00,1757206811.0,0.002
2025-09-07 02:00:00,1757210414.0,0.002
2025-09-07 03:00:00,1757214003.0,0.002
2025-09-07 04:00:00,1757217621.0,0.002
2025-09-07 05:00:00,1757221210.0,0.002
2025-09-07 06:00:00,1757224816.0,0.002
2025-09-07 07:00:00,1757228405.0,0.002
2025-09-07 08:00:00,1757232004.0,0.002
2025-09-07 09:00:00,1757235626.0,0.002
2025-09-07 10:00:00,1757239215.0,0.002
2025-09-07 11:00:00,1757242805.0,0.002
2025-09-07 12:00:00,1757246432.0,0.002
2025-09-07 13:00:00,1757250020.0,0.002
2025-09-07 14:00:00,1757253602.0,0.002
2025-09-07 15:00:00,1757257206.0,0.002
2025-09-07 16:00:00,1757260803.0,0.002
2025-09-07 17:00:00,1757264414.0,0.002
2025-09-07 18:00:00,1757268018.0,0.002
2025-09-07 19:00:00,1757271607.0,0.002
2025-09-07 20:00:00,1757275203.0,0.002
2025-09-07 21:00:00,1757278802.0,0.002
2025-09-07 22:00:00,1757282417.0,0.002
2025-09-07 23:00:00,1757286006.0,0.002
2025-09-08 00:00:00,1757289615.0,0.002
2025-09-08 01:00:00,1757293216.0,0.002
2025-09-08 02:00:00,1757296805.0,0.002
2025-09-08 03:00:00,1757300417.0,0.002
2025-09-08 04:00:00,1757304015.0,0.002
2025-09-08 05:00:00,1757307620.0,0.002
2025-09-08 06:00:00,1757311216.0,0.002
2025-09-08 07:00:00,1757314817.0,0.002
2025-09-08 08:00:00,1757318413.0,0.002
2025-09-08 09:00:00,1757322028.0,0.002
2025-09-08 10:00:00,1757325619.0,0.002
2025-09-08 11:00:00,1757329205.0,0.002
2025-09-08 12:00:00,1757332805.0,0.002
2025-09-08 13:00:00,1757336413.0,0.002
2025-09-08 14:00:00,1757340007.0,0.002
2025-09-08 15:00:00,1757343622.0,0.002
2025-09-08 16:00:00,1757347215.0,0.002
2025-09-08 17:00:00,1757350818.0,0.002
2025-09-08 18:00:00,1757354420.0,0.002
2025-09-08 19:00:00,1757358017.0,0.002
2025-09-08 20:00:00,1757361611.0,0.002
2025-09-08 21:00:00,1757365209.0,0.002
2025-09-08 22:00:00,1757368804.0,0.002
2025-09-08 23:00:00,1757372408.0,0.002
2025-09-09 00:00:00,1757376016.0,0.002
2025-09-09 01:00:00,1757379609.0,0.002
2025-09-09 02:00:00,1757383207.0,0.002
2025-09-09 03:00:00,1757386818.0,0.002
2025-09-09 04:00:00,1757390410.0,0.002
2025-09-09 05:00:00,1757394012.0,0.002
2025-09-09 06:00:00,1757397602.0,0.002
2025-09-09 07:00:00,1757401208.0,0.002
2025-09-09 08:00:00,1757404809.0,0.002
2025-09-09 09:00:00,1757408423.0,0.002
2025-09-09 10:00:00,1757412015.0,0.002
2025-09-09 11:00:00,1757415612.0,0.002
2025-09-09 12:00:00,1757419220.0,0.002
2025-09-09 13:00:00,1757422808.0,0.002
2025-09-09 14:00:00,1757426410.0,0.002
2025-09-09 15:00:00,1757430004.0,0.002
2025-09-09 16:00:00,1757433622.0,0.002
2025-09-09 17:00:00,1757437219.0,0.002
2025-09-09 18:00:00,1757440807.0,0.002
2025-09-09 19:00:00,1757444410.0,0.002
2025-09-09 20:00:00,1757448004.0,0.002
2025-09-09 21:00:00,1757451622.0,0.002
2025-09-09 22:00:00,1757455214.0,0.002
2025-09-09 23:00:00,1757458817.0,0.002
2025-09-10 00:00:00,1757462406.0,0.002
2025-09-10 01:00:00,1757466012.0,0.002
2025-09-10 02:00:00,1757469604.0,0.002
2025-09-10 03:00:00,1757473216.0,0.002
2025-09-10 04:00:00,1757476804.0,0.002
2025-09-10 05:00:00,1757480408.0,0.002
2025-09-10 06:00:00,1757484022.0,0.002
2025-09-10 07:00:00,1757487613.0,0.002
2025-09-10 08:00:00,1757491206.0,0.002
2025-09-10 09:00:00,1757494812.0,0.002
2025-09-10 10:00:00,1757498412.0,0.002
2025-09-10 11:00:00,1757502014.0,0.002
2025-09-10 12:00:00,1757505612.0,0.002
2025-09-10 13:00:00,1757509211.0,0.002
2025-09-10 14:00:00,1757512813.0,0.002
2025-09-10 15:00:00,1757516414.0,0.002
2025-09-10 16:00:00,1757520005.0,0.002
2025-09-10 17:00:00,1757523613.0,0.002
2025-09-10 18:00:00,1757527227.0,0.002
2025-09-10 19:00:00,1757530808.0,0.002
2025-09-10 20:00:00,1757534411.0,0.002
2025-09-10 21:00:00,1757538004.0,0.002
2025-09-10 22:00:00,1757541612.0,0.002
2025-09-10 23:00:00,1757545214.0,0.002
2025-09-11 00:00:00,1757548807.0,0.002
2025-09-11 01:00:00,1757552411.0,0.002
2025-09-11 02:00:00,1757556013.0,0.002
2025-09-11 03:00:00,1757559612.0,0.0015
2025-09-11 04:00:00,1757563212.0,0.0015
2025-09-11 05:00:00,1757566806.0,0.0015
2025-09-11 06:00:00,1757570424.0,0.0015
2025-09-11 07:00:00,1757574009.0,0.0015
2025-09-11 08:00:00,1757577615.0,0.0015
2025-09-11 09:00:00,1757581212.0,0.0015
2025-09-11 10:00:00,1757584819.0,0.0015
2025-09-11 11:00:00,1757588422.0,0.0015
2025-09-11 12:00:00,1757592002.0,0.0015
2025-09-11 13:00:00,1757595606.0,0.0015
2025-09-11 14:00:00,1757599209.0,0.0015
2025-09-11 15:00:00,1757602802.0,0.0015
2025-09-11 16:00:00,1757606406.0,0.0015
2025-09-11 17:00:00,1757610021.0,0.0015
2025-09-11 18:00:00,1757613612.0,0.0015
2025-09-11 19:00:00,1757617204.0,0.0015
2025-09-11 20:00:00,1757620814.0,0.0015
2025-09-11 21:00:00,1757624420.0,0.0015
2025-09-11 22:00:00,1757628006.0,0.0015
2025-09-11 23:00:00,1757631618.0,0.0015
2025-09-12 00:00:00,1757635221.0,0.0015
2025-09-12 01:00:00,1757638807.0,0.0015
2025-09-12 02:00:00,1757642414.0,0.0015
2025-09-12 03:00:00,1757646022.0,0.0015
2025-09-12 04:00:00,1757649607.0,0.0015
2025-09-12 05:00:00,1757653203.0,0.0015
2025-09-12 06:00:00,1757656822.0,0.0015
2025-09-12 07:00:00,1757660424.0,0.0015
2025-09-12 08:00:00,1757664004.0,0.0015
2025-09-12 09:00:00,1757667604.0,0.0015
2025-09-12 10:00:00,1757671224.0,0.0015
2025-09-12 11:00:00,1757674811.0,0.0015
2025-09-12 12:00:00,1757678406.0,0.0015
2025-09-12 13:00:00,1757682013.0,0.0015
2025-09-12 14:00:00,1757685619.0,0.0015
2025-09-12 15:00:00,1757689208.0,0.0015
2025-09-12 16:00:00,1757692807.0,0.0015
2025-09-12 17:00:00,1757696406.0,0.0015
2025-09-12 18:00:00,1757700025.0,0.0015
2025-09-12 19:00:00,1757703606.0,0.0015
2025-09-12 20:00:00,1757707209.0,0.0015
2025-09-12 21:00:00,1757710823.0,0.0015
2025-09-12 22:00:00,1757714409.0,0.0015
2025-09-12 23:00:00,1757718002.0,0.0015
2025-09-13 00:00:00,1757721612.0,0.0015
2025-09-13 01:00:00,1757725204.0,0.0015
2025-09-13 02:00:00,1757728803.0,0.0015
2025-09-13 03:00:00,1757732403.0,0.0015
2025-09-13 04:00:00,1757736016.0,0.0015
2025-09-13 05:00:00,1757739620.0,0.0015
2025-09-13 06:00:00,1757743219.0,0.0015
2025-09-13 07:00:00,1757746807.0,0.0015
2025-09-13 08:00:00,1757750416.0,0.0015
2025-09-13 09:00:00,1757754020.0,0.0015
2025-09-13 10:00:00,1757757624.0,0.0015
2025-09-13 11:00:00,1757761207.0,0.0015
2025-09-13 12:00:00,1757764803.0,0.0015
2025-09-13 13:00:00,1757768405.0,0.0015
2025-09-13 14:00:00,1757772013.0,0.0015
2025-09-13 15:00:00,1757775609.0,0.0015
2025-09-13 16:00:00,1757779217.0,0.0015
2025-09-13 17:00:00,1757782820.0,0.0015
2025-09-13 18:00:00,1757786423.0,0.0015
2025-09-13 19:00:00,1757790009.0,0.0015
2025-09-13 20:00:00,1757793606.0,0.0015
2025-09-13 21:00:00,1757797214.0,0.0015
2025-09-13 22:00:00,1757800811.0,0.0015
2025-09-13 23:00:00,1757804413.0,0.0015
2025-09-14 00:00:00,1757808010.0,0.0015
2025-09-14 01:00:00,1757811616.0,0.0015
2025-09-14 02:00:00,1757815206.0,0.0015
2025-09-14 03:00:00,1757818816.0,0.0015
2025-09-14 04:00:00,1757822413.0,0.0015
2025-09-14 05:00:00,1757826015.0,0.0015
2025-09-14 06:00:00,1757829610.0,0.0015
2025-09-14 07:00:00,1757833214.0,0.0015
2025-09-14 08:00:00,1757836803.0,0.0015
2025-09-14 09:00:00,1757840423.0,0.0015
2025-09-14 10:00:00,1757844007.0,0.0015
2025-09-14 11:00:00,1757847617.0,0.0015
2025-09-14 12:00:00,1757851230.0,0.0015
2025-09-14 13:00:00,1757854803.0,0.0015
2025-09-14 14:00:00,1757858414.0,0.0015
2025-09-14 15:00:00,1757862010.0,0.0015
2025-09-14 16:00:00,1757865616.0,0.0015
2025-09-14 17:00:00,1757869214.0,0.0015
2025-09-14 18:00:00,1757872820.0,0.0015
2025-09-14 19:00:00,1757876405.0,0.0015
2025-09-14 20:00:00,1757880004.0,0.0015
2025-09-14 21:00:00,1757883618.0,0.0015
2025-09-14 22:00:00,1757887221.0,0.0015
2025-09-14 23:00:00,1757890811.0,0.0015
2025-09-15 00:00:00,1757894403.0,0.0015
2025-09-15 01:00:00,1757898004.0,0.0015
2025-09-15 02:00:00,1757901608.0,0.0015
2025-09-15 03:00:00,1757905228.0,0.0015
2025-09-15 04:00:00,1757908806.0,0.0015
2025-09-15 05:00:00,1757912405.0,0.0015
2025-09-15 06:00:00,1757916008.0,0.0015
2025-09-15 07:00:00,1757919609.0,0.0015
2025-09-15 08:00:00,1757923212.0,0.0015
2025-09-15 09:00:00,1757926825.0,0.0015
2025-09-15 10:00:00,1757930405.0,0.0015
2025-09-15 11:00:00,1757934020.0,0.0015
2025-09-15 12:00:00,1757937607.0,0.0015
2025-09-15 13:00:00,1757941209.0,0.0015
2025-09-15 14:00:00,1757944810.0,0.0015
2025-09-15 15:00:00,1757948419.0,0.0015
2025-09-15 16:00:00,1757952012.0,0.0015
2025-09-15 17:00:00,1757955612.0,0.0015
2025-09-15 18:00:00,1757959204.0,0.0015
2025-09-15 19:00:00,1757962806.0,0.0015
2025-09-15 20:00:00,1757966418.0,0.0015
2025-09-15 21:00:00,1757970020.0,0.0015
2025-09-15 22:00:00,1757973605.0,0.0015
2025-09-15 23:00:00,1757977220.0,0.0015
2025-09-16 00:00:00,1757980813.0,0.0015
2025-09-16 01:00:00,1757984412.0,0.0015
2025-09-16 02:00:00,1757988018.0,0.0015
2025-09-16 03:00:00,1757991626.0,0.0015
2025-09-16 04:00:00,1757995204.0,0.0015
2025-09-16 05:00:00,1757998823.0,0.0015
2025-09-16 06:00:00,1758002421.0,0.0015
2025-09-16 07:00:00,1758006005.0,0.0015
2025-09-16 08:00:00,1758009604.0,0.0015
2025-09-16 09:00:00,1758013226.0,0.0015
2025-09-16 10:00:00,1758016813.0,0.0015
2025-09-16 11:00:00,1758020414.0,0.0015
2025-09-16 12:00:00,1758024014.0,0.0015
2025-09-16 13:00:00,1758027612.0,0.0015
2025-09-16 14:00:00,1758031210.0,0.0015
2025-09-16 15:00:00,1758034813.0,0.0015
2025-09-16 16:00:00,1758038417.0,0.0015
2025-09-16 17:00:00,1758042014.0,0.0015
2025-09-16 18:00:00,1758045607.0,0.0015
2025-09-16 19:00:00,1758049219.0,0.0015
2025-09-16 20:00:00,1758052828.0,0.0015
2025-09-16 21:00:00,1758056412.0,0.0015
2025-09-16 22:00:00,1758060005.0,0.0015
2025-09-16 23:00:00,1758063605.0,0.0015
2025-09-17 00:00:00,1758067211.0,0.0015
2025-09-17 01:00:00,1758070805.0,0.0015
2025-09-17 02:00:00,1758074417.0,0.0015
2025-09-17 03:00:00,1758078013.0,0.0015
2025-09-17 04:00:00,1758081611.0,0.0015
2025-09-17 05:00:00,1758085202.0,0.0015
2025-09-17 06:00:00,1758088817.0,0.0015
2025-09-17 07:00:00,1758092404.0,0.0015
2025-09-17 08:00:00,1758096020.0,0.0015
2025-09-17 09:00:00,1758099607.0,0.0015
2025-09-17 10:00:00,1758103221.0,0.0015
2025-09-17 11:00:00,1758106814.0,0.0015
2025-09-17 12:00:00,1758110428.0,0.0015
2025-09-17 13:00:00,1758114021.0,0.0015
2025-09-17 14:00:00,1758117606.0,0.0015
2025-09-17 15:00:00,1758121202.0,0.0015
2025-09-17 16:00:00,1758124808.0,0.0015
2025-09-17 17:00:00,1758128422.0,0.0015
2025-09-17 18:00:00,1758132249.0,0.0015
2025-09-17 19:00:00,1758135609.0,0.0015
2025-09-17 20:00:00,1758139217.0,0.0015
2025-09-17 21:00:00,1758142824.0,0.0015
2025-09-17 22:00:00,1758146417.0,0.0015
2025-09-17 23:00:00,1758150014.0,0.0015
2025-09-18 00:00:00,1758153611.0,0.0015
2025-09-18 01:00:00,1758157209.0,0.0015
2025-09-18 02:00:00,1758160819.0,0.0015
2025-09-18 03:00:00,1758164404.0,0.0015
2025-09-18 04:00:00,1758168010.0,0.0015
2025-09-18 05:00:00,1758171605.0,0.0015
2025-09-18 06:00:00,1758175207.0,0.0015
2025-09-18 07:00:00,1758178807.0,0.0015
2025-09-18 08:00:00,1758182418.0,0.0015
2025-09-18 09:00:00,1758186014.0,0.0015
2025-09-18 10:00:00,1758189615.0,0.0015
2025-09-18 11:00:00,1758193203.0,0.0015
2025-09-18 12:00:00,1758196802.0,0.0015
2025-09-18 13:00:00,1758200408.0,0.0015
2025-09-18 14:00:00,1758204006.0,0.0015
2025-09-18 15:00:00,1758207612.0,0.0015
2025-09-18 16:00:00,1758211216.0,0.0015
2025-09-18 17:00:00,1758214803.0,0.0015
2025-09-18 18:00:00,1758218404.0,0.0015
2025-09-18 19:00:00,1758222012.0,0.0015
2025-09-18 20:00:00,1758225618.0,0.0015
2025-09-18 21:00:00,1758229204.0,0.0015
2025-09-18 22:00:00,1758232803.0,0.0015
2025-09-18 23:00:00,1758236411.0,0.0015
2025-09-19 00:00:00,1758240017.0,0.0015
2025-09-19 01:00:00,1758243611.0,0.0015
2025-09-19 02:00:00,1758247204.0,0.0015
2025-09-19 03:00:00,1758250812.0,0.0015
2025-09-19 04:00:00,1758254413.0,0.0015
2025-09-19 05:00:00,1758258013.0,0.0015
2025-09-19 06:00:00,1758261615.0,0.0015
2025-09-19 07:00:00,1758265206.0,0.0015
2025-09-19 08:00:00,1758268815.0,0.0015
2025-09-19 09:00:00,1758272431.0,0.0015
2025-09-19 10:00:00,1758276012.0,0.0015
2025-09-19 11:00:00,1758279617.0,0.0015
2025-09-19 12:00:00,1758283235.0,0.0015
2025-09-19 13:00:00,1758286811.0,0.0015
2025-09-19 14:00:00,1758290416.0,0.0015
2025-09-19 15:00:00,1758294004.0,0.0015
2025-09-19 16:00:00,1758297613.0,0.0015
2025-09-19 17:00:00,1758301204.0,0.0015
2025-09-19 18:00:00,1758304810.0,0.0015
2025-09-19 19:00:00,1758308413.0,0.0015
2025-09-19 20:00:00,1758312019.0,0.0015
2025-09-19 21:00:00,1758315607.0,0.0015
2025-09-19 22:00:00,1758319222.0,0.0015
2025-09-19 23:00:00,1758322811.0,0.0015
2025-09-20 00:00:00,1758326418.0,0.0015
2025-09-20 01:00:00,1758330004.0,0.0015
2025-09-20 02:00:00,1758333614.0,0.0015
2025-09-20 03:00:00,1758337222.0,0.0015
2025-09-20 04:00:00,1758340804.0,0.0015
2025-09-20 05:00:00,1758344417.0,0.0015
2025-09-20 06:00:00,1758348013.0,0.0015
2025-09-20 07:00:00,1758351617.0,0.0015
2025-09-20 08:00:00,1758355220.0,0.0015
2025-09-20 09:00:00,1758358804.0,0.0015
2025-09-20 10:00:00,1758362425.0,0.0015
2025-09-20 11:00:00,1758366010.0,0.0015
2025-09-20 12:00:00,1758369633.0,0.0015
2025-09-20 13:00:00,1758373216.0,0.0015
2025-09-20 14:00:00,1758376816.0,0.0015
2025-09-20 15:00:00,1758380404.0,0.0015
2025-09-20 16:00:00,1758384004.0,0.0015
2025-09-20 17:00:00,1758387604.0,0.0015
2025-09-20 18:00:00,1758391215.0,0.0015
2025-09-20 19:00:00,1758394812.0,0.0015
2025-09-20 20:00:00,1758398422.0,0.0015
2025-09-20 21:00:00,1758402023.0,0.0015
2025-09-20 22:00:00,1758405622.0,0.0015
2025-09-20 23:00:00,1758409203.0,0.0015
2025-09-21 00:00:00,1758412808.0,0.0015
2025-09-21 01:00:00,1758416406.0,0.0015
2025-09-21 02:00:00,1758420012.0,0.0015
2025-09-21 03:00:00,1758423613.0,0.0015
2025-09-21 04:00:00,1758427210.0,0.0015
2025-09-21 05:00:00,1758430809.0,0.0015
2025-09-21 06:00:00,1758434402.0,0.0015
2025-09-21 07:00:00,1758438020.0,0.0015
2025-09-21 08:00:00,1758441620.0,0.0015
2025-09-21 09:00:00,1758445222.0,0.0015
2025-09-21 10:00:00,1758448822.0,0.0015
2025-09-21 11:00:00,1758452420.0,0.0015
2025-09-21 12:00:00,1758456014.0,0.0015
2025-09-21 13:00:00,1758459605.0,0.0015
2025-09-21 14:00:00,1758463217.0,0.0015
2025-09-21 15:00:00,1758466813.0,0.0015
2025-09-21 16:00:00,1758470419.0,0.0015
2025-09-21 17:00:00,1758474008.0,0.0015
2025-09-21 18:00:00,1758477618.0,0.0015
2025-09-21 19:00:00,1758481220.0,0.0015
2025-09-21 20:00:00,1758484817.0,0.0015
2025-09-21 21:00:00,1758488419.0,0.0015
2025-09-21 22:00:00,1758492020.0,0.0015
2025-09-21 23:00:00,1758495616.0,0.0015
2025-09-22 00:00:00,1758499211.0,0.0015
2025-09-22 01:00:00,1758502815.0,0.0015
2025-09-22 02:00:00,1758506413.0,0.0015
2025-09-22 03:00:00,1758510008.0,0.0015
2025-09-22 04:00:00,1758513615.0,0.0015
2025-09-22 05:00:00,1758517204.0,0.0015
2025-09-22 06:00:00,1758520815.0,0.0015
2025-09-22 07:00:00,1758524416.0,0.0015
2025-09-22 08:00:00,1758528008.0,0.0015
2025-09-22 09:00:00,1758531622.0,0.0015
2025-09-22 10:00:00,1758535204.0,0.0015
2025-09-22 11:00:00,1758538807.0,0.0015
2025-09-22 12:00:00,1758542410.0,0.0015
2025-09-22 13:00:00,1758546017.0,0.0015
2025-09-22 14:00:00,1758549602.0,0.0015
2025-09-22 15:00:00,1758553217.0,0.0015
2025-09-22 16:00:00,1758556808.0,0.0015
2025-09-22 17:00:00,1758560422.0,0.0015
2025-09-22 18:00:00,1758564018.0,0.0015
2025-09-22 19:00:00,1758567622.0,0.0015
2025-09-22 20:00:00,1758571210.0,0.0015
2025-09-22 21:00:00,1758574806.0,0.0015
2025-09-22 22:00:00,1758578402.0,0.0015
2025-09-22 23:00:00,1758582010.0,0.0015
2025-09-23 00:00:00,1758585607.0,0.0015
2025-09-23 01:00:00,1758589207.0,0.0015
2025-09-23 02:00:00,1758592809.0,0.0015
2025-09-23 03:00:00,1758596419.0,0.0015
2025-09-23 04:00:00,1758600006.0,0.0015
2025-09-23 05:00:00,1758603616.0,0.0015
2025-09-23 06:00:00,1758607215.0,0.0015
2025-09-23 07:00:00,1758610802.0,0.0015
2025-09-23 08:00:00,1758614407.0,0.0015
2025-09-23 09:00:00,1758618016.0,0.0015
2025-09-23 10:00:00,1758621617.0,0.0015
2025-09-23 11:00:00,1758625215.0,0.0015
2025-09-23 12:00:00,1758628827.0,0.0015
2025-09-23 13:00:00,1758632410.0,0.0015
2025-09-23 14:00:00,1758636021.0,0.0015
2025-09-23 15:00:00,1758639620.0,0.0015
2025-09-23 16:00:00,1758643211.0,0.0015
2025-09-23 17:00:00,1758646806.0,0.0015
2025-09-23 18:00:00,1758650414.0,0.0015
2025-09-23 19:00:00,1758654004.0,0.0015
2025-09-23 20:00:00,1758657619.0,0.0015
2025-09-23 21:00:00,1758661203.0,0.0015
2025-09-23 22:00:00,1758664808.0,0.0015
2025-09-23 23:00:00,1758668418.0,0.0015
2025-09-24 00:00:00,1758672016.0,0.0015
2025-09-24 01:00:00,1758675602.0,0.0015
2025-09-24 02:00:00,1758679217.0,0.0015
2025-09-24 03:00:00,1758682811.0,0.0015
2025-09-24 04:00:00,1758686404.0,0.0015
2025-09-24 05:00:00,1758690009.0,0.0015
2025-09-24 06:00:00,1758693621.0,0.0015
2025-09-24 07:00:00,1758697222.0,0.0015
2025-09-24 08:00:00,1758700807.0,0.0015
2025-09-24 09:00:00,1758704424.0,0.0015
2025-09-24 10:00:00,1758708003.0,0.0015
2025-09-24 11:00:00,1758711604.0,0.0015
2025-09-24 12:00:00,1758715209.0,0.0015
2025-09-24 13:00:00,1758718804.0,0.0015
2025-09-24 14:00:00,1758722412.0,0.0015
2025-09-24 15:00:00,1758726013.0,0.0015
2025-09-24 16:00:00,1758729609.0,0.0015
2025-09-24 17:00:00,1758733210.0,0.0015
2025-09-24 18:00:00,1758736811.0,0.0015
2025-09-24 19:00:00,1758740402.0,0.0015
2025-09-24 20:00:00,1758744009.0,0.0015
2025-09-24 21:00:00,1758747610.0,0.0015
2025-09-24 22:00:00,1758751210.0,0.0015
2025-09-24 23:00:00,1758754804.0,0.0015
2025-09-25 00:00:00,1758758404.0,0.0015
2025-09-25 01:00:00,1758762004.0,0.0015
2025-09-25 02:00:00,1758765603.0,0.0015
2025-09-25 03:00:00,1758769214.0,0.0015
2025-09-25 04:00:00,1758772806.0,0.0015
2025-09-25 05:00:00,1758776412.0,0.0015
2025-09-25 06:00:00,1758780006.0,0.0015
2025-09-25 07:00:00,1758783604.0,0.0015
2025-09-25 08:00:00,1758787212.0,0.0015
2025-09-25 09:00:00,1758790805.0,0.0015
2025-09-25 10:00:00,1758794405.0,0.0015
2025-09-25 11:00:00,1758798013.0,0.0015
2025-09-25 12:00:00,1758801613.0,0.0015
2025-09-25 13:00:00,1758805203.0,0.0015
2025-09-25 14:00:00,1758808804.0,0.0015
2025-09-25 15:00:00,1758812412.0,0.0015
2025-09-25 16:00:00,1758816008.0,0.0015
2025-09-25 17:00:00,1758819602.0,0.0015
2025-09-25 18:00:00,1758823216.0,0.0015
2025-09-25 19:00:00,1758826809.0,0.0015
2025-09-25 20:00:00,1758830407.0,0.0015
2025-09-25 21:00:00,1758834003.0,0.0015
2025-09-25 22:00:00,1758837606.0,0.0015
2025-09-25 23:00:00,1758841213.0,0.0015
2025-09-26 00:00:00,1758844809.0,0.0015
2025-09-26 01:00:00,1758848408.0,0.0015
2025-09-26 02:00:00,1758852009.0,0.0015
2025-09-26 03:00:00,1758855613.0,0.0015
2025-09-26 04:00:00,1758859207.0,0.0015
2025-09-26 05:00:00,1758862807.0,0.0015
2025-09-26 06:00:00,1758866412.0,0.0015
2025-09-26 07:00:00,1758870003.0,0.0015
2025-09-26 08:00:00,1758873612.0,0.0015
2025-09-26 09:00:00,1758877214.0,0.0015
2025-09-26 10:00:00,1758880806.0,0.0015
2025-09-26 11:00:00,1758884411.0,0.0015
2025-09-26 12:00:00,1758888018.0,0.0015
2025-09-26 13:00:00,1758891606.0,0.0015
2025-09-26 14:00:00,1758895203.0,0.0015
2025-09-26 15:00:00,1758898803.0,0.0015
2025-09-26 16:00:00,1758902414.0,0.0015
2025-09-26 17:00:00,1758906014.0,0.0015
2025-09-26 18:00:00,1758909604.0,0.0015
2025-09-26 19:00:00,1758913211.0,0.0015
2025-09-26 20:00:00,1758916806.0,0.0015
2025-09-26 21:00:00,1758920406.0,0.0015
2025-09-26 22:00:00,1758924015.0,0.0015
2025-09-26 23:00:00,1758927602.0,0.0015
2025-09-27 00:00:00,1758931210.0,0.0015
2025-09-27 01:00:00,1758934809.0,0.0015
2025-09-27 02:00:00,1758938408.0,0.0015
2025-09-27 03:00:00,1758942004.0,0.0015
2025-09-27 04:00:00,1758945613.0,0.0015
2025-09-27 05:00:00,1758949212.0,0.0015
2025-09-27 06:00:00,1758952812.0,0.0015
2025-09-27 07:00:00,1758956408.0,0.0015
2025-09-27 08:00:00,1758960006.0,0.0015
2025-09-27 09:00:00,1758963608.0,0.0015
2025-09-27 10:00:00,1758967216.0,0.0015
2025-09-27 11:00:00,1758970806.0,0.0015
2025-09-27 12:00:00,1758974413.0,0.0015
2025-09-27 13:00:00,1758978004.0,0.0015
2025-09-27 14:00:00,1758981615.0,0.0015
2025-09-27 15:00:00,1758985217.0,0.0015
2025-09-27 16:00:00,1758988803.0,0.0015
2025-09-27 17:00:00,1758992408.0,0.0015
2025-09-27 18:00:00,1758996015.0,0.0015
2025-09-27 19:00:00,1758999606.0,0.0015
2025-09-27 20:00:00,1759003206.0,0.0015
2025-09-27 21:00:00,1759006803.0,0.0015
2025-09-27 22:00:00,1759010408.0,0.0015
2025-09-27 23:00:00,1759014005.0,0.0015
2025-09-28 00:00:00,1759017612.0,0.0015
2025-09-28 01:00:00,1759021213.0,0.0015
2025-09-28 02:00:00,1759024811.0,0.0015
2025-09-28 03:00:00,1759028411.0,0.0015
2025-09-28 04:00:00,1759032003.0,0.0015
2025-09-28 05:00:00,1759035614.0,0.0015
2025-09-28 06:00:00,1759039216.0,0.0015
2025-09-28 07:00:00,1759042813.0,0.0015
2025-09-28 08:00:00,1759046407.0,0.0015
2025-09-28 09:00:00,1759050002.0,0.0015
2025-09-28 10:00:00,1759053609.0,0.0015
2025-09-28 11:00:00,1759057206.0,0.0015
2025-09-28 12:00:00,1759060820.0,0.0015
2025-09-28 13:00:00,1759064414.0,0.0015
2025-09-28 14:00:00,1759068011.0,0.0015
2025-09-28 15:00:00,1759071611.0,0.0015
2025-09-28 16:00:00,1759075205.0,0.0015
2025-09-28 17:00:00,1759078805.0,0.0015
2025-09-28 18:00:00,1759082405.0,0.0015
2025-09-28 19:00:00,1759086003.0,0.0015
2025-09-28 20:00:00,1759089607.0,0.0015
2025-09-28 21:00:00,1759093211.0,0.0015
2025-09-28 22:00:00,1759096807.0,0.0015
2025-09-28 23:00:00,1759100413.0,0.0015
2025-09-29 00:00:00,1759104005.0,0.0015
2025-09-29 01:00:00,1759107608.0,0.0015
2025-09-29 02:00:00,1759111209.0,0.0015
2025-09-29 03:00:00,1759114807.0,0.0015
2025-09-29 04:00:00,1759118410.0,0.0015
2025-09-29 05:00:00,1759122005.0,0.0015
2025-09-29 06:00:00,1759125612.0,0.0015
2025-09-29 07:00:00,1759129205.0,0.0015
2025-09-29 08:00:00,1759132812.0,0.0015
2025-09-29 09:00:00,1759136407.0,0.0015
2025-09-29 10:00:00,1759140007.0,0.0015
2025-09-29 11:00:00,1759143613.0,0.0015
2025-09-29 12:00:00,1759147215.0,0.0015
2025-09-29 13:00:00,1759150803.0,0.0015
2025-09-29 14:00:00,1759154406.0,0.0015
2025-09-29 15:00:00,1759158004.0,0.0015
2025-09-29 16:00:00,1759161607.0,0.0015
2025-09-29 17:00:00,1759165206.0,0.0015
2025-09-29 18:00:00,1759168806.0,0.0015
2025-09-29 19:00:00,1759172404.0,0.0015
2025-09-29 20:00:00,1759176011.0,0.0015
2025-09-29 21:00:00,1759179607.0,0.0015
2025-09-29 22:00:00,1759183203.0,0.0015
2025-09-29 23:00:00,1759186812.0,0.0015
2025-09-30 00:00:00,1759190409.0,0.0015
2025-09-30 01:00:00,1759194007.0,0.0015
2025-09-30 02:00:00,1759197611.0,0.0015
2025-09-30 03:00:00,1759201203.0,0.0015
2025-09-30 04:00:00,1759204811.0,0.0015
2025-09-30 05:00:00,1759208403.0,0.0015
2025-09-30 06:00:00,1759212012.0,0.0015
2025-09-30 07:00:00,1759215614.0,0.0015
2025-09-30 08:00:00,1759219213.0,0.0015
2025-09-30 09:00:00,1759222804.0,0.0015
2025-09-30 10:00:00,1759226402.0,0.0015
2025-09-30 11:00:00,1759230002.0,0.0015
2025-09-30 12:00:00,1759233616.0,0.0015
2025-09-30 13:00:00,1759237212.0,0.0015
2025-09-30 14:00:00,1759240807.0,0.0015
2025-09-30 15:00:00,1759244404.0,0.0015
2025-09-30 16:00:00,1759248011.0,0.0015
2025-09-30 17:00:00,1759251605.0,0.0015
2025-09-30 18:00:00,1759255214.0,0.0015
2025-09-30 19:00:00,1759258806.0,0.0015
2025-09-30 20:00:00,1759262412.0,0.0015
2025-09-30 21:00:00,1759266006.0,0.0015
2025-09-30 22:00:00,1759269609.0,0.0015
2025-09-30 23:00:00,1759273208.0,0.0015
2025-10-01 00:00:00,1759276802.0,0.0015
2025-10-01 01:00:00,1759280408.0,0.0015
2025-10-01 02:00:00,1759284003.0,0.0015
2025-10-01 03:00:00,1759287605.0,0.0015
2025-10-01 04:00:00,1759291202.0,0.0015
2025-10-01 05:00:00,1759294804.0,0.0015
2025-10-01 06:00:00,1759298412.0,0.0015
2025-10-01 07:00:00,1759302009.0,0.0015
2025-10-01 08:00:00,1759305606.0,0.0015
2025-10-01 09:00:00,1759309210.0,0.0015
2025-10-01 10:00:00,1759312809.0,0.0015
2025-10-01 11:00:00,1759316409.0,0.0015
2025-10-01 12:00:00,1759320009.0,0.0015
2025-10-01 13:00:00,1759323606.0,0.0015
2025-10-01 14:00:00,1759327207.0,0.0015
2025-10-01 15:00:00,1759330804.0,0.0015
2025-10-01 16:00:00,1759334404.0,0.0015
2025-10-01 17:00:00,1759338011.0,0.0015
2025-10-01 18:00:00,1759341607.0,0.0015
2025-10-01 19:00:00,1759345209.0,0.0015
2025-10-01 20:00:00,1759348810.0,0.0015
2025-10-01 21:00:00,1759352411.0,0.0015
2025-10-01 22:00:00,1759356009.0,0.0015
2025-10-01 23:00:00,1759359608.0,0.0015
2025-10-02 00:00:00,1759363205.0,0.0015
2025-10-02 01:00:00,1759366805.0,0.0015
2025-10-02 02:00:00,1759370405.0,0.0015
2025-10-02 03:00:00,1759374010.0,0.0015
2025-10-02 04:00:00,1759377602.0,0.0015
2025-10-02 05:00:00,1759381209.0,0.0015
2025-10-02 06:00:00,1759384814.0,0.0015
2025-10-02 07:00:00,1759388411.0,0.0015
2025-10-02 08:00:00,1759392002.0,0.0015
2025-10-02 09:00:00,1759395607.0,0.0015
2025-10-02 10:00:00,1759399211.0,0.0015
2025-10-02 11:00:00,1759402805.0,0.0015
2025-10-02 12:00:00,1759406416.0,0.0015
2025-10-02 13:00:00,1759410004.0,0.0015
2025-10-02 14:00:00,1759413612.0,0.0015
2025-10-02 15:00:00,1759417209.0,0.0015
2025-10-02 16:00:00,1759420807.0,0.0015
2025-10-02 17:00:00,1759424414.0,0.0015
2025-10-02 18:00:00,1759428004.0,0.0015
2025-10-02 19:00:00,1759431603.0,0.0015
2025-10-02 20:00:00,1759435206.0,0.0015
2025-10-02 21:00:00,1759438802.0,0.0015
2025-10-02 22:00:00,1759442414.0,0.0015
2025-10-02 23:00:00,1759446004.0,0.0015
2025-10-03 00:00:00,1759449607.0,0.0015
2025-10-03 01:00:00,1759453208.0,0.0015
2025-10-03 02:00:00,1759456806.0,0.0015
2025-10-03 03:00:00,1759460403.0,0.0015
2025-10-03 04:00:00,1759464009.0,0.0015
2025-10-03 05:00:00,1759467602.0,0.0015
2025-10-03 06:00:00,1759471202.0,0.0015
2025-10-03 07:00:00,1759474806.0,0.0015
2025-10-03 08:00:00,1759478405.0,0.0015
2025-10-03 09:00:00,1759482005.0,0.0015
2025-10-03 10:00:00,1759485606.0,0.0015
2025-10-03 11:00:00,1759489205.0,0.0015
2025-10-03 12:00:00,1759492803.0,0.0015
2025-10-03 13:00:00,1759496405.0,0.0015
2025-10-03 14:00:00,1759500006.0,0.0015
2025-10-03 15:00:00,1759503605.0,0.0015
2025-10-03 16:00:00,1759507206.0,0.0015
2025-10-03 17:00:00,1759510805.0,0.0015
2025-10-03 18:00:00,1759514410.0,0.0015
2025-10-03 19:00:00,1759518004.0,0.0015
2025-10-03 20:00:00,1759521605.0,0.0015
2025-10-03 21:00:00,1759525209.0,0.0015
2025-10-03 22:00:00,1759528806.0,0.0015
2025-10-03 23:00:00,1759532407.0,0.0015
2025-10-04 00:00:00,1759536009.0,0.0015
2025-10-04 01:00:00,1759539607.0,0.0015
2025-10-04 02:00:00,1759543207.0,0.0015
2025-10-04 03:00:00,1759546808.0,0.0015
2025-10-04 04:00:00,1759550406.0,0.0015
2025-10-04 05:00:00,1759554006.0,0.0015
2025-10-04 06:00:00,1759557607.0,0.0015
2025-10-04 07:00:00,1759561215.0,0.0015
2025-10-04 08:00:00,1759564808.0,0.0015
2025-10-04 09:00:00,1759568412.0,0.0015
2025-10-04 10:00:00,1759572008.0,0.0015
2025-10-04 11:00:00,1759575606.0,0.0015
2025-10-04 12:00:00,1759579213.0,0.0015
2025-10-04 13:00:00,1759582809.0,0.0015
2025-10-04 14:00:00,1759586405.0,0.0015
2025-10-04 15:00:00,1759590002.0,0.0015
2025-10-04 16:00:00,1759593607.0,0.0015
2025-10-04 17:00:00,1759597208.0,0.0015
2025-10-04 18:00:00,1759600802.0,0.0015
2025-10-04 19:00:00,1759604407.0,0.0015
2025-10-04 20:00:00,1759608005.0,0.0015
2025-10-04 21:00:00,1759611603.0,0.0015
2025-10-04 22:00:00,1759615206.0,0.0015
2025-10-04 23:00:00,1759618806.0,0.0015
2025-10-05 00:00:00,1759622403.0,0.0015
2025-10-05 01:00:00,1759626005.0,0.0015
2025-10-05 02:00:00,1759629603.0,0.0015
2025-10-05 03:00:00,1759633204.0,0.0015
2025-10-05 04:00:00,1759636807.0,0.0015
2025-10-05 05:00:00,1759640405.0,0.0015
2025-10-05 06:00:00,1759644003.0,0.0015
2025-10-05 07:00:00,1759647603.0,0.0015
2025-10-05 08:00:00,1759651207.0,0.0015
2025-10-05 09:00:00,1759654803.0,0.0015
2025-10-05 10:00:00,1759658407.0,0.0015
2025-10-05 11:00:00,1759662003.0,0.0015
2025-10-05 12:00:00,1759665603.0,0.0015
2025-10-05 13:00:00,1759669208.0,0.0015
2025-10-05 14:00:00,1759672804.0,0.0015
2025-10-05 15:00:00,1759676402.0,0.0015
2025-10-05 16:00:00,1759680008.0,0.0015
2025-10-05 17:00:00,1759683615.0,0.0015
2025-10-05 18:00:00,1759687214.0,0.001
2025-10-05 19:00:00,1759690811.0,0.001
2025-10-05 20:00:00,1759694406.0,0.001
2025-10-05 21:00:00,1759698007.0,0.001
2025-10-05 22:00:00,1759701607.0,0.001
2025-10-05 23:00:00,1759705205.0,0.001
2025-10-06 00:00:00,1759708808.0,0.001
2025-10-06 01:00:00,1759712403.0,0.001
2025-10-06 02:00:00,1759716004.0,0.001
2025-10-06 03:00:00,1759719603.0,0.001
2025-10-06 04:00:00,1759723203.0,0.001
2025-10-06 05:00:00,1759726807.0,0.001
2025-10-06 06:00:00,1759730403.0,0.001
2025-10-06 07:00:00,1759734015.0,0.001
2025-10-06 08:00:00,1759737603.0,0.001
2025-10-06 09:00:00,1759741205.0,0.001
2025-10-06 10:00:00,1759744809.0,0.001
2025-10-06 11:00:00,1759748406.0,0.001
2025-10-06 12:00:00,1759752011.0,0.001
2025-10-06 13:00:00,1759755603.0,0.001
2025-10-06 14:00:00,1759759207.0,0.001
2025-10-06 15:00:00,1759762803.0,0.001
2025-10-06 16:00:00,1759766407.0,0.001
2025-10-06 17:00:00,1759770003.0,0.001
2025-10-06 18:00:00,1759773603.0,0.001
2025-10-06 19:00:00,1759777206.0,0.001
2025-10-06 20:00:00,1759780811.0,0.001
2025-10-06 21:00:00,1759784417.0,0.001
2025-10-06 22:00:00,1759788007.0,0.001
2025-10-06 23:00:00,1759791613.0,0.001
2025-10-07 00:00:00,1759795208.0,0.001
2025-10-07 01:00:00,1759798809.0,0.001
2025-10-07 02:00:00,1759802403.0,0.001
2025-10-07 03:00:00,1759806010.0,0.001
2025-10-07 04:00:00,1759809603.0,0.001
2025-10-07 05:00:00,1759813204.0,0.001
2025-10-07 06:00:00,1759816804.0,0.001
2025-10-07 07:00:00,1759820414.0,0.001
2025-10-07 08:00:00,1759824011.0,0.001
2025-10-07 09:00:00,1759827608.0,0.001
2025-10-07 10:00:00,1759831203.0,0.001
2025-10-07 11:00:00,1759834814.0,0.001
2025-10-07 12:00:00,1759838412.0,0.001
2025-10-07 13:00:00,1759842008.0,0.001
2025-10-07 14:00:00,1759845603.0,0.001
2025-10-07 15:00:00,1759849207.0,0.001
2025-10-07 16:00:00,1759852810.0,0.001
2025-10-07 17:00:00,1759856410.0,0.001
2025-10-07 18:00:00,1759860006.0,0.001
2025-10-07 19:00:00,1759863607.0,0.001
2025-10-07 20:00:00,1759867209.0,0.001
2025-10-07 21:00:00,1759870812.0,0.001
2025-10-07 22:00:00,1759874411.0,0.001
2025-10-07 23:00:00,1759878004.0,0.001
2025-10-08 00:00:00,1759881604.0,0.001
2025-10-08 01:00:00,1759885207.0,0.001
2025-10-08 02:00:00,1759888807.0,0.001
2025-10-08 03:00:00,1759892412.0,0.001
2025-10-08 04:00:00,1759896010.0,0.001
2025-10-08 05:00:00,1759899609.0,0.001
2025-10-08 06:00:00,1759903220.0,0.001
2025-10-08 07:00:00,1759906807.0,0.001
2025-10-08 08:00:00,1759910411.0,0.001
2025-10-08 09:00:00,1759914015.0,0.001
2025-10-08 10:00:00,1759917604.0,0.001
2025-10-08 11:00:00,1759921208.0,0.001
2025-10-08 12:00:00,1759924812.0,0.001
2025-10-08 13:00:00,1759928403.0,0.001
2025-10-08 14:00:00,1759932013.0,0.001
2025-10-08 15:00:00,1759935605.0,0.001
2025-10-08 16:00:00,1759939212.0,0.001
2025-10-08 17:00:00,1759942805.0,0.001
2025-10-08 18:00:00,1759946418.0,0.001
2025-10-08 19:00:00,1759950010.0,0.001
2025-10-08 20:00:00,1759953614.0,0.001
2025-10-08 21:00:00,1759957204.0,0.001
2025-10-08 22:00:00,1759960808.0,0.001
2025-10-08 23:00:00,1759964413.0,0.001
2025-10-09 00:00:00,1759968008.0,0.001
2025-10-09 01:00:00,1759971603.0,0.001
2025-10-09 02:00:00,1759975211.0,0.001
2025-10-09 03:00:00,1759978817.0,0.001
2025-10-09 04:00:00,1759982403.0,0.001
2025-10-09 05:00:00,1759986013.0,0.001
2025-10-09 06:00:00,1759989616.0,0.001
2025-10-09 07:00:00,1759993205.0,0.001
2025-10-09 08:00:00,1759996815.0,0.001
2025-10-09 09:00:00,1760000417.0,0.001
2025-10-09 10:00:00,1760004010.0,0.001
2025-10-09 11:00:00,1760007612.0,0.001
2025-10-09 12:00:00,1760011215.0,0.001
2025-10-09 13:00:00,1760014811.0,0.001
2025-10-09 14:00:00,1760018417.0,0.001
2025-10-09 15:00:00,1760022009.0,0.001
2025-10-09 16:00:00,1760025607.0,0.001
2025-10-09 17:00:00,1760029204.0,0.001
2025-10-09 18:00:00,1760032816.0,0.001
2025-10-09 19:00:00,1760036416.0,0.001
2025-10-09 20:00:00,1760040015.0,0.001
2025-10-09 21:00:00,1760043608.0,0.001
2025-10-09 22:00:00,1760047213.0,0.001
2025-10-09 23:00:00,1760050815.0,0.001
2025-10-10 00:00:00,1760054415.0,0.001
2025-10-10 01:00:00,1760058010.0,0.001
2025-10-10 02:00:00,1760061604.0,0.001
2025-10-10 03:00:00,1760065220.0,0.001
2025-10-10 04:00:00,1760068807.0,0.001
2025-10-10 05:00:00,1760072405.0,0.001
2025-10-10 06:00:00,1760076008.0,0.001
2025-10-10 07:00:00,1760079615.0,0.001
2025-10-10 08:00:00,1760083215.0,0.001
2025-10-10 09:00:00,1760086805.0,0.001
2025-10-10 10:00:00,1760090407.0,0.001
2025-10-10 11:00:00,1760094016.0,0.001
2025-10-10 12:00:00,1760097610.0,0.0005
2025-10-10 13:00:00,1760101218.0,0.0005
2025-10-10 14:00:00,1760104809.0,0.0005
2025-10-10 15:00:00,1760108408.0,0.0005
2025-10-10 16:00:00,1760112013.0,0.0005
2025-10-10 17:00:00,1760115620.0,0.0005
2025-10-10 18:00:00,1760119208.0,0.0005
2025-10-10 19:00:00,1760122820.0,0.0005
2025-10-10 20:00:00,1760126411.0,0.0005
2025-10-10 21:00:00,1760130016.0,0.0005
2025-10-10 22:00:00,1760133606.0,0.0005
2025-10-10 23:00:00,1760137202.0,0.0005
2025-10-11 00:00:00,1760140812.0,0.0005
2025-10-11 01:00:00,1760144412.0,0.0005
2025-10-11 02:00:00,1760148007.0,0.0005
2025-10-11 03:00:00,1760151615.0,0.0005
2025-10-11 04:00:00,1760155220.0,0.0005
2025-10-11 05:00:00,1760158816.0,0.0005
2025-10-11 06:00:00,1760162413.0,0.0005
2025-10-11 07:00:00,1760166012.0,0.0005
2025-10-11 08:00:00,1760169604.0,0.0005
2025-10-11 09:00:00,1760173203.0,0.0005
2025-10-11 10:00:00,1760176816.0,0.0005
2025-10-11 11:00:00,1760180416.0,0.0005
2025-10-11 12:00:00,1760184022.0,0.0005
2025-10-11 13:00:00,1760187614.0,0.0005
2025-10-11 14:00:00,1760191202.0,0.0005
2025-10-11 15:00:00,1760194816.0,0.0005
2025-10-11 16:00:00,1760198411.0,0.0005
2025-10-11 17:00:00,1760202018.0,0.0005
2025-10-11 18:00:00,1760205616.0,0.0005
2025-10-11 19:00:00,1760209206.0,0.0005
2025-10-11 20:00:00,1760212804.0,0.0005
2025-10-11 21:00:00,1760216414.0,0.0005
2025-10-11 22:00:00,1760220016.0,0.0005
2025-10-11 23:00:00,1760223618.0,0.0005
2025-10-12 00:00:00,1760227218.0,0.0005
2025-10-12 01:00:00,1760230806.0,0.0005
2025-10-12 02:00:00,1760234407.0,0.0005
2025-10-12 03:00:00,1760238008.0,0.0005
2025-10-12 04:00:00,1760241613.0,0.0005
2025-10-12 05:00:00,1760245215.0,0.0005
2025-10-12 06:00:00,1760248819.0,0.0005
2025-10-12 07:00:00,1760252418.0,0.0005
2025-10-12 08:00:00,1760256011.0,0.0005
2025-10-12 09:00:00,1760259624.0,0.0005
2025-10-12 10:00:00,1760263216.0,0.0005
2025-10-12 11:00:00,1760266812.0,0.0005
2025-10-12 12:00:00,1760270420.0,0.0005
2025-10-12 13:00:00,1760274014.0,0.0005
2025-10-12 14:00:00,1760277605.0,0.0005
2025-10-12 15:00:00,1760281224.0,0.0005
2025-10-12 16:00:00,1760284805.0,0.0005
2025-10-12 17:00:00,1760288418.0,0.0005
2025-10-12 18:00:00,1760292015.0,0.0005
2025-10-12 19:00:00,1760295607.0,0.0005
2025-10-12 20:00:00,1760299208.0,0.0005
2025-10-12 21:00:00,1760302821.0,0.0005
2025-10-12 22:00:00,1760306408.0,0.0005
2025-10-12 23:00:00,1760310003.0,0.0005
2025-10-13 00:00:00,1760313612.0,0.0005
2025-10-13 01:00:00,1760317210.0,0.0005
2025-10-13 02:00:00,1760320806.0,0.0005
2025-10-13 03:00:00,1760324419.0,0.0005
2025-10-13 04:00:00,1760328002.0,0.0005
2025-10-13 05:00:00,1760331610.0,0.0005
2025-10-13 06:00:00,1760335224.0,0.0005
2025-10-13 07:00:00,1760338809.0,0.0005
2025-10-13 08:00:00,1760342406.0,0.0005
2025-10-13 09:00:00,1760346013.0,0.0005
2025-10-13 10:00:00,1760349606.0,0.0005
2025-10-13 11:00:00,1760353218.0,0.0005
2025-10-13 12:00:00,1760356814.0,0.0005
2025-10-13 13:00:00,1760360409.0,0.0005
2025-10-13 14:00:00,1760364002.0,0.0005
2025-10-13 15:00:00,1760367612.0,0.0005
2025-10-13 16:00:00,1760371209.0,0.0005
2025-10-13 17:00:00,1760374822.0,0.0005
2025-10-13 18:00:00,1760378412.0,0.0005
2025-10-13 19:00:00,1760382020.0,0.0005
2025-10-13 20:00:00,1760385618.0,0.0005
2025-10-13 21:00:00,1760389216.0,0.0005
2025-10-13 22:00:00,1760392810.0,0.0005
2025-10-13 23:00:00,1760396420.0,0.0005
2025-10-14 00:00:00,1760400015.0,0.0005
2025-10-14 01:00:00,1760403603.0,0.0005
2025-10-14 02:00:00,1760407203.0,0.0005
2025-10-14 03:00:00,1760410815.0,0.0005
2025-10-14 04:00:00,1760414408.0,0.0005
2025-10-14 05:00:00,1760418008.0,0.0005
2025-10-14 06:00:00,1760421609.0,0.0005
2025-10-14 07:00:00,1760425206.0,0.0005
2025-10-14 08:00:00,1760428804.0,0.0005
2025-10-14 09:00:00,1760432407.0,0.0005
2025-10-14 10:00:00,1760436018.0,0.0005
2025-10-14 11:00:00,1760439605.0,0.0005
2025-10-14 12:00:00,1760443214.0,0.0005
2025-10-14 13:00:00,1760446804.0,0.0005
2025-10-14 14:00:00,1760450405.0,0.0005
2025-10-14 15:00:00,1760454010.0,0.0005
2025-10-14 16:00:00,1760457618.0,0.0005
2025-10-14 17:00:00,1760461209.0,0.0005
2025-10-14 18:00:00,1760464822.0,0.0005
2025-10-14 19:00:00,1760468417.0,0.0005
2025-10-14 20:00:00,1760472015.0,0.001
2025-10-14 21:00:00,1760475622.0,0.001
2025-10-14 22:00:00,1760479209.0,0.001
2025-10-14 23:00:00,1760482805.0,0.001
2025-10-15 00:00:00,1760486413.0,0.001
2025-10-15 01:00:00,1760490011.0,0.001
2025-10-15 02:00:00,1760493604.0,0.001
2025-10-15 03:00:00,1760497222.0,0.001
2025-10-15 04:00:00,1760500808.0,0.001
2025-10-15 05:00:00,1760504403.0,0.001
2025-10-15 06:00:00,1760508009.0,0.001
2025-10-15 07:00:00,1760511607.0,0.001
2025-10-15 08:00:00,1760515212.0,0.001
2025-10-15 09:00:00,1760518818.0,0.001
2025-10-15 10:00:00,1760522411.0,0.001
2025-10-15 11:00:00,1760526005.0,0.001
2025-10-15 12:00:00,1760529608.0,0.001
2025-10-15 13:00:00,1760533215.0,0.001
2025-10-15 14:00:00,1760536805.0,0.001
2025-10-15 15:00:00,1760540417.0,0.001
2025-10-15 16:00:00,1760544004.0,0.001
2025-10-15 17:00:00,1760547621.0,0.001
2025-10-15 18:00:00,1760551220.0,0.001
2025-10-15 19:00:00,1760554815.0,0.001
2025-10-15 20:00:00,1760558417.0,0.001
2025-10-15 21:00:00,1760562025.0,0.001
2025-10-15 22:00:00,1760565605.0,0.001
2025-10-15 23:00:00,1760569203.0,0.001
2025-10-16 00:00:00,1760572814.0,0.001
2025-10-16 01:00:00,1760576415.0,0.001
2025-10-16 02:00:00,1760580012.0,0.001
2025-10-16 03:00:00,1760583632.0,0.001
2025-10-16 04:00:00,1760587210.0,0.001
2025-10-16 05:00:00,1760590809.0,0.001
2025-10-16 06:00:00,1760594423.0,0.001
2025-10-16 07:00:00,1760598012.0,0.001
2025-10-16 08:00:00,1760601608.0,0.001
2025-10-16 09:00:00,1760605217.0,0.001
2025-10-16 10:00:00,1760608808.0,0.001
2025-10-16 11:00:00,1760612417.0,0.001
2025-10-16 12:00:00,1760616012.0,0.001
2025-10-16 13:00:00,1760619618.0,0.001
2025-10-16 14:00:00,1760623208.0,0.001
2025-10-16 15:00:00,1760626812.0,0.001
2025-10-16 16:00:00,1760630418.0,0.001
2025-10-16 17:00:00,1760634018.0,0.001
2025-10-16 18:00:00,1760637607.0,0.001
2025-10-16 19:00:00,1760641207.0,0.0005
2025-10-16 20:00:00,1760644810.0,0.0005
2025-10-16 21:00:00,1760648407.0,0.0005
2025-10-16 22:00:00,1760652017.0,0.0005
2025-10-16 23:00:00,1760655614.0,0.0005
2025-10-17 00:00:00,1760659205.0,0.0005
2025-10-17 01:00:00,1760662807.0,0.0005
2025-10-17 02:00:00,1760666405.0,0.0005
2025-10-17 03:00:00,1760670003.0,0.0005
2025-10-17 04:00:00,1760673603.0,0.0005
2025-10-17 05:00:00,1760677210.0,0.0005
2025-10-17 06:00:00,1760680804.0,0.0005
2025-10-17 07:00:00,1760684410.0,0.0005
2025-10-17 08:00:00,1760688014.0,0.0005
2025-10-17 09:00:00,1760691609.0,0.0005
2025-10-17 10:00:00,1760695203.0,0.0005
2025-10-17 11:00:00,1760698812.0,0.0005
2025-10-17 12:00:00,1760702414.0,0.0005
2025-10-17 13:00:00,1760706004.0,0.0005
2025-10-17 14:00:00,1760709622.0,0.0005
2025-10-17 15:00:00,1760713218.0,0.0005
2025-10-17 16:00:00,1760716807.0,0.0005
2025-10-17 17:00:00,1760720418.0,0.0005
2025-10-17 18:00:00,1760724008.0,0.0005
2025-10-17 19:00:00,1760727605.0,0.0005
2025-10-17 20:00:00,1760731218.0,0.0005
2025-10-17 21:00:00,1760734817.0,0.0005
2025-10-17 22:00:00,1760738417.0,0.0005
2025-10-17 23:00:00,1760742017.0,0.0005
2025-10-18 00:00:00,1760745619.0,0.0005
2025-10-18 01:00:00,1760749215.0,0.0005
2025-10-18 02:00:00,1760752816.0,0.0005
2025-10-18 03:00:00,1760756417.0,0.0005
2025-10-18 04:00:00,1760760004.0,0.0005
2025-10-18 05:00:00,1760763612.0,0.0005
2025-10-18 06:00:00,1760767215.0,0.0005
2025-10-18 07:00:00,1760770809.0,0.0005
2025-10-18 08:00:00,1760774420.0,0.0005
2025-10-18 09:00:00,1760778008.0,0.0005
2025-10-18 10:00:00,1760781615.0,0.0005
2025-10-18 11:00:00,1760785211.0,0.0005
2025-10-18 12:00:00,1760788803.0,0.0005
2025-10-18 13:00:00,1760792415.0,0.0005
2025-10-18 14:00:00,1760796012.0,0.0005
2025-10-18 15:00:00,1760799621.0,0.0005
2025-10-18 16:00:00,1760803222.0,0.0005
2025-10-18 17:00:00,1760806813.0,0.0005
2025-10-18 18:00:00,1760810429.0,0.0005
2025-10-18 19:00:00,1760814021.0,0.0005
2025-10-18 20:00:00,1760817606.0,0.0005
2025-10-18 21:00:00,1760821219.0,0.0005
2025-10-18 22:00:00,1760824806.0,0.0005
2025-10-18 23:00:00,1760828407.0,0.0005
2025-10-19 00:00:00,1760832017.0,0.0005
2025-10-19 01:00:00,1760835605.0,0.0005
2025-10-19 02:00:00,1760839213.0,0.0005
2025-10-19 03:00:00,1760842803.0,0.0005
2025-10-19 04:00:00,1760846403.0,0.0005
2025-10-19 05:00:00,1760850018.0,0.0005
2025-10-19 06:00:00,1760853610.0,0.0005
2025-10-19 07:00:00,1760857212.0,0.0005
2025-10-19 08:00:00,1760860813.0,0.0005
2025-10-19 09:00:00,1760864411.0,0.0005
2025-10-19 10:00:00,1760868017.0,0.0005
2025-10-19 11:00:00,1760871616.0,0.0005
2025-10-19 12:00:00,1760875206.0,0.0005
2025-10-19 13:00:00,1760878808.0,0.0005
2025-10-19 14:00:00,1760882417.0,0.0005
2025-10-19 15:00:00,1760886020.0,0.0005
2025-10-19 16:00:00,1760889615.0,0.0005
2025-10-19 17:00:00,1760893217.0,0.0005
2025-10-19 18:00:00,1760896811.0,0.0005
2025-10-19 19:00:00,1760900417.0,0.0005
2025-10-19 20:00:00,1760904012.0,0.0005
2025-10-19 21:00:00,1760907619.0,0.0005
2025-10-19 22:00:00,1760911214.0,0.0005
2025-10-19 23:00:00,1760914809.0,0.0005
2025-10-20 00:00:00,1760918412.0,0.0005
2025-10-20 01:00:00,1760922006.0,0.0005
2025-10-20 02:00:00,1760925610.0,0.0005
2025-10-20 03:00:00,1760929223.0,0.0005
2025-10-20 04:00:00,1760932811.0,0.0005
2025-10-20 05:00:00,1760936404.0,0.0005
2025-10-20 06:00:00,1760940010.0,0.0005
2025-10-20 07:00:00,1760943619.0,0.0005
2025-10-20 08:00:00,1760947205.0,0.0005
2025-10-20 09:00:00,1760950809.0,0.0005
2025-10-20 10:00:00,1760954408.0,0.0005
2025-10-20 11:00:00,1760958013.0,0.0005
2025-10-20 12:00:00,1760961621.0,0.0005
2025-10-20 13:00:00,1760965218.0,0.0005
2025-10-20 14:00:00,1760968814.0,0.0005
2025-10-20 15:00:00,1760972424.0,0.0005
2025-10-20 16:00:00,1760976007.0,0.0005
2025-10-20 17:00:00,1760979613.0,0.0005
2025-10-20 18:00:00,1760983215.0,0.0005
2025-10-20 19:00:00,1760986806.0,0.0005
2025-10-20 20:00:00,1760990412.0,0.0005
2025-10-20 21:00:00,1760994018.0,0.0005
2025-10-20 22:00:00,1760997610.0,0.0005
2025-10-20 23:00:00,1761001212.0,0.0005
2025-10-21 00:00:00,1761004820.0,0.0005
2025-10-21 01:00:00,1761008411.0,0.0005
2025-10-21 02:00:00,1761012004.0,0.0005
2025-10-21 03:00:00,1761015624.0,0.0005
2025-10-21 04:00:00,1761019216.0,0.0005
2025-10-21 05:00:00,1761022814.0,0.0005
2025-10-21 06:00:00,1761026416.0,0.0005
2025-10-21 07:00:00,1761030016.0,0.0005
2025-10-21 08:00:00,1761033609.0,0.0005
2025-10-21 09:00:00,1761037216.0,0.0005
2025-10-21 10:00:00,1761040813.0,0.0005
2025-10-21 11:00:00,1761044405.0,0.0005
2025-10-21 12:00:00,1761048020.0,0.0005
2025-10-21 13:00:00,1761051610.0,0.0005
2025-10-21 14:00:00,1761055216.0,0.0005
2025-10-21 15:00:00,1761058816.0,0.0005
2025-10-21 16:00:00,1761062420.0,0.0005
2025-10-21 17:00:00,1761066020.0,0.0005
2025-10-21 18:00:00,1761069620.0,0.0005
2025-10-21 19:00:00,1761073205.0,0.0005
2025-10-21 20:00:00,1761076803.0,0.0005
2025-10-21 21:00:00,1761080405.0,0.0005
2025-10-21 22:00:00,1761084017.0,0.0005
2025-10-21 23:00:00,1761087609.0,0.0005
2025-10-22 00:00:00,1761091213.0,0.0005
2025-10-22 01:00:00,1761094810.0,0.0005
2025-10-22 02:00:00,1761098409.0,0.0005
2025-10-22 03:00:00,1761102016.0,0.0005
2025-10-22 04:00:00,1761105612.0,0.0005
2025-10-22 05:00:00,1761109212.0,0.0005
2025-10-22 06:00:00,1761112813.0,0.0005
2025-10-22 07:00:00,1761116408.0,0.0005
2025-10-22 08:00:00,1761120009.0,0.0005
2025-10-22 09:00:00,1761123613.0,0.0005
2025-10-22 10:00:00,1761127211.0,0.0005
2025-10-22 11:00:00,1761130808.0,0.0005
2025-10-22 12:00:00,1761134417.0,0.0005
2025-10-22 13:00:00,1761138012.0,0.0005
2025-10-22 14:00:00,1761141611.0,0.0005
2025-10-22 15:00:00,1761145216.0,0.0005
2025-10-22 16:00:00,1761148812.0,0.0005
2025-10-22 17:00:00,1761152414.0,0.0005
2025-10-22 18:00:00,1761156018.0,0.0005
2025-10-22 19:00:00,1761159614.0,0.0005
2025-10-22 20:00:00,1761163213.0,0.0005
2025-10-22 21:00:00,1761166817.0,0.0005
2025-10-22 22:00:00,1761170413.0,0.0005
2025-10-22 23:00:00,1761174012.0,0.0005
2025-10-23 00:00:00,1761177608.0,0.0005
2025-10-23 01:00:00,1761181208.0,0.0005
2025-10-23 02:00:00,1761184808.0,0.0005
2025-10-23 03:00:00,1761188409.0,0.0005
2025-10-23 04:00:00,1761192009.0,0.0005
2025-10-23 05:00:00,1761195609.0,0.0005
2025-10-23 06:00:00,1761199211.0,0.0005
2025-10-23 07:00:00,1761202808.0,0.0005
2025-10-23 08:00:00,1761206410.0,0.0005
2025-10-23 09:00:00,1761210009.0,0.0005
2025-10-23 10:00:00,1761213609.0,0.0005
2025-10-23 11:00:00,1761217210.0,0.0005
2025-10-23 12:00:00,1761220812.0,0.0005
2025-10-23 13:00:00,1761224410.0,0.0005
2025-10-23 14:00:00,1761228040.0,0.0005
2025-10-23 15:00:00,1761231610.0,0.0005
2025-10-23 16:00:00,1761235210.0,0.0005
2025-10-23 17:00:00,1761238812.0,0.0005
2025-10-23 18:00:00,1761242411.0,0.0005
2025-10-23 19:00:00,1761246011.0,0.0005
2025-10-23 20:00:00,1761249611.0,0.0005
2025-10-23 21:00:00,1761253212.0,0.0005
2025-10-23 22:00:00,1761256811.0,0.0005
2025-10-23 23:00:00,1761260411.0,0.0005
2025-10-24 00:00:00,1761264011.0,0.0005
2025-10-24 01:00:00,1761267609.0,0.0005
2025-10-24 02:00:00,1761271211.0,0.0005
2025-10-24 03:00:00,1761274812.0,0.0005
2025-10-24 04:00:00,1761278411.0,0.0005
2025-10-24 05:00:00,1761282011.0,0.0005
2025-10-24 06:00:00,1761285612.0,0.0005
2025-10-24 07:00:00,1761289211.0,0.0005
2025-10-24 08:00:00,1761292811.0,0.0005
2025-10-24 09:00:00,1761296412.0,0.0005
2025-10-24 10:00:00,1761300011.0,0.0005
2025-10-24 11:00:00,1761303611.0,0.0005
2025-10-24 12:00:00,1761307214.0,0.0005
2025-10-24 13:00:00,1761310811.0,0.0005
2025-10-24 14:00:00,1761314412.0,0.0005
2025-10-24 15:00:00,1761318014.0,0.0005
2025-10-24 16:00:00,1761321611.0,0.0005
2025-10-24 17:00:00,1761325212.0,0.0005
2025-10-24 18:00:00,1761328813.0,0.0005
2025-10-24 19:00:00,1761332412.0,0.0005
2025-10-24 20:00:00,1761336011.0,0.0005
2025-10-24 21:00:00,1761339614.0,0.0005
2025-10-24 22:00:00,1761343212.0,0.0005
2025-10-24 23:00:00,1761346812.0,0.0005
2025-10-25 00:00:00,1761350412.0,0.0005
2025-10-25 01:00:00,1761354009.0,0.0005
2025-10-25 02:00:00,1761357610.0,0.0005
2025-10-25 03:00:00,1761361213.0,0.0005
2025-10-25 04:00:00,1761364811.0,0.0005
2025-10-25 05:00:00,1761368411.0,0.0005
2025-10-25 06:00:00,1761372013.0,0.0005
2025-10-25 07:00:00,1761375613.0,0.0005
2025-10-25 08:00:00,1761379211.0,0.0005
2025-10-25 09:00:00,1761382813.0,0.0005
2025-10-25 10:00:00,1761386412.0,0.0005
2025-10-25 11:00:00,1761390011.0,0.0005
2025-10-25 12:00:00,1761393614.0,0.0005
2025-10-25 13:00:00,1761397211.0,0.0005
2025-10-25 14:00:00,1761400811.0,0.0005
2025-10-25 15:00:00,1761404414.0,0.0005
2025-10-25 16:00:00,1761408012.0,0.0005
2025-10-25 17:00:00,1761411614.0,0.0005
2025-10-25 18:00:00,1761415214.0,0.0005
2025-10-25 19:00:00,1761418812.0,0.0005
2025-10-25 20:00:00,1761422412.0,0.0005
2025-10-25 21:00:00,1761426013.0,0.0005
2025-10-25 22:00:00,1761429612.0,0.0005
2025-10-25 23:00:00,1761433212.0,0.0005
2025-10-26 00:00:00,1761436812.0,0.0005
2025-10-26 01:00:00,1761440409.0,0.0005
2025-10-26 02:00:00,1761444010.0,0.0005
2025-10-26 03:00:00,1761447612.0,0.0005
2025-10-26 04:00:00,1761451211.0,0.0005
2025-10-26 05:00:00,1761454811.0,0.0005
2025-10-26 06:00:00,1761458413.0,0.0005
2025-10-26 07:00:00,1761462011.0,0.0005
2025-10-26 08:00:00,1761465611.0,0.0005
2025-10-26 09:00:00,1761469213.0,0.0005
2025-10-26 10:00:00,1761472811.0,0.0005
2025-10-26 11:00:00,1761476411.0,0.0005
2025-10-26 12:00:00,1761480016.0,0.0005
2025-10-26 13:00:00,1761483611.0,0.0005
2025-10-26 14:00:00,1761487211.0,0.0005
2025-10-26 15:00:00,1761490812.0,0.0005
2025-10-26 16:00:00,1761494410.0,0.0005
2025-10-26 17:00:00,1761498011.0,0.0005
2025-10-26 18:00:00,1761501613.0,0.0005
2025-10-26 19:00:00,1761505210.0,0.0005
2025-10-26 20:00:00,1761508811.0,0.0005
2025-10-26 21:00:00,1761512412.0,0.0005
2025-10-26 22:00:00,1761516011.0,0.0005
2025-10-26 23:00:00,1761519610.0,0.0005
2025-10-27 00:00:00,1761523212.0,0.0005
2025-10-27 01:00:00,1761526809.0,0.0005
2025-10-27 02:00:00,1761530411.0,0.0005
2025-10-27 03:00:00,1761534012.0,0.0005
2025-10-27 04:00:00,1761537610.0,0.0005
2025-10-27 05:00:00,1761541210.0,0.0005
2025-10-27 06:00:00,1761544811.0,0.0005
2025-10-27 07:00:00,1761548409.0,0.0005
2025-10-27 08:00:00,1761552010.0,0.0005
2025-10-27 09:00:00,1761555612.0,0.0005
2025-10-27 10:00:00,1761559210.0,0.0015
2025-10-27 11:00:00,1761562809.0,0.0015
2025-10-27 12:00:00,1761566414.0,0.0015
2025-10-27 13:00:00,1761570011.0,0.0015
2025-10-27 14:00:00,1761573609.0,0.0015
2025-10-27 15:00:00,1761577213.0,0.0015
2025-10-27 16:00:00,1761580811.0,0.0015
2025-10-27 17:00:00,1761584411.0,0.0015
2025-10-27 18:00:00,1761588012.0,0.0015
2025-10-27 19:00:00,1761591610.0,0.0015
2025-10-27 20:00:00,1761595212.0,0.0015
2025-10-27 21:00:00,1761598813.0,0.0015
2025-10-27 22:00:00,1761602411.0,0.0015
2025-10-27 23:00:00,1761606010.0,0.0015
2025-10-28 00:00:00,1761609614.0,0.0015
2025-10-28 01:00:00,1761613210.0,0.0015
2025-10-28 02:00:00,1761616811.0,0.0015
2025-10-28 03:00:00,1761620417.0,0.0015
2025-10-28 04:00:00,1761624015.0,0.0015
2025-10-28 05:00:00,1761627611.0,0.0015
2025-10-28 06:00:00,1761631214.0,0.0015
2025-10-28 07:00:00,1761634810.0,0.0015
2025-10-28 08:00:00,1761638411.0,0.0015
2025-10-28 09:00:00,1761642012.0,0.0015
2025-10-28 10:00:00,1761645615.0,0.0015
2025-10-28 11:00:00,1761649215.0,0.0015
2025-10-28 12:00:00,1761652812.0,0.0015
2025-10-28 13:00:00,1761656415.0,0.0015
2025-10-28 14:00:00,1761660013.0,0.0015
2025-10-28 15:00:00,1761663615.0,0.0015
2025-10-28 16:00:00,1761667215.0,0.001
2025-10-28 17:00:00,1761670816.0,0.001
2025-10-28 18:00:00,1761674416.0,0.001
2025-10-28 19:00:00,1761678014.0,0.001
2025-10-28 20:00:00,1761681616.0,0.001
2025-10-28 21:00:00,1761685215.0,0.0005
2025-10-28 22:00:00,1761688815.0,0.0005
2025-10-28 23:00:00,1761692415.0,0.0005
2025-10-29 00:00:00,1761696013.0,0.0005
2025-10-29 01:00:00,1761699610.0,0.0005
2025-10-29 02:00:00,1761703210.0,0.0005
2025-10-29 03:00:00,1761706815.0,0.0005
2025-10-29 04:00:00,1761710414.0,0.0005
2025-10-29 05:00:00,1761714014.0,0.0005
2025-10-29 06:00:00,1761717612.0,0.0005
2025-10-29 07:00:00,1761721210.0,0.0005
2025-10-29 08:00:00,1761724816.0,0.0005
2025-10-29 09:00:00,1761728416.0,0.0005
2025-10-29 11:00:00,1761737725.0,0.0005
2025-10-29 13:00:00,1761743335.0,0.0005
2025-10-29 14:00:00,1761746410.0,0.0005
2025-10-29 15:00:00,1761750014.0,0.0015
2025-10-29 16:00:00,1761753611.0,0.0015
2025-10-29 17:00:00,1761757212.0,0.0015
2025-10-29 18:00:00,1761760813.0,0.0015
2025-10-29 19:00:00,1761764412.0,0.0015
2025-10-29 20:00:00,1761768012.0,0.0015
2025-10-29 21:00:00,1761771612.0,0.0015
2025-10-29 22:00:00,1761775212.0,0.0015
2025-10-29 23:00:00,1761778812.0,0.0015
2025-10-30 00:00:00,1761782413.0,0.0015
2025-10-30 01:00:00,1761786011.0,0.0015
2025-10-30 02:00:00,1761789611.0,0.0015
2025-10-30 03:00:00,1761793213.0,0.0015
2025-10-30 04:00:00,1761796813.0,0.0015
2025-10-30 05:00:00,1761800413.0,0.0015
2025-10-30 06:00:00,1761804013.0,0.0015
2025-10-30 07:00:00,1761807613.0,0.0015
2025-10-30 08:00:00,1761811212.0,0.0015
2025-10-30 09:00:00,1761814814.0,0.0015
2025-10-30 10:00:00,1761818409.0,0.0015
2025-10-30 11:00:00,1761822013.0,0.0015
2025-10-30 12:00:00,1761825614.0,0.0015
2025-10-30 13:00:00,1761829212.0,0.0015
2025-10-30 14:00:00,1761832813.0,0.0015
2025-10-30 15:00:00,1761836413.0,0.0015
2025-10-30 16:00:00,1761840012.0,0.0015
2025-10-30 17:00:00,1761843613.0,0.0015
2025-10-30 18:00:00,1761847213.0,0.0015
2025-10-30 19:00:00,1761850812.0,0.0015
2025-10-30 20:00:00,1761854412.0,0.0015
2025-10-30 21:00:00,1761858014.0,0.0015
2025-10-30 22:00:00,1761861613.0,0.0015
2025-10-30 23:00:00,1761865213.0,0.0015
2025-10-31 00:00:00,1761868809.0,0.0015
2025-10-31 01:00:00,1761872409.0,0.0015
2025-10-31 02:00:00,1761876010.0,0.0015
2025-10-31 03:00:00,1761879611.0,0.0015
2025-10-31 04:00:00,1761883212.0,0.0015
2025-10-31 05:00:00,1761886812.0,0.0015
2025-10-31 06:00:00,1761890413.0,0.0015
2025-10-31 07:00:00,1761894013.0,0.0015
2025-10-31 08:00:00,1761897617.0,0.0015
2025-10-31 09:00:00,1761901213.0,0.0015
2025-10-31 10:00:00,1761904812.0,0.0015
2025-10-31 11:00:00,1761908412.0,0.0015
2025-10-31 12:00:00,1761912014.0,0.0025
2025-10-31 13:00:00,1761915612.0,0.0025
2025-10-31 14:00:00,1761919212.0,0.0025
2025-10-31 15:00:00,1761922812.0,0.0025
2025-10-31 16:00:00,1761926413.0,0.0025
2025-10-31 17:00:00,1761930013.0,0.0025
2025-10-31 18:00:00,1761933613.0,0.0025
2025-10-31 19:00:00,1761937213.0,0.0025
2025-10-31 20:00:00,1761940812.0,0.0025
2025-10-31 21:00:00,1761944413.0,0.0025
2025-10-31 22:00:00,1761948013.0,0.0025
2025-10-31 23:00:00,1761951613.0,0.0025
2025-11-01 00:00:00,1761955212.0,0.0025
2025-11-01 01:00:00,1761958811.0,0.0025
2025-11-01 02:00:00,1761962412.0,0.002
2025-11-01 03:00:00,1761966014.0,0.002
2025-11-01 04:00:00,1761969612.0,0.002
2025-11-01 05:00:00,1761973213.0,0.002
2025-11-01 06:00:00,1761976814.0,0.002
2025-11-01 07:00:00,1761980413.0,0.002
2025-11-01 08:00:00,1761984012.0,0.002
2025-11-01 09:00:00,1761987613.0,0.002
2025-11-01 10:00:00,1761991213.0,0.002
2025-11-01 11:00:00,1761994812.0,0.002
2025-11-01 12:00:00,1761998415.0,0.002
2025-11-01 13:00:00,1762002011.0,0.002
2025-11-01 14:00:00,1762005612.0,0.002
2025-11-01 15:00:00,1762009214.0,0.002
2025-11-01 16:00:00,1762012812.0,0.002
2025-11-01 17:00:00,1762016415.0,0.0015
2025-11-01 18:00:00,1762020013.0,0.0015
2025-11-01 19:00:00,1762023613.0,0.0015
2025-11-01 20:00:00,1762027213.0,0.0015
2025-11-01 21:00:00,1762030814.0,0.0015
2025-11-01 22:00:00,1762034413.0,0.0015
2025-11-01 23:00:00,1762038012.0,0.0015
2025-11-02 00:00:00,1762041611.0,0.0015
2025-11-02 01:00:00,1762045210.0,0.0015
2025-11-02 02:00:00,1762048811.0,0.0015
2025-11-02 03:00:00,1762052412.0,0.0015
2025-11-02 04:00:00,1762056012.0,0.0015
2025-11-02 05:00:00,1762059612.0,0.0015
2025-11-02 06:00:00,1762063213.0,0.0015
2025-11-02 07:00:00,1762066812.0,0.0015
2025-11-02 08:00:00,1762070412.0,0.0015
2025-11-02 09:00:00,1762074012.0,0.0015
2025-11-02 10:00:00,1762077611.0,0.0015
2025-11-02 11:00:00,1762081213.0,0.0015
2025-11-02 12:00:00,1762084814.0,0.0015
2025-11-02 13:00:00,1762088411.0,0.0015
2025-11-02 14:00:00,1762092012.0,0.0015
2025-11-02 15:00:00,1762095613.0,0.0015
2025-11-02 16:00:00,1762099211.0,0.0015
2025-11-02 17:00:00,1762102812.0,0.0015
2025-11-02 18:00:00,1762106414.0,0.0015
2025-11-02 19:00:00,1762110012.0,0.0015
2025-11-02 20:00:00,1762113612.0,0.0015
2025-11-02 21:00:00,1762117214.0,0.0015
2025-11-02 22:00:00,1762120812.0,0.0015
2025-11-02 23:00:00,1762124412.0,0.0015
2025-11-03 00:00:00,1762128011.0,0.0015
2025-11-03 01:00:00,1762131611.0,0.0015
2025-11-03 02:00:00,1762135211.0,0.0015
2025-11-03 03:00:00,1762138812.0,0.0015
2025-11-03 04:00:00,1762142412.0,0.0015
2025-11-03 05:00:00,1762146012.0,0.0015
2025-11-03 06:00:00,1762149613.0,0.0015
2025-11-03 07:00:00,1762153212.0,0.0015
2025-11-03 08:00:00,1762156812.0,0.0015
2025-11-03 09:00:00,1762160412.0,0.0015
2025-11-03 10:00:00,1762164012.0,0.0015
2025-11-03 11:00:00,1762167611.0,0.0015
2025-11-03 12:00:00,1762171213.0,0.0015
2025-11-03 13:00:00,1762174811.0,0.0015
2025-11-03 14:00:00,1762178411.0,0.0015
2025-11-03 15:00:00,1762182011.0,0.0015
2025-11-03 16:00:00,1762185613.0,0.0015
2025-11-03 17:00:00,1762189213.0,0.0015
2025-11-03 18:00:00,1762192813.0,0.0015
2025-11-03 19:00:00,1762196412.0,0.0015
2025-11-03 20:00:00,1762200012.0,0.0015
2025-11-03 21:00:00,1762203614.0,0.0015
2025-11-03 22:00:00,1762207212.0,0.0015
2025-11-03 23:00:00,1762210813.0,0.0015
2025-11-04 00:00:00,1762214412.0,0.0015
2025-11-04 01:00:00,1762218010.0,0.0015
2025-11-04 02:00:00,1762221611.0,0.0015
2025-11-04 03:00:00,1762225212.0,0.0015
2025-11-04 04:00:00,1762228813.0,0.0015
2025-11-04 05:00:00,1762232412.0,0.0015
2025-11-04 06:00:00,1762236013.0,0.0015
2025-11-04 07:00:00,1762239613.0,0.0015
2025-11-04 08:00:00,1762243212.0,0.0015
2025-11-04 09:00:00,1762246813.0,0.0015
2025-11-04 10:00:00,1762250412.0,0.0015
2025-11-04 11:00:00,1762254012.0,0.0015
2025-11-04 12:00:00,1762257614.0,0.0015
2025-11-04 13:00:00,1762261212.0,0.0015
2025-11-04 14:00:00,1762264813.0,0.0015
2025-11-04 15:00:00,1762268412.0,0.0015
2025-11-04 16:00:00,1762272013.0,0.0015
2025-11-04 17:00:00,1762275613.0,0.0015
2025-11-04 18:00:00,1762279214.0,0.0015
2025-11-04 19:00:00,1762282813.0,0.0015
2025-11-04 20:00:00,1762286413.0,0.0015
2025-11-04 21:00:00,1762290014.0,0.0015
2025-11-04 22:00:00,1762293614.0,0.0015
2025-11-04 23:00:00,1762297212.0,0.0015
2025-11-05 00:00:00,1762300812.0,0.0015
2025-11-05 01:00:00,1762304411.0,0.0015
2025-11-05 02:00:00,1762308012.0,0.0015
2025-11-05 03:00:00,1762311613.0,0.0015
2025-11-05 04:00:00,1762315212.0,0.0015
2025-11-05 05:00:00,1762318813.0,0.0015
2025-11-05 06:00:00,1762322414.0,0.0015
2025-11-05 07:00:00,1762326014.0,0.0015
2025-11-05 08:00:00,1762329613.0,0.0015
2025-11-05 09:00:00,1762333214.0,0.0015
2025-11-05 10:00:00,1762336813.0,0.0015
2025-11-05 11:00:00,1762340413.0,0.0015
2025-11-05 12:00:00,1762344015.0,0.0015
2025-11-05 13:00:00,1762347613.0,0.0015
2025-11-05 14:00:00,1762351214.0,0.0015
2025-11-05 15:00:00,1762354814.0,0.0015
2025-11-05 16:00:00,1762358413.0,0.0015
2025-11-05 17:00:00,1762362013.0,0.0015
2025-11-05 18:00:00,1762365613.0,0.0015
2025-11-05 19:00:00,1762369213.0,0.0015
2025-11-05 20:00:00,1762372812.0,0.0015
2025-11-05 21:00:00,1762376413.0,0.0015
2025-11-05 22:00:00,1762380013.0,0.0015
2025-11-05 23:00:00,1762383612.0,0.0015
2025-11-06 00:00:00,1762387208.0,0.0015
2025-11-06 01:00:00,1762390809.0,0.0015
2025-11-06 02:00:00,1762394410.0,0.0015
2025-11-06 03:00:00,1762398012.0,0.0015
2025-11-06 04:00:00,1762401612.0,0.0015
2025-11-06 05:00:00,1762405212.0,0.0015
2025-11-06 06:00:00,1762408813.0,0.0015
2025-11-06 07:00:00,1762412412.0,0.0015
2025-11-06 08:00:00,1762416011.0,0.0015
2025-11-06 09:00:00,1762419613.0,0.0015
2025-11-06 10:00:00,1762423207.0,0.0015
2025-11-06 11:00:00,1762426812.0,0.0015
2025-11-06 12:00:00,1762430416.0,0.0015
2025-11-06 13:00:00,1762434011.0,0.0015
2025-11-06 14:00:00,1762437612.0,0.0015
2025-11-06 15:00:00,1762441213.0,0.0015
2025-11-06 16:00:00,1762444813.0,0.0015
2025-11-06 17:00:00,1762448413.0,0.0015
2025-11-06 18:00:00,1762452013.0,0.0015
2025-11-06 19:00:00,1762455613.0,0.0015
2025-11-06 20:00:00,1762459215.0,0.0015
2025-11-06 21:00:00,1762462816.0,0.0015
2025-11-06 22:00:00,1762466412.0,0.0015
2025-11-06 23:00:00,1762470012.0,0.0015
2025-11-07 00:00:00,1762473612.0,0.0015
2025-11-07 01:00:00,1762477210.0,0.0015
2025-11-07 02:00:00,1762480815.0,0.0015
2025-11-07 03:00:00,1762484414.0,0.0015
2025-11-07 04:00:00,1762488012.0,0.0015
2025-11-07 05:00:00,1762491614.0,0.0015
2025-11-07 06:00:00,1762495216.0,0.0015
2025-11-07 07:00:00,1762498813.0,0.0015
2025-11-07 08:00:00,1762502412.0,0.0015
2025-11-07 09:00:00,1762506013.0,0.0015
2025-11-07 10:00:00,1762509613.0,0.0015
2025-11-07 11:00:00,1762513212.0,0.0015
2025-11-07 12:00:00,1762516815.0,0.0015
2025-11-07 13:00:00,1762520414.0,0.0015
2025-11-07 14:00:00,1762524015.0,0.0015
2025-11-07 15:00:00,1762527624.0,0.0015
2025-11-07 16:00:00,1762531214.0,0.0015
2025-11-07 17:00:00,1762534831.0,0.0015
2025-11-07 18:00:00,1762538415.0,0.0015
2025-11-07 19:00:00,1762542016.0,0.0015
2025-11-07 20:00:00,1762545625.0,0.0015
2025-11-07 21:00:00,1762549214.0,0.0015
2025-11-07 22:00:00,1762552813.0,0.0015
2025-11-07 23:00:00,1762556428.0,0.0015
2025-11-08 00:00:00,1762560009.0,0.0015
2025-11-08 01:00:00,1762563610.0,0.0015
2025-11-08 02:00:00,1762567207.0,0.0015
2025-11-08 03:00:00,1762570812.0,0.0015
2025-11-08 04:00:00,1762574412.0,0.0015
2025-11-08 05:00:00,1762578007.0,0.0015
2025-11-08 06:00:00,1762581613.0,0.0015
2025-11-08 07:00:00,1762585213.0,0.0015
2025-11-08 08:00:00,1762588810.0,0.0015
2025-11-08 09:00:00,1762592412.0,0.0015
2025-11-08 10:00:00,1762596012.0,0.0015
2025-11-08 11:00:00,1762599624.0,0.0015
2025-11-08 12:00:00,1762603228.0,0.0015
2025-11-08 13:00:00,1762606812.0,0.0015
2025-11-08 14:00:00,1762610412.0,0.0015
2025-11-08 15:00:00,1762614013.0,0.0015
2025-11-08 16:00:00,1762617612.0,0.0015
2025-11-08 17:00:00,1762621213.0,0.0015
2025-11-08 18:00:00,1762624813.0,0.0015
2025-11-08 19:00:00,1762628413.0,0.0015
2025-11-08 20:00:00,1762632011.0,0.0015
2025-11-08 21:00:00,1762635614.0,0.0015
2025-11-08 22:00:00,1762639213.0,0.0015
2025-11-08 23:00:00,1762642812.0,0.0015
2025-11-09 00:00:00,1762646424.0,0.0015
2025-11-09 01:00:00,1762650010.0,0.0015
2025-11-09 02:00:00,1762653612.0,0.0015
2025-11-09 03:00:00,1762657213.0,0.0015
2025-11-09 04:00:00,1762660824.0,0.0015
2025-11-09 05:00:00,1762664412.0,0.0015
2025-11-09 06:00:00,1762668013.0,0.0015
2025-11-09 07:00:00,1762671612.0,0.0015
2025-11-09 08:00:00,1762675212.0,0.0015
2025-11-09 09:00:00,1762678813.0,0.0015
2025-11-09 10:00:00,1762682412.0,0.0015
2025-11-09 11:00:00,1762686012.0,0.0015
2025-11-09 12:00:00,1762689614.0,0.0015
2025-11-09 13:00:00,1762693212.0,0.0015
2025-11-09 14:00:00,1762696812.0,0.0015
2025-11-09 15:00:00,1762700412.0,0.0015
2025-11-09 16:00:00,1762704012.0,0.0015
2025-11-09 17:00:00,1762707613.0,0.0015
2025-11-09 18:00:00,1762711213.0,0.0015
2025-11-09 19:00:00,1762714812.0,0.0015
2025-11-09 20:00:00,1762718411.0,0.0015
2025-11-09 21:00:00,1762722013.0,0.0015
2025-11-09 22:00:00,1762725612.0,0.0015
2025-11-09 23:00:00,1762729212.0,0.0015
2025-11-10 00:00:00,1762732809.0,0.0015
2025-11-10 01:00:00,1762736422.0,0.0015
2025-11-10 02:00:00,1762740010.0,0.0015
2025-11-10 03:00:00,1762743611.0,0.0015
2025-11-10 04:00:00,1762747213.0,0.0015
2025-11-10 05:00:00,1762750812.0,0.0015
2025-11-10 06:00:00,1762754413.0,0.0015
2025-11-10 07:00:00,1762758011.0,0.0015
2025-11-10 08:00:00,1762761611.0,0.0015
2025-11-10 09:00:00,1762765224.0,0.0015
2025-11-10 10:00:00,1762768813.0,0.0015
2025-11-10 11:00:00,1762772412.0,0.0015
2025-11-10 12:00:00,1762776014.0,0.0015
2025-11-10 13:00:00,1762779612.0,0.0015
2025-11-10 14:00:00,1762783213.0,0.0015
2025-11-10 15:00:00,1762786814.0,0.0015
2025-11-10 16:00:00,1762790413.0,0.0015
2025-11-10 17:00:00,1762794012.0,0.0015
2025-11-10 18:00:00,1762797614.0,0.0015
2025-11-10 19:00:00,1762801213.0,0.0015
2025-11-10 20:00:00,1762804813.0,0.0015
2025-11-10 21:00:00,1762808414.0,0.0015
2025-11-10 22:00:00,1762812012.0,0.0015
2025-11-10 23:00:00,1762815613.0,0.0015
2025-11-11 00:00:00,1762819213.0,0.0015
2025-11-11 01:00:00,1762822813.0,0.0015
2025-11-11 02:00:00,1762826414.0,0.0015
2025-11-11 03:00:00,1762830015.0,0.0015
2025-11-11 04:00:00,1762833615.0,0.0015
2025-11-11 05:00:00,1762837213.0,0.0015
2025-11-11 06:00:00,1762840820.0,0.0015
2025-11-11 07:00:00,1762844414.0,0.0015
2025-11-11 08:00:00,1762848026.0,0.0015
2025-11-11 09:00:00,1762851613.0,0.0015
2025-11-11 10:00:00,1762855214.0,0.0015
2025-11-11 11:00:00,1762858828.0,0.0015
2025-11-11 12:00:00,1762862429.0,0.0015
2025-11-11 13:00:00,1762866012.0,0.0015
2025-11-11 14:00:00,1762869614.0,0.0015
2025-11-11 15:00:00,1762873227.0,0.0015
2025-11-11 16:00:00,1762876813.0,0.0015
2025-11-11 17:00:00,1762880414.0,0.0015
2025-11-11 18:00:00,1762884014.0,0.0015
2025-11-11 19:00:00,1762887613.0,0.0015
2025-11-11 20:00:00,1762891214.0,0.0015
2025-11-11 21:00:00,1762894815.0,0.0015
2025-11-11 22:00:00,1762898414.0,0.0015
2025-11-11 23:00:00,1762902013.0,0.0015
2025-11-12 00:00:00,1762905613.0,0.0015
2025-11-12 01:00:00,1762909210.0,0.0015
2025-11-12 02:00:00,1762912811.0,0.0015
2025-11-12 03:00:00,1762916414.0,0.0015
2025-11-12 04:00:00,1762920015.0,0.0015
2025-11-12 05:00:00,1762923613.0,0.0015
2025-11-12 06:00:00,1762927214.0,0.0015
2025-11-12 07:00:00,1762930814.0,0.0015
2025-11-12 08:00:00,1762934412.0,0.0015
2025-11-12 09:00:00,1762938014.0,0.0015
2025-11-12 10:00:00,1762941611.0,0.0015
2025-11-12 11:00:00,1762945212.0,0.0015
2025-11-12 12:00:00,1762948816.0,0.0015
2025-11-12 13:00:00,1762952412.0,0.0015
2025-11-12 14:00:00,1762956014.0,0.0015
2025-11-12 15:00:00,1762959613.0,0.0015
2025-11-12 16:00:00,1762963213.0,0.0015
2025-11-12 17:00:00,1762966828.0,0.0015
2025-11-12 18:00:00,1762970415.0,0.0015
2025-11-12 19:00:00,1762974014.0,0.0015
2025-11-12 20:00:00,1762977614.0,0.0015
2025-11-12 21:00:00,1762981215.0,0.0015
2025-11-12 22:00:00,1762984813.0,0.0015
2025-11-12 23:00:00,1762988414.0,0.0015
2025-11-13 00:00:00,1762992012.0,0.0015
2025-11-13 01:00:00,1762995611.0,0.0015
2025-11-13 02:00:00,1762999208.0,0.0015
2025-11-13 03:00:00,1763002814.0,0.0015
2025-11-13 04:00:00,1763006414.0,0.0015
2025-11-13 05:00:00,1763010014.0,0.0015
2025-11-13 06:00:00,1763013615.0,0.0015
2025-11-13 07:00:00,1763017215.0,0.0015
2025-11-13 08:00:00,1763020814.0,0.0015
2025-11-13 09:00:00,1763024415.0,0.0015
2025-11-13 10:00:00,1763028012.0,0.0015
2025-11-13 11:00:00,1763031614.0,0.0015
2025-11-13 12:00:00,1763035216.0,0.0015
2025-11-13 13:00:00,1763038813.0,0.0015
2025-11-13 14:00:00,1763042414.0,0.0015
2025-11-13 15:00:00,1763046015.0,0.0015
2025-11-13 16:00:00,1763049616.0,0.0015
2025-11-13 17:00:00,1763053218.0,0.0015
2025-11-13 18:00:00,1763056816.0,0.0015
2025-11-13 19:00:00,1763060429.0,0.0015
2025-11-13 20:00:00,1763064014.0,0.0015
2025-11-13 21:00:00,1763067615.0,0.0015
2025-11-13 22:00:00,1763071214.0,0.0015
2025-11-13 23:00:00,1763074815.0,0.0015
2025-11-14 00:00:00,1763078412.0,0.0015
2025-11-14 01:00:00,1763082011.0,0.0015
2025-11-14 02:00:00,1763085613.0,0.0015
2025-11-14 03:00:00,1763089214.0,0.0015
2025-11-14 04:00:00,1763092814.0,0.0015
2025-11-14 05:00:00,1763096413.0,0.0015
2025-11-14 06:00:00,1763100015.0,0.0015
2025-11-14 07:00:00,1763103615.0,0.0015
2025-11-14 08:00:00,1763107213.0,0.0015
2025-11-14 09:00:00,1763110815.0,0.0015
2025-11-14 10:00:00,1763114413.0,0.0015
2025-11-14 11:00:00,1763118015.0,0.0015
2025-11-14 12:00:00,1763121617.0,0.0015
2025-11-14 13:00:00,1763125226.0,0.0015
2025-11-14 14:00:00,1763128815.0,0.0015
2025-11-14 15:00:00,1763132414.0,0.0015
2025-11-14 16:00:00,1763136014.0,0.0015
2025-11-14 17:00:00,1763139616.0,0.0015
2025-11-14 18:00:00,1763143215.0,0.0015
2025-11-14 19:00:00,1763146816.0,0.0015
2025-11-14 20:00:00,1763150415.0,0.0015
2025-11-14 21:00:00,1763154029.0,0.0015
2025-11-14 22:00:00,1763157615.0,0.0015
2025-11-14 23:00:00,1763161214.0,0.0015
2025-11-15 00:00:00,1763164813.0,0.0015
2025-11-15 01:00:00,1763168412.0,0.0015
2025-11-15 02:00:00,1763172014.0,0.0015
2025-11-15 03:00:00,1763175615.0,0.0015
2025-11-15 04:00:00,1763179215.0,0.0015
2025-11-15 05:00:00,1763182814.0,0.0015
2025-11-15 06:00:00,1763186415.0,0.0015
2025-11-15 07:00:00,1763190015.0,0.0015
2025-11-15 08:00:00,1763193614.0,0.0015
2025-11-15 09:00:00,1763197215.0,0.0015
2025-11-15 10:00:00,1763200815.0,0.0015
2025-11-15 11:00:00,1763204414.0,0.0015
2025-11-15 12:00:00,1763208017.0,0.0015
2025-11-15 13:00:00,1763211614.0,0.0015
2025-11-15 14:00:00,1763215214.0,0.0015
2025-11-15 15:00:00,1763218815.0,0.0015
2025-11-15 16:00:00,1763222415.0,0.0015
2025-11-15 17:00:00,1763226015.0,0.0015
2025-11-15 18:00:00,1763229616.0,0.0015
2025-11-15 19:00:00,1763233217.0,0.0015
2025-11-15 20:00:00,1763236815.0,0.0015
2025-11-15 21:00:00,1763240416.0,0.0015
2025-11-15 22:00:00,1763244015.0,0.0015
2025-11-15 23:00:00,1763247615.0,0.0015
2025-11-16 00:00:00,1763251210.0,0.0015
2025-11-16 01:00:00,1763254821.0,0.0015
2025-11-16 02:00:00,1763258411.0,0.0015
2025-11-16 03:00:00,1763262013.0,0.0015
2025-11-16 04:00:00,1763265612.0,0.0015
2025-11-16 05:00:00,1763269212.0,0.0015
2025-11-16 06:00:00,1763272813.0,0.0015
2025-11-16 07:00:00,1763276413.0,0.0015
2025-11-16 08:00:00,1763280012.0,0.0015
2025-11-16 09:00:00,1763283614.0,0.0015
2025-11-16 10:00:00,1763287213.0,0.0015
2025-11-16 11:00:00,1763290813.0,0.0015
2025-11-16 12:00:00,1763294416.0,0.0015
2025-11-16 13:00:00,1763298013.0,0.0015
2025-11-16 14:00:00,1763301613.0,0.0015
2025-11-16 15:00:00,1763305214.0,0.0015
2025-11-16 16:00:00,1763308813.0,0.0015
2025-11-16 17:00:00,1763312415.0,0.0015
2025-11-16 18:00:00,1763316017.0,0.0015
2025-11-16 19:00:00,1763319613.0,0.0015
2025-11-16 20:00:00,1763323214.0,0.0015
2025-11-16 21:00:00,1763326816.0,0.0015
2025-11-16 22:00:00,1763330413.0,0.0015
2025-11-16 23:00:00,1763334013.0,0.0015
2025-11-17 00:00:00,1763337612.0,0.0015
2025-11-17 01:00:00,1763341211.0,0.0015
2025-11-17 02:00:00,1763344812.0,0.0015
2025-11-17 03:00:00,1763348413.0,0.0015
2025-11-17 04:00:00,1763352013.0,0.0015
2025-11-17 05:00:00,1763355613.0,0.0015
2025-11-17 06:00:00,1763359214.0,0.0015
2025-11-17 07:00:00,1763362815.0,0.0015
2025-11-17 08:00:00,1763366428.0,0.0015
2025-11-17 09:00:00,1763370031.0,0.0015
2025-11-17 10:00:00,1763373616.0,0.0015
2025-11-17 11:00:00,1763377214.0,0.0015
2025-11-17 12:00:00,1763380814.0,0.0015
2025-11-17 13:00:00,1763384414.0,0.0015
2025-11-17 14:00:00,1763388011.0,0.0015
2025-11-17 15:00:00,1763391630.0,0.0015
2025-11-17 16:00:00,1763395213.0,0.0015
2025-11-17 17:00:00,1763398815.0,0.0015
2025-11-17 18:00:00,1763402414.0,0.0015
2025-11-17 19:00:00,1763406015.0,0.0015
2025-11-17 20:00:00,1763409614.0,0.0015
2025-11-17 21:00:00,1763413215.0,0.0015
2025-11-17 22:00:00,1763416817.0,0.0015
2025-11-17 23:00:00,1763420416.0,0.0015
2025-11-18 00:00:00,1763424010.0,0.0015
2025-11-18 01:00:00,1763427610.0,0.0015
2025-11-18 02:00:00,1763431211.0,0.0015
2025-11-18 03:00:00,1763434813.0,0.0015
2025-11-18 04:00:00,1763438413.0,0.0015
2025-11-18 05:00:00,1763442013.0,0.0015
2025-11-18 06:00:00,1763445614.0,0.0015
2025-11-18 07:00:00,1763449214.0,0.0015
2025-11-18 08:00:00,1763452813.0,0.0015
2025-11-18 09:00:00,1763456414.0,0.0015
2025-11-18 10:00:00,1763460013.0,0.0015
2025-11-18 11:00:00,1763463611.0,0.0015
2025-11-18 12:00:00,1763467216.0,0.0015
2025-11-18 13:00:00,1763470815.0,0.0015
2025-11-18 14:00:00,1763474413.0,0.0015
2025-11-18 15:00:00,1763478014.0,0.0015
2025-11-18 16:00:00,1763481614.0,0.0015
2025-11-18 17:00:00,1763485214.0,0.0015
2025-11-18 18:00:00,1763488815.0,0.0015
2025-11-18 19:00:00,1763492415.0,0.0015
2025-11-18 20:00:00,1763496014.0,0.0015
2025-11-18 21:00:00,1763499617.0,0.0015
2025-11-18 22:00:00,1763503215.0,0.0015
2025-11-18 23:00:00,1763506830.0,0.0015
2025-11-19 00:00:00,1763510414.0,0.0015
2025-11-19 01:00:00,1763514014.0,0.0015
2025-11-19 02:00:00,1763517615.0,0.0015
2025-11-19 03:00:00,1763521215.0,0.0015
2025-11-19 04:00:00,1763524814.0,0.0015
2025-11-19 05:00:00,1763528415.0,0.0015
2025-11-19 06:00:00,1763532017.0,0.0015
2025-11-19 07:00:00,1763535614.0,0.0015
2025-11-19 08:00:00,1763539216.0,0.0015
2025-11-19 09:00:00,1763542815.0,0.0015
2025-11-19 10:00:00,1763546415.0,0.0015
2025-11-19 11:00:00,1763550015.0,0.0015
2025-11-19 12:00:00,1763553618.0,0.0015
2025-11-19 13:00:00,1763557214.0,0.0015
2025-11-19 14:00:00,1763560826.0,0.0015
2025-11-19 15:00:00,1763564416.0,0.0015
2025-11-19 16:00:00,1763568027.0,0.0015
2025-11-19 17:00:00,1763571616.0,0.0015
2025-11-19 18:00:00,1763575224.0,0.0015
2025-11-19 19:00:00,1763578815.0,0.0015
2025-11-19 20:00:00,1763582414.0,0.0015
2025-11-19 21:00:00,1763586016.0,0.0015
2025-11-19 22:00:00,1763589615.0,0.0015
2025-11-19 23:00:00,1763593230.0,0.0015
2025-11-20 00:00:00,1763596810.0,0.0015
2025-11-20 01:00:00,1763600411.0,0.0015
2025-11-20 02:00:00,1763604012.0,0.0015
2025-11-20 03:00:00,1763607614.0,0.0015
2025-11-20 04:00:00,1763611215.0,0.0015
2025-11-20 05:00:00,1763614814.0,0.0015
2025-11-20 06:00:00,1763618415.0,0.0015
2025-11-20 07:00:00,1763622022.0,0.0015
2025-11-20 08:00:00,1763625614.0,0.0015
2025-11-20 09:00:00,1763629216.0,0.0015
2025-11-20 10:00:00,1763632813.0,0.0015
2025-11-20 11:00:00,1763636415.0,0.0015
2025-11-20 12:00:00,1763640011.0,0.0015
2025-11-20 13:00:00,1763643609.0,0.0015
2025-11-20 14:00:00,1763647208.0,0.0015
2025-11-20 15:00:00,1763650809.0,0.0015
2025-11-20 16:00:00,1763654408.0,0.001
2025-11-20 17:00:00,1763658011.0,0.001
2025-11-20 18:00:00,1763661611.0,0.001
2025-11-20 19:00:00,1763665209.0,0.001
2025-11-20 20:00:00,1763668810.0,0.0005
2025-11-20 21:00:00,1763672412.0,0.0005
2025-11-20 22:00:00,1763676024.0,0.0005
2025-11-20 23:00:00,1763679610.0,0.0005
2025-11-21 00:00:00,1763683215.0,0.0005
2025-11-21 01:00:00,1763686809.0,0.0005
2025-11-21 02:00:00,1763690408.0,0.0005
2025-11-21 03:00:00,1763694010.0,0.0005
2025-11-21 04:00:00,1763697622.0,0.0005
2025-11-21 05:00:00,1763701215.0,0.0005
2025-11-21 06:00:00,1763704810.0,0.0005
2025-11-21 07:00:00,1763708409.0,0.0005
2025-11-21 08:00:00,1763712009.0,0.0005
2025-11-21 09:00:00,1763715609.0,0.0005
2025-11-21 10:00:00,1763719208.0,0.0005
2025-11-21 11:00:00,1763722810.0,0.0005
2025-11-21 12:00:00,1763726411.0,0.0005
2025-11-21 13:00:00,1763730023.0,0.0005
2025-11-21 14:00:00,1763733610.0,0.0005
2025-11-21 15:00:00,1763737210.0,0.001
2025-11-21 16:00:00,1763740810.0,0.001
2025-11-21 17:00:00,1763744418.0,0.001
2025-11-21 18:00:00,1763748010.0,0.001
2025-11-21 19:00:00,1763751609.0,0.001
2025-11-21 20:00:00,1763755210.0,0.001
2025-11-21 21:00:00,1763758810.0,0.001
2025-11-21 22:00:00,1763762409.0,0.001
2025-11-21 23:00:00,1763766015.0,0.0005
2025-11-22 00:00:00,1763769611.0,0.0005
2025-11-22 01:00:00,1763773209.0,0.0005
2025-11-22 02:00:00,1763776808.0,0.0005
2025-11-22 03:00:00,1763780410.0,0.0005
2025-11-22 04:00:00,1763784024.0,0.0005
2025-11-22 05:00:00,1763787615.0,0.0005
2025-11-22 06:00:00,1763791216.0,0.0005
2025-11-22 07:00:00,1763794808.0,0.0005
2025-11-22 08:00:00,1763798408.0,0.0005
2025-11-22 09:00:00,1763802011.0,0.0005
2025-11-22 10:00:00,1763805609.0,0.0005
2025-11-22 11:00:00,1763809210.0,0.0005
2025-11-22 12:00:00,1763812811.0,0.0005
2025-11-22 13:00:00,1763816422.0,0.0005
2025-11-22 14:00:00,1763820010.0,0.0005
2025-11-22 15:00:00,1763823609.0,0.0005
2025-11-22 16:00:00,1763827209.0,0.0005
2025-11-22 17:00:00,1763830817.0,0.0005
2025-11-22 18:00:00,1763834409.0,0.0005
2025-11-22 19:00:00,1763838008.0,0.0005
2025-11-22 20:00:00,1763841609.0,0.0005
2025-11-22 21:00:00,1763845211.0,0.0005
2025-11-22 22:00:00,1763848808.0,0.0005
2025-11-22 23:00:00,1763852409.0,0.0005
2025-11-23 00:00:00,1763856011.0,0.0005
2025-11-23 01:00:00,1763859621.0,0.0005
2025-11-23 02:00:00,1763863209.0,0.0005
2025-11-23 03:00:00,1763866811.0,0.0005
2025-11-23 04:00:00,1763870408.0,0.0005
2025-11-23 05:00:00,1763874008.0,0.0015
2025-11-23 06:00:00,1763877615.0,0.0015
2025-11-23 07:00:00,1763881208.0,0.0015
2025-11-23 08:00:00,1763884808.0,0.0015
2025-11-23 09:00:00,1763888409.0,0.0015
2025-11-23 10:00:00,1763892008.0,0.0015
2025-11-23 11:00:00,1763895609.0,0.0015
2025-11-23 12:00:00,1763899210.0,0.0015
2025-11-23 13:00:00,1763902808.0,0.0015
2025-11-23 14:00:00,1763906410.0,0.0015
2025-11-23 15:00:00,1763910009.0,0.0015
2025-11-23 16:00:00,1763913608.0,0.0015
2025-11-23 17:00:00,1763917222.0,0.0015
2025-11-23 18:00:00,1763920810.0,0.0015
2025-11-23 19:00:00,1763924408.0,0.0015
2025-11-23 20:00:00,1763928009.0,0.0015
2025-11-23 21:00:00,1763931626.0,0.0015
2025-11-23 22:00:00,1763935208.0,0.0015
2025-11-23 23:00:00,1763938808.0,0.0015
2025-11-24 00:00:00,1763942412.0,0.0015
2025-11-24 01:00:00,1763946007.0,0.002
2025-11-24 02:00:00,1763949607.0,0.002
2025-11-24 03:00:00,1763953207.0,0.002
2025-11-24 04:00:00,1763956807.0,0.002
2025-11-24 05:00:00,1763960407.0,0.002
2025-11-24 06:00:00,1763964013.0,0.002
2025-11-24 07:00:00,1763967607.0,0.002
2025-11-24 08:00:00,1763971207.0,0.002
2025-11-24 09:00:00,1763974807.0,0.002
2025-11-24 10:00:00,1763978407.0,0.002
2025-11-24 11:00:00,1763982007.0,0.002
2025-11-24 12:00:00,1763985608.0,0.002
2025-11-24 13:00:00,1763989207.0,0.002
2025-11-24 14:00:00,1763992808.0,0.002
2025-11-24 15:00:00,1763996407.0,0.002
2025-11-24 16:00:00,1764000007.0,0.002
2025-11-24 17:00:00,1764003611.0,0.002
2025-11-24 18:00:00,1764007208.0,0.002
2025-11-24 19:00:00,1764010808.0,0.002
2025-11-24 20:00:00,1764014409.0,0.002
2025-11-24 21:00:00,1764018015.0,0.002
2025-11-24 22:00:00,1764021614.0,0.0015
2025-11-24 23:00:00,1764025214.0,0.0015
2025-11-25 00:00:00,1764028813.0,0.0015
2025-11-25 01:00:00,1764032413.0,0.0015
2025-11-25 02:00:00,1764036013.0,0.0015
2025-11-25 03:00:00,1764039614.0,0.003
2025-11-25 04:00:00,1764043215.0,0.003
2025-11-25 05:00:00,1764046815.0,0.003
2025-11-25 06:00:00,1764050415.0,0.003
2025-11-25 07:00:00,1764054015.0,0.003
2025-11-25 08:00:00,1764057614.0,0.0025
2025-11-25 09:00:00,1764061216.0,0.0015
2025-11-25 10:00:00,1764064815.0,0.0015
2025-11-25 11:00:00,1764068415.0,0.0015
2025-11-25 12:00:00,1764072016.0,0.0015
2025-11-25 13:00:00,1764075614.0,0.0015
2025-11-25 14:00:00,1764079215.0,0.0015
2025-11-25 15:00:00,1764082815.0,0.0015
2025-11-25 16:00:00,1764086415.0,0.0015
2025-11-25 17:00:00,1764090016.0,0.0015
2025-11-25 18:00:00,1764093616.0,0.001
2025-11-25 19:00:00,1764097215.0,0.0005
2025-11-25 20:00:00,1764100816.0,0.0005
2025-11-25 21:00:00,1764104416.0,0.0005
2025-11-25 22:00:00,1764108015.0,0.0005
2025-11-25 23:00:00,1764111616.0,0.0005
2025-11-26 00:00:00,1764115211.0,0.0005
2025-11-26 01:00:00,1764118811.0,0.0005
2025-11-26 02:00:00,1764122412.0,0.0005
2025-11-26 03:00:00,1764126015.0,0.0005
2025-11-26 04:00:00,1764129615.0,0.0005
2025-11-26 05:00:00,1764133214.0,0.0005
2025-11-26 06:00:00,1764136827.0,0.0005
2025-11-26 07:00:00,1764140415.0,0.0005
2025-11-26 08:00:00,1764144018.0,0.0005
2025-11-26 09:00:00,1764147615.0,0.0005
2025-11-26 10:00:00,1764151215.0,0.0005
2025-11-26 11:00:00,1764154815.0,0.0005
2025-11-26 12:00:00,1764158431.0,0.0005
2025-11-26 13:00:00,1764162014.0,0.0005
2025-11-26 14:00:00,1764165616.0,0.0005
2025-11-26 15:00:00,1764169214.0,0.0005
2025-11-26 16:00:00,1764172815.0,0.0005
2025-11-26 17:00:00,1764176418.0,0.0005
2025-11-26 18:00:00,1764180017.0,0.0005
2025-11-26 19:00:00,1764183618.0,0.0005
2025-11-26 20:00:00,1764187216.0,0.0005
2025-11-26 21:00:00,1764190817.0,0.0005
2025-11-26 22:00:00,1764194416.0,0.0005
2025-11-26 23:00:00,1764198016.0,0.0005
2025-11-27 00:00:00,1764201614.0,0.0005
2025-11-27 01:00:00,1764205224.0,0.0005
2025-11-27 02:00:00,1764208815.0,0.0005
2025-11-27 03:00:00,1764212416.0,0.0005
2025-11-27 04:00:00,1764216017.0,0.0005
2025-11-27 05:00:00,1764219615.0,0.0005
2025-11-27 06:00:00,1764223216.0,0.0005
2025-11-27 07:00:00,1764226816.0,0.0005
2025-11-27 08:00:00,1764230416.0,0.0005
2025-11-27 09:00:00,1764234016.0,0.0005
2025-11-27 10:00:00,1764237616.0,0.0005
2025-11-27 11:00:00,1764241215.0,0.0005
2025-11-27 12:00:00,1764244821.0,0.0005
2025-11-27 13:00:00,1764248414.0,0.0005
2025-11-27 14:00:00,1764252016.0,0.0005
2025-11-27 15:00:00,1764255615.0,0.0005
2025-11-27 16:00:00,1764259216.0,0.0005
2025-11-27 17:00:00,1764262818.0,0.0005
2025-11-27 18:00:00,1764266417.0,0.0005
2025-11-27 19:00:00,1764270017.0,0.0005
2025-11-27 20:00:00,1764273617.0,0.0005
2025-11-27 21:00:00,1764277217.0,0.0005
2025-11-27 22:00:00,1764280816.0,0.0005
2025-11-27 23:00:00,1764284417.0,0.0005
2025-11-28 00:00:00,1764288013.0,0.0005
2025-11-28 01:00:00,1764291613.0,0.0005
2025-11-28 02:00:00,1764295214.0,0.0005
2025-11-28 03:00:00,1764298815.0,0.0005
2025-11-28 04:00:00,1764302415.0,0.0005
2025-11-28 05:00:00,1764306015.0,0.0005
2025-11-28 06:00:00,1764309616.0,0.0005
2025-11-28 07:00:00,1764313217.0,0.0005
2025-11-28 08:00:00,1764316815.0,0.0005
2025-11-28 09:00:00,1764320417.0,0.0005
2025-11-28 10:00:00,1764324016.0,0.0005
2025-11-28 11:00:00,1764327615.0,0.0005
2025-11-28 12:00:00,1764331219.0,0.0005
2025-11-28 13:00:00,1764334816.0,0.0005
2025-11-28 14:00:00,1764338417.0,0.0005
2025-11-28 15:00:00,1764342016.0,0.0005
2025-11-28 16:00:00,1764345630.0,0.0005
2025-11-28 17:00:00,1764349219.0,0.0005
2025-11-28 18:00:00,1764352817.0,0.0005
2025-11-28 19:00:00,1764356418.0,0.0005
2025-11-28 20:00:00,1764360016.0,0.0005
2025-11-28 21:00:00,1764363620.0,0.0005
2025-11-28 22:00:00,1764367219.0,0.0005
2025-11-28 23:00:00,1764370817.0,0.0005
2025-11-29 00:00:00,1764374417.0,0.0005
2025-11-29 01:00:00,1764378015.0,0.0005
2025-11-29 02:00:00,1764381617.0,0.0005
2025-11-29 03:00:00,1764385210.0,0.0005
2025-11-29 04:00:00,1764388816.0,0.0005
2025-11-29 05:00:00,1764392416.0,0.0005
2025-11-29 06:00:00,1764396017.0,0.0005
2025-11-29 07:00:00,1764399617.0,0.0005
2025-11-29 08:00:00,1764403216.0,0.0005
2025-11-29 09:00:00,1764406818.0,0.0005
2025-11-29 10:00:00,1764410431.0,0.0005
2025-11-29 11:00:00,1764414016.0,0.0005
2025-11-29 12:00:00,1764417619.0,0.0005
2025-11-29 13:00:00,1764421215.0,0.0005
2025-11-29 14:00:00,1764424816.0,0.0005
2025-11-29 15:00:00,1764428417.0,0.0005
2025-11-29 16:00:00,1764432016.0,0.0005
2025-11-29 17:00:00,1764435618.0,0.0005
2025-11-29 18:00:00,1764439217.0,0.0005
2025-11-29 19:00:00,1764442818.0,0.0005
2025-11-29 20:00:00,1764446417.0,0.0005
2025-11-29 21:00:00,1764450019.0,0.0005
2025-11-29 22:00:00,1764453610.0,0.0005
2025-11-29 23:00:00,1764457216.0,0.0005
2025-11-30 00:00:00,1764460813.0,0.0005
2025-11-30 01:00:00,1764464414.0,0.0005
2025-11-30 02:00:00,1764468014.0,0.0005
2025-11-30 03:00:00,1764471616.0,0.0005
2025-11-30 04:00:00,1764475216.0,0.0005
2025-11-30 05:00:00,1764478814.0,0.0005
2025-11-30 06:00:00,1764482415.0,0.0005
2025-11-30 07:00:00,1764486018.0,0.0005
2025-11-30 08:00:00,1764489609.0,0.0005
2025-11-30 09:00:00,1764493217.0,0.0005
2025-11-30 10:00:00,1764496830.0,0.0005
2025-11-30 11:00:00,1764500415.0,0.0005
2025-11-30 12:00:00,1764504045.0,0.0005
2025-11-30 13:00:00,1764507608.0,0.0005
2025-11-30 14:00:00,1764511216.0,0.0005
2025-11-30 15:00:00,1764514828.0,0.0005
2025-11-30 16:00:00,1764518428.0,0.0005
2025-11-30 17:00:00,1764522016.0,0.0005
2025-11-30 18:00:00,1764525616.0,0.0005
2025-11-30 19:00:00,1764529216.0,0.0005
2025-11-30 20:00:00,1764532816.0,0.0005
2025-11-30 21:00:00,1764536417.0,0.0005
2025-11-30 22:00:00,1764540016.0,0.0005
2025-11-30 23:00:00,1764543621.0,0.0005
2025-12-01 00:00:00,1764547214.0,0.0005
2025-12-01 01:00:00,1764550815.0,0.0005
2025-12-01 02:00:00,1764554414.0,0.0005
2025-12-01 03:00:00,1764558027.0,0.0005
2025-12-01 04:00:00,1764561614.0,0.0005
2025-12-01 05:00:00,1764565215.0,0.0005
2025-12-01 06:00:00,1764568816.0,0.0005
2025-12-01 07:00:00,1764572415.0,0.0005
2025-12-01 08:00:00,1764576014.0,0.0005
2025-12-01 09:00:00,1764579628.0,0.0005
2025-12-01 10:00:00,1764583228.0,0.0005
2025-12-01 11:00:00,1764586814.0,0.0005
2025-12-01 12:00:00,1764590427.0,0.0005
2025-12-01 13:00:00,1764594014.0,0.0005
2025-12-01 14:00:00,1764597614.0,0.0005
2025-12-01 15:00:00,1764601228.0,0.0005
2025-12-01 16:00:00,1764604826.0,0.0005
2025-12-01 17:00:00,1764608415.0,0.0005
2025-12-01 18:00:00,1764612029.0,0.0005
2025-12-01 19:00:00,1764615615.0,0.0005
2025-12-01 20:00:00,1764619215.0,0.0005
2025-12-01 21:00:00,1764622816.0,0.0005
2025-12-01 22:00:00,1764626415.0,0.0005
2025-12-01 23:00:00,1764630015.0,0.0005
2025-12-02 00:00:00,1764633611.0,0.0005
2025-12-02 01:00:00,1764637211.0,0.0005
2025-12-02 02:00:00,1764640812.0,0.0005
2025-12-02 03:00:00,1764644413.0,0.0005
2025-12-02 04:00:00,1764648014.0,0.0005
2025-12-02 05:00:00,1764651613.0,0.0005
2025-12-02 06:00:00,1764655215.0,0.0005
2025-12-02 07:00:00,1764658815.0,0.0005
2025-12-02 08:00:00,1764662413.0,0.0005
2025-12-02 09:00:00,1764666015.0,0.0005
2025-12-02 10:00:00,1764669614.0,0.0005
2025-12-02 11:00:00,1764673215.0,0.0005
2025-12-02 12:00:00,1764676818.0,0.0005
2025-12-02 13:00:00,1764680414.0,0.0005
2025-12-02 14:00:00,1764684015.0,0.0005
2025-12-02 15:00:00,1764687614.0,0.0005
2025-12-02 16:00:00,1764691208.0,0.0005
2025-12-02 17:00:00,1764694816.0,0.0005
2025-12-02 18:00:00,1764698416.0,0.0005
2025-12-02 19:00:00,1764702016.0,0.0005
2025-12-02 20:00:00,1764705615.0,0.0005
2025-12-02 21:00:00,1764709216.0,0.0005
2025-12-02 22:00:00,1764712815.0,0.0005
2025-12-02 23:00:00,1764716415.0,0.0005
2025-12-03 00:00:00,1764720015.0,0.0005
2025-12-03 01:00:00,1764723613.0,0.0005
2025-12-03 02:00:00,1764727214.0,0.0005
2025-12-03 03:00:00,1764730815.0,0.0005
2025-12-03 04:00:00,1764734416.0,0.0005
2025-12-03 05:00:00,1764738015.0,0.0005
2025-12-03 06:00:00,1764741616.0,0.0005
2025-12-03 07:00:00,1764745217.0,0.0005
2025-12-03 08:00:00,1764748815.0,0.0005
2025-12-03 09:00:00,1764752417.0,0.0005
2025-12-03 10:00:00,1764756015.0,0.0005
2025-12-03 11:00:00,1764759616.0,0.0005
2025-12-03 12:00:00,1764763219.0,0.0005
2025-12-03 13:00:00,1764766815.0,0.0005
2025-12-03 14:00:00,1764770417.0,0.0005
2025-12-03 15:00:00,1764774010.0,0.0005
2025-12-03 16:00:00,1764777616.0,0.0005
2025-12-03 17:00:00,1764781217.0,0.0005
2025-12-03 18:00:00,1764784817.0,0.0005
2025-12-03 19:00:00,1764788417.0,0.0005
2025-12-03 20:00:00,1764792016.0,0.0005
2025-12-03 21:00:00,1764795618.0,0.0005
2025-12-03 22:00:00,1764799216.0,0.0005
2025-12-03 23:00:00,1764802816.0,0.0005
2025-12-04 00:00:00,1764806411.0,0.0005
2025-12-04 01:00:00,1764810011.0,0.0005
2025-12-04 02:00:00,1764813613.0,0.0005
2025-12-04 03:00:00,1764817215.0,0.0005
2025-12-04 04:00:00,1764820816.0,0.0005
2025-12-04 05:00:00,1764824414.0,0.0005
2025-12-04 06:00:00,1764828016.0,0.0005
2025-12-04 07:00:00,1764831616.0,0.0005
2025-12-04 08:00:00,1764835214.0,0.0005
2025-12-04 09:00:00,1764838821.0,0.0005
2025-12-04 10:00:00,1764842415.0,0.0005
2025-12-04 11:00:00,1764846015.0,0.0005
2025-12-04 12:00:00,1764849620.0,0.0005
2025-12-04 13:00:00,1764853214.0,0.0005
2025-12-04 14:00:00,1764856815.0,0.0005
2025-12-04 15:00:00,1764860415.0,0.0005
2025-12-04 16:00:00,1764864009.0,0.0005
2025-12-04 17:00:00,1764867611.0,0.0005
2025-12-04 18:00:00,1764871211.0,0.0005
2025-12-04 19:00:00,1764874809.0,0.0005
2025-12-04 20:00:00,1764878409.0,0.0005
2025-12-04 21:00:00,1764882010.0,0.0005
2025-12-04 22:00:00,1764885608.0,0.0005
2025-12-04 23:00:00,1764889209.0,0.0005
2025-12-05 00:00:00,1764892812.0,0.0005
2025-12-05 01:00:00,1764896409.0,0.0005
2025-12-05 02:00:00,1764900009.0,0.0005
2025-12-05 03:00:00,1764903611.0,0.0005
2025-12-05 04:00:00,1764907210.0,0.0005
2025-12-05 05:00:00,1764910809.0,0.0005
2025-12-05 06:00:00,1764914410.0,0.0005
2025-12-05 07:00:00,1764918009.0,0.0005
2025-12-05 08:00:00,1764921609.0,0.0005
2025-12-05 09:00:00,1764925210.0,0.0005
2025-12-05 10:00:00,1764928810.0,0.0005
2025-12-05 11:00:00,1764932409.0,0.0005
2025-12-05 12:00:00,1764936013.0,0.0005
2025-12-05 13:00:00,1764939609.0,0.0005
2025-12-05 14:00:00,1764943209.0,0.0005
2025-12-05 15:00:00,1764946811.0,0.0005
2025-12-05 16:00:00,1764950409.0,0.0005
2025-12-05 17:00:00,1764954011.0,0.0005
2025-12-05 18:00:00,1764957610.0,0.0005
2025-12-05 19:00:00,1764961213.0,0.0005
2025-12-05 20:00:00,1764964810.0,0.0005
2025-12-05 21:00:00,1764968412.0,0.0005
2025-12-05 22:00:00,1764972010.0,0.0005
2025-12-05 23:00:00,1764975609.0,0.0005
2025-12-06 00:00:00,1764979213.0,0.0005
2025-12-06 01:00:00,1764982810.0,0.0005
2025-12-06 02:00:00,1764986410.0,0.0005
2025-12-06 03:00:00,1764990011.0,0.0005
2025-12-06 04:00:00,1764993610.0,0.0005
2025-12-06 05:00:00,1764997210.0,0.0005
2025-12-06 06:00:00,1765000811.0,0.0005
2025-12-06 07:00:00,1765004418.0,0.0005
2025-12-06 08:00:00,1765008010.0,0.0005
2025-12-06 09:00:00,1765011613.0,0.0005
2025-12-06 10:00:00,1765015211.0,0.0005
2025-12-06 11:00:00,1765018811.0,0.0005
2025-12-06 12:00:00,1765022414.0,0.0005
2025-12-06 13:00:00,1765026010.0,0.0005
2025-12-06 14:00:00,1765029610.0,0.0005
2025-12-06 15:00:00,1765033211.0,0.0005
2025-12-06 16:00:00,1765036810.0,0.0005
2025-12-06 17:00:00,1765040414.0,0.0005
2025-12-06 18:00:00,1765044011.0,0.0005
2025-12-06 19:00:00,1765047611.0,0.0005
2025-12-06 20:00:00,1765051211.0,0.0005
2025-12-06 21:00:00,1765054812.0,0.0005
2025-12-06 22:00:00,1765058410.0,0.0005
2025-12-06 23:00:00,1765062009.0,0.0005
2025-12-07 00:00:00,1765065626.0,0.0005
2025-12-07 01:00:00,1765069210.0,0.0005
2025-12-07 02:00:00,1765072810.0,0.0005
2025-12-07 03:00:00,1765076412.0,0.0005
2025-12-07 04:00:00,1765080009.0,0.0005
2025-12-07 05:00:00,1765083609.0,0.0005
2025-12-07 06:00:00,1765087217.0,0.0005
2025-12-07 07:00:00,1765090810.0,0.0005
2025-12-07 08:00:00,1765094410.0,0.0005
2025-12-07 09:00:00,1765098010.0,0.0005
2025-12-07 10:00:00,1765101609.0,0.0005
2025-12-07 11:00:00,1765105209.0,0.0005
2025-12-07 12:00:00,1765108815.0,0.0005
2025-12-07 13:00:00,1765112409.0,0.0005
2025-12-07 14:00:00,1765116009.0,0.0005
2025-12-07 15:00:00,1765119610.0,0.0005
2025-12-07 16:00:00,1765123209.0,0.0005
2025-12-07 17:00:00,1765126812.0,0.0005
2025-12-07 18:00:00,1765130417.0,0.0005
2025-12-07 19:00:00,1765134010.0,0.0005
2025-12-07 20:00:00,1765137624.0,0.0005
2025-12-07 21:00:00,1765141212.0,0.0005
2025-12-07 22:00:00,1765144809.0,0.0005
2025-12-07 23:00:00,1765148409.0,0.0005
2025-12-08 00:00:00,1765152025.0,0.0005
2025-12-08 01:00:00,1765155623.0,0.0005
2025-12-08 02:00:00,1765159209.0,0.0005
2025-12-08 03:00:00,1765162809.0,0.0005
2025-12-08 04:00:00,1765166409.0,0.0005
2025-12-08 05:00:00,1765170008.0,0.0005
2025-12-08 06:00:00,1765173610.0,0.0005
2025-12-08 07:00:00,1765177209.0,0.0005
2025-12-08 08:00:00,1765180809.0,0.0005
2025-12-08 09:00:00,1765184410.0,0.0005
2025-12-08 10:00:00,1765188008.0,0.0005
2025-12-08 11:00:00,1765191608.0,0.0005
2025-12-08 12:00:00,1765195226.0,0.0005
2025-12-08 13:00:00,1765198811.0,0.0005
2025-12-08 14:00:00,1765202408.0,0.0005
2025-12-08 15:00:00,1765206009.0,0.0005
2025-12-08 16:00:00,1765209623.0,0.0005
2025-12-08 17:00:00,1765213209.0,0.0005
2025-12-08 18:00:00,1765216809.0,0.0005
2025-12-08 19:00:00,1765220409.0,0.0005
2025-12-08 20:00:00,1765224010.0,0.0005
2025-12-08 21:00:00,1765227624.0,0.0005
2025-12-08 22:00:00,1765231208.0,0.0005
2025-12-08 23:00:00,1765234810.0,0.0005
2025-12-09 00:00:00,1765238423.0,0.0005
2025-12-09 01:00:00,1765242014.0,0.0005
2025-12-09 02:00:00,1765245611.0,0.0005
2025-12-09 03:00:00,1765249210.0,0.0005
2025-12-09 04:00:00,1765252809.0,0.0005
2025-12-09 05:00:00,1765256409.0,0.0005
2025-12-09 06:00:00,1765260012.0,0.0005
2025-12-09 07:00:00,1765263613.0,0.0005
2025-12-09 08:00:00,1765267212.0,0.0005
2025-12-09 09:00:00,1765270811.0,0.0005
2025-12-09 10:00:00,1765274409.0,0.0005
2025-12-09 11:00:00,1765278011.0,0.0005
2025-12-09 12:00:00,1765281612.0,0.0005
2025-12-09 13:00:00,1765285212.0,0.0005
2025-12-09 14:00:00,1765288825.0,0.0005
2025-12-09 15:00:00,1765292413.0,0.0005
2025-12-09 16:00:00,1765296009.0,0.0005
2025-12-09 17:00:00,1765299612.0,0.0005
2025-12-09 18:00:00,1765303210.0,0.0005
2025-12-09 19:00:00,1765306809.0,0.0005
2025-12-09 20:00:00,1765310411.0,0.0005
2025-12-09 21:00:00,1765314012.0,0.0005
2025-12-09 22:00:00,1765317610.0,0.0005
2025-12-09 23:00:00,1765321211.0,0.0005
2025-12-10 00:00:00,1765324811.0,0.0005
2025-12-10 01:00:00,1765328420.0,0.0005
2025-12-10 02:00:00,1765332007.0,0.0005
2025-12-10 03:00:00,1765335609.0,0.0005
2025-12-10 04:00:00,1765339209.0,0.0005
2025-12-10 05:00:00,1765342810.0,0.0005
2025-12-10 06:00:00,1765346411.0,0.0005
2025-12-10 07:00:00,1765350008.0,0.0005
2025-12-10 08:00:00,1765353609.0,0.0005
2025-12-10 09:00:00,1765357223.0,0.0005
2025-12-10 10:00:00,1765360808.0,0.0005
2025-12-10 11:00:00,1765364408.0,0.0005
2025-12-10 12:00:00,1765368019.0,0.0005
2025-12-10 13:00:00,1765371608.0,0.0005
2025-12-10 14:00:00,1765375207.0,0.0005
2025-12-10 15:00:00,1765378811.0,0.0005
2025-12-10 16:00:00,1765382408.0,0.0005
2025-12-10 17:00:00,1765386010.0,0.0005
2025-12-10 18:00:00,1765389609.0,0.0005
2025-12-10 19:00:00,1765393208.0,0.0005
2025-12-10 20:00:00,1765396808.0,0.0005
2025-12-10 21:00:00,1765400409.0,0.0005
2025-12-10 22:00:00,1765404008.0,0.0005
2025-12-10 23:00:00,1765407608.0,0.0005
2025-12-11 00:00:00,1765411212.0,0.0005
2025-12-11 01:00:00,1765414812.0,0.0005
2025-12-11 02:00:00,1765418420.0,0.0005
2025-12-11 03:00:00,1765422010.0,0.0005
2025-12-11 04:00:00,1765425625.0,0.0005
2025-12-11 05:00:00,1765429216.0,0.0005
2025-12-11 06:00:00,1765432810.0,0.0005
2025-12-11 07:00:00,1765436409.0,0.0005
2025-12-11 08:00:00,1765440009.0,0.0005
2025-12-11 09:00:00,1765443610.0,0.0005
2025-12-11 10:00:00,1765447210.0,0.0005
2025-12-11 11:00:00,1765450816.0,0.0005
2025-12-11 12:00:00,1765454413.0,0.0005
2025-12-11 13:00:00,1765458010.0,0.0005
2025-12-11 14:00:00,1765461608.0,0.0005
2025-12-11 15:00:00,1765465210.0,0.0005
2025-12-11 16:00:00,1765468818.0,0.0005
2025-12-11 17:00:00,1765472411.0,0.0005
2025-12-11 18:00:00,1765476009.0,0.0005
2025-12-11 19:00:00,1765479622.0,0.0005
2025-12-11 20:00:00,1765483210.0,0.0005
2025-12-11 21:00:00,1765486810.0,0.0005
2025-12-11 22:00:00,1765490409.0,0.0005
2025-12-11 23:00:00,1765494011.0,0.0005
2025-12-12 00:00:00,1765497612.0,0.0005
2025-12-12 01:00:00,1765501209.0,0.0005
2025-12-12 02:00:00,1765504809.0,0.0005
2025-12-12 03:00:00,1765508412.0,0.0005
2025-12-12 04:00:00,1765512010.0,0.0005
2025-12-12 05:00:00,1765515622.0,0.0005
2025-12-12 06:00:00,1765519211.0,0.0005
2025-12-12 07:00:00,1765522810.0,0.0005
2025-12-12 08:00:00,1765526408.0,0.0005
2025-12-12 09:00:00,1765530010.0,0.0005
2025-12-12 10:00:00,1765533609.0,0.0005
2025-12-12 11:00:00,1765537210.0,0.0005
2025-12-12 12:00:00,1765540813.0,0.0005
2025-12-12 13:00:00,1765544409.0,0.0005
2025-12-12 14:00:00,1765548009.0,0.0005
2025-12-12 15:00:00,1765551610.0,0.0005
2025-12-12 16:00:00,1765555209.0,0.0005
2025-12-12 17:00:00,1765558815.0,0.0005
2025-12-12 18:00:00,1765562412.0,0.0005
2025-12-12 19:00:00,1765566010.0,0.0005
2025-12-12 20:00:00,1765569611.0,0.0005
2025-12-12 21:00:00,1765573211.0,0.0005
2025-12-12 22:00:00,1765576812.0,0.0005
2025-12-12 23:00:00,1765580409.0,0.0005
2025-12-13 00:00:00,1765584014.0,0.0005
2025-12-13 01:00:00,1765587610.0,0.0005
2025-12-13 02:00:00,1765591210.0,0.0005
2025-12-13 03:00:00,1765594811.0,0.0005
2025-12-13 04:00:00,1765598411.0,0.0005
2025-12-13 05:00:00,1765602009.0,0.0005
2025-12-13 06:00:00,1765605618.0,0.0005
2025-12-13 07:00:00,1765609210.0,0.0005
2025-12-13 08:00:00,1765612810.0,0.0005
2025-12-13 09:00:00,1765616411.0,0.0005
2025-12-13 10:00:00,1765620010.0,0.0005
2025-12-13 11:00:00,1765623610.0,0.0005
2025-12-13 12:00:00,1765627214.0,0.0005
2025-12-13 13:00:00,1765630810.0,0.0005
2025-12-13 14:00:00,1765634417.0,0.0005
2025-12-13 15:00:00,1765638012.0,0.0005
2025-12-13 16:00:00,1765641610.0,0.0005
2025-12-13 17:00:00,1765645212.0,0.0005
2025-12-13 18:00:00,1765648812.0,0.0005
2025-12-13 19:00:00,1765652410.0,0.0005
2025-12-13 20:00:00,1765656011.0,0.0005
2025-12-13 21:00:00,1765659612.0,0.0005
2025-12-13 22:00:00,1765663211.0,0.0005
2025-12-13 23:00:00,1765666810.0,0.0005
2025-12-14 00:00:00,1765670414.0,0.0005
2025-12-14 01:00:00,1765674010.0,0.0005
2025-12-14 02:00:00,1765677610.0,0.0005
2025-12-14 03:00:00,1765681212.0,0.0005
2025-12-14 04:00:00,1765684809.0,0.0005
2025-12-14 05:00:00,1765688410.0,0.0005
2025-12-14 06:00:00,1765692011.0,0.0005
2025-12-14 07:00:00,1765695609.0,0.0005
2025-12-14 08:00:00,1765699210.0,0.0005
2025-12-14 09:00:00,1765702811.0,0.0005
2025-12-14 10:00:00,1765706411.0,0.0005
2025-12-14 11:00:00,1765710009.0,0.0005
2025-12-14 12:00:00,1765713613.0,0.0005
2025-12-14 13:00:00,1765717209.0,0.0005
2025-12-14 14:00:00,1765720809.0,0.0005
2025-12-14 15:00:00,1765724411.0,0.0005
2025-12-14 16:00:00,1765728010.0,0.0005
2025-12-14 17:00:00,1765731612.0,0.0005
2025-12-14 18:00:00,1765735212.0,0.0005
2025-12-14 19:00:00,1765738811.0,0.0005
2025-12-14 20:00:00,1765742412.0,0.0005
2025-12-14 21:00:00,1765746012.0,0.0005
2025-12-14 22:00:00,1765749609.0,0.0005
2025-12-14 23:00:00,1765753210.0,0.0005
2025-12-15 00:00:00,1765756814.0,0.0005
2025-12-15 01:00:00,1765760409.0,0.0005
2025-12-15 02:00:00,1765764009.0,0.0005
2025-12-15 03:00:00,1765767611.0,0.0005
2025-12-15 04:00:00,1765771211.0,0.0005
2025-12-15 05:00:00,1765774810.0,0.0005
2025-12-15 06:00:00,1765778412.0,0.0005
2025-12-15 07:00:00,1765782009.0,0.0005
2025-12-15 08:00:00,1765785609.0,0.0005
2025-12-15 09:00:00,1765789214.0,0.0005
2025-12-15 10:00:00,1765792809.0,0.0005
2025-12-15 11:00:00,1765796412.0,0.0005
2025-12-15 12:00:00,1765800012.0,0.0005
2025-12-15 13:00:00,1765803622.0,0.0005
2025-12-15 14:00:00,1765807209.0,0.0005
2025-12-15 15:00:00,1765810811.0,0.0005
2025-12-15 16:00:00,1765814410.0,0.0005
2025-12-15 17:00:00,1765818012.0,0.0005
2025-12-15 18:00:00,1765821626.0,0.0005
2025-12-15 19:00:00,1765825209.0,0.0005
2025-12-15 20:00:00,1765828809.0,0.0005
2025-12-15 21:00:00,1765832411.0,0.0005
2025-12-15 22:00:00,1765836025.0,0.0005
2025-12-15 23:00:00,1765839609.0,0.0005
2025-12-16 00:00:00,1765843212.0,0.0005
2025-12-16 01:00:00,1765846812.0,0.0005
2025-12-16 02:00:00,1765850409.0,0.0005
2025-12-16 03:00:00,1765854010.0,0.0005
2025-12-16 04:00:00,1765857609.0,0.0005
2025-12-16 05:00:00,1765861209.0,0.0005
2025-12-16 06:00:00,1765864810.0,0.0005
2025-12-16 07:00:00,1765868416.0,0.0005
2025-12-16 08:00:00,1765872015.0,0.0005
2025-12-16 09:00:00,1765875610.0,0.0005
2025-12-16 10:00:00,1765879209.0,0.0005
2025-12-16 11:00:00,1765882809.0,0.0005
2025-12-16 12:00:00,1765886425.0,0.0005
2025-12-16 13:00:00,1765890009.0,0.0005
2025-12-16 14:00:00,1765893624.0,0.0005
2025-12-16 15:00:00,1765897210.0,0.0005
2025-12-16 16:00:00,1765900826.0,0.0005
2025-12-16 17:00:00,1765904410.0,0.0005
2025-12-16 18:00:00,1765908011.0,0.0005
2025-12-16 19:00:00,1765911610.0,0.0005
2025-12-16 20:00:00,1765915210.0,0.0005
2025-12-16 21:00:00,1765918811.0,0.0005
2025-12-16 22:00:00,1765922410.0,0.0005
2025-12-16 23:00:00,1765926011.0,0.0005
2025-12-17 00:00:00,1765929609.0,0.0005
2025-12-17 01:00:00,1765933209.0,0.0005
2025-12-17 02:00:00,1765936810.0,0.0005
2025-12-17 03:00:00,1765940424.0,0.0005
2025-12-17 04:00:00,1765944010.0,0.0005
2025-12-17 05:00:00,1765947611.0,0.0005
2025-12-17 06:00:00,1765951217.0,0.0005
2025-12-17 07:00:00,1765954812.0,0.0005
2025-12-17 08:00:00,1765958422.0,0.0005
2025-12-17 09:00:00,1765962012.0,0.0005
2025-12-17 10:00:00,1765965611.0,0.0005
2025-12-17 11:00:00,1765969211.0,0.0005
2025-12-17 12:00:00,1765972813.0,0.0005
2025-12-17 13:00:00,1765976410.0,0.0005
2025-12-17 14:00:00,1765980010.0,0.0005
2025-12-17 15:00:00,1765983613.0,0.0005
2025-12-17 16:00:00,1765987211.0,0.0005
2025-12-17 17:00:00,1765990810.0,0.0005
2025-12-17 18:00:00,1765994411.0,0.0005
2025-12-17 19:00:00,1765998013.0,0.0005
2025-12-17 20:00:00,1766001610.0,0.0005
2025-12-17 21:00:00,1766005212.0,0.0005
2025-12-17 22:00:00,1766008810.0,0.0005
2025-12-17 23:00:00,1766012410.0,0.0005
2025-12-18 00:00:00,1766016022.0,0.0005
2025-12-18 01:00:00,1766019609.0,0.0005
2025-12-18 02:00:00,1766023209.0,0.0005
2025-12-18 03:00:00,1766026810.0,0.0005
2025-12-18 04:00:00,1766030409.0,0.0005
2025-12-18 05:00:00,1766034015.0,0.0005
2025-12-18 06:00:00,1766037611.0,0.0005
2025-12-18 07:00:00,1766041210.0,0.0005
2025-12-18 08:00:00,1766044809.0,0.0005
2025-12-18 09:00:00,1766048410.0,0.0005
2025-12-18 10:00:00,1766052017.0,0.0005
2025-12-18 11:00:00,1766055610.0,0.0005
2025-12-18 12:00:00,1766059212.0,0.0005
2025-12-18 13:00:00,1766062811.0,0.0005
2025-12-18 14:00:00,1766066424.0,0.0005
2025-12-18 15:00:00,1766070010.0,0.0005
2025-12-18 16:00:00,1766073617.0,0.0005
2025-12-18 17:00:00,1766077213.0,0.0005
2025-12-18 18:00:00,1766080812.0,0.0005
2025-12-18 19:00:00,1766084413.0,0.0005
2025-12-18 20:00:00,1766088012.0,0.0005
2025-12-18 21:00:00,1766091612.0,0.0005
2025-12-18 22:00:00,1766095212.0,0.0005
2025-12-18 23:00:00,1766098809.0,0.0005
2025-12-19 00:00:00,1766102412.0,0.0005
2025-12-19 01:00:00,1766106010.0,0.0005
2025-12-19 02:00:00,1766109610.0,0.0005
2025-12-19 03:00:00,1766113211.0,0.0005
2025-12-19 04:00:00,1766116811.0,0.0005
2025-12-19 05:00:00,1766120411.0,0.0005
2025-12-19 06:00:00,1766124012.0,0.0005
2025-12-19 07:00:00,1766127611.0,0.0005
2025-12-19 08:00:00,1766131211.0,0.0005
2025-12-19 09:00:00,1766134814.0,0.0005
2025-12-19 10:00:00,1766138411.0,0.0005
2025-12-19 11:00:00,1766142010.0,0.0005
2025-12-19 12:00:00,1766145614.0,0.0005
2025-12-19 13:00:00,1766149211.0,0.0005
2025-12-19 14:00:00,1766152811.0,0.0005
2025-12-19 15:00:00,1766156426.0,0.0005
2025-12-19 16:00:00,1766160026.0,0.0005
2025-12-19 17:00:00,1766163612.0,0.0005
2025-12-19 18:00:00,1766167211.0,0.0005
2025-12-19 19:00:00,1766170810.0,0.0005
2025-12-19 20:00:00,1766174410.0,0.0005
2025-12-19 21:00:00,1766178011.0,0.0005
2025-12-19 22:00:00,1766181609.0,0.0005
2025-12-19 23:00:00,1766185210.0,0.0005
2025-12-20 00:00:00,1766188812.0,0.0005
2025-12-20 01:00:00,1766192411.0,0.0005
2025-12-20 02:00:00,1766196009.0,0.0005
2025-12-20 03:00:00,1766199622.0,0.0005
2025-12-20 04:00:00,1766203210.0,0.0005
2025-12-20 05:00:00,1766206810.0,0.0005
2025-12-20 06:00:00,1766210411.0,0.0005
2025-12-20 07:00:00,1766214011.0,0.0005
2025-12-20 08:00:00,1766217610.0,0.0005
2025-12-20 09:00:00,1766221212.0,0.0005
2025-12-20 10:00:00,1766224810.0,0.0005
2025-12-20 11:00:00,1766228410.0,0.0005
2025-12-20 12:00:00,1766232014.0,0.0005
2025-12-20 13:00:00,1766235610.0,0.0005
2025-12-20 14:00:00,1766239210.0,0.0005
2025-12-20 15:00:00,1766242812.0,0.0005
2025-12-20 16:00:00,1766246411.0,0.0005
2025-12-20 17:00:00,1766250013.0,0.0005
2025-12-20 18:00:00,1766253611.0,0.0005
2025-12-20 19:00:00,1766257212.0,0.0005
2025-12-20 20:00:00,1766260813.0,0.0005
2025-12-20 21:00:00,1766264414.0,0.0005
2025-12-20 22:00:00,1766268012.0,0.0005
2025-12-20 23:00:00,1766271614.0,0.0005
2025-12-21 00:00:00,1766275212.0,0.0005
2025-12-21 01:00:00,1766278810.0,0.0005
2025-12-21 02:00:00,1766282410.0,0.0005
2025-12-21 03:00:00,1766286018.0,0.0005
2025-12-21 04:00:00,1766289616.0,0.0005
2025-12-21 05:00:00,1766293209.0,0.0005
2025-12-21 06:00:00,1766296812.0,0.0005
2025-12-21 07:00:00,1766300409.0,0.0005
2025-12-21 08:00:00,1766304010.0,0.0005
2025-12-21 09:00:00,1766307611.0,0.0005
2025-12-21 10:00:00,1766311209.0,0.0005
2025-12-21 11:00:00,1766314810.0,0.0005
2025-12-21 12:00:00,1766318412.0,0.0005
2025-12-21 13:00:00,1766322010.0,0.0005
2025-12-21 14:00:00,1766325610.0,0.0005
2025-12-21 15:00:00,1766329212.0,0.0005
2025-12-21 16:00:00,1766332809.0,0.0005
2025-12-21 17:00:00,1766336414.0,0.0005
2025-12-21 18:00:00,1766340012.0,0.0005
2025-12-21 19:00:00,1766343610.0,0.0005
2025-12-21 20:00:00,1766347212.0,0.0005
2025-12-21 21:00:00,1766350811.0,0.0005
2025-12-21 22:00:00,1766354409.0,0.0005
2025-12-21 23:00:00,1766358010.0,0.0005
2025-12-22 00:00:00,1766361612.0,0.0005
2025-12-22 01:00:00,1766365210.0,0.0005
2025-12-22 02:00:00,1766368810.0,0.0005
2025-12-22 03:00:00,1766372411.0,0.0005
2025-12-22 04:00:00,1766376015.0,0.0005
2025-12-22 05:00:00,1766379609.0,0.0005
2025-12-22 06:00:00,1766383210.0,0.0005
2025-12-22 07:00:00,1766386810.0,0.0005
2025-12-22 08:00:00,1766390423.0,0.0005
2025-12-22 09:00:00,1766394024.0,0.0005
2025-12-22 10:00:00,1766397610.0,0.0005
2025-12-22 11:00:00,1766401210.0,0.0005
2025-12-22 12:00:00,1766404812.0,0.0005
2025-12-22 13:00:00,1766408409.0,0.0005
2025-12-22 14:00:00,1766412010.0,0.0005
2025-12-22 15:00:00,1766415612.0,0.0005
2025-12-22 16:00:00,1766419209.0,0.0005
2025-12-22 17:00:00,1766422812.0,0.0005
2025-12-22 18:00:00,1766426411.0,0.0005
2025-12-22 19:00:00,1766430010.0,0.0005
2025-12-22 20:00:00,1766433622.0,0.0005
2025-12-22 21:00:00,1766437211.0,0.0005
2025-12-22 22:00:00,1766440822.0,0.0005
2025-12-22 23:00:00,1766444410.0,0.0005
2025-12-23 00:00:00,1766448013.0,0.0005
2025-12-23 01:00:00,1766451610.0,0.0005
2025-12-23 02:00:00,1766455210.0,0.0005
2025-12-23 03:00:00,1766458812.0,0.0005
2025-12-23 04:00:00,1766462422.0,0.0005
2025-12-23 05:00:00,1766466028.0,0.0005
2025-12-23 06:00:00,1766469627.0,0.0005
2025-12-23 07:00:00,1766473211.0,0.0005
2025-12-23 08:00:00,1766476823.0,0.0005
2025-12-23 09:00:00,1766480411.0,0.0005
2025-12-23 10:00:00,1766484010.0,0.0005
2025-12-23 11:00:00,1766487610.0,0.0005
2025-12-23 12:00:00,1766491215.0,0.0005
2025-12-23 13:00:00,1766494811.0,0.0005
2025-12-23 14:00:00,1766498410.0,0.0005
2025-12-23 15:00:00,1766502012.0,0.0005
2025-12-23 16:00:00,1766505610.0,0.0005
2025-12-23 17:00:00,1766509228.0,0.0005
2025-12-23 18:00:00,1766512812.0,0.0005
2025-12-23 19:00:00,1766516411.0,0.0005
2025-12-23 20:00:00,1766520010.0,0.0005
2025-12-23 21:00:00,1766523611.0,0.0005
2025-12-23 22:00:00,1766527211.0,0.0005
2025-12-23 23:00:00,1766530811.0,0.0005
2025-12-24 00:00:00,1766534413.0,0.0005
2025-12-24 01:00:00,1766538012.0,0.0005
2025-12-24 02:00:00,1766541610.0,0.0005
2025-12-24 03:00:00,1766545212.0,0.0005
2025-12-24 04:00:00,1766548811.0,0.0005
2025-12-24 05:00:00,1766552411.0,0.0005
2025-12-24 06:00:00,1766556013.0,0.0005
2025-12-24 07:00:00,1766559610.0,0.0005
2025-12-24 08:00:00,1766563212.0,0.0005
2025-12-24 09:00:00,1766566813.0,0.0005
2025-12-24 10:00:00,1766570412.0,0.0005
2025-12-24 11:00:00,1766574012.0,0.0005
2025-12-24 12:00:00,1766577613.0,0.0005
2025-12-24 13:00:00,1766581211.0,0.0005
2025-12-24 14:00:00,1766584811.0,0.0005
2025-12-24 15:00:00,1766588412.0,0.0005
2025-12-24 16:00:00,1766592011.0,0.0005
2025-12-24 17:00:00,1766595613.0,0.0005
2025-12-24 18:00:00,1766599212.0,0.0005
2025-12-24 19:00:00,1766602812.0,0.0005
2025-12-24 20:00:00,1766606411.0,0.0005
2025-12-24 21:00:00,1766610013.0,0.0005
2025-12-24 22:00:00,1766613611.0,0.0005
2025-12-24 23:00:00,1766617210.0,0.0005
2025-12-25 00:00:00,1766620823.0,0.0005
2025-12-25 01:00:00,1766624410.0,0.0005
2025-12-25 02:00:00,1766628011.0,0.0005
2025-12-25 03:00:00,1766631613.0,0.0005
2025-12-25 04:00:00,1766635211.0,0.0005
2025-12-25 05:00:00,1766638811.0,0.0005
2025-12-25 06:00:00,1766642412.0,0.0005
2025-12-25 07:00:00,1766646011.0,0.0005
2025-12-25 08:00:00,1766649612.0,0.0005
2025-12-25 09:00:00,1766653211.0,0.0005
2025-12-25 10:00:00,1766656810.0,0.0005
2025-12-25 11:00:00,1766660410.0,0.0005
2025-12-25 12:00:00,1766664014.0,0.0005
2025-12-25 13:00:00,1766667611.0,0.0005
2025-12-25 14:00:00,1766671211.0,0.0005
2025-12-25 15:00:00,1766674812.0,0.0005
2025-12-25 16:00:00,1766678410.0,0.0005
2025-12-25 17:00:00,1766682014.0,0.0005
2025-12-25 18:00:00,1766685613.0,0.0005
2025-12-25 19:00:00,1766689211.0,0.0005
2025-12-25 20:00:00,1766692812.0,0.0005
2025-12-25 21:00:00,1766696412.0,0.0005
2025-12-25 22:00:00,1766700013.0,0.0005
2025-12-25 23:00:00,1766703611.0,0.0005
2025-12-26 00:00:00,1766707210.0,0.0005
2025-12-26 01:00:00,1766710809.0,0.0005
2025-12-26 02:00:00,1766714409.0,0.0005
2025-12-26 03:00:00,1766718009.0,0.0005
2025-12-26 04:00:00,1766721609.0,0.0005
2025-12-26 05:00:00,1766725210.0,0.0005
2025-12-26 06:00:00,1766728809.0,0.0005
2025-12-26 07:00:00,1766732409.0,0.0005
2025-12-26 08:00:00,1766736009.0,0.0005
2025-12-26 09:00:00,1766739610.0,0.0005
2025-12-26 10:00:00,1766743209.0,0.0005
2025-12-26 11:00:00,1766746810.0,0.0005
2025-12-26 12:00:00,1766750412.0,0.0005
2025-12-26 13:00:00,1766754009.0,0.0005
2025-12-26 14:00:00,1766757609.0,0.0005
2025-12-26 15:00:00,1766761211.0,0.0005
2025-12-26 16:00:00,1766764809.0,0.0005
2025-12-26 17:00:00,1766768413.0,0.0005
2025-12-26 18:00:00,1766772010.0,0.0005
2025-12-26 19:00:00,1766775610.0,0.0005
2025-12-26 20:00:00,1766779210.0,0.0005
2025-12-26 21:00:00,1766782812.0,0.0005
2025-12-26 22:00:00,1766786410.0,0.0005
2025-12-26 23:00:00,1766790009.0,0.0005
2025-12-27 00:00:00,1766793614.0,0.0005
2025-12-27 01:00:00,1766797211.0,0.0005
2025-12-27 02:00:00,1766800810.0,0.0005
2025-12-27 03:00:00,1766804412.0,0.0005
2025-12-27 04:00:00,1766808011.0,0.0005
2025-12-27 05:00:00,1766811612.0,0.0005
2025-12-27 06:00:00,1766815212.0,0.0005
2025-12-27 07:00:00,1766818819.0,0.0005
2025-12-27 08:00:00,1766822411.0,0.0005
2025-12-27 09:00:00,1766826012.0,0.0005
2025-12-27 10:00:00,1766829611.0,0.0005
2025-12-27 11:00:00,1766833213.0,0.0005
2025-12-27 12:00:00,1766836813.0,0.0005
2025-12-27 13:00:00,1766840411.0,0.0005
2025-12-27 14:00:00,1766844011.0,0.0005
2025-12-27 15:00:00,1766847611.0,0.0005
2025-12-27 16:00:00,1766851211.0,0.0005
2025-12-27 17:00:00,1766854811.0,0.0005
2025-12-27 18:00:00,1766858412.0,0.0005
2025-12-27 19:00:00,1766862011.0,0.0005
2025-12-27 20:00:00,1766865611.0,0.0005
2025-12-27 21:00:00,1766869211.0,0.0005
2025-12-27 22:00:00,1766872812.0,0.001
2025-12-27 23:00:00,1766876411.0,0.0005
2025-12-28 00:00:00,1766880014.0,0.0005
2025-12-28 01:00:00,1766883685.0,0.0005
2025-12-28 02:00:00,1766887211.0,0.0005
2025-12-28 03:00:00,1766890812.0,0.0005
2025-12-28 04:00:00,1766894411.0,0.0005
2025-12-28 05:00:00,1766898011.0,0.0005
2025-12-28 06:00:00,1766901612.0,0.0005
2025-12-28 07:00:00,1766905211.0,0.0005
2025-12-28 08:00:00,1766908812.0,0.0015
2025-12-28 09:00:00,1766912412.0,0.0005
2025-12-28 10:00:00,1766916012.0,0.0005
2025-12-28 11:00:00,1766919611.0,0.0005
2025-12-28 12:00:00,1766923213.0,0.0005
2025-12-28 13:00:00,1766926810.0,0.0005
2025-12-28 14:00:00,1766930411.0,0.0005
2025-12-28 15:00:00,1766934019.0,0.0005
2025-12-28 16:00:00,1766937625.0,0.0005
2025-12-28 17:00:00,1766941213.0,0.0005
2025-12-28 18:00:00,1766944813.0,0.0005
2025-12-28 19:00:00,1766948411.0,0.0005
2025-12-28 20:00:00,1766952025.0,0.0005
2025-12-28 21:00:00,1766955613.0,0.0015
2025-12-28 22:00:00,1766959212.0,0.0015
2025-12-28 23:00:00,1766962813.0,0.0015
2025-12-29 00:00:00,1766966430.0,0.001
2025-12-29 01:00:00,1766970085.0,0.001
2025-12-29 02:00:00,1766973612.0,0.001
2025-12-29 03:00:00,1766977226.0,0.0015
2025-12-29 04:00:00,1766980811.0,0.0015
2025-12-29 05:00:00,1766984417.0,0.0015
2025-12-29 06:00:00,1766988013.0,0.0015
2025-12-29 07:00:00,1766991614.0,0.0015
2025-12-29 08:00:00,1766995219.0,0.0015
2025-12-29 09:00:00,1766998812.0,0.0015
2025-12-29 10:00:00,1767002412.0,0.0015
2025-12-29 11:00:00,1767006012.0,0.0015
2025-12-29 12:00:00,1767009614.0,0.0015
2025-12-29 13:00:00,1767013212.0,0.0015
2025-12-29 14:00:00,1767016811.0,0.001
2025-12-29 15:00:00,1767020412.0,0.0005
2025-12-29 16:00:00,1767024010.0,0.0005
2025-12-29 17:00:00,1767027612.0,0.0005
2025-12-29 18:00:00,1767031211.0,0.0005
2025-12-29 19:00:00,1767034812.0,0.0005
2025-12-29 20:00:00,1767038411.0,0.0005
2025-12-29 21:00:00,1767042011.0,0.0005
2025-12-29 22:00:00,1767045612.0,0.0005
2025-12-29 23:00:00,1767049219.0,0.0005
2025-12-30 00:00:00,1767052817.0,0.0005
2025-12-30 01:00:00,1767056411.0,0.0005
2025-12-30 02:00:00,1767060012.0,0.0005
2025-12-30 03:00:00,1767063613.0,0.0005
2025-12-30 04:00:00,1767067211.0,0.0005
2025-12-30 05:00:00,1767070818.0,0.0005
2025-12-30 06:00:00,1767074412.0,0.0005
2025-12-30 07:00:00,1767078016.0,0.0005
2025-12-30 08:00:00,1767081612.0,0.0005
2025-12-30 09:00:00,1767085214.0,0.0005
2025-12-30 10:00:00,1767088811.0,0.0005
2025-12-30 11:00:00,1767092413.0,0.0005
2025-12-30 12:00:00,1767096015.0,0.0005
2025-12-30 13:00:00,1767099611.0,0.0005
2025-12-30 14:00:00,1767103211.0,0.0005
2025-12-30 15:00:00,1767106812.0,0.0005
2025-12-30 16:00:00,1767110412.0,0.0005
2025-12-30 17:00:00,1767114014.0,0.0005
2025-12-30 18:00:00,1767117617.0,0.0005
2025-12-30 19:00:00,1767121211.0,0.0005
2025-12-30 20:00:00,1767124821.0,0.0005
2025-12-30 21:00:00,1767128412.0,0.0005
2025-12-30 22:00:00,1767132012.0,0.0005
2025-12-30 23:00:00,1767135612.0,0.0005
2025-12-31 00:00:00,1767139214.0,0.0005
2025-12-31 01:00:00,1767142812.0,0.0005
2025-12-31 02:00:00,1767146412.0,0.0005
2025-12-31 03:00:00,1767150014.0,0.0005
2025-12-31 04:00:00,1767153621.0,0.0005
2025-12-31 05:00:00,1767157211.0,0.0005
2025-12-31 06:00:00,1767160812.0,0.0005
2025-12-31 07:00:00,1767164411.0,0.0005
2025-12-31 08:00:00,1767168013.0,0.0005
2025-12-31 09:00:00,1767171613.0,0.0005
2025-12-31 10:00:00,1767175212.0,0.0005
2025-12-31 11:00:00,1767178822.0,0.0005
2025-12-31 12:00:00,1767182413.0,0.0005
2025-12-31 13:00:00,1767186011.0,0.0005
2025-12-31 14:00:00,1767189613.0,0.0005
2025-12-31 15:00:00,1767193212.0,0.0005
2025-12-31 16:00:00,1767196814.0,0.0005
2025-12-31 17:00:00,1767200415.0,0.0005
2025-12-31 18:00:00,1767204014.0,0.0005
2025-12-31 19:00:00,1767207637.0,0.0005
2025-12-31 20:00:00,1767211213.0,0.0005
2025-12-31 21:00:00,1767214814.0,0.001
2025-12-31 22:00:00,1767218413.0,0.001
2025-12-31 23:00:00,1767222012.0,0.001
2026-01-01 00:00:00,1767225613.0,0.001
2026-01-01 01:00:00,1767229211.0,0.0005
2026-01-01 02:00:00,1767232812.0,0.0005
2026-01-01 03:00:00,1767236412.0,0.0005
2026-01-01 04:00:00,1767240027.0,0.0005
2026-01-01 05:00:00,1767243612.0,0.0005
2026-01-01 06:00:00,1767247214.0,0.0005
2026-01-01 07:00:00,1767250811.0,0.0005
2026-01-01 08:00:00,1767254411.0,0.0005
2026-01-01 09:00:00,1767258013.0,0.0005
2026-01-01 10:00:00,1767261612.0,0.0005
2026-01-01 11:00:00,1767265211.0,0.0005
2026-01-01 12:00:00,1767268814.0,0.0005
2026-01-01 13:00:00,1767272428.0,0.0005
2026-01-01 14:00:00,1767276010.0,0.0005
2026-01-01 15:00:00,1767279612.0,0.0005
2026-01-01 16:00:00,1767283210.0,0.0005
2026-01-01 17:00:00,1767286813.0,0.0005
2026-01-01 18:00:00,1767290412.0,0.0005
2026-01-01 19:00:00,1767294010.0,0.0005
2026-01-01 20:00:00,1767297622.0,0.0005
2026-01-01 21:00:00,1767301211.0,0.0005
2026-01-01 22:00:00,1767304818.0,0.0005
2026-01-01 23:00:00,1767308411.0,0.0005
2026-01-02 00:00:00,1767312013.0,0.0005
2026-01-02 01:00:00,1767315610.0,0.0005
2026-01-02 02:00:00,1767319211.0,0.0005
2026-01-02 03:00:00,1767322820.0,0.0005
2026-01-02 04:00:00,1767326410.0,0.0005
2026-01-02 05:00:00,1767330012.0,0.0005
2026-01-02 06:00:00,1767333611.0,0.0005
2026-01-02 07:00:00,1767337210.0,0.0005
2026-01-02 08:00:00,1767340812.0,0.0005
2026-01-02 09:00:00,1767344412.0,0.0005
2026-01-02 10:00:00,1767348013.0,0.0005
2026-01-02 11:00:00,1767351612.0,0.0005
2026-01-02 12:00:00,1767355213.0,0.001
2026-01-02 13:00:00,1767358810.0,0.0015
2026-01-02 14:00:00,1767362411.0,0.0015
2026-01-02 15:00:00,1767366013.0,0.0015
2026-01-02 16:00:00,1767369612.0,0.0015
2026-01-02 17:00:00,1767373213.0,0.0015
2026-01-02 18:00:00,1767376826.0,0.0015
2026-01-02 19:00:00,1767380412.0,0.0005
2026-01-02 20:00:00,1767384013.0,0.0005
2026-01-02 21:00:00,1767387613.0,0.0005
2026-01-02 22:00:00,1767391213.0,0.0005
2026-01-02 23:00:00,1767394811.0,0.0005
2026-01-03 00:00:00,1767398412.0,0.001
2026-01-03 01:00:00,1767402084.0,0.001
2026-01-03 02:00:00,1767405610.0,0.001
2026-01-03 03:00:00,1767409211.0,0.001
2026-01-03 04:00:00,1767412812.0,0.001
2026-01-03 05:00:00,1767416422.0,0.001
2026-01-03 06:00:00,1767420020.0,0.0015
2026-01-03 07:00:00,1767423611.0,0.0015
2026-01-03 08:00:00,1767427209.0,0.0015
2026-01-03 09:00:00,1767430824.0,0.0005
2026-01-03 10:00:00,1767434410.0,0.0005
2026-01-03 11:00:00,1767438011.0,0.0005
2026-01-03 12:00:00,1767441614.0,0.0005
2026-01-03 13:00:00,1767445210.0,0.0005
2026-01-03 14:00:00,1767448812.0,0.0005
2026-01-03 15:00:00,1767452427.0,0.0005
2026-01-03 16:00:00,1767456011.0,0.0005
2026-01-03 17:00:00,1767459614.0,0.0005
2026-01-03 18:00:00,1767463212.0,0.0005
2026-01-03 19:00:00,1767466811.0,0.0005
2026-01-03 20:00:00,1767470413.0,0.0005
2026-01-03 21:00:00,1767474013.0,0.0005
2026-01-03 22:00:00,1767477611.0,0.0005
2026-01-03 23:00:00,1767481211.0,0.0005
2026-01-04 00:00:00,1767484814.0,0.0005
2026-01-04 01:00:00,1767488412.0,0.0005
2026-01-04 02:00:00,1767492011.0,0.0005
2026-01-04 03:00:00,1767495626.0,0.0005
2026-01-04 04:00:00,1767499213.0,0.0005
2026-01-04 05:00:00,1767502811.0,0.0005
2026-01-04 06:00:00,1767506412.0,0.0005
2026-01-04 07:00:00,1767510012.0,0.0005
2026-01-04 08:00:00,1767513611.0,0.0005
2026-01-04 09:00:00,1767517211.0,0.0005
2026-01-04 10:00:00,1767520810.0,0.0005
2026-01-04 11:00:00,1767524417.0,0.0005
2026-01-04 12:00:00,1767528015.0,0.0005
2026-01-04 13:00:00,1767531611.0,0.0005
2026-01-04 14:00:00,1767535212.0,0.0005
2026-01-04 15:00:00,1767538818.0,0.0005
2026-01-04 16:00:00,1767542418.0,0.0005
2026-01-04 17:00:00,1767546012.0,0.0005
2026-01-04 18:00:00,1767549613.0,0.0005
2026-01-04 19:00:00,1767553211.0,0.0005
2026-01-04 20:00:00,1767556829.0,0.0005
2026-01-04 21:00:00,1767560415.0,0.0005
2026-01-04 22:00:00,1767564012.0,0.0005
2026-01-04 23:00:00,1767567611.0,0.0005
2026-01-05 00:00:00,1767571216.0,0.0005
2026-01-05 01:00:00,1767574811.0,0.0005
2026-01-05 02:00:00,1767578411.0,0.0005
2026-01-05 03:00:00,1767582013.0,0.0005
2026-01-05 04:00:00,1767585611.0,0.0005
2026-01-05 05:00:00,1767589225.0,0.0005
2026-01-05 06:00:00,1767592813.0,0.0005
2026-01-05 07:00:00,1767596411.0,0.0005
2026-01-05 08:00:00,1767600012.0,0.0005
2026-01-05 09:00:00,1767603617.0,0.0005
2026-01-05 10:00:00,1767607211.0,0.0005
2026-01-05 11:00:00,1767610810.0,0.0005
2026-01-05 12:00:00,1767614413.0,0.0005
2026-01-05 13:00:00,1767618011.0,0.0005
2026-01-05 14:00:00,1767621611.0,0.0005
2026-01-05 15:00:00,1767625213.0,0.0005
2026-01-05 16:00:00,1767628812.0,0.0005
2026-01-05 17:00:00,1767632421.0,0.0005
2026-01-05 18:00:00,1767636013.0,0.0005
2026-01-05 19:00:00,1767639612.0,0.0005
2026-01-05 20:00:00,1767643211.0,0.0005
2026-01-05 21:00:00,1767646814.0,0.0005
2026-01-05 22:00:00,1767650429.0,0.0005
2026-01-05 23:00:00,1767654011.0,0.0005
2026-01-06 00:00:00,1767657617.0,0.0005
2026-01-06 01:00:00,1767661218.0,0.0005
2026-01-06 02:00:00,1767664812.0,0.0005
2026-01-06 03:00:00,1767668413.0,0.0005
2026-01-06 04:00:00,1767672014.0,0.0005
2026-01-06 05:00:00,1767675611.0,0.0005
2026-01-06 06:00:00,1767679216.0,0.0005
2026-01-06 07:00:00,1767682815.0,0.0005
2026-01-06 08:00:00,1767686416.0,0.0005
2026-01-06 09:00:00,1767690014.0,0.0005
2026-01-06 10:00:00,1767693612.0,0.0005
2026-01-06 11:00:00,1767697217.0,0.0005
2026-01-06 12:00:00,1767700814.0,0.0005
2026-01-06 13:00:00,1767704420.0,0.0005
2026-01-06 14:00:00,1767708013.0,0.0005
2026-01-06 15:00:00,1767711618.0,0.0005
2026-01-06 16:00:00,1767715212.0,0.0005
2026-01-06 17:00:00,1767718814.0,0.0005
2026-01-06 18:00:00,1767722413.0,0.0005
2026-01-06 19:00:00,1767726012.0,0.0005
2026-01-06 20:00:00,1767729613.0,0.0005
2026-01-06 21:00:00,1767733213.0,0.0005
2026-01-06 22:00:00,1767736812.0,0.0005
2026-01-06 23:00:00,1767740420.0,0.0005
2026-01-07 00:00:00,1767744014.0,0.0005
2026-01-07 01:00:00,1767747612.0,0.0005
2026-01-07 02:00:00,1767751213.0,0.0005
2026-01-07 03:00:00,1767754814.0,0.0005
2026-01-07 04:00:00,1767758412.0,0.0005
2026-01-07 05:00:00,1767762013.0,0.0005
2026-01-07 06:00:00,1767765618.0,0.0005
2026-01-07 07:00:00,1767769213.0,0.0005
2026-01-07 08:00:00,1767772813.0,0.0005
2026-01-07 09:00:00,1767776414.0,0.0005
2026-01-07 10:00:00,1767780018.0,0.0005
2026-01-07 11:00:00,1767783612.0,0.0005
2026-01-07 12:00:00,1767787219.0,0.0005
2026-01-07 13:00:00,1767790813.0,0.0005
2026-01-07 14:00:00,1767794412.0,0.0005
2026-01-07 15:00:00,1767798016.0,0.0005
2026-01-07 16:00:00,1767801613.0,0.0005
2026-01-07 17:00:00,1767805216.0,0.0005
2026-01-07 18:00:00,1767808813.0,0.0005
2026-01-07 19:00:00,1767812414.0,0.0005
2026-01-07 20:00:00,1767816013.0,0.0005
2026-01-07 21:00:00,1767819620.0,0.0005
2026-01-07 22:00:00,1767823217.0,0.0005
2026-01-07 23:00:00,1767826813.0,0.0005
2026-01-08 00:00:00,1767830430.0,0.0005
2026-01-08 01:00:00,1767834026.0,0.0005
2026-01-08 02:00:00,1767837612.0,0.0005
2026-01-08 03:00:00,1767841214.0,0.0005
2026-01-08 04:00:00,1767844813.0,0.0005
2026-01-08 05:00:00,1767848412.0,0.0005
2026-01-08 06:00:00,1767852013.0,0.0005
2026-01-08 07:00:00,1767855613.0,0.0005
2026-01-08 08:00:00,1767859223.0,0.0005
2026-01-08 09:00:00,1767862813.0,0.0005
2026-01-08 10:00:00,1767866421.0,0.0005
2026-01-08 11:00:00,1767870013.0,0.0005
2026-01-08 12:00:00,1767873624.0,0.0005
2026-01-08 13:00:00,1767877212.0,0.0005
2026-01-08 14:00:00,1767880816.0,0.0005
2026-01-08 15:00:00,1767884414.0,0.0005
2026-01-08 16:00:00,1767888027.0,0.0005
2026-01-08 17:00:00,1767891617.0,0.0005
2026-01-08 18:00:00,1767895214.0,0.0005
2026-01-08 19:00:00,1767898814.0,0.0005
2026-01-08 20:00:00,1767902414.0,0.0005
2026-01-08 21:00:00,1767906015.0,0.0005
2026-01-08 22:00:00,1767909615.0,0.0005
2026-01-08 23:00:00,1767913215.0,0.0005
2026-01-09 00:00:00,1767916815.0,0.0005
2026-01-09 01:00:00,1767920413.0,0.0005
2026-01-09 02:00:00,1767924013.0,0.0005
2026-01-09 03:00:00,1767927615.0,0.0005
2026-01-09 04:00:00,1767931213.0,0.0005
2026-01-09 05:00:00,1767934813.0,0.0005
2026-01-09 06:00:00,1767938415.0,0.0005
2026-01-09 07:00:00,1767942013.0,0.0005
2026-01-09 08:00:00,1767945614.0,0.0005
2026-01-09 09:00:00,1767949214.0,0.0005
2026-01-09 10:00:00,1767952814.0,0.0005
2026-01-09 11:00:00,1767956413.0,0.0005
2026-01-09 12:00:00,1767960029.0,0.0005
2026-01-09 13:00:00,1767963614.0,0.0005
2026-01-09 14:00:00,1767967213.0,0.0005
2026-01-09 15:00:00,1767970815.0,0.0005
2026-01-09 16:00:00,1767974416.0,0.0005
2026-01-09 17:00:00,1767978017.0,0.0005
2026-01-09 18:00:00,1767981617.0,0.0005
2026-01-09 19:00:00,1767985215.0,0.0005
2026-01-09 20:00:00,1767988824.0,0.0005
2026-01-09 21:00:00,1767992415.0,0.0005
2026-01-09 22:00:00,1767996015.0,0.0005
2026-01-09 23:00:00,1767999614.0,0.0005
2026-01-10 00:00:00,1768003216.0,0.0005
2026-01-10 01:00:00,1768006815.0,0.0005
2026-01-10 02:00:00,1768010412.0,0.0005
2026-01-10 03:00:00,1768014014.0,0.0005
2026-01-10 04:00:00,1768017613.0,0.0005
2026-01-10 05:00:00,1768021212.0,0.0005
2026-01-10 06:00:00,1768024816.0,0.0005
2026-01-10 07:00:00,1768028413.0,0.0005
2026-01-10 08:00:00,1768032028.0,0.0005
2026-01-10 09:00:00,1768035617.0,0.0005
2026-01-10 10:00:00,1768039215.0,0.0005
2026-01-10 11:00:00,1768042814.0,0.0005
2026-01-10 12:00:00,1768046416.0,0.0005
2026-01-10 13:00:00,1768050015.0,0.0005
2026-01-10 14:00:00,1768053618.0,0.0005
2026-01-10 15:00:00,1768057216.0,0.0005
2026-01-10 16:00:00,1768060826.0,0.0005
2026-01-10 17:00:00,1768064416.0,0.0005
2026-01-10 18:00:00,1768068017.0,0.0005
2026-01-10 19:00:00,1768071613.0,0.0005
2026-01-10 20:00:00,1768075213.0,0.0005
2026-01-10 21:00:00,1768078819.0,0.0005
2026-01-10 22:00:00,1768082414.0,0.0005
2026-01-10 23:00:00,1768086023.0,0.0005
2026-01-11 00:00:00,1768089614.0,0.0005
2026-01-11 01:00:00,1768093213.0,0.0005
2026-01-11 02:00:00,1768096826.0,0.0005
2026-01-11 03:00:00,1768100413.0,0.0005
2026-01-11 04:00:00,1768104014.0,0.001
2026-01-11 05:00:00,1768107610.0,0.001
2026-01-11 06:00:00,1768111214.0,0.001
2026-01-11 07:00:00,1768114813.0,0.001
2026-01-11 08:00:00,1768118413.0,0.001
2026-01-11 09:00:00,1768122012.0,0.001
2026-01-11 10:00:00,1768125611.0,0.001
2026-01-11 11:00:00,1768129220.0,0.0005
2026-01-11 12:00:00,1768132814.0,0.0005
2026-01-11 13:00:00,1768136413.0,0.0005
2026-01-11 14:00:00,1768140012.0,0.0005
2026-01-11 15:00:00,1768143621.0,0.0005
2026-01-11 16:00:00,1768147211.0,0.0005
2026-01-11 17:00:00,1768150822.0,0.0005
2026-01-11 18:00:00,1768154416.0,0.0005
2026-01-11 19:00:00,1768158014.0,0.0005
2026-01-11 20:00:00,1768161615.0,0.001
2026-01-11 21:00:00,1768165232.0,0.0005
2026-01-11 22:00:00,1768168815.0,0.0005
2026-01-11 23:00:00,1768172413.0,0.0005
2026-01-12 00:00:00,1768176016.0,0.0005
2026-01-12 01:00:00,1768179613.0,0.0005
2026-01-12 02:00:00,1768183223.0,0.0005
2026-01-12 03:00:00,1768186829.0,0.0005
2026-01-12 04:00:00,1768190413.0,0.0005
2026-01-12 05:00:00,1768194013.0,0.0005
2026-01-12 06:00:00,1768197613.0,0.0005
2026-01-12 07:00:00,1768201214.0,0.0005
2026-01-12 08:00:00,1768204814.0,0.0005
2026-01-12 09:00:00,1768208413.0,0.0005
2026-01-12 10:00:00,1768212012.0,0.0005
2026-01-12 11:00:00,1768215623.0,0.0005
2026-01-12 12:00:00,1768219220.0,0.0005
2026-01-12 13:00:00,1768222814.0,0.0005
2026-01-12 14:00:00,1768226412.0,0.0005
2026-01-12 15:00:00,1768230016.0,0.0005
2026-01-12 16:00:00,1768233612.0,0.0005
2026-01-12 17:00:00,1768237213.0,0.0005
2026-01-12 18:00:00,1768240841.0,0.0005
2026-01-12 19:00:00,1768244413.0,0.0005
2026-01-12 20:00:00,1768248015.0,0.0005
2026-01-12 21:00:00,1768251617.0,0.0005
2026-01-12 22:00:00,1768255241.0,0.0005
2026-01-12 23:00:00,1768258818.0,0.0005
2026-01-13 00:00:00,1768262416.0,0.0005
2026-01-13 01:00:00,1768266087.0,0.0005
2026-01-13 02:00:00,1768269613.0,0.0005
2026-01-13 03:00:00,1768273217.0,0.0005
2026-01-13 04:00:00,1768276813.0,0.0005
2026-01-13 05:00:00,1768280414.0,0.0005
2026-01-13 06:00:00,1768284015.0,0.0005
2026-01-13 07:00:00,1768287624.0,0.0005
2026-01-13 08:00:00,1768291227.0,0.0005
2026-01-13 09:00:00,1768294818.0,0.0005
2026-01-13 10:00:00,1768298414.0,0.0005
2026-01-13 11:00:00,1768302014.0,0.0005
2026-01-13 12:00:00,1768305619.0,0.0005
2026-01-13 13:00:00,1768309258.0,0.0005
2026-01-13 14:00:00,1768312828.0,0.0005
2026-01-13 15:00:00,1768316415.0,0.0005
2026-01-13 16:00:00,1768320021.0,0.0005
2026-01-13 17:00:00,1768323616.0,0.0005
2026-01-13 18:00:00,1768327216.0,0.0005
2026-01-13 19:00:00,1768330851.0,0.0005
2026-01-13 20:00:00,1768334414.0,0.0005
2026-01-13 21:00:00,1768338016.0,0.0005
2026-01-13 22:00:00,1768341615.0,0.0005
2026-01-13 23:00:00,1768345215.0,0.0005
2026-01-14 00:00:00,1768348816.0,0.0005
2026-01-14 01:00:00,1768352414.0,0.0005
2026-01-14 02:00:00,1768356015.0,0.0005
2026-01-14 03:00:00,1768359616.0,0.0005
2026-01-14 04:00:00,1768363216.0,0.0005
2026-01-14 05:00:00,1768366816.0,0.0005
2026-01-14 06:00:00,1768370416.0,0.0005
2026-01-14 07:00:00,1768374015.0,0.0005
2026-01-14 08:00:00,1768377629.0,0.0005
2026-01-14 09:00:00,1768381215.0,0.0005
2026-01-14 10:00:00,1768384813.0,0.0005
2026-01-14 11:00:00,1768388413.0,0.0005
2026-01-14 12:00:00,1768392018.0,0.0005
2026-01-14 13:00:00,1768395616.0,0.0005
2026-01-14 14:00:00,1768399213.0,0.0005
2026-01-14 15:00:00,1768402824.0,0.0005
2026-01-14 16:00:00,1768406428.0,0.0005
2026-01-14 17:00:00,1768410018.0,0.0005
2026-01-14 18:00:00,1768413618.0,0.0005
2026-01-14 19:00:00,1768417215.0,0.0005
2026-01-14 20:00:00,1768420815.0,0.0005
2026-01-14 21:00:00,1768424418.0,0.0005
2026-01-14 22:00:00,1768428017.0,0.0005
2026-01-14 23:00:00,1768431615.0,0.0005
2026-01-15 00:00:00,1768435217.0,0.0005
2026-01-15 01:00:00,1768438814.0,0.0005
2026-01-15 02:00:00,1768442414.0,0.0005
2026-01-15 03:00:00,1768446022.0,0.0005
2026-01-15 04:00:00,1768449615.0,0.0005
2026-01-15 05:00:00,1768453214.0,0.0005
2026-01-15 06:00:00,1768456816.0,0.0005
2026-01-15 07:00:00,1768460415.0,0.0005
2026-01-15 08:00:00,1768464014.0,0.0005
2026-01-15 09:00:00,1768467619.0,0.0005
2026-01-15 10:00:00,1768471215.0,0.0005
2026-01-15 11:00:00,1768474815.0,0.0005
2026-01-15 12:00:00,1768478417.0,0.0005
2026-01-15 13:00:00,1768482016.0,0.0005
2026-01-15 14:00:00,1768485615.0,0.0005
2026-01-15 15:00:00,1768489216.0,0.0005
2026-01-15 16:00:00,1768492815.0,0.0005
2026-01-15 17:00:00,1768496419.0,0.0005
2026-01-15 18:00:00,1768500020.0,0.0005
2026-01-15 19:00:00,1768503619.0,0.0005
2026-01-15 20:00:00,1768507217.0,0.0005
2026-01-15 21:00:00,1768510820.0,0.0005
2026-01-15 22:00:00,1768514416.0,0.0005
2026-01-15 23:00:00,1768518017.0,0.0005
2026-01-16 00:00:00,1768521620.0,0.001
2026-01-16 01:00:00,1768525218.0,0.001
2026-01-16 02:00:00,1768528816.0,0.001
2026-01-16 03:00:00,1768532419.0,0.001
2026-01-16 04:00:00,1768536016.0,0.0005
2026-01-16 05:00:00,1768539615.0,0.0005
2026-01-16 06:00:00,1768543217.0,0.0005
2026-01-16 07:00:00,1768546815.0,0.0005
2026-01-16 08:00:00,1768550415.0,0.0005
2026-01-16 09:00:00,1768554016.0,0.0005
2026-01-16 10:00:00,1768557615.0,0.0005
2026-01-16 11:00:00,1768561214.0,0.0005
2026-01-16 12:00:00,1768564818.0,0.0005
2026-01-16 13:00:00,1768568416.0,0.0005
2026-01-16 14:00:00,1768572015.0,0.0005
2026-01-16 15:00:00,1768575616.0,0.0005
2026-01-16 16:00:00,1768579215.0,0.0005
2026-01-16 17:00:00,1768582817.0,0.0005
2026-01-16 18:00:00,1768586418.0,0.0005
2026-01-16 19:00:00,1768590017.0,0.0005
2026-01-16 20:00:00,1768593615.0,0.0005
2026-01-16 21:00:00,1768597219.0,0.0005
2026-01-16 22:00:00,1768600825.0,0.0005
2026-01-16 23:00:00,1768604416.0,0.0005
2026-01-17 00:00:00,1768608018.0,0.0005
2026-01-17 01:00:00,1768611616.0,0.0005
2026-01-17 02:00:00,1768615216.0,0.0005
2026-01-17 03:00:00,1768618819.0,0.0005
2026-01-17 04:00:00,1768622415.0,0.0005
2026-01-17 05:00:00,1768626015.0,0.0005
2026-01-17 06:00:00,1768629617.0,0.0005
2026-01-17 07:00:00,1768633217.0,0.0005
2026-01-17 08:00:00,1768636815.0,0.0005
2026-01-17 09:00:00,1768640417.0,0.0005
2026-01-17 10:00:00,1768644029.0,0.0005
2026-01-17 11:00:00,1768647615.0,0.0005
2026-01-17 12:00:00,1768651220.0,0.0005
2026-01-17 13:00:00,1768654817.0,0.0005
2026-01-17 14:00:00,1768658426.0,0.0005
2026-01-17 15:00:00,1768662020.0,0.0005
2026-01-17 16:00:00,1768665615.0,0.0005
2026-01-17 17:00:00,1768669228.0,0.0005
2026-01-17 18:00:00,1768672820.0,0.0005
2026-01-17 19:00:00,1768676417.0,0.0005
2026-01-17 20:00:00,1768680024.0,0.0005
2026-01-17 21:00:00,1768683630.0,0.0005
2026-01-17 22:00:00,1768687216.0,0.0005
2026-01-17 23:00:00,1768690816.0,0.0005
2026-01-18 00:00:00,1768694424.0,0.0005
2026-01-18 01:00:00,1768698014.0,0.0005
2026-01-18 02:00:00,1768701646.0,0.0005
2026-01-18 03:00:00,1768705218.0,0.0005
2026-01-18 04:00:00,1768708817.0,0.0005
2026-01-18 05:00:00,1768712426.0,0.0005
2026-01-18 06:00:00,1768716044.0,0.0005
2026-01-18 07:00:00,1768719614.0,0.0005
2026-01-18 08:00:00,1768723236.0,0.0005
2026-01-18 09:00:00,1768726816.0,0.0005
2026-01-18 10:00:00,1768730414.0,0.0005
2026-01-18 11:00:00,1768734017.0,0.0005
2026-01-18 12:00:00,1768737633.0,0.0005
2026-01-18 13:00:00,1768741228.0,0.0005
2026-01-18 14:00:00,1768744816.0,0.0005
2026-01-18 15:00:00,1768748416.0,0.0005
2026-01-18 16:00:00,1768752014.0,0.0005
2026-01-18 17:00:00,1768755632.0,0.0005
2026-01-18 18:00:00,1768759232.0,0.0005
2026-01-18 19:00:00,1768762815.0,0.0005
2026-01-18 20:00:00,1768766416.0,0.0005
2026-01-18 21:00:00,1768770017.0,0.0005
2026-01-18 22:00:00,1768773614.0,0.0005
2026-01-18 23:00:00,1768777216.0,0.0005
2026-01-19 00:00:00,1768780815.0,0.0005
2026-01-19 01:00:00,1768784508.0,0.0005
2026-01-19 02:00:00,1768788022.0,0.0005
2026-01-19 03:00:00,1768791614.0,0.0005
2026-01-19 04:00:00,1768795218.0,0.0005
2026-01-19 05:00:00,1768798823.0,0.0005
2026-01-19 06:00:00,1768802415.0,0.0005
2026-01-19 07:00:00,1768806024.0,0.0005
2026-01-19 08:00:00,1768809624.0,0.0005
2026-01-19 09:00:00,1768813216.0,0.0005
2026-01-19 10:00:00,1768816813.0,0.0005
2026-01-19 11:00:00,1768820423.0,0.0005
2026-01-19 12:00:00,1768824017.0,0.0005
2026-01-19 13:00:00,1768827612.0,0.0005
2026-01-19 14:00:00,1768831212.0,0.0005
2026-01-19 15:00:00,1768834815.0,0.0005
2026-01-19 16:00:00,1768838413.0,0.0005
2026-01-19 17:00:00,1768842026.0,0.0005
2026-01-19 18:00:00,1768845617.0,0.0005
2026-01-19 19:00:00,1768849215.0,0.0005
2026-01-19 20:00:00,1768852817.0,0.0005
2026-01-19 21:00:00,1768856416.0,0.0005
2026-01-19 22:00:00,1768860016.0,0.0005
2026-01-19 23:00:00,1768863623.0,0.0005
2026-01-20 00:00:00,1768867217.0,0.0005
2026-01-20 01:00:00,1768870813.0,0.0005
2026-01-20 02:00:00,1768874413.0,0.0005
2026-01-20 03:00:00,1768878030.0,0.0005
2026-01-20 04:00:00,1768881623.0,0.0005
2026-01-20 05:00:00,1768885228.0,0.0005
2026-01-20 06:00:00,1768888818.0,0.0005
2026-01-20 07:00:00,1768892414.0,0.0005
2026-01-20 08:00:00,1768896015.0,0.0005
2026-01-20 09:00:00,1768899614.0,0.0005
2026-01-20 10:00:00,1768903215.0,0.0005
2026-01-20 11:00:00,1768906814.0,0.0005
2026-01-20 12:00:00,1768910417.0,0.0005
2026-01-20 13:00:00,1768914014.0,0.0005
2026-01-20 14:00:00,1768917614.0,0.0005
2026-01-20 15:00:00,1768921217.0,0.0005
2026-01-20 16:00:00,1768924813.0,0.0005
2026-01-20 17:00:00,1768928415.0,0.0005
2026-01-20 18:00:00,1768932015.0,0.0005
2026-01-20 19:00:00,1768935613.0,0.0005
2026-01-20 20:00:00,1768939214.0,0.0005
2026-01-20 21:00:00,1768942832.0,0.0005
2026-01-20 22:00:00,1768946414.0,0.0005
2026-01-20 23:00:00,1768950014.0,0.0005
2026-01-21 00:00:00,1768953618.0,0.0005
2026-01-21 01:00:00,1768957213.0,0.0005
2026-01-21 02:00:00,1768960815.0,0.0005
2026-01-21 03:00:00,1768964417.0,0.0005
2026-01-21 04:00:00,1768968013.0,0.0005
2026-01-21 05:00:00,1768971613.0,0.0005
2026-01-21 06:00:00,1768975216.0,0.0005
2026-01-21 07:00:00,1768978815.0,0.0005
2026-01-21 08:00:00,1768982415.0,0.0005
2026-01-21 09:00:00,1768986029.0,0.0005
2026-01-21 10:00:00,1768989614.0,0.0005
2026-01-21 11:00:00,1768993214.0,0.0005
2026-01-21 12:00:00,1768996835.0,0.0005
2026-01-21 13:00:00,1769000414.0,0.0005
2026-01-21 14:00:00,1769004016.0,0.0005
2026-01-21 15:00:00,1769007616.0,0.0005
2026-01-21 16:00:00,1769011215.0,0.0005
2026-01-21 17:00:00,1769014819.0,0.0005
2026-01-21 18:00:00,1769018435.0,0.0005
2026-01-21 19:00:00,1769022029.0,0.0005
2026-01-21 20:00:00,1769025616.0,0.0005
2026-01-21 21:00:00,1769029248.0,0.0005
2026-01-21 22:00:00,1769032815.0,0.0005
2026-01-21 23:00:00,1769036416.0,0.0005
2026-01-22 00:00:00,1769040023.0,0.0005
2026-01-22 01:00:00,1769043615.0,0.0005
2026-01-22 02:00:00,1769047218.0,0.0005
2026-01-22 03:00:00,1769050820.0,0.0005
2026-01-22 04:00:00,1769054414.0,0.0005
2026-01-22 05:00:00,1769058014.0,0.0005
2026-01-22 06:00:00,1769061616.0,0.0005
2026-01-22 07:00:00,1769065215.0,0.0005
2026-01-22 08:00:00,1769068816.0,0.0005
2026-01-22 09:00:00,1769072420.0,0.0005
2026-01-22 10:00:00,1769076015.0,0.0005
2026-01-22 11:00:00,1769079614.0,0.0005
2026-01-22 12:00:00,1769083239.0,0.0005
2026-01-22 13:00:00,1769086815.0,0.0005
2026-01-22 14:00:00,1769090414.0,0.0005
2026-01-22 15:00:00,1769094025.0,0.0005
2026-01-22 16:00:00,1769097615.0,0.0005
2026-01-22 17:00:00,1769101217.0,0.0005
2026-01-22 18:00:00,1769104826.0,0.0005
2026-01-22 19:00:00,1769108415.0,0.0005
2026-01-22 20:00:00,1769112016.0,0.0005
2026-01-22 21:00:00,1769115621.0,0.0005
2026-01-22 22:00:00,1769119216.0,0.0005
2026-01-22 23:00:00,1769122816.0,0.0005
2026-01-23 00:00:00,1769126434.0,0.0005
2026-01-23 01:00:00,1769130014.0,0.0005
2026-01-23 02:00:00,1769133616.0,0.0005
2026-01-23 03:00:00,1769137225.0,0.0005
2026-01-23 04:00:00,1769140816.0,0.0005
2026-01-23 05:00:00,1769144414.0,0.0005
2026-01-23 06:00:00,1769148017.0,0.0005
2026-01-23 07:00:00,1769151615.0,0.0005
2026-01-23 08:00:00,1769155215.0,0.0005
2026-01-23 09:00:00,1769158818.0,0.0005
2026-01-23 10:00:00,1769162424.0,0.0005
2026-01-23 11:00:00,1769166016.0,0.0005
2026-01-23 12:00:00,1769169635.0,0.0005
2026-01-23 13:00:00,1769173214.0,0.0005
2026-01-23 14:00:00,1769176814.0,0.0005
2026-01-23 15:00:00,1769180417.0,0.0005
2026-01-23 16:00:00,1769184014.0,0.0005
2026-01-23 17:00:00,1769187631.0,0.0005
2026-01-23 18:00:00,1769191225.0,0.0005
2026-01-23 19:00:00,1769194817.0,0.0005
2026-01-23 20:00:00,1769198416.0,0.0005
2026-01-23 21:00:00,1769202018.0,0.0005
2026-01-23 22:00:00,1769205618.0,0.0005
2026-01-23 23:00:00,1769209219.0,0.0005
2026-01-24 00:00:00,1769212825.0,0.0005
2026-01-24 01:00:00,1769216417.0,0.0005
2026-01-24 02:00:00,1769220020.0,0.0005
2026-01-24 03:00:00,1769223630.0,0.0005
2026-01-24 04:00:00,1769227215.0,0.0005
2026-01-24 05:00:00,1769230836.0,0.0005
2026-01-24 06:00:00,1769234431.0,0.0005
2026-01-24 07:00:00,1769238016.0,0.0005
2026-01-24 08:00:00,1769241618.0,0.0005
2026-01-24 09:00:00,1769245221.0,0.0005
2026-01-24 10:00:00,1769248825.0,0.0005
2026-01-24 11:00:00,1769252419.0,0.0005
2026-01-24 12:00:00,1769256025.0,0.0005
2026-01-24 13:00:00,1769259616.0,0.0005
2026-01-24 14:00:00,1769263224.0,0.0005
2026-01-24 15:00:00,1769266822.0,0.0005
2026-01-24 16:00:00,1769270416.0,0.0005
2026-01-24 17:00:00,1769274019.0,0.0005
2026-01-24 18:00:00,1769277619.0,0.0005
2026-01-24 19:00:00,1769281217.0,0.0005
2026-01-24 20:00:00,1769284816.0,0.0005
2026-01-24 21:00:00,1769288423.0,0.0005
2026-01-24 22:00:00,1769292016.0,0.0005
2026-01-24 23:00:00,1769295616.0,0.0005
2026-01-25 00:00:00,1769299236.0,0.0005
2026-01-25 01:00:00,1769302815.0,0.0005
2026-01-25 02:00:00,1769306415.0,0.0005
2026-01-25 03:00:00,1769310020.0,0.0005
2026-01-25 04:00:00,1769313614.0,0.0005
2026-01-25 05:00:00,1769317214.0,0.0005
2026-01-25 06:00:00,1769320815.0,0.0005
2026-01-25 07:00:00,1769324417.0,0.0005
2026-01-25 08:00:00,1769328015.0,0.0005
2026-01-25 09:00:00,1769331630.0,0.0005
2026-01-25 10:00:00,1769335225.0,0.0005
2026-01-25 11:00:00,1769338815.0,0.0005
2026-01-25 12:00:00,1769342436.0,0.0005
2026-01-25 13:00:00,1769346027.0,0.0005
2026-01-25 14:00:00,1769349616.0,0.0005
2026-01-25 15:00:00,1769353218.0,0.0005
2026-01-25 16:00:00,1769356824.0,0.0005
2026-01-25 17:00:00,1769360428.0,0.0005
2026-01-25 18:00:00,1769364022.0,0.0005
2026-01-25 19:00:00,1769367615.0,0.0005
2026-01-25 20:00:00,1769371215.0,0.0005
2026-01-25 21:00:00,1769374820.0,0.0005
2026-01-25 22:00:00,1769378417.0,0.0005
2026-01-25 23:00:00,1769382016.0,0.0005
2026-01-26 00:00:00,1769385634.0,0.0005
2026-01-26 01:00:00,1769389215.0,0.0005
2026-01-26 02:00:00,1769392817.0,0.0005
2026-01-26 03:00:00,1769396416.0,0.0005
2026-01-26 04:00:00,1769400015.0,0.0005
2026-01-26 05:00:00,1769403614.0,0.0005
2026-01-26 06:00:00,1769407221.0,0.0005
2026-01-26 07:00:00,1769410816.0,0.0005
2026-01-26 08:00:00,1769414415.0,0.0005
2026-01-26 09:00:00,1769418022.0,0.0005
2026-01-26 10:00:00,1769421614.0,0.0005
2026-01-26 11:00:00,1769425217.0,0.0005
2026-01-26 12:00:00,1769428824.0,0.0005
2026-01-26 13:00:00,1769432419.0,0.0005
2026-01-26 14:00:00,1769436015.0,0.0005
2026-01-26 15:00:00,1769439618.0,0.0005
2026-01-26 16:00:00,1769443216.0,0.0005
2026-01-26 17:00:00,1769446821.0,0.0005
2026-01-26 18:00:00,1769450421.0,0.0005
2026-01-26 19:00:00,1769454016.0,0.0005
2026-01-26 20:00:00,1769457618.0,0.0005
2026-01-26 21:00:00,1769461218.0,0.0005
2026-01-26 22:00:00,1769464816.0,0.0005
2026-01-26 23:00:00,1769468416.0,0.0005
2026-01-27 00:00:00,1769472030.0,0.0005
2026-01-27 01:00:00,1769475614.0,0.0005
2026-01-27 02:00:00,1769479213.0,0.0005
2026-01-27 03:00:00,1769482822.0,0.0005
2026-01-27 04:00:00,1769486415.0,0.0005
2026-01-27 05:00:00,1769490014.0,0.0005
2026-01-27 06:00:00,1769493615.0,0.0005
2026-01-27 07:00:00,1769497221.0,0.0005
2026-01-27 08:00:00,1769500815.0,0.0005
2026-01-27 09:00:00,1769504416.0,0.0005
2026-01-27 10:00:00,1769508022.0,0.0005
2026-01-27 11:00:00,1769511615.0,0.0005
2026-01-27 12:00:00,1769515219.0,0.0005
2026-01-27 13:00:00,1769518827.0,0.0005
2026-01-27 14:00:00,1769522414.0,0.0005
2026-01-27 15:00:00,1769526016.0,0.0005
2026-01-27 16:00:00,1769529614.0,0.0005
2026-01-27 17:00:00,1769533214.0,0.0005
2026-01-27 18:00:00,1769536816.0,0.0005
2026-01-27 19:00:00,1769540415.0,0.0005
2026-01-27 20:00:00,1769544014.0,0.0005
2026-01-27 21:00:00,1769547616.0,0.0005
2026-01-27 22:00:00,1769551214.0,0.0005
2026-01-27 23:00:00,1769554816.0,0.0005
2026-01-28 00:00:00,1769558420.0,0.0005
2026-01-28 01:00:00,1769562021.0,0.0005
2026-01-28 02:00:00,1769565617.0,0.0005
2026-01-28 03:00:00,1769569217.0,0.0005
2026-01-28 04:00:00,1769572825.0,0.0005
2026-01-28 05:00:00,1769576415.0,0.0005
2026-01-28 06:00:00,1769580015.0,0.0005
2026-01-28 07:00:00,1769583616.0,0.0005
2026-01-28 08:00:00,1769587215.0,0.0005
2026-01-28 09:00:00,1769590819.0,0.0005
2026-01-28 10:00:00,1769594430.0,0.0005
2026-01-28 11:00:00,1769598015.0,0.0005
2026-01-28 12:00:00,1769601621.0,0.0005
2026-01-28 13:00:00,1769605225.0,0.0005
2026-01-28 14:00:00,1769608815.0,0.0005
2026-01-28 15:00:00,1769612416.0,0.0005
2026-01-28 16:00:00,1769616015.0,0.0005
2026-01-28 17:00:00,1769619617.0,0.0005
2026-01-28 18:00:00,1769623227.0,0.0005
2026-01-28 19:00:00,1769626816.0,0.0005
2026-01-28 20:00:00,1769630418.0,0.0005
2026-01-28 21:00:00,1769634016.0,0.0005
2026-01-28 22:00:00,1769637616.0,0.0005
2026-01-28 23:00:00,1769641216.0,0.0005
2026-01-29 00:00:00,1769644835.0,0.0005
2026-01-29 01:00:00,1769648416.0,0.0005
2026-01-29 02:00:00,1769652016.0,0.0005
2026-01-29 03:00:00,1769655619.0,0.0005
2026-01-29 04:00:00,1769659217.0,0.0005
2026-01-29 05:00:00,1769662816.0,0.0005
2026-01-29 06:00:00,1769666417.0,0.0005
2026-01-29 07:00:00,1769670017.0,0.0005
2026-01-29 08:00:00,1769673616.0,0.0005
2026-01-29 09:00:00,1769677219.0,0.0005
2026-01-29 10:00:00,1769680818.0,0.0005
2026-01-29 11:00:00,1769684418.0,0.0005
2026-01-29 12:00:00,1769688023.0,0.0005
2026-01-29 13:00:00,1769691617.0,0.0005
2026-01-29 14:00:00,1769695217.0,0.0005
2026-01-29 15:00:00,1769698818.0,0.0005
2026-01-29 16:00:00,1769702417.0,0.0005
2026-01-29 17:00:00,1769706017.0,0.0005
2026-01-29 18:00:00,1769709619.0,0.0005
2026-01-29 19:00:00,1769713217.0,0.0005
2026-01-29 20:00:00,1769716828.0,0.0005
2026-01-29 21:00:00,1769720420.0,0.0005
2026-01-29 22:00:00,1769724018.0,0.0005
2026-01-29 23:00:00,1769727617.0,0.0005
2026-01-30 00:00:00,1769731223.0,0.0005
2026-01-30 01:00:00,1769734817.0,0.0005
2026-01-30 02:00:00,1769738418.0,0.0005
2026-01-30 03:00:00,1769742018.0,0.0005
2026-01-30 04:00:00,1769745618.0,0.0005
2026-01-30 05:00:00,1769749217.0,0.0005
2026-01-30 06:00:00,1769752817.0,0.0005
2026-01-30 07:00:00,1769756417.0,0.0005
2026-01-30 08:00:00,1769760017.0,0.0005
2026-01-30 09:00:00,1769763630.0,0.0005
2026-01-30 10:00:00,1769767216.0,0.0005
2026-01-30 11:00:00,1769770828.0,0.0005
2026-01-30 12:00:00,1769774434.0,0.0005
2026-01-30 13:00:00,1769778017.0,0.0005
2026-01-30 14:00:00,1769781618.0,0.0005
2026-01-30 15:00:00,1769785220.0,0.0005
2026-01-30 16:00:00,1769788818.0,0.0005
2026-01-30 17:00:00,1769792419.0,0.0005
2026-01-30 18:00:00,1769796019.0,0.0005
2026-01-30 19:00:00,1769799618.0,0.0005
2026-01-30 20:00:00,1769803218.0,0.0005
2026-01-30 21:00:00,1769806820.0,0.0005
2026-01-30 22:00:00,1769810421.0,0.0005
2026-01-30 23:00:00,1769814017.0,0.0005
2026-01-31 00:00:00,1769817622.0,0.0005
2026-01-31 01:00:00,1769821217.0,0.0005
2026-01-31 02:00:00,1769824818.0,0.0005
2026-01-31 03:00:00,1769828419.0,0.0005
2026-01-31 04:00:00,1769832018.0,0.0005
2026-01-31 05:00:00,1769835618.0,0.0005
2026-01-31 06:00:00,1769839219.0,0.0005
2026-01-31 07:00:00,1769842818.0,0.0005
2026-01-31 08:00:00,1769846418.0,0.0005
2026-01-31 09:00:00,1769850032.0,0.0005
2026-01-31 10:00:00,1769853618.0,0.0005
2026-01-31 11:00:00,1769857217.0,0.0005
2026-01-31 12:00:00,1769860826.0,0.0005
2026-01-31 13:00:00,1769864420.0,0.0005
2026-01-31 14:00:00,1769868017.0,0.0005
2026-01-31 15:00:00,1769871622.0,0.0005
2026-01-31 16:00:00,1769875218.0,0.0005
2026-01-31 17:00:00,1769878827.0,0.0005
2026-01-31 18:00:00,1769882423.0,0.0005
2026-01-31 19:00:00,1769886019.0,0.0005
2026-01-31 20:00:00,1769889618.0,0.0005
2026-01-31 21:00:00,1769893237.0,0.0005
2026-01-31 22:00:00,1769896828.0,0.0005
2026-01-31 23:00:00,1769900418.0,0.0005
2026-02-01 00:00:00,1769904027.0,0.0005
2026-02-01 01:00:00,1769907752.0,0.0005
2026-02-01 02:00:00,1769911216.0,0.0005
2026-02-01 03:00:00,1769914820.0,0.0005
