time_utc,t,p
2025-08-05 17:00:00,1754415789.0,0.505
2025-08-05 18:00:00,1754416808.0,0.35
2025-08-05 19:00:00,1754420409.0,0.32
2025-08-05 20:00:00,1754424009.0,0.03
2025-08-05 21:00:00,1754427610.0,0.03
2025-08-05 22:00:00,1754431209.0,0.0255
2025-08-05 23:00:00,1754434808.0,0.0245
2025-08-06 00:00:00,1754438409.0,0.025
2025-08-06 01:00:00,1754442009.0,0.025
2025-08-06 02:00:00,1754445610.0,0.0245
2025-08-06 03:00:00,1754449209.0,0.0295
2025-08-06 04:00:00,1754452810.0,0.0295
2025-08-06 05:00:00,1754456410.0,0.0295
2025-08-06 06:00:00,1754460009.0,0.0295
2025-08-06 07:00:00,1754463609.0,0.031
2025-08-06 08:00:00,1754467209.0,0.0315
2025-08-06 09:00:00,1754470809.0,0.033
2025-08-06 10:00:00,1754474409.0,0.034
2025-08-06 11:00:00,1754478009.0,0.034
2025-08-06 12:00:00,1754481608.0,0.034
2025-08-06 13:00:00,1754485209.0,0.034
2025-08-06 14:00:00,1754488809.0,0.034
2025-08-06 15:00:00,1754492410.0,0.034
2025-08-06 16:00:00,1754496009.0,0.034
2025-08-06 17:00:00,1754499608.0,0.043
2025-08-06 18:00:00,1754503209.0,0.0375
2025-08-06 19:00:00,1754506806.0,0.037
2025-08-06 20:00:00,1754510405.0,0.04
2025-08-06 21:00:00,1754514008.0,0.0375
2025-08-06 22:00:00,1754517602.0,0.035
2025-08-06 23:00:00,1754521214.0,0.0295
2025-08-07 00:00:00,1754524807.0,0.0295
2025-08-07 01:00:00,1754528405.0,0.0295
2025-08-07 02:00:00,1754532010.0,0.0295
2025-08-07 03:00:00,1754535615.0,0.0295
2025-08-07 04:00:00,1754539205.0,0.0295
2025-08-07 05:00:00,1754542806.0,0.0295
2025-08-07 06:00:00,1754546403.0,0.0295
2025-08-07 07:00:00,1754550005.0,0.0295
2025-08-07 08:00:00,1754553607.0,0.0295
2025-08-07 09:00:00,1754557210.0,0.0295
2025-08-07 10:00:00,1754560815.0,0.0295
2025-08-07 11:00:00,1754564406.0,0.0295
2025-08-07 12:00:00,1754568005.0,0.0295
2025-08-07 13:00:00,1754571610.0,0.0295
2025-08-07 14:00:00,1754575205.0,0.0295
2025-08-07 15:00:00,1754578808.0,0.0295
2025-08-07 16:00:00,1754582412.0,0.0295
2025-08-07 17:00:00,1754586004.0,0.0295
2025-08-07 18:00:00,1754589616.0,0.0295
2025-08-07 19:00:00,1754593213.0,0.0295
2025-08-07 20:00:00,1754596810.0,0.0295
2025-08-07 21:00:00,1754600404.0,0.0295
2025-08-07 22:00:00,1754604014.0,0.0295
2025-08-07 23:00:00,1754607611.0,0.0295
2025-08-08 00:00:00,1754611210.0,0.0295
2025-08-08 01:00:00,1754614809.0,0.0295
2025-08-08 02:00:00,1754618406.0,0.0295
2025-08-08 03:00:00,1754622014.0,0.0295
2025-08-08 04:00:00,1754625603.0,0.0295
2025-08-08 05:00:00,1754629202.0,0.0295
2025-08-08 06:00:00,1754632813.0,0.0295
2025-08-08 07:00:00,1754636413.0,0.0295
2025-08-08 08:00:00,1754640010.0,0.0295
2025-08-08 09:00:00,1754643615.0,0.0295
2025-08-08 10:00:00,1754647208.0,0.0295
2025-08-08 11:00:00,1754650810.0,0.0295
2025-08-08 12:00:00,1754654417.0,0.0295
2025-08-08 13:00:00,1754658011.0,0.0295
2025-08-08 14:00:00,1754661616.0,0.0295
2025-08-08 15:00:00,1754665209.0,0.0295
2025-08-08 16:00:00,1754668805.0,0.0295
2025-08-08 17:00:00,1754672409.0,0.029
2025-08-08 18:00:00,1754676010.0,0.029
2025-08-08 19:00:00,1754679612.0,0.0285
2025-08-08 20:00:00,1754683203.0,0.0285
2025-08-08 21:00:00,1754686811.0,0.0285
2025-08-08 22:00:00,1754690405.0,0.0285
2025-08-08 23:00:00,1754694011.0,0.0285
2025-08-09 00:00:00,1754697604.0,0.0285
2025-08-09 01:00:00,1754701212.0,0.0285
2025-08-09 02:00:00,1754704813.0,0.021
2025-08-09 03:00:00,1754708410.0,0.021
2025-08-09 04:00:00,1754712011.0,0.0195
2025-08-09 05:00:00,1754715606.0,0.0215
2025-08-09 06:00:00,1754719214.0,0.0185
2025-08-09 07:00:00,1754722807.0,0.019
2025-08-09 08:00:00,1754726402.0,0.019
2025-08-09 09:00:00,1754730009.0,0.0195
2025-08-09 10:00:00,1754733609.0,0.019
2025-08-09 11:00:00,1754737203.0,0.019
2025-08-09 12:00:00,1754740821.0,0.019
2025-08-09 13:00:00,1754744408.0,0.021
2025-08-09 14:00:00,1754748002.0,0.0225
2025-08-09 15:00:00,1754751612.0,0.0225
2025-08-09 16:00:00,1754755210.0,0.0225
2025-08-09 17:00:00,1754758812.0,0.0225
2025-08-09 18:00:00,1754762417.0,0.0225
2025-08-09 19:00:00,1754766013.0,0.0225
2025-08-09 20:00:00,1754769609.0,0.0225
2025-08-09 21:00:00,1754773216.0,0.022
2025-08-09 22:00:00,1754776809.0,0.0225
2025-08-09 23:00:00,1754780405.0,0.0225
2025-08-10 00:00:00,1754784006.0,0.0225
2025-08-10 01:00:00,1754787607.0,0.0225
2025-08-10 02:00:00,1754791211.0,0.0225
2025-08-10 03:00:00,1754794804.0,0.0225
2025-08-10 04:00:00,1754798403.0,0.0225
2025-08-10 05:00:00,1754802015.0,0.0225
2025-08-10 06:00:00,1754805608.0,0.0225
2025-08-10 07:00:00,1754809202.0,0.0225
2025-08-10 08:00:00,1754812815.0,0.0225
2025-08-10 09:00:00,1754816416.0,0.0225
2025-08-10 10:00:00,1754820013.0,0.0225
2025-08-10 11:00:00,1754823615.0,0.0225
2025-08-10 12:00:00,1754827221.0,0.0225
2025-08-10 13:00:00,1754830805.0,0.0225
2025-08-10 14:00:00,1754834408.0,0.0225
2025-08-10 15:00:00,1754838003.0,0.0225
2025-08-10 16:00:00,1754841605.0,0.0225
2025-08-10 17:00:00,1754845207.0,0.0225
2025-08-10 18:00:00,1754848812.0,0.0225
2025-08-10 19:00:00,1754852408.0,0.0225
2025-08-10 20:00:00,1754856004.0,0.0245
2025-08-10 21:00:00,1754859603.0,0.0225
2025-08-10 22:00:00,1754863209.0,0.0225
2025-08-10 23:00:00,1754866812.0,0.0225
2025-08-11 00:00:00,1754870403.0,0.0225
2025-08-11 01:00:00,1754874008.0,0.0225
2025-08-11 02:00:00,1754877607.0,0.0225
2025-08-11 03:00:00,1754881208.0,0.0225
2025-08-11 04:00:00,1754884806.0,0.0225
2025-08-11 05:00:00,1754888412.0,0.0225
2025-08-11 06:00:00,1754892002.0,0.0225
2025-08-11 07:00:00,1754895611.0,0.0225
2025-08-11 08:00:00,1754899207.0,0.0225
2025-08-11 09:00:00,1754902823.0,0.0225
2025-08-11 10:00:00,1754906411.0,0.022
2025-08-11 11:00:00,1754910012.0,0.0225
2025-08-11 12:00:00,1754913608.0,0.0225
2025-08-11 13:00:00,1754917207.0,0.0215
2025-08-11 14:00:00,1754920803.0,0.0215
2025-08-11 15:00:00,1754924420.0,0.0215
2025-08-11 16:00:00,1754928005.0,0.0215
2025-08-11 17:00:00,1754931612.0,0.0215
2025-08-11 18:00:00,1754935217.0,0.0215
2025-08-11 19:00:00,1754938810.0,0.02
2025-08-11 20:00:00,1754942412.0,0.02
2025-08-11 21:00:00,1754946016.0,0.02
2025-08-11 22:00:00,1754949611.0,0.02
2025-08-11 23:00:00,1754953214.0,0.02
2025-08-12 00:00:00,1754956808.0,0.02
2025-08-12 01:00:00,1754960408.0,0.02
2025-08-12 02:00:00,1754964007.0,0.02
2025-08-12 03:00:00,1754967602.0,0.02
2025-08-12 04:00:00,1754971203.0,0.0195
2025-08-12 05:00:00,1754974805.0,0.02
2025-08-12 06:00:00,1754978406.0,0.0195
2025-08-12 07:00:00,1754982004.0,0.02
2025-08-12 08:00:00,1754985612.0,0.02
2025-08-12 09:00:00,1754989216.0,0.02
2025-08-12 10:00:00,1754992813.0,0.021
2025-08-12 11:00:00,1754996402.0,0.021
2025-08-12 12:00:00,1755000008.0,0.021
2025-08-12 13:00:00,1755003606.0,0.021
2025-08-12 14:00:00,1755007202.0,0.021
2025-08-12 15:00:00,1755010805.0,0.021
2025-08-12 16:00:00,1755014410.0,0.021
2025-08-12 17:00:00,1755018007.0,0.0205
2026-02-01 04:00:00,1769921115.0,0.0005
2025-08-12 18:00:00,1755021608.0,0.0205
2025-08-12 19:00:00,1755025204.0,0.0205
2025-08-12 20:00:00,1755028815.0,0.0205
2025-08-12 21:00:00,1755032407.0,0.0205
2025-08-12 22:00:00,1755036006.0,0.0205
2025-08-12 23:00:00,1755039612.0,0.0205
2025-08-13 00:00:00,1755043207.0,0.0205
2025-08-13 01:00:00,1755046802.0,0.0205
2025-08-13 02:00:00,1755050413.0,0.0205
2025-08-13 03:00:00,1755054014.0,0.0205
2025-08-13 04:00:00,1755057609.0,0.0205
2025-08-13 05:00:00,1755061208.0,0.0205
2025-08-13 06:00:00,1755064803.0,0.0205
2025-08-13 07:00:00,1755068405.0,0.0205
2025-08-13 08:00:00,1755072012.0,0.0205
2025-08-13 09:00:00,1755075616.0,0.0205
2025-08-13 10:00:00,1755079204.0,0.0205
2025-08-13 11:00:00,1755082806.0,0.0205
2025-08-13 12:00:00,1755086416.0,0.0205
2025-08-13 13:00:00,1755090018.0,0.0205
2025-08-13 14:00:00,1755093607.0,0.0205
2025-08-13 15:00:00,1755097209.0,0.0205
2025-08-13 16:00:00,1755100807.0,0.0205
2025-08-13 17:00:00,1755104403.0,0.0205
2025-08-13 18:00:00,1755108009.0,0.0205
2025-08-13 19:00:00,1755111612.0,0.0205
2025-08-13 20:00:00,1755115202.0,0.0205
2025-08-13 21:00:00,1755118816.0,0.0185
2025-08-13 22:00:00,1755122414.0,0.0185
2025-08-13 23:00:00,1755126006.0,0.0185
2025-08-14 00:00:00,1755129606.0,0.0185
2025-08-14 01:00:00,1755133205.0,0.0185
2025-08-14 02:00:00,1755136805.0,0.0185
2025-08-14 03:00:00,1755140416.0,0.0185
2025-08-14 04:00:00,1755144004.0,0.0185
2025-08-14 05:00:00,1755147613.0,0.0185
2025-08-14 06:00:00,1755151203.0,0.0185
2025-08-14 07:00:00,1755154811.0,0.0185
2025-08-14 08:00:00,1755158407.0,0.0185
2025-08-14 09:00:00,1755162016.0,0.0185
2025-08-14 10:00:00,1755165611.0,0.0185
2025-08-14 11:00:00,1755169211.0,0.0185
2025-08-14 12:00:00,1755172804.0,0.0185
2025-08-14 13:00:00,1755176407.0,0.0185
2025-08-14 14:00:00,1755180002.0,0.0185
2025-08-14 15:00:00,1755183605.0,0.0185
2025-08-14 16:00:00,1755187209.0,0.0185
2025-08-14 17:00:00,1755190810.0,0.0185
2025-08-14 18:00:00,1755194408.0,0.0185
2025-08-14 19:00:00,1755198017.0,0.0185
2025-08-14 20:00:00,1755201611.0,0.0185
2025-08-14 21:00:00,1755205204.0,0.0185
2025-08-14 22:00:00,1755208812.0,0.0185
2025-08-14 23:00:00,1755212403.0,0.0185
2025-08-15 00:00:00,1755216011.0,0.0185
2025-08-15 01:00:00,1755219611.0,0.0185
2025-08-15 02:00:00,1755223213.0,0.0185
2025-08-15 03:00:00,1755226803.0,0.0185
2025-08-15 04:00:00,1755230414.0,0.0185
2025-08-15 05:00:00,1755234014.0,0.0185
2025-08-15 06:00:00,1755237616.0,0.0185
2025-08-15 07:00:00,1755241214.0,0.0185
2025-08-15 08:00:00,1755244806.0,0.0185
2025-08-15 09:00:00,1755248411.0,0.0185
2025-08-15 10:00:00,1755252015.0,0.0185
2025-08-15 11:00:00,1755255614.0,0.0185
2025-08-15 12:00:00,1755259206.0,0.0185
2025-08-15 13:00:00,1755262812.0,0.0185
2025-08-15 14:00:00,1755266413.0,0.0185
2025-08-15 15:00:00,1755270003.0,0.0185
2025-08-15 16:00:00,1755273613.0,0.0185
2025-08-15 17:00:00,1755277209.0,0.0185
2025-08-15 18:00:00,1755280813.0,0.0185
2025-08-15 19:00:00,1755284411.0,0.0185
2025-08-15 20:00:00,1755288010.0,0.0185
2025-08-15 21:00:00,1755291618.0,0.0185
2025-08-15 22:00:00,1755295203.0,0.0185
2025-08-15 23:00:00,1755298809.0,0.0185
2025-08-16 00:00:00,1755302408.0,0.0185
2025-08-16 01:00:00,1755306006.0,0.0185
2025-08-16 02:00:00,1755309606.0,0.0185
2025-08-16 03:00:00,1755313211.0,0.0185
2025-08-16 04:00:00,1755316803.0,0.0185
2025-08-16 05:00:00,1755320403.0,0.0185
2025-08-16 06:00:00,1755324011.0,0.0185
2025-08-16 07:00:00,1755327608.0,0.0185
2025-08-16 08:00:00,1755331210.0,0.0185
2025-08-16 09:00:00,1755334816.0,0.0185
2025-08-16 10:00:00,1755338402.0,0.019
2025-08-16 11:00:00,1755342007.0,0.019
2025-08-16 12:00:00,1755345608.0,0.019
2025-08-16 13:00:00,1755349206.0,0.019
2025-08-16 14:00:00,1755352811.0,0.0115
2025-08-16 15:00:00,1755356411.0,0.013
2025-08-16 16:00:00,1755360014.0,0.013
2025-08-16 17:00:00,1755363605.0,0.0125
2025-08-16 18:00:00,1755367207.0,0.0145
2025-08-16 19:00:00,1755370813.0,0.013
2025-08-16 20:00:00,1755374417.0,0.013
2025-08-16 21:00:00,1755378008.0,0.013
2025-08-16 22:00:00,1755381606.0,0.013
2025-08-16 23:00:00,1755385213.0,0.013
2025-08-17 00:00:00,1755388807.0,0.013
2025-08-17 01:00:00,1755392404.0,0.013
2025-08-17 02:00:00,1755396014.0,0.013
2025-08-17 03:00:00,1755399602.0,0.013
2025-08-17 04:00:00,1755403215.0,0.013
2025-08-17 05:00:00,1755406809.0,0.013
2025-08-17 06:00:00,1755410415.0,0.013
2025-08-17 07:00:00,1755414014.0,0.013
2025-08-17 08:00:00,1755417606.0,0.013
2025-08-17 09:00:00,1755421220.0,0.012
2025-08-17 10:00:00,1755424814.0,0.012
2025-08-17 11:00:00,1755428403.0,0.012
2025-08-17 12:00:00,1755432016.0,0.0115
2025-08-17 13:00:00,1755435602.0,0.011
2025-08-17 14:00:00,1755439208.0,0.012
2025-08-17 15:00:00,1755442809.0,0.0115
2025-08-17 16:00:00,1755446402.0,0.0115
2025-08-17 17:00:00,1755450013.0,0.0115
2025-08-17 18:00:00,1755453606.0,0.0115
2025-08-17 19:00:00,1755457208.0,0.0115
2025-08-17 20:00:00,1755460806.0,0.012
2025-08-17 21:00:00,1755464416.0,0.0115
2025-08-17 22:00:00,1755468013.0,0.0115
2025-08-17 23:00:00,1755471602.0,0.0115
2025-08-18 00:00:00,1755475203.0,0.0115
2025-08-18 01:00:00,1755478808.0,0.0115
2025-08-18 02:00:00,1755482408.0,0.0115
2025-08-18 03:00:00,1755486010.0,0.0115
2025-08-18 04:00:00,1755489614.0,0.0115
2025-08-18 05:00:00,1755493206.0,0.0115
2025-08-18 06:00:00,1755496816.0,0.0115
2025-08-18 07:00:00,1755500414.0,0.0115
2025-08-18 08:00:00,1755504014.0,0.0115
2025-08-18 09:00:00,1755507615.0,0.0115
2025-08-18 10:00:00,1755511209.0,0.0115
2025-08-18 11:00:00,1755514810.0,0.0115
2025-08-18 12:00:00,1755518416.0,0.0095
2025-08-18 13:00:00,1755522010.0,0.0105
2025-08-18 14:00:00,1755525611.0,0.0105
2025-08-18 15:00:00,1755529214.0,0.007
2025-08-18 16:00:00,1755532805.0,0.007
2025-08-18 17:00:00,1755536417.0,0.007
2025-08-18 18:00:00,1755540017.0,0.006
2025-08-18 19:00:00,1755543614.0,0.004
2025-08-18 20:00:00,1755547218.0,0.004
2025-08-18 21:00:00,1755550818.0,0.004
2025-08-18 22:00:00,1755554415.0,0.004
2025-08-18 23:00:00,1755558014.0,0.004
2025-08-19 00:00:00,1755561610.0,0.004
2025-08-19 01:00:00,1755565205.0,0.004
2025-08-19 02:00:00,1755568815.0,0.004
2025-08-19 03:00:00,1755572404.0,0.004
2025-08-19 04:00:00,1755576006.0,0.004
2025-08-19 05:00:00,1755579609.0,0.004
2025-08-19 06:00:00,1755583212.0,0.004
2025-08-19 07:00:00,1755586805.0,0.004
2025-08-19 08:00:00,1755590417.0,0.004
2025-08-19 09:00:00,1755594016.0,0.004
2025-08-19 10:00:00,1755597606.0,0.004
2025-08-19 11:00:00,1755601213.0,0.004
2025-08-19 12:00:00,1755604806.0,0.004
2025-08-19 13:00:00,1755608406.0,0.004
2025-08-19 14:00:00,1755612011.0,0.004
2025-08-19 15:00:00,1755615610.0,0.004
2025-08-19 16:00:00,1755619205.0,0.004
2025-08-19 17:00:00,1755622811.0,0.004
2025-08-19 18:00:00,1755626408.0,0.004
2025-08-19 19:00:00,1755630007.0,0.004
2025-08-19 20:00:00,1755633615.0,0.004
2025-08-19 21:00:00,1755637204.0,0.004
2025-08-19 22:00:00,1755640807.0,0.004
2025-08-19 23:00:00,1755644411.0,0.004
2025-08-20 00:00:00,1755648009.0,0.004
2025-08-20 01:00:00,1755651603.0,0.004
2025-08-20 02:00:00,1755655208.0,0.004
2025-08-20 03:00:00,1755658808.0,0.004
2025-08-20 04:00:00,1755662409.0,0.004
2025-08-20 05:00:00,1755666004.0,0.004
2025-08-20 06:00:00,1755669603.0,0.004
2025-08-20 07:00:00,1755673206.0,0.004
2025-08-20 08:00:00,1755676813.0,0.004
2025-08-20 09:00:00,1755680405.0,0.004
2025-08-20 10:00:00,1755684011.0,0.004
2025-08-20 11:00:00,1755687613.0,0.004
2025-08-20 12:00:00,1755691211.0,0.004
2025-08-20 13:00:00,1755694803.0,0.004
2025-08-20 14:00:00,1755698413.0,0.004
2025-08-20 15:00:00,1755702008.0,0.004
2025-08-20 16:00:00,1755705605.0,0.004
2025-08-20 17:00:00,1755709211.0,0.004
2025-08-20 18:00:00,1755712811.0,0.004
2025-08-20 19:00:00,1755716413.0,0.004
2025-08-20 20:00:00,1755720011.0,0.0035
2025-08-20 21:00:00,1755723607.0,0.0035
2025-08-20 22:00:00,1755727215.0,0.0035
2025-08-20 23:00:00,1755730814.0,0.0035
2025-08-21 00:00:00,1755734404.0,0.0035
2025-08-21 01:00:00,1755738004.0,0.0035
2025-08-21 02:00:00,1755741610.0,0.0035
2025-08-21 03:00:00,1755745213.0,0.0035
2025-08-21 04:00:00,1755748813.0,0.0035
2025-08-21 05:00:00,1755752404.0,0.0035
2025-08-21 06:00:00,1755756002.0,0.0035
2025-08-21 07:00:00,1755759610.0,0.0035
2025-08-21 08:00:00,1755763211.0,0.0035
2025-08-21 09:00:00,1755766814.0,0.0035
2025-08-21 10:00:00,1755770411.0,0.0035
2025-08-21 11:00:00,1755774009.0,0.0035
2025-08-21 12:00:00,1755777617.0,0.0035
2025-08-21 13:00:00,1755781204.0,0.0035
2025-08-21 14:00:00,1755784813.0,0.0035
2025-08-21 15:00:00,1755788412.0,0.0035
2025-08-21 16:00:00,1755792005.0,0.0025
2025-08-21 17:00:00,1755795611.0,0.0025
2025-08-21 18:00:00,1755799210.0,0.0025
2025-08-21 19:00:00,1755802809.0,0.0025
2025-08-21 20:00:00,1755806403.0,0.0025
2025-08-21 21:00:00,1755810007.0,0.0025
2025-08-21 22:00:00,1755813602.0,0.0025
2025-08-21 23:00:00,1755817202.0,0.0025
2025-08-22 00:00:00,1755820802.0,0.0025
2025-08-22 01:00:00,1755824406.0,0.0025
2025-08-22 02:00:00,1755828011.0,0.0025
2025-08-22 03:00:00,1755831615.0,0.0025
2025-08-22 04:00:00,1755835205.0,0.0025
2025-08-22 05:00:00,1755838810.0,0.0025
2025-08-22 06:00:00,1755842411.0,0.0025
2025-08-22 07:00:00,1755846008.0,0.0025
2025-08-22 08:00:00,1755849613.0,0.0025
2025-08-22 09:00:00,1755853204.0,0.0025
2025-08-22 10:00:00,1755856805.0,0.0025
2025-08-22 11:00:00,1755860404.0,0.0025
2025-08-22 12:00:00,1755864014.0,0.0025
2025-08-22 13:00:00,1755867614.0,0.0025
2025-08-22 14:00:00,1755871207.0,0.0025
2025-08-22 15:00:00,1755874805.0,0.0025
2025-08-22 16:00:00,1755878415.0,0.0025
2025-08-22 17:00:00,1755882006.0,0.0025
2025-08-22 18:00:00,1755885613.0,0.0025
2025-08-22 19:00:00,1755889211.0,0.0025
2025-08-22 20:00:00,1755892810.0,0.0025
2025-08-22 21:00:00,1755896417.0,0.0025
2025-08-22 22:00:00,1755900006.0,0.0025
2025-08-22 23:00:00,1755903619.0,0.0025
2025-08-23 00:00:00,1755907213.0,0.0025
2025-08-23 01:00:00,1755910813.0,0.0025
2025-08-23 02:00:00,1755914409.0,0.0025
2025-08-23 03:00:00,1755918013.0,0.0025
2025-08-23 04:00:00,1755921615.0,0.0025
2025-08-23 05:00:00,1755925219.0,0.0025
2025-08-23 06:00:00,1755928806.0,0.0025
2025-08-23 07:00:00,1755932405.0,0.0025
2025-08-23 08:00:00,1755936005.0,0.0025
2025-08-23 09:00:00,1755939605.0,0.0025
2025-08-23 10:00:00,1755943210.0,0.0025
2025-08-23 11:00:00,1755946803.0,0.0025
2025-08-23 12:00:00,1755950412.0,0.0025
2025-08-23 13:00:00,1755954007.0,0.0025
2025-08-23 14:00:00,1755957610.0,0.0025
2025-08-23 15:00:00,1755961214.0,0.0025
2025-08-23 16:00:00,1755964813.0,0.0025
2025-08-23 17:00:00,1755968413.0,0.0025
2025-08-23 18:00:00,1755972018.0,0.0025
2025-08-23 19:00:00,1755975602.0,0.0025
2025-08-23 20:00:00,1755979211.0,0.0025
2025-08-23 21:00:00,1755982818.0,0.0025
2025-08-23 22:00:00,1755986414.0,0.0025
2025-08-23 23:00:00,1755990016.0,0.0025
2025-08-24 00:00:00,1755993604.0,0.0025
2025-08-24 01:00:00,1755997210.0,0.0025
2025-08-24 02:00:00,1756000811.0,0.0025
2025-08-24 03:00:00,1756004409.0,0.0025
2025-08-24 04:00:00,1756008011.0,0.0025
2025-08-24 05:00:00,1756011615.0,0.0025
2025-08-24 06:00:00,1756015205.0,0.0025
2025-08-24 07:00:00,1756018808.0,0.0025
2025-08-24 08:00:00,1756022414.0,0.0025
2025-08-24 09:00:00,1756026012.0,0.0025
2025-08-24 10:00:00,1756029602.0,0.0025
2025-08-24 11:00:00,1756033210.0,0.0025
2025-08-24 12:00:00,1756036807.0,0.0025
2025-08-24 13:00:00,1756040414.0,0.0025
2025-08-24 14:00:00,1756044010.0,0.0025
2025-08-24 15:00:00,1756047604.0,0.0025
2025-08-24 16:00:00,1756051216.0,0.0025
2025-08-24 17:00:00,1756054815.0,0.0025
2025-08-24 18:00:00,1756058406.0,0.0025
2025-08-24 19:00:00,1756062002.0,0.0025
2025-08-24 20:00:00,1756065614.0,0.0025
2025-08-24 21:00:00,1756069218.0,0.0025
2025-08-24 22:00:00,1756072814.0,0.0025
2025-08-24 23:00:00,1756076407.0,0.0025
2025-08-25 00:00:00,1756080012.0,0.0025
2025-08-25 01:00:00,1756083602.0,0.0025
2025-08-25 02:00:00,1756087207.0,0.0025
2025-08-25 03:00:00,1756090815.0,0.0025
2025-08-25 04:00:00,1756094409.0,0.0025
2025-08-25 05:00:00,1756098008.0,0.0025
2025-08-25 06:00:00,1756101608.0,0.0025
2025-08-25 07:00:00,1756105215.0,0.0025
2025-08-25 08:00:00,1756108814.0,0.0025
2025-08-25 09:00:00,1756112404.0,0.0025
2025-08-25 10:00:00,1756116006.0,0.0025
2025-08-25 11:00:00,1756119604.0,0.0025
2025-08-25 12:00:00,1756123212.0,0.0025
2025-08-25 13:00:00,1756126803.0,0.0025
2025-08-25 14:00:00,1756130405.0,0.0025
2025-08-25 15:00:00,1756134011.0,0.0025
2025-08-25 16:00:00,1756137608.0,0.003
2025-08-25 17:00:00,1756141207.0,0.003
2025-08-25 18:00:00,1756144815.0,0.003
2025-08-25 19:00:00,1756148414.0,0.003
2025-08-25 20:00:00,1756152008.0,0.003
2025-08-25 21:00:00,1756155605.0,0.003
2025-08-25 22:00:00,1756159212.0,0.003
2025-08-25 23:00:00,1756162814.0,0.003
2025-08-26 00:00:00,1756166408.0,0.003
2025-08-26 01:00:00,1756170008.0,0.003
2025-08-26 02:00:00,1756173612.0,0.003
2025-08-26 03:00:00,1756177207.0,0.003
2025-08-26 04:00:00,1756180813.0,0.003
2025-08-26 05:00:00,1756184410.0,0.003
2025-08-26 06:00:00,1756188016.0,0.003
2025-08-26 07:00:00,1756191616.0,0.003
2025-08-26 08:00:00,1756195216.0,0.003
2025-08-26 09:00:00,1756198808.0,0.003
2025-08-26 10:00:00,1756202406.0,0.003
2025-08-26 11:00:00,1756206016.0,0.003
2025-08-26 12:00:00,1756209615.0,0.003
2025-08-26 13:00:00,1756213215.0,0.003
2025-08-26 14:00:00,1756216806.0,0.0025
2025-08-26 15:00:00,1756220406.0,0.0025
2025-08-26 16:00:00,1756224016.0,0.0025
2025-08-26 17:00:00,1756227617.0,0.0025
2025-08-26 18:00:00,1756231205.0,0.0025
2025-08-26 19:00:00,1756234806.0,0.0025
2025-08-26 20:00:00,1756238415.0,0.0025
2025-08-26 21:00:00,1756242002.0,0.0025
2025-08-26 22:00:00,1756245603.0,0.0025
2025-08-26 23:00:00,1756249211.0,0.0025
2025-08-27 00:00:00,1756252810.0,0.0025
2025-08-27 01:00:00,1756256410.0,0.0025
2025-08-27 02:00:00,1756260011.0,0.0025
2025-08-27 03:00:00,1756263617.0,0.0025
2025-08-27 04:00:00,1756267206.0,0.0025
2025-08-27 05:00:00,1756270815.0,0.0025
2025-08-27 06:00:00,1756274412.0,0.0025
2025-08-27 07:00:00,1756278019.0,0.0025
2025-08-27 08:00:00,1756281611.0,0.0025
2025-08-27 09:00:00,1756285207.0,0.0025
2025-08-27 10:00:00,1756288815.0,0.0025
2025-08-27 11:00:00,1756292405.0,0.0025
2025-08-27 12:00:00,1756296022.0,0.0025
2025-08-27 13:00:00,1756299614.0,0.0025
2025-08-27 14:00:00,1756303211.0,0.0025
2025-08-27 15:00:00,1756306821.0,0.0025
2025-08-27 16:00:00,1756310418.0,0.0025
2025-08-27 17:00:00,1756314016.0,0.0025
2025-08-27 18:00:00,1756317618.0,0.0025
2025-08-27 19:00:00,1756321213.0,0.0025
2025-08-27 20:00:00,1756324816.0,0.0025
2025-08-27 21:00:00,1756328413.0,0.0025
2025-08-27 22:00:00,1756332002.0,0.0025
2025-08-27 23:00:00,1756335603.0,0.0025
2025-08-28 00:00:00,1756339208.0,0.0025
2025-08-28 01:00:00,1756342802.0,0.0025
2025-08-28 02:00:00,1756346402.0,0.0025
2025-08-28 03:00:00,1756350016.0,0.0025
2025-08-28 04:00:00,1756353606.0,0.0025
2025-08-28 05:00:00,1756357212.0,0.0025
2025-08-28 06:00:00,1756360805.0,0.0025
2025-08-28 07:00:00,1756364413.0,0.0025
2025-08-28 08:00:00,1756368007.0,0.0025
2025-08-28 09:00:00,1756371613.0,0.0025
2025-08-28 10:00:00,1756375213.0,0.0025
2025-08-28 11:00:00,1756378807.0,0.0025
2025-08-28 12:00:00,1756382419.0,0.0025
2025-08-28 13:00:00,1756386012.0,0.0025
2025-08-28 14:00:00,1756389611.0,0.0025
2025-08-28 15:00:00,1756393218.0,0.0025
2025-08-28 16:00:00,1756396802.0,0.0025
2025-08-28 17:00:00,1756400419.0,0.0025
2025-08-28 18:00:00,1756404017.0,0.0025
2025-08-28 19:00:00,1756407612.0,0.0025
2025-08-28 20:00:00,1756411204.0,0.0025
2025-08-28 21:00:00,1756414821.0,0.0025
2025-08-28 22:00:00,1756418405.0,0.0025
2025-08-28 23:00:00,1756422003.0,0.0025
2025-08-29 00:00:00,1756425602.0,0.0025
2025-08-29 01:00:00,1756429210.0,0.0025
2025-08-29 02:00:00,1756432803.0,0.0025
2025-08-29 03:00:00,1756436414.0,0.0025
2025-08-29 04:00:00,1756440010.0,0.0025
2025-08-29 05:00:00,1756443620.0,0.0025
2025-08-29 06:00:00,1756447206.0,0.0025
2025-08-29 07:00:00,1756450809.0,0.0025
2025-08-29 08:00:00,1756454415.0,0.0025
2025-08-29 09:00:00,1756458016.0,0.0025
2025-08-29 10:00:00,1756461619.0,0.0025
2025-08-29 11:00:00,1756465217.0,0.0025
2025-08-29 12:00:00,1756468826.0,0.0025
2025-08-29 13:00:00,1756472407.0,0.003
2025-08-29 14:00:00,1756476019.0,0.003
2025-08-29 15:00:00,1756479609.0,0.003
2025-08-29 16:00:00,1756483210.0,0.003
2025-08-29 17:00:00,1756486813.0,0.003
2025-08-29 18:00:00,1756490404.0,0.003
2025-08-29 19:00:00,1756494019.0,0.003
2025-08-29 20:00:00,1756497606.0,0.003
2025-08-29 21:00:00,1756501215.0,0.003
2025-08-29 22:00:00,1756504818.0,0.003
2025-08-29 23:00:00,1756508407.0,0.003
2025-08-30 00:00:00,1756512005.0,0.003
2025-08-30 01:00:00,1756515602.0,0.003
2025-08-30 02:00:00,1756519204.0,0.003
2025-08-30 03:00:00,1756522815.0,0.003
2025-08-30 04:00:00,1756526414.0,0.003
2025-08-30 05:00:00,1756530010.0,0.003
2025-08-30 06:00:00,1756533609.0,0.003
2025-08-30 07:00:00,1756537221.0,0.003
2025-08-30 08:00:00,1756540808.0,0.003
2025-08-30 09:00:00,1756544415.0,0.003
2025-08-30 10:00:00,1756548010.0,0.003
2025-08-30 11:00:00,1756551613.0,0.003
2025-08-30 12:00:00,1756555216.0,0.003
2025-08-30 13:00:00,1756558813.0,0.003
2025-08-30 14:00:00,1756562404.0,0.003
2025-08-30 15:00:00,1756566014.0,0.003
2025-08-30 16:00:00,1756569614.0,0.003
2025-08-30 17:00:00,1756573212.0,0.003
2025-08-30 18:00:00,1756576821.0,0.003
2025-08-30 19:00:00,1756580406.0,0.003
2025-08-30 20:00:00,1756584005.0,0.003
2025-08-30 21:00:00,1756587613.0,0.003
2025-08-30 22:00:00,1756591208.0,0.003
2025-08-30 23:00:00,1756594815.0,0.003
2025-08-31 00:00:00,1756598418.0,0.003
2025-08-31 01:00:00,1756602014.0,0.003
2025-08-31 02:00:00,1756605602.0,0.003
2025-08-31 03:00:00,1756609202.0,0.003
2025-08-31 04:00:00,1756612807.0,0.003
2025-08-31 05:00:00,1756616404.0,0.003
2025-08-31 06:00:00,1756620020.0,0.003
2025-08-31 07:00:00,1756623606.0,0.003
2025-08-31 08:00:00,1756627213.0,0.003
2025-08-31 09:00:00,1756630810.0,0.003
2025-08-31 10:00:00,1756634419.0,0.003
2025-08-31 11:00:00,1756638005.0,0.003
2025-08-31 12:00:00,1756641609.0,0.003
2025-08-31 13:00:00,1756645202.0,0.003
2025-08-31 14:00:00,1756648813.0,0.003
2025-08-31 15:00:00,1756652417.0,0.003
2025-08-31 16:00:00,1756656002.0,0.003
2025-08-31 17:00:00,1756659609.0,0.003
2025-08-31 18:00:00,1756663222.0,0.003
2025-08-31 19:00:00,1756666812.0,0.003
2025-08-31 20:00:00,1756670406.0,0.003
2025-08-31 21:00:00,1756674012.0,0.003
2025-08-31 22:00:00,1756677610.0,0.003
2025-08-31 23:00:00,1756681202.0,0.003
2025-09-01 00:00:00,1756684805.0,0.003
2025-09-01 01:00:00,1756688410.0,0.003
2025-09-01 02:00:00,1756692007.0,0.003
2025-09-01 03:00:00,1756695614.0,0.003
2025-09-01 04:00:00,1756699218.0,0.003
2025-09-01 05:00:00,1756702811.0,0.003
2025-09-01 06:00:00,1756706404.0,0.003
2025-09-01 07:00:00,1756710018.0,0.003
2025-09-01 08:00:00,1756713611.0,0.003
2025-09-01 09:00:00,1756717213.0,0.003
2025-09-01 10:00:00,1756720818.0,0.003
2025-09-01 11:00:00,1756724419.0,0.003
2025-09-01 12:00:00,1756728019.0,0.003
2025-09-01 13:00:00,1756731617.0,0.003
2025-09-01 14:00:00,1756735218.0,0.003
2025-09-01 15:00:00,1756738812.0,0.003
2025-09-01 16:00:00,1756742410.0,0.003
2025-09-01 17:00:00,1756746002.0,0.003
2025-09-01 18:00:00,1756749618.0,0.003
2025-09-01 19:00:00,1756753214.0,0.003
2025-09-01 20:00:00,1756756810.0,0.003
2025-09-01 21:00:00,1756760413.0,0.003
2025-09-01 22:00:00,1756764013.0,0.003
2025-09-01 23:00:00,1756767620.0,0.003
2025-09-02 00:00:00,1756771215.0,0.003
2025-09-02 01:00:00,1756774811.0,0.003
2025-09-02 02:00:00,1756778413.0,0.003
2025-09-02 03:00:00,1756782006.0,0.003
2025-09-02 04:00:00,1756785609.0,0.003
2025-09-02 05:00:00,1756789218.0,0.003
2025-09-02 06:00:00,1756792817.0,0.003
2025-09-02 07:00:00,1756796421.0,0.003
2025-09-02 08:00:00,1756800012.0,0.003
2025-09-02 09:00:00,1756803618.0,0.003
2025-09-02 10:00:00,1756807222.0,0.003
2025-09-02 11:00:00,1756810809.0,0.003
2025-09-02 12:00:00,1756814411.0,0.003
2025-09-02 13:00:00,1756818007.0,0.0025
2025-09-02 14:00:00,1756821616.0,0.0025
2025-09-02 15:00:00,1756825217.0,0.0025
2025-09-02 16:00:00,1756828810.0,0.0025
2025-09-02 17:00:00,1756832404.0,0.0025
2025-09-02 18:00:00,1756836006.0,0.0025
2025-09-02 19:00:00,1756839621.0,0.0025
2025-09-02 20:00:00,1756843205.0,0.0025
2025-09-02 21:00:00,1756846815.0,0.0025
2025-09-02 22:00:00,1756850420.0,0.0025
2025-09-02 23:00:00,1756854005.0,0.0025
2025-09-03 00:00:00,1756857615.0,0.0025
2025-09-03 01:00:00,1756861212.0,0.0025
2025-09-03 02:00:00,1756864806.0,0.0025
2025-09-03 03:00:00,1756868404.0,0.0025
2025-09-03 04:00:00,1756872021.0,0.0025
2025-09-03 05:00:00,1756875615.0,0.0025
2025-09-03 06:00:00,1756879212.0,0.0025
2025-09-03 07:00:00,1756882819.0,0.0025
2025-09-03 08:00:00,1756886402.0,0.0025
2025-09-03 09:00:00,1756890027.0,0.0025
2025-09-03 10:00:00,1756893603.0,0.0025
2025-09-03 11:00:00,1756897221.0,0.0025
2025-09-03 12:00:00,1756900812.0,0.0025
2025-09-03 13:00:00,1756904406.0,0.0025
2025-09-03 14:00:00,1756908002.0,0.0025
2025-09-03 15:00:00,1756911610.0,0.0025
2025-09-03 16:00:00,1756915209.0,0.0025
2025-09-03 17:00:00,1756918817.0,0.0025
2025-09-03 18:00:00,1756922407.0,0.0025
2025-09-03 19:00:00,1756926005.0,0.0025
2025-09-03 20:00:00,1756929615.0,0.0025
2025-09-03 21:00:00,1756933213.0,0.0025
2025-09-03 22:00:00,1756936814.0,0.0025
2025-09-03 23:00:00,1756940419.0,0.0025
2025-09-04 00:00:00,1756944003.0,0.0025
2025-09-04 01:00:00,1756947603.0,0.0025
2025-09-04 02:00:00,1756951209.0,0.0025
2025-09-04 03:00:00,1756954822.0,0.0025
2025-09-04 04:00:00,1756958417.0,0.0025
2025-09-04 05:00:00,1756962015.0,0.0025
2025-09-04 06:00:00,1756965617.0,0.0025
2025-09-04 07:00:00,1756969215.0,0.0025
2025-09-04 08:00:00,1756972818.0,0.0025
2025-09-04 09:00:00,1756976417.0,0.0025
2025-09-04 10:00:00,1756980008.0,0.0025
2025-09-04 11:00:00,1756983607.0,0.0025
2025-09-04 12:00:00,1756987218.0,0.0025
2025-09-04 13:00:00,1756990823.0,0.0025
2025-09-04 14:00:00,1756994407.0,0.0025
2025-09-04 15:00:00,1756998007.0,0.0025
2025-09-04 16:00:00,1757001610.0,0.0025
2025-09-04 17:00:00,1757005210.0,0.0025
2025-09-04 18:00:00,1757008815.0,0.0025
2025-09-04 19:00:00,1757012423.0,0.0025
2025-09-04 20:00:00,1757016002.0,0.0025
2025-09-04 21:00:00,1757019608.0,0.0025
2025-09-04 22:00:00,1757023218.0,0.0025
2025-09-04 23:00:00,1757026823.0,0.0025
2025-09-05 00:00:00,1757030409.0,0.0025
2025-09-05 01:00:00,1757034011.0,0.0025
2025-09-05 02:00:00,1757037605.0,0.0025
2025-09-05 03:00:00,1757041202.0,0.0025
2025-09-05 04:00:00,1757044815.0,0.0025
2025-09-05 05:00:00,1757048404.0,0.0025
2025-09-05 06:00:00,1757052011.0,0.0025
2025-09-05 07:00:00,1757055617.0,0.0025
2025-09-05 08:00:00,1757059206.0,0.0025
2025-09-05 09:00:00,1757062812.0,0.0025
2025-09-05 10:00:00,1757066421.0,0.0025
2025-09-05 11:00:00,1757070012.0,0.0025
2025-09-05 12:00:00,1757073620.0,0.0025
2025-09-05 13:00:00,1757077212.0,0.0025
2025-09-05 14:00:00,1757080805.0,0.0025
2025-09-05 15:00:00,1757084411.0,0.0025
2025-09-05 16:00:00,1757088018.0,0.0025
2025-09-05 17:00:00,1757091602.0,0.0025
2025-09-05 18:00:00,1757095209.0,0.0025
2025-09-05 19:00:00,1757098814.0,0.0025
2025-09-05 20:00:00,1757102405.0,0.0025
2025-09-05 21:00:00,1757106018.0,0.0025
2025-09-05 22:00:00,1757109619.0,0.002
2025-09-05 23:00:00,1757113209.0,0.002
2025-09-06 00:00:00,1757116805.0,0.002
2025-09-06 01:00:00,1757120405.0,0.002
2025-09-06 02:00:00,1757124009.0,0.002
2025-09-06 03:00:00,1757127603.0,0.002
2025-09-06 04:00:00,1757131213.0,0.002
2025-09-06 05:00:00,1757134816.0,0.002
2025-09-06 06:00:00,1757138418.0,0.002
2025-09-06 07:00:00,1757142004.0,0.002
2025-09-06 08:00:00,1757145618.0,0.002
2025-09-06 09:00:00,1757149222.0,0.002
2025-09-06 10:00:00,1757152821.0,0.002
2025-09-06 11:00:00,1757156409.0,0.002
2025-09-06 12:00:00,1757160013.0,0.002
2025-09-06 13:00:00,1757163608.0,0.002
2025-09-06 14:00:00,1757167220.0,0.002
2025-09-06 15:00:00,1757170815.0,0.002
2025-09-06 16:00:00,1757174405.0,0.002
2025-09-06 17:00:00,1757178010.0,0.002
2025-09-06 18:00:00,1757181610.0,0.002
2025-09-06 19:00:00,1757185218.0,0.002
2025-09-06 20:00:00,1757188821.0,0.002
2025-09-06 21:00:00,1757192402.0,0.002
2025-09-06 22:00:00,1757196007.0,0.002
2025-09-06 23:00:00,1757199615.0,0.002
2025-09-07 00:00:00,1757203207.0,0.002
2025-09-07 01:00:00,1757206810.0,0.002
2025-09-07 02:00:00,1757210413.0,0.002
2025-09-07 03:00:00,1757214023.0,0.002
2025-09-07 04:00:00,1757217620.0,0.002
2025-09-07 05:00:00,1757221209.0,0.002
2025-09-07 06:00:00,1757224814.0,0.002
2025-09-07 07:00:00,1757228403.0,0.002
2025-09-07 08:00:00,1757232002.0,0.002
2025-09-07 09:00:00,1757235623.0,0.002
2025-09-07 10:00:00,1757239211.0,0.002
2025-09-07 11:00:00,1757242802.0,0.002
2025-09-07 12:00:00,1757246429.0,0.002
2025-09-07 13:00:00,1757250018.0,0.002
2025-09-07 14:00:00,1757253618.0,0.002
2025-09-07 15:00:00,1757257215.0,0.002
2025-09-07 16:00:00,1757260813.0,0.002
2025-09-07 17:00:00,1757264403.0,0.002
2025-09-07 18:00:00,1757268009.0,0.002
2025-09-07 19:00:00,1757271618.0,0.002
2025-09-07 20:00:00,1757275212.0,0.002
2025-09-07 21:00:00,1757278813.0,0.002
2025-09-07 22:00:00,1757282408.0,0.002
2025-09-07 23:00:00,1757286016.0,0.002
2025-09-08 00:00:00,1757289604.0,0.002
2025-09-08 01:00:00,1757293209.0,0.002
2025-09-08 02:00:00,1757296814.0,0.002
2025-09-08 03:00:00,1757300407.0,0.002
2025-09-08 04:00:00,1757304011.0,0.002
2025-09-08 05:00:00,1757307616.0,0.002
2025-09-08 06:00:00,1757311211.0,0.002
2025-09-08 07:00:00,1757314809.0,0.002
2025-09-08 08:00:00,1757318404.0,0.002
2025-09-08 09:00:00,1757322002.0,0.002
2025-09-08 10:00:00,1757325621.0,0.002
2025-09-08 11:00:00,1757329206.0,0.002
2025-09-08 12:00:00,1757332807.0,0.002
2025-09-08 13:00:00,1757336414.0,0.002
2025-09-08 14:00:00,1757340008.0,0.002
2025-09-08 15:00:00,1757343624.0,0.002
2025-09-08 16:00:00,1757347217.0,0.002
2025-09-08 17:00:00,1757350818.0,0.002
2025-09-08 18:00:00,1757354422.0,0.002
2025-09-08 19:00:00,1757358019.0,0.002
2025-09-08 20:00:00,1757361612.0,0.002
2025-09-08 21:00:00,1757365209.0,0.002
2025-09-08 22:00:00,1757368804.0,0.002
2025-09-08 23:00:00,1757372409.0,0.002
2025-09-09 00:00:00,1757376017.0,0.002
2025-09-09 01:00:00,1757379610.0,0.002
2025-09-09 02:00:00,1757383209.0,0.002
2025-09-09 03:00:00,1757386820.0,0.002
2025-09-09 04:00:00,1757390412.0,0.002
2025-09-09 05:00:00,1757394013.0,0.002
2025-09-09 06:00:00,1757397604.0,0.002
2025-09-09 07:00:00,1757401215.0,0.002
2025-09-09 08:00:00,1757404816.0,0.002
2025-09-09 09:00:00,1757408402.0,0.002
2025-09-09 10:00:00,1757412022.0,0.002
2025-09-09 11:00:00,1757415621.0,0.002
2025-09-09 12:00:00,1757419229.0,0.002
2025-09-09 13:00:00,1757422815.0,0.002
2025-09-09 14:00:00,1757426417.0,0.002
2025-09-09 15:00:00,1757430011.0,0.002
2025-09-09 16:00:00,1757433609.0,0.002
2025-09-09 17:00:00,1757437204.0,0.002
2025-09-09 18:00:00,1757440818.0,0.002
2025-09-09 19:00:00,1757444417.0,0.002
2025-09-09 20:00:00,1757448011.0,0.002
2025-09-09 21:00:00,1757451608.0,0.002
2025-09-09 22:00:00,1757455220.0,0.002
2025-09-09 23:00:00,1757458807.0,0.002
2025-09-10 00:00:00,1757462413.0,0.002
2025-09-10 01:00:00,1757466003.0,0.002
2025-09-10 02:00:00,1757469612.0,0.002
2025-09-10 03:00:00,1757473226.0,0.002
2025-09-10 04:00:00,1757476812.0,0.002
2025-09-10 05:00:00,1757480417.0,0.002
2025-09-10 06:00:00,1757484004.0,0.002
2025-09-10 07:00:00,1757487602.0,0.002
2025-09-10 08:00:00,1757491212.0,0.002
2025-09-10 09:00:00,1757494820.0,0.002
2025-09-10 10:00:00,1757498402.0,0.002
2025-09-10 11:00:00,1757502005.0,0.002
2025-09-10 12:00:00,1757505621.0,0.002
2025-09-10 13:00:00,1757509217.0,0.002
2025-09-10 14:00:00,1757512804.0,0.002
2025-09-10 15:00:00,1757516404.0,0.002
2025-09-10 16:00:00,1757520013.0,0.002
2025-09-10 17:00:00,1757523602.0,0.002
2025-09-10 18:00:00,1757527214.0,0.002
2025-09-10 19:00:00,1757530815.0,0.002
2025-09-10 20:00:00,1757534402.0,0.002
2025-09-10 21:00:00,1757538014.0,0.002
2025-09-10 22:00:00,1757541603.0,0.002
2025-09-10 23:00:00,1757545205.0,0.002
2025-09-11 00:00:00,1757548812.0,0.002
2025-09-11 01:00:00,1757552407.0,0.002
2025-09-11 02:00:00,1757556006.0,0.002
2025-09-11 03:00:00,1757559622.0,0.002
2025-09-11 04:00:00,1757563204.0,0.002
2025-09-11 05:00:00,1757566814.0,0.002
2025-09-11 06:00:00,1757570409.0,0.002
2025-09-11 07:00:00,1757574015.0,0.002
2025-09-11 08:00:00,1757577604.0,0.002
2025-09-11 09:00:00,1757581225.0,0.002
2025-09-11 10:00:00,1757584808.0,0.002
2025-09-11 11:00:00,1757588411.0,0.002
2025-09-11 12:00:00,1757592019.0,0.002
2025-09-11 13:00:00,1757595616.0,0.002
2025-09-11 14:00:00,1757599219.0,0.002
2025-09-11 15:00:00,1757602813.0,0.002
2025-09-11 16:00:00,1757606416.0,0.002
2025-09-11 17:00:00,1757610009.0,0.002
2025-09-11 18:00:00,1757613623.0,0.002
2025-09-11 19:00:00,1757617215.0,0.002
2025-09-11 20:00:00,1757620803.0,0.002
2025-09-11 21:00:00,1757624402.0,0.002
2025-09-11 22:00:00,1757628016.0,0.002
2025-09-11 23:00:00,1757631606.0,0.002
2025-09-12 00:00:00,1757635207.0,0.002
2025-09-12 01:00:00,1757638814.0,0.002
2025-09-12 02:00:00,1757642404.0,0.002
2025-09-12 03:00:00,1757646009.0,0.002
2025-09-12 04:00:00,1757649618.0,0.002
2025-09-12 05:00:00,1757653216.0,0.002
2025-09-12 06:00:00,1757656808.0,0.002
2025-09-12 07:00:00,1757660411.0,0.002
2025-09-12 08:00:00,1757664016.0,0.002
2025-09-12 09:00:00,1757667616.0,0.002
2025-09-12 10:00:00,1757671206.0,0.002
2025-09-12 11:00:00,1757674819.0,0.002
2025-09-12 12:00:00,1757678418.0,0.002
2025-09-12 13:00:00,1757682022.0,0.002
2025-09-12 14:00:00,1757685626.0,0.002
2025-09-12 15:00:00,1757689216.0,0.002
2025-09-12 16:00:00,1757692815.0,0.002
2025-09-12 17:00:00,1757696415.0,0.002
2025-09-12 18:00:00,1757700004.0,0.002
2025-09-12 19:00:00,1757703614.0,0.002
2025-09-12 20:00:00,1757707204.0,0.002
2025-09-12 21:00:00,1757710805.0,0.002
2025-09-12 22:00:00,1757714417.0,0.002
2025-09-12 23:00:00,1757718011.0,0.002
2025-09-13 00:00:00,1757721605.0,0.002
2025-09-13 01:00:00,1757725208.0,0.002
2025-09-13 02:00:00,1757728810.0,0.002
2025-09-13 03:00:00,1757732414.0,0.002
2025-09-13 04:00:00,1757736004.0,0.002
2025-09-13 05:00:00,1757739608.0,0.002
2025-09-13 06:00:00,1757743204.0,0.002
2025-09-13 07:00:00,1757746815.0,0.0015
2025-09-13 08:00:00,1757750405.0,0.0015
2025-09-13 09:00:00,1757754009.0,0.0015
2025-09-13 10:00:00,1757757616.0,0.0015
2025-09-13 11:00:00,1757761220.0,0.0015
2025-09-13 12:00:00,1757764824.0,0.0015
2025-09-13 13:00:00,1757768417.0,0.0015
2025-09-13 14:00:00,1757772004.0,0.0015
2025-09-13 15:00:00,1757775623.0,0.0015
2025-09-13 16:00:00,1757779209.0,0.0015
2025-09-13 17:00:00,1757782812.0,0.0015
2025-09-13 18:00:00,1757786415.0,0.0015
2025-09-13 19:00:00,1757790022.0,0.0015
2025-09-13 20:00:00,1757793619.0,0.0015
2025-09-13 21:00:00,1757797205.0,0.0015
2025-09-13 22:00:00,1757800819.0,0.0015
2025-09-13 23:00:00,1757804422.0,0.0015
2025-09-14 00:00:00,1757808017.0,0.0015
2025-09-14 01:00:00,1757811608.0,0.0015
2025-09-14 02:00:00,1757815215.0,0.0015
2025-09-14 03:00:00,1757818825.0,0.0015
2025-09-14 04:00:00,1757822423.0,0.0015
2025-09-14 05:00:00,1757826003.0,0.0015
2025-09-14 06:00:00,1757829605.0,0.0015
2025-09-14 07:00:00,1757833224.0,0.0015
2025-09-14 08:00:00,1757836814.0,0.0015
2025-09-14 09:00:00,1757840423.0,0.0015
2025-09-14 10:00:00,1757844007.0,0.0015
2025-09-14 11:00:00,1757847617.0,0.0015
2025-09-14 12:00:00,1757851230.0,0.0015
2025-09-14 13:00:00,1757854803.0,0.0015
2025-09-14 14:00:00,1757858414.0,0.0015
2025-09-14 15:00:00,1757862010.0,0.0015
2025-09-14 16:00:00,1757865616.0,0.0015
2025-09-14 17:00:00,1757869214.0,0.0015
2025-09-14 18:00:00,1757872820.0,0.0015
2025-09-14 19:00:00,1757876405.0,0.0015
2025-09-14 20:00:00,1757880004.0,0.0015
2025-09-14 21:00:00,1757883618.0,0.0015
2025-09-14 22:00:00,1757887221.0,0.0015
2025-09-14 23:00:00,1757890811.0,0.0015
2025-09-15 00:00:00,1757894403.0,0.0015
2025-09-15 01:00:00,1757898004.0,0.0015
2025-09-15 02:00:00,1757901608.0,0.0015
2025-09-15 03:00:00,1757905228.0,0.0015
2025-09-15 04:00:00,1757908806.0,0.0015
2025-09-15 05:00:00,1757912405.0,0.0015
2025-09-15 06:00:00,1757916008.0,0.0015
2025-09-15 07:00:00,1757919609.0,0.0015
2025-09-15 08:00:00,1757923212.0,0.0015
2025-09-15 09:00:00,1757926825.0,0.0015
2025-09-15 10:00:00,1757930403.0,0.0015
2025-09-15 11:00:00,1757934018.0,0.0015
2025-09-15 12:00:00,1757937605.0,0.0015
2025-09-15 13:00:00,1757941208.0,0.0015
2025-09-15 14:00:00,1757944809.0,0.0015
2025-09-15 15:00:00,1757948419.0,0.0015
2025-09-15 16:00:00,1757952011.0,0.0015
2025-09-15 17:00:00,1757955612.0,0.0015
2025-09-15 18:00:00,1757959202.0,0.0015
2025-09-15 19:00:00,1757962805.0,0.0015
2025-09-15 20:00:00,1757966418.0,0.0015
2025-09-15 21:00:00,1757970020.0,0.0015
2025-09-15 22:00:00,1757973603.0,0.0015
2025-09-15 23:00:00,1757977220.0,0.0015
2025-09-16 00:00:00,1757980810.0,0.0015
2025-09-16 01:00:00,1757984410.0,0.0015
2025-09-16 02:00:00,1757988015.0,0.0015
2025-09-16 03:00:00,1757991622.0,0.0015
2025-09-16 04:00:00,1757995209.0,0.0015
2025-09-16 05:00:00,1757998804.0,0.0015
2025-09-16 06:00:00,1758002426.0,0.0015
2025-09-16 07:00:00,1758006007.0,0.0015
2025-09-16 08:00:00,1758009605.0,0.0015
2025-09-16 09:00:00,1758013226.0,0.0015
2025-09-16 10:00:00,1758016813.0,0.0015
2025-09-16 11:00:00,1758020414.0,0.0015
2025-09-16 12:00:00,1758024014.0,0.0015
2025-09-16 13:00:00,1758027612.0,0.0015
2025-09-16 14:00:00,1758031210.0,0.0015
2025-09-16 15:00:00,1758034812.0,0.0015
2025-09-16 16:00:00,1758038417.0,0.0015
2025-09-16 17:00:00,1758042015.0,0.0015
2025-09-16 18:00:00,1758045609.0,0.0015
2025-09-16 19:00:00,1758049219.0,0.0015
2025-09-16 20:00:00,1758052829.0,0.0015
2025-09-16 21:00:00,1758056414.0,0.0225
2025-09-16 22:00:00,1758060006.0,0.0225
2025-09-16 23:00:00,1758063606.0,0.0175
2025-09-17 00:00:00,1758067212.0,0.012
2025-09-17 01:00:00,1758070805.0,0.012
2025-09-17 02:00:00,1758074417.0,0.012
2025-09-17 03:00:00,1758078015.0,0.012
2025-09-17 04:00:00,1758081611.0,0.012
2025-09-17 05:00:00,1758085202.0,0.012
2025-09-17 06:00:00,1758088818.0,0.012
2025-09-17 07:00:00,1758092405.0,0.012
2025-09-17 08:00:00,1758096021.0,0.012
2025-09-17 09:00:00,1758099621.0,0.012
2025-09-17 10:00:00,1758103209.0,0.012
2025-09-17 11:00:00,1758106806.0,0.012
2025-09-17 12:00:00,1758110414.0,0.012
2025-09-17 13:00:00,1758114010.0,0.012
2025-09-17 14:00:00,1758117613.0,0.012
2025-09-17 15:00:00,1758121213.0,0.012
2025-09-17 16:00:00,1758124817.0,0.008
2025-09-17 17:00:00,1758128410.0,0.0055
2025-09-17 18:00:00,1758132235.0,0.0055
2025-09-17 19:00:00,1758135613.0,0.012
2025-09-17 20:00:00,1758139220.0,0.0045
2025-09-17 21:00:00,1758142825.0,0.0035
2025-09-17 22:00:00,1758146418.0,0.0035
2025-09-17 23:00:00,1758150015.0,0.0035
2025-09-18 00:00:00,1758153612.0,0.0035
2025-09-18 01:00:00,1758157210.0,0.0035
2025-09-18 02:00:00,1758160802.0,0.0035
2025-09-18 03:00:00,1758164408.0,0.0035
2025-09-18 04:00:00,1758168011.0,0.0035
2025-09-18 05:00:00,1758171606.0,0.0035
2025-09-18 06:00:00,1758175208.0,0.0035
2025-09-18 07:00:00,1758178808.0,0.0035
2025-09-18 08:00:00,1758182419.0,0.0035
2025-09-18 09:00:00,1758186015.0,0.0035
2025-09-18 10:00:00,1758189616.0,0.0035
2025-09-18 11:00:00,1758193205.0,0.0035
2025-09-18 12:00:00,1758196802.0,0.002
2025-09-18 13:00:00,1758200408.0,0.002
2025-09-18 14:00:00,1758204006.0,0.002
2025-09-18 15:00:00,1758207613.0,0.0015
2025-09-18 16:00:00,1758211217.0,0.0015
2025-09-18 17:00:00,1758214806.0,0.0015
2025-09-18 18:00:00,1758218407.0,0.0015
2025-09-18 19:00:00,1758222014.0,0.0015
2025-09-18 20:00:00,1758225620.0,0.0015
2025-09-18 21:00:00,1758229207.0,0.0015
2025-09-18 22:00:00,1758232806.0,0.0015
2025-09-18 23:00:00,1758236413.0,0.0015
2025-09-19 00:00:00,1758240019.0,0.0015
2025-09-19 01:00:00,1758243612.0,0.0015
2025-09-19 02:00:00,1758247207.0,0.0015
2025-09-19 03:00:00,1758250814.0,0.0015
2025-09-19 04:00:00,1758254417.0,0.0015
2025-09-19 05:00:00,1758258017.0,0.0015
2025-09-19 06:00:00,1758261618.0,0.0015
2025-09-19 07:00:00,1758265211.0,0.0015
2025-09-19 08:00:00,1758268818.0,0.0015
2025-09-19 09:00:00,1758272423.0,0.0015
2025-09-19 10:00:00,1758276006.0,0.0015
2025-09-19 11:00:00,1758279612.0,0.0015
2025-09-19 12:00:00,1758283225.0,0.0015
2025-09-19 13:00:00,1758286805.0,0.0015
2025-09-19 14:00:00,1758290409.0,0.0015
2025-09-19 15:00:00,1758294022.0,0.0015
2025-09-19 16:00:00,1758297607.0,0.0015
2025-09-19 17:00:00,1758301224.0,0.0015
2025-09-19 18:00:00,1758304804.0,0.0015
2025-09-19 19:00:00,1758308405.0,0.0015
2025-09-19 20:00:00,1758312013.0,0.0015
2025-09-19 21:00:00,1758315624.0,0.0015
2025-09-19 22:00:00,1758319217.0,0.0015
2025-09-19 23:00:00,1758322805.0,0.0015
2025-09-20 00:00:00,1758326413.0,0.0015
2025-09-20 01:00:00,1758330017.0,0.0015
2025-09-20 02:00:00,1758333609.0,0.0015
2025-09-20 03:00:00,1758337216.0,0.0015
2025-09-20 04:00:00,1758340809.0,0.0015
2025-09-20 05:00:00,1758344410.0,0.0015
2025-09-20 06:00:00,1758348004.0,0.0015
2025-09-20 07:00:00,1758351609.0,0.0015
2025-09-20 08:00:00,1758355213.0,0.0015
2025-09-20 09:00:00,1758358834.0,0.0015
2025-09-20 10:00:00,1758362421.0,0.0015
2025-09-20 11:00:00,1758366005.0,0.0015
2025-09-20 12:00:00,1758369626.0,0.0015
2025-09-20 13:00:00,1758373212.0,0.0015
2025-09-20 14:00:00,1758376811.0,0.0015
2025-09-20 15:00:00,1758380424.0,0.0015
2025-09-20 16:00:00,1758384021.0,0.0015
2025-09-20 17:00:00,1758387625.0,0.0015
2025-09-20 18:00:00,1758391211.0,0.0015
2025-09-20 19:00:00,1758394807.0,0.0015
2025-09-20 20:00:00,1758398418.0,0.0015
2025-09-20 21:00:00,1758402019.0,0.0015
2025-09-20 22:00:00,1758405618.0,0.0015
2025-09-20 23:00:00,1758409220.0,0.0015
2025-09-21 00:00:00,1758412807.0,0.0015
2025-09-21 01:00:00,1758416402.0,0.0015
2025-09-21 02:00:00,1758420010.0,0.0015
2025-09-21 03:00:00,1758423610.0,0.0015
2025-09-21 04:00:00,1758427206.0,0.0015
2025-09-21 05:00:00,1758430805.0,0.0015
2025-09-21 06:00:00,1758434420.0,0.0015
2025-09-21 07:00:00,1758438016.0,0.0015
2025-09-21 08:00:00,1758441617.0,0.0015
2025-09-21 09:00:00,1758445210.0,0.0015
2025-09-21 10:00:00,1758448809.0,0.0015
2025-09-21 11:00:00,1758452408.0,0.0015
2025-09-21 12:00:00,1758456022.0,0.0015
2025-09-21 13:00:00,1758459614.0,0.0015
2025-09-21 14:00:00,1758463204.0,0.0015
2025-09-21 15:00:00,1758466820.0,0.0015
2025-09-21 16:00:00,1758470405.0,0.0015
2025-09-21 17:00:00,1758474017.0,0.0015
2025-09-21 18:00:00,1758477605.0,0.0015
2025-09-21 19:00:00,1758481206.0,0.0015
2025-09-21 20:00:00,1758484805.0,0.0015
2025-09-21 21:00:00,1758488406.0,0.0015
2025-09-21 22:00:00,1758492008.0,0.0015
2025-09-21 23:00:00,1758495605.0,0.0015
2025-09-22 00:00:00,1758499217.0,0.0015
2025-09-22 01:00:00,1758502806.0,0.0015
2025-09-22 02:00:00,1758506419.0,0.0015
2025-09-22 03:00:00,1758510015.0,0.0015
2025-09-22 04:00:00,1758513602.0,0.0015
2025-09-22 05:00:00,1758517213.0,0.0015
2025-09-22 06:00:00,1758520824.0,0.0015
2025-09-22 07:00:00,1758524402.0,0.0015
2025-09-22 08:00:00,1758528016.0,0.0015
2025-09-22 09:00:00,1758531623.0,0.0015
2025-09-22 10:00:00,1758535206.0,0.0015
2025-09-22 11:00:00,1758538809.0,0.0015
2025-09-22 12:00:00,1758542412.0,0.0015
2025-09-22 13:00:00,1758546017.0,0.0015
2025-09-22 14:00:00,1758549602.0,0.0015
2025-09-22 15:00:00,1758553217.0,0.0015
2025-09-22 16:00:00,1758556809.0,0.0015
2025-09-22 17:00:00,1758560423.0,0.0015
2025-09-22 18:00:00,1758564018.0,0.0015
2025-09-22 19:00:00,1758567622.0,0.0015
2025-09-22 20:00:00,1758571211.0,0.0015
2025-09-22 21:00:00,1758574806.0,0.0015
2025-09-22 22:00:00,1758578402.0,0.0015
2025-09-22 23:00:00,1758582011.0,0.0015
2025-09-23 00:00:00,1758585607.0,0.0015
2025-09-23 01:00:00,1758589208.0,0.0015
2025-09-23 02:00:00,1758592810.0,0.0015
2025-09-23 03:00:00,1758596421.0,0.0015
2025-09-23 04:00:00,1758600007.0,0.0015
2025-09-23 05:00:00,1758603617.0,0.0015
2025-09-23 06:00:00,1758607216.0,0.0015
2025-09-23 07:00:00,1758610804.0,0.0015
2025-09-23 08:00:00,1758614407.0,0.0015
2025-09-23 09:00:00,1758618011.0,0.0015
2025-09-23 10:00:00,1758621609.0,0.0015
2025-09-23 11:00:00,1758625207.0,0.0015
2025-09-23 12:00:00,1758628820.0,0.0015
2025-09-23 13:00:00,1758632404.0,0.0015
2025-09-23 14:00:00,1758636015.0,0.0015
2025-09-23 15:00:00,1758639614.0,0.0015
2025-09-23 16:00:00,1758643205.0,0.0015
2025-09-23 17:00:00,1758646824.0,0.0015
2025-09-23 18:00:00,1758650408.0,0.0015
2025-09-23 19:00:00,1758654020.0,0.0015
2025-09-23 20:00:00,1758657613.0,0.0015
2025-09-23 21:00:00,1758661221.0,0.0015
2025-09-23 22:00:00,1758664821.0,0.0015
2025-09-23 23:00:00,1758668421.0,0.0015
2025-09-24 00:00:00,1758672019.0,0.0015
2025-09-24 01:00:00,1758675606.0,0.0015
2025-09-24 02:00:00,1758679221.0,0.0015
2025-09-24 03:00:00,1758682815.0,0.0015
2025-09-24 04:00:00,1758686409.0,0.0015
2025-09-24 05:00:00,1758690013.0,0.0015
2025-09-24 06:00:00,1758693626.0,0.0015
2025-09-24 07:00:00,1758697202.0,0.0015
2025-09-24 08:00:00,1758700810.0,0.0015
2025-09-24 09:00:00,1758704402.0,0.0015
2025-09-24 10:00:00,1758708005.0,0.0015
2025-09-24 11:00:00,1758711605.0,0.0015
2025-09-24 12:00:00,1758715211.0,0.0015
2025-09-24 13:00:00,1758718806.0,0.0015
2025-09-24 14:00:00,1758722413.0,0.0015
2025-09-24 15:00:00,1758726015.0,0.0015
2025-09-24 16:00:00,1758729611.0,0.0015
2025-09-24 17:00:00,1758733211.0,0.0015
2025-09-24 18:00:00,1758736812.0,0.0015
2025-09-24 19:00:00,1758740404.0,0.0015
2025-09-24 20:00:00,1758744010.0,0.0015
2025-09-24 21:00:00,1758747612.0,0.0015
2025-09-24 22:00:00,1758751212.0,0.0015
2025-09-24 23:00:00,1758754806.0,0.0015
2025-09-25 00:00:00,1758758405.0,0.0015
2025-09-25 01:00:00,1758762005.0,0.0015
2025-09-25 02:00:00,1758765605.0,0.0015
2025-09-25 03:00:00,1758769215.0,0.0015
2025-09-25 04:00:00,1758772807.0,0.0015
2025-09-25 05:00:00,1758776402.0,0.0015
2025-09-25 06:00:00,1758780008.0,0.0015
2025-09-25 07:00:00,1758783606.0,0.0015
2025-09-25 08:00:00,1758787214.0,0.0015
2025-09-25 09:00:00,1758790811.0,0.0015
2025-09-25 10:00:00,1758794413.0,0.0015
2025-09-25 11:00:00,1758798008.0,0.0015
2025-09-25 12:00:00,1758801607.0,0.0015
2025-09-25 13:00:00,1758805211.0,0.0015
2025-09-25 14:00:00,1758808813.0,0.0015
2025-09-25 15:00:00,1758812407.0,0.0015
2025-09-25 16:00:00,1758816002.0,0.0015
2025-09-25 17:00:00,1758819614.0,0.0015
2025-09-25 18:00:00,1758823211.0,0.0015
2025-09-25 19:00:00,1758826805.0,0.0015
2025-09-25 20:00:00,1758830404.0,0.0015
2025-09-25 21:00:00,1758834013.0,0.0015
2025-09-25 22:00:00,1758837615.0,0.0015
2025-09-25 23:00:00,1758841207.0,0.0015
2025-09-26 00:00:00,1758844804.0,0.0015
2025-09-26 01:00:00,1758848404.0,0.0015
2025-09-26 02:00:00,1758852004.0,0.0015
2025-09-26 03:00:00,1758855607.0,0.0015
2025-09-26 04:00:00,1758859202.0,0.0015
2025-09-26 05:00:00,1758862816.0,0.0015
2025-09-26 06:00:00,1758866406.0,0.0015
2025-09-26 07:00:00,1758870012.0,0.0015
2025-09-26 08:00:00,1758873608.0,0.0015
2025-09-26 09:00:00,1758877209.0,0.0015
2025-09-26 10:00:00,1758880816.0,0.0015
2025-09-26 11:00:00,1758884407.0,0.0015
2025-09-26 12:00:00,1758888013.0,0.0015
2025-09-26 13:00:00,1758891614.0,0.0015
2025-09-26 14:00:00,1758895213.0,0.0015
2025-09-26 15:00:00,1758898813.0,0.0015
2025-09-26 16:00:00,1758902409.0,0.0015
2025-09-26 17:00:00,1758906009.0,0.0015
2025-09-26 18:00:00,1758909614.0,0.0015
2025-09-26 19:00:00,1758913205.0,0.0015
2025-09-26 20:00:00,1758916815.0,0.0015
2025-09-26 21:00:00,1758920416.0,0.0015
2025-09-26 22:00:00,1758924010.0,0.0015
2025-09-26 23:00:00,1758927612.0,0.0015
2025-09-27 00:00:00,1758931208.0,0.0015
2025-09-27 01:00:00,1758934806.0,0.0015
2025-09-27 02:00:00,1758938404.0,0.0015
2025-09-27 03:00:00,1758942013.0,0.0015
2025-09-27 04:00:00,1758945609.0,0.0015
2025-09-27 05:00:00,1758949207.0,0.0015
2025-09-27 06:00:00,1758952806.0,0.0015
2025-09-27 07:00:00,1758956403.0,0.0015
2025-09-27 08:00:00,1758960015.0,0.0015
2025-09-27 09:00:00,1758963614.0,0.0015
2025-09-27 10:00:00,1758967207.0,0.0015
2025-09-27 11:00:00,1758970812.0,0.0015
2025-09-27 12:00:00,1758974402.0,0.0015
2025-09-27 13:00:00,1758978009.0,0.0015
2025-09-27 14:00:00,1758981606.0,0.0015
2025-09-27 15:00:00,1758985208.0,0.0015
2025-09-27 16:00:00,1758988809.0,0.0015
2025-09-27 17:00:00,1758992415.0,0.0015
2025-09-27 18:00:00,1758996006.0,0.0015
2025-09-27 19:00:00,1758999612.0,0.0015
2025-09-27 20:00:00,1759003211.0,0.0015
2025-09-27 21:00:00,1759006810.0,0.0015
2025-09-27 22:00:00,1759010414.0,0.0015
2025-09-27 23:00:00,1759014012.0,0.0015
2025-09-28 00:00:00,1759017603.0,0.0015
2025-09-28 01:00:00,1759021207.0,0.0015
2025-09-28 02:00:00,1759024803.0,0.0015
2025-09-28 03:00:00,1759028416.0,0.0015
2025-09-28 04:00:00,1759032008.0,0.0015
2025-09-28 05:00:00,1759035606.0,0.0015
2025-09-28 06:00:00,1759039206.0,0.0015
2025-09-28 07:00:00,1759042802.0,0.0015
2025-09-28 08:00:00,1759046412.0,0.0015
2025-09-28 09:00:00,1759050008.0,0.0015
2025-09-28 10:00:00,1759053614.0,0.0015
2025-09-28 11:00:00,1759057211.0,0.0015
2025-09-28 12:00:00,1759060808.0,0.0015
2025-09-28 13:00:00,1759064405.0,0.0015
2025-09-28 14:00:00,1759068015.0,0.0015
2025-09-28 15:00:00,1759071615.0,0.0015
2025-09-28 16:00:00,1759075209.0,0.0015
2025-09-28 17:00:00,1759078811.0,0.0015
2025-09-28 18:00:00,1759082410.0,0.0015
2025-09-28 19:00:00,1759086008.0,0.0015
2025-09-28 20:00:00,1759089611.0,0.0015
2025-09-28 21:00:00,1759093216.0,0.0015
2025-09-28 22:00:00,1759096812.0,0.0015
2025-09-28 23:00:00,1759100405.0,0.0015
2025-09-29 00:00:00,1759104007.0,0.0015
2025-09-29 01:00:00,1759107603.0,0.0015
2025-09-29 02:00:00,1759111203.0,0.0015
2025-09-29 03:00:00,1759114810.0,0.0015
2025-09-29 04:00:00,1759118402.0,0.0015
2025-09-29 05:00:00,1759122009.0,0.0015
2025-09-29 06:00:00,1759125602.0,0.0015
2025-09-29 07:00:00,1759129209.0,0.0015
2025-09-29 08:00:00,1759132805.0,0.0015
2025-09-29 09:00:00,1759136411.0,0.0015
2025-09-29 10:00:00,1759140011.0,0.0015
2025-09-29 11:00:00,1759143605.0,0.0015
2025-09-29 12:00:00,1759147205.0,0.0015
2025-09-29 13:00:00,1759150804.0,0.0015
2025-09-29 14:00:00,1759154404.0,0.0015
2025-09-29 15:00:00,1759158002.0,0.0015
2025-09-29 16:00:00,1759161604.0,0.0015
2025-09-29 17:00:00,1759165204.0,0.0015
2025-09-29 18:00:00,1759168804.0,0.0015
2025-09-29 19:00:00,1759172402.0,0.0015
2025-09-29 20:00:00,1759176009.0,0.0015
2025-09-29 21:00:00,1759179606.0,0.0015
2025-09-29 22:00:00,1759183213.0,0.0015
2025-09-29 23:00:00,1759186809.0,0.0015
2025-09-30 00:00:00,1759190407.0,0.0015
2025-09-30 01:00:00,1759194005.0,0.0015
2025-09-30 02:00:00,1759197609.0,0.0015
2025-09-30 03:00:00,1759201214.0,0.0015
2025-09-30 04:00:00,1759204807.0,0.0015
2025-09-30 05:00:00,1759208413.0,0.0015
2025-09-30 06:00:00,1759212008.0,0.0015
2025-09-30 07:00:00,1759215611.0,0.0015
2025-09-30 08:00:00,1759219210.0,0.0015
2025-09-30 09:00:00,1759222802.0,0.0015
2025-09-30 10:00:00,1759226409.0,0.0015
2025-09-30 11:00:00,1759230012.0,0.0015
2025-09-30 12:00:00,1759233612.0,0.0015
2025-09-30 13:00:00,1759237209.0,0.0015
2025-09-30 14:00:00,1759240804.0,0.0015
2025-09-30 15:00:00,1759244415.0,0.0015
2025-09-30 16:00:00,1759248008.0,0.0015
2025-09-30 17:00:00,1759251602.0,0.0015
2025-09-30 18:00:00,1759255211.0,0.0015
2025-09-30 19:00:00,1759258803.0,0.0015
2025-09-30 20:00:00,1759262410.0,0.0015
2025-09-30 21:00:00,1759266003.0,0.0015
2025-09-30 22:00:00,1759269607.0,0.0015
2025-09-30 23:00:00,1759273207.0,0.0015
2025-10-01 00:00:00,1759276810.0,0.0015
2025-10-01 01:00:00,1759280407.0,0.0015
2025-10-01 02:00:00,1759284003.0,0.0015
2025-10-01 03:00:00,1759287604.0,0.0015
2025-10-01 04:00:00,1759291202.0,0.0015
2025-10-01 05:00:00,1759294803.0,0.0015
2025-10-01 06:00:00,1759298411.0,0.0015
2025-10-01 07:00:00,1759302008.0,0.0015
2025-10-01 08:00:00,1759305606.0,0.0015
2025-10-01 09:00:00,1759309208.0,0.0015
2025-10-01 10:00:00,1759312807.0,0.0015
2025-10-01 11:00:00,1759316406.0,0.0015
2025-10-01 12:00:00,1759320007.0,0.0015
2025-10-01 13:00:00,1759323604.0,0.0015
2025-10-01 14:00:00,1759327205.0,0.0015
2025-10-01 15:00:00,1759330803.0,0.0015
2025-10-01 16:00:00,1759334414.0,0.0015
2025-10-01 17:00:00,1759338009.0,0.0015
2025-10-01 18:00:00,1759341604.0,0.0015
2025-10-01 19:00:00,1759345207.0,0.0015
2025-10-01 20:00:00,1759348808.0,0.0015
2025-10-01 21:00:00,1759352409.0,0.0015
2025-10-01 22:00:00,1759356007.0,0.0015
2025-10-01 23:00:00,1759359606.0,0.0015
2025-10-02 00:00:00,1759363203.0,0.0015
2025-10-02 01:00:00,1759366803.0,0.0015
2025-10-02 02:00:00,1759370403.0,0.0015
2025-10-02 03:00:00,1759374009.0,0.0015
2025-10-02 04:00:00,1759377611.0,0.0015
2025-10-02 05:00:00,1759381209.0,0.0015
2025-10-02 06:00:00,1759384813.0,0.0015
2025-10-02 07:00:00,1759388410.0,0.0015
2025-10-02 08:00:00,1759392013.0,0.0015
2025-10-02 09:00:00,1759395605.0,0.0015
2025-10-02 10:00:00,1759399208.0,0.0015
2025-10-02 11:00:00,1759402804.0,0.0015
2025-10-02 12:00:00,1759406413.0,0.0015
2025-10-02 13:00:00,1759410002.0,0.0015
2025-10-02 14:00:00,1759413608.0,0.0015
2025-10-02 15:00:00,1759417206.0,0.0015
2025-10-02 16:00:00,1759420804.0,0.0015
2025-10-02 17:00:00,1759424410.0,0.0015
2025-10-02 18:00:00,1759428015.0,0.0015
2025-10-02 19:00:00,1759431612.0,0.0015
2025-10-02 20:00:00,1759435203.0,0.0015
2025-10-02 21:00:00,1759438814.0,0.0015
2025-10-02 22:00:00,1759442411.0,0.0015
2025-10-02 23:00:00,1759446003.0,0.0015
2025-10-03 00:00:00,1759449604.0,0.0015
2025-10-03 01:00:00,1759453205.0,0.0015
2025-10-03 02:00:00,1759456803.0,0.0015
2025-10-03 03:00:00,1759460408.0,0.0015
2025-10-03 04:00:00,1759464006.0,0.0015
2025-10-03 05:00:00,1759467612.0,0.0015
2025-10-03 06:00:00,1759471213.0,0.0015
2025-10-03 07:00:00,1759474803.0,0.0015
2025-10-03 08:00:00,1759478404.0,0.0015
2025-10-03 09:00:00,1759482009.0,0.0015
2025-10-03 10:00:00,1759485603.0,0.0015
2025-10-03 11:00:00,1759489202.0,0.0015
2025-10-03 12:00:00,1759492811.0,0.0015
2025-10-03 13:00:00,1759496403.0,0.0015
2025-10-03 14:00:00,1759500004.0,0.0015
2025-10-03 15:00:00,1759503610.0,0.0015
2025-10-03 16:00:00,1759507204.0,0.0015
2025-10-03 17:00:00,1759510812.0,0.0015
2025-10-03 18:00:00,1759514407.0,0.0015
2025-10-03 19:00:00,1759518008.0,0.0015
2025-10-03 20:00:00,1759521603.0,0.0015
2025-10-03 21:00:00,1759525206.0,0.0015
2025-10-03 22:00:00,1759528804.0,0.0015
2025-10-03 23:00:00,1759532405.0,0.0015
2025-10-04 00:00:00,1759536006.0,0.0015
2025-10-04 01:00:00,1759539605.0,0.0015
2025-10-04 02:00:00,1759543205.0,0.0015
2025-10-04 03:00:00,1759546805.0,0.0015
2025-10-04 04:00:00,1759550403.0,0.0015
2025-10-04 05:00:00,1759554003.0,0.0015
2025-10-04 06:00:00,1759557604.0,0.0015
2025-10-04 07:00:00,1759561209.0,0.0015
2025-10-04 08:00:00,1759564805.0,0.0015
2025-10-04 09:00:00,1759568412.0,0.0015
2025-10-04 10:00:00,1759572008.0,0.0015
2025-10-04 11:00:00,1759575606.0,0.0015
2025-10-04 12:00:00,1759579213.0,0.0015
2025-10-04 13:00:00,1759582809.0,0.002
2025-10-04 14:00:00,1759586405.0,0.002
2025-10-04 15:00:00,1759590002.0,0.002
2025-10-04 16:00:00,1759593607.0,0.002
2025-10-04 17:00:00,1759597208.0,0.002
2025-10-04 18:00:00,1759600802.0,0.002
2025-10-04 19:00:00,1759604407.0,0.002
2025-10-04 20:00:00,1759608005.0,0.002
2025-10-04 21:00:00,1759611603.0,0.002
2025-10-04 22:00:00,1759615206.0,0.002
2025-10-04 23:00:00,1759618806.0,0.002
2025-10-05 00:00:00,1759622404.0,0.002
2025-10-05 01:00:00,1759626005.0,0.002
2025-10-05 02:00:00,1759629603.0,0.002
2025-10-05 03:00:00,1759633204.0,0.002
2025-10-05 04:00:00,1759636802.0,0.002
2025-10-05 05:00:00,1759640405.0,0.002
2025-10-05 06:00:00,1759644003.0,0.002
2025-10-05 07:00:00,1759647603.0,0.002
2025-10-05 08:00:00,1759651207.0,0.002
2025-10-05 09:00:00,1759654807.0,0.002
2025-10-05 10:00:00,1759658403.0,0.002
2025-10-05 11:00:00,1759662006.0,0.002
2025-10-05 12:00:00,1759665607.0,0.002
2025-10-05 13:00:00,1759669205.0,0.002
2025-10-05 14:00:00,1759672807.0,0.002
2025-10-05 15:00:00,1759676406.0,0.002
2025-10-05 16:00:00,1759680005.0,0.002
2025-10-05 17:00:00,1759683606.0,0.002
2025-10-05 18:00:00,1759687203.0,0.002
2025-10-05 19:00:00,1759690805.0,0.002
2025-10-05 20:00:00,1759694402.0,0.002
2025-10-05 21:00:00,1759698003.0,0.002
2025-10-05 22:00:00,1759701604.0,0.002
2025-10-05 23:00:00,1759705202.0,0.002
2025-10-06 00:00:00,1759708803.0,0.002
2025-10-06 01:00:00,1759712405.0,0.002
2025-10-06 02:00:00,1759716006.0,0.002
2025-10-06 03:00:00,1759719606.0,0.002
2025-10-06 04:00:00,1759723206.0,0.002
2025-10-06 05:00:00,1759726803.0,0.002
2025-10-06 06:00:00,1759730407.0,0.002
2025-10-06 07:00:00,1759734007.0,0.002
2025-10-06 08:00:00,1759737605.0,0.002
2025-10-06 09:00:00,1759741205.0,0.002
2025-10-06 10:00:00,1759744809.0,0.002
2025-10-06 11:00:00,1759748406.0,0.002
2025-10-06 12:00:00,1759752011.0,0.002
2025-10-06 13:00:00,1759755603.0,0.002
2025-10-06 14:00:00,1759759207.0,0.002
2025-10-06 15:00:00,1759762803.0,0.002
2025-10-06 16:00:00,1759766408.0,0.002
2025-10-06 17:00:00,1759770003.0,0.002
2025-10-06 18:00:00,1759773603.0,0.002
2025-10-06 19:00:00,1759777207.0,0.002
2025-10-06 20:00:00,1759780811.0,0.002
2025-10-06 21:00:00,1759784408.0,0.002
2025-10-06 22:00:00,1759788014.0,0.002
2025-10-06 23:00:00,1759791606.0,0.002
2025-10-07 00:00:00,1759795202.0,0.002
2025-10-07 01:00:00,1759798806.0,0.002
2025-10-07 02:00:00,1759802408.0,0.002
2025-10-07 03:00:00,1759806016.0,0.002
2025-10-07 04:00:00,1759809608.0,0.002
2025-10-07 05:00:00,1759813209.0,0.002
2025-10-07 06:00:00,1759816811.0,0.002
2025-10-07 07:00:00,1759820407.0,0.002
2025-10-07 08:00:00,1759824004.0,0.002
2025-10-07 09:00:00,1759827602.0,0.002
2025-10-07 10:00:00,1759831213.0,0.002
2025-10-07 11:00:00,1759834810.0,0.002
2025-10-07 12:00:00,1759838408.0,0.002
2025-10-07 13:00:00,1759842005.0,0.002
2025-10-07 14:00:00,1759845613.0,0.002
2025-10-07 15:00:00,1759849202.0,0.002
2025-10-07 16:00:00,1759852806.0,0.002
2025-10-07 17:00:00,1759856405.0,0.002
2025-10-07 18:00:00,1759860018.0,0.002
2025-10-07 19:00:00,1759863603.0,0.002
2025-10-07 20:00:00,1759867206.0,0.002
2025-10-07 21:00:00,1759870807.0,0.002
2025-10-07 22:00:00,1759874407.0,0.002
2025-10-07 23:00:00,1759878014.0,0.002
2025-10-08 00:00:00,1759881613.0,0.002
2025-10-08 01:00:00,1759885203.0,0.002
2025-10-08 02:00:00,1759888803.0,0.002
2025-10-08 03:00:00,1759892407.0,0.002
2025-10-08 04:00:00,1759896006.0,0.002
2025-10-08 05:00:00,1759899605.0,0.002
2025-10-08 06:00:00,1759903216.0,0.002
2025-10-08 07:00:00,1759906804.0,0.002
2025-10-08 08:00:00,1759910407.0,0.002
2025-10-08 09:00:00,1759914015.0,0.002
2025-10-08 10:00:00,1759917604.0,0.002
2025-10-08 11:00:00,1759921208.0,0.002
2025-10-08 12:00:00,1759924812.0,0.002
2025-10-08 13:00:00,1759928403.0,0.002
2025-10-08 14:00:00,1759932008.0,0.002
2025-10-08 15:00:00,1759935613.0,0.002
2025-10-08 16:00:00,1759939205.0,0.002
2025-10-08 17:00:00,1759942812.0,0.002
2025-10-08 18:00:00,1759946409.0,0.002
2025-10-08 19:00:00,1759950016.0,0.002
2025-10-08 20:00:00,1759953606.0,0.002
2025-10-08 21:00:00,1759957212.0,0.002
2025-10-08 22:00:00,1759960815.0,0.002
2025-10-08 23:00:00,1759964406.0,0.002
2025-10-09 00:00:00,1759968013.0,0.002
2025-10-09 01:00:00,1759971608.0,0.002
2025-10-09 02:00:00,1759975206.0,0.002
2025-10-09 03:00:00,1759978807.0,0.002
2025-10-09 04:00:00,1759982409.0,0.002
2025-10-09 05:00:00,1759986006.0,0.002
2025-10-09 06:00:00,1759989605.0,0.002
2025-10-09 07:00:00,1759993210.0,0.002
2025-10-09 08:00:00,1759996808.0,0.002
2025-10-09 09:00:00,1760000407.0,0.002
2025-10-09 10:00:00,1760004012.0,0.002
2025-10-09 11:00:00,1760007615.0,0.002
2025-10-09 12:00:00,1760011219.0,0.002
2025-10-09 13:00:00,1760014815.0,0.002
2025-10-09 14:00:00,1760018404.0,0.002
2025-10-09 15:00:00,1760022013.0,0.002
2025-10-09 16:00:00,1760025612.0,0.002
2025-10-09 17:00:00,1760029209.0,0.002
2025-10-09 18:00:00,1760032819.0,0.002
2025-10-09 19:00:00,1760036402.0,0.002
2025-10-09 20:00:00,1760040018.0,0.002
2025-10-09 21:00:00,1760043613.0,0.002
2025-10-09 22:00:00,1760047217.0,0.002
2025-10-09 23:00:00,1760050819.0,0.002
2025-10-10 00:00:00,1760054419.0,0.002
2025-10-10 01:00:00,1760058012.0,0.002
2025-10-10 02:00:00,1760061609.0,0.002
2025-10-10 03:00:00,1760065204.0,0.002
2025-10-10 04:00:00,1760068811.0,0.002
2025-10-10 05:00:00,1760072408.0,0.002
2025-10-10 06:00:00,1760076013.0,0.002
2025-10-10 07:00:00,1760079619.0,0.002
2025-10-10 08:00:00,1760083219.0,0.002
2025-10-10 09:00:00,1760086817.0,0.002
2025-10-10 10:00:00,1760090415.0,0.002
2025-10-10 11:00:00,1760094006.0,0.002
2025-10-10 12:00:00,1760097620.0,0.002
2025-10-10 13:00:00,1760101213.0,0.002
2025-10-10 14:00:00,1760104808.0,0.002
2025-10-10 15:00:00,1760108407.0,0.002
2025-10-10 16:00:00,1760112009.0,0.002
2025-10-10 17:00:00,1760115616.0,0.002
2025-10-10 18:00:00,1760119203.0,0.002
2025-10-10 19:00:00,1760122816.0,0.002
2025-10-10 20:00:00,1760126407.0,0.002
2025-10-10 21:00:00,1760130012.0,0.002
2025-10-10 22:00:00,1760133602.0,0.002
2025-10-10 23:00:00,1760137217.0,0.002
2025-10-11 00:00:00,1760140814.0,0.002
2025-10-11 01:00:00,1760144405.0,0.002
2025-10-11 02:00:00,1760148010.0,0.002
2025-10-11 03:00:00,1760151620.0,0.002
2025-10-11 04:00:00,1760155206.0,0.002
2025-10-11 05:00:00,1760158802.0,0.002
2025-10-11 06:00:00,1760162418.0,0.002
2025-10-11 07:00:00,1760166015.0,0.002
2025-10-11 08:00:00,1760169608.0,0.002
2025-10-11 09:00:00,1760173215.0,0.002
2025-10-11 10:00:00,1760176809.0,0.002
2025-10-11 11:00:00,1760180409.0,0.002
2025-10-11 12:00:00,1760184013.0,0.002
2025-10-11 13:00:00,1760187607.0,0.002
2025-10-11 14:00:00,1760191213.0,0.002
2025-10-11 15:00:00,1760194808.0,0.002
2025-10-11 16:00:00,1760198403.0,0.002
2025-10-11 17:00:00,1760202011.0,0.002
2025-10-11 18:00:00,1760205607.0,0.002
2025-10-11 19:00:00,1760209216.0,0.002
2025-10-11 20:00:00,1760212815.0,0.002
2025-10-11 21:00:00,1760216402.0,0.002
2025-10-11 22:00:00,1760220009.0,0.002
2025-10-11 23:00:00,1760223611.0,0.002
2025-10-12 00:00:00,1760227211.0,0.002
2025-10-12 01:00:00,1760230813.0,0.002
2025-10-12 02:00:00,1760234416.0,0.002
2025-10-12 03:00:00,1760238019.0,0.002
2025-10-12 04:00:00,1760241605.0,0.002
2025-10-12 05:00:00,1760245208.0,0.002
2025-10-12 06:00:00,1760248810.0,0.002
2025-10-12 07:00:00,1760252410.0,0.002
2025-10-12 08:00:00,1760256004.0,0.002
2025-10-12 09:00:00,1760259609.0,0.002
2025-10-12 10:00:00,1760263203.0,0.002
2025-10-12 11:00:00,1760266816.0,0.002
2025-10-12 12:00:00,1760270404.0,0.002
2025-10-12 13:00:00,1760274003.0,0.002
2025-10-12 14:00:00,1760277610.0,0.002
2025-10-12 15:00:00,1760281209.0,0.002
2025-10-12 16:00:00,1760284810.0,0.002
2025-10-12 17:00:00,1760288405.0,0.002
2025-10-12 18:00:00,1760292020.0,0.002
2025-10-12 19:00:00,1760295611.0,0.002
2025-10-12 20:00:00,1760299212.0,0.002
2025-10-12 21:00:00,1760302804.0,0.002
2025-10-12 22:00:00,1760306412.0,0.002
2025-10-12 23:00:00,1760310007.0,0.002
2025-10-13 00:00:00,1760313615.0,0.002
2025-10-13 01:00:00,1760317212.0,0.002
2025-10-13 02:00:00,1760320809.0,0.002
2025-10-13 03:00:00,1760324404.0,0.002
2025-10-13 04:00:00,1760328007.0,0.002
2025-10-13 05:00:00,1760331615.0,0.002
2025-10-13 06:00:00,1760335208.0,0.002
2025-10-13 07:00:00,1760338813.0,0.002
2025-10-13 08:00:00,1760342411.0,0.002
2025-10-13 09:00:00,1760346023.0,0.002
2025-10-13 10:00:00,1760349614.0,0.002
2025-10-13 11:00:00,1760353210.0,0.002
2025-10-13 12:00:00,1760356826.0,0.002
2025-10-13 13:00:00,1760360418.0,0.002
2025-10-13 14:00:00,1760364012.0,0.002
2025-10-13 15:00:00,1760367604.0,0.002
2025-10-13 16:00:00,1760371218.0,0.002
2025-10-13 17:00:00,1760374813.0,0.002
2025-10-13 18:00:00,1760378423.0,0.002
2025-10-13 19:00:00,1760382011.0,0.002
2025-10-13 20:00:00,1760385610.0,0.002
2025-10-13 21:00:00,1760389204.0,0.002
2025-10-13 22:00:00,1760392819.0,0.002
2025-10-13 23:00:00,1760396411.0,0.002
2025-10-14 00:00:00,1760400006.0,0.002
2025-10-14 01:00:00,1760403611.0,0.002
2025-10-14 02:00:00,1760407212.0,0.002
2025-10-14 03:00:00,1760410804.0,0.002
2025-10-14 04:00:00,1760414415.0,0.002
2025-10-14 05:00:00,1760418017.0,0.002
2025-10-14 06:00:00,1760421620.0,0.002
2025-10-14 07:00:00,1760425212.0,0.002
2025-10-14 08:00:00,1760428813.0,0.002
2025-10-14 09:00:00,1760432408.0,0.002
2025-10-14 10:00:00,1760436003.0,0.002
2025-10-14 11:00:00,1760439606.0,0.002
2025-10-14 12:00:00,1760443215.0,0.002
2025-10-14 13:00:00,1760446805.0,0.002
2025-10-14 14:00:00,1760450406.0,0.002
2025-10-14 15:00:00,1760454011.0,0.002
2025-10-14 16:00:00,1760457619.0,0.002
2025-10-14 17:00:00,1760461211.0,0.002
2025-10-14 18:00:00,1760464824.0,0.002
2025-10-14 19:00:00,1760468418.0,0.002
2025-10-14 20:00:00,1760472011.0,0.002
2025-10-14 21:00:00,1760475618.0,0.002
2025-10-14 22:00:00,1760479205.0,0.002
2025-10-14 23:00:00,1760482818.0,0.002
2025-10-15 00:00:00,1760486405.0,0.002
2025-10-15 01:00:00,1760490007.0,0.002
2025-10-15 02:00:00,1760493605.0,0.002
2025-10-15 03:00:00,1760497223.0,0.002
2025-10-15 04:00:00,1760500809.0,0.002
2025-10-15 05:00:00,1760504406.0,0.002
2025-10-15 06:00:00,1760508011.0,0.002
2025-10-15 07:00:00,1760511608.0,0.002
2025-10-15 08:00:00,1760515213.0,0.002
2025-10-15 09:00:00,1760518809.0,0.002
2025-10-15 10:00:00,1760522405.0,0.002
2025-10-15 11:00:00,1760526012.0,0.002
2025-10-15 12:00:00,1760529620.0,0.002
2025-10-15 13:00:00,1760533208.0,0.002
2025-10-15 14:00:00,1760536811.0,0.002
2025-10-15 15:00:00,1760540407.0,0.002
2025-10-15 16:00:00,1760544012.0,0.002
2025-10-15 17:00:00,1760547613.0,0.002
2025-10-15 18:00:00,1760551208.0,0.002
2025-10-15 19:00:00,1760554807.0,0.002
2025-10-15 20:00:00,1760558410.0,0.002
2025-10-15 21:00:00,1760562017.0,0.002
2025-10-15 22:00:00,1760565614.0,0.002
2025-10-15 23:00:00,1760569212.0,0.002
2025-10-16 00:00:00,1760572822.0,0.002
2025-10-16 01:00:00,1760576411.0,0.002
2025-10-16 02:00:00,1760580008.0,0.002
2025-10-16 03:00:00,1760583611.0,0.002
2025-10-16 04:00:00,1760587213.0,0.002
2025-10-16 05:00:00,1760590814.0,0.002
2025-10-16 06:00:00,1760594428.0,0.002
2025-10-16 07:00:00,1760598016.0,0.002
2025-10-16 08:00:00,1760601613.0,0.002
2025-10-16 09:00:00,1760605205.0,0.002
2025-10-16 10:00:00,1760608816.0,0.002
2025-10-16 11:00:00,1760612409.0,0.002
2025-10-16 12:00:00,1760616025.0,0.002
2025-10-16 13:00:00,1760619611.0,0.002
2025-10-16 14:00:00,1760623219.0,0.002
2025-10-16 15:00:00,1760626803.0,0.002
2025-10-16 16:00:00,1760630410.0,0.002
2025-10-16 17:00:00,1760634009.0,0.002
2025-10-16 18:00:00,1760637618.0,0.002
2025-10-16 19:00:00,1760641217.0,0.0015
2025-10-16 20:00:00,1760644819.0,0.0015
2025-10-16 21:00:00,1760648422.0,0.0015
2025-10-16 22:00:00,1760652015.0,0.0015
2025-10-16 23:00:00,1760655612.0,0.0015
2025-10-17 00:00:00,1760659204.0,0.0015
2025-10-17 01:00:00,1760662809.0,0.0015
2025-10-17 02:00:00,1760666408.0,0.0015
2025-10-17 03:00:00,1760670007.0,0.0015
2025-10-17 04:00:00,1760673614.0,0.0015
2025-10-17 05:00:00,1760677219.0,0.0015
2025-10-17 06:00:00,1760680820.0,0.0015
2025-10-17 07:00:00,1760684421.0,0.0015
2025-10-17 08:00:00,1760688007.0,0.0015
2025-10-17 09:00:00,1760691606.0,0.0015
2025-10-17 10:00:00,1760695220.0,0.0015
2025-10-17 11:00:00,1760698811.0,0.0015
2025-10-17 12:00:00,1760702412.0,0.0015
2025-10-17 13:00:00,1760706019.0,0.0015
2025-10-17 14:00:00,1760709619.0,0.0015
2025-10-17 15:00:00,1760713214.0,0.0015
2025-10-17 16:00:00,1760716805.0,0.0015
2025-10-17 17:00:00,1760720417.0,0.0015
2025-10-17 18:00:00,1760724006.0,0.0015
2025-10-17 19:00:00,1760727623.0,0.0015
2025-10-17 20:00:00,1760731216.0,0.0015
2025-10-17 21:00:00,1760734815.0,0.0015
2025-10-17 22:00:00,1760738415.0,0.0015
2025-10-17 23:00:00,1760742014.0,0.0015
2025-10-18 00:00:00,1760745616.0,0.0015
2025-10-18 01:00:00,1760749214.0,0.0015
2025-10-18 02:00:00,1760752814.0,0.0015
2025-10-18 03:00:00,1760756413.0,0.0015
2025-10-18 04:00:00,1760760021.0,0.0015
2025-10-18 05:00:00,1760763609.0,0.0015
2025-10-18 06:00:00,1760767213.0,0.0015
2025-10-18 07:00:00,1760770807.0,0.0015
2025-10-18 08:00:00,1760774417.0,0.0015
2025-10-18 09:00:00,1760778009.0,0.0015
2025-10-18 10:00:00,1760781616.0,0.0015
2025-10-18 11:00:00,1760785212.0,0.0015
2025-10-18 12:00:00,1760788805.0,0.0015
2025-10-18 13:00:00,1760792416.0,0.0015
2025-10-18 14:00:00,1760796013.0,0.0015
2025-10-18 15:00:00,1760799622.0,0.0015
2025-10-18 16:00:00,1760803204.0,0.0015
2025-10-18 17:00:00,1760806814.0,0.0015
2025-10-18 18:00:00,1760810404.0,0.0015
2025-10-18 19:00:00,1760814022.0,0.0015
2025-10-18 20:00:00,1760817607.0,0.0015
2025-10-18 21:00:00,1760821222.0,0.0015
2025-10-18 22:00:00,1760824808.0,0.0015
2025-10-18 23:00:00,1760828408.0,0.0015
2025-10-19 00:00:00,1760832018.0,0.0015
2025-10-19 01:00:00,1760835606.0,0.0015
2025-10-19 02:00:00,1760839214.0,0.0015
2025-10-19 03:00:00,1760842804.0,0.0015
2025-10-19 04:00:00,1760846404.0,0.0015
2025-10-19 05:00:00,1760850019.0,0.0015
2025-10-19 06:00:00,1760853611.0,0.0015
2025-10-19 07:00:00,1760857212.0,0.0015
2025-10-19 08:00:00,1760860813.0,0.0015
2025-10-19 09:00:00,1760864427.0,0.0015
2025-10-19 10:00:00,1760868011.0,0.0015
2025-10-19 11:00:00,1760871609.0,0.0015
2025-10-19 12:00:00,1760875222.0,0.0015
2025-10-19 13:00:00,1760878819.0,0.0015
2025-10-19 14:00:00,1760882410.0,0.0015
2025-10-19 15:00:00,1760886011.0,0.0015
2025-10-19 16:00:00,1760889609.0,0.0015
2025-10-19 17:00:00,1760893210.0,0.0015
2025-10-19 18:00:00,1760896804.0,0.0015
2025-10-19 19:00:00,1760900411.0,0.0015
2025-10-19 20:00:00,1760904006.0,0.0015
2025-10-19 21:00:00,1760907610.0,0.0015
2025-10-19 22:00:00,1760911208.0,0.0015
2025-10-19 23:00:00,1760914803.0,0.0015
2025-10-20 00:00:00,1760918403.0,0.0015
2025-10-20 01:00:00,1760922014.0,0.0015
2025-10-20 02:00:00,1760925605.0,0.0015
2025-10-20 03:00:00,1760929215.0,0.0015
2025-10-20 04:00:00,1760932804.0,0.0015
2025-10-20 05:00:00,1760936415.0,0.0015
2025-10-20 06:00:00,1760940026.0,0.0015
2025-10-20 07:00:00,1760943614.0,0.0015
2025-10-20 08:00:00,1760947216.0,0.0015
2025-10-20 09:00:00,1760950825.0,0.0015
2025-10-20 10:00:00,1760954403.0,0.0015
2025-10-20 11:00:00,1760958008.0,0.0015
2025-10-20 12:00:00,1760961613.0,0.0015
2025-10-20 13:00:00,1760965212.0,0.0015
2025-10-20 14:00:00,1760968809.0,0.0015
2025-10-20 15:00:00,1760972417.0,0.0015
2025-10-20 16:00:00,1760976017.0,0.0015
2025-10-20 17:00:00,1760979608.0,0.002
2025-10-20 18:00:00,1760983207.0,0.002
2025-10-20 19:00:00,1760986815.0,0.0015
2025-10-20 20:00:00,1760990408.0,0.0015
2025-10-20 21:00:00,1760994011.0,0.0015
2025-10-20 22:00:00,1760997605.0,0.0015
2025-10-20 23:00:00,1761001207.0,0.0015
2025-10-21 00:00:00,1761004815.0,0.0015
2025-10-21 01:00:00,1761008408.0,0.0015
2025-10-21 02:00:00,1761012013.0,0.0015
2025-10-21 03:00:00,1761015609.0,0.0015
2025-10-21 04:00:00,1761019208.0,0.0015
2025-10-21 05:00:00,1761022820.0,0.0015
2025-10-21 06:00:00,1761026425.0,0.0015
2025-10-21 07:00:00,1761030004.0,0.0015
2025-10-21 08:00:00,1761033615.0,0.0015
2025-10-21 09:00:00,1761037211.0,0.0015
2025-10-21 10:00:00,1761040810.0,0.0015
2025-10-21 11:00:00,1761044417.0,0.0015
2025-10-21 12:00:00,1761048016.0,0.0015
2025-10-21 13:00:00,1761051607.0,0.0015
2025-10-21 14:00:00,1761055214.0,0.002
2025-10-21 15:00:00,1761058811.0,0.002
2025-10-21 16:00:00,1761062417.0,0.002
2025-10-21 17:00:00,1761066016.0,0.002
2025-10-21 18:00:00,1761069615.0,0.002
2025-10-21 19:00:00,1761073221.0,0.002
2025-10-21 20:00:00,1761076820.0,0.002
2025-10-21 21:00:00,1761080426.0,0.002
2025-10-21 22:00:00,1761084020.0,0.002
2025-10-21 23:00:00,1761087611.0,0.002
2025-10-22 00:00:00,1761091216.0,0.002
2025-10-22 01:00:00,1761094812.0,0.002
2025-10-22 02:00:00,1761098410.0,0.002
2025-10-22 03:00:00,1761102020.0,0.002
2025-10-22 04:00:00,1761105615.0,0.002
2025-10-22 05:00:00,1761109215.0,0.002
2025-10-22 06:00:00,1761112816.0,0.002
2025-10-22 07:00:00,1761116410.0,0.002
2025-10-22 08:00:00,1761120011.0,0.002
2025-10-22 09:00:00,1761123615.0,0.002
2025-10-22 10:00:00,1761127215.0,0.002
2025-10-22 11:00:00,1761130810.0,0.002
2025-10-22 12:00:00,1761134422.0,0.002
2025-10-22 13:00:00,1761138016.0,0.002
2025-10-22 14:00:00,1761141614.0,0.002
2025-10-22 15:00:00,1761145219.0,0.002
2025-10-22 16:00:00,1761148816.0,0.002
2025-10-22 17:00:00,1761152417.0,0.002
2025-10-22 18:00:00,1761156021.0,0.002
2025-10-22 19:00:00,1761159616.0,0.0015
2025-10-22 20:00:00,1761163216.0,0.0015
2025-10-22 21:00:00,1761166820.0,0.0015
2025-10-22 22:00:00,1761170416.0,0.0015
2025-10-22 23:00:00,1761174015.0,0.0015
2025-10-23 00:00:00,1761177609.0,0.0015
2025-10-23 01:00:00,1761181209.0,0.0015
2025-10-23 02:00:00,1761184810.0,0.0015
2025-10-23 03:00:00,1761188410.0,0.0015
2025-10-23 04:00:00,1761192010.0,0.0015
2025-10-23 05:00:00,1761195611.0,0.0015
2025-10-23 06:00:00,1761199212.0,0.0015
2025-10-23 07:00:00,1761202809.0,0.0015
2025-10-23 08:00:00,1761206411.0,0.0015
2025-10-23 09:00:00,1761210011.0,0.0015
2025-10-23 10:00:00,1761213610.0,0.0015
2025-10-23 11:00:00,1761217212.0,0.0015
2025-10-23 12:00:00,1761220814.0,0.0015
2025-10-23 13:00:00,1761224412.0,0.0015
2025-10-23 14:00:00,1761228041.0,0.0015
2025-10-23 15:00:00,1761231611.0,0.0015
2025-10-23 16:00:00,1761235212.0,0.0015
2025-10-23 17:00:00,1761238813.0,0.0015
2025-10-23 18:00:00,1761242413.0,0.0015
2025-10-23 19:00:00,1761246013.0,0.0015
2025-10-23 20:00:00,1761249613.0,0.0015
2025-10-23 21:00:00,1761253215.0,0.0015
2025-10-23 22:00:00,1761256813.0,0.0015
2025-10-23 23:00:00,1761260413.0,0.0015
2025-10-24 00:00:00,1761264013.0,0.0015
2025-10-24 01:00:00,1761267611.0,0.0015
2025-10-24 02:00:00,1761271213.0,0.0015
2025-10-24 03:00:00,1761274814.0,0.0015
2025-10-24 04:00:00,1761278414.0,0.0015
2025-10-24 05:00:00,1761282014.0,0.0015
2025-10-24 06:00:00,1761285615.0,0.002
2025-10-24 07:00:00,1761289214.0,0.002
2025-10-24 08:00:00,1761292814.0,0.002
2025-10-24 09:00:00,1761296415.0,0.002
2025-10-24 10:00:00,1761300014.0,0.002
2025-10-24 11:00:00,1761303614.0,0.002
2025-10-24 12:00:00,1761307217.0,0.002
2025-10-24 13:00:00,1761310814.0,0.002
2025-10-24 14:00:00,1761314415.0,0.002
2025-10-24 15:00:00,1761318016.0,0.002
2025-10-24 16:00:00,1761321614.0,0.002
2025-10-24 17:00:00,1761325215.0,0.002
2025-10-24 18:00:00,1761328815.0,0.002
2025-10-24 19:00:00,1761332415.0,0.002
2025-10-24 20:00:00,1761336014.0,0.002
2025-10-24 21:00:00,1761339616.0,0.002
2025-10-24 22:00:00,1761343214.0,0.002
2025-10-24 23:00:00,1761346813.0,0.002
2025-10-25 00:00:00,1761350413.0,0.002
2025-10-25 01:00:00,1761354010.0,0.002
2025-10-25 02:00:00,1761357612.0,0.002
2025-10-25 03:00:00,1761361214.0,0.002
2025-10-25 04:00:00,1761364814.0,0.002
2025-10-25 05:00:00,1761368414.0,0.002
2025-10-25 06:00:00,1761372015.0,0.002
2025-10-25 07:00:00,1761375615.0,0.002
2025-10-25 08:00:00,1761379213.0,0.002
2025-10-25 09:00:00,1761382816.0,0.002
2025-10-25 10:00:00,1761386415.0,0.002
2025-10-25 11:00:00,1761390014.0,0.002
2025-10-25 12:00:00,1761393617.0,0.002
2025-10-25 13:00:00,1761397213.0,0.002
2025-10-25 14:00:00,1761400814.0,0.002
2025-10-25 15:00:00,1761404416.0,0.002
2025-10-25 16:00:00,1761408014.0,0.002
2025-10-25 17:00:00,1761411616.0,0.002
2025-10-25 18:00:00,1761415216.0,0.0015
2025-10-25 19:00:00,1761418814.0,0.0015
2025-10-25 20:00:00,1761422414.0,0.0015
2025-10-25 21:00:00,1761426016.0,0.0015
2025-10-25 22:00:00,1761429614.0,0.0015
2025-10-25 23:00:00,1761433214.0,0.0015
2025-10-26 00:00:00,1761436815.0,0.0015
2025-10-26 01:00:00,1761440411.0,0.0015
2025-10-26 02:00:00,1761444012.0,0.0015
2025-10-26 03:00:00,1761447615.0,0.0015
2025-10-26 04:00:00,1761451213.0,0.0015
2025-10-26 05:00:00,1761454813.0,0.0015
2025-10-26 06:00:00,1761458415.0,0.0015
2025-10-26 07:00:00,1761462014.0,0.002
2025-10-26 08:00:00,1761465613.0,0.0025
2025-10-26 09:00:00,1761469216.0,0.002
2025-10-26 10:00:00,1761472814.0,0.002
2025-10-26 11:00:00,1761476413.0,0.002
2025-10-26 12:00:00,1761480018.0,0.002
2025-10-26 13:00:00,1761483613.0,0.002
2025-10-26 14:00:00,1761487214.0,0.002
2025-10-26 15:00:00,1761490813.0,0.002
2025-10-26 16:00:00,1761494412.0,0.002
2025-10-26 17:00:00,1761498012.0,0.002
2025-10-26 18:00:00,1761501615.0,0.002
2025-10-26 19:00:00,1761505212.0,0.002
2025-10-26 20:00:00,1761508812.0,0.0025
2025-10-26 21:00:00,1761512414.0,0.0025
2025-10-26 22:00:00,1761516012.0,0.0025
2025-10-26 23:00:00,1761519612.0,0.0025
2025-10-27 00:00:00,1761523213.0,0.0025
2025-10-27 01:00:00,1761526810.0,0.0025
2025-10-27 02:00:00,1761530412.0,0.0025
2025-10-27 03:00:00,1761534014.0,0.0025
2025-10-27 04:00:00,1761537611.0,0.0025
2025-10-27 05:00:00,1761541212.0,0.0025
2025-10-27 06:00:00,1761544813.0,0.0025
2025-10-27 07:00:00,1761548410.0,0.0025
2025-10-27 08:00:00,1761552012.0,0.0025
2025-10-27 09:00:00,1761555613.0,0.0025
2025-10-27 10:00:00,1761559212.0,0.0025
2025-10-27 11:00:00,1761562811.0,0.0025
2025-10-27 12:00:00,1761566416.0,0.0025
2025-10-27 13:00:00,1761570013.0,0.002
2025-10-27 14:00:00,1761573611.0,0.002
2025-10-27 15:00:00,1761577214.0,0.002
2025-10-27 16:00:00,1761580813.0,0.002
2025-10-27 17:00:00,1761584414.0,0.002
2025-10-27 18:00:00,1761588014.0,0.002
2025-10-27 19:00:00,1761591612.0,0.002
2025-10-27 20:00:00,1761595214.0,0.002
2025-10-27 21:00:00,1761598815.0,0.002
2025-10-27 22:00:00,1761602413.0,0.002
2025-10-27 23:00:00,1761606012.0,0.002
2025-10-28 00:00:00,1761609616.0,0.002
2025-10-28 01:00:00,1761613212.0,0.002
2025-10-28 02:00:00,1761616813.0,0.002
2025-10-28 03:00:00,1761620421.0,0.002
2025-10-28 04:00:00,1761624018.0,0.002
2025-10-28 05:00:00,1761627612.0,0.002
2025-10-28 06:00:00,1761631216.0,0.002
2025-10-28 07:00:00,1761634812.0,0.002
2025-10-28 08:00:00,1761638413.0,0.0015
2025-10-28 09:00:00,1761642013.0,0.0015
2025-10-28 10:00:00,1761645617.0,0.0015
2025-10-28 11:00:00,1761649217.0,0.0015
2025-10-28 12:00:00,1761652814.0,0.0015
2025-10-28 13:00:00,1761656417.0,0.0015
2025-10-28 14:00:00,1761660015.0,0.0015
2025-10-28 15:00:00,1761663618.0,0.0015
2025-10-28 16:00:00,1761667218.0,0.0015
2025-10-28 17:00:00,1761670819.0,0.0015
2025-10-28 18:00:00,1761674418.0,0.0015
2025-10-28 19:00:00,1761678017.0,0.0015
2025-10-28 20:00:00,1761681618.0,0.0015
2025-10-28 21:00:00,1761685218.0,0.0015
2025-10-28 22:00:00,1761688818.0,0.0015
2025-10-28 23:00:00,1761692417.0,0.0015
2025-10-29 00:00:00,1761696015.0,0.0015
2025-10-29 01:00:00,1761699611.0,0.0015
2025-10-29 02:00:00,1761703211.0,0.0015
2025-10-29 03:00:00,1761706817.0,0.0015
2025-10-29 04:00:00,1761710416.0,0.0015
2025-10-29 05:00:00,1761714017.0,0.0015
2025-10-29 06:00:00,1761717614.0,0.0015
2025-10-29 07:00:00,1761721212.0,0.0015
2025-10-29 08:00:00,1761724818.0,0.0015
2025-10-29 09:00:00,1761728418.0,0.0015
2025-10-29 11:00:00,1761738141.0,0.0015
2025-10-29 13:00:00,1761743340.0,0.002
2025-10-29 14:00:00,1761746412.0,0.002
2025-10-29 15:00:00,1761750015.0,0.002
2025-10-29 16:00:00,1761753612.0,0.002
2025-10-29 17:00:00,1761757214.0,0.002
2025-10-29 18:00:00,1761760814.0,0.002
2025-10-29 19:00:00,1761764414.0,0.002
2025-10-29 20:00:00,1761768015.0,0.002
2025-10-29 21:00:00,1761771614.0,0.002
2025-10-29 22:00:00,1761775214.0,0.002
2025-10-29 23:00:00,1761778815.0,0.002
2025-10-30 00:00:00,1761782415.0,0.002
2025-10-30 01:00:00,1761786012.0,0.002
2025-10-30 02:00:00,1761789613.0,0.002
2025-10-30 03:00:00,1761793216.0,0.002
2025-10-30 04:00:00,1761796815.0,0.002
2025-10-30 05:00:00,1761800415.0,0.002
2025-10-30 06:00:00,1761804016.0,0.002
2025-10-30 07:00:00,1761807614.0,0.002
2025-10-30 08:00:00,1761811214.0,0.002
2025-10-30 09:00:00,1761814815.0,0.002
2025-10-30 10:00:00,1761818410.0,0.002
2025-10-30 11:00:00,1761822015.0,0.002
2025-10-30 12:00:00,1761825617.0,0.002
2025-10-30 13:00:00,1761829215.0,0.002
2025-10-30 14:00:00,1761832815.0,0.002
2025-10-30 15:00:00,1761836416.0,0.0015
2025-10-30 16:00:00,1761840014.0,0.0015
2025-10-30 17:00:00,1761843616.0,0.0015
2025-10-30 18:00:00,1761847216.0,0.0015
2025-10-30 19:00:00,1761850815.0,0.0015
2025-10-30 20:00:00,1761854415.0,0.0015
2025-10-30 21:00:00,1761858017.0,0.0015
2025-10-30 22:00:00,1761861616.0,0.0015
2025-10-30 23:00:00,1761865216.0,0.0015
2025-10-31 00:00:00,1761868810.0,0.0015
2025-10-31 01:00:00,1761872410.0,0.0015
2025-10-31 02:00:00,1761876012.0,0.0015
2025-10-31 03:00:00,1761879613.0,0.0015
2025-10-31 04:00:00,1761883214.0,0.0015
2025-10-31 05:00:00,1761886814.0,0.0015
2025-10-31 06:00:00,1761890415.0,0.0015
2025-10-31 07:00:00,1761894015.0,0.0015
2025-10-31 08:00:00,1761897619.0,0.0015
2025-10-31 09:00:00,1761901215.0,0.0015
2025-10-31 10:00:00,1761904815.0,0.0015
2025-10-31 11:00:00,1761908414.0,0.0015
2025-10-31 12:00:00,1761912017.0,0.0015
2025-10-31 13:00:00,1761915614.0,0.0015
2025-10-31 14:00:00,1761919215.0,0.0015
2025-10-31 15:00:00,1761922815.0,0.0015
2025-10-31 16:00:00,1761926415.0,0.0015
2025-10-31 17:00:00,1761930016.0,0.0015
2025-10-31 18:00:00,1761933616.0,0.0015
2025-10-31 19:00:00,1761937215.0,0.0015
2025-10-31 20:00:00,1761940814.0,0.0015
2025-10-31 21:00:00,1761944416.0,0.0015
2025-10-31 22:00:00,1761948015.0,0.0015
2025-10-31 23:00:00,1761951615.0,0.0015
2025-11-01 00:00:00,1761955214.0,0.0015
2025-11-01 01:00:00,1761958813.0,0.0015
2025-11-01 02:00:00,1761962414.0,0.0015
2025-11-01 03:00:00,1761966016.0,0.0015
2025-11-01 04:00:00,1761969615.0,0.0015
2025-11-01 05:00:00,1761973215.0,0.0015
2025-11-01 06:00:00,1761976816.0,0.0015
2025-11-01 07:00:00,1761980416.0,0.0015
2025-11-01 08:00:00,1761984015.0,0.0015
2025-11-01 09:00:00,1761987616.0,0.0015
2025-11-01 10:00:00,1761991216.0,0.0015
2025-11-01 11:00:00,1761994815.0,0.0015
2025-11-01 12:00:00,1761998419.0,0.0015
2025-11-01 13:00:00,1762002014.0,0.0015
2025-11-01 14:00:00,1762005615.0,0.0015
2025-11-01 15:00:00,1762009217.0,0.0015
2025-11-01 16:00:00,1762012815.0,0.0015
2025-11-01 17:00:00,1762016417.0,0.0015
2025-11-01 18:00:00,1762020015.0,0.0015
2025-11-01 19:00:00,1762023615.0,0.0015
2025-11-01 20:00:00,1762027216.0,0.0015
2025-11-01 21:00:00,1762030817.0,0.0015
2025-11-01 22:00:00,1762034416.0,0.0015
2025-11-01 23:00:00,1762038015.0,0.0015
2025-11-02 00:00:00,1762041612.0,0.0015
2025-11-02 01:00:00,1762045211.0,0.0015
2025-11-02 02:00:00,1762048813.0,0.0015
2025-11-02 03:00:00,1762052414.0,0.0015
2025-11-02 04:00:00,1762056014.0,0.0015
2025-11-02 05:00:00,1762059614.0,0.0015
2025-11-02 06:00:00,1762063215.0,0.0015
2025-11-02 07:00:00,1762066814.0,0.0015
2025-11-02 08:00:00,1762070413.0,0.0015
2025-11-02 09:00:00,1762074014.0,0.0015
2025-11-02 10:00:00,1762077614.0,0.0015
2025-11-02 11:00:00,1762081215.0,0.0015
2025-11-02 12:00:00,1762084816.0,0.0015
2025-11-02 13:00:00,1762088414.0,0.0015
2025-11-02 14:00:00,1762092014.0,0.0015
2025-11-02 15:00:00,1762095614.0,0.0015
2025-11-02 16:00:00,1762099214.0,0.0015
2025-11-02 17:00:00,1762102815.0,0.0015
2025-11-02 18:00:00,1762106416.0,0.0015
2025-11-02 19:00:00,1762110015.0,0.0015
2025-11-02 20:00:00,1762113614.0,0.0015
2025-11-02 21:00:00,1762117216.0,0.0015
2025-11-02 22:00:00,1762120815.0,0.0015
2025-11-02 23:00:00,1762124415.0,0.0015
2025-11-03 00:00:00,1762128013.0,0.0015
2025-11-03 01:00:00,1762131613.0,0.0015
2025-11-03 02:00:00,1762135214.0,0.0015
2025-11-03 03:00:00,1762138814.0,0.0015
2025-11-03 04:00:00,1762142415.0,0.0015
2025-11-03 05:00:00,1762146014.0,0.0015
2025-11-03 06:00:00,1762149616.0,0.0015
2025-11-03 07:00:00,1762153214.0,0.0015
2025-11-03 08:00:00,1762156814.0,0.0015
2025-11-03 09:00:00,1762160414.0,0.0015
2025-11-03 10:00:00,1762164014.0,0.0015
2025-11-03 11:00:00,1762167614.0,0.0015
2025-11-03 12:00:00,1762171215.0,0.0015
2025-11-03 13:00:00,1762174814.0,0.0015
2025-11-03 14:00:00,1762178413.0,0.0015
2025-11-03 15:00:00,1762182014.0,0.0015
2025-11-03 16:00:00,1762185614.0,0.0015
2025-11-03 17:00:00,1762189215.0,0.0015
2025-11-03 18:00:00,1762192815.0,0.0015
2025-11-03 19:00:00,1762196414.0,0.0015
2025-11-03 20:00:00,1762200014.0,0.0015
2025-11-03 21:00:00,1762203617.0,0.0015
2025-11-03 22:00:00,1762207215.0,0.0015
2025-11-03 23:00:00,1762210815.0,0.0015
2025-11-04 00:00:00,1762214414.0,0.0015
2025-11-04 01:00:00,1762218011.0,0.0015
2025-11-04 02:00:00,1762221613.0,0.0015
2025-11-04 03:00:00,1762225215.0,0.0015
2025-11-04 04:00:00,1762228815.0,0.0015
2025-11-04 05:00:00,1762232414.0,0.0015
2025-11-04 06:00:00,1762236016.0,0.0015
2025-11-04 07:00:00,1762239615.0,0.0015
2025-11-04 08:00:00,1762243215.0,0.0015
2025-11-04 09:00:00,1762246816.0,0.0015
2025-11-04 10:00:00,1762250415.0,0.0015
2025-11-04 11:00:00,1762254015.0,0.0015
2025-11-04 12:00:00,1762257618.0,0.0015
2025-11-04 13:00:00,1762261215.0,0.0015
2025-11-04 14:00:00,1762264816.0,0.0015
2025-11-04 15:00:00,1762268415.0,0.0015
2025-11-04 16:00:00,1762272016.0,0.0015
2025-11-04 17:00:00,1762275616.0,0.0015
2025-11-04 18:00:00,1762279216.0,0.0015
2025-11-04 19:00:00,1762282816.0,0.0015
2025-11-04 20:00:00,1762286415.0,0.0015
2025-11-04 21:00:00,1762290018.0,0.0015
2025-11-04 22:00:00,1762293616.0,0.0015
2025-11-04 23:00:00,1762297215.0,0.0015
2025-11-05 00:00:00,1762300814.0,0.0015
2025-11-05 01:00:00,1762304413.0,0.0015
2025-11-05 02:00:00,1762308014.0,0.0015
2025-11-05 03:00:00,1762311616.0,0.0015
2025-11-05 04:00:00,1762315215.0,0.0015
2025-11-05 05:00:00,1762318816.0,0.0015
2025-11-05 06:00:00,1762322418.0,0.0015
2025-11-05 07:00:00,1762326017.0,0.0015
2025-11-05 08:00:00,1762329616.0,0.0015
2025-11-05 09:00:00,1762333217.0,0.0015
2025-11-05 10:00:00,1762336816.0,0.0015
2025-11-05 11:00:00,1762340416.0,0.0015
2025-11-05 12:00:00,1762344018.0,0.0015
2025-11-05 13:00:00,1762347615.0,0.0015
2025-11-05 14:00:00,1762351215.0,0.0015
2025-11-05 15:00:00,1762354817.0,0.0015
2025-11-05 16:00:00,1762358414.0,0.0015
2025-11-05 17:00:00,1762362016.0,0.0015
2025-11-05 18:00:00,1762365616.0,0.0015
2025-11-05 19:00:00,1762369216.0,0.0015
2025-11-05 20:00:00,1762372815.0,0.0015
2025-11-05 21:00:00,1762376416.0,0.0015
2025-11-05 22:00:00,1762380015.0,0.0015
2025-11-05 23:00:00,1762383615.0,0.0015
2025-11-06 00:00:00,1762387209.0,0.0015
2025-11-06 01:00:00,1762390810.0,0.0015
2025-11-06 02:00:00,1762394412.0,0.0015
2025-11-06 03:00:00,1762398015.0,0.0015
2025-11-06 04:00:00,1762401615.0,0.0015
2025-11-06 05:00:00,1762405214.0,0.0015
2025-11-06 06:00:00,1762408816.0,0.0015
2025-11-06 07:00:00,1762412415.0,0.0015
2025-11-06 08:00:00,1762416012.0,0.0015
2025-11-06 09:00:00,1762419616.0,0.0015
2025-11-06 10:00:00,1762423210.0,0.0015
2025-11-06 11:00:00,1762426814.0,0.0015
2025-11-06 12:00:00,1762430420.0,0.0015
2025-11-06 13:00:00,1762434014.0,0.0015
2025-11-06 14:00:00,1762437615.0,0.0015
2025-11-06 15:00:00,1762441215.0,0.0015
2025-11-06 16:00:00,1762444815.0,0.0015
2025-11-06 17:00:00,1762448417.0,0.0015
2025-11-06 18:00:00,1762452016.0,0.0015
2025-11-06 19:00:00,1762455615.0,0.0015
2025-11-06 20:00:00,1762459217.0,0.0015
2025-11-06 21:00:00,1762462819.0,0.0015
2025-11-06 22:00:00,1762466415.0,0.0015
2025-11-06 23:00:00,1762470015.0,0.0015
2025-11-07 00:00:00,1762473614.0,0.0015
2025-11-07 01:00:00,1762477212.0,0.0015
2025-11-07 02:00:00,1762480817.0,0.0015
2025-11-07 03:00:00,1762484417.0,0.0015
2025-11-07 04:00:00,1762488015.0,0.0015
2025-11-07 05:00:00,1762491617.0,0.0015
2025-11-07 06:00:00,1762495219.0,0.0015
2025-11-07 07:00:00,1762498816.0,0.0015
2025-11-07 08:00:00,1762502415.0,0.0015
2025-11-07 09:00:00,1762506016.0,0.0015
2025-11-07 10:00:00,1762509616.0,0.0015
2025-11-07 11:00:00,1762513215.0,0.0015
2025-11-07 12:00:00,1762516819.0,0.0015
2025-11-07 13:00:00,1762520416.0,0.0015
2025-11-07 14:00:00,1762524018.0,0.0015
2025-11-07 15:00:00,1762527627.0,0.0015
2025-11-07 16:00:00,1762531217.0,0.0015
2025-11-07 17:00:00,1762534834.0,0.0015
2025-11-07 18:00:00,1762538418.0,0.0015
2025-11-07 19:00:00,1762542018.0,0.0015
2025-11-07 20:00:00,1762545628.0,0.0015
2025-11-07 21:00:00,1762549217.0,0.0015
2025-11-07 22:00:00,1762552815.0,0.0015
2025-11-07 23:00:00,1762556431.0,0.0015
2025-11-08 00:00:00,1762560010.0,0.0015
2025-11-08 01:00:00,1762563611.0,0.0015
2025-11-08 02:00:00,1762567207.0,0.0015
2025-11-08 03:00:00,1762570815.0,0.0015
2025-11-08 04:00:00,1762574415.0,0.0015
2025-11-08 05:00:00,1762578008.0,0.0015
2025-11-08 06:00:00,1762581615.0,0.0015
2025-11-08 07:00:00,1762585215.0,0.0015
2025-11-08 08:00:00,1762588812.0,0.0015
2025-11-08 09:00:00,1762592415.0,0.0015
2025-11-08 10:00:00,1762596015.0,0.0015
2025-11-08 11:00:00,1762599627.0,0.0015
2025-11-08 12:00:00,1762603231.0,0.0015
2025-11-08 13:00:00,1762606814.0,0.0015
2025-11-08 14:00:00,1762610415.0,0.0015
2025-11-08 15:00:00,1762614015.0,0.0015
2025-11-08 16:00:00,1762617615.0,0.0015
2025-11-08 17:00:00,1762621216.0,0.0015
2025-11-08 18:00:00,1762624816.0,0.0015
2025-11-08 19:00:00,1762628415.0,0.0015
2025-11-08 20:00:00,1762632014.0,0.0015
2025-11-08 21:00:00,1762635616.0,0.0015
2025-11-08 22:00:00,1762639215.0,0.0015
2025-11-08 23:00:00,1762642815.0,0.0015
2025-11-09 00:00:00,1762646427.0,0.0015
2025-11-09 01:00:00,1762650012.0,0.0015
2025-11-09 02:00:00,1762653614.0,0.0015
2025-11-09 03:00:00,1762657215.0,0.0015
2025-11-09 04:00:00,1762660826.0,0.0015
2025-11-09 05:00:00,1762664414.0,0.0015
2025-11-09 06:00:00,1762668015.0,0.0015
2025-11-09 07:00:00,1762671615.0,0.0015
2025-11-09 08:00:00,1762675215.0,0.0015
2025-11-09 09:00:00,1762678815.0,0.0015
2025-11-09 10:00:00,1762682414.0,0.0015
2025-11-09 11:00:00,1762686014.0,0.0015
2025-11-09 12:00:00,1762689617.0,0.0015
2025-11-09 13:00:00,1762693214.0,0.0015
2025-11-09 14:00:00,1762696813.0,0.0015
2025-11-09 15:00:00,1762700415.0,0.0015
2025-11-09 16:00:00,1762704013.0,0.0015
2025-11-09 17:00:00,1762707614.0,0.0015
2025-11-09 18:00:00,1762711216.0,0.0015
2025-11-09 19:00:00,1762714814.0,0.0015
2025-11-09 20:00:00,1762718414.0,0.0015
2025-11-09 21:00:00,1762722016.0,0.0015
2025-11-09 22:00:00,1762725615.0,0.0015
2025-11-09 23:00:00,1762729214.0,0.0015
2025-11-10 00:00:00,1762732810.0,0.0015
2025-11-10 01:00:00,1762736423.0,0.0015
2025-11-10 02:00:00,1762740011.0,0.0015
2025-11-10 03:00:00,1762743613.0,0.0015
2025-11-10 04:00:00,1762747214.0,0.0015
2025-11-10 05:00:00,1762750815.0,0.0015
2025-11-10 06:00:00,1762754415.0,0.0015
2025-11-10 07:00:00,1762758013.0,0.0015
2025-11-10 08:00:00,1762761613.0,0.0015
2025-11-10 09:00:00,1762765226.0,0.0015
2025-11-10 10:00:00,1762768815.0,0.0015
2025-11-10 11:00:00,1762772414.0,0.0015
2025-11-10 12:00:00,1762776016.0,0.0015
2025-11-10 13:00:00,1762779615.0,0.0015
2025-11-10 14:00:00,1762783214.0,0.0015
2025-11-10 15:00:00,1762786816.0,0.0015
2025-11-10 16:00:00,1762790416.0,0.0015
2025-11-10 17:00:00,1762794014.0,0.0015
2025-11-10 18:00:00,1762797617.0,0.0015
2025-11-10 19:00:00,1762801215.0,0.0015
2025-11-10 20:00:00,1762804815.0,0.0015
2025-11-10 21:00:00,1762808417.0,0.0015
2025-11-10 22:00:00,1762812015.0,0.0015
2025-11-10 23:00:00,1762815615.0,0.0015
2025-11-11 00:00:00,1762819216.0,0.0015
2025-11-11 01:00:00,1762822815.0,0.0015
2025-11-11 02:00:00,1762826416.0,0.0015
2025-11-11 03:00:00,1762830018.0,0.0015
2025-11-11 04:00:00,1762833618.0,0.0015
2025-11-11 05:00:00,1762837216.0,0.0015
2025-11-11 06:00:00,1762840823.0,0.0015
2025-11-11 07:00:00,1762844417.0,0.0015
2025-11-11 08:00:00,1762848028.0,0.0015
2025-11-11 09:00:00,1762851616.0,0.0015
2025-11-11 10:00:00,1762855216.0,0.0015
2025-11-11 11:00:00,1762858831.0,0.0015
2025-11-11 12:00:00,1762862432.0,0.0015
2025-11-11 13:00:00,1762866014.0,0.0015
2025-11-11 14:00:00,1762869616.0,0.0015
2025-11-11 15:00:00,1762873230.0,0.0015
2025-11-11 16:00:00,1762876816.0,0.0015
2025-11-11 17:00:00,1762880417.0,0.0015
2025-11-11 18:00:00,1762884016.0,0.0015
2025-11-11 19:00:00,1762887615.0,0.0015
2025-11-11 20:00:00,1762891216.0,0.0015
2025-11-11 21:00:00,1762894818.0,0.0015
2025-11-11 22:00:00,1762898415.0,0.0015
2025-11-11 23:00:00,1762902016.0,0.0015
2025-11-12 00:00:00,1762905614.0,0.0015
2025-11-12 01:00:00,1762909212.0,0.0015
2025-11-12 02:00:00,1762912813.0,0.0015
2025-11-12 03:00:00,1762916417.0,0.0015
2025-11-12 04:00:00,1762920016.0,0.0015
2025-11-12 05:00:00,1762923615.0,0.0015
2025-11-12 06:00:00,1762927217.0,0.0015
2025-11-12 07:00:00,1762930817.0,0.0015
2025-11-12 08:00:00,1762934414.0,0.0015
2025-11-12 09:00:00,1762938017.0,0.0015
2025-11-12 10:00:00,1762941614.0,0.0015
2025-11-12 11:00:00,1762945215.0,0.0015
2025-11-12 12:00:00,1762948818.0,0.0015
2025-11-12 13:00:00,1762952415.0,0.0015
2025-11-12 14:00:00,1762956016.0,0.0015
2025-11-12 15:00:00,1762959616.0,0.0015
2025-11-12 16:00:00,1762963216.0,0.0015
2025-11-12 17:00:00,1762966831.0,0.0015
2025-11-12 18:00:00,1762970417.0,0.0015
2025-11-12 19:00:00,1762974017.0,0.0015
2025-11-12 20:00:00,1762977617.0,0.0015
2025-11-12 21:00:00,1762981219.0,0.0015
2025-11-12 22:00:00,1762984816.0,0.0015
2025-11-12 23:00:00,1762988416.0,0.0015
2025-11-13 00:00:00,1762992014.0,0.0015
2025-11-13 01:00:00,1762995613.0,0.0015
2025-11-13 02:00:00,1762999209.0,0.0015
2025-11-13 03:00:00,1763002817.0,0.0015
2025-11-13 04:00:00,1763006417.0,0.0015
2025-11-13 05:00:00,1763010016.0,0.0015
2025-11-13 06:00:00,1763013618.0,0.0015
2025-11-13 07:00:00,1763017217.0,0.0015
2025-11-13 08:00:00,1763020815.0,0.0015
2025-11-13 09:00:00,1763024418.0,0.0015
2025-11-13 10:00:00,1763028015.0,0.0015
2025-11-13 11:00:00,1763031617.0,0.0015
2025-11-13 12:00:00,1763035220.0,0.0015
2025-11-13 13:00:00,1763038816.0,0.0015
2025-11-13 14:00:00,1763042416.0,0.0015
2025-11-13 15:00:00,1763046018.0,0.0015
2025-11-13 16:00:00,1763049618.0,0.0015
2025-11-13 17:00:00,1763053221.0,0.0015
2025-11-13 18:00:00,1763056819.0,0.0015
2025-11-13 19:00:00,1763060432.0,0.0015
2025-11-13 20:00:00,1763064017.0,0.0015
2025-11-13 21:00:00,1763067619.0,0.0015
2025-11-13 22:00:00,1763071217.0,0.0015
2025-11-13 23:00:00,1763074818.0,0.0015
2025-11-14 00:00:00,1763078413.0,0.0015
2025-11-14 01:00:00,1763082012.0,0.0015
2025-11-14 02:00:00,1763085615.0,0.0015
2025-11-14 03:00:00,1763089216.0,0.0015
2025-11-14 04:00:00,1763092817.0,0.0015
2025-11-14 05:00:00,1763096416.0,0.0015
2025-11-14 06:00:00,1763100018.0,0.0015
2025-11-14 07:00:00,1763103618.0,0.0015
2025-11-14 08:00:00,1763107216.0,0.0015
2025-11-14 09:00:00,1763110818.0,0.0015
2025-11-14 10:00:00,1763114416.0,0.0015
2025-11-14 11:00:00,1763118018.0,0.0015
2025-11-14 12:00:00,1763121620.0,0.0015
2025-11-14 13:00:00,1763125229.0,0.0015
2025-11-14 14:00:00,1763128818.0,0.0015
2025-11-14 15:00:00,1763132417.0,0.0015
2025-11-14 16:00:00,1763136017.0,0.0015
2025-11-14 17:00:00,1763139619.0,0.0015
2025-11-14 18:00:00,1763143218.0,0.0015
2025-11-14 19:00:00,1763146818.0,0.0015
2025-11-14 20:00:00,1763150417.0,0.0015
2025-11-14 21:00:00,1763154031.0,0.0015
2025-11-14 22:00:00,1763157618.0,0.0015
2025-11-14 23:00:00,1763161217.0,0.0015
2025-11-15 00:00:00,1763164816.0,0.0015
2025-11-15 01:00:00,1763168414.0,0.0015
2025-11-15 02:00:00,1763172017.0,0.0015
2025-11-15 03:00:00,1763175618.0,0.0015
2025-11-15 04:00:00,1763179217.0,0.0015
2025-11-15 05:00:00,1763182817.0,0.0015
2025-11-15 06:00:00,1763186419.0,0.0015
2025-11-15 07:00:00,1763190017.0,0.0015
2025-11-15 08:00:00,1763193616.0,0.0015
2025-11-15 09:00:00,1763197219.0,0.0015
2025-11-15 10:00:00,1763200818.0,0.0015
2025-11-15 11:00:00,1763204417.0,0.0015
2025-11-15 12:00:00,1763208020.0,0.0015
2025-11-15 13:00:00,1763211616.0,0.0015
2025-11-15 14:00:00,1763215218.0,0.0015
2025-11-15 15:00:00,1763218818.0,0.0015
2025-11-15 16:00:00,1763222416.0,0.0015
2025-11-15 17:00:00,1763226019.0,0.0015
2025-11-15 18:00:00,1763229619.0,0.0015
2025-11-15 19:00:00,1763233218.0,0.0015
2025-11-15 20:00:00,1763236818.0,0.0015
2025-11-15 21:00:00,1763240419.0,0.0015
2025-11-15 22:00:00,1763244018.0,0.0015
2025-11-15 23:00:00,1763247617.0,0.0015
2025-11-16 00:00:00,1763251211.0,0.0015
2025-11-16 01:00:00,1763254822.0,0.0015
2025-11-16 02:00:00,1763258413.0,0.0015
2025-11-16 03:00:00,1763262015.0,0.0015
2025-11-16 04:00:00,1763265615.0,0.0015
2025-11-16 05:00:00,1763269214.0,0.0015
2025-11-16 06:00:00,1763272816.0,0.0015
2025-11-16 07:00:00,1763276415.0,0.0015
2025-11-16 08:00:00,1763280014.0,0.0015
2025-11-16 09:00:00,1763283616.0,0.0015
2025-11-16 10:00:00,1763287216.0,0.0015
2025-11-16 11:00:00,1763290816.0,0.0015
2025-11-16 12:00:00,1763294419.0,0.0015
2025-11-16 13:00:00,1763298015.0,0.0015
2025-11-16 14:00:00,1763301615.0,0.0015
2025-11-16 15:00:00,1763305216.0,0.0015
2025-11-16 16:00:00,1763308815.0,0.001
2025-11-16 17:00:00,1763312417.0,0.001
2025-11-16 18:00:00,1763316020.0,0.001
2025-11-16 19:00:00,1763319616.0,0.001
2025-11-16 20:00:00,1763323216.0,0.001
2025-11-16 21:00:00,1763326819.0,0.001
2025-11-16 22:00:00,1763330416.0,0.001
2025-11-16 23:00:00,1763334015.0,0.001
2025-11-17 00:00:00,1763337615.0,0.001
2025-11-17 01:00:00,1763341213.0,0.001
2025-11-17 02:00:00,1763344815.0,0.001
2025-11-17 03:00:00,1763348415.0,0.001
2025-11-17 04:00:00,1763352015.0,0.001
2025-11-17 05:00:00,1763355615.0,0.002
2025-11-17 06:00:00,1763359216.0,0.001
2025-11-17 07:00:00,1763362816.0,0.0015
2025-11-17 08:00:00,1763366430.0,0.0015
2025-11-17 09:00:00,1763370034.0,0.0015
2025-11-17 10:00:00,1763373619.0,0.001
2025-11-17 11:00:00,1763377216.0,0.001
2025-11-17 12:00:00,1763380817.0,0.001
2025-11-17 13:00:00,1763384415.0,0.001
2025-11-17 14:00:00,1763388014.0,0.001
2025-11-17 15:00:00,1763391632.0,0.0015
2025-11-17 16:00:00,1763395214.0,0.0015
2025-11-17 17:00:00,1763398817.0,0.0015
2025-11-17 18:00:00,1763402416.0,0.001
2025-11-17 19:00:00,1763406018.0,0.001
2025-11-17 20:00:00,1763409616.0,0.001
2025-11-17 21:00:00,1763413218.0,0.001
2025-11-17 22:00:00,1763416819.0,0.001
2025-11-17 23:00:00,1763420419.0,0.001
2025-11-18 00:00:00,1763424012.0,0.001
2025-11-18 01:00:00,1763427612.0,0.001
2025-11-18 02:00:00,1763431213.0,0.001
2025-11-18 03:00:00,1763434815.0,0.001
2025-11-18 04:00:00,1763438416.0,0.001
2025-11-18 05:00:00,1763442015.0,0.001
2025-11-18 06:00:00,1763445617.0,0.001
2025-11-18 07:00:00,1763449216.0,0.001
2025-11-18 08:00:00,1763452815.0,0.001
2025-11-18 09:00:00,1763456417.0,0.001
2025-11-18 10:00:00,1763460016.0,0.001
2025-11-18 11:00:00,1763463614.0,0.001
2025-11-18 12:00:00,1763467219.0,0.001
2025-11-18 13:00:00,1763470818.0,0.001
2025-11-18 14:00:00,1763474416.0,0.001
2025-11-18 15:00:00,1763478017.0,0.001
2025-11-18 16:00:00,1763481617.0,0.001
2025-11-18 17:00:00,1763485217.0,0.001
2025-11-18 18:00:00,1763488817.0,0.001
2025-11-18 19:00:00,1763492417.0,0.001
2025-11-18 20:00:00,1763496018.0,0.0005
2025-11-18 21:00:00,1763499620.0,0.0005
2025-11-18 22:00:00,1763503218.0,0.0005
2025-11-18 23:00:00,1763506832.0,0.0005
2025-11-19 00:00:00,1763510417.0,0.0005
2025-11-19 01:00:00,1763514016.0,0.0005
2025-11-19 02:00:00,1763517617.0,0.0005
2025-11-19 03:00:00,1763521218.0,0.0005
2025-11-19 04:00:00,1763524818.0,0.0005
2025-11-19 05:00:00,1763528417.0,0.0005
2025-11-19 06:00:00,1763532020.0,0.0005
2025-11-19 07:00:00,1763535618.0,0.0005
2025-11-19 08:00:00,1763539217.0,0.0005
2025-11-19 09:00:00,1763542818.0,0.0005
2025-11-19 10:00:00,1763546417.0,0.0005
2025-11-19 11:00:00,1763550017.0,0.0005
2025-11-19 12:00:00,1763553621.0,0.0005
2025-11-19 13:00:00,1763557217.0,0.0015
2025-11-19 14:00:00,1763560830.0,0.0015
2025-11-19 15:00:00,1763564419.0,0.0015
2025-11-19 16:00:00,1763568030.0,0.0015
2025-11-19 17:00:00,1763571619.0,0.0015
2025-11-19 18:00:00,1763575226.0,0.0015
2025-11-19 19:00:00,1763578818.0,0.0015
2025-11-19 20:00:00,1763582417.0,0.0015
2025-11-19 21:00:00,1763586019.0,0.0015
2025-11-19 22:00:00,1763589617.0,0.0015
2025-11-19 23:00:00,1763593233.0,0.0015
2025-11-20 00:00:00,1763596811.0,0.0015
2025-11-20 01:00:00,1763600412.0,0.0015
2025-11-20 02:00:00,1763604014.0,0.0015
2025-11-20 03:00:00,1763607617.0,0.0015
2025-11-20 04:00:00,1763611217.0,0.0015
2025-11-20 05:00:00,1763614816.0,0.0015
2025-11-20 06:00:00,1763618418.0,0.0015
2025-11-20 07:00:00,1763622025.0,0.0015
2025-11-20 08:00:00,1763625616.0,0.0015
2025-11-20 09:00:00,1763629219.0,0.0015
2025-11-20 10:00:00,1763632816.0,0.0015
2025-11-20 11:00:00,1763636417.0,0.0015
2025-11-20 12:00:00,1763640012.0,0.0015
2025-11-20 13:00:00,1763643610.0,0.0015
2025-11-20 14:00:00,1763647209.0,0.0015
2025-11-20 15:00:00,1763650810.0,0.0015
2025-11-20 16:00:00,1763654409.0,0.0015
2025-11-20 17:00:00,1763658012.0,0.0015
2025-11-20 18:00:00,1763661613.0,0.0015
2025-11-20 19:00:00,1763665210.0,0.0015
2025-11-20 20:00:00,1763668811.0,0.0015
2025-11-20 21:00:00,1763672414.0,0.0015
2025-11-20 22:00:00,1763676025.0,0.0015
2025-11-20 23:00:00,1763679611.0,0.0015
2025-11-21 00:00:00,1763683217.0,0.0015
2025-11-21 01:00:00,1763686810.0,0.0015
2025-11-21 02:00:00,1763690409.0,0.0015
2025-11-21 03:00:00,1763694011.0,0.0015
2025-11-21 04:00:00,1763697623.0,0.0015
2025-11-21 05:00:00,1763701216.0,0.0015
2025-11-21 06:00:00,1763704811.0,0.0015
2025-11-21 07:00:00,1763708410.0,0.0015
2025-11-21 08:00:00,1763712010.0,0.0015
2025-11-21 09:00:00,1763715611.0,0.0015
2025-11-21 10:00:00,1763719209.0,0.0015
2025-11-21 11:00:00,1763722812.0,0.0015
2025-11-21 12:00:00,1763726412.0,0.0015
2025-11-21 13:00:00,1763730024.0,0.0015
2025-11-21 14:00:00,1763733611.0,0.0015
2025-11-21 15:00:00,1763737211.0,0.0015
2025-11-21 16:00:00,1763740811.0,0.0015
2025-11-21 17:00:00,1763744421.0,0.0015
2025-11-21 18:00:00,1763748011.0,0.0015
2025-11-21 19:00:00,1763751610.0,0.0015
2025-11-21 20:00:00,1763755211.0,0.0015
2025-11-21 21:00:00,1763758811.0,0.0015
2025-11-21 22:00:00,1763762410.0,0.0015
2025-11-21 23:00:00,1763766016.0,0.0015
2025-11-22 00:00:00,1763769612.0,0.0015
2025-11-22 01:00:00,1763773210.0,0.0015
2025-11-22 02:00:00,1763776809.0,0.0015
2025-11-22 03:00:00,1763780411.0,0.0015
2025-11-22 04:00:00,1763784025.0,0.0015
2025-11-22 05:00:00,1763787616.0,0.0015
2025-11-22 06:00:00,1763791219.0,0.0015
2025-11-22 07:00:00,1763794809.0,0.0015
2025-11-22 08:00:00,1763798409.0,0.0015
2025-11-22 09:00:00,1763802012.0,0.0015
2025-11-22 10:00:00,1763805610.0,0.0015
2025-11-22 11:00:00,1763809211.0,0.0015
2025-11-22 12:00:00,1763812813.0,0.0015
2025-11-22 13:00:00,1763816423.0,0.0015
2025-11-22 14:00:00,1763820011.0,0.0015
2025-11-22 15:00:00,1763823610.0,0.0015
2025-11-22 16:00:00,1763827210.0,0.0015
2025-11-22 17:00:00,1763830820.0,0.0015
2025-11-22 18:00:00,1763834410.0,0.0015
2025-11-22 19:00:00,1763838009.0,0.0015
2025-11-22 20:00:00,1763841610.0,0.0015
2025-11-22 21:00:00,1763845212.0,0.0015
2025-11-22 22:00:00,1763848809.0,0.0015
2025-11-22 23:00:00,1763852410.0,0.0015
2025-11-23 00:00:00,1763856013.0,0.0015
2025-11-23 01:00:00,1763859622.0,0.0015
2025-11-23 02:00:00,1763863210.0,0.0015
2025-11-23 03:00:00,1763866813.0,0.0015
2025-11-23 04:00:00,1763870409.0,0.0015
2025-11-23 05:00:00,1763874009.0,0.0015
2025-11-23 06:00:00,1763877617.0,0.0015
2025-11-23 07:00:00,1763881209.0,0.0015
2025-11-23 08:00:00,1763884809.0,0.0015
2025-11-23 09:00:00,1763888410.0,0.0015
2025-11-23 10:00:00,1763892009.0,0.0015
2025-11-23 11:00:00,1763895610.0,0.0015
2025-11-23 12:00:00,1763899212.0,0.0015
2025-11-23 13:00:00,1763902809.0,0.0015
2025-11-23 14:00:00,1763906410.0,0.0015
2025-11-23 15:00:00,1763910010.0,0.0015
2025-11-23 16:00:00,1763913609.0,0.0015
2025-11-23 17:00:00,1763917224.0,0.0015
2025-11-23 18:00:00,1763920812.0,0.0015
2025-11-23 19:00:00,1763924409.0,0.0015
2025-11-23 20:00:00,1763928010.0,0.0015
2025-11-23 21:00:00,1763931626.0,0.0015
2025-11-23 22:00:00,1763935209.0,0.0015
2025-11-23 23:00:00,1763938809.0,0.0015
2025-11-24 00:00:00,1763942413.0,0.0015
2025-11-24 01:00:00,1763946008.0,0.0015
2025-11-24 02:00:00,1763949607.0,0.0015
2025-11-24 03:00:00,1763953208.0,0.001
2025-11-24 04:00:00,1763956807.0,0.001
2025-11-24 05:00:00,1763960407.0,0.001
2025-11-24 06:00:00,1763964015.0,0.001
2025-11-24 07:00:00,1763967608.0,0.001
2025-11-24 08:00:00,1763971207.0,0.001
2025-11-24 09:00:00,1763974808.0,0.001
2025-11-24 10:00:00,1763978407.0,0.001
2025-11-24 11:00:00,1763982007.0,0.001
2025-11-24 12:00:00,1763985609.0,0.001
2025-11-24 13:00:00,1763989207.0,0.001
2025-11-24 14:00:00,1763992809.0,0.001
2025-11-24 15:00:00,1763996408.0,0.001
2025-11-24 16:00:00,1764000007.0,0.0005
2025-11-24 17:00:00,1764003612.0,0.0005
2025-11-24 18:00:00,1764007209.0,0.0005
2025-11-24 19:00:00,1764010809.0,0.0005
2025-11-24 20:00:00,1764014409.0,0.0005
2025-11-24 21:00:00,1764018018.0,0.0005
2025-11-24 22:00:00,1764021617.0,0.0005
2025-11-24 23:00:00,1764025217.0,0.0005
2025-11-25 00:00:00,1764028815.0,0.0005
2025-11-25 01:00:00,1764032415.0,0.0005
2025-11-25 02:00:00,1764036016.0,0.0005
2025-11-25 03:00:00,1764039617.0,0.0005
2025-11-25 04:00:00,1764043217.0,0.0005
2025-11-25 05:00:00,1764046817.0,0.0005
2025-11-25 06:00:00,1764050417.0,0.0005
2025-11-25 07:00:00,1764054017.0,0.0005
2025-11-25 08:00:00,1764057617.0,0.0005
2025-11-25 09:00:00,1764061218.0,0.0005
2025-11-25 10:00:00,1764064817.0,0.0005
2025-11-25 11:00:00,1764068417.0,0.0005
2025-11-25 12:00:00,1764072019.0,0.0005
2025-11-25 13:00:00,1764075617.0,0.0005
2025-11-25 14:00:00,1764079218.0,0.0005
2025-11-25 15:00:00,1764082818.0,0.0005
2025-11-25 16:00:00,1764086417.0,0.0005
2025-11-25 17:00:00,1764090019.0,0.0005
2025-11-25 18:00:00,1764093618.0,0.001
2025-11-25 19:00:00,1764097218.0,0.0005
2025-11-25 20:00:00,1764100819.0,0.0005
2025-11-25 21:00:00,1764104419.0,0.0005
2025-11-25 22:00:00,1764108018.0,0.0005
2025-11-25 23:00:00,1764111618.0,0.0005
2025-11-26 00:00:00,1764115213.0,0.0005
2025-11-26 01:00:00,1764118813.0,0.0005
2025-11-26 02:00:00,1764122415.0,0.0005
2025-11-26 03:00:00,1764126018.0,0.0005
2025-11-26 04:00:00,1764129618.0,0.0005
2025-11-26 05:00:00,1764133216.0,0.0005
2025-11-26 06:00:00,1764136831.0,0.0005
2025-11-26 07:00:00,1764140417.0,0.0005
2025-11-26 08:00:00,1764144021.0,0.0005
2025-11-26 09:00:00,1764147618.0,0.0005
2025-11-26 10:00:00,1764151218.0,0.0005
2025-11-26 11:00:00,1764154819.0,0.0005
2025-11-26 12:00:00,1764158434.0,0.0005
2025-11-26 13:00:00,1764162018.0,0.0005
2025-11-26 14:00:00,1764165618.0,0.0005
2025-11-26 15:00:00,1764169218.0,0.0005
2025-11-26 16:00:00,1764172819.0,0.0005
2025-11-26 17:00:00,1764176421.0,0.0005
2025-11-26 18:00:00,1764180019.0,0.0005
2025-11-26 19:00:00,1764183621.0,0.0005
2025-11-26 20:00:00,1764187218.0,0.001
2025-11-26 21:00:00,1764190821.0,0.001
2025-11-26 22:00:00,1764194419.0,0.001
2025-11-26 23:00:00,1764198019.0,0.001
2025-11-27 00:00:00,1764201616.0,0.001
2025-11-27 01:00:00,1764205227.0,0.001
2025-11-27 02:00:00,1764208817.0,0.001
2025-11-27 03:00:00,1764212419.0,0.001
2025-11-27 04:00:00,1764216019.0,0.001
2025-11-27 05:00:00,1764219619.0,0.001
2025-11-27 06:00:00,1764223220.0,0.001
2025-11-27 07:00:00,1764226820.0,0.001
2025-11-27 08:00:00,1764230418.0,0.001
2025-11-27 09:00:00,1764234020.0,0.0005
2025-11-27 10:00:00,1764237620.0,0.0005
2025-11-27 11:00:00,1764241219.0,0.0005
2025-11-27 12:00:00,1764244824.0,0.0005
2025-11-27 13:00:00,1764248418.0,0.0005
2025-11-27 14:00:00,1764252018.0,0.0005
2025-11-27 15:00:00,1764255618.0,0.0005
2025-11-27 16:00:00,1764259219.0,0.0005
2025-11-27 17:00:00,1764262822.0,0.0005
2025-11-27 18:00:00,1764266420.0,0.0005
2025-11-27 19:00:00,1764270020.0,0.0005
2025-11-27 20:00:00,1764273620.0,0.0005
2025-11-27 21:00:00,1764277221.0,0.0005
2025-11-27 22:00:00,1764280819.0,0.0005
2025-11-27 23:00:00,1764284420.0,0.0005
2025-11-28 00:00:00,1764288015.0,0.0005
2025-11-28 01:00:00,1764291615.0,0.0015
2025-11-28 02:00:00,1764295216.0,0.0005
2025-11-28 03:00:00,1764298818.0,0.0005
2025-11-28 04:00:00,1764302419.0,0.0005
2025-11-28 05:00:00,1764306018.0,0.0005
2025-11-28 06:00:00,1764309619.0,0.0005
2025-11-28 07:00:00,1764313220.0,0.0005
2025-11-28 08:00:00,1764316818.0,0.0015
2025-11-28 09:00:00,1764320420.0,0.002
2025-11-28 10:00:00,1764324019.0,0.002
2025-11-28 11:00:00,1764327619.0,0.0015
2025-11-28 12:00:00,1764331223.0,0.0015
2025-11-28 13:00:00,1764334819.0,0.0015
2025-11-28 14:00:00,1764338420.0,0.0015
2025-11-28 15:00:00,1764342020.0,0.0015
2025-11-28 16:00:00,1764345633.0,0.0015
2025-11-28 17:00:00,1764349223.0,0.001
2025-11-28 18:00:00,1764352820.0,0.001
2025-11-28 19:00:00,1764356421.0,0.001
2025-11-28 20:00:00,1764360019.0,0.001
2025-11-28 21:00:00,1764363623.0,0.001
2025-11-28 22:00:00,1764367222.0,0.001
2025-11-28 23:00:00,1764370819.0,0.001
2025-11-29 00:00:00,1764374419.0,0.001
2025-11-29 01:00:00,1764378018.0,0.001
2025-11-29 02:00:00,1764381619.0,0.001
2025-11-29 03:00:00,1764385212.0,0.001
2025-11-29 04:00:00,1764388820.0,0.001
2025-11-29 05:00:00,1764392419.0,0.001
2025-11-29 06:00:00,1764396020.0,0.001
2025-11-29 07:00:00,1764399621.0,0.001
2025-11-29 08:00:00,1764403219.0,0.001
2025-11-29 09:00:00,1764406822.0,0.001
2025-11-29 10:00:00,1764410434.0,0.001
2025-11-29 11:00:00,1764414019.0,0.001
2025-11-29 12:00:00,1764417623.0,0.001
2025-11-29 13:00:00,1764421218.0,0.001
2025-11-29 14:00:00,1764424820.0,0.001
2025-11-29 15:00:00,1764428421.0,0.001
2025-11-29 16:00:00,1764432020.0,0.001
2025-11-29 17:00:00,1764435621.0,0.001
2025-11-29 18:00:00,1764439220.0,0.001
2025-11-29 19:00:00,1764442821.0,0.001
2025-11-29 20:00:00,1764446420.0,0.002
2025-11-29 21:00:00,1764450022.0,0.002
2025-11-29 22:00:00,1764453611.0,0.002
2025-11-29 23:00:00,1764457219.0,0.0015
2025-11-30 00:00:00,1764460815.0,0.0015
2025-11-30 01:00:00,1764464416.0,0.0015
2025-11-30 02:00:00,1764468017.0,0.001
2025-11-30 03:00:00,1764471618.0,0.001
2025-11-30 04:00:00,1764475218.0,0.001
2025-11-30 05:00:00,1764478818.0,0.001
2025-11-30 06:00:00,1764482418.0,0.001
2025-11-30 07:00:00,1764486021.0,0.001
2025-11-30 08:00:00,1764489610.0,0.001
2025-11-30 09:00:00,1764493220.0,0.0015
2025-11-30 10:00:00,1764496832.0,0.001
2025-11-30 11:00:00,1764500418.0,0.001
2025-11-30 12:00:00,1764504048.0,0.001
2025-11-30 13:00:00,1764507609.0,0.001
2025-11-30 14:00:00,1764511219.0,0.001
2025-11-30 15:00:00,1764514831.0,0.001
2025-11-30 16:00:00,1764518430.0,0.0005
2025-11-30 17:00:00,1764522019.0,0.0005
2025-11-30 18:00:00,1764525620.0,0.0005
2025-11-30 19:00:00,1764529219.0,0.0005
2025-11-30 20:00:00,1764532820.0,0.0005
2025-11-30 21:00:00,1764536420.0,0.0005
2025-11-30 22:00:00,1764540019.0,0.0005
2025-11-30 23:00:00,1764543624.0,0.0005
2025-12-01 00:00:00,1764547216.0,0.0005
2025-12-01 01:00:00,1764550817.0,0.0005
2025-12-01 02:00:00,1764554416.0,0.0005
2025-12-01 03:00:00,1764558029.0,0.0005
2025-12-01 04:00:00,1764561618.0,0.0005
2025-12-01 05:00:00,1764565218.0,0.0005
2025-12-01 06:00:00,1764568818.0,0.0005
2025-12-01 07:00:00,1764572417.0,0.0005
2025-12-01 08:00:00,1764576016.0,0.0005
2025-12-01 09:00:00,1764579631.0,0.0005
2025-12-01 10:00:00,1764583231.0,0.0005
2025-12-01 11:00:00,1764586817.0,0.0005
2025-12-01 12:00:00,1764590431.0,0.0005
2025-12-01 13:00:00,1764594017.0,0.0005
2025-12-01 14:00:00,1764597617.0,0.0005
2025-12-01 15:00:00,1764601230.0,0.0005
2025-12-01 16:00:00,1764604829.0,0.0005
2025-12-01 17:00:00,1764608419.0,0.0005
2025-12-01 18:00:00,1764612031.0,0.0005
2025-12-01 19:00:00,1764615618.0,0.0005
2025-12-01 20:00:00,1764619217.0,0.0005
2025-12-01 21:00:00,1764622819.0,0.0005
2025-12-01 22:00:00,1764626418.0,0.0005
2025-12-01 23:00:00,1764630018.0,0.0005
2025-12-02 00:00:00,1764633612.0,0.0005
2025-12-02 01:00:00,1764637212.0,0.0005
2025-12-02 02:00:00,1764640814.0,0.0005
2025-12-02 03:00:00,1764644416.0,0.0005
2025-12-02 04:00:00,1764648016.0,0.0005
2025-12-02 05:00:00,1764651615.0,0.0005
2025-12-02 06:00:00,1764655217.0,0.0005
2025-12-02 07:00:00,1764658817.0,0.0005
2025-12-02 08:00:00,1764662416.0,0.0005
2025-12-02 09:00:00,1764666017.0,0.0005
2025-12-02 10:00:00,1764669616.0,0.0005
2025-12-02 11:00:00,1764673217.0,0.0005
2025-12-02 12:00:00,1764676821.0,0.0005
2025-12-02 13:00:00,1764680416.0,0.0005
2025-12-02 14:00:00,1764684017.0,0.0005
2025-12-02 15:00:00,1764687617.0,0.0005
2025-12-02 16:00:00,1764691209.0,0.0005
2025-12-02 17:00:00,1764694819.0,0.0005
2025-12-02 18:00:00,1764698419.0,0.0005
2025-12-02 19:00:00,1764702018.0,0.0005
2025-12-02 20:00:00,1764705617.0,0.0005
2025-12-02 21:00:00,1764709219.0,0.0005
2025-12-02 22:00:00,1764712817.0,0.0005
2025-12-02 23:00:00,1764716418.0,0.0005
2025-12-03 00:00:00,1764720017.0,0.0005
2025-12-03 01:00:00,1764723615.0,0.0005
2025-12-03 02:00:00,1764727216.0,0.0005
2025-12-03 03:00:00,1764730818.0,0.0005
2025-12-03 04:00:00,1764734419.0,0.0005
2025-12-03 05:00:00,1764738018.0,0.0005
2025-12-03 06:00:00,1764741619.0,0.0005
2025-12-03 07:00:00,1764745219.0,0.0005
2025-12-03 08:00:00,1764748817.0,0.0005
2025-12-03 09:00:00,1764752420.0,0.0005
2025-12-03 10:00:00,1764756018.0,0.0005
2025-12-03 11:00:00,1764759619.0,0.0005
2025-12-03 12:00:00,1764763223.0,0.0005
2025-12-03 13:00:00,1764766817.0,0.0005
2025-12-03 14:00:00,1764770419.0,0.0005
2025-12-03 15:00:00,1764774011.0,0.0005
2025-12-03 16:00:00,1764777619.0,0.0005
2025-12-03 17:00:00,1764781220.0,0.0005
2025-12-03 18:00:00,1764784820.0,0.0005
2025-12-03 19:00:00,1764788421.0,0.0005
2025-12-03 20:00:00,1764792018.0,0.0005
2025-12-03 21:00:00,1764795621.0,0.0005
2025-12-03 22:00:00,1764799219.0,0.0005
2025-12-03 23:00:00,1764802819.0,0.0005
2025-12-04 00:00:00,1764806412.0,0.0005
2025-12-04 01:00:00,1764810012.0,0.0005
2025-12-04 02:00:00,1764813614.0,0.0005
2025-12-04 03:00:00,1764817218.0,0.0005
2025-12-04 04:00:00,1764820819.0,0.0005
2025-12-04 05:00:00,1764824417.0,0.0005
2025-12-04 06:00:00,1764828018.0,0.0005
2025-12-04 07:00:00,1764831618.0,0.0005
2025-12-04 08:00:00,1764835216.0,0.0005
2025-12-04 09:00:00,1764838824.0,0.0005
2025-12-04 10:00:00,1764842417.0,0.0005
2025-12-04 11:00:00,1764846018.0,0.0005
2025-12-04 12:00:00,1764849623.0,0.0005
2025-12-04 13:00:00,1764853217.0,0.0005
2025-12-04 14:00:00,1764856818.0,0.0005
2025-12-04 15:00:00,1764860417.0,0.0005
2025-12-04 16:00:00,1764864010.0,0.0005
2025-12-04 17:00:00,1764867613.0,0.0005
2025-12-04 18:00:00,1764871212.0,0.001
2025-12-04 19:00:00,1764874809.0,0.0005
2025-12-04 20:00:00,1764878410.0,0.0005
2025-12-04 21:00:00,1764882011.0,0.0005
2025-12-04 22:00:00,1764885609.0,0.0005
2025-12-04 23:00:00,1764889210.0,0.0005
2025-12-05 00:00:00,1764892814.0,0.0005
2025-12-05 01:00:00,1764896410.0,0.0005
2025-12-05 02:00:00,1764900010.0,0.0005
2025-12-05 03:00:00,1764903613.0,0.0005
2025-12-05 04:00:00,1764907211.0,0.0005
2025-12-05 05:00:00,1764910810.0,0.0005
2025-12-05 06:00:00,1764914411.0,0.0005
2025-12-05 07:00:00,1764918010.0,0.0005
2025-12-05 08:00:00,1764921610.0,0.001
2025-12-05 09:00:00,1764925212.0,0.001
2025-12-05 10:00:00,1764928810.0,0.001
2025-12-05 11:00:00,1764932410.0,0.001
2025-12-05 12:00:00,1764936015.0,0.001
2025-12-05 13:00:00,1764939610.0,0.001
2025-12-05 14:00:00,1764943210.0,0.001
2025-12-05 15:00:00,1764946812.0,0.0005
2025-12-05 16:00:00,1764950410.0,0.0005
2025-12-05 17:00:00,1764954012.0,0.0005
2025-12-05 18:00:00,1764957611.0,0.0005
2025-12-05 19:00:00,1764961214.0,0.0005
2025-12-05 20:00:00,1764964811.0,0.0005
2025-12-05 21:00:00,1764968413.0,0.0005
2025-12-05 22:00:00,1764972011.0,0.0005
2025-12-05 23:00:00,1764975610.0,0.0005
2025-12-06 00:00:00,1764979214.0,0.0005
2025-12-06 01:00:00,1764982811.0,0.0005
2025-12-06 02:00:00,1764986411.0,0.0005
2025-12-06 03:00:00,1764990012.0,0.0005
2025-12-06 04:00:00,1764993611.0,0.0005
2025-12-06 05:00:00,1764997211.0,0.0005
2025-12-06 06:00:00,1765000812.0,0.0005
2025-12-06 07:00:00,1765004421.0,0.0005
2025-12-06 08:00:00,1765008011.0,0.0005
2025-12-06 09:00:00,1765011614.0,0.0005
2025-12-06 10:00:00,1765015212.0,0.0005
2025-12-06 11:00:00,1765018812.0,0.0005
2025-12-06 12:00:00,1765022415.0,0.0005
2025-12-06 13:00:00,1765026011.0,0.0005
2025-12-06 14:00:00,1765029611.0,0.0005
2025-12-06 15:00:00,1765033213.0,0.0005
2025-12-06 16:00:00,1765036811.0,0.0005
2025-12-06 17:00:00,1765040416.0,0.0005
2025-12-06 18:00:00,1765044013.0,0.0005
2025-12-06 19:00:00,1765047613.0,0.0005
2025-12-06 20:00:00,1765051212.0,0.0005
2025-12-06 21:00:00,1765054813.0,0.0005
2025-12-06 22:00:00,1765058411.0,0.0005
2025-12-06 23:00:00,1765062011.0,0.0005
2025-12-07 00:00:00,1765065627.0,0.0005
2025-12-07 01:00:00,1765069212.0,0.0005
2025-12-07 02:00:00,1765072810.0,0.0005
2025-12-07 03:00:00,1765076413.0,0.0005
2025-12-07 04:00:00,1765080010.0,0.0005
2025-12-07 05:00:00,1765083611.0,0.0005
2025-12-07 06:00:00,1765087221.0,0.0005
2025-12-07 07:00:00,1765090811.0,0.0005
2025-12-07 08:00:00,1765094411.0,0.0005
2025-12-07 09:00:00,1765098012.0,0.0005
2025-12-07 10:00:00,1765101610.0,0.0005
2025-12-07 11:00:00,1765105210.0,0.0005
2025-12-07 12:00:00,1765108817.0,0.0005
2025-12-07 13:00:00,1765112410.0,0.0005
2025-12-07 14:00:00,1765116010.0,0.0005
2025-12-07 15:00:00,1765119612.0,0.0005
2025-12-07 16:00:00,1765123210.0,0.0005
2025-12-07 17:00:00,1765126814.0,0.0005
2025-12-07 18:00:00,1765130420.0,0.0005
2025-12-07 19:00:00,1765134011.0,0.0005
2025-12-07 20:00:00,1765137625.0,0.0005
2025-12-07 21:00:00,1765141213.0,0.0005
2025-12-07 22:00:00,1765144810.0,0.0005
2025-12-07 23:00:00,1765148410.0,0.0005
2025-12-08 00:00:00,1765152026.0,0.0005
2025-12-08 01:00:00,1765155624.0,0.0005
2025-12-08 02:00:00,1765159209.0,0.0005
2025-12-08 03:00:00,1765162810.0,0.0005
2025-12-08 04:00:00,1765166410.0,0.0005
2025-12-08 05:00:00,1765170009.0,0.0005
2025-12-08 06:00:00,1765173611.0,0.0005
2025-12-08 07:00:00,1765177210.0,0.0005
2025-12-08 08:00:00,1765180810.0,0.0005
2025-12-08 09:00:00,1765184411.0,0.0005
2025-12-08 10:00:00,1765188009.0,0.0005
2025-12-08 11:00:00,1765191609.0,0.0005
2025-12-08 12:00:00,1765195228.0,0.0005
2025-12-08 13:00:00,1765198812.0,0.0005
2025-12-08 14:00:00,1765202409.0,0.0005
2025-12-08 15:00:00,1765206010.0,0.0005
2025-12-08 16:00:00,1765209623.0,0.0005
2025-12-08 17:00:00,1765213211.0,0.0005
2025-12-08 18:00:00,1765216810.0,0.0005
2025-12-08 19:00:00,1765220410.0,0.0005
2025-12-08 20:00:00,1765224011.0,0.0005
2025-12-08 21:00:00,1765227625.0,0.0005
2025-12-08 22:00:00,1765231209.0,0.0005
2025-12-08 23:00:00,1765234811.0,0.0005
2025-12-09 00:00:00,1765238424.0,0.0005
2025-12-09 01:00:00,1765242016.0,0.0005
2025-12-09 02:00:00,1765245612.0,0.0005
2025-12-09 03:00:00,1765249211.0,0.0005
2025-12-09 04:00:00,1765252810.0,0.0005
2025-12-09 05:00:00,1765256410.0,0.0005
2025-12-09 06:00:00,1765260013.0,0.0005
2025-12-09 07:00:00,1765263616.0,0.0005
2025-12-09 08:00:00,1765267213.0,0.0005
2025-12-09 09:00:00,1765270813.0,0.0005
2025-12-09 10:00:00,1765274410.0,0.0005
2025-12-09 11:00:00,1765278012.0,0.0005
2025-12-09 12:00:00,1765281613.0,0.0005
2025-12-09 13:00:00,1765285213.0,0.0005
2025-12-09 14:00:00,1765288826.0,0.0005
2025-12-09 15:00:00,1765292415.0,0.0005
2025-12-09 16:00:00,1765296010.0,0.0005
2025-12-09 17:00:00,1765299614.0,0.0005
2025-12-09 18:00:00,1765303212.0,0.0005
2025-12-09 19:00:00,1765306810.0,0.0005
2025-12-09 20:00:00,1765310412.0,0.001
2025-12-09 21:00:00,1765314014.0,0.001
2025-12-09 22:00:00,1765317611.0,0.0005
2025-12-09 23:00:00,1765321212.0,0.0005
2025-12-10 00:00:00,1765324812.0,0.0005
2025-12-10 01:00:00,1765328421.0,0.0005
2025-12-10 02:00:00,1765332008.0,0.0005
2025-12-10 03:00:00,1765335610.0,0.0005
2025-12-10 04:00:00,1765339209.0,0.0005
2025-12-10 05:00:00,1765342811.0,0.0005
2025-12-10 06:00:00,1765346412.0,0.0005
2025-12-10 07:00:00,1765350009.0,0.0005
2025-12-10 08:00:00,1765353610.0,0.0005
2025-12-10 09:00:00,1765357224.0,0.0005
2025-12-10 10:00:00,1765360808.0,0.0005
2025-12-10 11:00:00,1765364409.0,0.0005
2025-12-10 12:00:00,1765368022.0,0.0005
2025-12-10 13:00:00,1765371609.0,0.0005
2025-12-10 14:00:00,1765375208.0,0.0005
2025-12-10 15:00:00,1765378812.0,0.0005
2025-12-10 16:00:00,1765382409.0,0.0005
2025-12-10 17:00:00,1765386011.0,0.0005
2025-12-10 18:00:00,1765389610.0,0.0005
2025-12-10 19:00:00,1765393209.0,0.0005
2025-12-10 20:00:00,1765396809.0,0.0005
2025-12-10 21:00:00,1765400410.0,0.0005
2025-12-10 22:00:00,1765404009.0,0.0005
2025-12-10 23:00:00,1765407609.0,0.0005
2025-12-11 00:00:00,1765411213.0,0.0005
2025-12-11 01:00:00,1765414814.0,0.0005
2025-12-11 02:00:00,1765418421.0,0.0005
2025-12-11 03:00:00,1765422011.0,0.0005
2025-12-11 04:00:00,1765425626.0,0.0005
2025-12-11 05:00:00,1765429219.0,0.0005
2025-12-11 06:00:00,1765432810.0,0.0005
2025-12-11 07:00:00,1765436409.0,0.0005
2025-12-11 08:00:00,1765440010.0,0.0005
2025-12-11 09:00:00,1765443611.0,0.0005
2025-12-11 10:00:00,1765447211.0,0.0005
2025-12-11 11:00:00,1765450819.0,0.0005
2025-12-11 12:00:00,1765454415.0,0.0005
2025-12-11 13:00:00,1765458011.0,0.0005
2025-12-11 14:00:00,1765461609.0,0.0005
2025-12-11 15:00:00,1765465211.0,0.0005
2025-12-11 16:00:00,1765468819.0,0.0005
2025-12-11 17:00:00,1765472412.0,0.0005
2025-12-11 18:00:00,1765476010.0,0.0005
2025-12-11 19:00:00,1765479623.0,0.0005
2025-12-11 20:00:00,1765483212.0,0.0005
2025-12-11 21:00:00,1765486811.0,0.0005
2025-12-11 22:00:00,1765490410.0,0.0005
2025-12-11 23:00:00,1765494012.0,0.0005
2025-12-12 00:00:00,1765497613.0,0.0005
2025-12-12 01:00:00,1765501210.0,0.0005
2025-12-12 02:00:00,1765504809.0,0.0005
2025-12-12 03:00:00,1765508413.0,0.0005
2025-12-12 04:00:00,1765512010.0,0.0005
2025-12-12 05:00:00,1765515623.0,0.0005
2025-12-12 06:00:00,1765519212.0,0.0005
2025-12-12 07:00:00,1765522810.0,0.0005
2025-12-12 08:00:00,1765526410.0,0.0005
2025-12-12 09:00:00,1765530011.0,0.0005
2025-12-12 10:00:00,1765533610.0,0.0005
2025-12-12 11:00:00,1765537211.0,0.0005
2025-12-12 12:00:00,1765540814.0,0.0005
2025-12-12 13:00:00,1765544410.0,0.0005
2025-12-12 14:00:00,1765548011.0,0.0005
2025-12-12 15:00:00,1765551611.0,0.0005
2025-12-12 16:00:00,1765555210.0,0.0005
2025-12-12 17:00:00,1765558817.0,0.0005
2025-12-12 18:00:00,1765562413.0,0.0005
2025-12-12 19:00:00,1765566011.0,0.0005
2025-12-12 20:00:00,1765569613.0,0.0005
2025-12-12 21:00:00,1765573213.0,0.0005
2025-12-12 22:00:00,1765576814.0,0.0005
2025-12-12 23:00:00,1765580411.0,0.0005
2025-12-13 00:00:00,1765584015.0,0.0005
2025-12-13 01:00:00,1765587611.0,0.0005
2025-12-13 02:00:00,1765591211.0,0.0005
2025-12-13 03:00:00,1765594812.0,0.0005
2025-12-13 04:00:00,1765598412.0,0.0005
2025-12-13 05:00:00,1765602010.0,0.0005
2025-12-13 06:00:00,1765605621.0,0.0005
2025-12-13 07:00:00,1765609211.0,0.0005
2025-12-13 08:00:00,1765612811.0,0.0005
2025-12-13 09:00:00,1765616413.0,0.0005
2025-12-13 10:00:00,1765620011.0,0.0005
2025-12-13 11:00:00,1765623611.0,0.0005
2025-12-13 12:00:00,1765627216.0,0.0005
2025-12-13 13:00:00,1765630811.0,0.0005
2025-12-13 14:00:00,1765634421.0,0.0005
2025-12-13 15:00:00,1765638013.0,0.0005
2025-12-13 16:00:00,1765641610.0,0.0005
2025-12-13 17:00:00,1765645214.0,0.0005
2025-12-13 18:00:00,1765648813.0,0.0005
2025-12-13 19:00:00,1765652411.0,0.0005
2025-12-13 20:00:00,1765656011.0,0.0005
2025-12-13 21:00:00,1765659613.0,0.0005
2025-12-13 22:00:00,1765663212.0,0.0005
2025-12-13 23:00:00,1765666811.0,0.0005
2025-12-14 00:00:00,1765670415.0,0.0005
2025-12-14 01:00:00,1765674011.0,0.0005
2025-12-14 02:00:00,1765677611.0,0.0005
2025-12-14 03:00:00,1765681213.0,0.0005
2025-12-14 04:00:00,1765684811.0,0.0005
2025-12-14 05:00:00,1765688411.0,0.0005
2025-12-14 06:00:00,1765692013.0,0.0005
2025-12-14 07:00:00,1765695611.0,0.0005
2025-12-14 08:00:00,1765699211.0,0.0005
2025-12-14 09:00:00,1765702813.0,0.0005
2025-12-14 10:00:00,1765706412.0,0.0005
2025-12-14 11:00:00,1765710010.0,0.0005
2025-12-14 12:00:00,1765713615.0,0.0005
2025-12-14 13:00:00,1765717210.0,0.0005
2025-12-14 14:00:00,1765720811.0,0.0005
2025-12-14 15:00:00,1765724413.0,0.0005
2025-12-14 16:00:00,1765728011.0,0.0005
2025-12-14 17:00:00,1765731614.0,0.0005
2025-12-14 18:00:00,1765735213.0,0.0005
2025-12-14 19:00:00,1765738813.0,0.0005
2025-12-14 20:00:00,1765742413.0,0.0005
2025-12-14 21:00:00,1765746013.0,0.0005
2025-12-14 22:00:00,1765749610.0,0.0005
2025-12-14 23:00:00,1765753211.0,0.0005
2025-12-15 00:00:00,1765756817.0,0.0005
2025-12-15 01:00:00,1765760410.0,0.0005
2025-12-15 02:00:00,1765764010.0,0.0005
2025-12-15 03:00:00,1765767612.0,0.0005
2025-12-15 04:00:00,1765771213.0,0.0005
2025-12-15 05:00:00,1765774811.0,0.0005
2025-12-15 06:00:00,1765778414.0,0.0005
2025-12-15 07:00:00,1765782010.0,0.0005
2025-12-15 08:00:00,1765785610.0,0.0005
2025-12-15 09:00:00,1765789217.0,0.0005
2025-12-15 10:00:00,1765792810.0,0.0005
2025-12-15 11:00:00,1765796413.0,0.0005
2025-12-15 12:00:00,1765800014.0,0.0005
2025-12-15 13:00:00,1765803623.0,0.0005
2025-12-15 14:00:00,1765807210.0,0.0005
2025-12-15 15:00:00,1765810813.0,0.0005
2025-12-15 16:00:00,1765814411.0,0.0005
2025-12-15 17:00:00,1765818013.0,0.0005
2025-12-15 18:00:00,1765821628.0,0.0005
2025-12-15 19:00:00,1765825210.0,0.0005
2025-12-15 20:00:00,1765828810.0,0.0005
2025-12-15 21:00:00,1765832412.0,0.0005
2025-12-15 22:00:00,1765836026.0,0.0005
2025-12-15 23:00:00,1765839610.0,0.0005
2025-12-16 00:00:00,1765843214.0,0.0005
2025-12-16 01:00:00,1765846814.0,0.0005
2025-12-16 02:00:00,1765850410.0,0.0005
2025-12-16 03:00:00,1765854011.0,0.0005
2025-12-16 04:00:00,1765857610.0,0.0005
2025-12-16 05:00:00,1765861210.0,0.0005
2025-12-16 06:00:00,1765864812.0,0.0005
2025-12-16 07:00:00,1765868416.0,0.0005
2025-12-16 08:00:00,1765872018.0,0.0005
2025-12-16 09:00:00,1765875611.0,0.0005
2025-12-16 10:00:00,1765879210.0,0.0005
2025-12-16 11:00:00,1765882810.0,0.0005
2025-12-16 12:00:00,1765886426.0,0.0005
2025-12-16 13:00:00,1765890010.0,0.0005
2025-12-16 14:00:00,1765893624.0,0.0005
2025-12-16 15:00:00,1765897211.0,0.0005
2025-12-16 16:00:00,1765900827.0,0.0005
2025-12-16 17:00:00,1765904411.0,0.0005
2025-12-16 18:00:00,1765908013.0,0.0005
2025-12-16 19:00:00,1765911611.0,0.0005
2025-12-16 20:00:00,1765915211.0,0.0005
2025-12-16 21:00:00,1765918812.0,0.0005
2025-12-16 22:00:00,1765922410.0,0.0005
2025-12-16 23:00:00,1765926012.0,0.0005
2025-12-17 00:00:00,1765929611.0,0.0005
2025-12-17 01:00:00,1765933211.0,0.0005
2025-12-17 02:00:00,1765936811.0,0.0005
2025-12-17 03:00:00,1765940426.0,0.0005
2025-12-17 04:00:00,1765944011.0,0.0005
2025-12-17 05:00:00,1765947612.0,0.0005
2025-12-17 06:00:00,1765951221.0,0.0005
2025-12-17 07:00:00,1765954813.0,0.0005
2025-12-17 08:00:00,1765958423.0,0.0005
2025-12-17 09:00:00,1765962013.0,0.0005
2025-12-17 10:00:00,1765965612.0,0.0005
2025-12-17 11:00:00,1765969213.0,0.0005
2025-12-17 12:00:00,1765972816.0,0.0005
2025-12-17 13:00:00,1765976411.0,0.0005
2025-12-17 14:00:00,1765980011.0,0.0005
2025-12-17 15:00:00,1765983615.0,0.0005
2025-12-17 16:00:00,1765987212.0,0.0005
2025-12-17 17:00:00,1765990811.0,0.0005
2025-12-17 18:00:00,1765994413.0,0.0005
2025-12-17 19:00:00,1765998014.0,0.0005
2025-12-17 20:00:00,1766001611.0,0.0005
2025-12-17 21:00:00,1766005214.0,0.0005
2025-12-17 22:00:00,1766008811.0,0.0005
2025-12-17 23:00:00,1766012411.0,0.0005
2025-12-18 00:00:00,1766016023.0,0.0005
2025-12-18 01:00:00,1766019609.0,0.0005
2025-12-18 02:00:00,1766023209.0,0.0005
2025-12-18 03:00:00,1766026811.0,0.0005
2025-12-18 04:00:00,1766030409.0,0.0005
2025-12-18 05:00:00,1766034017.0,0.0005
2025-12-18 06:00:00,1766037612.0,0.0005
2025-12-18 07:00:00,1766041210.0,0.0005
2025-12-18 08:00:00,1766044809.0,0.0005
2025-12-18 09:00:00,1766048411.0,0.0005
2025-12-18 10:00:00,1766052019.0,0.0005
2025-12-18 11:00:00,1766055610.0,0.0005
2025-12-18 12:00:00,1766059213.0,0.0005
2025-12-18 13:00:00,1766062812.0,0.0005
2025-12-18 14:00:00,1766066424.0,0.0005
2025-12-18 15:00:00,1766070011.0,0.0005
2025-12-18 16:00:00,1766073619.0,0.0005
2025-12-18 17:00:00,1766077214.0,0.0005
2025-12-18 18:00:00,1766080813.0,0.0005
2025-12-18 19:00:00,1766084414.0,0.0005
2025-12-18 20:00:00,1766088012.0,0.0005
2025-12-18 21:00:00,1766091613.0,0.0005
2025-12-18 22:00:00,1766095213.0,0.0005
2025-12-18 23:00:00,1766098810.0,0.0005
2025-12-19 00:00:00,1766102414.0,0.0005
2025-12-19 01:00:00,1766106011.0,0.0005
2025-12-19 02:00:00,1766109611.0,0.0005
2025-12-19 03:00:00,1766113213.0,0.0005
2025-12-19 04:00:00,1766116812.0,0.0005
2025-12-19 05:00:00,1766120412.0,0.0005
2025-12-19 06:00:00,1766124013.0,0.0005
2025-12-19 07:00:00,1766127612.0,0.0005
2025-12-19 08:00:00,1766131212.0,0.0005
2025-12-19 09:00:00,1766134816.0,0.0005
2025-12-19 10:00:00,1766138411.0,0.0005
2025-12-19 11:00:00,1766142011.0,0.0005
2025-12-19 12:00:00,1766145615.0,0.0005
2025-12-19 13:00:00,1766149212.0,0.0005
2025-12-19 14:00:00,1766152812.0,0.0005
2025-12-19 15:00:00,1766156428.0,0.0005
2025-12-19 16:00:00,1766160027.0,0.0005
2025-12-19 17:00:00,1766163614.0,0.0005
2025-12-19 18:00:00,1766167212.0,0.0005
2025-12-19 19:00:00,1766170810.0,0.0005
2025-12-19 20:00:00,1766174411.0,0.0005
2025-12-19 21:00:00,1766178012.0,0.0005
2025-12-19 22:00:00,1766181610.0,0.0005
2025-12-19 23:00:00,1766185210.0,0.0005
2025-12-20 00:00:00,1766188813.0,0.0005
2025-12-20 01:00:00,1766192412.0,0.0005
2025-12-20 02:00:00,1766196010.0,0.0005
2025-12-20 03:00:00,1766199623.0,0.0005
2025-12-20 04:00:00,1766203211.0,0.0005
2025-12-20 05:00:00,1766206811.0,0.0005
2025-12-20 06:00:00,1766210412.0,0.0005
2025-12-20 07:00:00,1766214011.0,0.0005
2025-12-20 08:00:00,1766217611.0,0.0005
2025-12-20 09:00:00,1766221216.0,0.0005
2025-12-20 10:00:00,1766224811.0,0.0005
2025-12-20 11:00:00,1766228411.0,0.0005
2025-12-20 12:00:00,1766232016.0,0.0005
2025-12-20 13:00:00,1766235611.0,0.0005
2025-12-20 14:00:00,1766239211.0,0.0005
2025-12-20 15:00:00,1766242813.0,0.0005
2025-12-20 16:00:00,1766246412.0,0.0005
2025-12-20 17:00:00,1766250015.0,0.0005
2025-12-20 18:00:00,1766253612.0,0.0005
2025-12-20 19:00:00,1766257213.0,0.0005
2025-12-20 20:00:00,1766260815.0,0.0005
2025-12-20 21:00:00,1766264415.0,0.0005
2025-12-20 22:00:00,1766268013.0,0.0005
2025-12-20 23:00:00,1766271616.0,0.0005
2025-12-21 00:00:00,1766275214.0,0.0005
2025-12-21 01:00:00,1766278811.0,0.0005
2025-12-21 02:00:00,1766282410.0,0.0005
2025-12-21 03:00:00,1766286021.0,0.0005
2025-12-21 04:00:00,1766289619.0,0.0005
2025-12-21 05:00:00,1766293210.0,0.0005
2025-12-21 06:00:00,1766296814.0,0.0005
2025-12-21 07:00:00,1766300410.0,0.0005
2025-12-21 08:00:00,1766304011.0,0.0005
2025-12-21 09:00:00,1766307612.0,0.0005
2025-12-21 10:00:00,1766311210.0,0.0005
2025-12-21 11:00:00,1766314811.0,0.0005
2025-12-21 12:00:00,1766318413.0,0.0005
2025-12-21 13:00:00,1766322011.0,0.0005
2025-12-21 14:00:00,1766325610.0,0.0005
2025-12-21 15:00:00,1766329213.0,0.0005
2025-12-21 16:00:00,1766332810.0,0.0005
2025-12-21 17:00:00,1766336416.0,0.0005
2025-12-21 18:00:00,1766340013.0,0.0005
2025-12-21 19:00:00,1766343611.0,0.0005
2025-12-21 20:00:00,1766347213.0,0.0005
2025-12-21 21:00:00,1766350813.0,0.0005
2025-12-21 22:00:00,1766354410.0,0.0005
2025-12-21 23:00:00,1766358011.0,0.0005
2025-12-22 00:00:00,1766361613.0,0.0005
2025-12-22 01:00:00,1766365211.0,0.0005
2025-12-22 02:00:00,1766368811.0,0.0005
2025-12-22 03:00:00,1766372413.0,0.0005
2025-12-22 04:00:00,1766376017.0,0.0005
2025-12-22 05:00:00,1766379610.0,0.0005
2025-12-22 06:00:00,1766383212.0,0.0005
2025-12-22 07:00:00,1766386811.0,0.0005
2025-12-22 08:00:00,1766390424.0,0.0005
2025-12-22 09:00:00,1766394026.0,0.0005
2025-12-22 10:00:00,1766397611.0,0.0005
2025-12-22 11:00:00,1766401211.0,0.0005
2025-12-22 12:00:00,1766404813.0,0.0005
2025-12-22 13:00:00,1766408410.0,0.0005
2025-12-22 14:00:00,1766412011.0,0.0005
2025-12-22 15:00:00,1766415613.0,0.0005
2025-12-22 16:00:00,1766419210.0,0.0005
2025-12-22 17:00:00,1766422813.0,0.0005
2025-12-22 18:00:00,1766426412.0,0.0005
2025-12-22 19:00:00,1766430012.0,0.0005
2025-12-22 20:00:00,1766433624.0,0.0005
2025-12-22 21:00:00,1766437212.0,0.0005
2025-12-22 22:00:00,1766440823.0,0.0005
2025-12-22 23:00:00,1766444411.0,0.0005
2025-12-23 00:00:00,1766448015.0,0.0005
2025-12-23 01:00:00,1766451612.0,0.0005
2025-12-23 02:00:00,1766455211.0,0.0005
2025-12-23 03:00:00,1766458814.0,0.0005
2025-12-23 04:00:00,1766462424.0,0.0005
2025-12-23 05:00:00,1766466032.0,0.0005
2025-12-23 06:00:00,1766469628.0,0.0005
2025-12-23 07:00:00,1766473212.0,0.0005
2025-12-23 08:00:00,1766476825.0,0.0005
2025-12-23 09:00:00,1766480412.0,0.0005
2025-12-23 10:00:00,1766484011.0,0.0005
2025-12-23 11:00:00,1766487611.0,0.0005
2025-12-23 12:00:00,1766491217.0,0.0005
2025-12-23 13:00:00,1766494812.0,0.0005
2025-12-23 14:00:00,1766498411.0,0.0005
2025-12-23 15:00:00,1766502014.0,0.0005
2025-12-23 16:00:00,1766505611.0,0.0005
2025-12-23 17:00:00,1766509230.0,0.0005
2025-12-23 18:00:00,1766512813.0,0.0005
2025-12-23 19:00:00,1766516412.0,0.0005
2025-12-23 20:00:00,1766520011.0,0.0005
2025-12-23 21:00:00,1766523613.0,0.0005
2025-12-23 22:00:00,1766527213.0,0.0005
2025-12-23 23:00:00,1766530812.0,0.0005
2025-12-24 00:00:00,1766534415.0,0.0005
2025-12-24 01:00:00,1766538013.0,0.0005
2025-12-24 02:00:00,1766541611.0,0.0005
2025-12-24 03:00:00,1766545213.0,0.0005
2025-12-24 04:00:00,1766548812.0,0.0005
2025-12-24 05:00:00,1766552412.0,0.0005
2025-12-24 06:00:00,1766556014.0,0.0005
2025-12-24 07:00:00,1766559612.0,0.0005
2025-12-24 08:00:00,1766563213.0,0.0005
2025-12-24 09:00:00,1766566814.0,0.0005
2025-12-24 10:00:00,1766570413.0,0.0005
2025-12-24 11:00:00,1766574013.0,0.0005
2025-12-24 12:00:00,1766577614.0,0.0005
2025-12-24 13:00:00,1766581212.0,0.0005
2025-12-24 14:00:00,1766584812.0,0.0005
2025-12-24 15:00:00,1766588413.0,0.0005
2025-12-24 16:00:00,1766592011.0,0.0005
2025-12-24 17:00:00,1766595615.0,0.0005
2025-12-24 18:00:00,1766599213.0,0.0005
2025-12-24 19:00:00,1766602813.0,0.0005
2025-12-24 20:00:00,1766606412.0,0.0005
2025-12-24 21:00:00,1766610015.0,0.0005
2025-12-24 22:00:00,1766613612.0,0.0005
2025-12-24 23:00:00,1766617211.0,0.0005
2025-12-25 00:00:00,1766620825.0,0.0005
2025-12-25 01:00:00,1766624411.0,0.0005
2025-12-25 02:00:00,1766628012.0,0.0005
2025-12-25 03:00:00,1766631614.0,0.0005
2025-12-25 04:00:00,1766635212.0,0.0005
2025-12-25 05:00:00,1766638812.0,0.0005
2025-12-25 06:00:00,1766642414.0,0.0005
2025-12-25 07:00:00,1766646012.0,0.0005
2025-12-25 08:00:00,1766649613.0,0.0005
2025-12-25 09:00:00,1766653213.0,0.0005
2025-12-25 10:00:00,1766656811.0,0.0005
2025-12-25 11:00:00,1766660411.0,0.0005
2025-12-25 12:00:00,1766664015.0,0.0005
2025-12-25 13:00:00,1766667612.0,0.0005
2025-12-25 14:00:00,1766671212.0,0.0005
2025-12-25 15:00:00,1766674813.0,0.0005
2025-12-25 16:00:00,1766678412.0,0.0005
2025-12-25 17:00:00,1766682017.0,0.0005
2025-12-25 18:00:00,1766685615.0,0.0005
2025-12-25 19:00:00,1766689212.0,0.0005
2025-12-25 20:00:00,1766692814.0,0.0005
2025-12-25 21:00:00,1766696413.0,0.0005
2025-12-25 22:00:00,1766700014.0,0.0005
2025-12-25 23:00:00,1766703612.0,0.0005
2025-12-26 00:00:00,1766707211.0,0.0005
2025-12-26 01:00:00,1766710809.0,0.0005
2025-12-26 02:00:00,1766714409.0,0.0005
2025-12-26 03:00:00,1766718010.0,0.0005
2025-12-26 04:00:00,1766721610.0,0.0005
2025-12-26 05:00:00,1766725211.0,0.0005
2025-12-26 06:00:00,1766728810.0,0.0005
2025-12-26 07:00:00,1766732409.0,0.0005
2025-12-26 08:00:00,1766736010.0,0.0005
2025-12-26 09:00:00,1766739610.0,0.0005
2025-12-26 10:00:00,1766743210.0,0.0005
2025-12-26 11:00:00,1766746811.0,0.0005
2025-12-26 12:00:00,1766750414.0,0.0005
2025-12-26 13:00:00,1766754010.0,0.0005
2025-12-26 14:00:00,1766757610.0,0.0005
2025-12-26 15:00:00,1766761212.0,0.0005
2025-12-26 16:00:00,1766764810.0,0.0005
2025-12-26 17:00:00,1766768415.0,0.0005
2025-12-26 18:00:00,1766772011.0,0.0005
2025-12-26 19:00:00,1766775611.0,0.0005
2025-12-26 20:00:00,1766779211.0,0.0005
2025-12-26 21:00:00,1766782813.0,0.0005
2025-12-26 22:00:00,1766786411.0,0.0005
2025-12-26 23:00:00,1766790010.0,0.0005
2025-12-27 00:00:00,1766793615.0,0.0005
2025-12-27 01:00:00,1766797211.0,0.0005
2025-12-27 02:00:00,1766800811.0,0.0005
2025-12-27 03:00:00,1766804413.0,0.0005
2025-12-27 04:00:00,1766808013.0,0.0005
2025-12-27 05:00:00,1766811613.0,0.0005
2025-12-27 06:00:00,1766815212.0,0.0005
2025-12-27 07:00:00,1766818822.0,0.0005
2025-12-27 08:00:00,1766822412.0,0.0005
2025-12-27 09:00:00,1766826013.0,0.0005
2025-12-27 10:00:00,1766829612.0,0.0005
2025-12-27 11:00:00,1766833214.0,0.0005
2025-12-27 12:00:00,1766836815.0,0.0005
2025-12-27 13:00:00,1766840412.0,0.0005
2025-12-27 14:00:00,1766844013.0,0.0005
2025-12-27 15:00:00,1766847613.0,0.0005
2025-12-27 16:00:00,1766851212.0,0.0005
2025-12-27 17:00:00,1766854812.0,0.0005
2025-12-27 18:00:00,1766858414.0,0.0005
2025-12-27 19:00:00,1766862012.0,0.0005
2025-12-27 20:00:00,1766865612.0,0.0005
2025-12-27 21:00:00,1766869213.0,0.0005
2025-12-27 22:00:00,1766872813.0,0.0005
2025-12-27 23:00:00,1766876412.0,0.0005
2025-12-28 00:00:00,1766880015.0,0.0005
2025-12-28 01:00:00,1766883686.0,0.0005
2025-12-28 02:00:00,1766887212.0,0.0005
2025-12-28 03:00:00,1766890813.0,0.0005
2025-12-28 04:00:00,1766894412.0,0.0005
2025-12-28 05:00:00,1766898012.0,0.0005
2025-12-28 06:00:00,1766901613.0,0.0005
2025-12-28 07:00:00,1766905212.0,0.0005
2025-12-28 08:00:00,1766908813.0,0.0005
2025-12-28 09:00:00,1766912413.0,0.0005
2025-12-28 10:00:00,1766916013.0,0.0005
2025-12-28 11:00:00,1766919612.0,0.0005
2025-12-28 12:00:00,1766923215.0,0.0005
2025-12-28 13:00:00,1766926811.0,0.0005
2025-12-28 14:00:00,1766930412.0,0.0005
2025-12-28 15:00:00,1766934023.0,0.0005
2025-12-28 16:00:00,1766937627.0,0.0005
2025-12-28 17:00:00,1766941215.0,0.0005
2025-12-28 18:00:00,1766944814.0,0.0005
2025-12-28 19:00:00,1766948412.0,0.0005
2025-12-28 20:00:00,1766952026.0,0.0005
2025-12-28 21:00:00,1766955615.0,0.0005
2025-12-28 22:00:00,1766959213.0,0.0005
2025-12-28 23:00:00,1766962814.0,0.0005
2025-12-29 00:00:00,1766966431.0,0.0005
2025-12-29 01:00:00,1766970086.0,0.0005
2025-12-29 02:00:00,1766973613.0,0.0005
2025-12-29 03:00:00,1766977227.0,0.0005
2025-12-29 04:00:00,1766980812.0,0.0005
2025-12-29 05:00:00,1766984421.0,0.0005
2025-12-29 06:00:00,1766988014.0,0.0005
2025-12-29 07:00:00,1766991615.0,0.0005
2025-12-29 08:00:00,1766995221.0,0.0005
2025-12-29 09:00:00,1766998813.0,0.0005
2025-12-29 10:00:00,1767002414.0,0.0005
2025-12-29 11:00:00,1767006014.0,0.0005
2025-12-29 12:00:00,1767009615.0,0.0005
2025-12-29 13:00:00,1767013213.0,0.0005
2025-12-29 14:00:00,1767016812.0,0.0005
2025-12-29 15:00:00,1767020413.0,0.0005
2025-12-29 16:00:00,1767024011.0,0.0005
2025-12-29 17:00:00,1767027613.0,0.0005
2025-12-29 18:00:00,1767031212.0,0.0005
2025-12-29 19:00:00,1767034814.0,0.0005
2025-12-29 20:00:00,1767038412.0,0.0005
2025-12-29 21:00:00,1767042013.0,0.0005
2025-12-29 22:00:00,1767045613.0,0.0005
2025-12-29 23:00:00,1767049223.0,0.0005
2025-12-30 00:00:00,1767052818.0,0.0005
2025-12-30 01:00:00,1767056412.0,0.0005
2025-12-30 02:00:00,1767060012.0,0.0005
2025-12-30 03:00:00,1767063614.0,0.0005
2025-12-30 04:00:00,1767067212.0,0.0005
2025-12-30 05:00:00,1767070821.0,0.0005
2025-12-30 06:00:00,1767074413.0,0.0005
2025-12-30 07:00:00,1767078017.0,0.0005
2025-12-30 08:00:00,1767081613.0,0.0005
2025-12-30 09:00:00,1767085215.0,0.0005
2025-12-30 10:00:00,1767088812.0,0.0005
2025-12-30 11:00:00,1767092414.0,0.0005
2025-12-30 12:00:00,1767096017.0,0.0005
2025-12-30 13:00:00,1767099612.0,0.0005
2025-12-30 14:00:00,1767103212.0,0.0005
2025-12-30 15:00:00,1767106814.0,0.0005
2025-12-30 16:00:00,1767110413.0,0.0005
2025-12-30 17:00:00,1767114016.0,0.0005
2025-12-30 18:00:00,1767117618.0,0.0005
2025-12-30 19:00:00,1767121212.0,0.0005
2025-12-30 20:00:00,1767124824.0,0.0005
2025-12-30 21:00:00,1767128413.0,0.0005
2025-12-30 22:00:00,1767132013.0,0.0005
2025-12-30 23:00:00,1767135613.0,0.0005
2025-12-31 00:00:00,1767139215.0,0.0005
2025-12-31 01:00:00,1767142813.0,0.0005
2025-12-31 02:00:00,1767146413.0,0.0005
2025-12-31 03:00:00,1767150015.0,0.0005
2025-12-31 04:00:00,1767153625.0,0.0005
2025-12-31 05:00:00,1767157212.0,0.0005
2025-12-31 06:00:00,1767160814.0,0.0005
2025-12-31 07:00:00,1767164412.0,0.0005
2025-12-31 08:00:00,1767168015.0,0.0005
2025-12-31 09:00:00,1767171614.0,0.0005
2025-12-31 10:00:00,1767175213.0,0.0005
2025-12-31 11:00:00,1767178824.0,0.0005
2025-12-31 12:00:00,1767182415.0,0.0005
2025-12-31 13:00:00,1767186013.0,0.0005
2025-12-31 14:00:00,1767189614.0,0.0005
2025-12-31 15:00:00,1767193214.0,0.0005
2025-12-31 16:00:00,1767196815.0,0.0005
2025-12-31 17:00:00,1767200417.0,0.0005
2025-12-31 18:00:00,1767204015.0,0.0005
2025-12-31 19:00:00,1767207642.0,0.0005
2025-12-31 20:00:00,1767211214.0,0.0005
2025-12-31 21:00:00,1767214815.0,0.0005
2025-12-31 22:00:00,1767218414.0,0.0005
2025-12-31 23:00:00,1767222013.0,0.0005
2026-01-01 00:00:00,1767225615.0,0.0005
2026-01-01 01:00:00,1767229213.0,0.0005
2026-01-01 02:00:00,1767232813.0,0.0005
2026-01-01 03:00:00,1767236414.0,0.0005
2026-01-01 04:00:00,1767240028.0,0.0005
2026-01-01 05:00:00,1767243613.0,0.0005
2026-01-01 06:00:00,1767247215.0,0.0005
2026-01-01 07:00:00,1767250812.0,0.0005
2026-01-01 08:00:00,1767254411.0,0.0005
2026-01-01 09:00:00,1767258014.0,0.0005
2026-01-01 10:00:00,1767261613.0,0.0005
2026-01-01 11:00:00,1767265211.0,0.0005
2026-01-01 12:00:00,1767268817.0,0.0005
2026-01-01 13:00:00,1767272430.0,0.0005
2026-01-01 14:00:00,1767276011.0,0.0005
2026-01-01 15:00:00,1767279614.0,0.0005
2026-01-01 16:00:00,1767283211.0,0.0005
2026-01-01 17:00:00,1767286814.0,0.0005
2026-01-01 18:00:00,1767290414.0,0.0005
2026-01-01 19:00:00,1767294011.0,0.0005
2026-01-01 20:00:00,1767297624.0,0.0005
2026-01-01 21:00:00,1767301212.0,0.0005
2026-01-01 22:00:00,1767304821.0,0.0005
2026-01-01 23:00:00,1767308412.0,0.0005
2026-01-02 00:00:00,1767312015.0,0.0005
2026-01-02 01:00:00,1767315612.0,0.0005
2026-01-02 02:00:00,1767319212.0,0.0005
2026-01-02 03:00:00,1767322824.0,0.0005
2026-01-02 04:00:00,1767326411.0,0.0005
2026-01-02 05:00:00,1767330013.0,0.0005
2026-01-02 06:00:00,1767333612.0,0.0005
2026-01-02 07:00:00,1767337212.0,0.0005
2026-01-02 08:00:00,1767340814.0,0.0005
2026-01-02 09:00:00,1767344413.0,0.0005
2026-01-02 10:00:00,1767348014.0,0.0005
2026-01-02 11:00:00,1767351613.0,0.0005
2026-01-02 12:00:00,1767355215.0,0.0005
2026-01-02 13:00:00,1767358812.0,0.0005
2026-01-02 14:00:00,1767362412.0,0.0005
2026-01-02 15:00:00,1767366015.0,0.0005
2026-01-02 16:00:00,1767369613.0,0.0005
2026-01-02 17:00:00,1767373215.0,0.0005
2026-01-02 18:00:00,1767376828.0,0.0005
2026-01-02 19:00:00,1767380413.0,0.0005
2026-01-02 20:00:00,1767384014.0,0.0005
2026-01-02 21:00:00,1767387614.0,0.0005
2026-01-02 22:00:00,1767391214.0,0.0005
2026-01-02 23:00:00,1767394813.0,0.0005
2026-01-03 00:00:00,1767398414.0,0.0005
2026-01-03 01:00:00,1767402085.0,0.0005
2026-01-03 02:00:00,1767405610.0,0.0005
2026-01-03 03:00:00,1767409212.0,0.0005
2026-01-03 04:00:00,1767412813.0,0.0005
2026-01-03 05:00:00,1767416423.0,0.0005
2026-01-03 06:00:00,1767420022.0,0.0005
2026-01-03 07:00:00,1767423611.0,0.0005
2026-01-03 08:00:00,1767427210.0,0.0005
2026-01-03 09:00:00,1767430825.0,0.0005
2026-01-03 10:00:00,1767434411.0,0.0005
2026-01-03 11:00:00,1767438012.0,0.0005
2026-01-03 12:00:00,1767441615.0,0.0005
2026-01-03 13:00:00,1767445211.0,0.0005
2026-01-03 14:00:00,1767448812.0,0.0005
2026-01-03 15:00:00,1767452428.0,0.0005
2026-01-03 16:00:00,1767456012.0,0.0005
2026-01-03 17:00:00,1767459615.0,0.0005
2026-01-03 18:00:00,1767463213.0,0.0005
2026-01-03 19:00:00,1767466812.0,0.0005
2026-01-03 20:00:00,1767470414.0,0.0005
2026-01-03 21:00:00,1767474014.0,0.0005
2026-01-03 22:00:00,1767477612.0,0.0005
2026-01-03 23:00:00,1767481211.0,0.0005
2026-01-04 00:00:00,1767484815.0,0.0005
2026-01-04 01:00:00,1767488413.0,0.0005
2026-01-04 02:00:00,1767492012.0,0.0005
2026-01-04 03:00:00,1767495627.0,0.0005
2026-01-04 04:00:00,1767499214.0,0.0005
2026-01-04 05:00:00,1767502811.0,0.0005
2026-01-04 06:00:00,1767506413.0,0.0005
2026-01-04 07:00:00,1767510013.0,0.0005
2026-01-04 08:00:00,1767513612.0,0.0005
2026-01-04 09:00:00,1767517213.0,0.0005
2026-01-04 10:00:00,1767520811.0,0.0005
2026-01-04 11:00:00,1767524418.0,0.0005
2026-01-04 12:00:00,1767528017.0,0.0005
2026-01-04 13:00:00,1767531612.0,0.0005
2026-01-04 14:00:00,1767535213.0,0.0005
2026-01-04 15:00:00,1767538819.0,0.0005
2026-01-04 16:00:00,1767542421.0,0.0005
2026-01-04 17:00:00,1767546014.0,0.0005
2026-01-04 18:00:00,1767549615.0,0.0005
2026-01-04 19:00:00,1767553212.0,0.0005
2026-01-04 20:00:00,1767556830.0,0.0005
2026-01-04 21:00:00,1767560416.0,0.0005
2026-01-04 22:00:00,1767564013.0,0.0005
2026-01-04 23:00:00,1767567612.0,0.0005
2026-01-05 00:00:00,1767571217.0,0.0005
2026-01-05 01:00:00,1767574812.0,0.0005
2026-01-05 02:00:00,1767578412.0,0.0005
2026-01-05 03:00:00,1767582014.0,0.0005
2026-01-05 04:00:00,1767585612.0,0.0005
2026-01-05 05:00:00,1767589226.0,0.0005
2026-01-05 06:00:00,1767592814.0,0.0005
2026-01-05 07:00:00,1767596413.0,0.0005
2026-01-05 08:00:00,1767600013.0,0.0005
2026-01-05 09:00:00,1767603619.0,0.0005
2026-01-05 10:00:00,1767607212.0,0.0005
2026-01-05 11:00:00,1767610811.0,0.0005
2026-01-05 12:00:00,1767614415.0,0.0005
2026-01-05 13:00:00,1767618012.0,0.0005
2026-01-05 14:00:00,1767621612.0,0.0005
2026-01-05 15:00:00,1767625215.0,0.0005
2026-01-05 16:00:00,1767628813.0,0.0005
2026-01-05 17:00:00,1767632425.0,0.0005
2026-01-05 18:00:00,1767636015.0,0.0005
2026-01-05 19:00:00,1767639613.0,0.0005
2026-01-05 20:00:00,1767643212.0,0.0005
2026-01-05 21:00:00,1767646815.0,0.0005
2026-01-05 22:00:00,1767650430.0,0.0005
2026-01-05 23:00:00,1767654013.0,0.0005
2026-01-06 00:00:00,1767657619.0,0.0005
2026-01-06 01:00:00,1767661219.0,0.0005
2026-01-06 02:00:00,1767664814.0,0.0005
2026-01-06 03:00:00,1767668414.0,0.0005
2026-01-06 04:00:00,1767672016.0,0.0005
2026-01-06 05:00:00,1767675613.0,0.0005
2026-01-06 06:00:00,1767679218.0,0.0005
2026-01-06 07:00:00,1767682817.0,0.0005
2026-01-06 08:00:00,1767686417.0,0.0005
2026-01-06 09:00:00,1767690016.0,0.0005
2026-01-06 10:00:00,1767693613.0,0.0005
2026-01-06 11:00:00,1767697218.0,0.0005
2026-01-06 12:00:00,1767700816.0,0.0005
2026-01-06 13:00:00,1767704424.0,0.0005
2026-01-06 14:00:00,1767708014.0,0.0005
2026-01-06 15:00:00,1767711620.0,0.0005
2026-01-06 16:00:00,1767715213.0,0.0005
2026-01-06 17:00:00,1767718817.0,0.0005
2026-01-06 18:00:00,1767722415.0,0.0005
2026-01-06 19:00:00,1767726013.0,0.0005
2026-01-06 20:00:00,1767729614.0,0.0005
2026-01-06 21:00:00,1767733214.0,0.0005
2026-01-06 22:00:00,1767736813.0,0.0005
2026-01-06 23:00:00,1767740425.0,0.0005
2026-01-07 00:00:00,1767744016.0,0.0005
2026-01-07 01:00:00,1767747613.0,0.0005
2026-01-07 02:00:00,1767751214.0,0.0005
2026-01-07 03:00:00,1767754816.0,0.0005
2026-01-07 04:00:00,1767758413.0,0.0005
2026-01-07 05:00:00,1767762014.0,0.0005
2026-01-07 06:00:00,1767765619.0,0.0005
2026-01-07 07:00:00,1767769214.0,0.0005
2026-01-07 08:00:00,1767772815.0,0.0005
2026-01-07 09:00:00,1767776416.0,0.0015
2026-01-07 10:00:00,1767780019.0,0.0015
2026-01-07 11:00:00,1767783613.0,0.0015
2026-01-07 12:00:00,1767787220.0,0.0015
2026-01-07 13:00:00,1767790814.0,0.0015
2026-01-07 14:00:00,1767794413.0,0.0015
2026-01-07 15:00:00,1767798018.0,0.0015
2026-01-07 16:00:00,1767801614.0,0.0005
2026-01-07 17:00:00,1767805219.0,0.0005
2026-01-07 18:00:00,1767808815.0,0.0005
2026-01-07 19:00:00,1767812416.0,0.0005
2026-01-07 20:00:00,1767816015.0,0.0005
2026-01-07 21:00:00,1767819621.0,0.0005
2026-01-07 22:00:00,1767823218.0,0.0005
2026-01-07 23:00:00,1767826814.0,0.0005
2026-01-08 00:00:00,1767830432.0,0.0005
2026-01-08 01:00:00,1767834028.0,0.0005
2026-01-08 02:00:00,1767837614.0,0.0005
2026-01-08 03:00:00,1767841215.0,0.0005
2026-01-08 04:00:00,1767844814.0,0.0005
2026-01-08 05:00:00,1767848414.0,0.0005
2026-01-08 06:00:00,1767852015.0,0.0005
2026-01-08 07:00:00,1767855614.0,0.0005
2026-01-08 08:00:00,1767859224.0,0.0005
2026-01-08 09:00:00,1767862815.0,0.0005
2026-01-08 10:00:00,1767866425.0,0.0005
2026-01-08 11:00:00,1767870014.0,0.0005
2026-01-08 12:00:00,1767873628.0,0.0005
2026-01-08 13:00:00,1767877213.0,0.0005
2026-01-08 14:00:00,1767880818.0,0.0005
2026-01-08 15:00:00,1767884415.0,0.0005
2026-01-08 16:00:00,1767888029.0,0.0005
2026-01-08 17:00:00,1767891619.0,0.0005
2026-01-08 18:00:00,1767895215.0,0.0005
2026-01-08 19:00:00,1767898815.0,0.0005
2026-01-08 20:00:00,1767902415.0,0.0005
2026-01-08 21:00:00,1767906017.0,0.0005
2026-01-08 22:00:00,1767909617.0,0.0005
2026-01-08 23:00:00,1767913216.0,0.0005
2026-01-09 00:00:00,1767916817.0,0.0005
2026-01-09 01:00:00,1767920414.0,0.0005
2026-01-09 02:00:00,1767924014.0,0.0005
2026-01-09 03:00:00,1767927617.0,0.0005
2026-01-09 04:00:00,1767931214.0,0.0005
2026-01-09 05:00:00,1767934814.0,0.0005
2026-01-09 06:00:00,1767938417.0,0.0005
2026-01-09 07:00:00,1767942014.0,0.0005
2026-01-09 08:00:00,1767945615.0,0.0005
2026-01-09 09:00:00,1767949216.0,0.0005
2026-01-09 10:00:00,1767952816.0,0.0005
2026-01-09 11:00:00,1767956414.0,0.0005
2026-01-09 12:00:00,1767960031.0,0.0005
2026-01-09 13:00:00,1767963615.0,0.0005
2026-01-09 14:00:00,1767967215.0,0.0005
2026-01-09 15:00:00,1767970817.0,0.0005
2026-01-09 16:00:00,1767974417.0,0.0005
2026-01-09 17:00:00,1767978018.0,0.0005
2026-01-09 18:00:00,1767981618.0,0.0005
2026-01-09 19:00:00,1767985216.0,0.0005
2026-01-09 20:00:00,1767988827.0,0.0005
2026-01-09 21:00:00,1767992417.0,0.0005
2026-01-09 22:00:00,1767996016.0,0.0005
2026-01-09 23:00:00,1767999614.0,0.0005
2026-01-10 00:00:00,1768003217.0,0.0005
2026-01-10 01:00:00,1768006816.0,0.0005
2026-01-10 02:00:00,1768010414.0,0.0005
2026-01-10 03:00:00,1768014016.0,0.0005
2026-01-10 04:00:00,1768017614.0,0.0005
2026-01-10 05:00:00,1768021214.0,0.0005
2026-01-10 06:00:00,1768024818.0,0.0005
2026-01-10 07:00:00,1768028414.0,0.0005
2026-01-10 08:00:00,1768032029.0,0.0005
2026-01-10 09:00:00,1768035618.0,0.0005
2026-01-10 10:00:00,1768039216.0,0.0005
2026-01-10 11:00:00,1768042816.0,0.0015
2026-01-10 12:00:00,1768046419.0,0.0015
2026-01-10 13:00:00,1768050016.0,0.0015
2026-01-10 14:00:00,1768053619.0,0.0005
2026-01-10 15:00:00,1768057217.0,0.0005
2026-01-10 16:00:00,1768060827.0,0.0005
2026-01-10 17:00:00,1768064418.0,0.0005
2026-01-10 18:00:00,1768068019.0,0.0005
2026-01-10 19:00:00,1768071615.0,0.001
2026-01-10 20:00:00,1768075215.0,0.001
2026-01-10 21:00:00,1768078821.0,0.001
2026-01-10 22:00:00,1768082416.0,0.001
2026-01-10 23:00:00,1768086027.0,0.001
2026-01-11 00:00:00,1768089616.0,0.001
2026-01-11 01:00:00,1768093214.0,0.001
2026-01-11 02:00:00,1768096827.0,0.001
2026-01-11 03:00:00,1768100415.0,0.001
2026-01-11 04:00:00,1768104015.0,0.0015
2026-01-11 05:00:00,1768107611.0,0.001
2026-01-11 06:00:00,1768111215.0,0.001
2026-01-11 07:00:00,1768114814.0,0.001
2026-01-11 08:00:00,1768118414.0,0.001
2026-01-11 09:00:00,1768122013.0,0.0015
2026-01-11 10:00:00,1768125611.0,0.001
2026-01-11 11:00:00,1768129223.0,0.0005
2026-01-11 12:00:00,1768132815.0,0.0005
2026-01-11 13:00:00,1768136413.0,0.0005
2026-01-11 14:00:00,1768140013.0,0.0005
2026-01-11 15:00:00,1768143624.0,0.0005
2026-01-11 16:00:00,1768147212.0,0.0005
2026-01-11 17:00:00,1768150825.0,0.0005
2026-01-11 18:00:00,1768154418.0,0.0005
2026-01-11 19:00:00,1768158015.0,0.0005
2026-01-11 20:00:00,1768161616.0,0.0005
2026-01-11 21:00:00,1768165234.0,0.0005
2026-01-11 22:00:00,1768168816.0,0.0005
2026-01-11 23:00:00,1768172414.0,0.0005
2026-01-12 00:00:00,1768176017.0,0.0005
2026-01-12 01:00:00,1768179614.0,0.0005
2026-01-12 02:00:00,1768183224.0,0.0005
2026-01-12 03:00:00,1768186831.0,0.0005
2026-01-12 04:00:00,1768190415.0,0.0005
2026-01-12 05:00:00,1768194014.0,0.001
2026-01-12 06:00:00,1768197615.0,0.001
2026-01-12 07:00:00,1768201215.0,0.0005
2026-01-12 08:00:00,1768204815.0,0.0005
2026-01-12 09:00:00,1768208415.0,0.0005
2026-01-12 10:00:00,1768212013.0,0.0005
2026-01-12 11:00:00,1768215624.0,0.0005
2026-01-12 12:00:00,1768219222.0,0.0005
2026-01-12 13:00:00,1768222815.0,0.0005
2026-01-12 14:00:00,1768226413.0,0.0005
2026-01-12 15:00:00,1768230018.0,0.0005
2026-01-12 16:00:00,1768233613.0,0.0005
2026-01-12 17:00:00,1768237214.0,0.0005
2026-01-12 18:00:00,1768240842.0,0.0005
2026-01-12 19:00:00,1768244414.0,0.0005
2026-01-12 20:00:00,1768248017.0,0.0005
2026-01-12 21:00:00,1768251619.0,0.0005
2026-01-12 22:00:00,1768255242.0,0.0005
2026-01-12 23:00:00,1768258819.0,0.0005
2026-01-13 00:00:00,1768262418.0,0.0005
2026-01-13 01:00:00,1768266087.0,0.0005
2026-01-13 02:00:00,1768269614.0,0.0005
2026-01-13 03:00:00,1768273218.0,0.0005
2026-01-13 04:00:00,1768276815.0,0.0005
2026-01-13 05:00:00,1768280414.0,0.0005
2026-01-13 06:00:00,1768284017.0,0.0005
2026-01-13 07:00:00,1768287628.0,0.0005
2026-01-13 08:00:00,1768291228.0,0.0005
2026-01-13 09:00:00,1768294820.0,0.0005
2026-01-13 10:00:00,1768298415.0,0.0005
2026-01-13 11:00:00,1768302015.0,0.0005
2026-01-13 12:00:00,1768305621.0,0.0005
2026-01-13 13:00:00,1768309259.0,0.0005
2026-01-13 14:00:00,1768312829.0,0.0005
2026-01-13 15:00:00,1768316417.0,0.0005
2026-01-13 16:00:00,1768320025.0,0.0005
2026-01-13 17:00:00,1768323618.0,0.0005
2026-01-13 18:00:00,1768327218.0,0.0005
2026-01-13 19:00:00,1768330855.0,0.0005
2026-01-13 20:00:00,1768334415.0,0.0005
2026-01-13 21:00:00,1768338018.0,0.0005
2026-01-13 22:00:00,1768341616.0,0.0005
2026-01-13 23:00:00,1768345216.0,0.0005
2026-01-14 00:00:00,1768348818.0,0.0005
2026-01-14 01:00:00,1768352415.0,0.0005
2026-01-14 02:00:00,1768356016.0,0.0005
2026-01-14 03:00:00,1768359618.0,0.0005
2026-01-14 04:00:00,1768363217.0,0.0005
2026-01-14 05:00:00,1768366818.0,0.0005
2026-01-14 06:00:00,1768370418.0,0.0005
2026-01-14 07:00:00,1768374017.0,0.0005
2026-01-14 08:00:00,1768377631.0,0.0005
2026-01-14 09:00:00,1768381217.0,0.0005
2026-01-14 10:00:00,1768384815.0,0.0005
2026-01-14 11:00:00,1768388415.0,0.0005
2026-01-14 12:00:00,1768392019.0,0.0005
2026-01-14 13:00:00,1768395617.0,0.0005
2026-01-14 14:00:00,1768399215.0,0.0005
2026-01-14 15:00:00,1768402827.0,0.0005
2026-01-14 16:00:00,1768406429.0,0.0005
2026-01-14 17:00:00,1768410019.0,0.0005
2026-01-14 18:00:00,1768413619.0,0.0005
2026-01-14 19:00:00,1768417216.0,0.0005
2026-01-14 20:00:00,1768420816.0,0.0005
2026-01-14 21:00:00,1768424420.0,0.0005
2026-01-14 22:00:00,1768428018.0,0.0005
2026-01-14 23:00:00,1768431616.0,0.0005
2026-01-15 00:00:00,1768435219.0,0.0005
2026-01-15 01:00:00,1768438815.0,0.0005
2026-01-15 02:00:00,1768442416.0,0.0005
2026-01-15 03:00:00,1768446025.0,0.0005
2026-01-15 04:00:00,1768449617.0,0.0005
2026-01-15 05:00:00,1768453215.0,0.0005
2026-01-15 06:00:00,1768456818.0,0.0005
2026-01-15 07:00:00,1768460416.0,0.0005
2026-01-15 08:00:00,1768464015.0,0.0005
2026-01-15 09:00:00,1768467621.0,0.0005
2026-01-15 10:00:00,1768471216.0,0.0005
2026-01-15 11:00:00,1768474816.0,0.0005
2026-01-15 12:00:00,1768478419.0,0.0005
2026-01-15 13:00:00,1768482017.0,0.0005
2026-01-15 14:00:00,1768485616.0,0.0005
2026-01-15 15:00:00,1768489218.0,0.0005
2026-01-15 16:00:00,1768492816.0,0.0005
2026-01-15 17:00:00,1768496421.0,0.0005
2026-01-15 18:00:00,1768500022.0,0.0005
2026-01-15 19:00:00,1768503621.0,0.0005
2026-01-15 20:00:00,1768507219.0,0.0005
2026-01-15 21:00:00,1768510822.0,0.0005
2026-01-15 22:00:00,1768514417.0,0.0005
2026-01-15 23:00:00,1768518018.0,0.0005
2026-01-16 00:00:00,1768521622.0,0.001
2026-01-16 01:00:00,1768525220.0,0.001
2026-01-16 02:00:00,1768528818.0,0.001
2026-01-16 03:00:00,1768532422.0,0.001
2026-01-16 04:00:00,1768536017.0,0.0005
2026-01-16 05:00:00,1768539616.0,0.0005
2026-01-16 06:00:00,1768543219.0,0.0005
2026-01-16 07:00:00,1768546817.0,0.0005
2026-01-16 08:00:00,1768550417.0,0.0005
2026-01-16 09:00:00,1768554018.0,0.0005
2026-01-16 10:00:00,1768557616.0,0.0005
2026-01-16 11:00:00,1768561216.0,0.0005
2026-01-16 12:00:00,1768564820.0,0.0005
2026-01-16 13:00:00,1768568417.0,0.0005
2026-01-16 14:00:00,1768572017.0,0.0005
2026-01-16 15:00:00,1768575618.0,0.0005
2026-01-16 16:00:00,1768579216.0,0.0005
2026-01-16 17:00:00,1768582818.0,0.0005
2026-01-16 18:00:00,1768586419.0,0.0005
2026-01-16 19:00:00,1768590019.0,0.0005
2026-01-16 20:00:00,1768593617.0,0.0005
2026-01-16 21:00:00,1768597222.0,0.0005
2026-01-16 22:00:00,1768600830.0,0.0005
2026-01-16 23:00:00,1768604417.0,0.0005
2026-01-17 00:00:00,1768608020.0,0.0005
2026-01-17 01:00:00,1768611617.0,0.0005
2026-01-17 02:00:00,1768615217.0,0.0005
2026-01-17 03:00:00,1768618820.0,0.0005
2026-01-17 04:00:00,1768622416.0,0.0005
2026-01-17 05:00:00,1768626017.0,0.0005
2026-01-17 06:00:00,1768629619.0,0.0005
2026-01-17 07:00:00,1768633218.0,0.0005
2026-01-17 08:00:00,1768636816.0,0.0005
2026-01-17 09:00:00,1768640419.0,0.0005
2026-01-17 10:00:00,1768644030.0,0.0005
2026-01-17 11:00:00,1768647616.0,0.0005
2026-01-17 12:00:00,1768651224.0,0.0005
2026-01-17 13:00:00,1768654818.0,0.0005
2026-01-17 14:00:00,1768658430.0,0.0005
2026-01-17 15:00:00,1768662022.0,0.0005
2026-01-17 16:00:00,1768665616.0,0.0005
2026-01-17 17:00:00,1768669230.0,0.0005
2026-01-17 18:00:00,1768672821.0,0.0005
2026-01-17 19:00:00,1768676418.0,0.0005
2026-01-17 20:00:00,1768680029.0,0.0005
2026-01-17 21:00:00,1768683632.0,0.0005
2026-01-17 22:00:00,1768687217.0,0.0005
2026-01-17 23:00:00,1768690817.0,0.0005
2026-01-18 00:00:00,1768694427.0,0.0005
2026-01-18 01:00:00,1768698016.0,0.0005
2026-01-18 02:00:00,1768701648.0,0.0005
2026-01-18 03:00:00,1768705220.0,0.0005
2026-01-18 04:00:00,1768708819.0,0.0005
2026-01-18 05:00:00,1768712427.0,0.0005
2026-01-18 06:00:00,1768716046.0,0.0005
2026-01-18 07:00:00,1768719615.0,0.0005
2026-01-18 08:00:00,1768723240.0,0.0005
2026-01-18 09:00:00,1768726817.0,0.0005
2026-01-18 10:00:00,1768730415.0,0.0005
2026-01-18 11:00:00,1768734018.0,0.0005
2026-01-18 12:00:00,1768737635.0,0.0005
2026-01-18 13:00:00,1768741229.0,0.0005
2026-01-18 14:00:00,1768744817.0,0.0005
2026-01-18 15:00:00,1768748418.0,0.0005
2026-01-18 16:00:00,1768752015.0,0.0005
2026-01-18 17:00:00,1768755635.0,0.0005
2026-01-18 18:00:00,1768759234.0,0.0005
2026-01-18 19:00:00,1768762816.0,0.0005
2026-01-18 20:00:00,1768766419.0,0.0005
2026-01-18 21:00:00,1768770018.0,0.0005
2026-01-18 22:00:00,1768773616.0,0.0005
2026-01-18 23:00:00,1768777218.0,0.0005
2026-01-19 00:00:00,1768780816.0,0.0005
2026-01-19 01:00:00,1768784508.0,0.0005
2026-01-19 02:00:00,1768788024.0,0.0005
2026-01-19 03:00:00,1768791616.0,0.0005
2026-01-19 04:00:00,1768795219.0,0.0005
2026-01-19 05:00:00,1768798824.0,0.0005
2026-01-19 06:00:00,1768802416.0,0.0005
2026-01-19 07:00:00,1768806025.0,0.0005
2026-01-19 08:00:00,1768809625.0,0.0005
2026-01-19 09:00:00,1768813217.0,0.0005
2026-01-19 10:00:00,1768816813.0,0.0005
2026-01-19 11:00:00,1768820424.0,0.0005
2026-01-19 12:00:00,1768824019.0,0.0005
2026-01-19 13:00:00,1768827613.0,0.0005
2026-01-19 14:00:00,1768831212.0,0.0005
2026-01-19 15:00:00,1768834817.0,0.0005
2026-01-19 16:00:00,1768838414.0,0.0005
2026-01-19 17:00:00,1768842028.0,0.0005
2026-01-19 18:00:00,1768845618.0,0.0005
2026-01-19 19:00:00,1768849216.0,0.0005
2026-01-19 20:00:00,1768852819.0,0.0005
2026-01-19 21:00:00,1768856418.0,0.0005
2026-01-19 22:00:00,1768860017.0,0.0005
2026-01-19 23:00:00,1768863626.0,0.0005
2026-01-20 00:00:00,1768867218.0,0.0005
2026-01-20 01:00:00,1768870814.0,0.0005
2026-01-20 02:00:00,1768874414.0,0.0005
2026-01-20 03:00:00,1768878032.0,0.0005
2026-01-20 04:00:00,1768881626.0,0.0005
2026-01-20 05:00:00,1768885229.0,0.0005
2026-01-20 06:00:00,1768888820.0,0.0005
2026-01-20 07:00:00,1768892415.0,0.0005
2026-01-20 08:00:00,1768896016.0,0.0005
2026-01-20 09:00:00,1768899616.0,0.0005
2026-01-20 10:00:00,1768903216.0,0.0005
2026-01-20 11:00:00,1768906815.0,0.0005
2026-01-20 12:00:00,1768910419.0,0.0005
2026-01-20 13:00:00,1768914015.0,0.0005
2026-01-20 14:00:00,1768917615.0,0.0005
2026-01-20 15:00:00,1768921218.0,0.0005
2026-01-20 16:00:00,1768924814.0,0.0005
2026-01-20 17:00:00,1768928416.0,0.0005
2026-01-20 18:00:00,1768932017.0,0.0005
2026-01-20 19:00:00,1768935614.0,0.0005
2026-01-20 20:00:00,1768939215.0,0.0005
2026-01-20 21:00:00,1768942834.0,0.0005
2026-01-20 22:00:00,1768946415.0,0.0005
2026-01-20 23:00:00,1768950015.0,0.0005
2026-01-21 00:00:00,1768953619.0,0.0005
2026-01-21 01:00:00,1768957214.0,0.0005
2026-01-21 02:00:00,1768960816.0,0.0005
2026-01-21 03:00:00,1768964419.0,0.0005
2026-01-21 04:00:00,1768968014.0,0.0005
2026-01-21 05:00:00,1768971614.0,0.0005
2026-01-21 06:00:00,1768975218.0,0.0005
2026-01-21 07:00:00,1768978817.0,0.0005
2026-01-21 08:00:00,1768982416.0,0.0005
2026-01-21 09:00:00,1768986035.0,0.0005
2026-01-21 10:00:00,1768989616.0,0.0005
2026-01-21 11:00:00,1768993216.0,0.0005
2026-01-21 12:00:00,1768996839.0,0.0005
2026-01-21 13:00:00,1769000415.0,0.0005
2026-01-21 14:00:00,1769004017.0,0.0005
2026-01-21 15:00:00,1769007618.0,0.0005
2026-01-21 16:00:00,1769011217.0,0.0005
2026-01-21 17:00:00,1769014821.0,0.0005
2026-01-21 18:00:00,1769018438.0,0.0005
2026-01-21 19:00:00,1769022030.0,0.0005
2026-01-21 20:00:00,1769025617.0,0.0005
2026-01-21 21:00:00,1769029251.0,0.0005
2026-01-21 22:00:00,1769032817.0,0.0005
2026-01-21 23:00:00,1769036418.0,0.0005
2026-01-22 00:00:00,1769040027.0,0.0005
2026-01-22 01:00:00,1769043616.0,0.0005
2026-01-22 02:00:00,1769047219.0,0.0005
2026-01-22 03:00:00,1769050823.0,0.0005
2026-01-22 04:00:00,1769054415.0,0.0005
2026-01-22 05:00:00,1769058015.0,0.0005
2026-01-22 06:00:00,1769061618.0,0.0005
2026-01-22 07:00:00,1769065217.0,0.0005
2026-01-22 08:00:00,1769068818.0,0.0005
2026-01-22 09:00:00,1769072423.0,0.0005
2026-01-22 10:00:00,1769076016.0,0.0005
2026-01-22 11:00:00,1769079616.0,0.0005
2026-01-22 12:00:00,1769083243.0,0.0005
2026-01-22 13:00:00,1769086816.0,0.0005
2026-01-22 14:00:00,1769090415.0,0.0005
2026-01-22 15:00:00,1769094029.0,0.0005
2026-01-22 16:00:00,1769097616.0,0.0005
2026-01-22 17:00:00,1769101219.0,0.0005
2026-01-22 18:00:00,1769104830.0,0.0005
2026-01-22 19:00:00,1769108416.0,0.0005
2026-01-22 20:00:00,1769112018.0,0.0005
2026-01-22 21:00:00,1769115624.0,0.0005
2026-01-22 22:00:00,1769119217.0,0.0005
2026-01-22 23:00:00,1769122817.0,0.0005
2026-01-23 00:00:00,1769126435.0,0.0005
2026-01-23 01:00:00,1769130016.0,0.0005
2026-01-23 02:00:00,1769133617.0,0.0005
2026-01-23 03:00:00,1769137227.0,0.0005
2026-01-23 04:00:00,1769140817.0,0.0005
2026-01-23 05:00:00,1769144415.0,0.0005
2026-01-23 06:00:00,1769148019.0,0.0005
2026-01-23 07:00:00,1769151617.0,0.0005
2026-01-23 08:00:00,1769155217.0,0.0005
2026-01-23 09:00:00,1769158820.0,0.0005
2026-01-23 10:00:00,1769162428.0,0.0005
2026-01-23 11:00:00,1769166018.0,0.0005
2026-01-23 12:00:00,1769169640.0,0.0005
2026-01-23 13:00:00,1769173215.0,0.0005
2026-01-23 14:00:00,1769176816.0,0.0005
2026-01-23 15:00:00,1769180419.0,0.0005
2026-01-23 16:00:00,1769184015.0,0.0005
2026-01-23 17:00:00,1769187634.0,0.0005
2026-01-23 18:00:00,1769191231.0,0.0005
2026-01-23 19:00:00,1769194818.0,0.0005
2026-01-23 20:00:00,1769198417.0,0.0005
2026-01-23 21:00:00,1769202020.0,0.0005
2026-01-23 22:00:00,1769205620.0,0.0005
2026-01-23 23:00:00,1769209221.0,0.0005
2026-01-24 00:00:00,1769212829.0,0.0005
2026-01-24 01:00:00,1769216418.0,0.0005
2026-01-24 02:00:00,1769220021.0,0.0005
2026-01-24 03:00:00,1769223636.0,0.0005
2026-01-24 04:00:00,1769227216.0,0.0005
2026-01-24 05:00:00,1769230837.0,0.0005
2026-01-24 06:00:00,1769234436.0,0.0005
2026-01-24 07:00:00,1769238018.0,0.0005
2026-01-24 08:00:00,1769241619.0,0.0005
2026-01-24 09:00:00,1769245224.0,0.0005
2026-01-24 10:00:00,1769248829.0,0.0005
2026-01-24 11:00:00,1769252421.0,0.0005
2026-01-24 12:00:00,1769256028.0,0.0005
2026-01-24 13:00:00,1769259617.0,0.0005
2026-01-24 14:00:00,1769263225.0,0.0005
2026-01-24 15:00:00,1769266824.0,0.0005
2026-01-24 16:00:00,1769270417.0,0.0005
2026-01-24 17:00:00,1769274021.0,0.0005
2026-01-24 18:00:00,1769277621.0,0.0005
2026-01-24 19:00:00,1769281219.0,0.0005
2026-01-24 20:00:00,1769284817.0,0.0005
2026-01-24 21:00:00,1769288426.0,0.0005
2026-01-24 22:00:00,1769292017.0,0.0005
2026-01-24 23:00:00,1769295617.0,0.0005
2026-01-25 00:00:00,1769299238.0,0.0005
2026-01-25 01:00:00,1769302817.0,0.0005
2026-01-25 02:00:00,1769306416.0,0.0005
2026-01-25 03:00:00,1769310023.0,0.0005
2026-01-25 04:00:00,1769313615.0,0.0005
2026-01-25 05:00:00,1769317216.0,0.0005
2026-01-25 06:00:00,1769320817.0,0.0005
2026-01-25 07:00:00,1769324419.0,0.0005
2026-01-25 08:00:00,1769328016.0,0.0005
2026-01-25 09:00:00,1769331636.0,0.0005
2026-01-25 10:00:00,1769335229.0,0.0005
2026-01-25 11:00:00,1769338816.0,0.0005
2026-01-25 12:00:00,1769342441.0,0.0005
2026-01-25 13:00:00,1769346028.0,0.0005
2026-01-25 14:00:00,1769349618.0,0.0005
2026-01-25 15:00:00,1769353220.0,0.0005
2026-01-25 16:00:00,1769356828.0,0.0005
2026-01-25 17:00:00,1769360429.0,0.0005
2026-01-25 18:00:00,1769364024.0,0.0005
2026-01-25 19:00:00,1769367616.0,0.0005
2026-01-25 20:00:00,1769371217.0,0.0005
2026-01-25 21:00:00,1769374823.0,0.0005
2026-01-25 22:00:00,1769378420.0,0.0005
2026-01-25 23:00:00,1769382017.0,0.0005
2026-01-26 00:00:00,1769385636.0,0.0005
2026-01-26 01:00:00,1769389216.0,0.0005
2026-01-26 02:00:00,1769392819.0,0.0005
2026-01-26 03:00:00,1769396418.0,0.0005
2026-01-26 04:00:00,1769400016.0,0.0005
2026-01-26 05:00:00,1769403616.0,0.0005
2026-01-26 06:00:00,1769407225.0,0.0005
2026-01-26 07:00:00,1769410818.0,0.0005
2026-01-26 08:00:00,1769414417.0,0.0005
2026-01-26 09:00:00,1769418025.0,0.0005
2026-01-26 10:00:00,1769421616.0,0.0005
2026-01-26 11:00:00,1769425219.0,0.0005
2026-01-26 12:00:00,1769428827.0,0.0005
2026-01-26 13:00:00,1769432420.0,0.0005
2026-01-26 14:00:00,1769436016.0,0.0005
2026-01-26 15:00:00,1769439620.0,0.0005
2026-01-26 16:00:00,1769443217.0,0.0005
2026-01-26 17:00:00,1769446823.0,0.0005
2026-01-26 18:00:00,1769450423.0,0.0005
2026-01-26 19:00:00,1769454017.0,0.0005
2026-01-26 20:00:00,1769457621.0,0.0005
2026-01-26 21:00:00,1769461220.0,0.0005
2026-01-26 22:00:00,1769464818.0,0.0005
2026-01-26 23:00:00,1769468418.0,0.0005
2026-01-27 00:00:00,1769472032.0,0.0005
2026-01-27 01:00:00,1769475615.0,0.0005
2026-01-27 02:00:00,1769479214.0,0.0005
2026-01-27 03:00:00,1769482823.0,0.0005
2026-01-27 04:00:00,1769486416.0,0.0005
2026-01-27 05:00:00,1769490015.0,0.0005
2026-01-27 06:00:00,1769493616.0,0.0005
2026-01-27 07:00:00,1769497222.0,0.0005
2026-01-27 08:00:00,1769500816.0,0.0005
2026-01-27 09:00:00,1769504417.0,0.0005
2026-01-27 10:00:00,1769508023.0,0.0005
2026-01-27 11:00:00,1769511616.0,0.0005
2026-01-27 12:00:00,1769515221.0,0.0005
2026-01-27 13:00:00,1769518828.0,0.0005
2026-01-27 14:00:00,1769522415.0,0.0005
2026-01-27 15:00:00,1769526017.0,0.0005
2026-01-27 16:00:00,1769529615.0,0.0005
2026-01-27 17:00:00,1769533215.0,0.0005
2026-01-27 18:00:00,1769536817.0,0.0005
2026-01-27 19:00:00,1769540416.0,0.0005
2026-01-27 20:00:00,1769544015.0,0.0005
2026-01-27 21:00:00,1769547617.0,0.0005
2026-01-27 22:00:00,1769551215.0,0.0005
2026-01-27 23:00:00,1769554817.0,0.0005
2026-01-28 00:00:00,1769558422.0,0.0005
2026-01-28 01:00:00,1769562024.0,0.0005
2026-01-28 02:00:00,1769565618.0,0.0005
2026-01-28 03:00:00,1769569219.0,0.0005
2026-01-28 04:00:00,1769572829.0,0.0005
2026-01-28 05:00:00,1769576416.0,0.0005
2026-01-28 06:00:00,1769580017.0,0.0005
2026-01-28 07:00:00,1769583617.0,0.0005
2026-01-28 08:00:00,1769587216.0,0.0005
2026-01-28 09:00:00,1769590821.0,0.0005
2026-01-28 10:00:00,1769594434.0,0.0005
2026-01-28 11:00:00,1769598016.0,0.0005
2026-01-28 12:00:00,1769601623.0,0.0005
2026-01-28 13:00:00,1769605229.0,0.0005
2026-01-28 14:00:00,1769608816.0,0.0005
2026-01-28 15:00:00,1769612418.0,0.0005
2026-01-28 16:00:00,1769616017.0,0.0005
2026-01-28 17:00:00,1769619618.0,0.0005
2026-01-28 18:00:00,1769623231.0,0.0005
2026-01-28 19:00:00,1769626817.0,0.0005
2026-01-28 20:00:00,1769630420.0,0.0005
2026-01-28 21:00:00,1769634018.0,0.0005
2026-01-28 22:00:00,1769637617.0,0.0005
2026-01-28 23:00:00,1769641217.0,0.0005
2026-01-29 00:00:00,1769644837.0,0.0005
2026-01-29 01:00:00,1769648417.0,0.0005
2026-01-29 02:00:00,1769652017.0,0.0005
2026-01-29 03:00:00,1769655621.0,0.0005
2026-01-29 04:00:00,1769659218.0,0.0005
2026-01-29 05:00:00,1769662817.0,0.0005
2026-01-29 06:00:00,1769666419.0,0.0005
2026-01-29 07:00:00,1769670019.0,0.0005
2026-01-29 08:00:00,1769673618.0,0.0005
2026-01-29 09:00:00,1769677221.0,0.0005
2026-01-29 10:00:00,1769680820.0,0.0005
2026-01-29 11:00:00,1769684419.0,0.0005
2026-01-29 12:00:00,1769688025.0,0.0005
2026-01-29 13:00:00,1769691618.0,0.0005
2026-01-29 14:00:00,1769695218.0,0.0005
2026-01-29 15:00:00,1769698820.0,0.0005
2026-01-29 16:00:00,1769702418.0,0.0005
2026-01-29 17:00:00,1769706018.0,0.0005
2026-01-29 18:00:00,1769709620.0,0.0005
2026-01-29 19:00:00,1769713219.0,0.0005
2026-01-29 20:00:00,1769716829.0,0.0005
2026-01-29 21:00:00,1769720422.0,0.0005
2026-01-29 22:00:00,1769724019.0,0.0005
2026-01-29 23:00:00,1769727619.0,0.0005
2026-01-30 00:00:00,1769731225.0,0.0005
2026-01-30 01:00:00,1769734818.0,0.0005
2026-01-30 02:00:00,1769738419.0,0.0005
2026-01-30 03:00:00,1769742020.0,0.0005
2026-01-30 04:00:00,1769745619.0,0.0005
2026-01-30 05:00:00,1769749218.0,0.0005
2026-01-30 06:00:00,1769752819.0,0.0005
2026-01-30 07:00:00,1769756418.0,0.0005
2026-01-30 08:00:00,1769760018.0,0.0005
2026-01-30 09:00:00,1769763635.0,0.0005
2026-01-30 10:00:00,1769767218.0,0.0005
2026-01-30 11:00:00,1769770833.0,0.0005
2026-01-30 12:00:00,1769774438.0,0.0005
2026-01-30 13:00:00,1769778019.0,0.0005
2026-01-30 14:00:00,1769781619.0,0.0005
2026-01-30 15:00:00,1769785222.0,0.0005
2026-01-30 16:00:00,1769788820.0,0.0005
2026-01-30 17:00:00,1769792421.0,0.0005
2026-01-30 18:00:00,1769796020.0,0.0005
2026-01-30 19:00:00,1769799620.0,0.0005
2026-01-30 20:00:00,1769803220.0,0.0005
2026-01-30 21:00:00,1769806822.0,0.0005
2026-01-30 22:00:00,1769810423.0,0.0005
2026-01-30 23:00:00,1769814018.0,0.0005
2026-01-31 00:00:00,1769817625.0,0.0005
2026-01-31 01:00:00,1769821219.0,0.0005
2026-01-31 02:00:00,1769824819.0,0.0005
2026-01-31 03:00:00,1769828421.0,0.0005
2026-01-31 04:00:00,1769832020.0,0.0005
2026-01-31 05:00:00,1769835619.0,0.0005
2026-01-31 06:00:00,1769839221.0,0.0005
2026-01-31 07:00:00,1769842820.0,0.0005
2026-01-31 08:00:00,1769846420.0,0.0005
2026-01-31 09:00:00,1769850036.0,0.0005
2026-01-31 10:00:00,1769853620.0,0.0005
2026-01-31 11:00:00,1769857219.0,0.0005
2026-01-31 12:00:00,1769860828.0,0.0005
2026-01-31 13:00:00,1769864422.0,0.0005
2026-01-31 14:00:00,1769868019.0,0.0005
2026-01-31 15:00:00,1769871624.0,0.0005
2026-01-31 16:00:00,1769875220.0,0.0005
2026-01-31 17:00:00,1769878831.0,0.0005
2026-01-31 18:00:00,1769882425.0,0.0005
2026-01-31 19:00:00,1769886021.0,0.0005
2026-01-31 20:00:00,1769889620.0,0.0005
2026-01-31 21:00:00,1769893238.0,0.0005
2026-01-31 22:00:00,1769896833.0,0.0005
2026-01-31 23:00:00,1769900419.0,0.0005
2026-02-01 00:00:00,1769904029.0,0.0005
2026-02-01 01:00:00,1769907752.0,0.0005
2026-02-01 02:00:00,1769911218.0,0.0005
2026-02-01 03:00:00,1769914822.0,0.0005
