time_utc,t,p
2025-08-05 17:00:00,1754415789.0,0.505
2025-08-05 18:00:00,1754416808.0,0.51
2025-08-05 19:00:00,1754420409.0,0.415
2025-08-05 20:00:00,1754424009.0,0.155
2025-08-05 21:00:00,1754427610.0,0.15
2025-08-05 22:00:00,1754431209.0,0.155
2025-08-05 23:00:00,1754434808.0,0.15
2025-08-06 00:00:00,1754438409.0,0.15
2025-08-06 01:00:00,1754442009.0,0.15
2025-08-06 02:00:00,1754445610.0,0.16
2025-08-06 03:00:00,1754449209.0,0.165
2025-08-06 04:00:00,1754452810.0,0.195
2025-08-06 05:00:00,1754456410.0,0.19
2025-08-06 06:00:00,1754460009.0,0.19
2025-08-06 07:00:00,1754463609.0,0.19
2025-08-06 08:00:00,1754467209.0,0.195
2025-08-06 09:00:00,1754470809.0,0.195
2025-08-06 10:00:00,1754474409.0,0.195
2025-08-06 11:00:00,1754478009.0,0.195
2025-08-06 12:00:00,1754481608.0,0.195
2025-08-06 13:00:00,1754485209.0,0.195
2025-08-06 14:00:00,1754488809.0,0.19
2025-08-06 15:00:00,1754492410.0,0.19
2025-08-06 16:00:00,1754496009.0,0.19
2025-08-06 17:00:00,1754499608.0,0.185
2025-08-06 18:00:00,1754503209.0,0.185
2025-08-06 19:00:00,1754506806.0,0.185
2025-08-06 20:00:00,1754510405.0,0.185
2025-08-06 21:00:00,1754514008.0,0.185
2025-08-06 22:00:00,1754517602.0,0.185
2025-08-06 23:00:00,1754521214.0,0.17
2025-08-07 00:00:00,1754524807.0,0.17
2025-08-07 01:00:00,1754528405.0,0.17
2025-08-07 02:00:00,1754532010.0,0.17
2025-08-07 03:00:00,1754535614.0,0.17
2025-08-07 04:00:00,1754539204.0,0.17
2025-08-07 05:00:00,1754542806.0,0.17
2025-08-07 06:00:00,1754546402.0,0.165
2025-08-07 07:00:00,1754550004.0,0.17
2025-08-07 08:00:00,1754553607.0,0.165
2025-08-07 09:00:00,1754557208.0,0.165
2025-08-07 10:00:00,1754560813.0,0.165
2025-08-07 11:00:00,1754564403.0,0.165
2025-08-07 12:00:00,1754568004.0,0.165
2025-08-07 13:00:00,1754571608.0,0.165
2025-08-07 14:00:00,1754575203.0,0.165
2025-08-07 15:00:00,1754578806.0,0.38
2025-08-07 16:00:00,1754582411.0,0.38
2025-08-07 17:00:00,1754586002.0,0.37
2025-08-07 18:00:00,1754589613.0,0.335
2025-08-07 19:00:00,1754593212.0,0.34
2025-08-07 20:00:00,1754596809.0,0.375
2025-08-07 21:00:00,1754600402.0,0.385
2025-08-07 22:00:00,1754604013.0,0.45
2025-08-07 23:00:00,1754607609.0,0.44
2025-08-08 00:00:00,1754611209.0,0.445
2025-08-08 01:00:00,1754614809.0,0.48
2025-08-08 02:00:00,1754618405.0,0.455
2025-08-08 03:00:00,1754622007.0,0.445
2025-08-08 04:00:00,1754625611.0,0.445
2025-08-08 05:00:00,1754629211.0,0.445
2025-08-08 06:00:00,1754632808.0,0.45
2025-08-08 07:00:00,1754636407.0,0.45
2025-08-08 08:00:00,1754640005.0,0.45
2025-08-08 09:00:00,1754643618.0,0.45
2025-08-08 10:00:00,1754647210.0,0.45
2025-08-08 11:00:00,1754650813.0,0.45
2025-08-08 12:00:00,1754654420.0,0.45
2025-08-08 13:00:00,1754658013.0,0.45
2025-08-08 14:00:00,1754661603.0,0.445
2025-08-08 15:00:00,1754665212.0,0.445
2025-08-08 16:00:00,1754668808.0,0.445
2025-08-08 17:00:00,1754672412.0,0.445
2025-08-08 18:00:00,1754676013.0,0.445
2025-08-08 19:00:00,1754679615.0,0.445
2025-08-08 20:00:00,1754683206.0,0.29
2025-08-08 21:00:00,1754686814.0,0.305
2025-08-08 22:00:00,1754690408.0,0.315
2025-08-08 23:00:00,1754694014.0,0.305
2025-08-09 00:00:00,1754697607.0,0.305
2025-08-09 01:00:00,1754701202.0,0.295
2025-08-09 02:00:00,1754704815.0,0.295
2025-08-09 03:00:00,1754708412.0,0.295
2025-08-09 04:00:00,1754712014.0,0.295
2025-08-09 05:00:00,1754715609.0,0.295
2025-08-09 06:00:00,1754719216.0,0.295
2025-08-09 07:00:00,1754722810.0,0.295
2025-08-09 08:00:00,1754726405.0,0.295
2025-08-09 09:00:00,1754730005.0,0.295
2025-08-09 10:00:00,1754733605.0,0.355
2025-08-09 11:00:00,1754737215.0,0.34
2025-08-09 12:00:00,1754740816.0,0.345
2025-08-09 13:00:00,1754744406.0,0.335
2025-08-09 14:00:00,1754748014.0,0.325
2025-08-09 15:00:00,1754751608.0,0.325
2025-08-09 16:00:00,1754755206.0,0.325
2025-08-09 17:00:00,1754758809.0,0.33
2025-08-09 18:00:00,1754762412.0,0.335
2025-08-09 19:00:00,1754766011.0,0.335
2025-08-09 20:00:00,1754769605.0,0.335
2025-08-09 21:00:00,1754773213.0,0.38
2025-08-09 22:00:00,1754776805.0,0.385
2025-08-09 23:00:00,1754780404.0,0.405
2025-08-10 00:00:00,1754784005.0,0.4
2025-08-10 01:00:00,1754787605.0,0.395
2025-08-10 02:00:00,1754791209.0,0.385
2025-08-10 03:00:00,1754794815.0,0.385
2025-08-10 04:00:00,1754798414.0,0.385
2025-08-10 05:00:00,1754802012.0,0.385
2025-08-10 06:00:00,1754805603.0,0.385
2025-08-10 07:00:00,1754809213.0,0.385
2025-08-10 08:00:00,1754812811.0,0.385
2025-08-10 09:00:00,1754816419.0,0.385
2025-08-10 10:00:00,1754820015.0,0.385
2025-08-10 11:00:00,1754823602.0,0.385
2025-08-10 12:00:00,1754827222.0,0.375
2025-08-10 13:00:00,1754830807.0,0.375
2025-08-10 14:00:00,1754834411.0,0.375
2025-08-10 15:00:00,1754838006.0,0.375
2025-08-10 16:00:00,1754841608.0,0.405
2025-08-10 17:00:00,1754845209.0,0.405
2025-08-10 18:00:00,1754848815.0,0.405
2025-08-10 19:00:00,1754852411.0,0.405
2025-08-10 20:00:00,1754856007.0,0.425
2025-08-10 21:00:00,1754859605.0,0.415
2025-08-10 22:00:00,1754863212.0,0.415
2025-08-10 23:00:00,1754866815.0,0.415
2025-08-11 00:00:00,1754870406.0,0.415
2025-08-11 01:00:00,1754874009.0,0.415
2025-08-11 02:00:00,1754877610.0,0.415
2025-08-11 03:00:00,1754881210.0,0.415
2025-08-11 04:00:00,1754884809.0,0.415
2025-08-11 05:00:00,1754888415.0,0.415
2025-08-11 06:00:00,1754892004.0,0.415
2025-08-11 07:00:00,1754895615.0,0.415
2025-08-11 08:00:00,1754899209.0,0.415
2025-08-11 09:00:00,1754902820.0,0.415
2025-08-11 10:00:00,1754906408.0,0.415
2025-08-11 11:00:00,1754910009.0,0.415
2025-08-11 12:00:00,1754913604.0,0.415
2025-08-11 13:00:00,1754917205.0,0.415
2025-08-11 14:00:00,1754920815.0,0.415
2025-08-11 15:00:00,1754924417.0,0.415
2025-08-11 16:00:00,1754928004.0,0.415
2025-08-11 17:00:00,1754931610.0,0.415
2025-08-11 18:00:00,1754935214.0,0.415
2025-08-11 19:00:00,1754938809.0,0.425
2025-08-11 20:00:00,1754942410.0,0.42
2025-08-11 21:00:00,1754946013.0,0.415
2025-08-11 22:00:00,1754949609.0,0.395
2025-08-11 23:00:00,1754953213.0,0.385
2025-08-12 00:00:00,1754956807.0,0.375
2025-08-12 01:00:00,1754960407.0,0.35
2025-08-12 02:00:00,1754964005.0,0.37
2025-08-12 03:00:00,1754967613.0,0.375
2025-08-12 04:00:00,1754971202.0,0.375
2025-08-12 05:00:00,1754974803.0,0.375
2025-08-12 06:00:00,1754978403.0,0.375
2025-08-12 07:00:00,1754982002.0,0.375
2025-08-12 08:00:00,1754985610.0,0.375
2025-08-12 09:00:00,1754989214.0,0.375
2025-08-12 10:00:00,1754992812.0,0.375
2025-08-12 11:00:00,1754996414.0,0.375
2025-08-12 12:00:00,1755000007.0,0.375
2025-08-12 13:00:00,1755003606.0,0.325
2025-08-12 14:00:00,1755007205.0,0.325
2025-08-12 15:00:00,1755010805.0,0.29
2025-08-12 16:00:00,1755014409.0,0.26
2025-08-12 17:00:00,1755018006.0,0.355
2026-02-01 04:00:00,1769921118.0,0.0015
2025-08-12 18:00:00,1755021609.0,0.365
2025-08-12 19:00:00,1755025207.0,0.365
2025-08-12 20:00:00,1755028804.0,0.365
2025-08-12 21:00:00,1755032410.0,0.34
2025-08-12 22:00:00,1755036007.0,0.345
2025-08-12 23:00:00,1755039615.0,0.34
2025-08-13 00:00:00,1755043214.0,0.34
2025-08-13 01:00:00,1755046809.0,0.34
2025-08-13 02:00:00,1755050409.0,0.34
2025-08-13 03:00:00,1755054009.0,0.34
2025-08-13 04:00:00,1755057609.0,0.345
2025-08-13 05:00:00,1755061208.0,0.355
2025-08-13 06:00:00,1755064803.0,0.375
2025-08-13 07:00:00,1755068405.0,0.375
2025-08-13 08:00:00,1755072011.0,0.375
2025-08-13 09:00:00,1755075606.0,0.375
2025-08-13 10:00:00,1755079210.0,0.375
2025-08-13 11:00:00,1755082812.0,0.375
2025-08-13 12:00:00,1755086409.0,0.365
2025-08-13 13:00:00,1755090025.0,0.345
2025-08-13 14:00:00,1755093613.0,0.345
2025-08-13 15:00:00,1755097202.0,0.345
2025-08-13 16:00:00,1755100815.0,0.33
2025-08-13 17:00:00,1755104412.0,0.31
2025-08-13 18:00:00,1755108002.0,0.325
2025-08-13 19:00:00,1755111604.0,0.32
2025-08-13 20:00:00,1755115209.0,0.32
2025-08-13 21:00:00,1755118808.0,0.325
2025-08-13 22:00:00,1755122408.0,0.325
2025-08-13 23:00:00,1755126013.0,0.325
2025-08-14 00:00:00,1755129603.0,0.325
2025-08-14 01:00:00,1755133207.0,0.325
2025-08-14 02:00:00,1755136809.0,0.325
2025-08-14 03:00:00,1755140409.0,0.325
2025-08-14 04:00:00,1755144012.0,0.325
2025-08-14 05:00:00,1755147607.0,0.32
2025-08-14 06:00:00,1755151206.0,0.32
2025-08-14 07:00:00,1755154804.0,0.32
2025-08-14 08:00:00,1755158413.0,0.325
2025-08-14 09:00:00,1755162007.0,0.32
2025-08-14 10:00:00,1755165604.0,0.325
2025-08-14 11:00:00,1755169203.0,0.32
2025-08-14 12:00:00,1755172811.0,0.32
2025-08-14 13:00:00,1755176413.0,0.325
2025-08-14 14:00:00,1755180009.0,0.325
2025-08-14 15:00:00,1755183612.0,0.325
2025-08-14 16:00:00,1755187215.0,0.325
2025-08-14 17:00:00,1755190816.0,0.325
2025-08-14 18:00:00,1755194415.0,0.325
2025-08-14 19:00:00,1755198009.0,0.325
2025-08-14 20:00:00,1755201604.0,0.325
2025-08-14 21:00:00,1755205213.0,0.325
2025-08-14 22:00:00,1755208804.0,0.325
2025-08-14 23:00:00,1755212410.0,0.325
2025-08-15 00:00:00,1755216003.0,0.285
2025-08-15 01:00:00,1755219605.0,0.325
2025-08-15 02:00:00,1755223206.0,0.325
2025-08-15 03:00:00,1755226810.0,0.325
2025-08-15 04:00:00,1755230406.0,0.325
2025-08-15 05:00:00,1755234005.0,0.325
2025-08-15 06:00:00,1755237608.0,0.305
2025-08-15 07:00:00,1755241205.0,0.305
2025-08-15 08:00:00,1755244814.0,0.305
2025-08-15 09:00:00,1755248408.0,0.305
2025-08-15 10:00:00,1755252013.0,0.315
2025-08-15 11:00:00,1755255611.0,0.315
2025-08-15 12:00:00,1755259203.0,0.315
2025-08-15 13:00:00,1755262809.0,0.315
2025-08-15 14:00:00,1755266411.0,0.315
2025-08-15 15:00:00,1755270017.0,0.315
2025-08-15 16:00:00,1755273610.0,0.315
2025-08-15 17:00:00,1755277205.0,0.315
2025-08-15 18:00:00,1755280810.0,0.315
2025-08-15 19:00:00,1755284408.0,0.305
2025-08-15 20:00:00,1755288007.0,0.3
2025-08-15 21:00:00,1755291614.0,0.3
2025-08-15 22:00:00,1755295217.0,0.3
2025-08-15 23:00:00,1755298806.0,0.3
2025-08-16 00:00:00,1755302407.0,0.295
2025-08-16 01:00:00,1755306005.0,0.295
2025-08-16 02:00:00,1755309604.0,0.295
2025-08-16 03:00:00,1755313208.0,0.295
2025-08-16 04:00:00,1755316815.0,0.295
2025-08-16 05:00:00,1755320416.0,0.305
2025-08-16 06:00:00,1755324008.0,0.305
2025-08-16 07:00:00,1755327605.0,0.305
2025-08-16 08:00:00,1755331208.0,0.305
2025-08-16 09:00:00,1755334814.0,0.305
2025-08-16 10:00:00,1755338416.0,0.305
2025-08-16 11:00:00,1755342005.0,0.305
2025-08-16 12:00:00,1755345607.0,0.305
2025-08-16 13:00:00,1755349203.0,0.305
2025-08-16 14:00:00,1755352810.0,0.315
2025-08-16 15:00:00,1755356409.0,0.305
2025-08-16 16:00:00,1755360013.0,0.31
2025-08-16 17:00:00,1755363604.0,0.31
2025-08-16 18:00:00,1755367205.0,0.305
2025-08-16 19:00:00,1755370812.0,0.305
2025-08-16 20:00:00,1755374414.0,0.305
2025-08-16 21:00:00,1755378007.0,0.31
2025-08-16 22:00:00,1755381604.0,0.31
2025-08-16 23:00:00,1755385212.0,0.315
2025-08-17 00:00:00,1755388805.0,0.315
2025-08-17 01:00:00,1755392403.0,0.305
2025-08-17 02:00:00,1755396012.0,0.325
2025-08-17 03:00:00,1755399617.0,0.325
2025-08-17 04:00:00,1755403214.0,0.325
2025-08-17 05:00:00,1755406806.0,0.325
2025-08-17 06:00:00,1755410414.0,0.32
2025-08-17 07:00:00,1755414012.0,0.32
2025-08-17 08:00:00,1755417605.0,0.33
2025-08-17 09:00:00,1755421207.0,0.325
2025-08-17 10:00:00,1755424804.0,0.325
2025-08-17 11:00:00,1755428410.0,0.335
2025-08-17 12:00:00,1755432006.0,0.335
2025-08-17 13:00:00,1755435609.0,0.325
2025-08-17 14:00:00,1755439214.0,0.325
2025-08-17 15:00:00,1755442815.0,0.33
2025-08-17 16:00:00,1755446407.0,0.335
2025-08-17 17:00:00,1755450004.0,0.335
2025-08-17 18:00:00,1755453612.0,0.335
2025-08-17 19:00:00,1755457213.0,0.335
2025-08-17 20:00:00,1755460813.0,0.335
2025-08-17 21:00:00,1755464405.0,0.335
2025-08-17 22:00:00,1755468004.0,0.335
2025-08-17 23:00:00,1755471609.0,0.33
2025-08-18 00:00:00,1755475206.0,0.33
2025-08-18 01:00:00,1755478802.0,0.33
2025-08-18 02:00:00,1755482411.0,0.335
2025-08-18 03:00:00,1755486015.0,0.335
2025-08-18 04:00:00,1755489606.0,0.335
2025-08-18 05:00:00,1755493212.0,0.34
2025-08-18 06:00:00,1755496807.0,0.345
2025-08-18 07:00:00,1755500406.0,0.365
2025-08-18 08:00:00,1755504006.0,0.355
2025-08-18 09:00:00,1755507617.0,0.36
2025-08-18 10:00:00,1755511210.0,0.36
2025-08-18 11:00:00,1755514811.0,0.36
2025-08-18 12:00:00,1755518418.0,0.355
2025-08-18 13:00:00,1755522011.0,0.365
2025-08-18 14:00:00,1755525612.0,0.365
2025-08-18 15:00:00,1755529216.0,0.345
2025-08-18 16:00:00,1755532806.0,0.345
2025-08-18 17:00:00,1755536402.0,0.345
2025-08-18 18:00:00,1755540017.0,0.35
2025-08-18 19:00:00,1755543615.0,0.35
2025-08-18 20:00:00,1755547202.0,0.35
2025-08-18 21:00:00,1755550819.0,0.35
2025-08-18 22:00:00,1755554416.0,0.35
2025-08-18 23:00:00,1755558015.0,0.35
2025-08-19 00:00:00,1755561611.0,0.35
2025-08-19 01:00:00,1755565206.0,0.345
2025-08-19 02:00:00,1755568816.0,0.345
2025-08-19 03:00:00,1755572405.0,0.345
2025-08-19 04:00:00,1755576008.0,0.345
2025-08-19 05:00:00,1755579610.0,0.345
2025-08-19 06:00:00,1755583214.0,0.345
2025-08-19 07:00:00,1755586807.0,0.345
2025-08-19 08:00:00,1755590402.0,0.345
2025-08-19 09:00:00,1755594021.0,0.345
2025-08-19 10:00:00,1755597610.0,0.345
2025-08-19 11:00:00,1755601217.0,0.345
2025-08-19 12:00:00,1755604811.0,0.345
2025-08-19 13:00:00,1755608409.0,0.345
2025-08-19 14:00:00,1755612016.0,0.345
2025-08-19 15:00:00,1755615615.0,0.345
2025-08-19 16:00:00,1755619209.0,0.335
2025-08-19 17:00:00,1755622815.0,0.335
2025-08-19 18:00:00,1755626413.0,0.325
2025-08-19 19:00:00,1755630011.0,0.295
2025-08-19 20:00:00,1755633604.0,0.29
2025-08-19 21:00:00,1755637208.0,0.295
2025-08-19 22:00:00,1755640811.0,0.3
2025-08-19 23:00:00,1755644414.0,0.3
2025-08-20 00:00:00,1755648004.0,0.3
2025-08-20 01:00:00,1755651605.0,0.295
2025-08-20 02:00:00,1755655211.0,0.295
2025-08-20 03:00:00,1755658812.0,0.3
2025-08-20 04:00:00,1755662412.0,0.32
2025-08-20 05:00:00,1755666007.0,0.325
2025-08-20 06:00:00,1755669606.0,0.32
2025-08-20 07:00:00,1755673203.0,0.315
2025-08-20 08:00:00,1755676804.0,0.325
2025-08-20 09:00:00,1755680414.0,0.325
2025-08-20 10:00:00,1755684006.0,0.31
2025-08-20 11:00:00,1755687607.0,0.315
2025-08-20 12:00:00,1755691204.0,0.32
2025-08-20 13:00:00,1755694805.0,0.32
2025-08-20 14:00:00,1755698407.0,0.32
2025-08-20 15:00:00,1755702016.0,0.33
2025-08-20 16:00:00,1755705615.0,0.33
2025-08-20 17:00:00,1755709205.0,0.33
2025-08-20 18:00:00,1755712806.0,0.33
2025-08-20 19:00:00,1755716407.0,0.33
2025-08-20 20:00:00,1755720007.0,0.325
2025-08-20 21:00:00,1755723617.0,0.325
2025-08-20 22:00:00,1755727210.0,0.325
2025-08-20 23:00:00,1755730809.0,0.325
2025-08-21 00:00:00,1755734410.0,0.325
2025-08-21 01:00:00,1755738010.0,0.325
2025-08-21 02:00:00,1755741609.0,0.325
2025-08-21 03:00:00,1755745210.0,0.325
2025-08-21 04:00:00,1755748810.0,0.325
2025-08-21 05:00:00,1755752416.0,0.325
2025-08-21 06:00:00,1755756009.0,0.325
2025-08-21 07:00:00,1755759618.0,0.325
2025-08-21 08:00:00,1755763203.0,0.325
2025-08-21 09:00:00,1755766802.0,0.325
2025-08-21 10:00:00,1755770416.0,0.325
2025-08-21 11:00:00,1755774014.0,0.33
2025-08-21 12:00:00,1755777605.0,0.33
2025-08-21 13:00:00,1755781209.0,0.33
2025-08-21 14:00:00,1755784803.0,0.33
2025-08-21 15:00:00,1755788417.0,0.33
2025-08-21 16:00:00,1755792010.0,0.33
2025-08-21 17:00:00,1755795617.0,0.33
2025-08-21 18:00:00,1755799215.0,0.33
2025-08-21 19:00:00,1755802814.0,0.33
2025-08-21 20:00:00,1755806410.0,0.33
2025-08-21 21:00:00,1755810012.0,0.33
2025-08-21 22:00:00,1755813607.0,0.33
2025-08-21 23:00:00,1755817207.0,0.33
2025-08-22 00:00:00,1755820805.0,0.33
2025-08-22 01:00:00,1755824408.0,0.33
2025-08-22 02:00:00,1755828004.0,0.33
2025-08-22 03:00:00,1755831606.0,0.33
2025-08-22 04:00:00,1755835202.0,0.33
2025-08-22 05:00:00,1755838815.0,0.33
2025-08-22 06:00:00,1755842416.0,0.33
2025-08-22 07:00:00,1755846006.0,0.33
2025-08-22 08:00:00,1755849611.0,0.33
2025-08-22 09:00:00,1755853204.0,0.33
2025-08-22 10:00:00,1755856814.0,0.33
2025-08-22 11:00:00,1755860411.0,0.33
2025-08-22 12:00:00,1755864004.0,0.33
2025-08-22 13:00:00,1755867607.0,0.33
2025-08-22 14:00:00,1755871216.0,0.33
2025-08-22 15:00:00,1755874813.0,0.335
2025-08-22 16:00:00,1755878408.0,0.34
2025-08-22 17:00:00,1755882016.0,0.34
2025-08-22 18:00:00,1755885603.0,0.345
2025-08-22 19:00:00,1755889218.0,0.345
2025-08-22 20:00:00,1755892817.0,0.345
2025-08-22 21:00:00,1755896408.0,0.345
2025-08-22 22:00:00,1755900016.0,0.345
2025-08-22 23:00:00,1755903610.0,0.345
2025-08-23 00:00:00,1755907206.0,0.345
2025-08-23 01:00:00,1755910807.0,0.345
2025-08-23 02:00:00,1755914416.0,0.345
2025-08-23 03:00:00,1755918005.0,0.345
2025-08-23 04:00:00,1755921606.0,0.345
2025-08-23 05:00:00,1755925209.0,0.345
2025-08-23 06:00:00,1755928815.0,0.345
2025-08-23 07:00:00,1755932415.0,0.345
2025-08-23 08:00:00,1755936014.0,0.345
2025-08-23 09:00:00,1755939612.0,0.345
2025-08-23 10:00:00,1755943216.0,0.345
2025-08-23 11:00:00,1755946810.0,0.345
2025-08-23 12:00:00,1755950419.0,0.35
2025-08-23 13:00:00,1755954014.0,0.35
2025-08-23 14:00:00,1755957617.0,0.355
2025-08-23 15:00:00,1755961204.0,0.355
2025-08-23 16:00:00,1755964818.0,0.355
2025-08-23 17:00:00,1755968402.0,0.355
2025-08-23 18:00:00,1755972007.0,0.355
2025-08-23 19:00:00,1755975609.0,0.355
2025-08-23 20:00:00,1755979216.0,0.355
2025-08-23 21:00:00,1755982807.0,0.37
2025-08-23 22:00:00,1755986403.0,0.37
2025-08-23 23:00:00,1755990005.0,0.37
2025-08-24 00:00:00,1755993607.0,0.375
2025-08-24 01:00:00,1755997205.0,0.375
2025-08-24 02:00:00,1756000803.0,0.375
2025-08-24 03:00:00,1756004415.0,0.375
2025-08-24 04:00:00,1756008016.0,0.39
2025-08-24 05:00:00,1756011604.0,0.39
2025-08-24 06:00:00,1756015210.0,0.385
2025-08-24 07:00:00,1756018813.0,0.385
2025-08-24 08:00:00,1756022405.0,0.375
2025-08-24 09:00:00,1756026008.0,0.375
2025-08-24 10:00:00,1756029615.0,0.38
2025-08-24 11:00:00,1756033206.0,0.38
2025-08-24 12:00:00,1756036802.0,0.38
2025-08-24 13:00:00,1756040411.0,0.38
2025-08-24 14:00:00,1756044007.0,0.38
2025-08-24 15:00:00,1756047617.0,0.38
2025-08-24 16:00:00,1756051214.0,0.38
2025-08-24 17:00:00,1756054812.0,0.38
2025-08-24 18:00:00,1756058402.0,0.38
2025-08-24 19:00:00,1756062017.0,0.38
2025-08-24 20:00:00,1756065611.0,0.38
2025-08-24 21:00:00,1756069214.0,0.365
2025-08-24 22:00:00,1756072809.0,0.365
2025-08-24 23:00:00,1756076405.0,0.365
2025-08-25 00:00:00,1756080010.0,0.365
2025-08-25 01:00:00,1756083612.0,0.365
2025-08-25 02:00:00,1756087204.0,0.365
2025-08-25 03:00:00,1756090811.0,0.365
2025-08-25 04:00:00,1756094406.0,0.365
2025-08-25 05:00:00,1756098003.0,0.365
2025-08-25 06:00:00,1756101605.0,0.365
2025-08-25 07:00:00,1756105212.0,0.365
2025-08-25 08:00:00,1756108811.0,0.36
2025-08-25 09:00:00,1756112415.0,0.36
2025-08-25 10:00:00,1756116015.0,0.36
2025-08-25 11:00:00,1756119613.0,0.36
2025-08-25 12:00:00,1756123202.0,0.36
2025-08-25 13:00:00,1756126812.0,0.365
2025-08-25 14:00:00,1756130415.0,0.36
2025-08-25 15:00:00,1756134003.0,0.365
2025-08-25 16:00:00,1756137617.0,0.365
2025-08-25 17:00:00,1756141216.0,0.355
2025-08-25 18:00:00,1756144808.0,0.355
2025-08-25 19:00:00,1756148406.0,0.355
2025-08-25 20:00:00,1756152016.0,0.355
2025-08-25 21:00:00,1756155616.0,0.355
2025-08-25 22:00:00,1756159206.0,0.355
2025-08-25 23:00:00,1756162808.0,0.355
2025-08-26 00:00:00,1756166404.0,0.355
2025-08-26 01:00:00,1756170002.0,0.355
2025-08-26 02:00:00,1756173608.0,0.355
2025-08-26 03:00:00,1756177214.0,0.355
2025-08-26 04:00:00,1756180806.0,0.355
2025-08-26 05:00:00,1756184403.0,0.355
2025-08-26 06:00:00,1756188009.0,0.355
2025-08-26 07:00:00,1756191608.0,0.355
2025-08-26 08:00:00,1756195209.0,0.355
2025-08-26 09:00:00,1756198812.0,0.355
2025-08-26 10:00:00,1756202403.0,0.355
2025-08-26 11:00:00,1756206005.0,0.355
2025-08-26 12:00:00,1756209602.0,0.355
2025-08-26 13:00:00,1756213204.0,0.355
2025-08-26 14:00:00,1756216812.0,0.355
2025-08-26 15:00:00,1756220411.0,0.355
2025-08-26 16:00:00,1756224004.0,0.355
2025-08-26 17:00:00,1756227605.0,0.355
2025-08-26 18:00:00,1756231211.0,0.355
2025-08-26 19:00:00,1756234811.0,0.355
2025-08-26 20:00:00,1756238404.0,0.355
2025-08-26 21:00:00,1756242008.0,0.335
2025-08-26 22:00:00,1756245608.0,0.335
2025-08-26 23:00:00,1756249216.0,0.335
2025-08-27 00:00:00,1756252815.0,0.335
2025-08-27 01:00:00,1756256413.0,0.335
2025-08-27 02:00:00,1756260013.0,0.335
2025-08-27 03:00:00,1756263605.0,0.335
2025-08-27 04:00:00,1756267210.0,0.335
2025-08-27 05:00:00,1756270818.0,0.335
2025-08-27 06:00:00,1756274416.0,0.335
2025-08-27 07:00:00,1756278005.0,0.335
2025-08-27 08:00:00,1756281614.0,0.335
2025-08-27 09:00:00,1756285215.0,0.335
2025-08-27 10:00:00,1756288804.0,0.335
2025-08-27 11:00:00,1756292415.0,0.335
2025-08-27 12:00:00,1756296017.0,0.335
2025-08-27 13:00:00,1756299610.0,0.335
2025-08-27 14:00:00,1756303207.0,0.335
2025-08-27 15:00:00,1756306815.0,0.335
2025-08-27 16:00:00,1756310414.0,0.335
2025-08-27 17:00:00,1756314016.0,0.335
2025-08-27 18:00:00,1756317620.0,0.335
2025-08-27 19:00:00,1756321214.0,0.335
2025-08-27 20:00:00,1756324816.0,0.335
2025-08-27 21:00:00,1756328415.0,0.335
2025-08-27 22:00:00,1756332004.0,0.335
2025-08-27 23:00:00,1756335605.0,0.335
2025-08-28 00:00:00,1756339208.0,0.335
2025-08-28 01:00:00,1756342803.0,0.335
2025-08-28 02:00:00,1756346403.0,0.335
2025-08-28 03:00:00,1756350017.0,0.335
2025-08-28 04:00:00,1756353606.0,0.335
2025-08-28 05:00:00,1756357212.0,0.335
2025-08-28 06:00:00,1756360805.0,0.335
2025-08-28 07:00:00,1756364415.0,0.335
2025-08-28 08:00:00,1756368009.0,0.335
2025-08-28 09:00:00,1756371614.0,0.335
2025-08-28 10:00:00,1756375214.0,0.335
2025-08-28 11:00:00,1756378808.0,0.335
2025-08-28 12:00:00,1756382421.0,0.335
2025-08-28 13:00:00,1756386013.0,0.335
2025-08-28 14:00:00,1756389602.0,0.335
2025-08-28 15:00:00,1756393211.0,0.335
2025-08-28 16:00:00,1756396813.0,0.335
2025-08-28 17:00:00,1756400411.0,0.335
2025-08-28 18:00:00,1756404009.0,0.335
2025-08-28 19:00:00,1756407604.0,0.34
2025-08-28 20:00:00,1756411212.0,0.34
2025-08-28 21:00:00,1756414812.0,0.34
2025-08-28 22:00:00,1756418416.0,0.34
2025-08-28 23:00:00,1756422013.0,0.345
2025-08-29 00:00:00,1756425611.0,0.345
2025-08-29 01:00:00,1756429205.0,0.335
2025-08-29 02:00:00,1756432812.0,0.34
2025-08-29 03:00:00,1756436405.0,0.34
2025-08-29 04:00:00,1756440021.0,0.34
2025-08-29 05:00:00,1756443612.0,0.34
2025-08-29 06:00:00,1756447217.0,0.34
2025-08-29 07:00:00,1756450820.0,0.34
2025-08-29 08:00:00,1756454405.0,0.34
2025-08-29 09:00:00,1756458016.0,0.34
2025-08-29 10:00:00,1756461619.0,0.34
2025-08-29 11:00:00,1756465217.0,0.34
2025-08-29 12:00:00,1756468826.0,0.34
2025-08-29 13:00:00,1756472405.0,0.34
2025-08-29 14:00:00,1756476018.0,0.34
2025-08-29 15:00:00,1756479609.0,0.34
2025-08-29 16:00:00,1756483214.0,0.34
2025-08-29 17:00:00,1756486817.0,0.34
2025-08-29 18:00:00,1756490407.0,0.34
2025-08-29 19:00:00,1756494003.0,0.345
2025-08-29 20:00:00,1756497610.0,0.345
2025-08-29 21:00:00,1756501209.0,0.345
2025-08-29 22:00:00,1756504811.0,0.345
2025-08-29 23:00:00,1756508421.0,0.345
2025-08-30 00:00:00,1756512013.0,0.345
2025-08-30 01:00:00,1756515610.0,0.345
2025-08-30 02:00:00,1756519215.0,0.34
2025-08-30 03:00:00,1756522811.0,0.34
2025-08-30 04:00:00,1756526410.0,0.34
2025-08-30 05:00:00,1756530006.0,0.34
2025-08-30 06:00:00,1756533606.0,0.34
2025-08-30 07:00:00,1756537217.0,0.34
2025-08-30 08:00:00,1756540804.0,0.34
2025-08-30 09:00:00,1756544403.0,0.34
2025-08-30 10:00:00,1756548019.0,0.34
2025-08-30 11:00:00,1756551621.0,0.335
2025-08-30 12:00:00,1756555228.0,0.34
2025-08-30 13:00:00,1756558802.0,0.34
2025-08-30 14:00:00,1756562413.0,0.34
2025-08-30 15:00:00,1756566002.0,0.34
2025-08-30 16:00:00,1756569602.0,0.34
2025-08-30 17:00:00,1756573223.0,0.34
2025-08-30 18:00:00,1756576810.0,0.34
2025-08-30 19:00:00,1756580416.0,0.34
2025-08-30 20:00:00,1756584015.0,0.34
2025-08-30 21:00:00,1756587624.0,0.34
2025-08-30 22:00:00,1756591216.0,0.34
2025-08-30 23:00:00,1756594803.0,0.34
2025-08-31 00:00:00,1756598410.0,0.34
2025-08-31 01:00:00,1756602007.0,0.345
2025-08-31 02:00:00,1756605611.0,0.345
2025-08-31 03:00:00,1756609213.0,0.345
2025-08-31 04:00:00,1756612818.0,0.345
2025-08-31 05:00:00,1756616415.0,0.345
2025-08-31 06:00:00,1756620009.0,0.345
2025-08-31 07:00:00,1756623617.0,0.345
2025-08-31 08:00:00,1756627202.0,0.345
2025-08-31 09:00:00,1756630817.0,0.33
2025-08-31 10:00:00,1756634425.0,0.33
2025-08-31 11:00:00,1756638011.0,0.33
2025-08-31 12:00:00,1756641618.0,0.33
2025-08-31 13:00:00,1756645206.0,0.33
2025-08-31 14:00:00,1756648816.0,0.33
2025-08-31 15:00:00,1756652420.0,0.33
2025-08-31 16:00:00,1756656006.0,0.335
2025-08-31 17:00:00,1756659614.0,0.33
2025-08-31 18:00:00,1756663206.0,0.33
2025-08-31 19:00:00,1756666816.0,0.33
2025-08-31 20:00:00,1756670408.0,0.33
2025-08-31 21:00:00,1756674015.0,0.335
2025-08-31 22:00:00,1756677613.0,0.335
2025-08-31 23:00:00,1756681205.0,0.33
2025-09-01 00:00:00,1756684808.0,0.33
2025-09-01 01:00:00,1756688412.0,0.33
2025-09-01 02:00:00,1756692009.0,0.33
2025-09-01 03:00:00,1756695618.0,0.33
2025-09-01 04:00:00,1756699202.0,0.33
2025-09-01 05:00:00,1756702813.0,0.33
2025-09-01 06:00:00,1756706409.0,0.33
2025-09-01 07:00:00,1756710002.0,0.335
2025-09-01 08:00:00,1756713614.0,0.335
2025-09-01 09:00:00,1756717202.0,0.335
2025-09-01 10:00:00,1756720809.0,0.335
2025-09-01 11:00:00,1756724410.0,0.33
2025-09-01 12:00:00,1756728005.0,0.33
2025-09-01 13:00:00,1756731609.0,0.33
2025-09-01 14:00:00,1756735208.0,0.33
2025-09-01 15:00:00,1756738802.0,0.33
2025-09-01 16:00:00,1756742420.0,0.33
2025-09-01 17:00:00,1756746016.0,0.33
2025-09-01 18:00:00,1756749609.0,0.33
2025-09-01 19:00:00,1756753205.0,0.33
2025-09-01 20:00:00,1756756802.0,0.33
2025-09-01 21:00:00,1756760404.0,0.33
2025-09-01 22:00:00,1756764005.0,0.325
2025-09-01 23:00:00,1756767612.0,0.325
2025-09-02 00:00:00,1756771207.0,0.33
2025-09-02 01:00:00,1756774805.0,0.33
2025-09-02 02:00:00,1756778404.0,0.33
2025-09-02 03:00:00,1756782018.0,0.33
2025-09-02 04:00:00,1756785621.0,0.33
2025-09-02 05:00:00,1756789207.0,0.33
2025-09-02 06:00:00,1756792807.0,0.33
2025-09-02 07:00:00,1756796412.0,0.33
2025-09-02 08:00:00,1756800004.0,0.335
2025-09-02 09:00:00,1756803611.0,0.335
2025-09-02 10:00:00,1756807216.0,0.33
2025-09-02 11:00:00,1756810804.0,0.335
2025-09-02 12:00:00,1756814403.0,0.33
2025-09-02 13:00:00,1756818020.0,0.305
2025-09-02 14:00:00,1756821610.0,0.305
2025-09-02 15:00:00,1756825210.0,0.305
2025-09-02 16:00:00,1756828804.0,0.305
2025-09-02 17:00:00,1756832421.0,0.305
2025-09-02 18:00:00,1756836023.0,0.305
2025-09-02 19:00:00,1756839615.0,0.325
2025-09-02 20:00:00,1756843218.0,0.325
2025-09-02 21:00:00,1756846810.0,0.315
2025-09-02 22:00:00,1756850415.0,0.32
2025-09-02 23:00:00,1756854018.0,0.32
2025-09-03 00:00:00,1756857613.0,0.32
2025-09-03 01:00:00,1756861210.0,0.32
2025-09-03 02:00:00,1756864815.0,0.32
2025-09-03 03:00:00,1756868419.0,0.33
2025-09-03 04:00:00,1756872018.0,0.33
2025-09-03 05:00:00,1756875620.0,0.33
2025-09-03 06:00:00,1756879220.0,0.33
2025-09-03 07:00:00,1756882812.0,0.33
2025-09-03 08:00:00,1756886414.0,0.33
2025-09-03 09:00:00,1756890007.0,0.33
2025-09-03 10:00:00,1756893607.0,0.33
2025-09-03 11:00:00,1756897204.0,0.33
2025-09-03 12:00:00,1756900816.0,0.33
2025-09-03 13:00:00,1756904410.0,0.37
2025-09-03 14:00:00,1756908007.0,0.375
2025-09-03 15:00:00,1756911615.0,0.36
2025-09-03 16:00:00,1756915213.0,0.365
2025-09-03 17:00:00,1756918820.0,0.365
2025-09-03 18:00:00,1756922411.0,0.36
2025-09-03 19:00:00,1756926009.0,0.345
2025-09-03 20:00:00,1756929618.0,0.345
2025-09-03 21:00:00,1756933217.0,0.345
2025-09-03 22:00:00,1756936817.0,0.345
2025-09-03 23:00:00,1756940405.0,0.345
2025-09-04 00:00:00,1756944006.0,0.34
2025-09-04 01:00:00,1756947606.0,0.345
2025-09-04 02:00:00,1756951211.0,0.345
2025-09-04 03:00:00,1756954802.0,0.345
2025-09-04 04:00:00,1756958403.0,0.345
2025-09-04 05:00:00,1756962019.0,0.35
2025-09-04 06:00:00,1756965622.0,0.345
2025-09-04 07:00:00,1756969202.0,0.35
2025-09-04 08:00:00,1756972822.0,0.35
2025-09-04 09:00:00,1756976416.0,0.35
2025-09-04 10:00:00,1756980007.0,0.35
2025-09-04 11:00:00,1756983606.0,0.365
2025-09-04 12:00:00,1756987215.0,0.355
2025-09-04 13:00:00,1756990822.0,0.355
2025-09-04 14:00:00,1756994406.0,0.355
2025-09-04 15:00:00,1756998007.0,0.345
2025-09-04 16:00:00,1757001610.0,0.345
2025-09-04 17:00:00,1757005220.0,0.345
2025-09-04 18:00:00,1757008823.0,0.35
2025-09-04 19:00:00,1757012409.0,0.345
2025-09-04 20:00:00,1757016011.0,0.345
2025-09-04 21:00:00,1757019618.0,0.365
2025-09-04 22:00:00,1757023205.0,0.365
2025-09-04 23:00:00,1757026810.0,0.34
2025-09-05 00:00:00,1757030413.0,0.335
2025-09-05 01:00:00,1757034006.0,0.34
2025-09-05 02:00:00,1757037602.0,0.335
2025-09-05 03:00:00,1757041213.0,0.335
2025-09-05 04:00:00,1757044807.0,0.335
2025-09-05 05:00:00,1757048415.0,0.335
2025-09-05 06:00:00,1757052021.0,0.335
2025-09-05 07:00:00,1757055608.0,0.335
2025-09-05 08:00:00,1757059216.0,0.335
2025-09-05 09:00:00,1757062816.0,0.335
2025-09-05 10:00:00,1757066403.0,0.335
2025-09-05 11:00:00,1757070015.0,0.335
2025-09-05 12:00:00,1757073625.0,0.335
2025-09-05 13:00:00,1757077217.0,0.33
2025-09-05 14:00:00,1757080810.0,0.335
2025-09-05 15:00:00,1757084415.0,0.34
2025-09-05 16:00:00,1757088022.0,0.34
2025-09-05 17:00:00,1757091609.0,0.34
2025-09-05 18:00:00,1757095214.0,0.34
2025-09-05 19:00:00,1757098818.0,0.34
2025-09-05 20:00:00,1757102409.0,0.34
2025-09-05 21:00:00,1757106023.0,0.34
2025-09-05 22:00:00,1757109604.0,0.325
2025-09-05 23:00:00,1757113213.0,0.34
2025-09-06 00:00:00,1757116810.0,0.34
2025-09-06 01:00:00,1757120408.0,0.335
2025-09-06 02:00:00,1757124013.0,0.34
2025-09-06 03:00:00,1757127608.0,0.34
2025-09-06 04:00:00,1757131218.0,0.335
2025-09-06 05:00:00,1757134815.0,0.34
2025-09-06 06:00:00,1757138418.0,0.34
2025-09-06 07:00:00,1757142004.0,0.34
2025-09-06 08:00:00,1757145618.0,0.34
2025-09-06 09:00:00,1757149209.0,0.34
2025-09-06 10:00:00,1757152809.0,0.34
2025-09-06 11:00:00,1757156418.0,0.34
2025-09-06 12:00:00,1757160025.0,0.33
2025-09-06 13:00:00,1757163616.0,0.335
2025-09-06 14:00:00,1757167208.0,0.335
2025-09-06 15:00:00,1757170802.0,0.335
2025-09-06 16:00:00,1757174415.0,0.345
2025-09-06 17:00:00,1757178020.0,0.345
2025-09-06 18:00:00,1757181620.0,0.33
2025-09-06 19:00:00,1757185206.0,0.335
2025-09-06 20:00:00,1757188809.0,0.345
2025-09-06 21:00:00,1757192416.0,0.345
2025-09-06 22:00:00,1757196016.0,0.345
2025-09-06 23:00:00,1757199604.0,0.345
2025-09-07 00:00:00,1757203212.0,0.35
2025-09-07 01:00:00,1757206805.0,0.36
2025-09-07 02:00:00,1757210405.0,0.355
2025-09-07 03:00:00,1757214012.0,0.355
2025-09-07 04:00:00,1757217610.0,0.355
2025-09-07 05:00:00,1757221216.0,0.36
2025-09-07 06:00:00,1757224824.0,0.36
2025-09-07 07:00:00,1757228413.0,0.36
2025-09-07 08:00:00,1757232014.0,0.36
2025-09-07 09:00:00,1757235610.0,0.365
2025-09-07 10:00:00,1757239226.0,0.36
2025-09-07 11:00:00,1757242815.0,0.36
2025-09-07 12:00:00,1757246417.0,0.365
2025-09-07 13:00:00,1757250011.0,0.36
2025-09-07 14:00:00,1757253612.0,0.36
2025-09-07 15:00:00,1757257202.0,0.36
2025-09-07 16:00:00,1757260820.0,0.36
2025-09-07 17:00:00,1757264411.0,0.365
2025-09-07 18:00:00,1757268015.0,0.36
2025-09-07 19:00:00,1757271605.0,0.365
2025-09-07 20:00:00,1757275217.0,0.36
2025-09-07 21:00:00,1757278820.0,0.36
2025-09-07 22:00:00,1757282414.0,0.36
2025-09-07 23:00:00,1757286004.0,0.36
2025-09-08 00:00:00,1757289611.0,0.365
2025-09-08 01:00:00,1757293213.0,0.36
2025-09-08 02:00:00,1757296802.0,0.36
2025-09-08 03:00:00,1757300414.0,0.36
2025-09-08 04:00:00,1757304007.0,0.365
2025-09-08 05:00:00,1757307613.0,0.365
2025-09-08 06:00:00,1757311209.0,0.365
2025-09-08 07:00:00,1757314817.0,0.36
2025-09-08 08:00:00,1757318412.0,0.36
2025-09-08 09:00:00,1757322016.0,0.36
2025-09-08 10:00:00,1757325609.0,0.36
2025-09-08 11:00:00,1757329215.0,0.37
2025-09-08 12:00:00,1757332820.0,0.365
2025-09-08 13:00:00,1757336404.0,0.37
2025-09-08 14:00:00,1757340017.0,0.365
2025-09-08 15:00:00,1757343612.0,0.37
2025-09-08 16:00:00,1757347205.0,0.37
2025-09-08 17:00:00,1757350805.0,0.365
2025-09-08 18:00:00,1757354410.0,0.36
2025-09-08 19:00:00,1757358008.0,0.365
2025-09-08 20:00:00,1757361620.0,0.36
2025-09-08 21:00:00,1757365220.0,0.36
2025-09-08 22:00:00,1757368814.0,0.36
2025-09-08 23:00:00,1757372418.0,0.36
2025-09-09 00:00:00,1757376009.0,0.36
2025-09-09 01:00:00,1757379602.0,0.365
2025-09-09 02:00:00,1757383214.0,0.36
2025-09-09 03:00:00,1757386809.0,0.365
2025-09-09 04:00:00,1757390420.0,0.365
2025-09-09 05:00:00,1757394002.0,0.365
2025-09-09 06:00:00,1757397614.0,0.36
2025-09-09 07:00:00,1757401213.0,0.365
2025-09-09 08:00:00,1757404814.0,0.365
2025-09-09 09:00:00,1757408428.0,0.365
2025-09-09 10:00:00,1757412019.0,0.365
2025-09-09 11:00:00,1757415618.0,0.365
2025-09-09 12:00:00,1757419228.0,0.365
2025-09-09 13:00:00,1757422812.0,0.365
2025-09-09 14:00:00,1757426416.0,0.365
2025-09-09 15:00:00,1757430010.0,0.365
2025-09-09 16:00:00,1757433606.0,0.365
2025-09-09 17:00:00,1757437202.0,0.365
2025-09-09 18:00:00,1757440815.0,0.365
2025-09-09 19:00:00,1757444414.0,0.37
2025-09-09 20:00:00,1757448009.0,0.375
2025-09-09 21:00:00,1757451604.0,0.375
2025-09-09 22:00:00,1757455218.0,0.375
2025-09-09 23:00:00,1757458805.0,0.375
2025-09-10 00:00:00,1757462411.0,0.37
2025-09-10 01:00:00,1757466015.0,0.37
2025-09-10 02:00:00,1757469610.0,0.375
2025-09-10 03:00:00,1757473223.0,0.375
2025-09-10 04:00:00,1757476811.0,0.375
2025-09-10 05:00:00,1757480414.0,0.375
2025-09-10 06:00:00,1757484002.0,0.375
2025-09-10 07:00:00,1757487616.0,0.375
2025-09-10 08:00:00,1757491211.0,0.375
2025-09-10 09:00:00,1757494818.0,0.375
2025-09-10 10:00:00,1757498417.0,0.38
2025-09-10 11:00:00,1757502002.0,0.38
2025-09-10 12:00:00,1757505617.0,0.38
2025-09-10 13:00:00,1757509216.0,0.38
2025-09-10 14:00:00,1757512803.0,0.38
2025-09-10 15:00:00,1757516417.0,0.38
2025-09-10 16:00:00,1757520008.0,0.385
2025-09-10 17:00:00,1757523614.0,0.38
2025-09-10 18:00:00,1757527204.0,0.38
2025-09-10 19:00:00,1757530810.0,0.38
2025-09-10 20:00:00,1757534413.0,0.38
2025-09-10 21:00:00,1757538005.0,0.38
2025-09-10 22:00:00,1757541613.0,0.38
2025-09-10 23:00:00,1757545215.0,0.38
2025-09-11 00:00:00,1757548808.0,0.38
2025-09-11 01:00:00,1757552402.0,0.38
2025-09-11 02:00:00,1757556014.0,0.38
2025-09-11 03:00:00,1757559613.0,0.38
2025-09-11 04:00:00,1757563213.0,0.38
2025-09-11 05:00:00,1757566808.0,0.38
2025-09-11 06:00:00,1757570425.0,0.38
2025-09-11 07:00:00,1757574010.0,0.38
2025-09-11 08:00:00,1757577616.0,0.38
2025-09-11 09:00:00,1757581226.0,0.38
2025-09-11 10:00:00,1757584809.0,0.38
2025-09-11 11:00:00,1757588411.0,0.38
2025-09-11 12:00:00,1757592021.0,0.38
2025-09-11 13:00:00,1757595616.0,0.36
2025-09-11 14:00:00,1757599220.0,0.36
2025-09-11 15:00:00,1757602814.0,0.36
2025-09-11 16:00:00,1757606416.0,0.365
2025-09-11 17:00:00,1757610011.0,0.365
2025-09-11 18:00:00,1757613625.0,0.365
2025-09-11 19:00:00,1757617217.0,0.36
2025-09-11 20:00:00,1757620804.0,0.355
2025-09-11 21:00:00,1757624405.0,0.36
2025-09-11 22:00:00,1757628018.0,0.355
2025-09-11 23:00:00,1757631607.0,0.355
2025-09-12 00:00:00,1757635209.0,0.355
2025-09-12 01:00:00,1757638816.0,0.355
2025-09-12 02:00:00,1757642404.0,0.355
2025-09-12 03:00:00,1757646011.0,0.355
2025-09-12 04:00:00,1757649620.0,0.36
2025-09-12 05:00:00,1757653217.0,0.355
2025-09-12 06:00:00,1757656810.0,0.355
2025-09-12 07:00:00,1757660412.0,0.36
2025-09-12 08:00:00,1757664018.0,0.355
2025-09-12 09:00:00,1757667629.0,0.355
2025-09-12 10:00:00,1757671220.0,0.355
2025-09-12 11:00:00,1757674806.0,0.355
2025-09-12 12:00:00,1757678435.0,0.355
2025-09-12 13:00:00,1757682010.0,0.355
2025-09-12 14:00:00,1757685614.0,0.355
2025-09-12 15:00:00,1757689202.0,0.355
2025-09-12 16:00:00,1757692802.0,0.365
2025-09-12 17:00:00,1757696402.0,0.365
2025-09-12 18:00:00,1757700019.0,0.365
2025-09-12 19:00:00,1757703626.0,0.33
2025-09-12 20:00:00,1757707208.0,0.33
2025-09-12 21:00:00,1757710818.0,0.31
2025-09-12 22:00:00,1757714405.0,0.32
2025-09-12 23:00:00,1757718021.0,0.315
2025-09-13 00:00:00,1757721610.0,0.31
2025-09-13 01:00:00,1757725212.0,0.305
2025-09-13 02:00:00,1757728815.0,0.305
2025-09-13 03:00:00,1757732424.0,0.305
2025-09-13 04:00:00,1757736013.0,0.305
2025-09-13 05:00:00,1757739617.0,0.305
2025-09-13 06:00:00,1757743215.0,0.305
2025-09-13 07:00:00,1757746802.0,0.305
2025-09-13 08:00:00,1757750414.0,0.33
2025-09-13 09:00:00,1757754022.0,0.325
2025-09-13 10:00:00,1757757603.0,0.325
2025-09-13 11:00:00,1757761208.0,0.325
2025-09-13 12:00:00,1757764803.0,0.33
2025-09-13 13:00:00,1757768406.0,0.33
2025-09-13 14:00:00,1757772013.0,0.33
2025-09-13 15:00:00,1757775609.0,0.33
2025-09-13 16:00:00,1757779218.0,0.33
2025-09-13 17:00:00,1757782821.0,0.33
2025-09-13 18:00:00,1757786423.0,0.33
2025-09-13 19:00:00,1757790009.0,0.33
2025-09-13 20:00:00,1757793606.0,0.33
2025-09-13 21:00:00,1757797215.0,0.33
2025-09-13 22:00:00,1757800813.0,0.33
2025-09-13 23:00:00,1757804416.0,0.33
2025-09-14 00:00:00,1757808012.0,0.315
2025-09-14 01:00:00,1757811603.0,0.32
2025-09-14 02:00:00,1757815209.0,0.32
2025-09-14 03:00:00,1757818818.0,0.32
2025-09-14 04:00:00,1757822416.0,0.32
2025-09-14 05:00:00,1757826018.0,0.32
2025-09-14 06:00:00,1757829611.0,0.32
2025-09-14 07:00:00,1757833217.0,0.32
2025-09-14 08:00:00,1757836806.0,0.32
2025-09-14 09:00:00,1757840408.0,0.355
2025-09-14 10:00:00,1757844020.0,0.35
2025-09-14 11:00:00,1757847606.0,0.35
2025-09-14 12:00:00,1757851215.0,0.35
2025-09-14 13:00:00,1757854814.0,0.35
2025-09-14 14:00:00,1757858404.0,0.355
2025-09-14 15:00:00,1757862021.0,0.345
2025-09-14 16:00:00,1757865605.0,0.35
2025-09-14 17:00:00,1757869202.0,0.335
2025-09-14 18:00:00,1757872809.0,0.36
2025-09-14 19:00:00,1757876416.0,0.335
2025-09-14 20:00:00,1757880014.0,0.36
2025-09-14 21:00:00,1757883602.0,0.355
2025-09-14 22:00:00,1757887210.0,0.36
2025-09-14 23:00:00,1757890820.0,0.355
2025-09-15 00:00:00,1757894409.0,0.345
2025-09-15 01:00:00,1757898011.0,0.36
2025-09-15 02:00:00,1757901615.0,0.36
2025-09-15 03:00:00,1757905216.0,0.35
2025-09-15 04:00:00,1757908816.0,0.355
2025-09-15 05:00:00,1757912416.0,0.35
2025-09-15 06:00:00,1757916019.0,0.36
2025-09-15 07:00:00,1757919620.0,0.345
2025-09-15 08:00:00,1757923219.0,0.345
2025-09-15 09:00:00,1757926805.0,0.345
2025-09-15 10:00:00,1757930412.0,0.345
2025-09-15 11:00:00,1757934004.0,0.345
2025-09-15 12:00:00,1757937616.0,0.345
2025-09-15 13:00:00,1757941214.0,0.345
2025-09-15 14:00:00,1757944815.0,0.35
2025-09-15 15:00:00,1757948407.0,0.355
2025-09-15 16:00:00,1757952017.0,0.35
2025-09-15 17:00:00,1757955619.0,0.355
2025-09-15 18:00:00,1757959210.0,0.355
2025-09-15 19:00:00,1757962812.0,0.355
2025-09-15 20:00:00,1757966405.0,0.35
2025-09-15 21:00:00,1757970004.0,0.35
2025-09-15 22:00:00,1757973610.0,0.35
2025-09-15 23:00:00,1757977206.0,0.32
2025-09-16 00:00:00,1757980821.0,0.32
2025-09-16 01:00:00,1757984417.0,0.32
2025-09-16 02:00:00,1757988006.0,0.32
2025-09-16 03:00:00,1757991611.0,0.315
2025-09-16 04:00:00,1757995218.0,0.32
2025-09-16 05:00:00,1757998815.0,0.32
2025-09-16 06:00:00,1758002411.0,0.32
2025-09-16 07:00:00,1758006012.0,0.33
2025-09-16 08:00:00,1758009609.0,0.335
2025-09-16 09:00:00,1758013216.0,0.335
2025-09-16 10:00:00,1758016807.0,0.335
2025-09-16 11:00:00,1758020406.0,0.335
2025-09-16 12:00:00,1758024005.0,0.335
2025-09-16 13:00:00,1758027607.0,0.335
2025-09-16 14:00:00,1758031204.0,0.335
2025-09-16 15:00:00,1758034807.0,0.335
2025-09-16 16:00:00,1758038412.0,0.325
2025-09-16 17:00:00,1758042016.0,0.32
2025-09-16 18:00:00,1758045611.0,0.325
2025-09-16 19:00:00,1758049220.0,0.34
2025-09-16 20:00:00,1758052802.0,0.345
2025-09-16 21:00:00,1758056416.0,0.345
2025-09-16 22:00:00,1758060007.0,0.34
2025-09-16 23:00:00,1758063606.0,0.34
2025-09-17 00:00:00,1758067213.0,0.335
2025-09-17 01:00:00,1758070806.0,0.335
2025-09-17 02:00:00,1758074417.0,0.335
2025-09-17 03:00:00,1758078015.0,0.335
2025-09-17 04:00:00,1758081612.0,0.335
2025-09-17 05:00:00,1758085203.0,0.325
2025-09-17 06:00:00,1758088820.0,0.325
2025-09-17 07:00:00,1758092406.0,0.325
2025-09-17 08:00:00,1758096002.0,0.325
2025-09-17 09:00:00,1758099628.0,0.325
2025-09-17 10:00:00,1758103216.0,0.325
2025-09-17 11:00:00,1758106811.0,0.325
2025-09-17 12:00:00,1758110423.0,0.325
2025-09-17 13:00:00,1758114017.0,0.325
2025-09-17 14:00:00,1758117604.0,0.33
2025-09-17 15:00:00,1758121219.0,0.32
2025-09-17 16:00:00,1758124804.0,0.33
2025-09-17 17:00:00,1758128418.0,0.33
2025-09-17 18:00:00,1758132243.0,0.33
2025-09-17 19:00:00,1758135613.0,0.32
2025-09-17 20:00:00,1758139211.0,0.32
2025-09-17 21:00:00,1758142814.0,0.29
2025-09-17 22:00:00,1758146410.0,0.31
2025-09-17 23:00:00,1758150007.0,0.305
2025-09-18 00:00:00,1758153606.0,0.3
2025-09-18 01:00:00,1758157204.0,0.3
2025-09-18 02:00:00,1758160813.0,0.31
2025-09-18 03:00:00,1758164421.0,0.295
2025-09-18 04:00:00,1758168004.0,0.29
2025-09-18 05:00:00,1758171615.0,0.3
2025-09-18 06:00:00,1758175225.0,0.295
2025-09-18 07:00:00,1758178802.0,0.295
2025-09-18 08:00:00,1758182411.0,0.3
2025-09-18 09:00:00,1758186006.0,0.3
2025-09-18 10:00:00,1758189609.0,0.295
2025-09-18 11:00:00,1758193216.0,0.29
2025-09-18 12:00:00,1758196823.0,0.29
2025-09-18 13:00:00,1758200418.0,0.29
2025-09-18 14:00:00,1758204018.0,0.29
2025-09-18 15:00:00,1758207602.0,0.295
2025-09-18 16:00:00,1758211208.0,0.295
2025-09-18 17:00:00,1758214820.0,0.285
2025-09-18 18:00:00,1758218419.0,0.275
2025-09-18 19:00:00,1758222004.0,0.29
2025-09-18 20:00:00,1758225611.0,0.295
2025-09-18 21:00:00,1758229221.0,0.295
2025-09-18 22:00:00,1758232819.0,0.3
2025-09-18 23:00:00,1758236406.0,0.3
2025-09-19 00:00:00,1758240012.0,0.29
2025-09-19 01:00:00,1758243608.0,0.29
2025-09-19 02:00:00,1758247215.0,0.29
2025-09-19 03:00:00,1758250805.0,0.29
2025-09-19 04:00:00,1758254407.0,0.29
2025-09-19 05:00:00,1758258008.0,0.29
2025-09-19 06:00:00,1758261608.0,0.29
2025-09-19 07:00:00,1758265224.0,0.295
2025-09-19 08:00:00,1758268809.0,0.295
2025-09-19 09:00:00,1758272418.0,0.295
2025-09-19 10:00:00,1758276025.0,0.295
2025-09-19 11:00:00,1758279609.0,0.295
2025-09-19 12:00:00,1758283221.0,0.295
2025-09-19 13:00:00,1758286802.0,0.295
2025-09-19 14:00:00,1758290406.0,0.29
2025-09-19 15:00:00,1758294017.0,0.285
2025-09-19 16:00:00,1758297603.0,0.28
2025-09-19 17:00:00,1758301221.0,0.28
2025-09-19 18:00:00,1758304825.0,0.285
2025-09-19 19:00:00,1758308402.0,0.28
2025-09-19 20:00:00,1758312011.0,0.28
2025-09-19 21:00:00,1758315621.0,0.28
2025-09-19 22:00:00,1758319212.0,0.28
2025-09-19 23:00:00,1758322824.0,0.285
2025-09-20 00:00:00,1758326409.0,0.285
2025-09-20 01:00:00,1758330015.0,0.29
2025-09-20 02:00:00,1758333604.0,0.29
2025-09-20 03:00:00,1758337211.0,0.285
2025-09-20 04:00:00,1758340808.0,0.285
2025-09-20 05:00:00,1758344407.0,0.29
2025-09-20 06:00:00,1758348027.0,0.29
2025-09-20 07:00:00,1758351606.0,0.29
2025-09-20 08:00:00,1758355210.0,0.29
2025-09-20 09:00:00,1758358804.0,0.29
2025-09-20 10:00:00,1758362425.0,0.29
2025-09-20 11:00:00,1758366010.0,0.29
2025-09-20 12:00:00,1758369633.0,0.29
2025-09-20 13:00:00,1758373216.0,0.285
2025-09-20 14:00:00,1758376814.0,0.29
2025-09-20 15:00:00,1758380404.0,0.29
2025-09-20 16:00:00,1758384002.0,0.29
2025-09-20 17:00:00,1758387603.0,0.285
2025-09-20 18:00:00,1758391215.0,0.29
2025-09-20 19:00:00,1758394810.0,0.29
2025-09-20 20:00:00,1758398422.0,0.29
2025-09-20 21:00:00,1758402023.0,0.29
2025-09-20 22:00:00,1758405621.0,0.29
2025-09-20 23:00:00,1758409224.0,0.29
2025-09-21 00:00:00,1758412808.0,0.29
2025-09-21 01:00:00,1758416406.0,0.29
2025-09-21 02:00:00,1758420012.0,0.29
2025-09-21 03:00:00,1758423612.0,0.29
2025-09-21 04:00:00,1758427210.0,0.29
2025-09-21 05:00:00,1758430808.0,0.29
2025-09-21 06:00:00,1758434402.0,0.285
2025-09-21 07:00:00,1758438019.0,0.285
2025-09-21 08:00:00,1758441620.0,0.285
2025-09-21 09:00:00,1758445213.0,0.29
2025-09-21 10:00:00,1758448814.0,0.285
2025-09-21 11:00:00,1758452411.0,0.285
2025-09-21 12:00:00,1758456027.0,0.29
2025-09-21 13:00:00,1758459616.0,0.285
2025-09-21 14:00:00,1758463208.0,0.29
2025-09-21 15:00:00,1758466804.0,0.29
2025-09-21 16:00:00,1758470410.0,0.29
2025-09-21 17:00:00,1758474021.0,0.29
2025-09-21 18:00:00,1758477608.0,0.29
2025-09-21 19:00:00,1758481211.0,0.29
2025-09-21 20:00:00,1758484808.0,0.29
2025-09-21 21:00:00,1758488409.0,0.29
2025-09-21 22:00:00,1758492011.0,0.285
2025-09-21 23:00:00,1758495608.0,0.285
2025-09-22 00:00:00,1758499202.0,0.29
2025-09-22 01:00:00,1758502810.0,0.29
2025-09-22 02:00:00,1758506404.0,0.29
2025-09-22 03:00:00,1758510019.0,0.29
2025-09-22 04:00:00,1758513607.0,0.29
2025-09-22 05:00:00,1758517215.0,0.29
2025-09-22 06:00:00,1758520806.0,0.29
2025-09-22 07:00:00,1758524407.0,0.29
2025-09-22 08:00:00,1758528019.0,0.29
2025-09-22 09:00:00,1758531613.0,0.29
2025-09-22 10:00:00,1758535219.0,0.29
2025-09-22 11:00:00,1758538820.0,0.29
2025-09-22 12:00:00,1758542425.0,0.29
2025-09-22 13:00:00,1758546007.0,0.285
2025-09-22 14:00:00,1758549614.0,0.285
2025-09-22 15:00:00,1758553207.0,0.285
2025-09-22 16:00:00,1758556820.0,0.285
2025-09-22 17:00:00,1758560413.0,0.285
2025-09-22 18:00:00,1758564009.0,0.285
2025-09-22 19:00:00,1758567612.0,0.28
2025-09-22 20:00:00,1758571220.0,0.28
2025-09-22 21:00:00,1758574818.0,0.28
2025-09-22 22:00:00,1758578413.0,0.28
2025-09-22 23:00:00,1758582002.0,0.28
2025-09-23 00:00:00,1758585612.0,0.28
2025-09-23 01:00:00,1758589213.0,0.28
2025-09-23 02:00:00,1758592816.0,0.28
2025-09-23 03:00:00,1758596411.0,0.28
2025-09-23 04:00:00,1758600018.0,0.28
2025-09-23 05:00:00,1758603608.0,0.28
2025-09-23 06:00:00,1758607204.0,0.28
2025-09-23 07:00:00,1758610816.0,0.28
2025-09-23 08:00:00,1758614419.0,0.28
2025-09-23 09:00:00,1758618011.0,0.28
2025-09-23 10:00:00,1758621611.0,0.28
2025-09-23 11:00:00,1758625207.0,0.28
2025-09-23 12:00:00,1758628820.0,0.28
2025-09-23 13:00:00,1758632404.0,0.28
2025-09-23 14:00:00,1758636015.0,0.28
2025-09-23 15:00:00,1758639615.0,0.28
2025-09-23 16:00:00,1758643205.0,0.28
2025-09-23 17:00:00,1758646824.0,0.28
2025-09-23 18:00:00,1758650408.0,0.28
2025-09-23 19:00:00,1758654021.0,0.275
2025-09-23 20:00:00,1758657615.0,0.275
2025-09-23 21:00:00,1758661221.0,0.275
2025-09-23 22:00:00,1758664821.0,0.275
2025-09-23 23:00:00,1758668403.0,0.275
2025-09-24 00:00:00,1758672004.0,0.28
2025-09-24 01:00:00,1758675607.0,0.215
2025-09-24 02:00:00,1758679204.0,0.215
2025-09-24 03:00:00,1758682818.0,0.215
2025-09-24 04:00:00,1758686412.0,0.215
2025-09-24 05:00:00,1758690015.0,0.215
2025-09-24 06:00:00,1758693602.0,0.215
2025-09-24 07:00:00,1758697206.0,0.215
2025-09-24 08:00:00,1758700813.0,0.215
2025-09-24 09:00:00,1758704414.0,0.225
2025-09-24 10:00:00,1758708010.0,0.225
2025-09-24 11:00:00,1758711611.0,0.225
2025-09-24 12:00:00,1758715216.0,0.235
2025-09-24 13:00:00,1758718811.0,0.235
2025-09-24 14:00:00,1758722407.0,0.235
2025-09-24 15:00:00,1758726008.0,0.235
2025-09-24 16:00:00,1758729603.0,0.235
2025-09-24 17:00:00,1758733205.0,0.235
2025-09-24 18:00:00,1758736804.0,0.235
2025-09-24 19:00:00,1758740408.0,0.235
2025-09-24 20:00:00,1758744004.0,0.235
2025-09-24 21:00:00,1758747605.0,0.235
2025-09-24 22:00:00,1758751205.0,0.235
2025-09-24 23:00:00,1758754811.0,0.235
2025-09-25 00:00:00,1758758407.0,0.225
2025-09-25 01:00:00,1758762008.0,0.235
2025-09-25 02:00:00,1758765609.0,0.235
2025-09-25 03:00:00,1758769209.0,0.235
2025-09-25 04:00:00,1758772812.0,0.235
2025-09-25 05:00:00,1758776407.0,0.235
2025-09-25 06:00:00,1758780014.0,0.25
2025-09-25 07:00:00,1758783609.0,0.25
2025-09-25 08:00:00,1758787207.0,0.25
2025-09-25 09:00:00,1758790803.0,0.25
2025-09-25 10:00:00,1758794403.0,0.25
2025-09-25 11:00:00,1758798010.0,0.25
2025-09-25 12:00:00,1758801611.0,0.25
2025-09-25 13:00:00,1758805214.0,0.25
2025-09-25 14:00:00,1758808815.0,0.25
2025-09-25 15:00:00,1758812410.0,0.25
2025-09-25 16:00:00,1758816005.0,0.25
2025-09-25 17:00:00,1758819617.0,0.25
2025-09-25 18:00:00,1758823213.0,0.25
2025-09-25 19:00:00,1758826807.0,0.25
2025-09-25 20:00:00,1758830406.0,0.25
2025-09-25 21:00:00,1758834016.0,0.25
2025-09-25 22:00:00,1758837605.0,0.25
2025-09-25 23:00:00,1758841210.0,0.25
2025-09-26 00:00:00,1758844807.0,0.25
2025-09-26 01:00:00,1758848407.0,0.25
2025-09-26 02:00:00,1758852006.0,0.25
2025-09-26 03:00:00,1758855611.0,0.25
2025-09-26 04:00:00,1758859206.0,0.25
2025-09-26 05:00:00,1758862805.0,0.25
2025-09-26 06:00:00,1758866410.0,0.25
2025-09-26 07:00:00,1758870015.0,0.25
2025-09-26 08:00:00,1758873610.0,0.25
2025-09-26 09:00:00,1758877215.0,0.25
2025-09-26 10:00:00,1758880807.0,0.25
2025-09-26 11:00:00,1758884412.0,0.25
2025-09-26 12:00:00,1758888019.0,0.25
2025-09-26 13:00:00,1758891607.0,0.25
2025-09-26 14:00:00,1758895204.0,0.245
2025-09-26 15:00:00,1758898804.0,0.245
2025-09-26 16:00:00,1758902415.0,0.245
2025-09-26 17:00:00,1758906015.0,0.245
2025-09-26 18:00:00,1758909605.0,0.245
2025-09-26 19:00:00,1758913212.0,0.245
2025-09-26 20:00:00,1758916807.0,0.24
2025-09-26 21:00:00,1758920407.0,0.245
2025-09-26 22:00:00,1758924016.0,0.245
2025-09-26 23:00:00,1758927603.0,0.245
2025-09-27 00:00:00,1758931211.0,0.24
2025-09-27 01:00:00,1758934809.0,0.255
2025-09-27 02:00:00,1758938408.0,0.255
2025-09-27 03:00:00,1758942005.0,0.26
2025-09-27 04:00:00,1758945614.0,0.26
2025-09-27 05:00:00,1758949213.0,0.26
2025-09-27 06:00:00,1758952813.0,0.26
2025-09-27 07:00:00,1758956409.0,0.26
2025-09-27 08:00:00,1758960007.0,0.26
2025-09-27 09:00:00,1758963604.0,0.26
2025-09-27 10:00:00,1758967212.0,0.26
2025-09-27 11:00:00,1758970817.0,0.26
2025-09-27 12:00:00,1758974409.0,0.26
2025-09-27 13:00:00,1758978014.0,0.26
2025-09-27 14:00:00,1758981612.0,0.26
2025-09-27 15:00:00,1758985213.0,0.26
2025-09-27 16:00:00,1758988814.0,0.26
2025-09-27 17:00:00,1758992404.0,0.26
2025-09-27 18:00:00,1758996012.0,0.26
2025-09-27 19:00:00,1758999618.0,0.26
2025-09-27 20:00:00,1759003202.0,0.26
2025-09-27 21:00:00,1759006816.0,0.26
2025-09-27 22:00:00,1759010404.0,0.26
2025-09-27 23:00:00,1759014003.0,0.255
2025-09-28 00:00:00,1759017608.0,0.25
2025-09-28 01:00:00,1759021211.0,0.25
2025-09-28 02:00:00,1759024808.0,0.255
2025-09-28 03:00:00,1759028407.0,0.255
2025-09-28 04:00:00,1759032014.0,0.255
2025-09-28 05:00:00,1759035612.0,0.255
2025-09-28 06:00:00,1759039212.0,0.255
2025-09-28 07:00:00,1759042809.0,0.255
2025-09-28 08:00:00,1759046404.0,0.255
2025-09-28 09:00:00,1759050015.0,0.255
2025-09-28 10:00:00,1759053605.0,0.255
2025-09-28 11:00:00,1759057203.0,0.255
2025-09-28 12:00:00,1759060816.0,0.255
2025-09-28 13:00:00,1759064411.0,0.255
2025-09-28 14:00:00,1759068007.0,0.255
2025-09-28 15:00:00,1759071608.0,0.255
2025-09-28 16:00:00,1759075216.0,0.255
2025-09-28 17:00:00,1759078817.0,0.255
2025-09-28 18:00:00,1759082417.0,0.255
2025-09-28 19:00:00,1759086015.0,0.26
2025-09-28 20:00:00,1759089604.0,0.26
2025-09-28 21:00:00,1759093208.0,0.26
2025-09-28 22:00:00,1759096804.0,0.26
2025-09-28 23:00:00,1759100410.0,0.255
2025-09-29 00:00:00,1759104010.0,0.255
2025-09-29 01:00:00,1759107607.0,0.255
2025-09-29 02:00:00,1759111207.0,0.255
2025-09-29 03:00:00,1759114804.0,0.255
2025-09-29 04:00:00,1759118408.0,0.255
2025-09-29 05:00:00,1759122013.0,0.255
2025-09-29 06:00:00,1759125609.0,0.255
2025-09-29 07:00:00,1759129214.0,0.255
2025-09-29 08:00:00,1759132810.0,0.255
2025-09-29 09:00:00,1759136403.0,0.255
2025-09-29 10:00:00,1759140004.0,0.255
2025-09-29 11:00:00,1759143611.0,0.255
2025-09-29 12:00:00,1759147212.0,0.255
2025-09-29 13:00:00,1759150809.0,0.25
2025-09-29 14:00:00,1759154402.0,0.25
2025-09-29 15:00:00,1759158009.0,0.25
2025-09-29 16:00:00,1759161602.0,0.245
2025-09-29 17:00:00,1759165213.0,0.22
2025-09-29 18:00:00,1759168813.0,0.22
2025-09-29 19:00:00,1759172409.0,0.215
2025-09-29 20:00:00,1759176006.0,0.225
2025-09-29 21:00:00,1759179602.0,0.225
2025-09-29 22:00:00,1759183209.0,0.225
2025-09-29 23:00:00,1759186805.0,0.225
2025-09-30 00:00:00,1759190411.0,0.225
2025-09-30 01:00:00,1759194010.0,0.225
2025-09-30 02:00:00,1759197603.0,0.225
2025-09-30 03:00:00,1759201208.0,0.225
2025-09-30 04:00:00,1759204802.0,0.225
2025-09-30 05:00:00,1759208408.0,0.225
2025-09-30 06:00:00,1759212002.0,0.225
2025-09-30 07:00:00,1759215605.0,0.225
2025-09-30 08:00:00,1759219204.0,0.225
2025-09-30 09:00:00,1759222810.0,0.225
2025-09-30 10:00:00,1759226404.0,0.225
2025-09-30 11:00:00,1759230007.0,0.225
2025-09-30 12:00:00,1759233605.0,0.235
2025-09-30 13:00:00,1759237203.0,0.235
2025-09-30 14:00:00,1759240812.0,0.235
2025-09-30 15:00:00,1759244409.0,0.24
2025-09-30 16:00:00,1759248002.0,0.235
2025-09-30 17:00:00,1759251611.0,0.24
2025-09-30 18:00:00,1759255204.0,0.24
2025-09-30 19:00:00,1759258811.0,0.24
2025-09-30 20:00:00,1759262404.0,0.24
2025-09-30 21:00:00,1759266012.0,0.24
2025-09-30 22:00:00,1759269614.0,0.24
2025-09-30 23:00:00,1759273203.0,0.24
2025-10-01 00:00:00,1759276808.0,0.24
2025-10-01 01:00:00,1759280404.0,0.24
2025-10-01 02:00:00,1759284003.0,0.24
2025-10-01 03:00:00,1759287604.0,0.24
2025-10-01 04:00:00,1759291202.0,0.24
2025-10-01 05:00:00,1759294803.0,0.24
2025-10-01 06:00:00,1759298411.0,0.24
2025-10-01 07:00:00,1759302008.0,0.24
2025-10-01 08:00:00,1759305606.0,0.24
2025-10-01 09:00:00,1759309207.0,0.24
2025-10-01 10:00:00,1759312806.0,0.24
2025-10-01 11:00:00,1759316405.0,0.24
2025-10-01 12:00:00,1759320004.0,0.245
2025-10-01 13:00:00,1759323603.0,0.24
2025-10-01 14:00:00,1759327204.0,0.24
2025-10-01 15:00:00,1759330802.0,0.24
2025-10-01 16:00:00,1759334412.0,0.24
2025-10-01 17:00:00,1759338007.0,0.245
2025-10-01 18:00:00,1759341602.0,0.245
2025-10-01 19:00:00,1759345204.0,0.235
2025-10-01 20:00:00,1759348807.0,0.235
2025-10-01 21:00:00,1759352407.0,0.235
2025-10-01 22:00:00,1759356005.0,0.235
2025-10-01 23:00:00,1759359605.0,0.235
2025-10-02 00:00:00,1759363210.0,0.235
2025-10-02 01:00:00,1759366810.0,0.23
2025-10-02 02:00:00,1759370402.0,0.23
2025-10-02 03:00:00,1759374010.0,0.23
2025-10-02 04:00:00,1759377602.0,0.23
2025-10-02 05:00:00,1759381209.0,0.23
2025-10-02 06:00:00,1759384813.0,0.23
2025-10-02 07:00:00,1759388411.0,0.23
2025-10-02 08:00:00,1759392002.0,0.23
2025-10-02 09:00:00,1759395611.0,0.23
2025-10-02 10:00:00,1759399203.0,0.23
2025-10-02 11:00:00,1759402802.0,0.23
2025-10-02 12:00:00,1759406405.0,0.23
2025-10-02 13:00:00,1759410008.0,0.23
2025-10-02 14:00:00,1759413602.0,0.23
2025-10-02 15:00:00,1759417213.0,0.23
2025-10-02 16:00:00,1759420812.0,0.23
2025-10-02 17:00:00,1759424402.0,0.225
2025-10-02 18:00:00,1759428009.0,0.225
2025-10-02 19:00:00,1759431605.0,0.225
2025-10-02 20:00:00,1759435210.0,0.225
2025-10-02 21:00:00,1759438807.0,0.225
2025-10-02 22:00:00,1759442404.0,0.225
2025-10-02 23:00:00,1759446008.0,0.225
2025-10-03 00:00:00,1759449610.0,0.225
2025-10-03 01:00:00,1759453203.0,0.225
2025-10-03 02:00:00,1759456809.0,0.225
2025-10-03 03:00:00,1759460405.0,0.225
2025-10-03 04:00:00,1759464013.0,0.225
2025-10-03 05:00:00,1759467607.0,0.225
2025-10-03 06:00:00,1759471206.0,0.225
2025-10-03 07:00:00,1759474812.0,0.225
2025-10-03 08:00:00,1759478407.0,0.225
2025-10-03 09:00:00,1759482006.0,0.225
2025-10-03 10:00:00,1759485607.0,0.225
2025-10-03 11:00:00,1759489206.0,0.225
2025-10-03 12:00:00,1759492805.0,0.225
2025-10-03 13:00:00,1759496406.0,0.225
2025-10-03 14:00:00,1759500007.0,0.225
2025-10-03 15:00:00,1759503607.0,0.225
2025-10-03 16:00:00,1759507207.0,0.225
2025-10-03 17:00:00,1759510808.0,0.225
2025-10-03 18:00:00,1759514404.0,0.225
2025-10-03 19:00:00,1759518005.0,0.225
2025-10-03 20:00:00,1759521606.0,0.225
2025-10-03 21:00:00,1759525203.0,0.225
2025-10-03 22:00:00,1759528808.0,0.225
2025-10-03 23:00:00,1759532408.0,0.225
2025-10-04 00:00:00,1759536011.0,0.225
2025-10-04 01:00:00,1759539602.0,0.225
2025-10-04 02:00:00,1759543202.0,0.225
2025-10-04 03:00:00,1759546809.0,0.225
2025-10-04 04:00:00,1759550407.0,0.225
2025-10-04 05:00:00,1759554007.0,0.225
2025-10-04 06:00:00,1759557609.0,0.225
2025-10-04 07:00:00,1759561202.0,0.225
2025-10-04 08:00:00,1759564803.0,0.215
2025-10-04 09:00:00,1759568406.0,0.215
2025-10-04 10:00:00,1759572005.0,0.215
2025-10-04 11:00:00,1759575603.0,0.215
2025-10-04 12:00:00,1759579204.0,0.215
2025-10-04 13:00:00,1759582804.0,0.215
2025-10-04 14:00:00,1759586402.0,0.215
2025-10-04 15:00:00,1759590007.0,0.215
2025-10-04 16:00:00,1759593604.0,0.215
2025-10-04 17:00:00,1759597204.0,0.215
2025-10-04 18:00:00,1759600807.0,0.215
2025-10-04 19:00:00,1759604404.0,0.215
2025-10-04 20:00:00,1759608002.0,0.215
2025-10-04 21:00:00,1759611608.0,0.215
2025-10-04 22:00:00,1759615203.0,0.215
2025-10-04 23:00:00,1759618803.0,0.215
2025-10-05 00:00:00,1759622407.0,0.215
2025-10-05 01:00:00,1759626003.0,0.215
2025-10-05 02:00:00,1759629605.0,0.215
2025-10-05 03:00:00,1759633207.0,0.215
2025-10-05 04:00:00,1759636805.0,0.215
2025-10-05 05:00:00,1759640403.0,0.215
2025-10-05 06:00:00,1759644007.0,0.22
2025-10-05 07:00:00,1759647606.0,0.225
2025-10-05 08:00:00,1759651204.0,0.225
2025-10-05 09:00:00,1759654809.0,0.225
2025-10-05 10:00:00,1759658405.0,0.225
2025-10-05 11:00:00,1759662008.0,0.225
2025-10-05 12:00:00,1759665609.0,0.225
2025-10-05 13:00:00,1759669207.0,0.225
2025-10-05 14:00:00,1759672802.0,0.235
2025-10-05 15:00:00,1759676408.0,0.255
2025-10-05 16:00:00,1759680006.0,0.25
2025-10-05 17:00:00,1759683610.0,0.25
2025-10-05 18:00:00,1759687208.0,0.245
2025-10-05 19:00:00,1759690807.0,0.245
2025-10-05 20:00:00,1759694404.0,0.245
2025-10-05 21:00:00,1759698005.0,0.245
2025-10-05 22:00:00,1759701606.0,0.245
2025-10-05 23:00:00,1759705204.0,0.245
2025-10-06 00:00:00,1759708806.0,0.245
2025-10-06 01:00:00,1759712407.0,0.245
2025-10-06 02:00:00,1759716002.0,0.245
2025-10-06 03:00:00,1759719609.0,0.245
2025-10-06 04:00:00,1759723207.0,0.245
2025-10-06 05:00:00,1759726805.0,0.245
2025-10-06 06:00:00,1759730411.0,0.245
2025-10-06 07:00:00,1759734012.0,0.245
2025-10-06 08:00:00,1759737607.0,0.245
2025-10-06 09:00:00,1759741206.0,0.245
2025-10-06 10:00:00,1759744802.0,0.245
2025-10-06 11:00:00,1759748407.0,0.245
2025-10-06 12:00:00,1759752002.0,0.23
2025-10-06 13:00:00,1759755604.0,0.23
2025-10-06 14:00:00,1759759202.0,0.23
2025-10-06 15:00:00,1759762804.0,0.23
2025-10-06 16:00:00,1759766403.0,0.23
2025-10-06 17:00:00,1759770004.0,0.23
2025-10-06 18:00:00,1759773604.0,0.23
2025-10-06 19:00:00,1759777208.0,0.23
2025-10-06 20:00:00,1759780813.0,0.235
2025-10-06 21:00:00,1759784403.0,0.24
2025-10-06 22:00:00,1759788009.0,0.235
2025-10-06 23:00:00,1759791614.0,0.245
2025-10-07 00:00:00,1759795209.0,0.235
2025-10-07 01:00:00,1759798803.0,0.235
2025-10-07 02:00:00,1759802405.0,0.24
2025-10-07 03:00:00,1759806012.0,0.23
2025-10-07 04:00:00,1759809605.0,0.225
2025-10-07 05:00:00,1759813206.0,0.225
2025-10-07 06:00:00,1759816805.0,0.225
2025-10-07 07:00:00,1759820402.0,0.225
2025-10-07 08:00:00,1759824012.0,0.225
2025-10-07 09:00:00,1759827611.0,0.225
2025-10-07 10:00:00,1759831207.0,0.225
2025-10-07 11:00:00,1759834803.0,0.225
2025-10-07 12:00:00,1759838416.0,0.225
2025-10-07 13:00:00,1759842011.0,0.225
2025-10-07 14:00:00,1759845607.0,0.225
2025-10-07 15:00:00,1759849211.0,0.22
2025-10-07 16:00:00,1759852814.0,0.22
2025-10-07 17:00:00,1759856413.0,0.22
2025-10-07 18:00:00,1759860009.0,0.22
2025-10-07 19:00:00,1759863611.0,0.22
2025-10-07 20:00:00,1759867212.0,0.22
2025-10-07 21:00:00,1759870816.0,0.22
2025-10-07 22:00:00,1759874414.0,0.22
2025-10-07 23:00:00,1759878007.0,0.22
2025-10-08 00:00:00,1759881608.0,0.22
2025-10-08 01:00:00,1759885209.0,0.22
2025-10-08 02:00:00,1759888810.0,0.22
2025-10-08 03:00:00,1759892416.0,0.22
2025-10-08 04:00:00,1759896014.0,0.22
2025-10-08 05:00:00,1759899613.0,0.22
2025-10-08 06:00:00,1759903207.0,0.22
2025-10-08 07:00:00,1759906810.0,0.22
2025-10-08 08:00:00,1759910414.0,0.22
2025-10-08 09:00:00,1759914014.0,0.22
2025-10-08 10:00:00,1759917603.0,0.22
2025-10-08 11:00:00,1759921207.0,0.22
2025-10-08 12:00:00,1759924811.0,0.22
2025-10-08 13:00:00,1759928415.0,0.22
2025-10-08 14:00:00,1759932006.0,0.22
2025-10-08 15:00:00,1759935610.0,0.22
2025-10-08 16:00:00,1759939202.0,0.22
2025-10-08 17:00:00,1759942810.0,0.22
2025-10-08 18:00:00,1759946405.0,0.22
2025-10-08 19:00:00,1759950014.0,0.225
2025-10-08 20:00:00,1759953604.0,0.225
2025-10-08 21:00:00,1759957210.0,0.225
2025-10-08 22:00:00,1759960813.0,0.225
2025-10-08 23:00:00,1759964404.0,0.22
2025-10-09 00:00:00,1759968012.0,0.22
2025-10-09 01:00:00,1759971607.0,0.22
2025-10-09 02:00:00,1759975204.0,0.22
2025-10-09 03:00:00,1759978802.0,0.22
2025-10-09 04:00:00,1759982406.0,0.22
2025-10-09 05:00:00,1759986004.0,0.22
2025-10-09 06:00:00,1759989621.0,0.22
2025-10-09 07:00:00,1759993208.0,0.22
2025-10-09 08:00:00,1759996804.0,0.22
2025-10-09 09:00:00,1760000414.0,0.22
2025-10-09 10:00:00,1760004006.0,0.22
2025-10-09 11:00:00,1760007607.0,0.22
2025-10-09 12:00:00,1760011209.0,0.22
2025-10-09 13:00:00,1760014807.0,0.22
2025-10-09 14:00:00,1760018412.0,0.22
2025-10-09 15:00:00,1760022004.0,0.225
2025-10-09 16:00:00,1760025619.0,0.225
2025-10-09 17:00:00,1760029219.0,0.225
2025-10-09 18:00:00,1760032810.0,0.225
2025-10-09 19:00:00,1760036412.0,0.225
2025-10-09 20:00:00,1760040010.0,0.225
2025-10-09 21:00:00,1760043603.0,0.225
2025-10-09 22:00:00,1760047209.0,0.225
2025-10-09 23:00:00,1760050810.0,0.225
2025-10-10 00:00:00,1760054410.0,0.225
2025-10-10 01:00:00,1760058006.0,0.225
2025-10-10 02:00:00,1760061616.0,0.225
2025-10-10 03:00:00,1760065215.0,0.225
2025-10-10 04:00:00,1760068820.0,0.225
2025-10-10 05:00:00,1760072417.0,0.225
2025-10-10 06:00:00,1760076022.0,0.225
2025-10-10 07:00:00,1760079609.0,0.225
2025-10-10 08:00:00,1760083211.0,0.225
2025-10-10 09:00:00,1760086819.0,0.225
2025-10-10 10:00:00,1760090418.0,0.225
2025-10-10 11:00:00,1760094008.0,0.22
2025-10-10 12:00:00,1760097623.0,0.225
2025-10-10 13:00:00,1760101217.0,0.25
2025-10-10 14:00:00,1760104811.0,0.225
2025-10-10 15:00:00,1760108411.0,0.225
2025-10-10 16:00:00,1760112016.0,0.225
2025-10-10 17:00:00,1760115603.0,0.225
2025-10-10 18:00:00,1760119212.0,0.225
2025-10-10 19:00:00,1760122805.0,0.225
2025-10-10 20:00:00,1760126414.0,0.225
2025-10-10 21:00:00,1760130021.0,0.225
2025-10-10 22:00:00,1760133610.0,0.225
2025-10-10 23:00:00,1760137205.0,0.245
2025-10-11 00:00:00,1760140808.0,0.24
2025-10-11 01:00:00,1760144410.0,0.24
2025-10-11 02:00:00,1760148015.0,0.23
2025-10-11 03:00:00,1760151610.0,0.23
2025-10-11 04:00:00,1760155214.0,0.225
2025-10-11 05:00:00,1760158811.0,0.22
2025-10-11 06:00:00,1760162406.0,0.23
2025-10-11 07:00:00,1760166005.0,0.235
2025-10-11 08:00:00,1760169616.0,0.235
2025-10-11 09:00:00,1760173212.0,0.235
2025-10-11 10:00:00,1760176806.0,0.22
2025-10-11 11:00:00,1760180406.0,0.225
2025-10-11 12:00:00,1760184009.0,0.225
2025-10-11 13:00:00,1760187604.0,0.22
2025-10-11 14:00:00,1760191211.0,0.225
2025-10-11 15:00:00,1760194805.0,0.225
2025-10-11 16:00:00,1760198418.0,0.225
2025-10-11 17:00:00,1760202008.0,0.215
2025-10-11 18:00:00,1760205604.0,0.225
2025-10-11 19:00:00,1760209213.0,0.22
2025-10-11 20:00:00,1760212812.0,0.225
2025-10-11 21:00:00,1760216423.0,0.225
2025-10-11 22:00:00,1760220006.0,0.225
2025-10-11 23:00:00,1760223608.0,0.225
2025-10-12 00:00:00,1760227208.0,0.225
2025-10-12 01:00:00,1760230811.0,0.225
2025-10-12 02:00:00,1760234414.0,0.225
2025-10-12 03:00:00,1760238016.0,0.225
2025-10-12 04:00:00,1760241620.0,0.22
2025-10-12 05:00:00,1760245205.0,0.22
2025-10-12 06:00:00,1760248806.0,0.22
2025-10-12 07:00:00,1760252407.0,0.22
2025-10-12 08:00:00,1760256017.0,0.22
2025-10-12 09:00:00,1760259609.0,0.22
2025-10-12 10:00:00,1760263203.0,0.22
2025-10-12 11:00:00,1760266817.0,0.22
2025-10-12 12:00:00,1760270404.0,0.22
2025-10-12 13:00:00,1760274003.0,0.215
2025-10-12 14:00:00,1760277611.0,0.215
2025-10-12 15:00:00,1760281209.0,0.225
2025-10-12 16:00:00,1760284810.0,0.225
2025-10-12 17:00:00,1760288405.0,0.225
2025-10-12 18:00:00,1760292021.0,0.225
2025-10-12 19:00:00,1760295612.0,0.225
2025-10-12 20:00:00,1760299213.0,0.225
2025-10-12 21:00:00,1760302805.0,0.225
2025-10-12 22:00:00,1760306413.0,0.225
2025-10-12 23:00:00,1760310008.0,0.225
2025-10-13 00:00:00,1760313615.0,0.225
2025-10-13 01:00:00,1760317212.0,0.215
2025-10-13 02:00:00,1760320809.0,0.215
2025-10-13 03:00:00,1760324404.0,0.215
2025-10-13 04:00:00,1760328008.0,0.215
2025-10-13 05:00:00,1760331615.0,0.215
2025-10-13 06:00:00,1760335208.0,0.215
2025-10-13 07:00:00,1760338814.0,0.215
2025-10-13 08:00:00,1760342411.0,0.215
2025-10-13 09:00:00,1760346015.0,0.215
2025-10-13 10:00:00,1760349607.0,0.215
2025-10-13 11:00:00,1760353219.0,0.215
2025-10-13 12:00:00,1760356816.0,0.215
2025-10-13 13:00:00,1760360410.0,0.215
2025-10-13 14:00:00,1760364003.0,0.215
2025-10-13 15:00:00,1760367613.0,0.215
2025-10-13 16:00:00,1760371210.0,0.215
2025-10-13 17:00:00,1760374804.0,0.215
2025-10-13 18:00:00,1760378413.0,0.215
2025-10-13 19:00:00,1760382003.0,0.215
2025-10-13 20:00:00,1760385603.0,0.215
2025-10-13 21:00:00,1760389218.0,0.215
2025-10-13 22:00:00,1760392812.0,0.215
2025-10-13 23:00:00,1760396403.0,0.215
2025-10-14 00:00:00,1760400016.0,0.215
2025-10-14 01:00:00,1760403605.0,0.215
2025-10-14 02:00:00,1760407205.0,0.215
2025-10-14 03:00:00,1760410817.0,0.215
2025-10-14 04:00:00,1760414409.0,0.215
2025-10-14 05:00:00,1760418009.0,0.215
2025-10-14 06:00:00,1760421610.0,0.215
2025-10-14 07:00:00,1760425206.0,0.215
2025-10-14 08:00:00,1760428805.0,0.215
2025-10-14 09:00:00,1760432422.0,0.215
2025-10-14 10:00:00,1760436014.0,0.215
2025-10-14 11:00:00,1760439616.0,0.215
2025-10-14 12:00:00,1760443207.0,0.215
2025-10-14 13:00:00,1760446816.0,0.215
2025-10-14 14:00:00,1760450414.0,0.215
2025-10-14 15:00:00,1760454003.0,0.215
2025-10-14 16:00:00,1760457614.0,0.215
2025-10-14 17:00:00,1760461205.0,0.215
2025-10-14 18:00:00,1760464817.0,0.215
2025-10-14 19:00:00,1760468413.0,0.215
2025-10-14 20:00:00,1760472020.0,0.215
2025-10-14 21:00:00,1760475609.0,0.215
2025-10-14 22:00:00,1760479215.0,0.215
2025-10-14 23:00:00,1760482810.0,0.215
2025-10-15 00:00:00,1760486410.0,0.215
2025-10-15 01:00:00,1760490009.0,0.215
2025-10-15 02:00:00,1760493611.0,0.215
2025-10-15 03:00:00,1760497218.0,0.215
2025-10-15 04:00:00,1760500803.0,0.215
2025-10-15 05:00:00,1760504417.0,0.215
2025-10-15 06:00:00,1760508024.0,0.215
2025-10-15 07:00:00,1760511604.0,0.215
2025-10-15 08:00:00,1760515208.0,0.215
2025-10-15 09:00:00,1760518818.0,0.215
2025-10-15 10:00:00,1760522412.0,0.215
2025-10-15 11:00:00,1760526006.0,0.215
2025-10-15 12:00:00,1760529609.0,0.215
2025-10-15 13:00:00,1760533215.0,0.13
2025-10-15 14:00:00,1760536805.0,0.13
2025-10-15 15:00:00,1760540418.0,0.13
2025-10-15 16:00:00,1760544004.0,0.13
2025-10-15 17:00:00,1760547603.0,0.13
2025-10-15 18:00:00,1760551220.0,0.13
2025-10-15 19:00:00,1760554816.0,0.13
2025-10-15 20:00:00,1760558417.0,0.135
2025-10-15 21:00:00,1760562003.0,0.135
2025-10-15 22:00:00,1760565605.0,0.135
2025-10-15 23:00:00,1760569203.0,0.135
2025-10-16 00:00:00,1760572814.0,0.135
2025-10-16 01:00:00,1760576405.0,0.135
2025-10-16 02:00:00,1760580015.0,0.135
2025-10-16 03:00:00,1760583608.0,0.135
2025-10-16 04:00:00,1760587212.0,0.135
2025-10-16 05:00:00,1760590812.0,0.135
2025-10-16 06:00:00,1760594425.0,0.16
2025-10-16 07:00:00,1760598014.0,0.16
2025-10-16 08:00:00,1760601610.0,0.16
2025-10-16 09:00:00,1760605225.0,0.16
2025-10-16 10:00:00,1760608814.0,0.175
2025-10-16 11:00:00,1760612408.0,0.16
2025-10-16 12:00:00,1760616023.0,0.17
2025-10-16 13:00:00,1760619609.0,0.175
2025-10-16 14:00:00,1760623217.0,0.17
2025-10-16 15:00:00,1760626820.0,0.175
2025-10-16 16:00:00,1760630407.0,0.175
2025-10-16 17:00:00,1760634007.0,0.185
2025-10-16 18:00:00,1760637616.0,0.185
2025-10-16 19:00:00,1760641215.0,0.16
2025-10-16 20:00:00,1760644818.0,0.165
2025-10-16 21:00:00,1760648419.0,0.165
2025-10-16 22:00:00,1760652013.0,0.165
2025-10-16 23:00:00,1760655610.0,0.16
2025-10-17 00:00:00,1760659214.0,0.155
2025-10-17 01:00:00,1760662812.0,0.155
2025-10-17 02:00:00,1760666413.0,0.15
2025-10-17 03:00:00,1760670017.0,0.15
2025-10-17 04:00:00,1760673612.0,0.15
2025-10-17 05:00:00,1760677218.0,0.15
2025-10-17 06:00:00,1760680818.0,0.15
2025-10-17 07:00:00,1760684419.0,0.15
2025-10-17 08:00:00,1760688005.0,0.15
2025-10-17 09:00:00,1760691623.0,0.15
2025-10-17 10:00:00,1760695213.0,0.15
2025-10-17 11:00:00,1760698803.0,0.15
2025-10-17 12:00:00,1760702425.0,0.15
2025-10-17 13:00:00,1760706013.0,0.15
2025-10-17 14:00:00,1760709612.0,0.15
2025-10-17 15:00:00,1760713203.0,0.145
2025-10-17 16:00:00,1760716817.0,0.145
2025-10-17 17:00:00,1760720408.0,0.145
2025-10-17 18:00:00,1760724019.0,0.15
2025-10-17 19:00:00,1760727615.0,0.15
2025-10-17 20:00:00,1760731208.0,0.15
2025-10-17 21:00:00,1760734803.0,0.15
2025-10-17 22:00:00,1760738408.0,0.15
2025-10-17 23:00:00,1760742007.0,0.15
2025-10-18 00:00:00,1760745609.0,0.145
2025-10-18 01:00:00,1760749208.0,0.145
2025-10-18 02:00:00,1760752806.0,0.145
2025-10-18 03:00:00,1760756429.0,0.145
2025-10-18 04:00:00,1760760014.0,0.145
2025-10-18 05:00:00,1760763622.0,0.145
2025-10-18 06:00:00,1760767227.0,0.145
2025-10-18 07:00:00,1760770820.0,0.145
2025-10-18 08:00:00,1760774410.0,0.145
2025-10-18 09:00:00,1760778026.0,0.145
2025-10-18 10:00:00,1760781610.0,0.145
2025-10-18 11:00:00,1760785205.0,0.145
2025-10-18 12:00:00,1760788826.0,0.145
2025-10-18 13:00:00,1760792409.0,0.145
2025-10-18 14:00:00,1760796006.0,0.145
2025-10-18 15:00:00,1760799614.0,0.145
2025-10-18 16:00:00,1760803217.0,0.145
2025-10-18 17:00:00,1760806807.0,0.145
2025-10-18 18:00:00,1760810422.0,0.145
2025-10-18 19:00:00,1760814015.0,0.145
2025-10-18 20:00:00,1760817621.0,0.145
2025-10-18 21:00:00,1760821212.0,0.145
2025-10-18 22:00:00,1760824820.0,0.145
2025-10-18 23:00:00,1760828420.0,0.15
2025-10-19 00:00:00,1760832013.0,0.15
2025-10-19 01:00:00,1760835613.0,0.15
2025-10-19 02:00:00,1760839209.0,0.15
2025-10-19 03:00:00,1760842821.0,0.15
2025-10-19 04:00:00,1760846417.0,0.15
2025-10-19 05:00:00,1760850014.0,0.15
2025-10-19 06:00:00,1760853627.0,0.15
2025-10-19 07:00:00,1760857206.0,0.165
2025-10-19 08:00:00,1760860808.0,0.22
2025-10-19 09:00:00,1760864420.0,0.205
2025-10-19 10:00:00,1760868005.0,0.205
2025-10-19 11:00:00,1760871604.0,0.2
2025-10-19 12:00:00,1760875215.0,0.205
2025-10-19 13:00:00,1760878814.0,0.205
2025-10-19 14:00:00,1760882405.0,0.22
2025-10-19 15:00:00,1760886003.0,0.22
2025-10-19 16:00:00,1760889603.0,0.215
2025-10-19 17:00:00,1760893203.0,0.225
2025-10-19 18:00:00,1760896819.0,0.225
2025-10-19 19:00:00,1760900405.0,0.225
2025-10-19 20:00:00,1760904017.0,0.225
2025-10-19 21:00:00,1760907626.0,0.225
2025-10-19 22:00:00,1760911203.0,0.225
2025-10-19 23:00:00,1760914814.0,0.22
2025-10-20 00:00:00,1760918419.0,0.22
2025-10-20 01:00:00,1760922010.0,0.22
2025-10-20 02:00:00,1760925616.0,0.22
2025-10-20 03:00:00,1760929207.0,0.22
2025-10-20 04:00:00,1760932817.0,0.22
2025-10-20 05:00:00,1760936409.0,0.22
2025-10-20 06:00:00,1760940019.0,0.22
2025-10-20 07:00:00,1760943607.0,0.22
2025-10-20 08:00:00,1760947211.0,0.22
2025-10-20 09:00:00,1760950817.0,0.22
2025-10-20 10:00:00,1760954413.0,0.22
2025-10-20 11:00:00,1760958018.0,0.22
2025-10-20 12:00:00,1760961629.0,0.22
2025-10-20 13:00:00,1760965206.0,0.22
2025-10-20 14:00:00,1760968805.0,0.22
2025-10-20 15:00:00,1760972409.0,0.22
2025-10-20 16:00:00,1760976011.0,0.22
2025-10-20 17:00:00,1760979619.0,0.225
2025-10-20 18:00:00,1760983223.0,0.225
2025-10-20 19:00:00,1760986811.0,0.225
2025-10-20 20:00:00,1760990417.0,0.225
2025-10-20 21:00:00,1760994003.0,0.225
2025-10-20 22:00:00,1760997615.0,0.225
2025-10-20 23:00:00,1761001216.0,0.235
2025-10-21 00:00:00,1761004810.0,0.235
2025-10-21 01:00:00,1761008404.0,0.235
2025-10-21 02:00:00,1761012009.0,0.235
2025-10-21 03:00:00,1761015624.0,0.235
2025-10-21 04:00:00,1761019216.0,0.23
2025-10-21 05:00:00,1761022814.0,0.23
2025-10-21 06:00:00,1761026416.0,0.23
2025-10-21 07:00:00,1761030017.0,0.23
2025-10-21 08:00:00,1761033609.0,0.23
2025-10-21 09:00:00,1761037224.0,0.23
2025-10-21 10:00:00,1761040817.0,0.23
2025-10-21 11:00:00,1761044409.0,0.23
2025-10-21 12:00:00,1761048026.0,0.23
2025-10-21 13:00:00,1761051615.0,0.23
2025-10-21 14:00:00,1761055206.0,0.23
2025-10-21 15:00:00,1761058823.0,0.23
2025-10-21 16:00:00,1761062406.0,0.23
2025-10-21 17:00:00,1761066004.0,0.23
2025-10-21 18:00:00,1761069627.0,0.23
2025-10-21 19:00:00,1761073211.0,0.23
2025-10-21 20:00:00,1761076809.0,0.23
2025-10-21 21:00:00,1761080413.0,0.23
2025-10-21 22:00:00,1761084019.0,0.235
2025-10-21 23:00:00,1761087619.0,0.255
2025-10-22 00:00:00,1761091226.0,0.245
2025-10-22 01:00:00,1761094819.0,0.235
2025-10-22 02:00:00,1761098418.0,0.235
2025-10-22 03:00:00,1761102034.0,0.235
2025-10-22 04:00:00,1761105625.0,0.235
2025-10-22 05:00:00,1761109228.0,0.235
2025-10-22 06:00:00,1761112828.0,0.235
2025-10-22 07:00:00,1761116417.0,0.235
2025-10-22 08:00:00,1761120020.0,0.235
2025-10-22 09:00:00,1761123627.0,0.235
2025-10-22 10:00:00,1761127225.0,0.235
2025-10-22 11:00:00,1761130818.0,0.235
2025-10-22 12:00:00,1761134435.0,0.235
2025-10-22 13:00:00,1761138027.0,0.235
2025-10-22 14:00:00,1761141624.0,0.235
2025-10-22 15:00:00,1761145235.0,0.235
2025-10-22 16:00:00,1761148828.0,0.235
2025-10-22 17:00:00,1761152431.0,0.235
2025-10-22 18:00:00,1761156042.0,0.235
2025-10-22 19:00:00,1761159629.0,0.235
2025-10-22 20:00:00,1761163230.0,0.235
2025-10-22 21:00:00,1761166838.0,0.235
2025-10-22 22:00:00,1761170429.0,0.235
2025-10-22 23:00:00,1761174030.0,0.235
2025-10-23 00:00:00,1761177612.0,0.235
2025-10-23 01:00:00,1761181212.0,0.235
2025-10-23 02:00:00,1761184814.0,0.225
2025-10-23 03:00:00,1761188417.0,0.225
2025-10-23 04:00:00,1761192016.0,0.225
2025-10-23 05:00:00,1761195618.0,0.235
2025-10-23 06:00:00,1761199220.0,0.235
2025-10-23 07:00:00,1761202815.0,0.235
2025-10-23 08:00:00,1761206420.0,0.235
2025-10-23 09:00:00,1761210017.0,0.235
2025-10-23 10:00:00,1761213618.0,0.235
2025-10-23 11:00:00,1761217221.0,0.235
2025-10-23 12:00:00,1761220824.0,0.235
2025-10-23 13:00:00,1761224420.0,0.235
2025-10-23 14:00:00,1761228050.0,0.235
2025-10-23 15:00:00,1761231620.0,0.235
2025-10-23 16:00:00,1761235222.0,0.235
2025-10-23 17:00:00,1761238824.0,0.235
2025-10-23 18:00:00,1761242422.0,0.235
2025-10-23 19:00:00,1761246023.0,0.235
2025-10-23 20:00:00,1761249622.0,0.23
2025-10-23 21:00:00,1761253224.0,0.23
2025-10-23 22:00:00,1761256823.0,0.23
2025-10-23 23:00:00,1761260423.0,0.235
2025-10-24 00:00:00,1761264021.0,0.235
2025-10-24 01:00:00,1761267618.0,0.235
2025-10-24 02:00:00,1761271221.0,0.235
2025-10-24 03:00:00,1761274824.0,0.235
2025-10-24 04:00:00,1761278424.0,0.235
2025-10-24 05:00:00,1761282024.0,0.235
2025-10-24 06:00:00,1761285625.0,0.235
2025-10-24 07:00:00,1761289224.0,0.235
2025-10-24 08:00:00,1761292825.0,0.235
2025-10-24 09:00:00,1761296425.0,0.235
2025-10-24 10:00:00,1761300025.0,0.235
2025-10-24 11:00:00,1761303624.0,0.235
2025-10-24 12:00:00,1761307228.0,0.235
2025-10-24 13:00:00,1761310823.0,0.235
2025-10-24 14:00:00,1761314425.0,0.235
2025-10-24 15:00:00,1761318026.0,0.235
2025-10-24 16:00:00,1761321624.0,0.225
2025-10-24 17:00:00,1761325226.0,0.225
2025-10-24 18:00:00,1761328824.0,0.225
2025-10-24 19:00:00,1761332425.0,0.225
2025-10-24 20:00:00,1761336025.0,0.225
2025-10-24 21:00:00,1761339628.0,0.225
2025-10-24 22:00:00,1761343225.0,0.235
2025-10-24 23:00:00,1761346824.0,0.235
2025-10-25 00:00:00,1761350419.0,0.235
2025-10-25 01:00:00,1761354016.0,0.235
2025-10-25 02:00:00,1761357619.0,0.245
2025-10-25 03:00:00,1761361224.0,0.245
2025-10-25 04:00:00,1761364824.0,0.245
2025-10-25 05:00:00,1761368424.0,0.245
2025-10-25 06:00:00,1761372026.0,0.245
2025-10-25 07:00:00,1761375626.0,0.245
2025-10-25 08:00:00,1761379222.0,0.255
2025-10-25 09:00:00,1761382827.0,0.255
2025-10-25 10:00:00,1761386425.0,0.265
2025-10-25 11:00:00,1761390024.0,0.26
2025-10-25 12:00:00,1761393629.0,0.26
2025-10-25 13:00:00,1761397223.0,0.26
2025-10-25 14:00:00,1761400824.0,0.26
2025-10-25 15:00:00,1761404427.0,0.26
2025-10-25 16:00:00,1761408024.0,0.26
2025-10-25 17:00:00,1761411630.0,0.26
2025-10-25 18:00:00,1761415227.0,0.255
2025-10-25 19:00:00,1761418826.0,0.26
2025-10-25 20:00:00,1761422425.0,0.26
2025-10-25 21:00:00,1761426027.0,0.26
2025-10-25 22:00:00,1761429624.0,0.26
2025-10-25 23:00:00,1761433224.0,0.26
2025-10-26 00:00:00,1761436823.0,0.265
2025-10-26 01:00:00,1761440419.0,0.265
2025-10-26 02:00:00,1761444022.0,0.265
2025-10-26 03:00:00,1761447626.0,0.265
2025-10-26 04:00:00,1761451224.0,0.265
2025-10-26 05:00:00,1761454825.0,0.26
2025-10-26 06:00:00,1761458426.0,0.26
2025-10-26 07:00:00,1761462026.0,0.265
2025-10-26 08:00:00,1761465624.0,0.26
2025-10-26 09:00:00,1761469226.0,0.26
2025-10-26 10:00:00,1761472824.0,0.26
2025-10-26 11:00:00,1761476423.0,0.26
2025-10-26 12:00:00,1761480031.0,0.26
2025-10-26 13:00:00,1761483623.0,0.26
2025-10-26 14:00:00,1761487225.0,0.26
2025-10-26 15:00:00,1761490823.0,0.25
2025-10-26 16:00:00,1761494422.0,0.25
2025-10-26 17:00:00,1761498024.0,0.25
2025-10-26 18:00:00,1761501626.0,0.25
2025-10-26 19:00:00,1761505220.0,0.25
2025-10-26 20:00:00,1761508823.0,0.255
2025-10-26 21:00:00,1761512425.0,0.255
2025-10-26 22:00:00,1761516021.0,0.255
2025-10-26 23:00:00,1761519622.0,0.255
2025-10-27 00:00:00,1761523220.0,0.255
2025-10-27 01:00:00,1761526815.0,0.255
2025-10-27 02:00:00,1761530419.0,0.255
2025-10-27 03:00:00,1761534022.0,0.255
2025-10-27 04:00:00,1761537619.0,0.255
2025-10-27 05:00:00,1761541221.0,0.255
2025-10-27 06:00:00,1761544822.0,0.255
2025-10-27 07:00:00,1761548418.0,0.255
2025-10-27 08:00:00,1761552021.0,0.25
2025-10-27 09:00:00,1761555622.0,0.235
2025-10-27 10:00:00,1761559220.0,0.23
2025-10-27 11:00:00,1761562820.0,0.23
2025-10-27 12:00:00,1761566426.0,0.225
2025-10-27 13:00:00,1761570022.0,0.23
2025-10-27 14:00:00,1761573619.0,0.23
2025-10-27 15:00:00,1761577225.0,0.23
2025-10-27 16:00:00,1761580823.0,0.23
2025-10-27 17:00:00,1761584424.0,0.23
2025-10-27 18:00:00,1761588025.0,0.23
2025-10-27 19:00:00,1761591621.0,0.23
2025-10-27 20:00:00,1761595224.0,0.23
2025-10-27 21:00:00,1761598825.0,0.23
2025-10-27 22:00:00,1761602422.0,0.23
2025-10-27 23:00:00,1761606022.0,0.23
2025-10-28 00:00:00,1761609625.0,0.23
2025-10-28 01:00:00,1761613221.0,0.23
2025-10-28 02:00:00,1761616822.0,0.23
2025-10-28 03:00:00,1761620435.0,0.23
2025-10-28 04:00:00,1761624031.0,0.23
2025-10-28 05:00:00,1761627622.0,0.23
2025-10-28 06:00:00,1761631226.0,0.23
2025-10-28 07:00:00,1761634821.0,0.23
2025-10-28 08:00:00,1761638424.0,0.23
2025-10-28 09:00:00,1761642024.0,0.23
2025-10-28 10:00:00,1761645630.0,0.23
2025-10-28 11:00:00,1761649231.0,0.23
2025-10-28 12:00:00,1761652825.0,0.23
2025-10-28 13:00:00,1761656432.0,0.23
2025-10-28 14:00:00,1761660030.0,0.23
2025-10-28 15:00:00,1761663634.0,0.22
2025-10-28 16:00:00,1761667233.0,0.215
2025-10-28 17:00:00,1761670836.0,0.22
2025-10-28 18:00:00,1761674435.0,0.22
2025-10-28 19:00:00,1761678034.0,0.225
2025-10-28 20:00:00,1761681635.0,0.225
2025-10-28 21:00:00,1761685234.0,0.225
2025-10-28 22:00:00,1761688832.0,0.225
2025-10-28 23:00:00,1761692435.0,0.225
2025-10-29 00:00:00,1761696024.0,0.225
2025-10-29 01:00:00,1761699617.0,0.225
2025-10-29 02:00:00,1761703218.0,0.225
2025-10-29 03:00:00,1761706831.0,0.225
2025-10-29 04:00:00,1761710427.0,0.225
2025-10-29 05:00:00,1761714032.0,0.225
2025-10-29 06:00:00,1761717624.0,0.225
2025-10-29 07:00:00,1761721220.0,0.225
2025-10-29 08:00:00,1761724831.0,0.225
2025-10-29 09:00:00,1761728432.0,0.225
2025-10-29 12:00:00,1761740837.0,0.22
2025-10-29 13:00:00,1761743363.0,0.22
2025-10-29 14:00:00,1761746422.0,0.215
2025-10-29 15:00:00,1761750024.0,0.215
2025-10-29 16:00:00,1761753622.0,0.215
2025-10-29 17:00:00,1761757225.0,0.215
2025-10-29 18:00:00,1761760826.0,0.215
2025-10-29 19:00:00,1761764424.0,0.215
2025-10-29 20:00:00,1761768026.0,0.215
2025-10-29 21:00:00,1761771625.0,0.215
2025-10-29 22:00:00,1761775225.0,0.215
2025-10-29 23:00:00,1761778826.0,0.215
2025-10-30 00:00:00,1761782424.0,0.215
2025-10-30 01:00:00,1761786020.0,0.215
2025-10-30 02:00:00,1761789622.0,0.215
2025-10-30 03:00:00,1761793227.0,0.215
2025-10-30 04:00:00,1761796828.0,0.215
2025-10-30 05:00:00,1761800427.0,0.215
2025-10-30 06:00:00,1761804027.0,0.215
2025-10-30 07:00:00,1761807626.0,0.215
2025-10-30 08:00:00,1761811225.0,0.215
2025-10-30 09:00:00,1761814829.0,0.215
2025-10-30 10:00:00,1761818423.0,0.215
2025-10-30 11:00:00,1761822026.0,0.22
2025-10-30 12:00:00,1761825630.0,0.22
2025-10-30 13:00:00,1761829226.0,0.22
2025-10-30 14:00:00,1761832826.0,0.215
2025-10-30 15:00:00,1761836426.0,0.215
2025-10-30 16:00:00,1761840027.0,0.215
2025-10-30 17:00:00,1761843629.0,0.215
2025-10-30 18:00:00,1761847228.0,0.215
2025-10-30 19:00:00,1761850826.0,0.215
2025-10-30 20:00:00,1761854425.0,0.215
2025-10-30 21:00:00,1761858029.0,0.215
2025-10-30 22:00:00,1761861627.0,0.215
2025-10-30 23:00:00,1761865228.0,0.215
2025-10-31 00:00:00,1761868815.0,0.215
2025-10-31 01:00:00,1761872415.0,0.215
2025-10-31 02:00:00,1761876019.0,0.21
2025-10-31 03:00:00,1761879622.0,0.21
2025-10-31 04:00:00,1761883224.0,0.2
2025-10-31 05:00:00,1761886824.0,0.195
2025-10-31 06:00:00,1761890425.0,0.195
2025-10-31 07:00:00,1761894025.0,0.195
2025-10-31 08:00:00,1761897629.0,0.195
2025-10-31 09:00:00,1761901226.0,0.195
2025-10-31 10:00:00,1761904825.0,0.195
2025-10-31 11:00:00,1761908424.0,0.195
2025-10-31 12:00:00,1761912029.0,0.195
2025-10-31 13:00:00,1761915623.0,0.195
2025-10-31 14:00:00,1761919225.0,0.195
2025-10-31 15:00:00,1761922825.0,0.19
2025-10-31 16:00:00,1761926426.0,0.19
2025-10-31 17:00:00,1761930028.0,0.19
2025-10-31 18:00:00,1761933626.0,0.19
2025-10-31 19:00:00,1761937226.0,0.19
2025-10-31 20:00:00,1761940824.0,0.19
2025-10-31 21:00:00,1761944428.0,0.195
2025-10-31 22:00:00,1761948026.0,0.19
2025-10-31 23:00:00,1761951626.0,0.185
2025-11-01 00:00:00,1761955224.0,0.185
2025-11-01 01:00:00,1761958821.0,0.185
2025-11-01 02:00:00,1761962424.0,0.185
2025-11-01 03:00:00,1761966028.0,0.185
2025-11-01 04:00:00,1761969626.0,0.185
2025-11-01 05:00:00,1761973227.0,0.185
2025-11-01 06:00:00,1761976828.0,0.185
2025-11-01 07:00:00,1761980427.0,0.185
2025-11-01 08:00:00,1761984025.0,0.185
2025-11-01 09:00:00,1761987628.0,0.185
2025-11-01 10:00:00,1761991227.0,0.185
2025-11-01 11:00:00,1761994826.0,0.185
2025-11-01 12:00:00,1761998432.0,0.185
2025-11-01 13:00:00,1762002024.0,0.185
2025-11-01 14:00:00,1762005626.0,0.185
2025-11-01 15:00:00,1762009228.0,0.185
2025-11-01 16:00:00,1762012826.0,0.185
2025-11-01 17:00:00,1762016430.0,0.185
2025-11-01 18:00:00,1762020028.0,0.185
2025-11-01 19:00:00,1762023627.0,0.195
2025-11-01 20:00:00,1762027227.0,0.195
2025-11-01 21:00:00,1762030829.0,0.195
2025-11-01 22:00:00,1762034427.0,0.195
2025-11-01 23:00:00,1762038026.0,0.195
2025-11-02 00:00:00,1762041618.0,0.195
2025-11-02 01:00:00,1762045217.0,0.195
2025-11-02 02:00:00,1762048820.0,0.195
2025-11-02 03:00:00,1762052424.0,0.195
2025-11-02 04:00:00,1762056024.0,0.195
2025-11-02 05:00:00,1762059624.0,0.195
2025-11-02 06:00:00,1762063225.0,0.195
2025-11-02 07:00:00,1762066825.0,0.195
2025-11-02 08:00:00,1762070423.0,0.195
2025-11-02 09:00:00,1762074025.0,0.195
2025-11-02 10:00:00,1762077625.0,0.195
2025-11-02 11:00:00,1762081226.0,0.195
2025-11-02 12:00:00,1762084829.0,0.195
2025-11-02 13:00:00,1762088424.0,0.195
2025-11-02 14:00:00,1762092024.0,0.195
2025-11-02 15:00:00,1762095624.0,0.19
2025-11-02 16:00:00,1762099225.0,0.19
2025-11-02 17:00:00,1762102827.0,0.19
2025-11-02 18:00:00,1762106428.0,0.185
2025-11-02 19:00:00,1762110027.0,0.185
2025-11-02 20:00:00,1762113625.0,0.185
2025-11-02 21:00:00,1762117227.0,0.185
2025-11-02 22:00:00,1762120825.0,0.185
2025-11-02 23:00:00,1762124425.0,0.185
2025-11-03 00:00:00,1762128023.0,0.185
2025-11-03 01:00:00,1762131621.0,0.185
2025-11-03 02:00:00,1762135223.0,0.185
2025-11-03 03:00:00,1762138825.0,0.185
2025-11-03 04:00:00,1762142426.0,0.185
2025-11-03 05:00:00,1762146025.0,0.185
2025-11-03 06:00:00,1762149626.0,0.185
2025-11-03 07:00:00,1762153226.0,0.185
2025-11-03 08:00:00,1762156824.0,0.185
2025-11-03 09:00:00,1762160426.0,0.185
2025-11-03 10:00:00,1762164025.0,0.185
2025-11-03 11:00:00,1762167625.0,0.185
2025-11-03 12:00:00,1762171228.0,0.185
2025-11-03 13:00:00,1762174824.0,0.185
2025-11-03 14:00:00,1762178424.0,0.185
2025-11-03 15:00:00,1762182025.0,0.185
2025-11-03 16:00:00,1762185625.0,0.18
2025-11-03 17:00:00,1762189226.0,0.18
2025-11-03 18:00:00,1762192826.0,0.18
2025-11-03 19:00:00,1762196425.0,0.18
2025-11-03 20:00:00,1762200026.0,0.18
2025-11-03 21:00:00,1762203630.0,0.18
2025-11-03 22:00:00,1762207227.0,0.18
2025-11-03 23:00:00,1762210827.0,0.175
2025-11-04 00:00:00,1762214422.0,0.175
2025-11-04 01:00:00,1762218018.0,0.175
2025-11-04 02:00:00,1762221621.0,0.175
2025-11-04 03:00:00,1762225225.0,0.175
2025-11-04 04:00:00,1762228827.0,0.175
2025-11-04 05:00:00,1762232425.0,0.175
2025-11-04 06:00:00,1762236028.0,0.175
2025-11-04 07:00:00,1762239628.0,0.175
2025-11-04 08:00:00,1762243226.0,0.175
2025-11-04 09:00:00,1762246829.0,0.175
2025-11-04 10:00:00,1762250426.0,0.175
2025-11-04 11:00:00,1762254026.0,0.175
2025-11-04 12:00:00,1762257631.0,0.175
2025-11-04 13:00:00,1762261226.0,0.17
2025-11-04 14:00:00,1762264829.0,0.17
2025-11-04 15:00:00,1762268428.0,0.17
2025-11-04 16:00:00,1762272029.0,0.17
2025-11-04 17:00:00,1762275631.0,0.17
2025-11-04 18:00:00,1762279230.0,0.17
2025-11-04 19:00:00,1762282829.0,0.17
2025-11-04 20:00:00,1762286428.0,0.17
2025-11-04 21:00:00,1762290033.0,0.17
2025-11-04 22:00:00,1762293628.0,0.17
2025-11-04 23:00:00,1762297227.0,0.17
2025-11-05 00:00:00,1762300825.0,0.17
2025-11-05 01:00:00,1762304422.0,0.165
2025-11-05 02:00:00,1762308025.0,0.165
2025-11-05 03:00:00,1762311628.0,0.165
2025-11-05 04:00:00,1762315227.0,0.165
2025-11-05 05:00:00,1762318828.0,0.165
2025-11-05 06:00:00,1762322431.0,0.165
2025-11-05 07:00:00,1762326029.0,0.165
2025-11-05 08:00:00,1762329628.0,0.165
2025-11-05 09:00:00,1762333230.0,0.165
2025-11-05 10:00:00,1762336827.0,0.165
2025-11-05 11:00:00,1762340428.0,0.165
2025-11-05 12:00:00,1762344032.0,0.165
2025-11-05 13:00:00,1762347627.0,0.165
2025-11-05 14:00:00,1762351228.0,0.165
2025-11-05 15:00:00,1762354828.0,0.165
2025-11-05 16:00:00,1762358428.0,0.165
2025-11-05 17:00:00,1762362029.0,0.165
2025-11-05 18:00:00,1762365629.0,0.165
2025-11-05 19:00:00,1762369229.0,0.165
2025-11-05 20:00:00,1762372827.0,0.165
2025-11-05 21:00:00,1762376430.0,0.165
2025-11-05 22:00:00,1762380028.0,0.165
2025-11-05 23:00:00,1762383627.0,0.165
2025-11-06 00:00:00,1762387215.0,0.165
2025-11-06 01:00:00,1762390816.0,0.165
2025-11-06 02:00:00,1762394420.0,0.165
2025-11-06 03:00:00,1762398026.0,0.165
2025-11-06 04:00:00,1762401626.0,0.165
2025-11-06 05:00:00,1762405225.0,0.165
2025-11-06 06:00:00,1762408828.0,0.165
2025-11-06 07:00:00,1762412427.0,0.165
2025-11-06 08:00:00,1762416024.0,0.165
2025-11-06 09:00:00,1762419629.0,0.165
2025-11-06 10:00:00,1762423221.0,0.165
2025-11-06 11:00:00,1762426826.0,0.165
2025-11-06 12:00:00,1762430435.0,0.165
2025-11-06 13:00:00,1762434024.0,0.165
2025-11-06 14:00:00,1762437627.0,0.165
2025-11-06 15:00:00,1762441227.0,0.165
2025-11-06 16:00:00,1762444827.0,0.165
2025-11-06 17:00:00,1762448430.0,0.165
2025-11-06 18:00:00,1762452028.0,0.155
2025-11-06 19:00:00,1762455628.0,0.155
2025-11-06 20:00:00,1762459228.0,0.155
2025-11-06 21:00:00,1762462832.0,0.155
2025-11-06 22:00:00,1762466428.0,0.155
2025-11-06 23:00:00,1762470028.0,0.155
2025-11-07 00:00:00,1762473626.0,0.155
2025-11-07 01:00:00,1762477221.0,0.155
2025-11-07 02:00:00,1762480827.0,0.155
2025-11-07 03:00:00,1762484429.0,0.155
2025-11-07 04:00:00,1762488027.0,0.155
2025-11-07 05:00:00,1762491629.0,0.16
2025-11-07 06:00:00,1762495232.0,0.16
2025-11-07 07:00:00,1762498828.0,0.16
2025-11-07 08:00:00,1762502426.0,0.16
2025-11-07 09:00:00,1762506029.0,0.16
2025-11-07 10:00:00,1762509628.0,0.16
2025-11-07 11:00:00,1762513227.0,0.16
2025-11-07 12:00:00,1762516833.0,0.155
2025-11-07 13:00:00,1762520427.0,0.16
2025-11-07 14:00:00,1762524030.0,0.165
2025-11-07 15:00:00,1762527639.0,0.165
2025-11-07 16:00:00,1762531229.0,0.165
2025-11-07 17:00:00,1762534847.0,0.16
2025-11-07 18:00:00,1762538432.0,0.16
2025-11-07 19:00:00,1762542031.0,0.16
2025-11-07 20:00:00,1762545640.0,0.16
2025-11-07 21:00:00,1762549231.0,0.16
2025-11-07 22:00:00,1762552829.0,0.14
2025-11-07 23:00:00,1762556443.0,0.14
2025-11-08 00:00:00,1762560016.0,0.14
2025-11-08 01:00:00,1762563616.0,0.14
2025-11-08 02:00:00,1762567210.0,0.14
2025-11-08 03:00:00,1762570825.0,0.14
2025-11-08 04:00:00,1762574425.0,0.14
2025-11-08 05:00:00,1762578010.0,0.14
2025-11-08 06:00:00,1762581627.0,0.135
2025-11-08 07:00:00,1762585226.0,0.135
2025-11-08 08:00:00,1762588821.0,0.135
2025-11-08 09:00:00,1762592426.0,0.135
2025-11-08 10:00:00,1762596025.0,0.135
2025-11-08 11:00:00,1762599636.0,0.135
2025-11-08 12:00:00,1762603244.0,0.135
2025-11-08 13:00:00,1762606824.0,0.145
2025-11-08 14:00:00,1762610425.0,0.13
2025-11-08 15:00:00,1762614026.0,0.13
2025-11-08 16:00:00,1762617626.0,0.13
2025-11-08 17:00:00,1762621230.0,0.13
2025-11-08 18:00:00,1762624827.0,0.125
2025-11-08 19:00:00,1762628427.0,0.135
2025-11-08 20:00:00,1762632025.0,0.135
2025-11-08 21:00:00,1762635629.0,0.135
2025-11-08 22:00:00,1762639227.0,0.135
2025-11-08 23:00:00,1762642826.0,0.135
2025-11-09 00:00:00,1762646437.0,0.135
2025-11-09 01:00:00,1762650020.0,0.14
2025-11-09 02:00:00,1762653623.0,0.14
2025-11-09 03:00:00,1762657227.0,0.14
2025-11-09 04:00:00,1762660837.0,0.14
2025-11-09 05:00:00,1762664425.0,0.14
2025-11-09 06:00:00,1762668027.0,0.135
2025-11-09 07:00:00,1762671626.0,0.14
2025-11-09 08:00:00,1762675225.0,0.14
2025-11-09 09:00:00,1762678827.0,0.14
2025-11-09 10:00:00,1762682426.0,0.13
2025-11-09 11:00:00,1762686026.0,0.13
2025-11-09 12:00:00,1762689629.0,0.13
2025-11-09 13:00:00,1762693224.0,0.13
2025-11-09 14:00:00,1762696824.0,0.13
2025-11-09 15:00:00,1762700426.0,0.13
2025-11-09 16:00:00,1762704024.0,0.13
2025-11-09 17:00:00,1762707627.0,0.13
2025-11-09 18:00:00,1762711228.0,0.13
2025-11-09 19:00:00,1762714826.0,0.13
2025-11-09 20:00:00,1762718425.0,0.13
2025-11-09 21:00:00,1762722028.0,0.135
2025-11-09 22:00:00,1762725626.0,0.135
2025-11-09 23:00:00,1762729224.0,0.135
2025-11-10 00:00:00,1762732816.0,0.135
2025-11-10 01:00:00,1762736429.0,0.14
2025-11-10 02:00:00,1762740018.0,0.14
2025-11-10 03:00:00,1762743623.0,0.14
2025-11-10 04:00:00,1762747225.0,0.135
2025-11-10 05:00:00,1762750825.0,0.135
2025-11-10 06:00:00,1762754426.0,0.135
2025-11-10 07:00:00,1762758025.0,0.135
2025-11-10 08:00:00,1762761623.0,0.135
2025-11-10 09:00:00,1762765238.0,0.14
2025-11-10 10:00:00,1762768826.0,0.14
2025-11-10 11:00:00,1762772425.0,0.14
2025-11-10 12:00:00,1762776029.0,0.14
2025-11-10 13:00:00,1762779625.0,0.14
2025-11-10 14:00:00,1762783225.0,0.14
2025-11-10 15:00:00,1762786828.0,0.14
2025-11-10 16:00:00,1762790427.0,0.14
2025-11-10 17:00:00,1762794027.0,0.135
2025-11-10 18:00:00,1762797629.0,0.135
2025-11-10 19:00:00,1762801227.0,0.135
2025-11-10 20:00:00,1762804826.0,0.135
2025-11-10 21:00:00,1762808429.0,0.125
2025-11-10 22:00:00,1762812026.0,0.125
2025-11-10 23:00:00,1762815627.0,0.125
2025-11-11 00:00:00,1762819226.0,0.13
2025-11-11 01:00:00,1762822824.0,0.135
2025-11-11 02:00:00,1762826427.0,0.135
2025-11-11 03:00:00,1762830030.0,0.135
2025-11-11 04:00:00,1762833631.0,0.13
2025-11-11 05:00:00,1762837227.0,0.135
2025-11-11 06:00:00,1762840837.0,0.135
2025-11-11 07:00:00,1762844429.0,0.135
2025-11-11 08:00:00,1762848040.0,0.135
2025-11-11 09:00:00,1762851630.0,0.135
2025-11-11 10:00:00,1762855229.0,0.135
2025-11-11 11:00:00,1762858844.0,0.135
2025-11-11 12:00:00,1762862446.0,0.135
2025-11-11 13:00:00,1762866025.0,0.135
2025-11-11 14:00:00,1762869628.0,0.135
2025-11-11 15:00:00,1762873242.0,0.13
2025-11-11 16:00:00,1762876828.0,0.13
2025-11-11 17:00:00,1762880430.0,0.13
2025-11-11 18:00:00,1762884030.0,0.13
2025-11-11 19:00:00,1762887628.0,0.13
2025-11-11 20:00:00,1762891229.0,0.125
2025-11-11 21:00:00,1762894832.0,0.105
2025-11-11 22:00:00,1762898428.0,0.105
2025-11-11 23:00:00,1762902028.0,0.105
2025-11-12 00:00:00,1762905622.0,0.105
2025-11-12 01:00:00,1762909218.0,0.105
2025-11-12 02:00:00,1762912822.0,0.105
2025-11-12 03:00:00,1762916428.0,0.105
2025-11-12 04:00:00,1762920028.0,0.105
2025-11-12 05:00:00,1762923626.0,0.105
2025-11-12 06:00:00,1762927230.0,0.105
2025-11-12 07:00:00,1762930830.0,0.105
2025-11-12 08:00:00,1762934426.0,0.105
2025-11-12 09:00:00,1762938031.0,0.105
2025-11-12 10:00:00,1762941626.0,0.095
2025-11-12 11:00:00,1762945227.0,0.105
2025-11-12 12:00:00,1762948833.0,0.105
2025-11-12 13:00:00,1762952427.0,0.1
2025-11-12 14:00:00,1762956029.0,0.1
2025-11-12 15:00:00,1762959629.0,0.095
2025-11-12 16:00:00,1762963230.0,0.11
2025-11-12 17:00:00,1762966846.0,0.115
2025-11-12 18:00:00,1762970431.0,0.12
2025-11-12 19:00:00,1762974031.0,0.125
2025-11-12 20:00:00,1762977629.0,0.125
2025-11-12 21:00:00,1762981233.0,0.115
2025-11-12 22:00:00,1762984829.0,0.115
2025-11-12 23:00:00,1762988430.0,0.12
2025-11-13 00:00:00,1762992024.0,0.115
2025-11-13 01:00:00,1762995622.0,0.115
2025-11-13 02:00:00,1762999213.0,0.115
2025-11-13 03:00:00,1763002831.0,0.115
2025-11-13 04:00:00,1763006430.0,0.115
2025-11-13 05:00:00,1763010029.0,0.12
2025-11-13 06:00:00,1763013632.0,0.12
2025-11-13 07:00:00,1763017232.0,0.12
2025-11-13 08:00:00,1763020829.0,0.12
2025-11-13 09:00:00,1763024433.0,0.125
2025-11-13 10:00:00,1763028028.0,0.13
2025-11-13 11:00:00,1763031630.0,0.135
2025-11-13 12:00:00,1763035237.0,0.135
2025-11-13 13:00:00,1763038828.0,0.135
2025-11-13 14:00:00,1763042431.0,0.14
2025-11-13 15:00:00,1763046032.0,0.14
2025-11-13 16:00:00,1763049631.0,0.14
2025-11-13 17:00:00,1763053236.0,0.14
2025-11-13 18:00:00,1763056833.0,0.14
2025-11-13 19:00:00,1763060447.0,0.14
2025-11-13 20:00:00,1763064030.0,0.145
2025-11-13 21:00:00,1763067634.0,0.145
2025-11-13 22:00:00,1763071231.0,0.145
2025-11-13 23:00:00,1763074831.0,0.145
2025-11-14 00:00:00,1763078423.0,0.145
2025-11-14 01:00:00,1763082020.0,0.145
2025-11-14 02:00:00,1763085624.0,0.145
2025-11-14 03:00:00,1763089229.0,0.145
2025-11-14 04:00:00,1763092830.0,0.14
2025-11-14 05:00:00,1763096428.0,0.14
2025-11-14 06:00:00,1763100031.0,0.14
2025-11-14 07:00:00,1763103632.0,0.14
2025-11-14 08:00:00,1763107228.0,0.14
2025-11-14 09:00:00,1763110832.0,0.14
2025-11-14 10:00:00,1763114429.0,0.14
2025-11-14 11:00:00,1763118031.0,0.14
2025-11-14 12:00:00,1763121637.0,0.14
2025-11-14 13:00:00,1763125241.0,0.14
2025-11-14 14:00:00,1763128831.0,0.14
2025-11-14 15:00:00,1763132430.0,0.14
2025-11-14 16:00:00,1763136030.0,0.14
2025-11-14 17:00:00,1763139635.0,0.14
2025-11-14 18:00:00,1763143233.0,0.14
2025-11-14 19:00:00,1763146833.0,0.14
2025-11-14 20:00:00,1763150431.0,0.14
2025-11-14 21:00:00,1763154047.0,0.14
2025-11-14 22:00:00,1763157632.0,0.14
2025-11-14 23:00:00,1763161231.0,0.14
2025-11-15 00:00:00,1763164829.0,0.14
2025-11-15 01:00:00,1763168425.0,0.14
2025-11-15 02:00:00,1763172028.0,0.14
2025-11-15 03:00:00,1763175633.0,0.14
2025-11-15 04:00:00,1763179230.0,0.14
2025-11-15 05:00:00,1763182831.0,0.14
2025-11-15 06:00:00,1763186432.0,0.14
2025-11-15 07:00:00,1763190032.0,0.14
2025-11-15 08:00:00,1763193630.0,0.14
2025-11-15 09:00:00,1763197235.0,0.14
2025-11-15 10:00:00,1763200832.0,0.14
2025-11-15 11:00:00,1763204430.0,0.14
2025-11-15 12:00:00,1763208039.0,0.135
2025-11-15 13:00:00,1763211629.0,0.14
2025-11-15 14:00:00,1763215232.0,0.14
2025-11-15 15:00:00,1763218834.0,0.14
2025-11-15 16:00:00,1763222431.0,0.14
2025-11-15 17:00:00,1763226035.0,0.14
2025-11-15 18:00:00,1763229634.0,0.14
2025-11-15 19:00:00,1763233234.0,0.14
2025-11-15 20:00:00,1763236832.0,0.14
2025-11-15 21:00:00,1763240435.0,0.14
2025-11-15 22:00:00,1763244033.0,0.14
2025-11-15 23:00:00,1763247631.0,0.14
2025-11-16 00:00:00,1763251218.0,0.14
2025-11-16 01:00:00,1763254827.0,0.14
2025-11-16 02:00:00,1763258421.0,0.14
2025-11-16 03:00:00,1763262027.0,0.14
2025-11-16 04:00:00,1763265626.0,0.135
2025-11-16 05:00:00,1763269224.0,0.135
2025-11-16 06:00:00,1763272827.0,0.14
2025-11-16 07:00:00,1763276426.0,0.14
2025-11-16 08:00:00,1763280024.0,0.14
2025-11-16 09:00:00,1763283629.0,0.14
2025-11-16 10:00:00,1763287226.0,0.125
2025-11-16 11:00:00,1763290827.0,0.125
2025-11-16 12:00:00,1763294432.0,0.125
2025-11-16 13:00:00,1763298026.0,0.12
2025-11-16 14:00:00,1763301626.0,0.12
2025-11-16 15:00:00,1763305228.0,0.12
2025-11-16 16:00:00,1763308827.0,0.12
2025-11-16 17:00:00,1763312431.0,0.12
2025-11-16 18:00:00,1763316034.0,0.12
2025-11-16 19:00:00,1763319629.0,0.12
2025-11-16 20:00:00,1763323227.0,0.12
2025-11-16 21:00:00,1763326833.0,0.125
2025-11-16 22:00:00,1763330427.0,0.125
2025-11-16 23:00:00,1763334027.0,0.125
2025-11-17 00:00:00,1763337625.0,0.125
2025-11-17 01:00:00,1763341222.0,0.12
2025-11-17 02:00:00,1763344824.0,0.12
2025-11-17 03:00:00,1763348428.0,0.12
2025-11-17 04:00:00,1763352026.0,0.12
2025-11-17 05:00:00,1763355627.0,0.12
2025-11-17 06:00:00,1763359229.0,0.12
2025-11-17 07:00:00,1763362829.0,0.12
2025-11-17 08:00:00,1763366441.0,0.12
2025-11-17 09:00:00,1763370048.0,0.12
2025-11-17 10:00:00,1763373631.0,0.115
2025-11-17 11:00:00,1763377228.0,0.115
2025-11-17 12:00:00,1763380831.0,0.115
2025-11-17 13:00:00,1763384426.0,0.115
2025-11-17 14:00:00,1763388026.0,0.14
2025-11-17 15:00:00,1763391644.0,0.14
2025-11-17 16:00:00,1763395226.0,0.14
2025-11-17 17:00:00,1763398830.0,0.14
2025-11-17 18:00:00,1763402429.0,0.125
2025-11-17 19:00:00,1763406029.0,0.125
2025-11-17 20:00:00,1763409628.0,0.135
2025-11-17 21:00:00,1763413231.0,0.13
2025-11-17 22:00:00,1763416831.0,0.13
2025-11-17 23:00:00,1763420431.0,0.13
2025-11-18 00:00:00,1763424018.0,0.13
2025-11-18 01:00:00,1763427619.0,0.13
2025-11-18 02:00:00,1763431221.0,0.13
2025-11-18 03:00:00,1763434826.0,0.13
2025-11-18 04:00:00,1763438427.0,0.145
2025-11-18 05:00:00,1763442026.0,0.145
2025-11-18 06:00:00,1763445629.0,0.145
2025-11-18 07:00:00,1763449228.0,0.135
2025-11-18 08:00:00,1763452826.0,0.135
2025-11-18 09:00:00,1763456430.0,0.135
2025-11-18 10:00:00,1763460027.0,0.135
2025-11-18 11:00:00,1763463626.0,0.135
2025-11-18 12:00:00,1763467233.0,0.145
2025-11-18 13:00:00,1763470829.0,0.14
2025-11-18 14:00:00,1763474428.0,0.135
2025-11-18 15:00:00,1763478030.0,0.13
2025-11-18 16:00:00,1763481630.0,0.125
2025-11-18 17:00:00,1763485230.0,0.14
2025-11-18 18:00:00,1763488831.0,0.145
2025-11-18 19:00:00,1763492431.0,0.195
2025-11-18 20:00:00,1763496030.0,0.2
2025-11-18 21:00:00,1763499635.0,0.195
2025-11-18 22:00:00,1763503230.0,0.21
2025-11-18 23:00:00,1763506846.0,0.21
2025-11-19 00:00:00,1763510429.0,0.205
2025-11-19 01:00:00,1763514026.0,0.205
2025-11-19 02:00:00,1763517628.0,0.185
2025-11-19 03:00:00,1763521232.0,0.185
2025-11-19 04:00:00,1763524831.0,0.185
2025-11-19 05:00:00,1763528430.0,0.185
2025-11-19 06:00:00,1763532034.0,0.185
2025-11-19 07:00:00,1763535632.0,0.19
2025-11-19 08:00:00,1763539231.0,0.19
2025-11-19 09:00:00,1763542835.0,0.195
2025-11-19 10:00:00,1763546431.0,0.2
2025-11-19 11:00:00,1763550031.0,0.215
2025-11-19 12:00:00,1763553638.0,0.21
2025-11-19 13:00:00,1763557229.0,0.215
2025-11-19 14:00:00,1763560844.0,0.215
2025-11-19 15:00:00,1763564433.0,0.215
2025-11-19 16:00:00,1763568043.0,0.205
2025-11-19 17:00:00,1763571634.0,0.2
2025-11-19 18:00:00,1763575242.0,0.205
2025-11-19 19:00:00,1763578833.0,0.205
2025-11-19 20:00:00,1763582430.0,0.2
2025-11-19 21:00:00,1763586036.0,0.2
2025-11-19 22:00:00,1763589630.0,0.195
2025-11-19 23:00:00,1763593246.0,0.2
2025-11-20 00:00:00,1763596818.0,0.2
2025-11-20 01:00:00,1763600418.0,0.2
2025-11-20 02:00:00,1763604023.0,0.2
2025-11-20 03:00:00,1763607629.0,0.2
2025-11-20 04:00:00,1763611231.0,0.2
2025-11-20 05:00:00,1763614828.0,0.2
2025-11-20 06:00:00,1763618433.0,0.195
2025-11-20 07:00:00,1763622040.0,0.195
2025-11-20 08:00:00,1763625629.0,0.195
2025-11-20 09:00:00,1763629234.0,0.2
2025-11-20 10:00:00,1763632829.0,0.2
2025-11-20 11:00:00,1763636431.0,0.2
2025-11-20 12:00:00,1763640020.0,0.195
2025-11-20 13:00:00,1763643614.0,0.195
2025-11-20 14:00:00,1763647214.0,0.195
2025-11-20 15:00:00,1763650817.0,0.205
2025-11-20 16:00:00,1763654414.0,0.205
2025-11-20 17:00:00,1763658021.0,0.205
2025-11-20 18:00:00,1763661621.0,0.205
2025-11-20 19:00:00,1763665215.0,0.205
2025-11-20 20:00:00,1763668817.0,0.205
2025-11-20 21:00:00,1763672422.0,0.205
2025-11-20 22:00:00,1763676030.0,0.205
2025-11-20 23:00:00,1763679616.0,0.205
2025-11-21 00:00:00,1763683231.0,0.205
2025-11-21 01:00:00,1763686815.0,0.205
2025-11-21 02:00:00,1763690414.0,0.205
2025-11-21 03:00:00,1763694018.0,0.205
2025-11-21 04:00:00,1763697628.0,0.205
2025-11-21 05:00:00,1763701221.0,0.205
2025-11-21 06:00:00,1763704818.0,0.205
2025-11-21 07:00:00,1763708415.0,0.205
2025-11-21 08:00:00,1763712015.0,0.205
2025-11-21 09:00:00,1763715617.0,0.205
2025-11-21 10:00:00,1763719215.0,0.205
2025-11-21 11:00:00,1763722819.0,0.205
2025-11-21 12:00:00,1763726420.0,0.225
2025-11-21 13:00:00,1763730028.0,0.225
2025-11-21 14:00:00,1763733618.0,0.225
2025-11-21 15:00:00,1763737218.0,0.225
2025-11-21 16:00:00,1763740816.0,0.225
2025-11-21 17:00:00,1763744437.0,0.23
2025-11-21 18:00:00,1763748018.0,0.23
2025-11-21 19:00:00,1763751616.0,0.23
2025-11-21 20:00:00,1763755217.0,0.23
2025-11-21 21:00:00,1763758818.0,0.23
2025-11-21 22:00:00,1763762415.0,0.23
2025-11-21 23:00:00,1763766021.0,0.23
2025-11-22 00:00:00,1763769619.0,0.23
2025-11-22 01:00:00,1763773215.0,0.225
2025-11-22 02:00:00,1763776814.0,0.225
2025-11-22 03:00:00,1763780417.0,0.225
2025-11-22 04:00:00,1763784030.0,0.225
2025-11-22 05:00:00,1763787621.0,0.225
2025-11-22 06:00:00,1763791234.0,0.225
2025-11-22 07:00:00,1763794814.0,0.225
2025-11-22 08:00:00,1763798414.0,0.215
2025-11-22 09:00:00,1763802018.0,0.21
2025-11-22 10:00:00,1763805615.0,0.21
2025-11-22 11:00:00,1763809216.0,0.205
2025-11-22 12:00:00,1763812819.0,0.215
2025-11-22 13:00:00,1763816427.0,0.215
2025-11-22 14:00:00,1763820016.0,0.21
2025-11-22 15:00:00,1763823616.0,0.21
2025-11-22 16:00:00,1763827215.0,0.21
2025-11-22 17:00:00,1763830837.0,0.21
2025-11-22 18:00:00,1763834416.0,0.21
2025-11-22 19:00:00,1763838014.0,0.21
2025-11-22 20:00:00,1763841615.0,0.21
2025-11-22 21:00:00,1763845217.0,0.21
2025-11-22 22:00:00,1763848813.0,0.21
2025-11-22 23:00:00,1763852414.0,0.215
2025-11-23 00:00:00,1763856021.0,0.215
2025-11-23 01:00:00,1763859627.0,0.215
2025-11-23 02:00:00,1763863214.0,0.21
2025-11-23 03:00:00,1763866819.0,0.205
2025-11-23 04:00:00,1763870414.0,0.205
2025-11-23 05:00:00,1763874013.0,0.215
2025-11-23 06:00:00,1763877632.0,0.21
2025-11-23 07:00:00,1763881213.0,0.21
2025-11-23 08:00:00,1763884814.0,0.21
2025-11-23 09:00:00,1763888416.0,0.19
2025-11-23 10:00:00,1763892014.0,0.185
2025-11-23 11:00:00,1763895617.0,0.185
2025-11-23 12:00:00,1763899219.0,0.185
2025-11-23 13:00:00,1763902814.0,0.185
2025-11-23 14:00:00,1763906416.0,0.19
2025-11-23 15:00:00,1763910016.0,0.19
2025-11-23 16:00:00,1763913613.0,0.19
2025-11-23 17:00:00,1763917240.0,0.19
2025-11-23 18:00:00,1763920819.0,0.21
2025-11-23 19:00:00,1763924414.0,0.22
2025-11-23 20:00:00,1763928015.0,0.225
2025-11-23 21:00:00,1763931633.0,0.23
2025-11-23 22:00:00,1763935214.0,0.23
2025-11-23 23:00:00,1763938814.0,0.225
2025-11-24 00:00:00,1763942417.0,0.23
2025-11-24 01:00:00,1763946010.0,0.23
2025-11-24 02:00:00,1763949610.0,0.235
2025-11-24 03:00:00,1763953212.0,0.29
2025-11-24 04:00:00,1763956810.0,0.27
2025-11-24 05:00:00,1763960410.0,0.265
2025-11-24 06:00:00,1763964026.0,0.25
2025-11-24 07:00:00,1763967611.0,0.245
2025-11-24 08:00:00,1763971210.0,0.215
2025-11-24 09:00:00,1763974812.0,0.22
2025-11-24 10:00:00,1763978410.0,0.22
2025-11-24 11:00:00,1763982010.0,0.22
2025-11-24 12:00:00,1763985613.0,0.22
2025-11-24 13:00:00,1763989210.0,0.225
2025-11-24 14:00:00,1763992813.0,0.22
2025-11-24 15:00:00,1763996412.0,0.225
2025-11-24 16:00:00,1764000010.0,0.25
2025-11-24 17:00:00,1764003619.0,0.24
2025-11-24 18:00:00,1764007212.0,0.24
2025-11-24 19:00:00,1764010812.0,0.22
2025-11-24 20:00:00,1764014413.0,0.22
2025-11-24 21:00:00,1764018031.0,0.225
2025-11-24 22:00:00,1764021630.0,0.235
2025-11-24 23:00:00,1764025230.0,0.24
2025-11-25 00:00:00,1764028825.0,0.24
2025-11-25 01:00:00,1764032425.0,0.24
2025-11-25 02:00:00,1764036026.0,0.24
2025-11-25 03:00:00,1764039630.0,0.24
2025-11-25 04:00:00,1764043231.0,0.24
2025-11-25 05:00:00,1764046830.0,0.245
2025-11-25 06:00:00,1764050431.0,0.24
2025-11-25 07:00:00,1764054031.0,0.31
2025-11-25 08:00:00,1764057630.0,0.335
2025-11-25 09:00:00,1764061232.0,0.345
2025-11-25 10:00:00,1764064831.0,0.335
2025-11-25 11:00:00,1764068431.0,0.34
2025-11-25 12:00:00,1764072034.0,0.34
2025-11-25 13:00:00,1764075629.0,0.355
2025-11-25 14:00:00,1764079231.0,0.355
2025-11-25 15:00:00,1764082832.0,0.34
2025-11-25 16:00:00,1764086432.0,0.33
2025-11-25 17:00:00,1764090034.0,0.35
2025-11-25 18:00:00,1764093632.0,0.26
2025-11-25 19:00:00,1764097232.0,0.23
2025-11-25 20:00:00,1764100832.0,0.225
2025-11-25 21:00:00,1764104434.0,0.215
2025-11-25 22:00:00,1764108032.0,0.21
2025-11-25 23:00:00,1764111632.0,0.23
2025-11-26 00:00:00,1764115220.0,0.225
2025-11-26 01:00:00,1764118820.0,0.215
2025-11-26 02:00:00,1764122423.0,0.205
2025-11-26 03:00:00,1764126029.0,0.205
2025-11-26 04:00:00,1764129631.0,0.2
2025-11-26 05:00:00,1764133229.0,0.205
2025-11-26 06:00:00,1764136844.0,0.205
2025-11-26 07:00:00,1764140432.0,0.215
2025-11-26 08:00:00,1764144033.0,0.215
2025-11-26 09:00:00,1764147633.0,0.215
2025-11-26 10:00:00,1764151230.0,0.215
2025-11-26 11:00:00,1764154832.0,0.215
2025-11-26 12:00:00,1764158450.0,0.22
2025-11-26 13:00:00,1764162030.0,0.23
2025-11-26 14:00:00,1764165633.0,0.23
2025-11-26 15:00:00,1764169231.0,0.215
2025-11-26 16:00:00,1764172834.0,0.215
2025-11-26 17:00:00,1764176437.0,0.215
2025-11-26 18:00:00,1764180035.0,0.215
2025-11-26 19:00:00,1764183636.0,0.215
2025-11-26 20:00:00,1764187233.0,0.215
2025-11-26 21:00:00,1764190837.0,0.215
2025-11-26 22:00:00,1764194433.0,0.215
2025-11-26 23:00:00,1764198034.0,0.215
2025-11-27 00:00:00,1764201626.0,0.215
2025-11-27 01:00:00,1764205236.0,0.215
2025-11-27 02:00:00,1764208829.0,0.215
2025-11-27 03:00:00,1764212433.0,0.245
2025-11-27 04:00:00,1764216035.0,0.245
2025-11-27 05:00:00,1764219632.0,0.245
2025-11-27 06:00:00,1764223235.0,0.25
2025-11-27 07:00:00,1764226836.0,0.25
2025-11-27 08:00:00,1764230432.0,0.235
2025-11-27 09:00:00,1764234036.0,0.215
2025-11-27 10:00:00,1764237634.0,0.245
2025-11-27 11:00:00,1764241234.0,0.265
2025-11-27 12:00:00,1764244841.0,0.25
2025-11-27 13:00:00,1764248431.0,0.235
2025-11-27 14:00:00,1764252034.0,0.235
2025-11-27 15:00:00,1764255632.0,0.24
2025-11-27 16:00:00,1764259234.0,0.24
2025-11-27 17:00:00,1764262838.0,0.24
2025-11-27 18:00:00,1764266435.0,0.225
2025-11-27 19:00:00,1764270036.0,0.235
2025-11-27 20:00:00,1764273634.0,0.235
2025-11-27 21:00:00,1764277238.0,0.24
2025-11-27 22:00:00,1764280834.0,0.24
2025-11-27 23:00:00,1764284435.0,0.24
2025-11-28 00:00:00,1764288024.0,0.245
2025-11-28 01:00:00,1764291623.0,0.24
2025-11-28 02:00:00,1764295227.0,0.24
2025-11-28 03:00:00,1764298831.0,0.24
2025-11-28 04:00:00,1764302433.0,0.24
2025-11-28 05:00:00,1764306031.0,0.24
2025-11-28 06:00:00,1764309633.0,0.24
2025-11-28 07:00:00,1764313235.0,0.24
2025-11-28 08:00:00,1764316831.0,0.24
2025-11-28 09:00:00,1764320435.0,0.24
2025-11-28 10:00:00,1764324032.0,0.24
2025-11-28 11:00:00,1764327634.0,0.24
2025-11-28 12:00:00,1764331241.0,0.24
2025-11-28 13:00:00,1764334832.0,0.24
2025-11-28 14:00:00,1764338436.0,0.24
2025-11-28 15:00:00,1764342034.0,0.235
2025-11-28 16:00:00,1764345648.0,0.225
2025-11-28 17:00:00,1764349241.0,0.225
2025-11-28 18:00:00,1764352835.0,0.225
2025-11-28 19:00:00,1764356437.0,0.225
2025-11-28 20:00:00,1764360034.0,0.225
2025-11-28 21:00:00,1764363640.0,0.225
2025-11-28 22:00:00,1764367238.0,0.225
2025-11-28 23:00:00,1764370835.0,0.225
2025-11-29 00:00:00,1764374434.0,0.235
2025-11-29 01:00:00,1764378029.0,0.24
2025-11-29 02:00:00,1764381633.0,0.24
2025-11-29 03:00:00,1764385218.0,0.24
2025-11-29 04:00:00,1764388834.0,0.24
2025-11-29 05:00:00,1764392434.0,0.23
2025-11-29 06:00:00,1764396035.0,0.235
2025-11-29 07:00:00,1764399637.0,0.235
2025-11-29 08:00:00,1764403234.0,0.23
2025-11-29 09:00:00,1764406838.0,0.23
2025-11-29 10:00:00,1764410450.0,0.23
2025-11-29 11:00:00,1764414035.0,0.23
2025-11-29 12:00:00,1764417642.0,0.23
2025-11-29 13:00:00,1764421233.0,0.23
2025-11-29 14:00:00,1764424836.0,0.23
2025-11-29 15:00:00,1764428436.0,0.23
2025-11-29 16:00:00,1764432035.0,0.23
2025-11-29 17:00:00,1764435638.0,0.225
2025-11-29 18:00:00,1764439236.0,0.23
2025-11-29 19:00:00,1764442837.0,0.23
2025-11-29 20:00:00,1764446434.0,0.23
2025-11-29 21:00:00,1764450039.0,0.23
2025-11-29 22:00:00,1764453623.0,0.23
2025-11-29 23:00:00,1764457234.0,0.23
2025-11-30 00:00:00,1764460824.0,0.23
2025-11-30 01:00:00,1764464424.0,0.23
2025-11-30 02:00:00,1764468027.0,0.23
2025-11-30 03:00:00,1764471632.0,0.23
2025-11-30 04:00:00,1764475231.0,0.23
2025-11-30 05:00:00,1764478829.0,0.23
2025-11-30 06:00:00,1764482431.0,0.23
2025-11-30 07:00:00,1764486035.0,0.23
2025-11-30 08:00:00,1764489615.0,0.23
2025-11-30 09:00:00,1764493234.0,0.23
2025-11-30 10:00:00,1764496845.0,0.225
2025-11-30 11:00:00,1764500431.0,0.225
2025-11-30 12:00:00,1764504063.0,0.225
2025-11-30 13:00:00,1764507614.0,0.225
2025-11-30 14:00:00,1764511233.0,0.225
2025-11-30 15:00:00,1764514845.0,0.225
2025-11-30 16:00:00,1764518444.0,0.225
2025-11-30 17:00:00,1764522037.0,0.225
2025-11-30 18:00:00,1764525635.0,0.225
2025-11-30 19:00:00,1764529235.0,0.225
2025-11-30 20:00:00,1764532834.0,0.225
2025-11-30 21:00:00,1764536437.0,0.225
2025-11-30 22:00:00,1764540032.0,0.205
2025-11-30 23:00:00,1764543637.0,0.13
2025-12-01 00:00:00,1764547229.0,0.125
2025-12-01 01:00:00,1764550827.0,0.125
2025-12-01 02:00:00,1764554428.0,0.13
2025-12-01 03:00:00,1764558043.0,0.125
2025-12-01 04:00:00,1764561631.0,0.125
2025-12-01 05:00:00,1764565232.0,0.135
2025-12-01 06:00:00,1764568832.0,0.13
2025-12-01 07:00:00,1764572433.0,0.12
2025-12-01 08:00:00,1764576029.0,0.12
2025-12-01 09:00:00,1764579646.0,0.11
2025-12-01 10:00:00,1764583245.0,0.105
2025-12-01 11:00:00,1764586830.0,0.105
2025-12-01 12:00:00,1764590447.0,0.11
2025-12-01 13:00:00,1764594029.0,0.085
2025-12-01 14:00:00,1764597631.0,0.085
2025-12-01 15:00:00,1764601244.0,0.075
2025-12-01 16:00:00,1764604841.0,0.07
2025-12-01 17:00:00,1764608432.0,0.06
2025-12-01 18:00:00,1764612045.0,0.07
2025-12-01 19:00:00,1764615632.0,0.065
2025-12-01 20:00:00,1764619231.0,0.06
2025-12-01 21:00:00,1764622834.0,0.06
2025-12-01 22:00:00,1764626432.0,0.05
2025-12-01 23:00:00,1764630033.0,0.05
2025-12-02 00:00:00,1764633618.0,0.05
2025-12-02 01:00:00,1764637218.0,0.05
2025-12-02 02:00:00,1764640822.0,0.085
2025-12-02 03:00:00,1764644427.0,0.08
2025-12-02 04:00:00,1764648029.0,0.07
2025-12-02 05:00:00,1764651625.0,0.08
2025-12-02 06:00:00,1764655230.0,0.08
2025-12-02 07:00:00,1764658829.0,0.065
2025-12-02 08:00:00,1764662427.0,0.065
2025-12-02 09:00:00,1764666031.0,0.06
2025-12-02 10:00:00,1764669628.0,0.055
2025-12-02 11:00:00,1764673230.0,0.04
2025-12-02 12:00:00,1764676835.0,0.03
2025-12-02 13:00:00,1764680428.0,0.034
2025-12-02 14:00:00,1764684030.0,0.036
2025-12-02 15:00:00,1764687629.0,0.027
2025-12-02 16:00:00,1764691212.0,0.038
2025-12-02 17:00:00,1764694834.0,0.05
2025-12-02 18:00:00,1764698432.0,0.095
2025-12-02 19:00:00,1764702031.0,0.089
2025-12-02 20:00:00,1764705630.0,0.065
2025-12-02 21:00:00,1764709234.0,0.045
2025-12-02 22:00:00,1764712830.0,0.0665
2025-12-02 23:00:00,1764716431.0,0.0465
2025-12-03 00:00:00,1764720029.0,0.0385
2025-12-03 01:00:00,1764723625.0,0.0225
2025-12-03 02:00:00,1764727227.0,0.0225
2025-12-03 03:00:00,1764730831.0,0.0325
2025-12-03 04:00:00,1764734432.0,0.039
2025-12-03 05:00:00,1764738030.0,0.0285
2025-12-03 06:00:00,1764741633.0,0.0345
2025-12-03 07:00:00,1764745233.0,0.0275
2025-12-03 08:00:00,1764748830.0,0.0265
2025-12-03 09:00:00,1764752435.0,0.0275
2025-12-03 10:00:00,1764756031.0,0.0255
2025-12-03 11:00:00,1764759633.0,0.027
2025-12-03 12:00:00,1764763239.0,0.0265
2025-12-03 13:00:00,1764766830.0,0.036
2025-12-03 14:00:00,1764770433.0,0.0385
2025-12-03 15:00:00,1764774015.0,0.038
2025-12-03 16:00:00,1764777632.0,0.0325
2025-12-03 17:00:00,1764781235.0,0.0385
2025-12-03 18:00:00,1764784834.0,0.039
2025-12-03 19:00:00,1764788435.0,0.046
2025-12-03 20:00:00,1764792031.0,0.0475
2025-12-03 21:00:00,1764795638.0,0.0515
2025-12-03 22:00:00,1764799233.0,0.05
2025-12-03 23:00:00,1764802833.0,0.069
2025-12-04 00:00:00,1764806418.0,0.054
2025-12-04 01:00:00,1764810018.0,0.058
2025-12-04 02:00:00,1764813623.0,0.0655
2025-12-04 03:00:00,1764817228.0,0.0585
2025-12-04 04:00:00,1764820832.0,0.0475
2025-12-04 05:00:00,1764824428.0,0.046
2025-12-04 06:00:00,1764828032.0,0.048
2025-12-04 07:00:00,1764831633.0,0.045
2025-12-04 08:00:00,1764835227.0,0.045
2025-12-04 09:00:00,1764838838.0,0.0535
2025-12-04 10:00:00,1764842429.0,0.0655
2025-12-04 11:00:00,1764846030.0,0.0615
2025-12-04 12:00:00,1764849639.0,0.062
2025-12-04 13:00:00,1764853229.0,0.0855
2025-12-04 14:00:00,1764856831.0,0.072
2025-12-04 15:00:00,1764860430.0,0.069
2025-12-04 16:00:00,1764864014.0,0.073
2025-12-04 17:00:00,1764867620.0,0.0815
2025-12-04 18:00:00,1764871219.0,0.089
2025-12-04 19:00:00,1764874814.0,0.0745
2025-12-04 20:00:00,1764878415.0,0.069
2025-12-04 21:00:00,1764882016.0,0.065
2025-12-04 22:00:00,1764885613.0,0.065
2025-12-04 23:00:00,1764889214.0,0.071
2025-12-05 00:00:00,1764892821.0,0.071
2025-12-05 01:00:00,1764896414.0,0.063
2025-12-05 02:00:00,1764900015.0,0.063
2025-12-05 03:00:00,1764903619.0,0.0635
2025-12-05 04:00:00,1764907215.0,0.0635
2025-12-05 05:00:00,1764910814.0,0.0615
2025-12-05 06:00:00,1764914417.0,0.062
2025-12-05 07:00:00,1764918015.0,0.0615
2025-12-05 08:00:00,1764921615.0,0.0545
2025-12-05 09:00:00,1764925218.0,0.0515
2025-12-05 10:00:00,1764928815.0,0.064
2025-12-05 11:00:00,1764932415.0,0.065
2025-12-05 12:00:00,1764936024.0,0.069
2025-12-05 13:00:00,1764939615.0,0.0655
2025-12-05 14:00:00,1764943215.0,0.063
2025-12-05 15:00:00,1764946818.0,0.0615
2025-12-05 16:00:00,1764950415.0,0.064
2025-12-05 17:00:00,1764954019.0,0.065
2025-12-05 18:00:00,1764957617.0,0.0625
2025-12-05 19:00:00,1764961221.0,0.0615
2025-12-05 20:00:00,1764964816.0,0.055
2025-12-05 21:00:00,1764968421.0,0.0535
2025-12-05 22:00:00,1764972016.0,0.0525
2025-12-05 23:00:00,1764975615.0,0.0525
2025-12-06 00:00:00,1764979222.0,0.0525
2025-12-06 01:00:00,1764982816.0,0.052
2025-12-06 02:00:00,1764986416.0,0.0535
2025-12-06 03:00:00,1764990018.0,0.0535
2025-12-06 04:00:00,1764993616.0,0.054
2025-12-06 05:00:00,1764997216.0,0.054
2025-12-06 06:00:00,1765000819.0,0.054
2025-12-06 07:00:00,1765004436.0,0.054
2025-12-06 08:00:00,1765008017.0,0.054
2025-12-06 09:00:00,1765011622.0,0.0545
2025-12-06 10:00:00,1765015219.0,0.0565
2025-12-06 11:00:00,1765018817.0,0.055
2025-12-06 12:00:00,1765022423.0,0.055
2025-12-06 13:00:00,1765026017.0,0.0555
2025-12-06 14:00:00,1765029616.0,0.0555
2025-12-06 15:00:00,1765033219.0,0.0555
2025-12-06 16:00:00,1765036816.0,0.0555
2025-12-06 17:00:00,1765040426.0,0.054
2025-12-06 18:00:00,1765044020.0,0.051
2025-12-06 19:00:00,1765047620.0,0.0495
2025-12-06 20:00:00,1765051218.0,0.048
2025-12-06 21:00:00,1765054820.0,0.0425
2025-12-06 22:00:00,1765058416.0,0.0435
2025-12-06 23:00:00,1765062016.0,0.0425
2025-12-07 00:00:00,1765065634.0,0.037
2025-12-07 01:00:00,1765069218.0,0.038
2025-12-07 02:00:00,1765072816.0,0.0355
2025-12-07 03:00:00,1765076421.0,0.0375
2025-12-07 04:00:00,1765080015.0,0.035
2025-12-07 05:00:00,1765083615.0,0.034
2025-12-07 06:00:00,1765087236.0,0.047
2025-12-07 07:00:00,1765090816.0,0.0485
2025-12-07 08:00:00,1765094416.0,0.0525
2025-12-07 09:00:00,1765098018.0,0.048
2025-12-07 10:00:00,1765101615.0,0.042
2025-12-07 11:00:00,1765105216.0,0.0385
2025-12-07 12:00:00,1765108827.0,0.038
2025-12-07 13:00:00,1765112415.0,0.038
2025-12-07 14:00:00,1765116015.0,0.038
2025-12-07 15:00:00,1765119618.0,0.0365
2025-12-07 16:00:00,1765123215.0,0.028
2025-12-07 17:00:00,1765126823.0,0.0325
2025-12-07 18:00:00,1765130436.0,0.0325
2025-12-07 19:00:00,1765134016.0,0.027
2025-12-07 20:00:00,1765137631.0,0.0285
2025-12-07 21:00:00,1765141220.0,0.0285
2025-12-07 22:00:00,1765144815.0,0.0445
2025-12-07 23:00:00,1765148415.0,0.0505
2025-12-08 00:00:00,1765152033.0,0.035
2025-12-08 01:00:00,1765155628.0,0.035
2025-12-08 02:00:00,1765159214.0,0.0375
2025-12-08 03:00:00,1765162816.0,0.0345
2025-12-08 04:00:00,1765166414.0,0.0345
2025-12-08 05:00:00,1765170013.0,0.0345
2025-12-08 06:00:00,1765173618.0,0.0345
2025-12-08 07:00:00,1765177214.0,0.034
2025-12-08 08:00:00,1765180815.0,0.034
2025-12-08 09:00:00,1765184417.0,0.034
2025-12-08 10:00:00,1765188014.0,0.0325
2025-12-08 11:00:00,1765191613.0,0.0325
2025-12-08 12:00:00,1765195235.0,0.0325
2025-12-08 13:00:00,1765198817.0,0.0335
2025-12-08 14:00:00,1765202413.0,0.033
2025-12-08 15:00:00,1765206016.0,0.0345
2025-12-08 16:00:00,1765209628.0,0.0425
2025-12-08 17:00:00,1765213217.0,0.0365
2025-12-08 18:00:00,1765216815.0,0.033
2025-12-08 19:00:00,1765220414.0,0.033
2025-12-08 20:00:00,1765224017.0,0.033
2025-12-08 21:00:00,1765227631.0,0.0335
2025-12-08 22:00:00,1765231214.0,0.0335
2025-12-08 23:00:00,1765234817.0,0.0335
2025-12-09 00:00:00,1765238431.0,0.0335
2025-12-09 01:00:00,1765242026.0,0.0335
2025-12-09 02:00:00,1765245618.0,0.033
2025-12-09 03:00:00,1765249217.0,0.033
2025-12-09 04:00:00,1765252815.0,0.033
2025-12-09 05:00:00,1765256415.0,0.0335
2025-12-09 06:00:00,1765260021.0,0.0335
2025-12-09 07:00:00,1765263630.0,0.034
2025-12-09 08:00:00,1765267220.0,0.032
2025-12-09 09:00:00,1765270820.0,0.0285
2025-12-09 10:00:00,1765274415.0,0.029
2025-12-09 11:00:00,1765278017.0,0.029
2025-12-09 12:00:00,1765281620.0,0.028
2025-12-09 13:00:00,1765285219.0,0.0315
2025-12-09 14:00:00,1765288832.0,0.029
2025-12-09 15:00:00,1765292422.0,0.0395
2025-12-09 16:00:00,1765296015.0,0.041
2025-12-09 17:00:00,1765299622.0,0.0395
2025-12-09 18:00:00,1765303218.0,0.045
2025-12-09 19:00:00,1765306815.0,0.044
2025-12-09 20:00:00,1765310417.0,0.0455
2025-12-09 21:00:00,1765314022.0,0.045
2025-12-09 22:00:00,1765317616.0,0.051
2025-12-09 23:00:00,1765321217.0,0.0665
2025-12-10 00:00:00,1765324817.0,0.0525
2025-12-10 01:00:00,1765328424.0,0.0525
2025-12-10 02:00:00,1765332011.0,0.0535
2025-12-10 03:00:00,1765335614.0,0.0515
2025-12-10 04:00:00,1765339212.0,0.0515
2025-12-10 05:00:00,1765342814.0,0.0535
2025-12-10 06:00:00,1765346417.0,0.057
2025-12-10 07:00:00,1765350012.0,0.0545
2025-12-10 08:00:00,1765353613.0,0.0545
2025-12-10 09:00:00,1765357229.0,0.054
2025-12-10 10:00:00,1765360811.0,0.054
2025-12-10 11:00:00,1765364412.0,0.058
2025-12-10 12:00:00,1765368036.0,0.057
2025-12-10 13:00:00,1765371611.0,0.0565
2025-12-10 14:00:00,1765375211.0,0.057
2025-12-10 15:00:00,1765378816.0,0.0725
2025-12-10 16:00:00,1765382412.0,0.077
2025-12-10 17:00:00,1765386017.0,0.075
2025-12-10 18:00:00,1765389614.0,0.0655
2025-12-10 19:00:00,1765393213.0,0.061
2025-12-10 20:00:00,1765396812.0,0.0485
2025-12-10 21:00:00,1765400415.0,0.038
2025-12-10 22:00:00,1765404012.0,0.059
2025-12-10 23:00:00,1765407612.0,0.054
2025-12-11 00:00:00,1765411218.0,0.047
2025-12-11 01:00:00,1765414822.0,0.0485
2025-12-11 02:00:00,1765418424.0,0.049
2025-12-11 03:00:00,1765422016.0,0.048
2025-12-11 04:00:00,1765425631.0,0.048
2025-12-11 05:00:00,1765429231.0,0.0485
2025-12-11 06:00:00,1765432815.0,0.0485
2025-12-11 07:00:00,1765436413.0,0.0485
2025-12-11 08:00:00,1765440014.0,0.047
2025-12-11 09:00:00,1765443616.0,0.0465
2025-12-11 10:00:00,1765447217.0,0.047
2025-12-11 11:00:00,1765450832.0,0.0475
2025-12-11 12:00:00,1765454421.0,0.047
2025-12-11 13:00:00,1765458016.0,0.046
2025-12-11 14:00:00,1765461612.0,0.0435
2025-12-11 15:00:00,1765465216.0,0.0435
2025-12-11 16:00:00,1765468823.0,0.0355
2025-12-11 17:00:00,1765472419.0,0.0405
2025-12-11 18:00:00,1765476016.0,0.041
2025-12-11 19:00:00,1765479629.0,0.0425
2025-12-11 20:00:00,1765483218.0,0.042
2025-12-11 21:00:00,1765486817.0,0.047
2025-12-11 22:00:00,1765490414.0,0.042
2025-12-11 23:00:00,1765494016.0,0.042
2025-12-12 00:00:00,1765497619.0,0.0415
2025-12-12 01:00:00,1765501213.0,0.0415
2025-12-12 02:00:00,1765504813.0,0.042
2025-12-12 03:00:00,1765508418.0,0.042
2025-12-12 04:00:00,1765512015.0,0.0425
2025-12-12 05:00:00,1765515627.0,0.0355
2025-12-12 06:00:00,1765519218.0,0.0355
2025-12-12 07:00:00,1765522815.0,0.0345
2025-12-12 08:00:00,1765526414.0,0.0345
2025-12-12 09:00:00,1765530017.0,0.0355
2025-12-12 10:00:00,1765533614.0,0.036
2025-12-12 11:00:00,1765537216.0,0.036
2025-12-12 12:00:00,1765540822.0,0.0395
2025-12-12 13:00:00,1765544414.0,0.047
2025-12-12 14:00:00,1765548015.0,0.0555
2025-12-12 15:00:00,1765551617.0,0.049
2025-12-12 16:00:00,1765555215.0,0.0495
2025-12-12 17:00:00,1765558826.0,0.0565
2025-12-12 18:00:00,1765562418.0,0.0535
2025-12-12 19:00:00,1765566015.0,0.0535
2025-12-12 20:00:00,1765569619.0,0.0505
2025-12-12 21:00:00,1765573220.0,0.0215
2025-12-12 22:00:00,1765576820.0,0.0355
2025-12-12 23:00:00,1765580415.0,0.0385
2025-12-13 00:00:00,1765584022.0,0.0475
2025-12-13 01:00:00,1765587615.0,0.0435
2025-12-13 02:00:00,1765591215.0,0.037
2025-12-13 03:00:00,1765594819.0,0.0355
2025-12-13 04:00:00,1765598416.0,0.044
2025-12-13 05:00:00,1765602015.0,0.039
2025-12-13 06:00:00,1765605636.0,0.047
2025-12-13 07:00:00,1765609216.0,0.039
2025-12-13 08:00:00,1765612816.0,0.045
2025-12-13 09:00:00,1765616419.0,0.046
2025-12-13 10:00:00,1765620016.0,0.0455
2025-12-13 11:00:00,1765623616.0,0.049
2025-12-13 12:00:00,1765627225.0,0.0495
2025-12-13 13:00:00,1765630816.0,0.046
2025-12-13 14:00:00,1765634436.0,0.043
2025-12-13 15:00:00,1765638020.0,0.0485
2025-12-13 16:00:00,1765641615.0,0.049
2025-12-13 17:00:00,1765645221.0,0.049
2025-12-13 18:00:00,1765648820.0,0.0485
2025-12-13 19:00:00,1765652416.0,0.0495
2025-12-13 20:00:00,1765656017.0,0.0525
2025-12-13 21:00:00,1765659620.0,0.054
2025-12-13 22:00:00,1765663219.0,0.054
2025-12-13 23:00:00,1765666816.0,0.0535
2025-12-14 00:00:00,1765670423.0,0.0535
2025-12-14 01:00:00,1765674016.0,0.0535
2025-12-14 02:00:00,1765677616.0,0.0505
2025-12-14 03:00:00,1765681219.0,0.0495
2025-12-14 04:00:00,1765684816.0,0.0495
2025-12-14 05:00:00,1765688416.0,0.0495
2025-12-14 06:00:00,1765692020.0,0.0505
2025-12-14 07:00:00,1765695616.0,0.0495
2025-12-14 08:00:00,1765699216.0,0.053
2025-12-14 09:00:00,1765702820.0,0.052
2025-12-14 10:00:00,1765706417.0,0.0495
2025-12-14 11:00:00,1765710016.0,0.0495
2025-12-14 12:00:00,1765713623.0,0.049
2025-12-14 13:00:00,1765717216.0,0.049
2025-12-14 14:00:00,1765720816.0,0.049
2025-12-14 15:00:00,1765724420.0,0.049
2025-12-14 16:00:00,1765728016.0,0.0475
2025-12-14 17:00:00,1765731622.0,0.0475
2025-12-14 18:00:00,1765735220.0,0.0475
2025-12-14 19:00:00,1765738820.0,0.048
2025-12-14 20:00:00,1765742421.0,0.048
2025-12-14 21:00:00,1765746021.0,0.048
2025-12-14 22:00:00,1765749615.0,0.048
2025-12-14 23:00:00,1765753216.0,0.048
2025-12-15 00:00:00,1765756826.0,0.048
2025-12-15 01:00:00,1765760415.0,0.048
2025-12-15 02:00:00,1765764016.0,0.046
2025-12-15 03:00:00,1765767619.0,0.0455
2025-12-15 04:00:00,1765771219.0,0.0455
2025-12-15 05:00:00,1765774816.0,0.045
2025-12-15 06:00:00,1765778422.0,0.045
2025-12-15 07:00:00,1765782016.0,0.045
2025-12-15 08:00:00,1765785615.0,0.045
2025-12-15 09:00:00,1765789234.0,0.046
2025-12-15 10:00:00,1765792815.0,0.046
2025-12-15 11:00:00,1765796418.0,0.033
2025-12-15 12:00:00,1765800022.0,0.033
2025-12-15 13:00:00,1765803629.0,0.034
2025-12-15 14:00:00,1765807215.0,0.023
2025-12-15 15:00:00,1765810819.0,0.0245
2025-12-15 16:00:00,1765814416.0,0.056
2025-12-15 17:00:00,1765818020.0,0.04
2025-12-15 18:00:00,1765821637.0,0.0385
2025-12-15 19:00:00,1765825215.0,0.0465
2025-12-15 20:00:00,1765828815.0,0.047
2025-12-15 21:00:00,1765832418.0,0.058
2025-12-15 22:00:00,1765836031.0,0.0625
2025-12-15 23:00:00,1765839615.0,0.067
2025-12-16 00:00:00,1765843222.0,0.066
2025-12-16 01:00:00,1765846823.0,0.062
2025-12-16 02:00:00,1765850414.0,0.0645
2025-12-16 03:00:00,1765854018.0,0.0605
2025-12-16 04:00:00,1765857615.0,0.063
2025-12-16 05:00:00,1765861214.0,0.065
2025-12-16 06:00:00,1765864818.0,0.068
2025-12-16 07:00:00,1765868423.0,0.067
2025-12-16 08:00:00,1765872030.0,0.0665
2025-12-16 09:00:00,1765875618.0,0.068
2025-12-16 10:00:00,1765879215.0,0.068
2025-12-16 11:00:00,1765882815.0,0.0685
2025-12-16 12:00:00,1765886435.0,0.072
2025-12-16 13:00:00,1765890015.0,0.0675
2025-12-16 14:00:00,1765893629.0,0.0685
2025-12-16 15:00:00,1765897218.0,0.0685
2025-12-16 16:00:00,1765900831.0,0.0685
2025-12-16 17:00:00,1765904417.0,0.0705
2025-12-16 18:00:00,1765908019.0,0.064
2025-12-16 19:00:00,1765911618.0,0.065
2025-12-16 20:00:00,1765915216.0,0.1455
2025-12-16 21:00:00,1765918819.0,0.145
2025-12-16 22:00:00,1765922415.0,0.148
2025-12-16 23:00:00,1765926016.0,0.1165
2025-12-17 00:00:00,1765929618.0,0.1245
2025-12-17 01:00:00,1765933216.0,0.1365
2025-12-17 02:00:00,1765936816.0,0.129
2025-12-17 03:00:00,1765940433.0,0.131
2025-12-17 04:00:00,1765944016.0,0.1515
2025-12-17 05:00:00,1765947618.0,0.151
2025-12-17 06:00:00,1765951237.0,0.165
2025-12-17 07:00:00,1765954817.0,0.203
2025-12-17 08:00:00,1765958427.0,0.1885
2025-12-17 09:00:00,1765962020.0,0.162
2025-12-17 10:00:00,1765965617.0,0.1635
2025-12-17 11:00:00,1765969219.0,0.1755
2025-12-17 12:00:00,1765972835.0,0.1675
2025-12-17 13:00:00,1765976416.0,0.167
2025-12-17 14:00:00,1765980016.0,0.205
2025-12-17 15:00:00,1765983623.0,0.2205
2025-12-17 16:00:00,1765987217.0,0.2295
2025-12-17 17:00:00,1765990816.0,0.226
2025-12-17 18:00:00,1765994420.0,0.2205
2025-12-17 19:00:00,1765998021.0,0.21
2025-12-17 20:00:00,1766001616.0,0.1875
2025-12-17 21:00:00,1766005223.0,0.1565
2025-12-17 22:00:00,1766008816.0,0.1685
2025-12-17 23:00:00,1766012416.0,0.159
2025-12-18 00:00:00,1766016028.0,0.1625
2025-12-18 01:00:00,1766019612.0,0.165
2025-12-18 02:00:00,1766023212.0,0.163
2025-12-18 03:00:00,1766026817.0,0.163
2025-12-18 04:00:00,1766030412.0,0.16
2025-12-18 05:00:00,1766034028.0,0.144
2025-12-18 06:00:00,1766037617.0,0.143
2025-12-18 07:00:00,1766041214.0,0.136
2025-12-18 08:00:00,1766044813.0,0.132
2025-12-18 09:00:00,1766048416.0,0.132
2025-12-18 10:00:00,1766052031.0,0.133
2025-12-18 11:00:00,1766055613.0,0.133
2025-12-18 12:00:00,1766059220.0,0.133
2025-12-18 13:00:00,1766062816.0,0.1275
2025-12-18 14:00:00,1766066428.0,0.1225
2025-12-18 15:00:00,1766070017.0,0.133
2025-12-18 16:00:00,1766073634.0,0.123
2025-12-18 17:00:00,1766077221.0,0.124
2025-12-18 18:00:00,1766080819.0,0.123
2025-12-18 19:00:00,1766084417.0,0.128
2025-12-18 20:00:00,1766088016.0,0.154
2025-12-18 21:00:00,1766091619.0,0.147
2025-12-18 22:00:00,1766095216.0,0.139
2025-12-18 23:00:00,1766098814.0,0.138
2025-12-19 00:00:00,1766102420.0,0.1375
2025-12-19 01:00:00,1766106014.0,0.1355
2025-12-19 02:00:00,1766109615.0,0.1275
2025-12-19 03:00:00,1766113219.0,0.1355
2025-12-19 04:00:00,1766116816.0,0.1375
2025-12-19 05:00:00,1766120415.0,0.1375
2025-12-19 06:00:00,1766124019.0,0.137
2025-12-19 07:00:00,1766127616.0,0.137
2025-12-19 08:00:00,1766131216.0,0.1405
2025-12-19 09:00:00,1766134823.0,0.1405
2025-12-19 10:00:00,1766138415.0,0.1405
2025-12-19 11:00:00,1766142015.0,0.151
2025-12-19 12:00:00,1766145622.0,0.113
2025-12-19 13:00:00,1766149216.0,0.1375
2025-12-19 14:00:00,1766152815.0,0.144
2025-12-19 15:00:00,1766156433.0,0.146
2025-12-19 16:00:00,1766160030.0,0.146
2025-12-19 17:00:00,1766163619.0,0.131
2025-12-19 18:00:00,1766167218.0,0.141
2025-12-19 19:00:00,1766170814.0,0.132
2025-12-19 20:00:00,1766174415.0,0.1285
2025-12-19 21:00:00,1766178018.0,0.125
2025-12-19 22:00:00,1766181614.0,0.1545
2025-12-19 23:00:00,1766185214.0,0.171
2025-12-20 00:00:00,1766188820.0,0.1575
2025-12-20 01:00:00,1766192416.0,0.1685
2025-12-20 02:00:00,1766196014.0,0.1665
2025-12-20 03:00:00,1766199629.0,0.171
2025-12-20 04:00:00,1766203216.0,0.179
2025-12-20 05:00:00,1766206815.0,0.1695
2025-12-20 06:00:00,1766210418.0,0.1695
2025-12-20 07:00:00,1766214016.0,0.139
2025-12-20 08:00:00,1766217615.0,0.1555
2025-12-20 09:00:00,1766221233.0,0.1545
2025-12-20 10:00:00,1766224815.0,0.1515
2025-12-20 11:00:00,1766228416.0,0.143
2025-12-20 12:00:00,1766232024.0,0.1465
2025-12-20 13:00:00,1766235615.0,0.1425
2025-12-20 14:00:00,1766239216.0,0.141
2025-12-20 15:00:00,1766242819.0,0.1395
2025-12-20 16:00:00,1766246416.0,0.142
2025-12-20 17:00:00,1766250023.0,0.1415
2025-12-20 18:00:00,1766253619.0,0.1345
2025-12-20 19:00:00,1766257217.0,0.123
2025-12-20 20:00:00,1766260821.0,0.132
2025-12-20 21:00:00,1766264424.0,0.1305
2025-12-20 22:00:00,1766268017.0,0.13
2025-12-20 23:00:00,1766271622.0,0.123
2025-12-21 00:00:00,1766275221.0,0.121
2025-12-21 01:00:00,1766278815.0,0.127
2025-12-21 02:00:00,1766282415.0,0.1275
2025-12-21 03:00:00,1766286036.0,0.1225
2025-12-21 04:00:00,1766289633.0,0.123
2025-12-21 05:00:00,1766293215.0,0.1305
2025-12-21 06:00:00,1766296820.0,0.1225
2025-12-21 07:00:00,1766300415.0,0.123
2025-12-21 08:00:00,1766304016.0,0.118
2025-12-21 09:00:00,1766307619.0,0.117
2025-12-21 10:00:00,1766311215.0,0.1165
2025-12-21 11:00:00,1766314816.0,0.125
2025-12-21 12:00:00,1766318421.0,0.1265
2025-12-21 13:00:00,1766322016.0,0.1195
2025-12-21 14:00:00,1766325615.0,0.1225
2025-12-21 15:00:00,1766329219.0,0.122
2025-12-21 16:00:00,1766332815.0,0.126
2025-12-21 17:00:00,1766336424.0,0.118
2025-12-21 18:00:00,1766340020.0,0.1165
2025-12-21 19:00:00,1766343615.0,0.1175
2025-12-21 20:00:00,1766347218.0,0.1185
2025-12-21 21:00:00,1766350820.0,0.1115
2025-12-21 22:00:00,1766354415.0,0.114
2025-12-21 23:00:00,1766358016.0,0.1155
2025-12-22 00:00:00,1766361620.0,0.1235
2025-12-22 01:00:00,1766365216.0,0.1225
2025-12-22 02:00:00,1766368816.0,0.1225
2025-12-22 03:00:00,1766372418.0,0.115
2025-12-22 04:00:00,1766376023.0,0.115
2025-12-22 05:00:00,1766379616.0,0.116
2025-12-22 06:00:00,1766383218.0,0.1165
2025-12-22 07:00:00,1766386816.0,0.1375
2025-12-22 08:00:00,1766390429.0,0.133
2025-12-22 09:00:00,1766394033.0,0.134
2025-12-22 10:00:00,1766397616.0,0.124
2025-12-22 11:00:00,1766401216.0,0.116
2025-12-22 12:00:00,1766404821.0,0.116
2025-12-22 13:00:00,1766408415.0,0.117
2025-12-22 14:00:00,1766412018.0,0.1195
2025-12-22 15:00:00,1766415621.0,0.12
2025-12-22 16:00:00,1766419215.0,0.1055
2025-12-22 17:00:00,1766422822.0,0.1145
2025-12-22 18:00:00,1766426419.0,0.1115
2025-12-22 19:00:00,1766430017.0,0.1125
2025-12-22 20:00:00,1766433629.0,0.1185
2025-12-22 21:00:00,1766437220.0,0.123
2025-12-22 22:00:00,1766440829.0,0.114
2025-12-22 23:00:00,1766444416.0,0.1135
2025-12-23 00:00:00,1766448023.0,0.1145
2025-12-23 01:00:00,1766451619.0,0.097
2025-12-23 02:00:00,1766455216.0,0.1065
2025-12-23 03:00:00,1766458822.0,0.1045
2025-12-23 04:00:00,1766462429.0,0.1045
2025-12-23 05:00:00,1766466046.0,0.1045
2025-12-23 06:00:00,1766469635.0,0.104
2025-12-23 07:00:00,1766473218.0,0.1025
2025-12-23 08:00:00,1766476830.0,0.0985
2025-12-23 09:00:00,1766480419.0,0.0975
2025-12-23 10:00:00,1766484017.0,0.098
2025-12-23 11:00:00,1766487617.0,0.094
2025-12-23 12:00:00,1766491226.0,0.0925
2025-12-23 13:00:00,1766494817.0,0.0945
2025-12-23 14:00:00,1766498417.0,0.094
2025-12-23 15:00:00,1766502023.0,0.0945
2025-12-23 16:00:00,1766505616.0,0.0935
2025-12-23 17:00:00,1766509239.0,0.0905
2025-12-23 18:00:00,1766512821.0,0.0885
2025-12-23 19:00:00,1766516417.0,0.082
2025-12-23 20:00:00,1766520017.0,0.084
2025-12-23 21:00:00,1766523620.0,0.0845
2025-12-23 22:00:00,1766527220.0,0.0855
2025-12-23 23:00:00,1766530817.0,0.088
2025-12-24 00:00:00,1766534422.0,0.0875
2025-12-24 01:00:00,1766538018.0,0.0905
2025-12-24 02:00:00,1766541616.0,0.092
2025-12-24 03:00:00,1766545220.0,0.093
2025-12-24 04:00:00,1766548817.0,0.1045
2025-12-24 05:00:00,1766552418.0,0.1095
2025-12-24 06:00:00,1766556021.0,0.115
2025-12-24 07:00:00,1766559617.0,0.107
2025-12-24 08:00:00,1766563219.0,0.1235
2025-12-24 09:00:00,1766566821.0,0.1245
2025-12-24 10:00:00,1766570419.0,0.106
2025-12-24 11:00:00,1766574018.0,0.1095
2025-12-24 12:00:00,1766577623.0,0.1085
2025-12-24 13:00:00,1766581219.0,0.108
2025-12-24 14:00:00,1766584818.0,0.109
2025-12-24 15:00:00,1766588419.0,0.108
2025-12-24 16:00:00,1766592016.0,0.111
2025-12-24 17:00:00,1766595623.0,0.11
2025-12-24 18:00:00,1766599219.0,0.113
2025-12-24 19:00:00,1766602821.0,0.1055
2025-12-24 20:00:00,1766606417.0,0.1055
2025-12-24 21:00:00,1766610023.0,0.109
2025-12-24 22:00:00,1766613619.0,0.109
2025-12-24 23:00:00,1766617216.0,0.111
2025-12-25 00:00:00,1766620832.0,0.1065
2025-12-25 01:00:00,1766624415.0,0.107
2025-12-25 02:00:00,1766628017.0,0.1065
2025-12-25 03:00:00,1766631623.0,0.107
2025-12-25 04:00:00,1766635219.0,0.107
2025-12-25 05:00:00,1766638817.0,0.106
2025-12-25 06:00:00,1766642422.0,0.106
2025-12-25 07:00:00,1766646017.0,0.108
2025-12-25 08:00:00,1766649620.0,0.1105
2025-12-25 09:00:00,1766653219.0,0.1085
2025-12-25 10:00:00,1766656817.0,0.1045
2025-12-25 11:00:00,1766660417.0,0.1045
2025-12-25 12:00:00,1766664023.0,0.1055
2025-12-25 13:00:00,1766667617.0,0.105
2025-12-25 14:00:00,1766671217.0,0.1075
2025-12-25 15:00:00,1766674820.0,0.1075
2025-12-25 16:00:00,1766678417.0,0.1075
2025-12-25 17:00:00,1766682027.0,0.11
2025-12-25 18:00:00,1766685623.0,0.1095
2025-12-25 19:00:00,1766689217.0,0.109
2025-12-25 20:00:00,1766692822.0,0.11
2025-12-25 21:00:00,1766696420.0,0.11
2025-12-25 22:00:00,1766700022.0,0.11
2025-12-25 23:00:00,1766703617.0,0.1105
2025-12-26 00:00:00,1766707216.0,0.111
2025-12-26 01:00:00,1766710812.0,0.1105
2025-12-26 02:00:00,1766714412.0,0.1105
2025-12-26 03:00:00,1766718014.0,0.1145
2025-12-26 04:00:00,1766721613.0,0.1125
2025-12-26 05:00:00,1766725214.0,0.1115
2025-12-26 06:00:00,1766728814.0,0.112
2025-12-26 07:00:00,1766732413.0,0.111
2025-12-26 08:00:00,1766736013.0,0.112
2025-12-26 09:00:00,1766739615.0,0.1135
2025-12-26 10:00:00,1766743213.0,0.112
2025-12-26 11:00:00,1766746814.0,0.112
2025-12-26 12:00:00,1766750420.0,0.112
2025-12-26 13:00:00,1766754013.0,0.111
2025-12-26 14:00:00,1766757613.0,0.1095
2025-12-26 15:00:00,1766761216.0,0.111
2025-12-26 16:00:00,1766764814.0,0.108
2025-12-26 17:00:00,1766768422.0,0.1085
2025-12-26 18:00:00,1766772015.0,0.109
2025-12-26 19:00:00,1766775614.0,0.1095
2025-12-26 20:00:00,1766779215.0,0.1095
2025-12-26 21:00:00,1766782820.0,0.109
2025-12-26 22:00:00,1766786414.0,0.109
2025-12-26 23:00:00,1766790014.0,0.109
2025-12-27 00:00:00,1766793621.0,0.109
2025-12-27 01:00:00,1766797215.0,0.109
2025-12-27 02:00:00,1766800821.0,0.109
2025-12-27 03:00:00,1766804417.0,0.1095
2025-12-27 04:00:00,1766808018.0,0.1095
2025-12-27 05:00:00,1766811619.0,0.1085
2025-12-27 06:00:00,1766815217.0,0.1085
2025-12-27 07:00:00,1766818837.0,0.1085
2025-12-27 08:00:00,1766822415.0,0.1085
2025-12-27 09:00:00,1766826018.0,0.1085
2025-12-27 10:00:00,1766829616.0,0.1085
2025-12-27 11:00:00,1766833220.0,0.1125
2025-12-27 12:00:00,1766836821.0,0.1095
2025-12-27 13:00:00,1766840416.0,0.106
2025-12-27 14:00:00,1766844017.0,0.1055
2025-12-27 15:00:00,1766847618.0,0.1045
2025-12-27 16:00:00,1766851216.0,0.1045
2025-12-27 17:00:00,1766854816.0,0.101
2025-12-27 18:00:00,1766858419.0,0.1135
2025-12-27 19:00:00,1766862017.0,0.192
2025-12-27 20:00:00,1766865616.0,0.1515
2025-12-27 21:00:00,1766869218.0,0.137
2025-12-27 22:00:00,1766872817.0,0.14
2025-12-27 23:00:00,1766876417.0,0.115
2025-12-28 00:00:00,1766880021.0,0.1135
2025-12-28 01:00:00,1766883689.0,0.1345
2025-12-28 02:00:00,1766887216.0,0.139
2025-12-28 03:00:00,1766890819.0,0.1315
2025-12-28 04:00:00,1766894417.0,0.1145
2025-12-28 05:00:00,1766898016.0,0.1125
2025-12-28 06:00:00,1766901618.0,0.1125
2025-12-28 07:00:00,1766905217.0,0.1125
2025-12-28 08:00:00,1766908818.0,0.115
2025-12-28 09:00:00,1766912418.0,0.118
2025-12-28 10:00:00,1766916019.0,0.116
2025-12-28 11:00:00,1766919617.0,0.1215
2025-12-28 12:00:00,1766923221.0,0.129
2025-12-28 13:00:00,1766926816.0,0.1345
2025-12-28 14:00:00,1766930417.0,0.134
2025-12-28 15:00:00,1766934038.0,0.134
2025-12-28 16:00:00,1766937633.0,0.134
2025-12-28 17:00:00,1766941223.0,0.1315
2025-12-28 18:00:00,1766944819.0,0.1335
2025-12-28 19:00:00,1766948416.0,0.1315
2025-12-28 20:00:00,1766952034.0,0.127
2025-12-28 21:00:00,1766955622.0,0.117
2025-12-28 22:00:00,1766959218.0,0.1175
2025-12-28 23:00:00,1766962819.0,0.117
2025-12-29 00:00:00,1766966439.0,0.118
2025-12-29 01:00:00,1766970088.0,0.118
2025-12-29 02:00:00,1766973617.0,0.118
2025-12-29 03:00:00,1766977233.0,0.118
2025-12-29 04:00:00,1766980817.0,0.1185
2025-12-29 05:00:00,1766984432.0,0.1185
2025-12-29 06:00:00,1766988020.0,0.118
2025-12-29 07:00:00,1766991622.0,0.124
2025-12-29 08:00:00,1766995237.0,0.125
2025-12-29 09:00:00,1766998819.0,0.123
2025-12-29 10:00:00,1767002421.0,0.127
2025-12-29 11:00:00,1767006021.0,0.127
2025-12-29 12:00:00,1767009622.0,0.1225
2025-12-29 13:00:00,1767013218.0,0.1195
2025-12-29 14:00:00,1767016818.0,0.1195
2025-12-29 15:00:00,1767020419.0,0.114
2025-12-29 16:00:00,1767024016.0,0.1135
2025-12-29 17:00:00,1767027620.0,0.106
2025-12-29 18:00:00,1767031219.0,0.1075
2025-12-29 19:00:00,1767034821.0,0.109
2025-12-29 20:00:00,1767038418.0,0.11
2025-12-29 21:00:00,1767042019.0,0.11
2025-12-29 22:00:00,1767045621.0,0.1065
2025-12-29 23:00:00,1767049239.0,0.109
2025-12-30 00:00:00,1767052825.0,0.1095
2025-12-30 01:00:00,1767056417.0,0.109
2025-12-30 02:00:00,1767060018.0,0.109
2025-12-30 03:00:00,1767063621.0,0.1095
2025-12-30 04:00:00,1767067218.0,0.1095
2025-12-30 05:00:00,1767070836.0,0.1095
2025-12-30 06:00:00,1767074419.0,0.1015
2025-12-30 07:00:00,1767078028.0,0.0955
2025-12-30 08:00:00,1767081619.0,0.101
2025-12-30 09:00:00,1767085222.0,0.106
2025-12-30 10:00:00,1767088817.0,0.1065
2025-12-30 11:00:00,1767092421.0,0.1035
2025-12-30 12:00:00,1767096026.0,0.103
2025-12-30 13:00:00,1767099618.0,0.1045
2025-12-30 14:00:00,1767103217.0,0.1045
2025-12-30 15:00:00,1767106820.0,0.1075
2025-12-30 16:00:00,1767110419.0,0.103
2025-12-30 17:00:00,1767114024.0,0.1
2025-12-30 18:00:00,1767117625.0,0.1005
2025-12-30 19:00:00,1767121218.0,0.1035
2025-12-30 20:00:00,1767124841.0,0.1045
2025-12-30 21:00:00,1767128420.0,0.1045
2025-12-30 22:00:00,1767132019.0,0.1065
2025-12-30 23:00:00,1767135619.0,0.1075
2025-12-31 00:00:00,1767139223.0,0.107
2025-12-31 01:00:00,1767142819.0,0.1065
2025-12-31 02:00:00,1767146420.0,0.107
2025-12-31 03:00:00,1767150022.0,0.107
2025-12-31 04:00:00,1767153642.0,0.107
2025-12-31 05:00:00,1767157218.0,0.1065
2025-12-31 06:00:00,1767160821.0,0.1065
2025-12-31 07:00:00,1767164419.0,0.1065
2025-12-31 08:00:00,1767168023.0,0.108
2025-12-31 09:00:00,1767171621.0,0.107
2025-12-31 10:00:00,1767175219.0,0.107
2025-12-31 11:00:00,1767178830.0,0.107
2025-12-31 12:00:00,1767182423.0,0.106
2025-12-31 13:00:00,1767186018.0,0.1055
2025-12-31 14:00:00,1767189622.0,0.105
2025-12-31 15:00:00,1767193221.0,0.106
2025-12-31 16:00:00,1767196822.0,0.106
2025-12-31 17:00:00,1767200425.0,0.1365
2025-12-31 18:00:00,1767204023.0,0.137
2025-12-31 19:00:00,1767207650.0,0.136
2025-12-31 20:00:00,1767211220.0,0.138
2025-12-31 21:00:00,1767214823.0,0.1425
2025-12-31 22:00:00,1767218420.0,0.1465
2025-12-31 23:00:00,1767222019.0,0.146
2026-01-01 00:00:00,1767225623.0,0.146
2026-01-01 01:00:00,1767229218.0,0.146
2026-01-01 02:00:00,1767232819.0,0.145
2026-01-01 03:00:00,1767236420.0,0.1465
2026-01-01 04:00:00,1767240033.0,0.1465
2026-01-01 05:00:00,1767243618.0,0.146
2026-01-01 06:00:00,1767247221.0,0.146
2026-01-01 07:00:00,1767250818.0,0.146
2026-01-01 08:00:00,1767254417.0,0.146
2026-01-01 09:00:00,1767258020.0,0.1465
2026-01-01 10:00:00,1767261619.0,0.147
2026-01-01 11:00:00,1767265217.0,0.1485
2026-01-01 12:00:00,1767268825.0,0.149
2026-01-01 13:00:00,1767272445.0,0.1555
2026-01-01 14:00:00,1767276016.0,0.1495
2026-01-01 15:00:00,1767279621.0,0.1485
2026-01-01 16:00:00,1767283216.0,0.148
2026-01-01 17:00:00,1767286822.0,0.148
2026-01-01 18:00:00,1767290420.0,0.1485
2026-01-01 19:00:00,1767294016.0,0.148
2026-01-01 20:00:00,1767297629.0,0.15
2026-01-01 21:00:00,1767301218.0,0.1495
2026-01-01 22:00:00,1767304836.0,0.146
2026-01-01 23:00:00,1767308417.0,0.144
2026-01-02 00:00:00,1767312021.0,0.144
2026-01-02 01:00:00,1767315616.0,0.1425
2026-01-02 02:00:00,1767319217.0,0.1275
2026-01-02 03:00:00,1767322839.0,0.1475
2026-01-02 04:00:00,1767326416.0,0.1475
2026-01-02 05:00:00,1767330018.0,0.1485
2026-01-02 06:00:00,1767333619.0,0.148
2026-01-02 07:00:00,1767337217.0,0.148
2026-01-02 08:00:00,1767340821.0,0.1475
2026-01-02 09:00:00,1767344419.0,0.1355
2026-01-02 10:00:00,1767348019.0,0.1305
2026-01-02 11:00:00,1767351618.0,0.129
2026-01-02 12:00:00,1767355222.0,0.129
2026-01-02 13:00:00,1767358817.0,0.1295
2026-01-02 14:00:00,1767362417.0,0.1345
2026-01-02 15:00:00,1767366021.0,0.133
2026-01-02 16:00:00,1767369618.0,0.133
2026-01-02 17:00:00,1767373222.0,0.1315
2026-01-02 18:00:00,1767376835.0,0.1295
2026-01-02 19:00:00,1767380421.0,0.1315
2026-01-02 20:00:00,1767384019.0,0.1355
2026-01-02 21:00:00,1767387621.0,0.124
2026-01-02 22:00:00,1767391222.0,0.138
2026-01-02 23:00:00,1767394818.0,0.1345
2026-01-03 00:00:00,1767398419.0,0.1325
2026-01-03 01:00:00,1767402090.0,0.1305
2026-01-03 02:00:00,1767405614.0,0.131
2026-01-03 03:00:00,1767409217.0,0.131
2026-01-03 04:00:00,1767412825.0,0.131
2026-01-03 05:00:00,1767416426.0,0.1315
2026-01-03 06:00:00,1767420037.0,0.131
2026-01-03 07:00:00,1767423615.0,0.1255
2026-01-03 08:00:00,1767427214.0,0.1265
2026-01-03 09:00:00,1767430831.0,0.1285
2026-01-03 10:00:00,1767434414.0,0.1285
2026-01-03 11:00:00,1767438017.0,0.131
2026-01-03 12:00:00,1767441621.0,0.131
2026-01-03 13:00:00,1767445214.0,0.131
2026-01-03 14:00:00,1767448816.0,0.1315
2026-01-03 15:00:00,1767452433.0,0.1315
2026-01-03 16:00:00,1767456016.0,0.1315
2026-01-03 17:00:00,1767459623.0,0.134
2026-01-03 18:00:00,1767463219.0,0.139
2026-01-03 19:00:00,1767466815.0,0.143
2026-01-03 20:00:00,1767470418.0,0.142
2026-01-03 21:00:00,1767474020.0,0.135
2026-01-03 22:00:00,1767477616.0,0.136
2026-01-03 23:00:00,1767481215.0,0.1325
2026-01-04 00:00:00,1767484821.0,0.1325
2026-01-04 01:00:00,1767488419.0,0.1325
2026-01-04 02:00:00,1767492015.0,0.125
2026-01-04 03:00:00,1767495632.0,0.126
2026-01-04 04:00:00,1767499220.0,0.13
2026-01-04 05:00:00,1767502815.0,0.1305
2026-01-04 06:00:00,1767506419.0,0.1285
2026-01-04 07:00:00,1767510017.0,0.1305
2026-01-04 08:00:00,1767513616.0,0.1275
2026-01-04 09:00:00,1767517218.0,0.1275
2026-01-04 10:00:00,1767520815.0,0.128
2026-01-04 11:00:00,1767524424.0,0.127
2026-01-04 12:00:00,1767528024.0,0.127
2026-01-04 13:00:00,1767531616.0,0.123
2026-01-04 14:00:00,1767535219.0,0.1275
2026-01-04 15:00:00,1767538825.0,0.123
2026-01-04 16:00:00,1767542437.0,0.1235
2026-01-04 17:00:00,1767546020.0,0.123
2026-01-04 18:00:00,1767549622.0,0.1235
2026-01-04 19:00:00,1767553216.0,0.1225
2026-01-04 20:00:00,1767556835.0,0.1225
2026-01-04 21:00:00,1767560422.0,0.122
2026-01-04 22:00:00,1767564017.0,0.122
2026-01-04 23:00:00,1767567617.0,0.127
2026-01-05 00:00:00,1767571225.0,0.123
2026-01-05 01:00:00,1767574816.0,0.1225
2026-01-05 02:00:00,1767578416.0,0.1215
2026-01-05 03:00:00,1767582020.0,0.118
2026-01-05 04:00:00,1767585616.0,0.126
2026-01-05 05:00:00,1767589231.0,0.13
2026-01-05 06:00:00,1767592821.0,0.1295
2026-01-05 07:00:00,1767596418.0,0.125
2026-01-05 08:00:00,1767600018.0,0.1235
2026-01-05 09:00:00,1767603625.0,0.13
2026-01-05 10:00:00,1767607216.0,0.1265
2026-01-05 11:00:00,1767610816.0,0.1255
2026-01-05 12:00:00,1767614421.0,0.125
2026-01-05 13:00:00,1767618016.0,0.1225
2026-01-05 14:00:00,1767621617.0,0.1235
2026-01-05 15:00:00,1767625222.0,0.123
2026-01-05 16:00:00,1767628817.0,0.1235
2026-01-05 17:00:00,1767632441.0,0.1255
2026-01-05 18:00:00,1767636021.0,0.126
2026-01-05 19:00:00,1767639617.0,0.1265
2026-01-05 20:00:00,1767643218.0,0.126
2026-01-05 21:00:00,1767646822.0,0.1255
2026-01-05 22:00:00,1767650434.0,0.1255
2026-01-05 23:00:00,1767654018.0,0.1255
2026-01-06 00:00:00,1767657626.0,0.1265
2026-01-06 01:00:00,1767661224.0,0.126
2026-01-06 02:00:00,1767664821.0,0.124
2026-01-06 03:00:00,1767668421.0,0.1225
2026-01-06 04:00:00,1767672023.0,0.123
2026-01-06 05:00:00,1767675618.0,0.1235
2026-01-06 06:00:00,1767679227.0,0.1235
2026-01-06 07:00:00,1767682828.0,0.1235
2026-01-06 08:00:00,1767686425.0,0.1235
2026-01-06 09:00:00,1767690022.0,0.1185
2026-01-06 10:00:00,1767693618.0,0.1155
2026-01-06 11:00:00,1767697224.0,0.118
2026-01-06 12:00:00,1767700824.0,0.12
2026-01-06 13:00:00,1767704440.0,0.12
2026-01-06 14:00:00,1767708022.0,0.12
2026-01-06 15:00:00,1767711627.0,0.1195
2026-01-06 16:00:00,1767715219.0,0.1195
2026-01-06 17:00:00,1767718826.0,0.1195
2026-01-06 18:00:00,1767722422.0,0.1235
2026-01-06 19:00:00,1767726019.0,0.1235
2026-01-06 20:00:00,1767729620.0,0.1225
2026-01-06 21:00:00,1767733222.0,0.124
2026-01-06 22:00:00,1767736819.0,0.1115
2026-01-06 23:00:00,1767740442.0,0.106
2026-01-07 00:00:00,1767744024.0,0.1065
2026-01-07 01:00:00,1767747619.0,0.109
2026-01-07 02:00:00,1767751220.0,0.1075
2026-01-07 03:00:00,1767754823.0,0.1085
2026-01-07 04:00:00,1767758419.0,0.1075
2026-01-07 05:00:00,1767762019.0,0.112
2026-01-07 06:00:00,1767765627.0,0.11
2026-01-07 07:00:00,1767769223.0,0.1095
2026-01-07 08:00:00,1767772822.0,0.109
2026-01-07 09:00:00,1767776423.0,0.107
2026-01-07 10:00:00,1767780025.0,0.1055
2026-01-07 11:00:00,1767783619.0,0.1055
2026-01-07 12:00:00,1767787229.0,0.1085
2026-01-07 13:00:00,1767790822.0,0.108
2026-01-07 14:00:00,1767794419.0,0.108
2026-01-07 15:00:00,1767798027.0,0.111
2026-01-07 16:00:00,1767801620.0,0.1115
2026-01-07 17:00:00,1767805229.0,0.11
2026-01-07 18:00:00,1767808823.0,0.108
2026-01-07 19:00:00,1767812422.0,0.1055
2026-01-07 20:00:00,1767816022.0,0.1065
2026-01-07 21:00:00,1767819629.0,0.105
2026-01-07 22:00:00,1767823224.0,0.1065
2026-01-07 23:00:00,1767826821.0,0.1135
2026-01-08 00:00:00,1767830440.0,0.1065
2026-01-08 01:00:00,1767834035.0,0.107
2026-01-08 02:00:00,1767837620.0,0.1075
2026-01-08 03:00:00,1767841223.0,0.1125
2026-01-08 04:00:00,1767844820.0,0.127
2026-01-08 05:00:00,1767848420.0,0.1325
2026-01-08 06:00:00,1767852023.0,0.1255
2026-01-08 07:00:00,1767855621.0,0.1285
2026-01-08 08:00:00,1767859231.0,0.13
2026-01-08 09:00:00,1767862822.0,0.1315
2026-01-08 10:00:00,1767866443.0,0.1335
2026-01-08 11:00:00,1767870020.0,0.1325
2026-01-08 12:00:00,1767873649.0,0.133
2026-01-08 13:00:00,1767877219.0,0.136
2026-01-08 14:00:00,1767880824.0,0.1405
2026-01-08 15:00:00,1767884423.0,0.142
2026-01-08 16:00:00,1767888035.0,0.137
2026-01-08 17:00:00,1767891627.0,0.133
2026-01-08 18:00:00,1767895223.0,0.129
2026-01-08 19:00:00,1767898821.0,0.1275
2026-01-08 20:00:00,1767902422.0,0.1375
2026-01-08 21:00:00,1767906024.0,0.1375
2026-01-08 22:00:00,1767909625.0,0.1275
2026-01-08 23:00:00,1767913222.0,0.1375
2026-01-09 00:00:00,1767916825.0,0.132
2026-01-09 01:00:00,1767920420.0,0.132
2026-01-09 02:00:00,1767924020.0,0.13
2026-01-09 03:00:00,1767927625.0,0.1275
2026-01-09 04:00:00,1767931220.0,0.1295
2026-01-09 05:00:00,1767934820.0,0.1305
2026-01-09 06:00:00,1767938424.0,0.1295
2026-01-09 07:00:00,1767942020.0,0.1265
2026-01-09 08:00:00,1767945621.0,0.126
2026-01-09 09:00:00,1767949223.0,0.126
2026-01-09 10:00:00,1767952821.0,0.127
2026-01-09 11:00:00,1767956420.0,0.127
2026-01-09 12:00:00,1767960039.0,0.1265
2026-01-09 13:00:00,1767963621.0,0.126
2026-01-09 14:00:00,1767967221.0,0.124
2026-01-09 15:00:00,1767970826.0,0.124
2026-01-09 16:00:00,1767974423.0,0.123
2026-01-09 17:00:00,1767978027.0,0.122
2026-01-09 18:00:00,1767981626.0,0.122
2026-01-09 19:00:00,1767985222.0,0.122
2026-01-09 20:00:00,1767988845.0,0.1225
2026-01-09 21:00:00,1767992424.0,0.1225
2026-01-09 22:00:00,1767996022.0,0.1195
2026-01-09 23:00:00,1767999620.0,0.12
2026-01-10 00:00:00,1768003226.0,0.1145
2026-01-10 01:00:00,1768006822.0,0.115
2026-01-10 02:00:00,1768010419.0,0.1155
2026-01-10 03:00:00,1768014024.0,0.1175
2026-01-10 04:00:00,1768017620.0,0.116
2026-01-10 05:00:00,1768021220.0,0.1105
2026-01-10 06:00:00,1768024825.0,0.1085
2026-01-10 07:00:00,1768028421.0,0.1095
2026-01-10 08:00:00,1768032035.0,0.1075
2026-01-10 09:00:00,1768035626.0,0.1075
2026-01-10 10:00:00,1768039225.0,0.1075
2026-01-10 11:00:00,1768042822.0,0.1075
2026-01-10 12:00:00,1768046429.0,0.1075
2026-01-10 13:00:00,1768050023.0,0.1085
2026-01-10 14:00:00,1768053625.0,0.109
2026-01-10 15:00:00,1768057225.0,0.1095
2026-01-10 16:00:00,1768060833.0,0.1095
2026-01-10 17:00:00,1768064426.0,0.109
2026-01-10 18:00:00,1768068027.0,0.117
2026-01-10 19:00:00,1768071621.0,0.1105
2026-01-10 20:00:00,1768075222.0,0.1105
2026-01-10 21:00:00,1768078828.0,0.1075
2026-01-10 22:00:00,1768082422.0,0.1075
2026-01-10 23:00:00,1768086045.0,0.11
2026-01-11 00:00:00,1768089622.0,0.1085
2026-01-11 01:00:00,1768093217.0,0.1085
2026-01-11 02:00:00,1768096830.0,0.1075
2026-01-11 03:00:00,1768100420.0,0.1085
2026-01-11 04:00:00,1768104018.0,0.1115
2026-01-11 05:00:00,1768107615.0,0.1105
2026-01-11 06:00:00,1768111221.0,0.1095
2026-01-11 07:00:00,1768114819.0,0.109
2026-01-11 08:00:00,1768118418.0,0.109
2026-01-11 09:00:00,1768122019.0,0.1115
2026-01-11 10:00:00,1768125615.0,0.1115
2026-01-11 11:00:00,1768129238.0,0.1105
2026-01-11 12:00:00,1768132822.0,0.109
2026-01-11 13:00:00,1768136417.0,0.1115
2026-01-11 14:00:00,1768140019.0,0.1265
2026-01-11 15:00:00,1768143642.0,0.128
2026-01-11 16:00:00,1768147216.0,0.1275
2026-01-11 17:00:00,1768150843.0,0.1265
2026-01-11 18:00:00,1768154427.0,0.1265
2026-01-11 19:00:00,1768158019.0,0.127
2026-01-11 20:00:00,1768161624.0,0.1255
2026-01-11 21:00:00,1768165240.0,0.123
2026-01-11 22:00:00,1768168823.0,0.126
2026-01-11 23:00:00,1768172418.0,0.1215
2026-01-12 00:00:00,1768176024.0,0.1135
2026-01-12 01:00:00,1768179618.0,0.109
2026-01-12 02:00:00,1768183228.0,0.1065
2026-01-12 03:00:00,1768186837.0,0.0865
2026-01-12 04:00:00,1768190421.0,0.092
2026-01-12 05:00:00,1768194018.0,0.0895
2026-01-12 06:00:00,1768197621.0,0.0885
2026-01-12 07:00:00,1768201220.0,0.088
2026-01-12 08:00:00,1768204820.0,0.0815
2026-01-12 09:00:00,1768208421.0,0.0835
2026-01-12 10:00:00,1768212018.0,0.0845
2026-01-12 11:00:00,1768215628.0,0.081
2026-01-12 12:00:00,1768219229.0,0.081
2026-01-12 13:00:00,1768222820.0,0.0835
2026-01-12 14:00:00,1768226418.0,0.0845
2026-01-12 15:00:00,1768230026.0,0.0905
2026-01-12 16:00:00,1768233617.0,0.0935
2026-01-12 17:00:00,1768237220.0,0.085
2026-01-12 18:00:00,1768240849.0,0.087
2026-01-12 19:00:00,1768244419.0,0.0865
2026-01-12 20:00:00,1768248024.0,0.087
2026-01-12 21:00:00,1768251628.0,0.0855
2026-01-12 22:00:00,1768255247.0,0.0875
2026-01-12 23:00:00,1768258824.0,0.0945
2026-01-13 00:00:00,1768262425.0,0.0785
2026-01-13 01:00:00,1768266089.0,0.0785
2026-01-13 02:00:00,1768269618.0,0.0805
2026-01-13 03:00:00,1768273225.0,0.0805
2026-01-13 04:00:00,1768276819.0,0.0865
2026-01-13 05:00:00,1768280419.0,0.087
2026-01-13 06:00:00,1768284024.0,0.087
2026-01-13 07:00:00,1768287645.0,0.0875
2026-01-13 08:00:00,1768291234.0,0.0895
2026-01-13 09:00:00,1768294828.0,0.093
2026-01-13 10:00:00,1768298420.0,0.092
2026-01-13 11:00:00,1768302020.0,0.092
2026-01-13 12:00:00,1768305630.0,0.0935
2026-01-13 13:00:00,1768309262.0,0.096
2026-01-13 14:00:00,1768312834.0,0.1
2026-01-13 15:00:00,1768316424.0,0.102
2026-01-13 16:00:00,1768320043.0,0.102
2026-01-13 17:00:00,1768323630.0,0.0965
2026-01-13 18:00:00,1768327226.0,0.096
2026-01-13 19:00:00,1768330869.0,0.096
2026-01-13 20:00:00,1768334421.0,0.0965
2026-01-13 21:00:00,1768338025.0,0.0965
2026-01-13 22:00:00,1768341624.0,0.102
2026-01-13 23:00:00,1768345222.0,0.1035
2026-01-14 00:00:00,1768348827.0,0.091
2026-01-14 01:00:00,1768352421.0,0.089
2026-01-14 02:00:00,1768356022.0,0.0925
2026-01-14 03:00:00,1768359625.0,0.0915
2026-01-14 04:00:00,1768363225.0,0.0915
2026-01-14 05:00:00,1768366826.0,0.094
2026-01-14 06:00:00,1768370426.0,0.0935
2026-01-14 07:00:00,1768374023.0,0.0965
2026-01-14 08:00:00,1768377636.0,0.0945
2026-01-14 09:00:00,1768381225.0,0.095
2026-01-14 10:00:00,1768384821.0,0.0925
2026-01-14 11:00:00,1768388421.0,0.0945
2026-01-14 12:00:00,1768392029.0,0.0945
2026-01-14 13:00:00,1768395625.0,0.093
2026-01-14 14:00:00,1768399221.0,0.093
2026-01-14 15:00:00,1768402847.0,0.0925
2026-01-14 16:00:00,1768406435.0,0.0925
2026-01-14 17:00:00,1768410027.0,0.093
2026-01-14 18:00:00,1768413629.0,0.0935
2026-01-14 19:00:00,1768417223.0,0.0965
2026-01-14 20:00:00,1768420823.0,0.099
2026-01-14 21:00:00,1768424428.0,0.0935
2026-01-14 22:00:00,1768428026.0,0.0885
2026-01-14 23:00:00,1768431623.0,0.0885
2026-01-15 00:00:00,1768435229.0,0.0885
2026-01-15 01:00:00,1768438821.0,0.09
2026-01-15 02:00:00,1768442422.0,0.0905
2026-01-15 03:00:00,1768446043.0,0.09
2026-01-15 04:00:00,1768449623.0,0.0905
2026-01-15 05:00:00,1768453222.0,0.0895
2026-01-15 06:00:00,1768456827.0,0.09
2026-01-15 07:00:00,1768460423.0,0.0905
2026-01-15 08:00:00,1768464022.0,0.0925
2026-01-15 09:00:00,1768467631.0,0.0915
2026-01-15 10:00:00,1768471223.0,0.0915
2026-01-15 11:00:00,1768474822.0,0.0895
2026-01-15 12:00:00,1768478429.0,0.0895
2026-01-15 13:00:00,1768482023.0,0.0895
2026-01-15 14:00:00,1768485622.0,0.0895
2026-01-15 15:00:00,1768489226.0,0.0815
2026-01-15 16:00:00,1768492822.0,0.0815
2026-01-15 17:00:00,1768496430.0,0.0815
2026-01-15 18:00:00,1768500042.0,0.0815
2026-01-15 19:00:00,1768503629.0,0.0825
2026-01-15 20:00:00,1768507226.0,0.081
2026-01-15 21:00:00,1768510834.0,0.0815
2026-01-15 22:00:00,1768514423.0,0.081
2026-01-15 23:00:00,1768518024.0,0.0815
2026-01-16 00:00:00,1768521633.0,0.0815
2026-01-16 01:00:00,1768525228.0,0.0815
2026-01-16 02:00:00,1768528824.0,0.0815
2026-01-16 03:00:00,1768532433.0,0.0815
2026-01-16 04:00:00,1768536023.0,0.083
2026-01-16 05:00:00,1768539623.0,0.0825
2026-01-16 06:00:00,1768543228.0,0.084
2026-01-16 07:00:00,1768546824.0,0.084
2026-01-16 08:00:00,1768550424.0,0.0885
2026-01-16 09:00:00,1768554027.0,0.0885
2026-01-16 10:00:00,1768557622.0,0.086
2026-01-16 11:00:00,1768561222.0,0.0855
2026-01-16 12:00:00,1768564830.0,0.085
2026-01-16 13:00:00,1768568423.0,0.0845
2026-01-16 14:00:00,1768572023.0,0.0855
2026-01-16 15:00:00,1768575627.0,0.0895
2026-01-16 16:00:00,1768579223.0,0.1435
2026-01-16 17:00:00,1768582826.0,0.1315
2026-01-16 18:00:00,1768586428.0,0.132
2026-01-16 19:00:00,1768590028.0,0.1345
2026-01-16 20:00:00,1768593624.0,0.1385
2026-01-16 21:00:00,1768597233.0,0.161
2026-01-16 22:00:00,1768600849.0,0.178
2026-01-16 23:00:00,1768604423.0,0.1725
2026-01-17 00:00:00,1768608029.0,0.174
2026-01-17 01:00:00,1768611624.0,0.174
2026-01-17 02:00:00,1768615223.0,0.181
2026-01-17 03:00:00,1768618829.0,0.1665
2026-01-17 04:00:00,1768622422.0,0.1615
2026-01-17 05:00:00,1768626023.0,0.153
2026-01-17 06:00:00,1768629627.0,0.145
2026-01-17 07:00:00,1768633225.0,0.1445
2026-01-17 08:00:00,1768636823.0,0.1485
2026-01-17 09:00:00,1768640428.0,0.1495
2026-01-17 10:00:00,1768644038.0,0.143
2026-01-17 11:00:00,1768647623.0,0.142
2026-01-17 12:00:00,1768651248.0,0.144
2026-01-17 13:00:00,1768654824.0,0.1465
2026-01-17 14:00:00,1768658451.0,0.147
2026-01-17 15:00:00,1768662034.0,0.1465
2026-01-17 16:00:00,1768665623.0,0.148
2026-01-17 17:00:00,1768669239.0,0.154
2026-01-17 18:00:00,1768672831.0,0.154
2026-01-17 19:00:00,1768676428.0,0.157
2026-01-17 20:00:00,1768680050.0,0.164
2026-01-17 21:00:00,1768683641.0,0.162
2026-01-17 22:00:00,1768687223.0,0.163
2026-01-17 23:00:00,1768690824.0,0.161
2026-01-18 00:00:00,1768694447.0,0.1605
2026-01-18 01:00:00,1768698022.0,0.16
2026-01-18 02:00:00,1768701654.0,0.153
2026-01-18 03:00:00,1768705231.0,0.1555
2026-01-18 04:00:00,1768708827.0,0.1515
2026-01-18 05:00:00,1768712433.0,0.153
2026-01-18 06:00:00,1768716056.0,0.151
2026-01-18 07:00:00,1768719622.0,0.15
2026-01-18 08:00:00,1768723260.0,0.1495
2026-01-18 09:00:00,1768726827.0,0.1495
2026-01-18 10:00:00,1768730422.0,0.1445
2026-01-18 11:00:00,1768734025.0,0.143
2026-01-18 12:00:00,1768737645.0,0.141
2026-01-18 13:00:00,1768741236.0,0.1375
2026-01-18 14:00:00,1768744824.0,0.1335
2026-01-18 15:00:00,1768748427.0,0.139
2026-01-18 16:00:00,1768752022.0,0.1355
2026-01-18 17:00:00,1768755645.0,0.1375
2026-01-18 18:00:00,1768759244.0,0.14
2026-01-18 19:00:00,1768762823.0,0.138
2026-01-18 20:00:00,1768766429.0,0.138
2026-01-18 21:00:00,1768770028.0,0.1385
2026-01-18 22:00:00,1768773622.0,0.142
2026-01-18 23:00:00,1768777227.0,0.143
2026-01-19 00:00:00,1768780824.0,0.1445
2026-01-19 01:00:00,1768784511.0,0.144
2026-01-19 02:00:00,1768788036.0,0.142
2026-01-19 03:00:00,1768791622.0,0.144
2026-01-19 04:00:00,1768795223.0,0.142
2026-01-19 05:00:00,1768798828.0,0.1395
2026-01-19 06:00:00,1768802423.0,0.132
2026-01-19 07:00:00,1768806039.0,0.135
2026-01-19 08:00:00,1768809629.0,0.1325
2026-01-19 09:00:00,1768813226.0,0.133
2026-01-19 10:00:00,1768816818.0,0.132
2026-01-19 11:00:00,1768820428.0,0.133
2026-01-19 12:00:00,1768824028.0,0.1325
2026-01-19 13:00:00,1768827617.0,0.134
2026-01-19 14:00:00,1768831217.0,0.1345
2026-01-19 15:00:00,1768834826.0,0.1345
2026-01-19 16:00:00,1768838418.0,0.133
2026-01-19 17:00:00,1768842034.0,0.1335
2026-01-19 18:00:00,1768845628.0,0.1375
2026-01-19 19:00:00,1768849220.0,0.1345
2026-01-19 20:00:00,1768852827.0,0.133
2026-01-19 21:00:00,1768856424.0,0.1335
2026-01-19 22:00:00,1768860024.0,0.133
2026-01-19 23:00:00,1768863634.0,0.136
2026-01-20 00:00:00,1768867226.0,0.133
2026-01-20 01:00:00,1768870818.0,0.1325
2026-01-20 02:00:00,1768874419.0,0.132
2026-01-20 03:00:00,1768878039.0,0.1165
2026-01-20 04:00:00,1768881645.0,0.114
2026-01-20 05:00:00,1768885234.0,0.1135
2026-01-20 06:00:00,1768888829.0,0.116
2026-01-20 07:00:00,1768892420.0,0.118
2026-01-20 08:00:00,1768896021.0,0.113
2026-01-20 09:00:00,1768899623.0,0.112
2026-01-20 10:00:00,1768903224.0,0.1095
2026-01-20 11:00:00,1768906819.0,0.1105
2026-01-20 12:00:00,1768910427.0,0.11
2026-01-20 13:00:00,1768914020.0,0.1145
2026-01-20 14:00:00,1768917620.0,0.112
2026-01-20 15:00:00,1768921226.0,0.112
2026-01-20 16:00:00,1768924819.0,0.1125
2026-01-20 17:00:00,1768928423.0,0.1135
2026-01-20 18:00:00,1768932024.0,0.116
2026-01-20 19:00:00,1768935619.0,0.1155
2026-01-20 20:00:00,1768939221.0,0.113
2026-01-20 21:00:00,1768942843.0,0.1155
2026-01-20 22:00:00,1768946420.0,0.116
2026-01-20 23:00:00,1768950020.0,0.113
2026-01-21 00:00:00,1768953628.0,0.124
2026-01-21 01:00:00,1768957220.0,0.1245
2026-01-21 02:00:00,1768960822.0,0.1285
2026-01-21 03:00:00,1768964428.0,0.135
2026-01-21 04:00:00,1768968020.0,0.136
2026-01-21 05:00:00,1768971620.0,0.142
2026-01-21 06:00:00,1768975226.0,0.1295
2026-01-21 07:00:00,1768978823.0,0.1285
2026-01-21 08:00:00,1768982422.0,0.131
2026-01-21 09:00:00,1768986061.0,0.132
2026-01-21 10:00:00,1768989623.0,0.1305
2026-01-21 11:00:00,1768993223.0,0.133
2026-01-21 12:00:00,1768996854.0,0.134
2026-01-21 13:00:00,1769000421.0,0.1275
2026-01-21 14:00:00,1769004025.0,0.1265
2026-01-21 15:00:00,1769007626.0,0.114
2026-01-21 16:00:00,1769011225.0,0.112
2026-01-21 17:00:00,1769014832.0,0.112
2026-01-21 18:00:00,1769018453.0,0.119
2026-01-21 19:00:00,1769022036.0,0.115
2026-01-21 20:00:00,1769025625.0,0.114
2026-01-21 21:00:00,1769029260.0,0.1175
2026-01-21 22:00:00,1769032823.0,0.113
2026-01-21 23:00:00,1769036424.0,0.1195
2026-01-22 00:00:00,1769040042.0,0.1225
2026-01-22 01:00:00,1769043622.0,0.1235
2026-01-22 02:00:00,1769047225.0,0.1235
2026-01-22 03:00:00,1769050835.0,0.1305
2026-01-22 04:00:00,1769054421.0,0.1325
2026-01-22 05:00:00,1769058021.0,0.134
2026-01-22 06:00:00,1769061626.0,0.136
2026-01-22 07:00:00,1769065224.0,0.1355
2026-01-22 08:00:00,1769068827.0,0.1345
2026-01-22 09:00:00,1769072436.0,0.1385
2026-01-22 10:00:00,1769076023.0,0.136
2026-01-22 11:00:00,1769079622.0,0.139
2026-01-22 12:00:00,1769083260.0,0.134
2026-01-22 13:00:00,1769086823.0,0.1305
2026-01-22 14:00:00,1769090430.0,0.127
2026-01-22 15:00:00,1769094049.0,0.1275
2026-01-22 16:00:00,1769097623.0,0.136
2026-01-22 17:00:00,1769101228.0,0.1375
2026-01-22 18:00:00,1769104850.0,0.1325
2026-01-22 19:00:00,1769108422.0,0.134
2026-01-22 20:00:00,1769112025.0,0.134
2026-01-22 21:00:00,1769115638.0,0.1355
2026-01-22 22:00:00,1769119224.0,0.1295
2026-01-22 23:00:00,1769122824.0,0.1285
2026-01-23 00:00:00,1769126446.0,0.125
2026-01-23 01:00:00,1769130022.0,0.125
2026-01-23 02:00:00,1769133623.0,0.124
2026-01-23 03:00:00,1769137241.0,0.125
2026-01-23 04:00:00,1769140824.0,0.124
2026-01-23 05:00:00,1769144421.0,0.1235
2026-01-23 06:00:00,1769148029.0,0.1245
2026-01-23 07:00:00,1769151624.0,0.1195
2026-01-23 08:00:00,1769155225.0,0.119
2026-01-23 09:00:00,1769158830.0,0.1185
2026-01-23 10:00:00,1769162448.0,0.121
2026-01-23 11:00:00,1769166024.0,0.119
2026-01-23 12:00:00,1769169665.0,0.1215
2026-01-23 13:00:00,1769173222.0,0.1205
2026-01-23 14:00:00,1769176822.0,0.1195
2026-01-23 15:00:00,1769180429.0,0.121
2026-01-23 16:00:00,1769184022.0,0.126
2026-01-23 17:00:00,1769187645.0,0.129
2026-01-23 18:00:00,1769191259.0,0.129
2026-01-23 19:00:00,1769194825.0,0.1185
2026-01-23 20:00:00,1769198425.0,0.0975
2026-01-23 21:00:00,1769202029.0,0.087
2026-01-23 22:00:00,1769205629.0,0.085
2026-01-23 23:00:00,1769209230.0,0.0835
2026-01-24 00:00:00,1769212844.0,0.0795
2026-01-24 01:00:00,1769216425.0,0.0785
2026-01-24 02:00:00,1769220028.0,0.0795
2026-01-24 03:00:00,1769223662.0,0.0775
2026-01-24 04:00:00,1769227223.0,0.0725
2026-01-24 05:00:00,1769230846.0,0.0765
2026-01-24 06:00:00,1769234462.0,0.0765
2026-01-24 07:00:00,1769238025.0,0.0765
2026-01-24 08:00:00,1769241627.0,0.0815
2026-01-24 09:00:00,1769245239.0,0.0785
2026-01-24 10:00:00,1769248839.0,0.0775
2026-01-24 11:00:00,1769252431.0,0.0685
2026-01-24 12:00:00,1769256044.0,0.0665
2026-01-24 13:00:00,1769259624.0,0.063
2026-01-24 14:00:00,1769263235.0,0.0655
2026-01-24 15:00:00,1769266834.0,0.0695
2026-01-24 16:00:00,1769270425.0,0.0685
2026-01-24 17:00:00,1769274030.0,0.0515
2026-01-24 18:00:00,1769277630.0,0.0545
2026-01-24 19:00:00,1769281226.0,0.078
2026-01-24 20:00:00,1769284825.0,0.0695
2026-01-24 21:00:00,1769288440.0,0.0795
2026-01-24 22:00:00,1769292024.0,0.078
2026-01-24 23:00:00,1769295624.0,0.076
2026-01-25 00:00:00,1769299249.0,0.0825
2026-01-25 01:00:00,1769302823.0,0.083
2026-01-25 02:00:00,1769306422.0,0.096
2026-01-25 03:00:00,1769310037.0,0.082
2026-01-25 04:00:00,1769313622.0,0.0835
2026-01-25 05:00:00,1769317222.0,0.0925
2026-01-25 06:00:00,1769320825.0,0.091
2026-01-25 07:00:00,1769324427.0,0.0915
2026-01-25 08:00:00,1769328024.0,0.086
2026-01-25 09:00:00,1769331661.0,0.085
2026-01-25 10:00:00,1769335249.0,0.0855
2026-01-25 11:00:00,1769338822.0,0.0785
2026-01-25 12:00:00,1769342466.0,0.077
2026-01-25 13:00:00,1769346035.0,0.0775
2026-01-25 14:00:00,1769349626.0,0.0745
2026-01-25 15:00:00,1769353231.0,0.075
2026-01-25 16:00:00,1769356848.0,0.0755
2026-01-25 17:00:00,1769360439.0,0.0705
2026-01-25 18:00:00,1769364036.0,0.0705
2026-01-25 19:00:00,1769367623.0,0.0705
2026-01-25 20:00:00,1769371224.0,0.0935
2026-01-25 21:00:00,1769374836.0,0.1065
2026-01-25 22:00:00,1769378429.0,0.097
2026-01-25 23:00:00,1769382024.0,0.1075
2026-01-26 00:00:00,1769385648.0,0.1135
2026-01-26 01:00:00,1769389223.0,0.096
2026-01-26 02:00:00,1769392828.0,0.0935
2026-01-26 03:00:00,1769396428.0,0.0845
2026-01-26 04:00:00,1769400023.0,0.0875
2026-01-26 05:00:00,1769403622.0,0.093
2026-01-26 06:00:00,1769407240.0,0.103
2026-01-26 07:00:00,1769410825.0,0.1035
2026-01-26 08:00:00,1769414424.0,0.0995
2026-01-26 09:00:00,1769418040.0,0.1015
2026-01-26 10:00:00,1769421623.0,0.0985
2026-01-26 11:00:00,1769425228.0,0.1005
2026-01-26 12:00:00,1769428843.0,0.0975
2026-01-26 13:00:00,1769432427.0,0.093
2026-01-26 14:00:00,1769436023.0,0.0925
2026-01-26 15:00:00,1769439630.0,0.0925
2026-01-26 16:00:00,1769443224.0,0.0925
2026-01-26 17:00:00,1769446832.0,0.0945
2026-01-26 18:00:00,1769450437.0,0.0925
2026-01-26 19:00:00,1769454025.0,0.0915
2026-01-26 20:00:00,1769457631.0,0.092
2026-01-26 21:00:00,1769461232.0,0.0915
2026-01-26 22:00:00,1769464824.0,0.094
2026-01-26 23:00:00,1769468424.0,0.097
2026-01-27 00:00:00,1769472041.0,0.0985
2026-01-27 01:00:00,1769475619.0,0.0995
2026-01-27 02:00:00,1769479219.0,0.0995
2026-01-27 03:00:00,1769482828.0,0.1025
2026-01-27 04:00:00,1769486421.0,0.104
2026-01-27 05:00:00,1769490020.0,0.1025
2026-01-27 06:00:00,1769493621.0,0.1
2026-01-27 07:00:00,1769497228.0,0.1045
2026-01-27 08:00:00,1769500822.0,0.0975
2026-01-27 09:00:00,1769504422.0,0.0985
2026-01-27 10:00:00,1769508028.0,0.099
2026-01-27 11:00:00,1769511620.0,0.0965
2026-01-27 12:00:00,1769515228.0,0.0975
2026-01-27 13:00:00,1769518833.0,0.1005
2026-01-27 14:00:00,1769522420.0,0.0965
2026-01-27 15:00:00,1769526022.0,0.0885
2026-01-27 16:00:00,1769529620.0,0.088
2026-01-27 17:00:00,1769533220.0,0.0895
2026-01-27 18:00:00,1769536823.0,0.0885
2026-01-27 19:00:00,1769540421.0,0.0865
2026-01-27 20:00:00,1769544020.0,0.1025
2026-01-27 21:00:00,1769547623.0,0.107
2026-01-27 22:00:00,1769551220.0,0.1
2026-01-27 23:00:00,1769554822.0,0.0895
2026-01-28 00:00:00,1769558430.0,0.091
2026-01-28 01:00:00,1769562039.0,0.09
2026-01-28 02:00:00,1769565626.0,0.0895
2026-01-28 03:00:00,1769569227.0,0.093
2026-01-28 04:00:00,1769572849.0,0.0895
2026-01-28 05:00:00,1769576421.0,0.0875
2026-01-28 06:00:00,1769580023.0,0.088
2026-01-28 07:00:00,1769583622.0,0.0895
2026-01-28 08:00:00,1769587221.0,0.0925
2026-01-28 09:00:00,1769590830.0,0.087
2026-01-28 10:00:00,1769594454.0,0.0845
2026-01-28 11:00:00,1769598021.0,0.0805
2026-01-28 12:00:00,1769601631.0,0.0765
2026-01-28 13:00:00,1769605248.0,0.0775
2026-01-28 14:00:00,1769608822.0,0.077
2026-01-28 15:00:00,1769612424.0,0.0765
2026-01-28 16:00:00,1769616022.0,0.083
2026-01-28 17:00:00,1769619626.0,0.092
2026-01-28 18:00:00,1769623253.0,0.087
2026-01-28 19:00:00,1769626823.0,0.095
2026-01-28 20:00:00,1769630429.0,0.1315
2026-01-28 21:00:00,1769634024.0,0.144
2026-01-28 22:00:00,1769637623.0,0.1695
2026-01-28 23:00:00,1769641223.0,0.18
2026-01-29 00:00:00,1769644845.0,0.197
2026-01-29 01:00:00,1769648422.0,0.1895
2026-01-29 02:00:00,1769652023.0,0.181
2026-01-29 03:00:00,1769655627.0,0.1445
2026-01-29 04:00:00,1769659224.0,0.155
2026-01-29 05:00:00,1769662824.0,0.1565
2026-01-29 06:00:00,1769666427.0,0.158
2026-01-29 07:00:00,1769670026.0,0.167
2026-01-29 08:00:00,1769673624.0,0.163
2026-01-29 09:00:00,1769677228.0,0.1585
2026-01-29 10:00:00,1769680829.0,0.1755
2026-01-29 11:00:00,1769684425.0,0.173
2026-01-29 12:00:00,1769688037.0,0.16
2026-01-29 13:00:00,1769691624.0,0.151
2026-01-29 14:00:00,1769695224.0,0.151
2026-01-29 15:00:00,1769698827.0,0.1525
2026-01-29 16:00:00,1769702425.0,0.1215
2026-01-29 17:00:00,1769706024.0,0.135
2026-01-29 18:00:00,1769709628.0,0.136
2026-01-29 19:00:00,1769713225.0,0.139
2026-01-29 20:00:00,1769716836.0,0.139
2026-01-29 21:00:00,1769720430.0,0.137
2026-01-29 22:00:00,1769724026.0,0.138
2026-01-29 23:00:00,1769727626.0,0.138
2026-01-30 00:00:00,1769731235.0,0.0335
2026-01-30 01:00:00,1769734825.0,0.0195
2026-01-30 02:00:00,1769738426.0,0.021
2026-01-30 03:00:00,1769742029.0,0.0095
2026-01-30 04:00:00,1769745626.0,0.011
2026-01-30 05:00:00,1769749225.0,0.0175
2026-01-30 06:00:00,1769752827.0,0.01
2026-01-30 07:00:00,1769756426.0,0.011
2026-01-30 08:00:00,1769760025.0,0.006
2026-01-30 09:00:00,1769763659.0,0.0075
2026-01-30 10:00:00,1769767225.0,0.005
2026-01-30 11:00:00,1769770855.0,0.0075
2026-01-30 12:00:00,1769774452.0,0.0005
2026-01-30 13:00:00,1769778026.0,0.0005
2026-01-30 14:00:00,1769781626.0,0.0005
2026-01-30 15:00:00,1769785230.0,0.0005
2026-01-30 16:00:00,1769788827.0,0.0005
2026-01-30 17:00:00,1769792430.0,0.001
2026-01-30 18:00:00,1769796029.0,0.0005
2026-01-30 19:00:00,1769799626.0,0.0005
2026-01-30 20:00:00,1769803227.0,0.0005
2026-01-30 21:00:00,1769806830.0,0.0005
2026-01-30 22:00:00,1769810433.0,0.0005
2026-01-30 23:00:00,1769814025.0,0.0015
2026-01-31 00:00:00,1769817635.0,0.0015
2026-01-31 01:00:00,1769821226.0,0.0025
2026-01-31 02:00:00,1769824826.0,0.0025
2026-01-31 03:00:00,1769828429.0,0.0015
2026-01-31 04:00:00,1769832027.0,0.0015
2026-01-31 05:00:00,1769835627.0,0.0025
2026-01-31 06:00:00,1769839229.0,0.0015
2026-01-31 07:00:00,1769842828.0,0.0015
2026-01-31 08:00:00,1769846427.0,0.0015
2026-01-31 09:00:00,1769850060.0,0.0025
2026-01-31 10:00:00,1769853628.0,0.002
2026-01-31 11:00:00,1769857226.0,0.002
2026-01-31 12:00:00,1769860841.0,0.002
2026-01-31 13:00:00,1769864428.0,0.0025
2026-01-31 14:00:00,1769868026.0,0.0035
2026-01-31 15:00:00,1769871633.0,0.002
2026-01-31 16:00:00,1769875226.0,0.002
2026-01-31 17:00:00,1769878851.0,0.0015
2026-01-31 18:00:00,1769882433.0,0.0005
2026-01-31 19:00:00,1769886031.0,0.0015
2026-01-31 20:00:00,1769889627.0,0.0015
2026-01-31 21:00:00,1769893247.0,0.0015
2026-01-31 22:00:00,1769896855.0,0.0015
2026-01-31 23:00:00,1769900426.0,0.0015
2026-02-01 00:00:00,1769904043.0,0.0015
2026-02-01 01:00:00,1769907755.0,0.0015
2026-02-01 02:00:00,1769911224.0,0.0015
2026-02-01 03:00:00,1769914830.0,0.0015
