time_utc,t,p
2026-02-01 04:00:00,1769921478.0,0.0005
2025-08-13 14:00:00,1755097022.0,0.5
2025-08-13 15:00:00,1755097213.0,0.5
2025-08-13 16:00:00,1755100811.0,0.22
2025-08-13 17:00:00,1755104408.0,0.25
2025-08-13 18:00:00,1755108013.0,0.23
2025-08-13 19:00:00,1755111615.0,0.15
2025-08-13 20:00:00,1755115205.0,0.08
2025-08-13 21:00:00,1755118805.0,0.08
2025-08-13 22:00:00,1755122406.0,0.08
2025-08-13 23:00:00,1755126009.0,0.085
2025-08-14 00:00:00,1755129607.0,0.075
2025-08-14 01:00:00,1755133206.0,0.075
2025-08-14 02:00:00,1755136807.0,0.075
2025-08-14 03:00:00,1755140404.0,0.085
2025-08-14 04:00:00,1755144008.0,0.085
2025-08-14 05:00:00,1755147605.0,0.1
2025-08-14 06:00:00,1755151205.0,0.1
2025-08-14 07:00:00,1755154814.0,0.1
2025-08-14 08:00:00,1755158411.0,0.1
2025-08-14 09:00:00,1755162002.0,0.1
2025-08-14 10:00:00,1755165602.0,0.1
2025-08-14 11:00:00,1755169214.0,0.1
2025-08-14 12:00:00,1755172809.0,0.095
2025-08-14 13:00:00,1755176411.0,0.105
2025-08-14 14:00:00,1755180005.0,0.095
2025-08-14 15:00:00,1755183609.0,0.085
2025-08-14 16:00:00,1755187211.0,0.08
2025-08-14 17:00:00,1755190814.0,0.08
2025-08-14 18:00:00,1755194412.0,0.08
2025-08-14 19:00:00,1755198005.0,0.08
2025-08-14 20:00:00,1755201615.0,0.09
2025-08-14 21:00:00,1755205208.0,0.085
2025-08-14 22:00:00,1755208814.0,0.1
2025-08-14 23:00:00,1755212406.0,0.14
2025-08-15 00:00:00,1755216014.0,0.175
2025-08-15 01:00:00,1755219602.0,0.175
2025-08-15 02:00:00,1755223203.0,0.175
2025-08-15 03:00:00,1755226807.0,0.155
2025-08-15 04:00:00,1755230404.0,0.155
2025-08-15 05:00:00,1755234002.0,0.155
2025-08-15 06:00:00,1755237604.0,0.15
2025-08-15 07:00:00,1755241202.0,0.13
2025-08-15 08:00:00,1755244810.0,0.155
2025-08-15 09:00:00,1755248406.0,0.155
2025-08-15 10:00:00,1755252013.0,0.16
2025-08-15 11:00:00,1755255610.0,0.115
2025-08-15 12:00:00,1755259220.0,0.115
2025-08-15 13:00:00,1755262808.0,0.115
2025-08-15 14:00:00,1755266409.0,0.115
2025-08-15 15:00:00,1755270017.0,0.11
2025-08-15 16:00:00,1755273609.0,0.115
2025-08-15 17:00:00,1755277205.0,0.105
2025-08-15 18:00:00,1755280809.0,0.09
2025-08-15 19:00:00,1755284407.0,0.105
2025-08-15 20:00:00,1755288006.0,0.095
2025-08-15 21:00:00,1755291614.0,0.125
2025-08-15 22:00:00,1755295216.0,0.135
2025-08-15 23:00:00,1755298806.0,0.125
2025-08-16 00:00:00,1755302406.0,0.115
2025-08-16 01:00:00,1755306004.0,0.115
2025-08-16 02:00:00,1755309602.0,0.115
2025-08-16 03:00:00,1755313208.0,0.12
2025-08-16 04:00:00,1755316815.0,0.115
2025-08-16 05:00:00,1755320415.0,0.105
2025-08-16 06:00:00,1755324007.0,0.1
2025-08-16 07:00:00,1755327604.0,0.09
2025-08-16 08:00:00,1755331207.0,0.095
2025-08-16 09:00:00,1755334813.0,0.095
2025-08-16 10:00:00,1755338415.0,0.095
2025-08-16 11:00:00,1755342004.0,0.095
2025-08-16 12:00:00,1755345604.0,0.095
2025-08-16 13:00:00,1755349202.0,0.095
2025-08-16 14:00:00,1755352809.0,0.12
2025-08-16 15:00:00,1755356408.0,0.13
2025-08-16 16:00:00,1755360011.0,0.13
2025-08-16 17:00:00,1755363602.0,0.145
2025-08-16 18:00:00,1755367202.0,0.145
2025-08-16 19:00:00,1755370810.0,0.135
2025-08-16 20:00:00,1755374412.0,0.135
2025-08-16 21:00:00,1755378004.0,0.135
2025-08-16 22:00:00,1755381603.0,0.13
2025-08-16 23:00:00,1755385209.0,0.13
2025-08-17 00:00:00,1755388804.0,0.13
2025-08-17 01:00:00,1755392412.0,0.13
2025-08-17 02:00:00,1755396011.0,0.13
2025-08-17 03:00:00,1755399616.0,0.125
2025-08-17 04:00:00,1755403212.0,0.13
2025-08-17 05:00:00,1755406805.0,0.125
2025-08-17 06:00:00,1755410411.0,0.145
2025-08-17 07:00:00,1755414011.0,0.14
2025-08-17 08:00:00,1755417603.0,0.145
2025-08-17 09:00:00,1755421207.0,0.14
2025-08-17 10:00:00,1755424804.0,0.145
2025-08-17 11:00:00,1755428410.0,0.125
2025-08-17 12:00:00,1755432006.0,0.13
2025-08-17 13:00:00,1755435608.0,0.14
2025-08-17 14:00:00,1755439213.0,0.14
2025-08-17 15:00:00,1755442815.0,0.125
2025-08-17 16:00:00,1755446407.0,0.11
2025-08-17 17:00:00,1755450004.0,0.135
2025-08-17 18:00:00,1755453612.0,0.135
2025-08-17 19:00:00,1755457213.0,0.135
2025-08-17 20:00:00,1755460813.0,0.135
2025-08-17 21:00:00,1755464405.0,0.13
2025-08-17 22:00:00,1755468004.0,0.115
2025-08-17 23:00:00,1755471609.0,0.115
2025-08-18 00:00:00,1755475206.0,0.115
2025-08-18 01:00:00,1755478802.0,0.125
2025-08-18 02:00:00,1755482411.0,0.13
2025-08-18 03:00:00,1755486015.0,0.13
2025-08-18 04:00:00,1755489606.0,0.125
2025-08-18 05:00:00,1755493211.0,0.13
2025-08-18 06:00:00,1755496807.0,0.12
2025-08-18 07:00:00,1755500406.0,0.105
2025-08-18 08:00:00,1755504006.0,0.11
2025-08-18 09:00:00,1755507609.0,0.1
2025-08-18 10:00:00,1755511205.0,0.1
2025-08-18 11:00:00,1755514806.0,0.105
2025-08-18 12:00:00,1755518414.0,0.105
2025-08-18 13:00:00,1755522006.0,0.09
2025-08-18 14:00:00,1755525607.0,0.095
2025-08-18 15:00:00,1755529210.0,0.11
2025-08-18 16:00:00,1755532815.0,0.13
2025-08-18 17:00:00,1755536413.0,0.135
2025-08-18 18:00:00,1755540013.0,0.105
2025-08-18 19:00:00,1755543609.0,0.095
2025-08-18 20:00:00,1755547214.0,0.1
2025-08-18 21:00:00,1755550813.0,0.11
2025-08-18 22:00:00,1755554411.0,0.115
2025-08-18 23:00:00,1755558010.0,0.1
2025-08-19 00:00:00,1755561606.0,0.095
2025-08-19 01:00:00,1755565214.0,0.105
2025-08-19 02:00:00,1755568812.0,0.115
2025-08-19 03:00:00,1755572416.0,0.11
2025-08-19 04:00:00,1755576002.0,0.095
2025-08-19 05:00:00,1755579605.0,0.115
2025-08-19 06:00:00,1755583208.0,0.1
2025-08-19 07:00:00,1755586819.0,0.09
2025-08-19 08:00:00,1755590413.0,0.115
2025-08-19 09:00:00,1755594002.0,0.115
2025-08-19 10:00:00,1755597611.0,0.09
2025-08-19 11:00:00,1755601203.0,0.115
2025-08-19 12:00:00,1755604814.0,0.1
2025-08-19 13:00:00,1755608412.0,0.11
2025-08-19 14:00:00,1755612002.0,0.105
2025-08-19 15:00:00,1755615617.0,0.11
2025-08-19 16:00:00,1755619211.0,0.33
2025-08-19 17:00:00,1755622802.0,0.3
2025-08-19 18:00:00,1755626415.0,0.135
2025-08-19 19:00:00,1755630014.0,0.14
2025-08-19 20:00:00,1755633605.0,0.145
2025-08-19 21:00:00,1755637210.0,0.16
2025-08-19 22:00:00,1755640813.0,0.175
2025-08-19 23:00:00,1755644402.0,0.15
2025-08-20 00:00:00,1755648005.0,0.15
2025-08-20 01:00:00,1755651606.0,0.155
2025-08-20 02:00:00,1755655211.0,0.145
2025-08-20 03:00:00,1755658812.0,0.145
2025-08-20 04:00:00,1755662414.0,0.14
2025-08-20 05:00:00,1755666008.0,0.145
2025-08-20 06:00:00,1755669609.0,0.145
2025-08-20 07:00:00,1755673204.0,0.14
2025-08-20 08:00:00,1755676806.0,0.145
2025-08-20 09:00:00,1755680402.0,0.145
2025-08-20 10:00:00,1755684009.0,0.135
2025-08-20 11:00:00,1755687611.0,0.13
2025-08-20 12:00:00,1755691208.0,0.125
2025-08-20 13:00:00,1755694806.0,0.14
2025-08-20 14:00:00,1755698411.0,0.135
2025-08-20 15:00:00,1755702005.0,0.13
2025-08-20 16:00:00,1755705603.0,0.13
2025-08-20 17:00:00,1755709209.0,0.13
2025-08-20 18:00:00,1755712808.0,0.12
2025-08-20 19:00:00,1755716411.0,0.125
2025-08-20 20:00:00,1755720009.0,0.125
2025-08-20 21:00:00,1755723605.0,0.125
2025-08-20 22:00:00,1755727213.0,0.125
2025-08-20 23:00:00,1755730812.0,0.115
2025-08-21 00:00:00,1755734403.0,0.075
2025-08-21 01:00:00,1755738008.0,0.08
2025-08-21 02:00:00,1755741606.0,0.075
2025-08-21 03:00:00,1755745206.0,0.08
2025-08-21 04:00:00,1755748807.0,0.075
2025-08-21 05:00:00,1755752413.0,0.075
2025-08-21 06:00:00,1755756010.0,0.08
2025-08-21 07:00:00,1755759602.0,0.075
2025-08-21 08:00:00,1755763205.0,0.095
2025-08-21 09:00:00,1755766802.0,0.095
2025-08-21 10:00:00,1755770415.0,0.1
2025-08-21 11:00:00,1755774013.0,0.1
2025-08-21 12:00:00,1755777605.0,0.095
2025-08-21 13:00:00,1755781208.0,0.095
2025-08-21 14:00:00,1755784818.0,0.095
2025-08-21 15:00:00,1755788416.0,0.095
2025-08-21 16:00:00,1755792010.0,0.095
2025-08-21 17:00:00,1755795615.0,0.095
2025-08-21 18:00:00,1755799215.0,0.095
2025-08-21 19:00:00,1755802813.0,0.08
2025-08-21 20:00:00,1755806408.0,0.08
2025-08-21 21:00:00,1755810012.0,0.08
2025-08-21 22:00:00,1755813606.0,0.08
2025-08-21 23:00:00,1755817207.0,0.08
2025-08-22 00:00:00,1755820805.0,0.08
2025-08-22 01:00:00,1755824407.0,0.08
2025-08-22 02:00:00,1755828002.0,0.09
2025-08-22 03:00:00,1755831605.0,0.09
2025-08-22 04:00:00,1755835202.0,0.09
2025-08-22 05:00:00,1755838814.0,0.09
2025-08-22 06:00:00,1755842415.0,0.09
2025-08-22 07:00:00,1755846006.0,0.09
2025-08-22 08:00:00,1755849610.0,0.09
2025-08-22 09:00:00,1755853213.0,0.09
2025-08-22 10:00:00,1755856810.0,0.09
2025-08-22 11:00:00,1755860408.0,0.09
2025-08-22 12:00:00,1755864018.0,0.09
2025-08-22 13:00:00,1755867602.0,0.09
2025-08-22 14:00:00,1755871211.0,0.09
2025-08-22 15:00:00,1755874809.0,0.09
2025-08-22 16:00:00,1755878402.0,0.075
2025-08-22 17:00:00,1755882011.0,0.075
2025-08-22 18:00:00,1755885616.0,0.075
2025-08-22 19:00:00,1755889214.0,0.075
2025-08-22 20:00:00,1755892814.0,0.075
2025-08-22 21:00:00,1755896402.0,0.075
2025-08-22 22:00:00,1755900012.0,0.075
2025-08-22 23:00:00,1755903606.0,0.075
2025-08-23 00:00:00,1755907217.0,0.075
2025-08-23 01:00:00,1755910803.0,0.075
2025-08-23 02:00:00,1755914413.0,0.075
2025-08-23 03:00:00,1755918018.0,0.075
2025-08-23 04:00:00,1755921602.0,0.075
2025-08-23 05:00:00,1755925205.0,0.075
2025-08-23 06:00:00,1755928810.0,0.075
2025-08-23 07:00:00,1755932411.0,0.075
2025-08-23 08:00:00,1755936010.0,0.075
2025-08-23 09:00:00,1755939618.0,0.075
2025-08-23 10:00:00,1755943205.0,0.075
2025-08-23 11:00:00,1755946815.0,0.075
2025-08-23 12:00:00,1755950406.0,0.075
2025-08-23 13:00:00,1755954003.0,0.07
2025-08-23 14:00:00,1755957605.0,0.07
2025-08-23 15:00:00,1755961209.0,0.07
2025-08-23 16:00:00,1755964807.0,0.07
2025-08-23 17:00:00,1755968408.0,0.07
2025-08-23 18:00:00,1755972012.0,0.07
2025-08-23 19:00:00,1755975614.0,0.07
2025-08-23 20:00:00,1755979205.0,0.07
2025-08-23 21:00:00,1755982812.0,0.07
2025-08-23 22:00:00,1755986409.0,0.07
2025-08-23 23:00:00,1755990010.0,0.07
2025-08-24 00:00:00,1755993610.0,0.07
2025-08-24 01:00:00,1755997208.0,0.07
2025-08-24 02:00:00,1756000808.0,0.07
2025-08-24 03:00:00,1756004404.0,0.07
2025-08-24 04:00:00,1756008006.0,0.07
2025-08-24 05:00:00,1756011610.0,0.07
2025-08-24 06:00:00,1756015216.0,0.07
2025-08-24 07:00:00,1756018802.0,0.07
2025-08-24 08:00:00,1756022410.0,0.065
2025-08-24 09:00:00,1756026008.0,0.065
2025-08-24 10:00:00,1756029615.0,0.065
2025-08-24 11:00:00,1756033206.0,0.065
2025-08-24 12:00:00,1756036802.0,0.065
2025-08-24 13:00:00,1756040411.0,0.065
2025-08-24 14:00:00,1756044006.0,0.07
2025-08-24 15:00:00,1756047616.0,0.07
2025-08-24 16:00:00,1756051214.0,0.07
2025-08-24 17:00:00,1756054810.0,0.07
2025-08-24 18:00:00,1756058421.0,0.075
2025-08-24 19:00:00,1756062016.0,0.075
2025-08-24 20:00:00,1756065611.0,0.075
2025-08-24 21:00:00,1756069214.0,0.075
2025-08-24 22:00:00,1756072809.0,0.075
2025-08-24 23:00:00,1756076405.0,0.075
2025-08-25 00:00:00,1756080009.0,0.075
2025-08-25 01:00:00,1756083612.0,0.075
2025-08-25 02:00:00,1756087203.0,0.075
2025-08-25 03:00:00,1756090811.0,0.075
2025-08-25 04:00:00,1756094405.0,0.075
2025-08-25 05:00:00,1756098003.0,0.075
2025-08-25 06:00:00,1756101604.0,0.075
2025-08-25 07:00:00,1756105211.0,0.075
2025-08-25 08:00:00,1756108810.0,0.075
2025-08-25 09:00:00,1756112419.0,0.075
2025-08-25 10:00:00,1756116003.0,0.075
2025-08-25 11:00:00,1756119617.0,0.075
2025-08-25 12:00:00,1756123207.0,0.075
2025-08-25 13:00:00,1756126816.0,0.075
2025-08-25 14:00:00,1756130403.0,0.075
2025-08-25 15:00:00,1756134008.0,0.075
2025-08-25 16:00:00,1756137605.0,0.075
2025-08-25 17:00:00,1756141204.0,0.075
2025-08-25 18:00:00,1756144812.0,0.075
2025-08-25 19:00:00,1756148410.0,0.075
2025-08-25 20:00:00,1756152004.0,0.075
2025-08-25 21:00:00,1756155602.0,0.075
2025-08-25 22:00:00,1756159209.0,0.075
2025-08-25 23:00:00,1756162811.0,0.075
2025-08-26 00:00:00,1756166406.0,0.075
2025-08-26 01:00:00,1756170005.0,0.075
2025-08-26 02:00:00,1756173611.0,0.075
2025-08-26 03:00:00,1756177205.0,0.075
2025-08-26 04:00:00,1756180813.0,0.075
2025-08-26 05:00:00,1756184409.0,0.075
2025-08-26 06:00:00,1756188016.0,0.075
2025-08-26 07:00:00,1756191616.0,0.075
2025-08-26 08:00:00,1756195215.0,0.075
2025-08-26 09:00:00,1756198805.0,0.075
2025-08-26 10:00:00,1756202405.0,0.075
2025-08-26 11:00:00,1756206015.0,0.075
2025-08-26 12:00:00,1756209612.0,0.075
2025-08-26 13:00:00,1756213213.0,0.075
2025-08-26 14:00:00,1756216805.0,0.07
2025-08-26 15:00:00,1756220405.0,0.075
2025-08-26 16:00:00,1756224014.0,0.075
2025-08-26 17:00:00,1756227616.0,0.075
2025-08-26 18:00:00,1756231204.0,0.075
2025-08-26 19:00:00,1756234805.0,0.075
2025-08-26 20:00:00,1756238413.0,0.075
2025-08-26 21:00:00,1756242019.0,0.075
2025-08-26 22:00:00,1756245618.0,0.075
2025-08-26 23:00:00,1756249208.0,0.075
2025-08-27 00:00:00,1756252808.0,0.075
2025-08-27 01:00:00,1756256410.0,0.075
2025-08-27 02:00:00,1756260010.0,0.075
2025-08-27 03:00:00,1756263617.0,0.075
2025-08-27 04:00:00,1756267205.0,0.075
2025-08-27 05:00:00,1756270814.0,0.075
2025-08-27 06:00:00,1756274411.0,0.075
2025-08-27 07:00:00,1756278018.0,0.075
2025-08-27 08:00:00,1756281610.0,0.075
2025-08-27 09:00:00,1756285218.0,0.075
2025-08-27 10:00:00,1756288808.0,0.075
2025-08-27 11:00:00,1756292417.0,0.075
2025-08-27 12:00:00,1756296005.0,0.075
2025-08-27 13:00:00,1756299604.0,0.075
2025-08-27 14:00:00,1756303217.0,0.075
2025-08-27 15:00:00,1756306807.0,0.08
2025-08-27 16:00:00,1756310406.0,0.07
2025-08-27 17:00:00,1756314013.0,0.07
2025-08-27 18:00:00,1756317617.0,0.07
2025-08-27 19:00:00,1756321211.0,0.07
2025-08-27 20:00:00,1756324813.0,0.075
2025-08-27 21:00:00,1756328412.0,0.07
2025-08-27 22:00:00,1756332019.0,0.07
2025-08-27 23:00:00,1756335619.0,0.07
2025-08-28 00:00:00,1756339207.0,0.07
2025-08-28 01:00:00,1756342808.0,0.07
2025-08-28 02:00:00,1756346412.0,0.07
2025-08-28 03:00:00,1756350015.0,0.07
2025-08-28 04:00:00,1756353604.0,0.07
2025-08-28 05:00:00,1756357204.0,0.075
2025-08-28 06:00:00,1756360816.0,0.08
2025-08-28 07:00:00,1756364406.0,0.075
2025-08-28 08:00:00,1756368016.0,0.075
2025-08-28 09:00:00,1756371615.0,0.065
2025-08-28 10:00:00,1756375216.0,0.07
2025-08-28 11:00:00,1756378809.0,0.075
2025-08-28 12:00:00,1756382422.0,0.07
2025-08-28 13:00:00,1756386014.0,0.075
2025-08-28 14:00:00,1756389618.0,0.07
2025-08-28 15:00:00,1756393214.0,0.07
2025-08-28 16:00:00,1756396819.0,0.07
2025-08-28 17:00:00,1756400415.0,0.07
2025-08-28 18:00:00,1756404013.0,0.07
2025-08-28 19:00:00,1756407608.0,0.07
2025-08-28 20:00:00,1756411217.0,0.07
2025-08-28 21:00:00,1756414818.0,0.07
2025-08-28 22:00:00,1756418402.0,0.07
2025-08-28 23:00:00,1756422017.0,0.065
2025-08-29 00:00:00,1756425616.0,0.065
2025-08-29 01:00:00,1756429209.0,0.065
2025-08-29 02:00:00,1756432817.0,0.07
2025-08-29 03:00:00,1756436411.0,0.07
2025-08-29 04:00:00,1756440007.0,0.07
2025-08-29 05:00:00,1756443618.0,0.07
2025-08-29 06:00:00,1756447202.0,0.075
2025-08-29 07:00:00,1756450807.0,0.075
2025-08-29 08:00:00,1756454411.0,0.08
2025-08-29 09:00:00,1756458004.0,0.08
2025-08-29 10:00:00,1756461608.0,0.075
2025-08-29 11:00:00,1756465207.0,0.08
2025-08-29 12:00:00,1756468814.0,0.075
2025-08-29 13:00:00,1756472414.0,0.08
2025-08-29 14:00:00,1756476008.0,0.075
2025-08-29 15:00:00,1756479618.0,0.08
2025-08-29 16:00:00,1756483215.0,0.08
2025-08-29 17:00:00,1756486819.0,0.08
2025-08-29 18:00:00,1756490409.0,0.075
2025-08-29 19:00:00,1756494004.0,0.075
2025-08-29 20:00:00,1756497611.0,0.07
2025-08-29 21:00:00,1756501215.0,0.07
2025-08-29 22:00:00,1756504818.0,0.07
2025-08-29 23:00:00,1756508407.0,0.07
2025-08-30 00:00:00,1756512005.0,0.07
2025-08-30 01:00:00,1756515602.0,0.07
2025-08-30 02:00:00,1756519204.0,0.075
2025-08-30 03:00:00,1756522815.0,0.075
2025-08-30 04:00:00,1756526416.0,0.07
2025-08-30 05:00:00,1756530013.0,0.075
2025-08-30 06:00:00,1756533612.0,0.075
2025-08-30 07:00:00,1756537202.0,0.07
2025-08-30 08:00:00,1756540810.0,0.07
2025-08-30 09:00:00,1756544412.0,0.07
2025-08-30 10:00:00,1756548007.0,0.07
2025-08-30 11:00:00,1756551609.0,0.065
2025-08-30 12:00:00,1756555212.0,0.075
2025-08-30 13:00:00,1756558810.0,0.075
2025-08-30 14:00:00,1756562421.0,0.075
2025-08-30 15:00:00,1756566012.0,0.075
2025-08-30 16:00:00,1756569611.0,0.075
2025-08-30 17:00:00,1756573209.0,0.075
2025-08-30 18:00:00,1756576819.0,0.07
2025-08-30 19:00:00,1756580403.0,0.075
2025-08-30 20:00:00,1756584002.0,0.075
2025-08-30 21:00:00,1756587610.0,0.075
2025-08-30 22:00:00,1756591205.0,0.075
2025-08-30 23:00:00,1756594812.0,0.075
2025-08-31 00:00:00,1756598417.0,0.075
2025-08-31 01:00:00,1756602013.0,0.075
2025-08-31 02:00:00,1756605618.0,0.07
2025-08-31 03:00:00,1756609221.0,0.075
2025-08-31 04:00:00,1756612805.0,0.07
2025-08-31 05:00:00,1756616402.0,0.07
2025-08-31 06:00:00,1756620018.0,0.075
2025-08-31 07:00:00,1756623602.0,0.07
2025-08-31 08:00:00,1756627210.0,0.07
2025-08-31 09:00:00,1756630822.0,0.075
2025-08-31 10:00:00,1756634431.0,0.075
2025-08-31 11:00:00,1756638020.0,0.075
2025-08-31 12:00:00,1756641625.0,0.075
2025-08-31 13:00:00,1756645214.0,0.075
2025-08-31 14:00:00,1756648822.0,0.075
2025-08-31 15:00:00,1756652402.0,0.075
2025-08-31 16:00:00,1756656011.0,0.075
2025-08-31 17:00:00,1756659618.0,0.075
2025-08-31 18:00:00,1756663211.0,0.075
2025-08-31 19:00:00,1756666820.0,0.075
2025-08-31 20:00:00,1756670414.0,0.075
2025-08-31 21:00:00,1756674021.0,0.075
2025-08-31 22:00:00,1756677619.0,0.075
2025-08-31 23:00:00,1756681212.0,0.075
2025-09-01 00:00:00,1756684811.0,0.075
2025-09-01 01:00:00,1756688402.0,0.075
2025-09-01 02:00:00,1756692013.0,0.075
2025-09-01 03:00:00,1756695602.0,0.075
2025-09-01 04:00:00,1756699207.0,0.075
2025-09-01 05:00:00,1756702819.0,0.075
2025-09-01 06:00:00,1756706414.0,0.075
2025-09-01 07:00:00,1756710006.0,0.075
2025-09-01 08:00:00,1756713618.0,0.075
2025-09-01 09:00:00,1756717204.0,0.075
2025-09-01 10:00:00,1756720810.0,0.075
2025-09-01 11:00:00,1756724412.0,0.075
2025-09-01 12:00:00,1756728008.0,0.075
2025-09-01 13:00:00,1756731611.0,0.075
2025-09-01 14:00:00,1756735210.0,0.075
2025-09-01 15:00:00,1756738804.0,0.075
2025-09-01 16:00:00,1756742403.0,0.075
2025-09-01 17:00:00,1756746017.0,0.075
2025-09-01 18:00:00,1756749610.0,0.075
2025-09-01 19:00:00,1756753206.0,0.075
2025-09-01 20:00:00,1756756803.0,0.075
2025-09-01 21:00:00,1756760405.0,0.075
2025-09-01 22:00:00,1756764006.0,0.075
2025-09-01 23:00:00,1756767613.0,0.075
2025-09-02 00:00:00,1756771208.0,0.075
2025-09-02 01:00:00,1756774806.0,0.075
2025-09-02 02:00:00,1756778405.0,0.075
2025-09-02 03:00:00,1756782019.0,0.075
2025-09-02 04:00:00,1756785623.0,0.075
2025-09-02 05:00:00,1756789209.0,0.075
2025-09-02 06:00:00,1756792809.0,0.075
2025-09-02 07:00:00,1756796413.0,0.075
2025-09-02 08:00:00,1756800005.0,0.075
2025-09-02 09:00:00,1756803611.0,0.075
2025-09-02 10:00:00,1756807216.0,0.075
2025-09-02 11:00:00,1756810803.0,0.075
2025-09-02 12:00:00,1756814403.0,0.075
2025-09-02 13:00:00,1756818020.0,0.075
2025-09-02 14:00:00,1756821610.0,0.075
2025-09-02 15:00:00,1756825210.0,0.075
2025-09-02 16:00:00,1756828804.0,0.075
2025-09-02 17:00:00,1756832421.0,0.075
2025-09-02 18:00:00,1756836023.0,0.075
2025-09-02 19:00:00,1756839615.0,0.075
2025-09-02 20:00:00,1756843218.0,0.075
2025-09-02 21:00:00,1756846810.0,0.075
2025-09-02 22:00:00,1756850415.0,0.075
2025-09-02 23:00:00,1756854018.0,0.075
2025-09-03 00:00:00,1756857612.0,0.075
2025-09-03 01:00:00,1756861210.0,0.075
2025-09-03 02:00:00,1756864815.0,0.075
2025-09-03 03:00:00,1756868419.0,0.075
2025-09-03 04:00:00,1756872005.0,0.075
2025-09-03 05:00:00,1756875611.0,0.075
2025-09-03 06:00:00,1756879205.0,0.075
2025-09-03 07:00:00,1756882816.0,0.075
2025-09-03 08:00:00,1756886418.0,0.075
2025-09-03 09:00:00,1756890015.0,0.075
2025-09-03 10:00:00,1756893613.0,0.075
2025-09-03 11:00:00,1756897210.0,0.075
2025-09-03 12:00:00,1756900822.0,0.075
2025-09-03 13:00:00,1756904415.0,0.075
2025-09-03 14:00:00,1756908013.0,0.075
2025-09-03 15:00:00,1756911621.0,0.075
2025-09-03 16:00:00,1756915217.0,0.075
2025-09-03 17:00:00,1756918805.0,0.075
2025-09-03 18:00:00,1756922417.0,0.075
2025-09-03 19:00:00,1756926013.0,0.075
2025-09-03 20:00:00,1756929605.0,0.075
2025-09-03 21:00:00,1756933203.0,0.075
2025-09-03 22:00:00,1756936805.0,0.075
2025-09-03 23:00:00,1756940410.0,0.075
2025-09-04 00:00:00,1756944010.0,0.075
2025-09-04 01:00:00,1756947610.0,0.075
2025-09-04 02:00:00,1756951215.0,0.075
2025-09-04 03:00:00,1756954809.0,0.075
2025-09-04 04:00:00,1756958408.0,0.075
2025-09-04 05:00:00,1756962006.0,0.075
2025-09-04 06:00:00,1756965602.0,0.075
2025-09-04 07:00:00,1756969207.0,0.075
2025-09-04 08:00:00,1756972807.0,0.075
2025-09-04 09:00:00,1756976417.0,0.075
2025-09-04 10:00:00,1756980008.0,0.075
2025-09-04 11:00:00,1756983606.0,0.075
2025-09-04 12:00:00,1756987218.0,0.075
2025-09-04 13:00:00,1756990822.0,0.075
2025-09-04 14:00:00,1756994406.0,0.075
2025-09-04 15:00:00,1756998007.0,0.075
2025-09-04 16:00:00,1757001610.0,0.075
2025-09-04 17:00:00,1757005221.0,0.075
2025-09-04 18:00:00,1757008826.0,0.075
2025-09-04 19:00:00,1757012413.0,0.075
2025-09-04 20:00:00,1757016014.0,0.075
2025-09-04 21:00:00,1757019620.0,0.075
2025-09-04 22:00:00,1757023206.0,0.075
2025-09-04 23:00:00,1757026811.0,0.08
2025-09-05 00:00:00,1757030403.0,0.08
2025-09-05 01:00:00,1757034007.0,0.08
2025-09-05 02:00:00,1757037603.0,0.085
2025-09-05 03:00:00,1757041210.0,0.085
2025-09-05 04:00:00,1757044804.0,0.085
2025-09-05 05:00:00,1757048412.0,0.085
2025-09-05 06:00:00,1757052021.0,0.085
2025-09-05 07:00:00,1757055608.0,0.085
2025-09-05 08:00:00,1757059216.0,0.085
2025-09-05 09:00:00,1757062812.0,0.085
2025-09-05 10:00:00,1757066420.0,0.085
2025-09-05 11:00:00,1757070011.0,0.085
2025-09-05 12:00:00,1757073618.0,0.085
2025-09-05 13:00:00,1757077212.0,0.085
2025-09-05 14:00:00,1757080805.0,0.08
2025-09-05 15:00:00,1757084410.0,0.08
2025-09-05 16:00:00,1757088016.0,0.08
2025-09-05 17:00:00,1757091602.0,0.08
2025-09-05 18:00:00,1757095209.0,0.08
2025-09-05 19:00:00,1757098814.0,0.075
2025-09-05 20:00:00,1757102404.0,0.085
2025-09-05 21:00:00,1757106018.0,0.085
2025-09-05 22:00:00,1757109619.0,0.08
2025-09-05 23:00:00,1757113208.0,0.08
2025-09-06 00:00:00,1757116805.0,0.08
2025-09-06 01:00:00,1757120405.0,0.08
2025-09-06 02:00:00,1757124008.0,0.08
2025-09-06 03:00:00,1757127624.0,0.08
2025-09-06 04:00:00,1757131213.0,0.085
2025-09-06 05:00:00,1757134804.0,0.085
2025-09-06 06:00:00,1757138418.0,0.075
2025-09-06 07:00:00,1757142004.0,0.08
2025-09-06 08:00:00,1757145618.0,0.075
2025-09-06 09:00:00,1757149209.0,0.075
2025-09-06 10:00:00,1757152809.0,0.075
2025-09-06 11:00:00,1757156419.0,0.075
2025-09-06 12:00:00,1757160025.0,0.07
2025-09-06 13:00:00,1757163616.0,0.075
2025-09-06 14:00:00,1757167208.0,0.07
2025-09-06 15:00:00,1757170802.0,0.065
2025-09-06 16:00:00,1757174415.0,0.07
2025-09-06 17:00:00,1757178020.0,0.07
2025-09-06 18:00:00,1757181620.0,0.105
2025-09-06 19:00:00,1757185207.0,0.055
2025-09-06 20:00:00,1757188811.0,0.055
2025-09-06 21:00:00,1757192416.0,0.055
2025-09-06 22:00:00,1757196017.0,0.05
2025-09-06 23:00:00,1757199604.0,0.055
2025-09-07 00:00:00,1757203212.0,0.07
2025-09-07 01:00:00,1757206805.0,0.05
2025-09-07 02:00:00,1757210405.0,0.055
2025-09-07 03:00:00,1757214012.0,0.055
2025-09-07 04:00:00,1757217610.0,0.05
2025-09-07 05:00:00,1757221216.0,0.045
2025-09-07 06:00:00,1757224825.0,0.045
2025-09-07 07:00:00,1757228413.0,0.055
2025-09-07 08:00:00,1757232014.0,0.045
2025-09-07 09:00:00,1757235602.0,0.04
2025-09-07 10:00:00,1757239223.0,0.045
2025-09-07 11:00:00,1757242811.0,0.05
2025-09-07 12:00:00,1757246413.0,0.05
2025-09-07 13:00:00,1757250007.0,0.055
2025-09-07 14:00:00,1757253608.0,0.065
2025-09-07 15:00:00,1757257213.0,0.055
2025-09-07 16:00:00,1757260811.0,0.045
2025-09-07 17:00:00,1757264422.0,0.045
2025-09-07 18:00:00,1757268005.0,0.05
2025-09-07 19:00:00,1757271614.0,0.045
2025-09-07 20:00:00,1757275209.0,0.05
2025-09-07 21:00:00,1757278810.0,0.055
2025-09-07 22:00:00,1757282405.0,0.055
2025-09-07 23:00:00,1757286014.0,0.05
2025-09-08 00:00:00,1757289620.0,0.05
2025-09-08 01:00:00,1757293206.0,0.05
2025-09-08 02:00:00,1757296811.0,0.045
2025-09-08 03:00:00,1757300404.0,0.045
2025-09-08 04:00:00,1757304015.0,0.045
2025-09-08 05:00:00,1757307620.0,0.045
2025-09-08 06:00:00,1757311219.0,0.045
2025-09-08 07:00:00,1757314817.0,0.045
2025-09-08 08:00:00,1757318412.0,0.05
2025-09-08 09:00:00,1757322002.0,0.04
2025-09-08 10:00:00,1757325619.0,0.04
2025-09-08 11:00:00,1757329205.0,0.015
2025-09-08 12:00:00,1757332807.0,0.0155
2025-09-08 13:00:00,1757336413.0,0.0155
2025-09-08 14:00:00,1757340008.0,0.0155
2025-09-08 15:00:00,1757343624.0,0.0155
2025-09-08 16:00:00,1757347217.0,0.0155
2025-09-08 17:00:00,1757350818.0,0.0155
2025-09-08 18:00:00,1757354422.0,0.0155
2025-09-08 19:00:00,1757358017.0,0.015
2025-09-08 20:00:00,1757361612.0,0.014
2025-09-08 21:00:00,1757365209.0,0.0135
2025-09-08 22:00:00,1757368804.0,0.014
2025-09-08 23:00:00,1757372408.0,0.014
2025-09-09 00:00:00,1757376017.0,0.013
2025-09-09 01:00:00,1757379610.0,0.004
2025-09-09 02:00:00,1757383207.0,0.005
2025-09-09 03:00:00,1757386820.0,0.005
2025-09-09 04:00:00,1757390410.0,0.005
2025-09-09 05:00:00,1757394013.0,0.005
2025-09-09 06:00:00,1757397602.0,0.005
2025-09-09 07:00:00,1757401215.0,0.005
2025-09-09 08:00:00,1757404816.0,0.005
2025-09-09 09:00:00,1757408429.0,0.005
2025-09-09 10:00:00,1757412021.0,0.003
2025-09-09 11:00:00,1757415619.0,0.002
2025-09-09 12:00:00,1757419228.0,0.003
2025-09-09 13:00:00,1757422814.0,0.003
2025-09-09 14:00:00,1757426417.0,0.003
2025-09-09 15:00:00,1757430011.0,0.003
2025-09-09 16:00:00,1757433607.0,0.003
2025-09-09 17:00:00,1757437204.0,0.003
2025-09-09 18:00:00,1757440817.0,0.003
2025-09-09 19:00:00,1757444416.0,0.003
2025-09-09 20:00:00,1757448010.0,0.005
2025-09-09 21:00:00,1757451606.0,0.005
2025-09-09 22:00:00,1757455219.0,0.005
2025-09-09 23:00:00,1757458806.0,0.0055
2025-09-10 00:00:00,1757462412.0,0.0055
2025-09-10 01:00:00,1757466002.0,0.0055
2025-09-10 02:00:00,1757469611.0,0.0055
2025-09-10 03:00:00,1757473225.0,0.0055
2025-09-10 04:00:00,1757476811.0,0.0055
2025-09-10 05:00:00,1757480416.0,0.0055
2025-09-10 06:00:00,1757484002.0,0.0055
2025-09-10 07:00:00,1757487617.0,0.0055
2025-09-10 08:00:00,1757491212.0,0.0055
2025-09-10 09:00:00,1757494819.0,0.0055
2025-09-10 10:00:00,1757498418.0,0.0055
2025-09-10 11:00:00,1757502003.0,0.0055
2025-09-10 12:00:00,1757505619.0,0.0055
2025-09-10 13:00:00,1757509216.0,0.0055
2025-09-10 14:00:00,1757512804.0,0.0055
2025-09-10 15:00:00,1757516403.0,0.0055
2025-09-10 16:00:00,1757520012.0,0.0055
2025-09-10 17:00:00,1757523602.0,0.0055
2025-09-10 18:00:00,1757527214.0,0.0055
2025-09-10 19:00:00,1757530814.0,0.0055
2025-09-10 20:00:00,1757534419.0,0.0055
2025-09-10 21:00:00,1757538013.0,0.0055
2025-09-10 22:00:00,1757541603.0,0.0055
2025-09-10 23:00:00,1757545205.0,0.0055
2025-09-11 00:00:00,1757548812.0,0.0055
2025-09-11 01:00:00,1757552407.0,0.0055
2025-09-11 02:00:00,1757556005.0,0.0055
2025-09-11 03:00:00,1757559620.0,0.0055
2025-09-11 04:00:00,1757563203.0,0.0055
2025-09-11 05:00:00,1757566813.0,0.0055
2025-09-11 06:00:00,1757570409.0,0.0055
2025-09-11 07:00:00,1757574014.0,0.0055
2025-09-11 08:00:00,1757577602.0,0.0055
2025-09-11 09:00:00,1757581203.0,0.0055
2025-09-11 10:00:00,1757584814.0,0.0055
2025-09-11 11:00:00,1757588416.0,0.0055
2025-09-11 12:00:00,1757592027.0,0.0055
2025-09-11 13:00:00,1757595620.0,0.0055
2025-09-11 14:00:00,1757599203.0,0.0055
2025-09-11 15:00:00,1757602818.0,0.0055
2025-09-11 16:00:00,1757606420.0,0.0055
2025-09-11 17:00:00,1757610014.0,0.0055
2025-09-11 18:00:00,1757613606.0,0.0055
2025-09-11 19:00:00,1757617221.0,0.0195
2025-09-11 20:00:00,1757620809.0,0.0515
2025-09-11 21:00:00,1757624412.0,0.048
2025-09-11 22:00:00,1757628022.0,0.042
2025-09-11 23:00:00,1757631612.0,0.055
2025-09-12 00:00:00,1757635214.0,0.051
2025-09-12 01:00:00,1757638818.0,0.049
2025-09-12 02:00:00,1757642409.0,0.0455
2025-09-12 03:00:00,1757646016.0,0.0445
2025-09-12 04:00:00,1757649625.0,0.0405
2025-09-12 05:00:00,1757653220.0,0.0425
2025-09-12 06:00:00,1757656815.0,0.0425
2025-09-12 07:00:00,1757660417.0,0.0355
2025-09-12 08:00:00,1757664022.0,0.03
2025-09-12 09:00:00,1757667610.0,0.018
2025-09-12 10:00:00,1757671202.0,0.018
2025-09-12 11:00:00,1757674816.0,0.018
2025-09-12 12:00:00,1757678413.0,0.018
2025-09-12 13:00:00,1757682019.0,0.018
2025-09-12 14:00:00,1757685623.0,0.018
2025-09-12 15:00:00,1757689212.0,0.018
2025-09-12 16:00:00,1757692812.0,0.018
2025-09-12 17:00:00,1757696412.0,0.018
2025-09-12 18:00:00,1757700031.0,0.0175
2025-09-12 19:00:00,1757703611.0,0.0055
2025-09-12 20:00:00,1757707203.0,0.033
2025-09-12 21:00:00,1757710827.0,0.033
2025-09-12 22:00:00,1757714414.0,0.033
2025-09-12 23:00:00,1757718007.0,0.0335
2025-09-13 00:00:00,1757721604.0,0.0335
2025-09-13 01:00:00,1757725207.0,0.0335
2025-09-13 02:00:00,1757728808.0,0.0335
2025-09-13 03:00:00,1757732408.0,0.034
2025-09-13 04:00:00,1757736019.0,0.034
2025-09-13 05:00:00,1757739605.0,0.034
2025-09-13 06:00:00,1757743222.0,0.034
2025-09-13 07:00:00,1757746811.0,0.034
2025-09-13 08:00:00,1757750402.0,0.034
2025-09-13 09:00:00,1757754022.0,0.034
2025-09-13 10:00:00,1757757603.0,0.0335
2025-09-13 11:00:00,1757761208.0,0.0335
2025-09-13 12:00:00,1757764806.0,0.0335
2025-09-13 13:00:00,1757768406.0,0.0335
2025-09-13 14:00:00,1757772014.0,0.0335
2025-09-13 15:00:00,1757775609.0,0.0335
2025-09-13 16:00:00,1757779218.0,0.0335
2025-09-13 17:00:00,1757782821.0,0.0335
2025-09-13 18:00:00,1757786425.0,0.0335
2025-09-13 19:00:00,1757790010.0,0.0335
2025-09-13 20:00:00,1757793608.0,0.0365
2025-09-13 21:00:00,1757797215.0,0.0375
2025-09-13 22:00:00,1757800819.0,0.0375
2025-09-13 23:00:00,1757804422.0,0.0375
2025-09-14 00:00:00,1757808017.0,0.0375
2025-09-14 01:00:00,1757811608.0,0.035
2025-09-14 02:00:00,1757815214.0,0.035
2025-09-14 03:00:00,1757818825.0,0.035
2025-09-14 04:00:00,1757822423.0,0.035
2025-09-14 05:00:00,1757826003.0,0.035
2025-09-14 06:00:00,1757829605.0,0.035
2025-09-14 07:00:00,1757833223.0,0.035
2025-09-14 08:00:00,1757836812.0,0.035
2025-09-14 09:00:00,1757840432.0,0.035
2025-09-14 10:00:00,1757844015.0,0.035
2025-09-14 11:00:00,1757847624.0,0.035
2025-09-14 12:00:00,1757851208.0,0.035
2025-09-14 13:00:00,1757854810.0,0.035
2025-09-14 14:00:00,1757858420.0,0.035
2025-09-14 15:00:00,1757862017.0,0.035
2025-09-14 16:00:00,1757865622.0,0.035
2025-09-14 17:00:00,1757869222.0,0.035
2025-09-14 18:00:00,1757872804.0,0.035
2025-09-14 19:00:00,1757876412.0,0.035
2025-09-14 20:00:00,1757880010.0,0.035
2025-09-14 21:00:00,1757883625.0,0.035
2025-09-14 22:00:00,1757887205.0,0.035
2025-09-14 23:00:00,1757890816.0,0.035
2025-09-15 00:00:00,1757894407.0,0.035
2025-09-15 01:00:00,1757898008.0,0.032
2025-09-15 02:00:00,1757901613.0,0.03
2025-09-15 03:00:00,1757905211.0,0.03
2025-09-15 04:00:00,1757908813.0,0.028
2025-09-15 05:00:00,1757912412.0,0.028
2025-09-15 06:00:00,1757916014.0,0.028
2025-09-15 07:00:00,1757919616.0,0.028
2025-09-15 08:00:00,1757923216.0,0.028
2025-09-15 09:00:00,1757926815.0,0.0255
2025-09-15 10:00:00,1757930419.0,0.0275
2025-09-15 11:00:00,1757934011.0,0.031
2025-09-15 12:00:00,1757937627.0,0.0275
2025-09-15 13:00:00,1757941202.0,0.0295
2025-09-15 14:00:00,1757944803.0,0.0355
2025-09-15 15:00:00,1757948413.0,0.037
2025-09-15 16:00:00,1757952004.0,0.037
2025-09-15 17:00:00,1757955604.0,0.0365
2025-09-15 18:00:00,1757959219.0,0.037
2025-09-15 19:00:00,1757962819.0,0.007
2025-09-15 20:00:00,1757966412.0,0.017
2025-09-15 21:00:00,1757970012.0,0.017
2025-09-15 22:00:00,1757973618.0,0.029
2025-09-15 23:00:00,1757977214.0,0.0315
2025-09-16 00:00:00,1757980821.0,0.034
2025-09-16 01:00:00,1757984417.0,0.035
2025-09-16 02:00:00,1757988006.0,0.035
2025-09-16 03:00:00,1757991611.0,0.035
2025-09-16 04:00:00,1757995207.0,0.035
2025-09-16 05:00:00,1757998804.0,0.035
2025-09-16 06:00:00,1758002424.0,0.035
2025-09-16 07:00:00,1758006013.0,0.035
2025-09-16 08:00:00,1758009610.0,0.035
2025-09-16 09:00:00,1758013202.0,0.03
2025-09-16 10:00:00,1758016826.0,0.03
2025-09-16 11:00:00,1758020425.0,0.03
2025-09-16 12:00:00,1758024027.0,0.03
2025-09-16 13:00:00,1758027621.0,0.03
2025-09-16 14:00:00,1758031221.0,0.03
2025-09-16 15:00:00,1758034822.0,0.03
2025-09-16 16:00:00,1758038405.0,0.0305
2025-09-16 17:00:00,1758042016.0,0.029
2025-09-16 18:00:00,1758045611.0,0.0265
2025-09-16 19:00:00,1758049220.0,0.0265
2025-09-16 20:00:00,1758052802.0,0.027
2025-09-16 21:00:00,1758056416.0,0.0275
2025-09-16 22:00:00,1758060007.0,0.027
2025-09-16 23:00:00,1758063607.0,0.027
2025-09-17 00:00:00,1758067213.0,0.0265
2025-09-17 01:00:00,1758070806.0,0.026
2025-09-17 02:00:00,1758074417.0,0.027
2025-09-17 03:00:00,1758078015.0,0.027
2025-09-17 04:00:00,1758081612.0,0.028
2025-09-17 05:00:00,1758085203.0,0.027
2025-09-17 06:00:00,1758088820.0,0.027
2025-09-17 07:00:00,1758092406.0,0.0265
2025-09-17 08:00:00,1758096002.0,0.0285
2025-09-17 09:00:00,1758099624.0,0.0265
2025-09-17 10:00:00,1758103212.0,0.0275
2025-09-17 11:00:00,1758106808.0,0.028
2025-09-17 12:00:00,1758110417.0,0.028
2025-09-17 13:00:00,1758114013.0,0.029
2025-09-17 14:00:00,1758117614.0,0.029
2025-09-17 15:00:00,1758121215.0,0.029
2025-09-17 16:00:00,1758124819.0,0.029
2025-09-17 17:00:00,1758128413.0,0.029
2025-09-17 18:00:00,1758132239.0,0.029
2025-09-17 19:00:00,1758135606.0,0.029
2025-09-17 20:00:00,1758139203.0,0.0285
2025-09-17 21:00:00,1758142804.0,0.0315
2025-09-17 22:00:00,1758146402.0,0.03
2025-09-17 23:00:00,1758150019.0,0.0315
2025-09-18 00:00:00,1758153614.0,0.0305
2025-09-18 01:00:00,1758157212.0,0.0285
2025-09-18 02:00:00,1758160806.0,0.0285
2025-09-18 03:00:00,1758164413.0,0.03
2025-09-18 04:00:00,1758168014.0,0.03
2025-09-18 05:00:00,1758171609.0,0.0305
2025-09-18 06:00:00,1758175214.0,0.0305
2025-09-18 07:00:00,1758178810.0,0.0305
2025-09-18 08:00:00,1758182404.0,0.0305
2025-09-18 09:00:00,1758186018.0,0.0305
2025-09-18 10:00:00,1758189604.0,0.0305
2025-09-18 11:00:00,1758193209.0,0.03
2025-09-18 12:00:00,1758196818.0,0.0315
2025-09-18 13:00:00,1758200416.0,0.0295
2025-09-18 14:00:00,1758204015.0,0.0295
2025-09-18 15:00:00,1758207621.0,0.0265
2025-09-18 16:00:00,1758211205.0,0.027
2025-09-18 17:00:00,1758214820.0,0.0275
2025-09-18 18:00:00,1758218419.0,0.027
2025-09-18 19:00:00,1758222004.0,0.027
2025-09-18 20:00:00,1758225611.0,0.0265
2025-09-18 21:00:00,1758229221.0,0.0275
2025-09-18 22:00:00,1758232818.0,0.027
2025-09-18 23:00:00,1758236404.0,0.0265
2025-09-19 00:00:00,1758240012.0,0.027
2025-09-19 01:00:00,1758243608.0,0.026
2025-09-19 02:00:00,1758247215.0,0.0265
2025-09-19 03:00:00,1758250805.0,0.0275
2025-09-19 04:00:00,1758254407.0,0.0275
2025-09-19 05:00:00,1758258008.0,0.0275
2025-09-19 06:00:00,1758261608.0,0.0275
2025-09-19 07:00:00,1758265224.0,0.025
2025-09-19 08:00:00,1758268809.0,0.026
2025-09-19 09:00:00,1758272425.0,0.0185
2025-09-19 10:00:00,1758276008.0,0.0195
2025-09-19 11:00:00,1758279613.0,0.0195
2025-09-19 12:00:00,1758283229.0,0.0195
2025-09-19 13:00:00,1758286806.0,0.019
2025-09-19 14:00:00,1758290412.0,0.019
2025-09-19 15:00:00,1758294023.0,0.019
2025-09-19 16:00:00,1758297609.0,0.018
2025-09-19 17:00:00,1758301226.0,0.014
2025-09-19 18:00:00,1758304805.0,0.0195
2025-09-19 19:00:00,1758308408.0,0.02
2025-09-19 20:00:00,1758312015.0,0.0185
2025-09-19 21:00:00,1758315602.0,0.02
2025-09-19 22:00:00,1758319218.0,0.017
2025-09-19 23:00:00,1758322807.0,0.0175
2025-09-20 00:00:00,1758326414.0,0.0215
2025-09-20 01:00:00,1758330018.0,0.0205
2025-09-20 02:00:00,1758333610.0,0.019
2025-09-20 03:00:00,1758337217.0,0.0175
2025-09-20 04:00:00,1758340802.0,0.0215
2025-09-20 05:00:00,1758344413.0,0.02
2025-09-20 06:00:00,1758348008.0,0.0195
2025-09-20 07:00:00,1758351611.0,0.02
2025-09-20 08:00:00,1758355216.0,0.0205
2025-09-20 09:00:00,1758358816.0,0.0205
2025-09-20 10:00:00,1758362408.0,0.02
2025-09-20 11:00:00,1758366016.0,0.02
2025-09-20 12:00:00,1758369605.0,0.0215
2025-09-20 13:00:00,1758373222.0,0.022
2025-09-20 14:00:00,1758376821.0,0.022
2025-09-20 15:00:00,1758380411.0,0.021
2025-09-20 16:00:00,1758384009.0,0.021
2025-09-20 17:00:00,1758387610.0,0.0215
2025-09-20 18:00:00,1758391222.0,0.021
2025-09-20 19:00:00,1758394817.0,0.021
2025-09-20 20:00:00,1758398407.0,0.021
2025-09-20 21:00:00,1758402006.0,0.021
2025-09-20 22:00:00,1758405605.0,0.021
2025-09-20 23:00:00,1758409208.0,0.022
2025-09-21 00:00:00,1758412811.0,0.0215
2025-09-21 01:00:00,1758416408.0,0.0215
2025-09-21 02:00:00,1758420015.0,0.021
2025-09-21 03:00:00,1758423618.0,0.0215
2025-09-21 04:00:00,1758427215.0,0.019
2025-09-21 05:00:00,1758430814.0,0.02
2025-09-21 06:00:00,1758434408.0,0.019
2025-09-21 07:00:00,1758438002.0,0.02
2025-09-21 08:00:00,1758441607.0,0.0185
2025-09-21 09:00:00,1758445211.0,0.0185
2025-09-21 10:00:00,1758448811.0,0.0215
2025-09-21 11:00:00,1758452408.0,0.017
2025-09-21 12:00:00,1758456024.0,0.0175
2025-09-21 13:00:00,1758459615.0,0.0165
2025-09-21 14:00:00,1758463205.0,0.016
2025-09-21 15:00:00,1758466821.0,0.0165
2025-09-21 16:00:00,1758470407.0,0.0165
2025-09-21 17:00:00,1758474018.0,0.016
2025-09-21 18:00:00,1758477605.0,0.018
2025-09-21 19:00:00,1758481208.0,0.017
2025-09-21 20:00:00,1758484806.0,0.0165
2025-09-21 21:00:00,1758488406.0,0.018
2025-09-21 22:00:00,1758492010.0,0.015
2025-09-21 23:00:00,1758495605.0,0.0145
2025-09-22 00:00:00,1758499218.0,0.0175
2025-09-22 01:00:00,1758502807.0,0.0195
2025-09-22 02:00:00,1758506402.0,0.0185
2025-09-22 03:00:00,1758510016.0,0.0185
2025-09-22 04:00:00,1758513604.0,0.0185
2025-09-22 05:00:00,1758517213.0,0.022
2025-09-22 06:00:00,1758520802.0,0.022
2025-09-22 07:00:00,1758524404.0,0.022
2025-09-22 08:00:00,1758528018.0,0.022
2025-09-22 09:00:00,1758531619.0,0.022
2025-09-22 10:00:00,1758535225.0,0.0225
2025-09-22 11:00:00,1758538804.0,0.022
2025-09-22 12:00:00,1758542406.0,0.022
2025-09-22 13:00:00,1758546013.0,0.022
2025-09-22 14:00:00,1758549619.0,0.022
2025-09-22 15:00:00,1758553213.0,0.0225
2025-09-22 16:00:00,1758556805.0,0.0275
2025-09-22 17:00:00,1758560419.0,0.027
2025-09-22 18:00:00,1758564014.0,0.028
2025-09-22 19:00:00,1758567618.0,0.03
2025-09-22 20:00:00,1758571207.0,0.0305
2025-09-22 21:00:00,1758574823.0,0.03
2025-09-22 22:00:00,1758578420.0,0.03
2025-09-22 23:00:00,1758582008.0,0.0275
2025-09-23 00:00:00,1758585605.0,0.0255
2025-09-23 01:00:00,1758589205.0,0.024
2025-09-23 02:00:00,1758592806.0,0.0245
2025-09-23 03:00:00,1758596417.0,0.024
2025-09-23 04:00:00,1758600023.0,0.0245
2025-09-23 05:00:00,1758603614.0,0.0255
2025-09-23 06:00:00,1758607212.0,0.024
2025-09-23 07:00:00,1758610822.0,0.0255
2025-09-23 08:00:00,1758614402.0,0.024
2025-09-23 09:00:00,1758618016.0,0.0245
2025-09-23 10:00:00,1758621617.0,0.0245
2025-09-23 11:00:00,1758625213.0,0.0245
2025-09-23 12:00:00,1758628827.0,0.0245
2025-09-23 13:00:00,1758632410.0,0.0245
2025-09-23 14:00:00,1758636020.0,0.018
2025-09-23 15:00:00,1758639620.0,0.017
2025-09-23 16:00:00,1758643211.0,0.0175
2025-09-23 17:00:00,1758646806.0,0.0175
2025-09-23 18:00:00,1758650414.0,0.018
2025-09-23 19:00:00,1758654004.0,0.024
2025-09-23 20:00:00,1758657619.0,0.0225
2025-09-23 21:00:00,1758661203.0,0.0225
2025-09-23 22:00:00,1758664807.0,0.025
2025-09-23 23:00:00,1758668404.0,0.024
2025-09-24 00:00:00,1758672006.0,0.0255
2025-09-24 01:00:00,1758675609.0,0.023
2025-09-24 02:00:00,1758679206.0,0.0265
2025-09-24 03:00:00,1758682819.0,0.0265
2025-09-24 04:00:00,1758686413.0,0.0265
2025-09-24 05:00:00,1758690018.0,0.0265
2025-09-24 06:00:00,1758693606.0,0.0265
2025-09-24 07:00:00,1758697207.0,0.0265
2025-09-24 08:00:00,1758700814.0,0.0265
2025-09-24 09:00:00,1758704406.0,0.0265
2025-09-24 10:00:00,1758708006.0,0.0265
2025-09-24 11:00:00,1758711607.0,0.0265
2025-09-24 12:00:00,1758715213.0,0.0265
2025-09-24 13:00:00,1758718807.0,0.0265
2025-09-24 14:00:00,1758722403.0,0.0265
2025-09-24 15:00:00,1758726003.0,0.0265
2025-09-24 16:00:00,1758729612.0,0.0265
2025-09-24 17:00:00,1758733212.0,0.0265
2025-09-24 18:00:00,1758736815.0,0.0265
2025-09-24 19:00:00,1758740405.0,0.0265
2025-09-24 20:00:00,1758744012.0,0.0265
2025-09-24 21:00:00,1758747614.0,0.0265
2025-09-24 22:00:00,1758751213.0,0.0265
2025-09-24 23:00:00,1758754807.0,0.0265
2025-09-25 00:00:00,1758758406.0,0.0265
2025-09-25 01:00:00,1758762006.0,0.0265
2025-09-25 02:00:00,1758765607.0,0.0265
2025-09-25 03:00:00,1758769205.0,0.0265
2025-09-25 04:00:00,1758772809.0,0.0265
2025-09-25 05:00:00,1758776403.0,0.0265
2025-09-25 06:00:00,1758780009.0,0.023
2025-09-25 07:00:00,1758783607.0,0.0265
2025-09-25 08:00:00,1758787203.0,0.0235
2025-09-25 09:00:00,1758790808.0,0.0265
2025-09-25 10:00:00,1758794408.0,0.0265
2025-09-25 11:00:00,1758798002.0,0.0265
2025-09-25 12:00:00,1758801617.0,0.0265
2025-09-25 13:00:00,1758805206.0,0.0265
2025-09-25 14:00:00,1758808808.0,0.0265
2025-09-25 15:00:00,1758812402.0,0.024
2025-09-25 16:00:00,1758816011.0,0.0265
2025-09-25 17:00:00,1758819608.0,0.0265
2025-09-25 18:00:00,1758823205.0,0.0265
2025-09-25 19:00:00,1758826814.0,0.0265
2025-09-25 20:00:00,1758830411.0,0.025
2025-09-25 21:00:00,1758834008.0,0.0265
2025-09-25 22:00:00,1758837610.0,0.0235
2025-09-25 23:00:00,1758841202.0,0.0265
2025-09-26 00:00:00,1758844812.0,0.0235
2025-09-26 01:00:00,1758848411.0,0.0265
2025-09-26 02:00:00,1758852012.0,0.025
2025-09-26 03:00:00,1758855616.0,0.0265
2025-09-26 04:00:00,1758859211.0,0.026
2025-09-26 05:00:00,1758862810.0,0.0265
2025-09-26 06:00:00,1758866415.0,0.023
2025-09-26 07:00:00,1758870007.0,0.023
2025-09-26 08:00:00,1758873603.0,0.0245
2025-09-26 09:00:00,1758877214.0,0.0235
2025-09-26 10:00:00,1758880805.0,0.0265
2025-09-26 11:00:00,1758884411.0,0.0265
2025-09-26 12:00:00,1758888017.0,0.0265
2025-09-26 13:00:00,1758891605.0,0.026
2025-09-26 14:00:00,1758895216.0,0.0255
2025-09-26 15:00:00,1758898802.0,0.0255
2025-09-26 16:00:00,1758902413.0,0.0255
2025-09-26 17:00:00,1758906013.0,0.0255
2025-09-26 18:00:00,1758909603.0,0.026
2025-09-26 19:00:00,1758913210.0,0.025
2025-09-26 20:00:00,1758916805.0,0.0265
2025-09-26 21:00:00,1758920405.0,0.0245
2025-09-26 22:00:00,1758924014.0,0.0245
2025-09-26 23:00:00,1758927616.0,0.0245
2025-09-27 00:00:00,1758931210.0,0.023
2025-09-27 01:00:00,1758934808.0,0.0245
2025-09-27 02:00:00,1758938407.0,0.0245
2025-09-27 03:00:00,1758942003.0,0.0245
2025-09-27 04:00:00,1758945612.0,0.025
2025-09-27 05:00:00,1758949211.0,0.026
2025-09-27 06:00:00,1758952811.0,0.0255
2025-09-27 07:00:00,1758956408.0,0.026
2025-09-27 08:00:00,1758960005.0,0.026
2025-09-27 09:00:00,1758963607.0,0.026
2025-09-27 10:00:00,1758967215.0,0.0255
2025-09-27 11:00:00,1758970805.0,0.026
2025-09-27 12:00:00,1758974412.0,0.023
2025-09-27 13:00:00,1758978003.0,0.024
2025-09-27 14:00:00,1758981614.0,0.0275
2025-09-27 15:00:00,1758985216.0,0.0275
2025-09-27 16:00:00,1758988817.0,0.0275
2025-09-27 17:00:00,1758992407.0,0.0275
2025-09-27 18:00:00,1758996015.0,0.0275
2025-09-27 19:00:00,1758999605.0,0.0275
2025-09-27 20:00:00,1759003205.0,0.0275
2025-09-27 21:00:00,1759006819.0,0.0275
2025-09-27 22:00:00,1759010407.0,0.0275
2025-09-27 23:00:00,1759014005.0,0.025
2025-09-28 00:00:00,1759017611.0,0.0265
2025-09-28 01:00:00,1759021212.0,0.027
2025-09-28 02:00:00,1759024811.0,0.0265
2025-09-28 03:00:00,1759028410.0,0.025
2025-09-28 04:00:00,1759032017.0,0.0255
2025-09-28 05:00:00,1759035614.0,0.0265
2025-09-28 06:00:00,1759039215.0,0.0255
2025-09-28 07:00:00,1759042812.0,0.0265
2025-09-28 08:00:00,1759046406.0,0.025
2025-09-28 09:00:00,1759050005.0,0.026
2025-09-28 10:00:00,1759053611.0,0.027
2025-09-28 11:00:00,1759057208.0,0.0255
2025-09-28 12:00:00,1759060804.0,0.0255
2025-09-28 13:00:00,1759064416.0,0.025
2025-09-28 14:00:00,1759068012.0,0.025
2025-09-28 15:00:00,1759071612.0,0.0255
2025-09-28 16:00:00,1759075207.0,0.025
2025-09-28 17:00:00,1759078807.0,0.0255
2025-09-28 18:00:00,1759082407.0,0.025
2025-09-28 19:00:00,1759086005.0,0.025
2025-09-28 20:00:00,1759089608.0,0.025
2025-09-28 21:00:00,1759093213.0,0.0225
2025-09-28 22:00:00,1759096808.0,0.0225
2025-09-28 23:00:00,1759100415.0,0.025
2025-09-29 00:00:00,1759104006.0,0.025
2025-09-29 01:00:00,1759107609.0,0.025
2025-09-29 02:00:00,1759111210.0,0.027
2025-09-29 03:00:00,1759114808.0,0.0255
2025-09-29 04:00:00,1759118412.0,0.0275
2025-09-29 05:00:00,1759122007.0,0.027
2025-09-29 06:00:00,1759125613.0,0.0275
2025-09-29 07:00:00,1759129207.0,0.0275
2025-09-29 08:00:00,1759132802.0,0.0275
2025-09-29 09:00:00,1759136408.0,0.027
2025-09-29 10:00:00,1759140008.0,0.027
2025-09-29 11:00:00,1759143602.0,0.026
2025-09-29 12:00:00,1759147217.0,0.027
2025-09-29 13:00:00,1759150804.0,0.0275
2025-09-29 14:00:00,1759154403.0,0.0275
2025-09-29 15:00:00,1759158011.0,0.0275
2025-09-29 16:00:00,1759161603.0,0.0365
2025-09-29 17:00:00,1759165215.0,0.0335
2025-09-29 18:00:00,1759168802.0,0.035
2025-09-29 19:00:00,1759172411.0,0.0345
2025-09-29 20:00:00,1759176007.0,0.0495
2025-09-29 21:00:00,1759179603.0,0.051
2025-09-29 22:00:00,1759183210.0,0.049
2025-09-29 23:00:00,1759186807.0,0.049
2025-09-30 00:00:00,1759190405.0,0.049
2025-09-30 01:00:00,1759194011.0,0.047
2025-09-30 02:00:00,1759197604.0,0.047
2025-09-30 03:00:00,1759201210.0,0.0445
2025-09-30 04:00:00,1759204803.0,0.05
2025-09-30 05:00:00,1759208409.0,0.0485
2025-09-30 06:00:00,1759212003.0,0.0455
2025-09-30 07:00:00,1759215607.0,0.0475
2025-09-30 08:00:00,1759219206.0,0.049
2025-09-30 09:00:00,1759222811.0,0.0435
2025-09-30 10:00:00,1759226405.0,0.042
2025-09-30 11:00:00,1759230008.0,0.045
2025-09-30 12:00:00,1759233607.0,0.0305
2025-09-30 13:00:00,1759237205.0,0.0305
2025-09-30 14:00:00,1759240813.0,0.031
2025-09-30 15:00:00,1759244411.0,0.0315
2025-09-30 16:00:00,1759248003.0,0.0305
2025-09-30 17:00:00,1759251613.0,0.034
2025-09-30 18:00:00,1759255206.0,0.028
2025-09-30 19:00:00,1759258812.0,0.031
2025-09-30 20:00:00,1759262405.0,0.032
2025-09-30 21:00:00,1759266013.0,0.027
2025-09-30 22:00:00,1759269615.0,0.0395
2025-09-30 23:00:00,1759273202.0,0.042
2025-10-01 00:00:00,1759276807.0,0.042
2025-10-01 01:00:00,1759280403.0,0.0405
2025-10-01 02:00:00,1759284006.0,0.0425
2025-10-01 03:00:00,1759287607.0,0.0425
2025-10-01 04:00:00,1759291203.0,0.0425
2025-10-01 05:00:00,1759294805.0,0.0425
2025-10-01 06:00:00,1759298414.0,0.0405
2025-10-01 07:00:00,1759302010.0,0.0445
2025-10-01 08:00:00,1759305607.0,0.0485
2025-10-01 09:00:00,1759309204.0,0.0445
2025-10-01 10:00:00,1759312803.0,0.047
2025-10-01 11:00:00,1759316412.0,0.0455
2025-10-01 12:00:00,1759320011.0,0.047
2025-10-01 13:00:00,1759323609.0,0.0455
2025-10-01 14:00:00,1759327202.0,0.045
2025-10-01 15:00:00,1759330807.0,0.0455
2025-10-01 16:00:00,1759334406.0,0.045
2025-10-01 17:00:00,1759338014.0,0.0455
2025-10-01 18:00:00,1759341609.0,0.0435
2025-10-01 19:00:00,1759345211.0,0.0355
2025-10-01 20:00:00,1759348813.0,0.037
2025-10-01 21:00:00,1759352414.0,0.036
2025-10-01 22:00:00,1759356011.0,0.0375
2025-10-01 23:00:00,1759359610.0,0.0355
2025-10-02 00:00:00,1759363207.0,0.0375
2025-10-02 01:00:00,1759366807.0,0.034
2025-10-02 02:00:00,1759370408.0,0.034
2025-10-02 03:00:00,1759374009.0,0.033
2025-10-02 04:00:00,1759377611.0,0.033
2025-10-02 05:00:00,1759381208.0,0.033
2025-10-02 06:00:00,1759384813.0,0.033
2025-10-02 07:00:00,1759388410.0,0.033
2025-10-02 08:00:00,1759392013.0,0.033
2025-10-02 09:00:00,1759395603.0,0.035
2025-10-02 10:00:00,1759399207.0,0.0335
2025-10-02 11:00:00,1759402804.0,0.034
2025-10-02 12:00:00,1759406412.0,0.0375
2025-10-02 13:00:00,1759410002.0,0.0375
2025-10-02 14:00:00,1759413607.0,0.0375
2025-10-02 15:00:00,1759417205.0,0.0375
2025-10-02 16:00:00,1759420803.0,0.0375
2025-10-02 17:00:00,1759424409.0,0.0425
2025-10-02 18:00:00,1759428014.0,0.0425
2025-10-02 19:00:00,1759431611.0,0.0425
2025-10-02 20:00:00,1759435203.0,0.0425
2025-10-02 21:00:00,1759438813.0,0.0425
2025-10-02 22:00:00,1759442410.0,0.0425
2025-10-02 23:00:00,1759446002.0,0.0425
2025-10-03 00:00:00,1759449603.0,0.0425
2025-10-03 01:00:00,1759453205.0,0.0425
2025-10-03 02:00:00,1759456803.0,0.038
2025-10-03 03:00:00,1759460407.0,0.039
2025-10-03 04:00:00,1759464005.0,0.042
2025-10-03 05:00:00,1759467612.0,0.039
2025-10-03 06:00:00,1759471212.0,0.0405
2025-10-03 07:00:00,1759474816.0,0.04
2025-10-03 08:00:00,1759478403.0,0.0425
2025-10-03 09:00:00,1759482005.0,0.042
2025-10-03 10:00:00,1759485606.0,0.0405
2025-10-03 11:00:00,1759489205.0,0.0385
2025-10-03 12:00:00,1759492803.0,0.039
2025-10-03 13:00:00,1759496405.0,0.0405
2025-10-03 14:00:00,1759500006.0,0.0395
2025-10-03 15:00:00,1759503605.0,0.0395
2025-10-03 16:00:00,1759507206.0,0.041
2025-10-03 17:00:00,1759510805.0,0.0405
2025-10-03 18:00:00,1759514410.0,0.0405
2025-10-03 19:00:00,1759518004.0,0.0405
2025-10-03 20:00:00,1759521605.0,0.0405
2025-10-03 21:00:00,1759525209.0,0.0405
2025-10-03 22:00:00,1759528806.0,0.0405
2025-10-03 23:00:00,1759532407.0,0.0405
2025-10-04 00:00:00,1759536009.0,0.0405
2025-10-04 01:00:00,1759539607.0,0.0405
2025-10-04 02:00:00,1759543207.0,0.0405
2025-10-04 03:00:00,1759546808.0,0.0405
2025-10-04 04:00:00,1759550405.0,0.0405
2025-10-04 05:00:00,1759554006.0,0.0405
2025-10-04 06:00:00,1759557607.0,0.0405
2025-10-04 07:00:00,1759561215.0,0.0405
2025-10-04 08:00:00,1759564808.0,0.0405
2025-10-04 09:00:00,1759568406.0,0.0405
2025-10-04 10:00:00,1759572005.0,0.0405
2025-10-04 11:00:00,1759575603.0,0.0405
2025-10-04 12:00:00,1759579204.0,0.041
2025-10-04 13:00:00,1759582803.0,0.041
2025-10-04 14:00:00,1759586408.0,0.041
2025-10-04 15:00:00,1759590006.0,0.0405
2025-10-04 16:00:00,1759593604.0,0.0415
2025-10-04 17:00:00,1759597203.0,0.0415
2025-10-04 18:00:00,1759600806.0,0.0425
2025-10-04 19:00:00,1759604404.0,0.0415
2025-10-04 20:00:00,1759608009.0,0.0415
2025-10-04 21:00:00,1759611607.0,0.0405
2025-10-04 22:00:00,1759615203.0,0.0415
2025-10-04 23:00:00,1759618803.0,0.0415
2025-10-05 00:00:00,1759622407.0,0.0415
2025-10-05 01:00:00,1759626002.0,0.0415
2025-10-05 02:00:00,1759629605.0,0.0415
2025-10-05 03:00:00,1759633207.0,0.0405
2025-10-05 04:00:00,1759636805.0,0.0435
2025-10-05 05:00:00,1759640403.0,0.0415
2025-10-05 06:00:00,1759644006.0,0.0405
2025-10-05 07:00:00,1759647605.0,0.0425
2025-10-05 08:00:00,1759651204.0,0.0415
2025-10-05 09:00:00,1759654809.0,0.0415
2025-10-05 10:00:00,1759658406.0,0.0415
2025-10-05 11:00:00,1759662008.0,0.0395
2025-10-05 12:00:00,1759665610.0,0.037
2025-10-05 13:00:00,1759669207.0,0.0345
2025-10-05 14:00:00,1759672803.0,0.0355
2025-10-05 15:00:00,1759676409.0,0.0335
2025-10-05 16:00:00,1759680007.0,0.035
2025-10-05 17:00:00,1759683611.0,0.037
2025-10-05 18:00:00,1759687209.0,0.035
2025-10-05 19:00:00,1759690808.0,0.036
2025-10-05 20:00:00,1759694405.0,0.036
2025-10-05 21:00:00,1759698006.0,0.036
2025-10-05 22:00:00,1759701606.0,0.035
2025-10-05 23:00:00,1759705204.0,0.035
2025-10-06 00:00:00,1759708806.0,0.035
2025-10-06 01:00:00,1759712407.0,0.035
2025-10-06 02:00:00,1759716003.0,0.035
2025-10-06 03:00:00,1759719610.0,0.035
2025-10-06 04:00:00,1759723207.0,0.0355
2025-10-06 05:00:00,1759726806.0,0.035
2025-10-06 06:00:00,1759730412.0,0.035
2025-10-06 07:00:00,1759734013.0,0.035
2025-10-06 08:00:00,1759737607.0,0.035
2025-10-06 09:00:00,1759741206.0,0.035
2025-10-06 10:00:00,1759744802.0,0.035
2025-10-06 11:00:00,1759748407.0,0.035
2025-10-06 12:00:00,1759752012.0,0.035
2025-10-06 13:00:00,1759755604.0,0.034
2025-10-06 14:00:00,1759759208.0,0.034
2025-10-06 15:00:00,1759762804.0,0.035
2025-10-06 16:00:00,1759766408.0,0.0335
2025-10-06 17:00:00,1759770004.0,0.043
2025-10-06 18:00:00,1759773603.0,0.0445
2025-10-06 19:00:00,1759777207.0,0.04
2025-10-06 20:00:00,1759780812.0,0.041
2025-10-06 21:00:00,1759784410.0,0.041
2025-10-06 22:00:00,1759788015.0,0.041
2025-10-06 23:00:00,1759791607.0,0.0405
2025-10-07 00:00:00,1759795203.0,0.042
2025-10-07 01:00:00,1759798807.0,0.04
2025-10-07 02:00:00,1759802408.0,0.0405
2025-10-07 03:00:00,1759806004.0,0.0405
2025-10-07 04:00:00,1759809610.0,0.0405
2025-10-07 05:00:00,1759813211.0,0.0405
2025-10-07 06:00:00,1759816813.0,0.0405
2025-10-07 07:00:00,1759820408.0,0.0405
2025-10-07 08:00:00,1759824006.0,0.0405
2025-10-07 09:00:00,1759827615.0,0.0405
2025-10-07 10:00:00,1759831211.0,0.0405
2025-10-07 11:00:00,1759834808.0,0.0405
2025-10-07 12:00:00,1759838404.0,0.04
2025-10-07 13:00:00,1759842014.0,0.039
2025-10-07 14:00:00,1759845610.0,0.0385
2025-10-07 15:00:00,1759849215.0,0.0375
2025-10-07 16:00:00,1759852803.0,0.0365
2025-10-07 17:00:00,1759856418.0,0.0365
2025-10-07 18:00:00,1759860014.0,0.0365
2025-10-07 19:00:00,1759863615.0,0.0365
2025-10-07 20:00:00,1759867202.0,0.0365
2025-10-07 21:00:00,1759870802.0,0.0365
2025-10-07 22:00:00,1759874404.0,0.0335
2025-10-07 23:00:00,1759878011.0,0.0335
2025-10-08 00:00:00,1759881611.0,0.0325
2025-10-08 01:00:00,1759885212.0,0.033
2025-10-08 02:00:00,1759888814.0,0.0335
2025-10-08 03:00:00,1759892402.0,0.0335
2025-10-08 04:00:00,1759896002.0,0.033
2025-10-08 05:00:00,1759899617.0,0.0335
2025-10-08 06:00:00,1759903212.0,0.0335
2025-10-08 07:00:00,1759906813.0,0.0335
2025-10-08 08:00:00,1759910403.0,0.0325
2025-10-08 09:00:00,1759914011.0,0.033
2025-10-08 10:00:00,1759917613.0,0.0325
2025-10-08 11:00:00,1759921204.0,0.033
2025-10-08 12:00:00,1759924808.0,0.033
2025-10-08 13:00:00,1759928412.0,0.0335
2025-10-08 14:00:00,1759932011.0,0.033
2025-10-08 15:00:00,1759935617.0,0.0325
2025-10-08 16:00:00,1759939210.0,0.0325
2025-10-08 17:00:00,1759942817.0,0.0335
2025-10-08 18:00:00,1759946414.0,0.0335
2025-10-08 19:00:00,1759950007.0,0.0335
2025-10-08 20:00:00,1759953611.0,0.0335
2025-10-08 21:00:00,1759957216.0,0.033
2025-10-08 22:00:00,1759960805.0,0.0325
2025-10-08 23:00:00,1759964411.0,0.0335
2025-10-09 00:00:00,1759968006.0,0.0335
2025-10-09 01:00:00,1759971610.0,0.0335
2025-10-09 02:00:00,1759975209.0,0.0335
2025-10-09 03:00:00,1759978813.0,0.0335
2025-10-09 04:00:00,1759982412.0,0.0335
2025-10-09 05:00:00,1759986010.0,0.033
2025-10-09 06:00:00,1759989612.0,0.033
2025-10-09 07:00:00,1759993212.0,0.0325
2025-10-09 08:00:00,1759996812.0,0.0335
2025-10-09 09:00:00,1760000403.0,0.0325
2025-10-09 10:00:00,1760004010.0,0.0325
2025-10-09 11:00:00,1760007612.0,0.0325
2025-10-09 12:00:00,1760011215.0,0.0325
2025-10-09 13:00:00,1760014811.0,0.0325
2025-10-09 14:00:00,1760018417.0,0.0325
2025-10-09 15:00:00,1760022010.0,0.029
2025-10-09 16:00:00,1760025607.0,0.029
2025-10-09 17:00:00,1760029204.0,0.03
2025-10-09 18:00:00,1760032816.0,0.03
2025-10-09 19:00:00,1760036417.0,0.03
2025-10-09 20:00:00,1760040015.0,0.029
2025-10-09 21:00:00,1760043608.0,0.04
2025-10-09 22:00:00,1760047214.0,0.0425
2025-10-09 23:00:00,1760050815.0,0.0395
2025-10-10 00:00:00,1760054415.0,0.0405
2025-10-10 01:00:00,1760058010.0,0.0415
2025-10-10 02:00:00,1760061604.0,0.0395
2025-10-10 03:00:00,1760065220.0,0.041
2025-10-10 04:00:00,1760068807.0,0.042
2025-10-10 05:00:00,1760072405.0,0.041
2025-10-10 06:00:00,1760076008.0,0.039
2025-10-10 07:00:00,1760079615.0,0.0405
2025-10-10 08:00:00,1760083216.0,0.04
2025-10-10 09:00:00,1760086804.0,0.041
2025-10-10 10:00:00,1760090405.0,0.0425
2025-10-10 11:00:00,1760094014.0,0.0425
2025-10-10 12:00:00,1760097608.0,0.043
2025-10-10 13:00:00,1760101213.0,0.043
2025-10-10 14:00:00,1760104807.0,0.043
2025-10-10 15:00:00,1760108406.0,0.0375
2025-10-10 16:00:00,1760112006.0,0.0375
2025-10-10 17:00:00,1760115611.0,0.0365
2025-10-10 18:00:00,1760119219.0,0.0365
2025-10-10 19:00:00,1760122812.0,0.0365
2025-10-10 20:00:00,1760126403.0,0.0365
2025-10-10 21:00:00,1760130007.0,0.0365
2025-10-10 22:00:00,1760133618.0,0.0365
2025-10-10 23:00:00,1760137212.0,0.0365
2025-10-11 00:00:00,1760140810.0,0.028
2025-10-11 01:00:00,1760144411.0,0.0295
2025-10-11 02:00:00,1760148005.0,0.0365
2025-10-11 03:00:00,1760151613.0,0.0365
2025-10-11 04:00:00,1760155217.0,0.0365
2025-10-11 05:00:00,1760158814.0,0.0365
2025-10-11 06:00:00,1760162410.0,0.0365
2025-10-11 07:00:00,1760166009.0,0.0365
2025-10-11 08:00:00,1760169602.0,0.0365
2025-10-11 09:00:00,1760173209.0,0.0365
2025-10-11 10:00:00,1760176803.0,0.033
2025-10-11 11:00:00,1760180404.0,0.035
2025-10-11 12:00:00,1760184005.0,0.035
2025-10-11 13:00:00,1760187618.0,0.031
2025-10-11 14:00:00,1760191208.0,0.035
2025-10-11 15:00:00,1760194821.0,0.035
2025-10-11 16:00:00,1760198416.0,0.035
2025-10-11 17:00:00,1760202004.0,0.035
2025-10-11 18:00:00,1760205620.0,0.035
2025-10-11 19:00:00,1760209210.0,0.036
2025-10-11 20:00:00,1760212809.0,0.036
2025-10-11 21:00:00,1760216419.0,0.0365
2025-10-11 22:00:00,1760220003.0,0.0335
2025-10-11 23:00:00,1760223605.0,0.0365
2025-10-12 00:00:00,1760227206.0,0.035
2025-10-12 01:00:00,1760230809.0,0.036
2025-10-12 02:00:00,1760234412.0,0.035
2025-10-12 03:00:00,1760238013.0,0.0305
2025-10-12 04:00:00,1760241617.0,0.028
2025-10-12 05:00:00,1760245202.0,0.0355
2025-10-12 06:00:00,1760248803.0,0.0335
2025-10-12 07:00:00,1760252404.0,0.0335
2025-10-12 08:00:00,1760256015.0,0.0335
2025-10-12 09:00:00,1760259620.0,0.0335
2025-10-12 10:00:00,1760263212.0,0.034
2025-10-12 11:00:00,1760266809.0,0.034
2025-10-12 12:00:00,1760270416.0,0.034
2025-10-12 13:00:00,1760274012.0,0.0305
2025-10-12 14:00:00,1760277620.0,0.03
2025-10-12 15:00:00,1760281220.0,0.0325
2025-10-12 16:00:00,1760284819.0,0.0325
2025-10-12 17:00:00,1760288414.0,0.0325
2025-10-12 18:00:00,1760292011.0,0.0325
2025-10-12 19:00:00,1760295604.0,0.0355
2025-10-12 20:00:00,1760299205.0,0.0355
2025-10-12 21:00:00,1760302816.0,0.0335
2025-10-12 22:00:00,1760306404.0,0.0315
2025-10-12 23:00:00,1760310015.0,0.03
2025-10-13 00:00:00,1760313609.0,0.0275
2025-10-13 01:00:00,1760317208.0,0.026
2025-10-13 02:00:00,1760320802.0,0.0255
2025-10-13 03:00:00,1760324416.0,0.027
2025-10-13 04:00:00,1760328016.0,0.0255
2025-10-13 05:00:00,1760331608.0,0.0225
2025-10-13 06:00:00,1760335220.0,0.0225
2025-10-13 07:00:00,1760338806.0,0.0215
2025-10-13 08:00:00,1760342403.0,0.019
2025-10-13 09:00:00,1760346020.0,0.0195
2025-10-13 10:00:00,1760349611.0,0.018
2025-10-13 11:00:00,1760353206.0,0.0175
2025-10-13 12:00:00,1760356822.0,0.021
2025-10-13 13:00:00,1760360416.0,0.0205
2025-10-13 14:00:00,1760364008.0,0.0205
2025-10-13 15:00:00,1760367619.0,0.0265
2025-10-13 16:00:00,1760371214.0,0.031
2025-10-13 17:00:00,1760374809.0,0.032
2025-10-13 18:00:00,1760378420.0,0.0295
2025-10-13 19:00:00,1760382008.0,0.03
2025-10-13 20:00:00,1760385607.0,0.0305
2025-10-13 21:00:00,1760389223.0,0.0335
2025-10-13 22:00:00,1760392816.0,0.0325
2025-10-13 23:00:00,1760396407.0,0.0325
2025-10-14 00:00:00,1760400020.0,0.0325
2025-10-14 01:00:00,1760403609.0,0.0325
2025-10-14 02:00:00,1760407210.0,0.0325
2025-10-14 03:00:00,1760410822.0,0.0325
2025-10-14 04:00:00,1760414412.0,0.0325
2025-10-14 05:00:00,1760418013.0,0.0325
2025-10-14 06:00:00,1760421617.0,0.0325
2025-10-14 07:00:00,1760425210.0,0.0325
2025-10-14 08:00:00,1760428810.0,0.0325
2025-10-14 09:00:00,1760432419.0,0.0325
2025-10-14 10:00:00,1760436012.0,0.0325
2025-10-14 11:00:00,1760439614.0,0.0325
2025-10-14 12:00:00,1760443203.0,0.0325
2025-10-14 13:00:00,1760446814.0,0.0305
2025-10-14 14:00:00,1760450413.0,0.0325
2025-10-14 15:00:00,1760454023.0,0.03
2025-10-14 16:00:00,1760457612.0,0.0325
2025-10-14 17:00:00,1760461219.0,0.0325
2025-10-14 18:00:00,1760464813.0,0.0325
2025-10-14 19:00:00,1760468411.0,0.0325
2025-10-14 20:00:00,1760472008.0,0.0325
2025-10-14 21:00:00,1760475615.0,0.031
2025-10-14 22:00:00,1760479219.0,0.03
2025-10-14 23:00:00,1760482815.0,0.032
2025-10-15 00:00:00,1760486408.0,0.03
2025-10-15 01:00:00,1760490008.0,0.0325
2025-10-15 02:00:00,1760493605.0,0.031
2025-10-15 03:00:00,1760497203.0,0.033
2025-10-15 04:00:00,1760500809.0,0.0325
2025-10-15 05:00:00,1760504407.0,0.029
2025-10-15 06:00:00,1760508012.0,0.032
2025-10-15 07:00:00,1760511608.0,0.031
2025-10-15 08:00:00,1760515214.0,0.03
2025-10-15 09:00:00,1760518817.0,0.03
2025-10-15 10:00:00,1760522410.0,0.029
2025-10-15 11:00:00,1760526005.0,0.0265
2025-10-15 12:00:00,1760529606.0,0.0285
2025-10-15 13:00:00,1760533214.0,0.0315
2025-10-15 14:00:00,1760536805.0,0.032
2025-10-15 15:00:00,1760540417.0,0.033
2025-10-15 16:00:00,1760544003.0,0.033
2025-10-15 17:00:00,1760547620.0,0.0345
2025-10-15 18:00:00,1760551219.0,0.0285
2025-10-15 19:00:00,1760554814.0,0.0335
2025-10-15 20:00:00,1760558416.0,0.034
2025-10-15 21:00:00,1760562024.0,0.0315
2025-10-15 22:00:00,1760565604.0,0.032
2025-10-15 23:00:00,1760569217.0,0.0315
2025-10-16 00:00:00,1760572813.0,0.026
2025-10-16 01:00:00,1760576412.0,0.025
2025-10-16 02:00:00,1760580010.0,0.0235
2025-10-16 03:00:00,1760583620.0,0.034
2025-10-16 04:00:00,1760587216.0,0.031
2025-10-16 05:00:00,1760590817.0,0.0295
2025-10-16 06:00:00,1760594410.0,0.0315
2025-10-16 07:00:00,1760598005.0,0.0305
2025-10-16 08:00:00,1760601617.0,0.0315
2025-10-16 09:00:00,1760605203.0,0.03
2025-10-16 10:00:00,1760608814.0,0.032
2025-10-16 11:00:00,1760612409.0,0.031
2025-10-16 12:00:00,1760616023.0,0.0295
2025-10-16 13:00:00,1760619610.0,0.026
2025-10-16 14:00:00,1760623217.0,0.0245
2025-10-16 15:00:00,1760626821.0,0.023
2025-10-16 16:00:00,1760630408.0,0.033
2025-10-16 17:00:00,1760634007.0,0.031
2025-10-16 18:00:00,1760637616.0,0.029
2025-10-16 19:00:00,1760641216.0,0.023
2025-10-16 20:00:00,1760644818.0,0.0215
2025-10-16 21:00:00,1760648420.0,0.0205
2025-10-16 22:00:00,1760652014.0,0.024
2025-10-16 23:00:00,1760655612.0,0.0225
2025-10-17 00:00:00,1760659203.0,0.02
2025-10-17 01:00:00,1760662809.0,0.0155
2025-10-17 02:00:00,1760666408.0,0.0125
2025-10-17 03:00:00,1760670007.0,0.011
2025-10-17 04:00:00,1760673612.0,0.011
2025-10-17 05:00:00,1760677218.0,0.011
2025-10-17 06:00:00,1760680818.0,0.011
2025-10-17 07:00:00,1760684419.0,0.011
2025-10-17 08:00:00,1760688005.0,0.011
2025-10-17 09:00:00,1760691624.0,0.011
2025-10-17 10:00:00,1760695214.0,0.011
2025-10-17 11:00:00,1760698805.0,0.011
2025-10-17 12:00:00,1760702403.0,0.011
2025-10-17 13:00:00,1760706014.0,0.011
2025-10-17 14:00:00,1760709613.0,0.011
2025-10-17 15:00:00,1760713206.0,0.011
2025-10-17 16:00:00,1760716818.0,0.011
2025-10-17 17:00:00,1760720410.0,0.011
2025-10-17 18:00:00,1760724020.0,0.011
2025-10-17 19:00:00,1760727616.0,0.011
2025-10-17 20:00:00,1760731209.0,0.011
2025-10-17 21:00:00,1760734805.0,0.011
2025-10-17 22:00:00,1760738409.0,0.011
2025-10-17 23:00:00,1760742009.0,0.011
2025-10-18 00:00:00,1760745611.0,0.011
2025-10-18 01:00:00,1760749209.0,0.011
2025-10-18 02:00:00,1760752808.0,0.011
2025-10-18 03:00:00,1760756403.0,0.011
2025-10-18 04:00:00,1760760016.0,0.011
2025-10-18 05:00:00,1760763603.0,0.011
2025-10-18 06:00:00,1760767203.0,0.011
2025-10-18 07:00:00,1760770822.0,0.011
2025-10-18 08:00:00,1760774412.0,0.011
2025-10-18 09:00:00,1760778014.0,0.011
2025-10-18 10:00:00,1760781620.0,0.011
2025-10-18 11:00:00,1760785215.0,0.011
2025-10-18 12:00:00,1760788811.0,0.011
2025-10-18 13:00:00,1760792419.0,0.011
2025-10-18 14:00:00,1760796017.0,0.011
2025-10-18 15:00:00,1760799626.0,0.011
2025-10-18 16:00:00,1760803207.0,0.011
2025-10-18 17:00:00,1760806818.0,0.011
2025-10-18 18:00:00,1760810409.0,0.011
2025-10-18 19:00:00,1760814005.0,0.011
2025-10-18 20:00:00,1760817611.0,0.011
2025-10-18 21:00:00,1760821225.0,0.011
2025-10-18 22:00:00,1760824810.0,0.011
2025-10-18 23:00:00,1760828412.0,0.011
2025-10-19 00:00:00,1760832020.0,0.011
2025-10-19 01:00:00,1760835608.0,0.011
2025-10-19 02:00:00,1760839216.0,0.011
2025-10-19 03:00:00,1760842810.0,0.011
2025-10-19 04:00:00,1760846407.0,0.011
2025-10-19 05:00:00,1760850005.0,0.011
2025-10-19 06:00:00,1760853615.0,0.0105
2025-10-19 07:00:00,1760857215.0,0.0105
2025-10-19 08:00:00,1760860817.0,0.0105
2025-10-19 09:00:00,1760864418.0,0.0105
2025-10-19 10:00:00,1760868003.0,0.0105
2025-10-19 11:00:00,1760871620.0,0.0105
2025-10-19 12:00:00,1760875213.0,0.0105
2025-10-19 13:00:00,1760878813.0,0.0125
2025-10-19 14:00:00,1760882403.0,0.008
2025-10-19 15:00:00,1760886025.0,0.0075
2025-10-19 16:00:00,1760889619.0,0.0055
2025-10-19 17:00:00,1760893222.0,0.0055
2025-10-19 18:00:00,1760896817.0,0.0055
2025-10-19 19:00:00,1760900403.0,0.0055
2025-10-19 20:00:00,1760904016.0,0.0055
2025-10-19 21:00:00,1760907625.0,0.0055
2025-10-19 22:00:00,1760911218.0,0.0055
2025-10-19 23:00:00,1760914813.0,0.0055
2025-10-20 00:00:00,1760918418.0,0.0055
2025-10-20 01:00:00,1760922009.0,0.0055
2025-10-20 02:00:00,1760925614.0,0.0055
2025-10-20 03:00:00,1760929204.0,0.0055
2025-10-20 04:00:00,1760932815.0,0.0055
2025-10-20 05:00:00,1760936408.0,0.0055
2025-10-20 06:00:00,1760940017.0,0.0055
2025-10-20 07:00:00,1760943606.0,0.0055
2025-10-20 08:00:00,1760947209.0,0.0055
2025-10-20 09:00:00,1760950816.0,0.0195
2025-10-20 10:00:00,1760954412.0,0.0195
2025-10-20 11:00:00,1760958017.0,0.0195
2025-10-20 12:00:00,1760961628.0,0.0195
2025-10-20 13:00:00,1760965205.0,0.0195
2025-10-20 14:00:00,1760968804.0,0.0195
2025-10-20 15:00:00,1760972407.0,0.02
2025-10-20 16:00:00,1760976011.0,0.0195
2025-10-20 17:00:00,1760979617.0,0.0195
2025-10-20 18:00:00,1760983220.0,0.0195
2025-10-20 19:00:00,1760986810.0,0.0195
2025-10-20 20:00:00,1760990416.0,0.0185
2025-10-20 21:00:00,1760994022.0,0.019
2025-10-20 22:00:00,1760997615.0,0.0195
2025-10-20 23:00:00,1761001216.0,0.0195
2025-10-21 00:00:00,1761004808.0,0.0195
2025-10-21 01:00:00,1761008413.0,0.019
2025-10-21 02:00:00,1761012008.0,0.018
2025-10-21 03:00:00,1761015605.0,0.02
2025-10-21 04:00:00,1761019206.0,0.0195
2025-10-21 05:00:00,1761022818.0,0.0195
2025-10-21 06:00:00,1761026422.0,0.0195
2025-10-21 07:00:00,1761030020.0,0.0195
2025-10-21 08:00:00,1761033613.0,0.0195
2025-10-21 09:00:00,1761037220.0,0.0195
2025-10-21 10:00:00,1761040815.0,0.0195
2025-10-21 11:00:00,1761044407.0,0.02
2025-10-21 12:00:00,1761048023.0,0.0195
2025-10-21 13:00:00,1761051613.0,0.02
2025-10-21 14:00:00,1761055204.0,0.02
2025-10-21 15:00:00,1761058819.0,0.0195
2025-10-21 16:00:00,1761062422.0,0.018
2025-10-21 17:00:00,1761066023.0,0.0195
2025-10-21 18:00:00,1761069624.0,0.0195
2025-10-21 19:00:00,1761073207.0,0.0195
2025-10-21 20:00:00,1761076806.0,0.0195
2025-10-21 21:00:00,1761080409.0,0.02
2025-10-21 22:00:00,1761084017.0,0.0195
2025-10-21 23:00:00,1761087618.0,0.0175
2025-10-22 00:00:00,1761091224.0,0.016
2025-10-22 01:00:00,1761094818.0,0.016
2025-10-22 02:00:00,1761098416.0,0.016
2025-10-22 03:00:00,1761102033.0,0.016
2025-10-22 04:00:00,1761105624.0,0.016
2025-10-22 05:00:00,1761109225.0,0.016
2025-10-22 06:00:00,1761112826.0,0.016
2025-10-22 07:00:00,1761116416.0,0.016
2025-10-22 08:00:00,1761120019.0,0.016
2025-10-22 09:00:00,1761123626.0,0.016
2025-10-22 10:00:00,1761127224.0,0.016
2025-10-22 11:00:00,1761130817.0,0.016
2025-10-22 12:00:00,1761134434.0,0.016
2025-10-22 13:00:00,1761138026.0,0.016
2025-10-22 14:00:00,1761141623.0,0.016
2025-10-22 15:00:00,1761145233.0,0.016
2025-10-22 16:00:00,1761148827.0,0.016
2025-10-22 17:00:00,1761152428.0,0.016
2025-10-22 18:00:00,1761156040.0,0.016
2025-10-22 19:00:00,1761159626.0,0.016
2025-10-22 20:00:00,1761163227.0,0.016
2025-10-22 21:00:00,1761166834.0,0.016
2025-10-22 22:00:00,1761170428.0,0.016
2025-10-22 23:00:00,1761174029.0,0.016
2025-10-23 00:00:00,1761177612.0,0.0155
2025-10-23 01:00:00,1761181211.0,0.0155
2025-10-23 02:00:00,1761184814.0,0.0155
2025-10-23 03:00:00,1761188416.0,0.0155
2025-10-23 04:00:00,1761192015.0,0.016
2025-10-23 05:00:00,1761195617.0,0.016
2025-10-23 06:00:00,1761199220.0,0.016
2025-10-23 07:00:00,1761202814.0,0.016
2025-10-23 08:00:00,1761206418.0,0.016
2025-10-23 09:00:00,1761210016.0,0.016
2025-10-23 10:00:00,1761213616.0,0.016
2025-10-23 11:00:00,1761217219.0,0.016
2025-10-23 12:00:00,1761220822.0,0.016
2025-10-23 13:00:00,1761224419.0,0.016
2025-10-23 14:00:00,1761228049.0,0.016
2025-10-23 15:00:00,1761231619.0,0.016
2025-10-23 16:00:00,1761235221.0,0.016
2025-10-23 17:00:00,1761238823.0,0.016
2025-10-23 18:00:00,1761242421.0,0.016
2025-10-23 19:00:00,1761246022.0,0.016
2025-10-23 20:00:00,1761249621.0,0.016
2025-10-23 21:00:00,1761253223.0,0.016
2025-10-23 22:00:00,1761256822.0,0.016
2025-10-23 23:00:00,1761260422.0,0.016
2025-10-24 00:00:00,1761264021.0,0.016
2025-10-24 01:00:00,1761267617.0,0.0155
2025-10-24 02:00:00,1761271220.0,0.0155
2025-10-24 03:00:00,1761274822.0,0.016
2025-10-24 04:00:00,1761278422.0,0.016
2025-10-24 05:00:00,1761282022.0,0.0155
2025-10-24 06:00:00,1761285623.0,0.0155
2025-10-24 07:00:00,1761289223.0,0.0155
2025-10-24 08:00:00,1761292823.0,0.016
2025-10-24 09:00:00,1761296424.0,0.0155
2025-10-24 10:00:00,1761300023.0,0.016
2025-10-24 11:00:00,1761303622.0,0.016
2025-10-24 12:00:00,1761307226.0,0.015
2025-10-24 13:00:00,1761310822.0,0.016
2025-10-24 14:00:00,1761314423.0,0.016
2025-10-24 15:00:00,1761318025.0,0.016
2025-10-24 16:00:00,1761321622.0,0.0155
2025-10-24 17:00:00,1761325225.0,0.016
2025-10-24 18:00:00,1761328824.0,0.016
2025-10-24 19:00:00,1761332424.0,0.016
2025-10-24 20:00:00,1761336023.0,0.016
2025-10-24 21:00:00,1761339626.0,0.016
2025-10-24 22:00:00,1761343223.0,0.016
2025-10-24 23:00:00,1761346822.0,0.016
2025-10-25 00:00:00,1761350418.0,0.016
2025-10-25 01:00:00,1761354015.0,0.016
2025-10-25 02:00:00,1761357618.0,0.016
2025-10-25 03:00:00,1761361223.0,0.016
2025-10-25 04:00:00,1761364823.0,0.016
2025-10-25 05:00:00,1761368422.0,0.016
2025-10-25 06:00:00,1761372024.0,0.016
2025-10-25 07:00:00,1761375625.0,0.0155
2025-10-25 08:00:00,1761379222.0,0.015
2025-10-25 09:00:00,1761382825.0,0.0145
2025-10-25 10:00:00,1761386425.0,0.0105
2025-10-25 11:00:00,1761390022.0,0.013
2025-10-25 12:00:00,1761393628.0,0.013
2025-10-25 13:00:00,1761397222.0,0.013
2025-10-25 14:00:00,1761400824.0,0.0155
2025-10-25 15:00:00,1761404425.0,0.015
2025-10-25 16:00:00,1761408023.0,0.016
2025-10-25 17:00:00,1761411628.0,0.012
2025-10-25 18:00:00,1761415226.0,0.006
2025-10-25 19:00:00,1761418824.0,0.0045
2025-10-25 20:00:00,1761422424.0,0.006
2025-10-25 21:00:00,1761426026.0,0.0045
2025-10-25 22:00:00,1761429623.0,0.0025
2025-10-25 23:00:00,1761433223.0,0.002
2025-10-26 00:00:00,1761436822.0,0.002
2025-10-26 01:00:00,1761440418.0,0.002
2025-10-26 02:00:00,1761444020.0,0.002
2025-10-26 03:00:00,1761447624.0,0.002
2025-10-26 04:00:00,1761451223.0,0.002
2025-10-26 05:00:00,1761454823.0,0.002
2025-10-26 06:00:00,1761458425.0,0.002
2025-10-26 07:00:00,1761462024.0,0.002
2025-10-26 08:00:00,1761465623.0,0.002
2025-10-26 09:00:00,1761469225.0,0.002
2025-10-26 10:00:00,1761472823.0,0.002
2025-10-26 11:00:00,1761476422.0,0.002
2025-10-26 12:00:00,1761480030.0,0.002
2025-10-26 13:00:00,1761483622.0,0.002
2025-10-26 14:00:00,1761487223.0,0.002
2025-10-26 15:00:00,1761490822.0,0.002
2025-10-26 16:00:00,1761494421.0,0.002
2025-10-26 17:00:00,1761498022.0,0.002
2025-10-26 18:00:00,1761501624.0,0.002
2025-10-26 19:00:00,1761505219.0,0.002
2025-10-26 20:00:00,1761508822.0,0.002
2025-10-26 21:00:00,1761512423.0,0.002
2025-10-26 22:00:00,1761516021.0,0.002
2025-10-26 23:00:00,1761519620.0,0.002
2025-10-27 00:00:00,1761523219.0,0.002
2025-10-27 01:00:00,1761526814.0,0.002
2025-10-27 02:00:00,1761530418.0,0.002
2025-10-27 03:00:00,1761534021.0,0.002
2025-10-27 04:00:00,1761537618.0,0.002
2025-10-27 05:00:00,1761541219.0,0.002
2025-10-27 06:00:00,1761544820.0,0.002
2025-10-27 07:00:00,1761548416.0,0.002
2025-10-27 08:00:00,1761552019.0,0.0075
2025-10-27 09:00:00,1761555621.0,0.013
2025-10-27 10:00:00,1761559219.0,0.009
2025-10-27 11:00:00,1761562818.0,0.009
2025-10-27 12:00:00,1761566424.0,0.0105
2025-10-27 13:00:00,1761570021.0,0.016
2025-10-27 14:00:00,1761573617.0,0.013
2025-10-27 15:00:00,1761577224.0,0.006
2025-10-27 16:00:00,1761580821.0,0.016
2025-10-27 17:00:00,1761584423.0,0.0165
2025-10-27 18:00:00,1761588023.0,0.015
2025-10-27 19:00:00,1761591620.0,0.015
2025-10-27 20:00:00,1761595222.0,0.015
2025-10-27 21:00:00,1761598825.0,0.015
2025-10-27 22:00:00,1761602421.0,0.015
2025-10-27 23:00:00,1761606021.0,0.015
2025-10-28 00:00:00,1761609624.0,0.015
2025-10-28 01:00:00,1761613220.0,0.015
2025-10-28 02:00:00,1761616820.0,0.015
2025-10-28 03:00:00,1761620433.0,0.015
2025-10-28 04:00:00,1761624028.0,0.015
2025-10-28 05:00:00,1761627621.0,0.015
2025-10-28 06:00:00,1761631225.0,0.015
2025-10-28 07:00:00,1761634819.0,0.015
2025-10-28 08:00:00,1761638422.0,0.015
2025-10-28 09:00:00,1761642022.0,0.015
2025-10-28 10:00:00,1761645628.0,0.0105
2025-10-28 11:00:00,1761649228.0,0.0095
2025-10-28 12:00:00,1761652824.0,0.0145
2025-10-28 13:00:00,1761656430.0,0.015
2025-10-28 14:00:00,1761660028.0,0.0135
2025-10-28 15:00:00,1761663631.0,0.0125
2025-10-28 16:00:00,1761667231.0,0.0065
2025-10-28 17:00:00,1761670835.0,0.015
2025-10-28 18:00:00,1761674433.0,0.009
2025-10-28 19:00:00,1761678031.0,0.01
2025-10-28 20:00:00,1761681632.0,0.01
2025-10-28 21:00:00,1761685233.0,0.015
2025-10-28 22:00:00,1761688830.0,0.0145
2025-10-28 23:00:00,1761692433.0,0.014
2025-10-29 00:00:00,1761696023.0,0.013
2025-10-29 01:00:00,1761699616.0,0.014
2025-10-29 02:00:00,1761703217.0,0.0145
2025-10-29 03:00:00,1761706829.0,0.014
2025-10-29 04:00:00,1761710426.0,0.014
2025-10-29 05:00:00,1761714029.0,0.0145
2025-10-29 06:00:00,1761717623.0,0.0135
2025-10-29 07:00:00,1761721219.0,0.014
2025-10-29 08:00:00,1761724829.0,0.014
2025-10-29 09:00:00,1761728430.0,0.0145
2025-10-29 12:00:00,1761740437.0,0.012
2025-10-29 13:00:00,1761743360.0,0.013
2025-10-29 14:00:00,1761746421.0,0.0095
2025-10-29 15:00:00,1761750022.0,0.0065
2025-10-29 16:00:00,1761753621.0,0.0055
2025-10-29 17:00:00,1761757224.0,0.0055
2025-10-29 18:00:00,1761760824.0,0.0055
2025-10-29 19:00:00,1761764423.0,0.0065
2025-10-29 20:00:00,1761768025.0,0.0065
2025-10-29 21:00:00,1761771624.0,0.006
2025-10-29 22:00:00,1761775224.0,0.006
2025-10-29 23:00:00,1761778824.0,0.0045
2025-10-30 00:00:00,1761782423.0,0.0045
2025-10-30 01:00:00,1761786019.0,0.0045
2025-10-30 02:00:00,1761789621.0,0.0045
2025-10-30 03:00:00,1761793225.0,0.0045
2025-10-30 04:00:00,1761796826.0,0.0045
2025-10-30 05:00:00,1761800425.0,0.0045
2025-10-30 06:00:00,1761804026.0,0.0045
2025-10-30 07:00:00,1761807625.0,0.0045
2025-10-30 08:00:00,1761811224.0,0.0045
2025-10-30 09:00:00,1761814827.0,0.0045
2025-10-30 10:00:00,1761818422.0,0.0045
2025-10-30 11:00:00,1761822026.0,0.0045
2025-10-30 12:00:00,1761825628.0,0.0045
2025-10-30 13:00:00,1761829224.0,0.0045
2025-10-30 14:00:00,1761832825.0,0.003
2025-10-30 15:00:00,1761836425.0,0.0025
2025-10-30 16:00:00,1761840025.0,0.0025
2025-10-30 17:00:00,1761843627.0,0.0035
2025-10-30 18:00:00,1761847226.0,0.0035
2025-10-30 19:00:00,1761850825.0,0.0035
2025-10-30 20:00:00,1761854424.0,0.003
2025-10-30 21:00:00,1761858028.0,0.003
2025-10-30 22:00:00,1761861625.0,0.003
2025-10-30 23:00:00,1761865227.0,0.003
2025-10-31 00:00:00,1761868815.0,0.003
2025-10-31 01:00:00,1761872414.0,0.003
2025-10-31 02:00:00,1761876018.0,0.003
2025-10-31 03:00:00,1761879621.0,0.003
2025-10-31 04:00:00,1761883222.0,0.003
2025-10-31 05:00:00,1761886822.0,0.003
2025-10-31 06:00:00,1761890423.0,0.003
2025-10-31 07:00:00,1761894024.0,0.003
2025-10-31 08:00:00,1761897627.0,0.003
2025-10-31 09:00:00,1761901224.0,0.003
2025-10-31 10:00:00,1761904823.0,0.003
2025-10-31 11:00:00,1761908422.0,0.002
2025-10-31 12:00:00,1761912027.0,0.002
2025-10-31 13:00:00,1761915622.0,0.002
2025-10-31 14:00:00,1761919223.0,0.002
2025-10-31 15:00:00,1761922823.0,0.002
2025-10-31 16:00:00,1761926425.0,0.002
2025-10-31 17:00:00,1761930026.0,0.002
2025-10-31 18:00:00,1761933625.0,0.002
2025-10-31 19:00:00,1761937224.0,0.002
2025-10-31 20:00:00,1761940823.0,0.002
2025-10-31 21:00:00,1761944427.0,0.002
2025-10-31 22:00:00,1761948024.0,0.002
2025-10-31 23:00:00,1761951625.0,0.002
2025-11-01 00:00:00,1761955223.0,0.002
2025-11-01 01:00:00,1761958820.0,0.002
2025-11-01 02:00:00,1761962422.0,0.0015
2025-11-01 03:00:00,1761966026.0,0.0015
2025-11-01 04:00:00,1761969624.0,0.0015
2025-11-01 05:00:00,1761973225.0,0.0015
2025-11-01 06:00:00,1761976826.0,0.0015
2025-11-01 07:00:00,1761980426.0,0.0015
2025-11-01 08:00:00,1761984025.0,0.0015
2025-11-01 09:00:00,1761987627.0,0.0015
2025-11-01 10:00:00,1761991226.0,0.0015
2025-11-01 11:00:00,1761994825.0,0.0015
2025-11-01 12:00:00,1761998431.0,0.0015
2025-11-01 13:00:00,1762002023.0,0.0015
2025-11-01 14:00:00,1762005624.0,0.0015
2025-11-01 15:00:00,1762009227.0,0.0015
2025-11-01 16:00:00,1762012825.0,0.0015
2025-11-01 17:00:00,1762016428.0,0.0015
2025-11-01 18:00:00,1762020026.0,0.0015
2025-11-01 19:00:00,1762023626.0,0.0015
2025-11-01 20:00:00,1762027225.0,0.0015
2025-11-01 21:00:00,1762030828.0,0.0015
2025-11-01 22:00:00,1762034425.0,0.0015
2025-11-01 23:00:00,1762038024.0,0.0015
2025-11-02 00:00:00,1762041617.0,0.0015
2025-11-02 01:00:00,1762045216.0,0.0015
2025-11-02 02:00:00,1762048819.0,0.0015
2025-11-02 03:00:00,1762052423.0,0.0015
2025-11-02 04:00:00,1762056023.0,0.0015
2025-11-02 05:00:00,1762059623.0,0.0015
2025-11-02 06:00:00,1762063224.0,0.0015
2025-11-02 07:00:00,1762066823.0,0.0015
2025-11-02 08:00:00,1762070422.0,0.0015
2025-11-02 09:00:00,1762074024.0,0.0015
2025-11-02 10:00:00,1762077623.0,0.0015
2025-11-02 11:00:00,1762081225.0,0.0015
2025-11-02 12:00:00,1762084827.0,0.0015
2025-11-02 13:00:00,1762088423.0,0.0015
2025-11-02 14:00:00,1762092023.0,0.0015
2025-11-02 15:00:00,1762095624.0,0.0015
2025-11-02 16:00:00,1762099223.0,0.0015
2025-11-02 17:00:00,1762102825.0,0.0015
2025-11-02 18:00:00,1762106427.0,0.0015
2025-11-02 19:00:00,1762110025.0,0.0015
2025-11-02 20:00:00,1762113624.0,0.0015
2025-11-02 21:00:00,1762117227.0,0.0015
2025-11-02 22:00:00,1762120824.0,0.0015
2025-11-02 23:00:00,1762124424.0,0.0015
2025-11-03 00:00:00,1762128021.0,0.0015
2025-11-03 01:00:00,1762131620.0,0.0015
2025-11-03 02:00:00,1762135221.0,0.0015
2025-11-03 03:00:00,1762138824.0,0.0015
2025-11-03 04:00:00,1762142424.0,0.0015
2025-11-03 05:00:00,1762146023.0,0.0015
2025-11-03 06:00:00,1762149626.0,0.0015
2025-11-03 07:00:00,1762153225.0,0.0015
2025-11-03 08:00:00,1762156823.0,0.0015
2025-11-03 09:00:00,1762160425.0,0.0015
2025-11-03 10:00:00,1762164024.0,0.0015
2025-11-03 11:00:00,1762167624.0,0.0015
2025-11-03 12:00:00,1762171227.0,0.0015
2025-11-03 13:00:00,1762174823.0,0.0015
2025-11-03 14:00:00,1762178423.0,0.0015
2025-11-03 15:00:00,1762182024.0,0.0015
2025-11-03 16:00:00,1762185623.0,0.0015
2025-11-03 17:00:00,1762189225.0,0.0015
2025-11-03 18:00:00,1762192825.0,0.0015
2025-11-03 19:00:00,1762196424.0,0.0015
2025-11-03 20:00:00,1762200025.0,0.0015
2025-11-03 21:00:00,1762203628.0,0.0015
2025-11-03 22:00:00,1762207225.0,0.0015
2025-11-03 23:00:00,1762210825.0,0.0015
2025-11-04 00:00:00,1762214421.0,0.0015
2025-11-04 01:00:00,1762218017.0,0.002
2025-11-04 02:00:00,1762221620.0,0.002
2025-11-04 03:00:00,1762225225.0,0.005
2025-11-04 04:00:00,1762228826.0,0.005
2025-11-04 05:00:00,1762232424.0,0.005
2025-11-04 06:00:00,1762236027.0,0.005
2025-11-04 07:00:00,1762239626.0,0.005
2025-11-04 08:00:00,1762243225.0,0.005
2025-11-04 09:00:00,1762246827.0,0.005
2025-11-04 10:00:00,1762250425.0,0.005
2025-11-04 11:00:00,1762254025.0,0.005
2025-11-04 12:00:00,1762257630.0,0.005
2025-11-04 13:00:00,1762261225.0,0.005
2025-11-04 14:00:00,1762264827.0,0.005
2025-11-04 15:00:00,1762268426.0,0.005
2025-11-04 16:00:00,1762272027.0,0.005
2025-11-04 17:00:00,1762275629.0,0.005
2025-11-04 18:00:00,1762279228.0,0.005
2025-11-04 19:00:00,1762282827.0,0.005
2025-11-04 20:00:00,1762286426.0,0.005
2025-11-04 21:00:00,1762290031.0,0.005
2025-11-04 22:00:00,1762293627.0,0.005
2025-11-04 23:00:00,1762297226.0,0.005
2025-11-05 00:00:00,1762300824.0,0.005
2025-11-05 01:00:00,1762304422.0,0.005
2025-11-05 02:00:00,1762308024.0,0.005
2025-11-05 03:00:00,1762311626.0,0.005
2025-11-05 04:00:00,1762315225.0,0.005
2025-11-05 05:00:00,1762318826.0,0.005
2025-11-05 06:00:00,1762322429.0,0.005
2025-11-05 07:00:00,1762326027.0,0.005
2025-11-05 08:00:00,1762329626.0,0.005
2025-11-05 09:00:00,1762333229.0,0.005
2025-11-05 10:00:00,1762336826.0,0.005
2025-11-05 11:00:00,1762340427.0,0.005
2025-11-05 12:00:00,1762344031.0,0.005
2025-11-05 13:00:00,1762347625.0,0.005
2025-11-05 14:00:00,1762351227.0,0.005
2025-11-05 15:00:00,1762354827.0,0.005
2025-11-05 16:00:00,1762358426.0,0.005
2025-11-05 17:00:00,1762362027.0,0.0045
2025-11-05 18:00:00,1762365627.0,0.0045
2025-11-05 19:00:00,1762369227.0,0.0045
2025-11-05 20:00:00,1762372825.0,0.0045
2025-11-05 21:00:00,1762376429.0,0.0045
2025-11-05 22:00:00,1762380026.0,0.0045
2025-11-05 23:00:00,1762383626.0,0.0045
2025-11-06 00:00:00,1762387214.0,0.0045
2025-11-06 01:00:00,1762390815.0,0.0045
2025-11-06 02:00:00,1762394419.0,0.0045
2025-11-06 03:00:00,1762398025.0,0.0045
2025-11-06 04:00:00,1762401624.0,0.0045
2025-11-06 05:00:00,1762405224.0,0.0045
2025-11-06 06:00:00,1762408826.0,0.0045
2025-11-06 07:00:00,1762412425.0,0.0045
2025-11-06 08:00:00,1762416022.0,0.0045
2025-11-06 09:00:00,1762419627.0,0.0045
2025-11-06 10:00:00,1762423220.0,0.0045
2025-11-06 11:00:00,1762426824.0,0.004
2025-11-06 12:00:00,1762430433.0,0.004
2025-11-06 13:00:00,1762434023.0,0.004
2025-11-06 14:00:00,1762437625.0,0.004
2025-11-06 15:00:00,1762441225.0,0.004
2025-11-06 16:00:00,1762444825.0,0.004
2025-11-06 17:00:00,1762448428.0,0.004
2025-11-06 18:00:00,1762452026.0,0.004
2025-11-06 19:00:00,1762455627.0,0.004
2025-11-06 20:00:00,1762459228.0,0.004
2025-11-06 21:00:00,1762462831.0,0.004
2025-11-06 22:00:00,1762466426.0,0.004
2025-11-06 23:00:00,1762470026.0,0.004
2025-11-07 00:00:00,1762473623.0,0.004
2025-11-07 01:00:00,1762477219.0,0.004
2025-11-07 02:00:00,1762480826.0,0.004
2025-11-07 03:00:00,1762484428.0,0.004
2025-11-07 04:00:00,1762488026.0,0.004
2025-11-07 05:00:00,1762491627.0,0.004
2025-11-07 06:00:00,1762495230.0,0.004
2025-11-07 07:00:00,1762498826.0,0.004
2025-11-07 08:00:00,1762502425.0,0.004
2025-11-07 09:00:00,1762506027.0,0.004
2025-11-07 10:00:00,1762509627.0,0.004
2025-11-07 11:00:00,1762513225.0,0.004
2025-11-07 12:00:00,1762516832.0,0.004
2025-11-07 13:00:00,1762520426.0,0.0025
2025-11-07 14:00:00,1762524029.0,0.0025
2025-11-07 15:00:00,1762527637.0,0.0025
2025-11-07 16:00:00,1762531227.0,0.0025
2025-11-07 17:00:00,1762534846.0,0.003
2025-11-07 18:00:00,1762538430.0,0.003
2025-11-07 19:00:00,1762542029.0,0.003
2025-11-07 20:00:00,1762545639.0,0.003
2025-11-07 21:00:00,1762549229.0,0.003
2025-11-07 22:00:00,1762552827.0,0.003
2025-11-07 23:00:00,1762556442.0,0.003
2025-11-08 00:00:00,1762560015.0,0.003
2025-11-08 01:00:00,1762563616.0,0.003
2025-11-08 02:00:00,1762567209.0,0.003
2025-11-08 03:00:00,1762570823.0,0.003
2025-11-08 04:00:00,1762574423.0,0.003
2025-11-08 05:00:00,1762578010.0,0.003
2025-11-08 06:00:00,1762581625.0,0.003
2025-11-08 07:00:00,1762585225.0,0.003
2025-11-08 08:00:00,1762588820.0,0.003
2025-11-08 09:00:00,1762592424.0,0.003
2025-11-08 10:00:00,1762596023.0,0.003
2025-11-08 11:00:00,1762599635.0,0.003
2025-11-08 12:00:00,1762603242.0,0.003
2025-11-08 13:00:00,1762606824.0,0.003
2025-11-08 14:00:00,1762610423.0,0.003
2025-11-08 15:00:00,1762614025.0,0.003
2025-11-08 16:00:00,1762617624.0,0.003
2025-11-08 17:00:00,1762621228.0,0.003
2025-11-08 18:00:00,1762624826.0,0.003
2025-11-08 19:00:00,1762628426.0,0.003
2025-11-08 20:00:00,1762632023.0,0.003
2025-11-08 21:00:00,1762635627.0,0.003
2025-11-08 22:00:00,1762639225.0,0.003
2025-11-08 23:00:00,1762642825.0,0.003
2025-11-09 00:00:00,1762646435.0,0.003
2025-11-09 01:00:00,1762650019.0,0.003
2025-11-09 02:00:00,1762653622.0,0.003
2025-11-09 03:00:00,1762657225.0,0.003
2025-11-09 04:00:00,1762660835.0,0.003
2025-11-09 05:00:00,1762664424.0,0.003
2025-11-09 06:00:00,1762668025.0,0.003
2025-11-09 07:00:00,1762671625.0,0.003
2025-11-09 08:00:00,1762675224.0,0.003
2025-11-09 09:00:00,1762678826.0,0.003
2025-11-09 10:00:00,1762682424.0,0.003
2025-11-09 11:00:00,1762686024.0,0.003
2025-11-09 12:00:00,1762689628.0,0.003
2025-11-09 13:00:00,1762693223.0,0.0035
2025-11-09 14:00:00,1762696823.0,0.0035
2025-11-09 15:00:00,1762700425.0,0.0035
2025-11-09 16:00:00,1762704023.0,0.0035
2025-11-09 17:00:00,1762707626.0,0.0035
2025-11-09 18:00:00,1762711226.0,0.0035
2025-11-09 19:00:00,1762714824.0,0.0035
2025-11-09 20:00:00,1762718423.0,0.0035
2025-11-09 21:00:00,1762722026.0,0.0035
2025-11-09 22:00:00,1762725624.0,0.0035
2025-11-09 23:00:00,1762729224.0,0.0035
2025-11-10 00:00:00,1762732815.0,0.0035
2025-11-10 01:00:00,1762736428.0,0.0035
2025-11-10 02:00:00,1762740018.0,0.0035
2025-11-10 03:00:00,1762743622.0,0.0035
2025-11-10 04:00:00,1762747223.0,0.0035
2025-11-10 05:00:00,1762750823.0,0.0035
2025-11-10 06:00:00,1762754425.0,0.0035
2025-11-10 07:00:00,1762758023.0,0.0035
2025-11-10 08:00:00,1762761621.0,0.0035
2025-11-10 09:00:00,1762765236.0,0.0035
2025-11-10 10:00:00,1762768825.0,0.0035
2025-11-10 11:00:00,1762772423.0,0.0035
2025-11-10 12:00:00,1762776027.0,0.0035
2025-11-10 13:00:00,1762779624.0,0.0035
2025-11-10 14:00:00,1762783224.0,0.0035
2025-11-10 15:00:00,1762786826.0,0.0035
2025-11-10 16:00:00,1762790426.0,0.0035
2025-11-10 17:00:00,1762794025.0,0.0035
2025-11-10 18:00:00,1762797627.0,0.0035
2025-11-10 19:00:00,1762801225.0,0.0035
2025-11-10 20:00:00,1762804824.0,0.0035
2025-11-10 21:00:00,1762808428.0,0.0035
2025-11-10 22:00:00,1762812025.0,0.0035
2025-11-10 23:00:00,1762815626.0,0.0035
2025-11-11 00:00:00,1762819225.0,0.0035
2025-11-11 01:00:00,1762822823.0,0.0035
2025-11-11 02:00:00,1762826425.0,0.0035
2025-11-11 03:00:00,1762830029.0,0.0035
2025-11-11 04:00:00,1762833629.0,0.0035
2025-11-11 05:00:00,1762837226.0,0.0035
2025-11-11 06:00:00,1762840835.0,0.0035
2025-11-11 07:00:00,1762844427.0,0.0035
2025-11-11 08:00:00,1762848038.0,0.0035
2025-11-11 09:00:00,1762851628.0,0.0035
2025-11-11 10:00:00,1762855227.0,0.0035
2025-11-11 11:00:00,1762858842.0,0.0035
2025-11-11 12:00:00,1762862445.0,0.0035
2025-11-11 13:00:00,1762866025.0,0.0035
2025-11-11 14:00:00,1762869628.0,0.0035
2025-11-11 15:00:00,1762873241.0,0.0035
2025-11-11 16:00:00,1762876826.0,0.0035
2025-11-11 17:00:00,1762880428.0,0.0035
2025-11-11 18:00:00,1762884028.0,0.0035
2025-11-11 19:00:00,1762887627.0,0.0035
2025-11-11 20:00:00,1762891227.0,0.0035
2025-11-11 21:00:00,1762894830.0,0.0025
2025-11-11 22:00:00,1762898426.0,0.0025
2025-11-11 23:00:00,1762902027.0,0.002
2025-11-12 00:00:00,1762905620.0,0.002
2025-11-12 01:00:00,1762909217.0,0.002
2025-11-12 02:00:00,1762912821.0,0.002
2025-11-12 03:00:00,1762916427.0,0.002
2025-11-12 04:00:00,1762920027.0,0.002
2025-11-12 05:00:00,1762923624.0,0.002
2025-11-12 06:00:00,1762927228.0,0.002
2025-11-12 07:00:00,1762930828.0,0.002
2025-11-12 08:00:00,1762934424.0,0.002
2025-11-12 09:00:00,1762938029.0,0.002
2025-11-12 10:00:00,1762941624.0,0.0025
2025-11-12 11:00:00,1762945226.0,0.0025
2025-11-12 12:00:00,1762948831.0,0.0025
2025-11-12 13:00:00,1762952425.0,0.0025
2025-11-12 14:00:00,1762956027.0,0.0025
2025-11-12 15:00:00,1762959628.0,0.0025
2025-11-12 16:00:00,1762963227.0,0.0025
2025-11-12 17:00:00,1762966844.0,0.0025
2025-11-12 18:00:00,1762970430.0,0.0025
2025-11-12 19:00:00,1762974029.0,0.0025
2025-11-12 20:00:00,1762977627.0,0.0025
2025-11-12 21:00:00,1762981231.0,0.0025
2025-11-12 22:00:00,1762984827.0,0.0025
2025-11-12 23:00:00,1762988428.0,0.0025
2025-11-13 00:00:00,1762992023.0,0.0025
2025-11-13 01:00:00,1762995620.0,0.0025
2025-11-13 02:00:00,1762999213.0,0.0025
2025-11-13 03:00:00,1763002828.0,0.0025
2025-11-13 04:00:00,1763006428.0,0.0025
2025-11-13 05:00:00,1763010027.0,0.0025
2025-11-13 06:00:00,1763013630.0,0.0025
2025-11-13 07:00:00,1763017230.0,0.0025
2025-11-13 08:00:00,1763020827.0,0.0025
2025-11-13 09:00:00,1763024431.0,0.0025
2025-11-13 10:00:00,1763028026.0,0.0025
2025-11-13 11:00:00,1763031628.0,0.0025
2025-11-13 12:00:00,1763035234.0,0.0025
2025-11-13 13:00:00,1763038827.0,0.0025
2025-11-13 14:00:00,1763042429.0,0.0025
2025-11-13 15:00:00,1763046030.0,0.0025
2025-11-13 16:00:00,1763049630.0,0.0025
2025-11-13 17:00:00,1763053235.0,0.0025
2025-11-13 18:00:00,1763056830.0,0.0025
2025-11-13 19:00:00,1763060445.0,0.003
2025-11-13 20:00:00,1763064029.0,0.003
2025-11-13 21:00:00,1763067632.0,0.003
2025-11-13 22:00:00,1763071229.0,0.003
2025-11-13 23:00:00,1763074830.0,0.003
2025-11-14 00:00:00,1763078421.0,0.003
2025-11-14 01:00:00,1763082019.0,0.003
2025-11-14 02:00:00,1763085623.0,0.003
2025-11-14 03:00:00,1763089227.0,0.003
2025-11-14 04:00:00,1763092828.0,0.003
2025-11-14 05:00:00,1763096426.0,0.003
2025-11-14 06:00:00,1763100030.0,0.003
2025-11-14 07:00:00,1763103630.0,0.003
2025-11-14 08:00:00,1763107226.0,0.003
2025-11-14 09:00:00,1763110829.0,0.003
2025-11-14 10:00:00,1763114428.0,0.003
2025-11-14 11:00:00,1763118028.0,0.0025
2025-11-14 12:00:00,1763121635.0,0.0025
2025-11-14 13:00:00,1763125240.0,0.0025
2025-11-14 14:00:00,1763128830.0,0.0025
2025-11-14 15:00:00,1763132428.0,0.0025
2025-11-14 16:00:00,1763136028.0,0.0025
2025-11-14 17:00:00,1763139632.0,0.0025
2025-11-14 18:00:00,1763143231.0,0.0025
2025-11-14 19:00:00,1763146831.0,0.0025
2025-11-14 20:00:00,1763150429.0,0.0025
2025-11-14 21:00:00,1763154044.0,0.0025
2025-11-14 22:00:00,1763157631.0,0.0025
2025-11-14 23:00:00,1763161229.0,0.0025
2025-11-15 00:00:00,1763164827.0,0.0025
2025-11-15 01:00:00,1763168423.0,0.0025
2025-11-15 02:00:00,1763172027.0,0.0025
2025-11-15 03:00:00,1763175630.0,0.0025
2025-11-15 04:00:00,1763179229.0,0.0025
2025-11-15 05:00:00,1763182828.0,0.0025
2025-11-15 06:00:00,1763186431.0,0.0025
2025-11-15 07:00:00,1763190031.0,0.0025
2025-11-15 08:00:00,1763193628.0,0.0025
2025-11-15 09:00:00,1763197232.0,0.0025
2025-11-15 10:00:00,1763200830.0,0.0025
2025-11-15 11:00:00,1763204429.0,0.0025
2025-11-15 12:00:00,1763208035.0,0.0025
2025-11-15 13:00:00,1763211628.0,0.0025
2025-11-15 14:00:00,1763215230.0,0.0025
2025-11-15 15:00:00,1763218831.0,0.0025
2025-11-15 16:00:00,1763222429.0,0.0025
2025-11-15 17:00:00,1763226033.0,0.0025
2025-11-15 18:00:00,1763229632.0,0.0025
2025-11-15 19:00:00,1763233232.0,0.0025
2025-11-15 20:00:00,1763236830.0,0.0025
2025-11-15 21:00:00,1763240433.0,0.0025
2025-11-15 22:00:00,1763244030.0,0.0025
2025-11-15 23:00:00,1763247629.0,0.0025
2025-11-16 00:00:00,1763251217.0,0.0025
2025-11-16 01:00:00,1763254827.0,0.0025
2025-11-16 02:00:00,1763258420.0,0.0025
2025-11-16 03:00:00,1763262025.0,0.0025
2025-11-16 04:00:00,1763265624.0,0.0025
2025-11-16 05:00:00,1763269223.0,0.0025
2025-11-16 06:00:00,1763272825.0,0.0025
2025-11-16 07:00:00,1763276425.0,0.0025
2025-11-16 08:00:00,1763280023.0,0.0025
2025-11-16 09:00:00,1763283627.0,0.0025
2025-11-16 10:00:00,1763287225.0,0.0025
2025-11-16 11:00:00,1763290825.0,0.0025
2025-11-16 12:00:00,1763294430.0,0.0025
2025-11-16 13:00:00,1763298024.0,0.0025
2025-11-16 14:00:00,1763301625.0,0.0025
2025-11-16 15:00:00,1763305226.0,0.0025
2025-11-16 16:00:00,1763308825.0,0.0025
2025-11-16 17:00:00,1763312429.0,0.0025
2025-11-16 18:00:00,1763316032.0,0.0025
2025-11-16 19:00:00,1763319626.0,0.0025
2025-11-16 20:00:00,1763323226.0,0.0025
2025-11-16 21:00:00,1763326830.0,0.0025
2025-11-16 22:00:00,1763330427.0,0.0025
2025-11-16 23:00:00,1763334025.0,0.0025
2025-11-17 00:00:00,1763337624.0,0.0025
2025-11-17 01:00:00,1763341221.0,0.0025
2025-11-17 02:00:00,1763344823.0,0.0025
2025-11-17 03:00:00,1763348427.0,0.0025
2025-11-17 04:00:00,1763352025.0,0.0025
2025-11-17 05:00:00,1763355625.0,0.0025
2025-11-17 06:00:00,1763359227.0,0.0025
2025-11-17 07:00:00,1763362828.0,0.0025
2025-11-17 08:00:00,1763366439.0,0.0025
2025-11-17 09:00:00,1763370046.0,0.0025
2025-11-17 10:00:00,1763373629.0,0.0025
2025-11-17 11:00:00,1763377226.0,0.0025
2025-11-17 12:00:00,1763380829.0,0.0025
2025-11-17 13:00:00,1763384425.0,0.0025
2025-11-17 14:00:00,1763388024.0,0.0025
2025-11-17 15:00:00,1763391643.0,0.0025
2025-11-17 16:00:00,1763395224.0,0.0025
2025-11-17 17:00:00,1763398828.0,0.0025
2025-11-17 18:00:00,1763402428.0,0.0015
2025-11-17 19:00:00,1763406028.0,0.0015
2025-11-17 20:00:00,1763409627.0,0.0015
2025-11-17 21:00:00,1763413229.0,0.0015
2025-11-17 22:00:00,1763416829.0,0.0015
2025-11-17 23:00:00,1763420429.0,0.0015
2025-11-18 00:00:00,1763424017.0,0.0015
2025-11-18 01:00:00,1763427617.0,0.0015
2025-11-18 02:00:00,1763431220.0,0.0015
2025-11-18 03:00:00,1763434825.0,0.0015
2025-11-18 04:00:00,1763438425.0,0.0015
2025-11-18 05:00:00,1763442024.0,0.0015
2025-11-18 06:00:00,1763445627.0,0.0015
2025-11-18 07:00:00,1763449226.0,0.0015
2025-11-18 08:00:00,1763452824.0,0.0015
2025-11-18 09:00:00,1763456428.0,0.0015
2025-11-18 10:00:00,1763460025.0,0.0015
2025-11-18 11:00:00,1763463624.0,0.0015
2025-11-18 12:00:00,1763467231.0,0.0015
2025-11-18 13:00:00,1763470827.0,0.0015
2025-11-18 14:00:00,1763474426.0,0.0015
2025-11-18 15:00:00,1763478028.0,0.0015
2025-11-18 16:00:00,1763481628.0,0.0015
2025-11-18 17:00:00,1763485228.0,0.0015
2025-11-18 18:00:00,1763488829.0,0.0015
2025-11-18 19:00:00,1763492430.0,0.0015
2025-11-18 20:00:00,1763496027.0,0.0015
2025-11-18 21:00:00,1763499633.0,0.0015
2025-11-18 22:00:00,1763503228.0,0.0015
2025-11-18 23:00:00,1763506844.0,0.0015
2025-11-19 00:00:00,1763510427.0,0.0015
2025-11-19 01:00:00,1763514025.0,0.0015
2025-11-19 02:00:00,1763517627.0,0.0015
2025-11-19 03:00:00,1763521230.0,0.0015
2025-11-19 04:00:00,1763524829.0,0.0015
2025-11-19 05:00:00,1763528429.0,0.0015
2025-11-19 06:00:00,1763532032.0,0.0015
2025-11-19 07:00:00,1763535630.0,0.0015
2025-11-19 08:00:00,1763539229.0,0.0015
2025-11-19 09:00:00,1763542833.0,0.0015
2025-11-19 10:00:00,1763546428.0,0.0015
2025-11-19 11:00:00,1763550028.0,0.0015
2025-11-19 12:00:00,1763553636.0,0.0015
2025-11-19 13:00:00,1763557227.0,0.0015
2025-11-19 14:00:00,1763560841.0,0.0015
2025-11-19 15:00:00,1763564431.0,0.016
2025-11-19 16:00:00,1763568041.0,0.0155
2025-11-19 17:00:00,1763571632.0,0.0075
2025-11-19 18:00:00,1763575239.0,0.012
2025-11-19 19:00:00,1763578832.0,0.0135
2025-11-19 20:00:00,1763582428.0,0.0095
2025-11-19 21:00:00,1763586033.0,0.013
2025-11-19 22:00:00,1763589629.0,0.0155
2025-11-19 23:00:00,1763593245.0,0.015
2025-11-20 00:00:00,1763596817.0,0.0135
2025-11-20 01:00:00,1763600417.0,0.0095
2025-11-20 02:00:00,1763604022.0,0.0105
2025-11-20 03:00:00,1763607628.0,0.0105
2025-11-20 04:00:00,1763611229.0,0.0105
2025-11-20 05:00:00,1763614827.0,0.0105
2025-11-20 06:00:00,1763618431.0,0.0105
2025-11-20 07:00:00,1763622037.0,0.0105
2025-11-20 08:00:00,1763625627.0,0.0045
2025-11-20 09:00:00,1763629233.0,0.0085
2025-11-20 10:00:00,1763632827.0,0.0135
2025-11-20 11:00:00,1763636429.0,0.0135
2025-11-20 12:00:00,1763640019.0,0.0145
2025-11-20 13:00:00,1763643614.0,0.008
2025-11-20 14:00:00,1763647214.0,0.0045
2025-11-20 15:00:00,1763650816.0,0.005
2025-11-20 16:00:00,1763654414.0,0.0045
2025-11-20 17:00:00,1763658020.0,0.0045
2025-11-20 18:00:00,1763661619.0,0.0045
2025-11-20 19:00:00,1763665214.0,0.0045
2025-11-20 20:00:00,1763668816.0,0.0045
2025-11-20 21:00:00,1763672421.0,0.009
2025-11-20 22:00:00,1763676029.0,0.008
2025-11-20 23:00:00,1763679615.0,0.0065
2025-11-21 00:00:00,1763683229.0,0.0055
2025-11-21 01:00:00,1763686814.0,0.0045
2025-11-21 02:00:00,1763690414.0,0.0045
2025-11-21 03:00:00,1763694017.0,0.0045
2025-11-21 04:00:00,1763697628.0,0.0045
2025-11-21 05:00:00,1763701220.0,0.0045
2025-11-21 06:00:00,1763704817.0,0.0045
2025-11-21 07:00:00,1763708414.0,0.0045
2025-11-21 08:00:00,1763712014.0,0.0045
2025-11-21 09:00:00,1763715616.0,0.0045
2025-11-21 10:00:00,1763719214.0,0.0045
2025-11-21 11:00:00,1763722817.0,0.0045
2025-11-21 12:00:00,1763726419.0,0.004
2025-11-21 13:00:00,1763730028.0,0.0035
2025-11-21 14:00:00,1763733617.0,0.0035
2025-11-21 15:00:00,1763737217.0,0.005
2025-11-21 16:00:00,1763740815.0,0.005
2025-11-21 17:00:00,1763744435.0,0.005
2025-11-21 18:00:00,1763748017.0,0.005
2025-11-21 19:00:00,1763751615.0,0.005
2025-11-21 20:00:00,1763755216.0,0.005
2025-11-21 21:00:00,1763758817.0,0.005
2025-11-21 22:00:00,1763762415.0,0.005
2025-11-21 23:00:00,1763766020.0,0.005
2025-11-22 00:00:00,1763769618.0,0.005
2025-11-22 01:00:00,1763773214.0,0.005
2025-11-22 02:00:00,1763776813.0,0.005
2025-11-22 03:00:00,1763780417.0,0.005
2025-11-22 04:00:00,1763784029.0,0.005
2025-11-22 05:00:00,1763787620.0,0.005
2025-11-22 06:00:00,1763791232.0,0.005
2025-11-22 07:00:00,1763794813.0,0.005
2025-11-22 08:00:00,1763798413.0,0.005
2025-11-22 09:00:00,1763802017.0,0.005
2025-11-22 10:00:00,1763805614.0,0.005
2025-11-22 11:00:00,1763809216.0,0.005
2025-11-22 12:00:00,1763812818.0,0.005
2025-11-22 13:00:00,1763816426.0,0.005
2025-11-22 14:00:00,1763820015.0,0.005
2025-11-22 15:00:00,1763823615.0,0.005
2025-11-22 16:00:00,1763827214.0,0.005
2025-11-22 17:00:00,1763830835.0,0.0045
2025-11-22 18:00:00,1763834415.0,0.0045
2025-11-22 19:00:00,1763838013.0,0.0045
2025-11-22 20:00:00,1763841614.0,0.0045
2025-11-22 21:00:00,1763845216.0,0.0045
2025-11-22 22:00:00,1763848813.0,0.0045
2025-11-22 23:00:00,1763852413.0,0.0045
2025-11-23 00:00:00,1763856020.0,0.0045
2025-11-23 01:00:00,1763859626.0,0.004
2025-11-23 02:00:00,1763863213.0,0.0045
2025-11-23 03:00:00,1763866818.0,0.0045
2025-11-23 04:00:00,1763870413.0,0.0045
2025-11-23 05:00:00,1763874012.0,0.0045
2025-11-23 06:00:00,1763877630.0,0.0045
2025-11-23 07:00:00,1763881213.0,0.0075
2025-11-23 08:00:00,1763884813.0,0.008
2025-11-23 09:00:00,1763888416.0,0.0075
2025-11-23 10:00:00,1763892013.0,0.0055
2025-11-23 11:00:00,1763895616.0,0.0045
2025-11-23 12:00:00,1763899218.0,0.0045
2025-11-23 13:00:00,1763902813.0,0.004
2025-11-23 14:00:00,1763906415.0,0.0045
2025-11-23 15:00:00,1763910015.0,0.007
2025-11-23 16:00:00,1763913613.0,0.007
2025-11-23 17:00:00,1763917237.0,0.007
2025-11-23 18:00:00,1763920818.0,0.007
2025-11-23 19:00:00,1763924413.0,0.004
2025-11-23 20:00:00,1763928014.0,0.004
2025-11-23 21:00:00,1763931632.0,0.004
2025-11-23 22:00:00,1763935213.0,0.004
2025-11-23 23:00:00,1763938813.0,0.004
2025-11-24 00:00:00,1763942416.0,0.004
2025-11-24 01:00:00,1763946010.0,0.004
2025-11-24 02:00:00,1763949610.0,0.004
2025-11-24 03:00:00,1763953211.0,0.004
2025-11-24 04:00:00,1763956810.0,0.004
2025-11-24 05:00:00,1763960410.0,0.0035
2025-11-24 06:00:00,1763964025.0,0.0035
2025-11-24 07:00:00,1763967610.0,0.0035
2025-11-24 08:00:00,1763971210.0,0.0035
2025-11-24 09:00:00,1763974811.0,0.0035
2025-11-24 10:00:00,1763978410.0,0.0035
2025-11-24 11:00:00,1763982010.0,0.0035
2025-11-24 12:00:00,1763985612.0,0.003
2025-11-24 13:00:00,1763989210.0,0.003
2025-11-24 14:00:00,1763992813.0,0.003
2025-11-24 15:00:00,1763996411.0,0.0025
2025-11-24 16:00:00,1764000010.0,0.002
2025-11-24 17:00:00,1764003618.0,0.002
2025-11-24 18:00:00,1764007212.0,0.002
2025-11-24 19:00:00,1764010811.0,0.002
2025-11-24 20:00:00,1764014412.0,0.002
2025-11-24 21:00:00,1764018029.0,0.002
2025-11-24 22:00:00,1764021628.0,0.002
2025-11-24 23:00:00,1764025228.0,0.002
2025-11-25 00:00:00,1764028824.0,0.002
2025-11-25 01:00:00,1764032424.0,0.002
2025-11-25 02:00:00,1764036025.0,0.002
2025-11-25 03:00:00,1764039628.0,0.002
2025-11-25 04:00:00,1764043229.0,0.002
2025-11-25 05:00:00,1764046828.0,0.002
2025-11-25 06:00:00,1764050429.0,0.002
2025-11-25 07:00:00,1764054029.0,0.002
2025-11-25 08:00:00,1764057628.0,0.002
2025-11-25 09:00:00,1764061230.0,0.002
2025-11-25 10:00:00,1764064829.0,0.002
2025-11-25 11:00:00,1764068429.0,0.002
2025-11-25 12:00:00,1764072033.0,0.002
2025-11-25 13:00:00,1764075628.0,0.002
2025-11-25 14:00:00,1764079229.0,0.002
2025-11-25 15:00:00,1764082829.0,0.002
2025-11-25 16:00:00,1764086429.0,0.002
2025-11-25 17:00:00,1764090031.0,0.002
2025-11-25 18:00:00,1764093630.0,0.002
2025-11-25 19:00:00,1764097230.0,0.0015
2025-11-25 20:00:00,1764100830.0,0.0015
2025-11-25 21:00:00,1764104433.0,0.0015
2025-11-25 22:00:00,1764108030.0,0.0015
2025-11-25 23:00:00,1764111630.0,0.0015
2025-11-26 00:00:00,1764115219.0,0.0015
2025-11-26 01:00:00,1764118819.0,0.0015
2025-11-26 02:00:00,1764122422.0,0.0015
2025-11-26 03:00:00,1764126028.0,0.0015
2025-11-26 04:00:00,1764129630.0,0.0005
2025-11-26 05:00:00,1764133227.0,0.0005
2025-11-26 06:00:00,1764136842.0,0.0005
2025-11-26 07:00:00,1764140430.0,0.0005
2025-11-26 08:00:00,1764144031.0,0.0005
2025-11-26 09:00:00,1764147630.0,0.0005
2025-11-26 10:00:00,1764151228.0,0.0005
2025-11-26 11:00:00,1764154829.0,0.0005
2025-11-26 12:00:00,1764158447.0,0.0005
2025-11-26 13:00:00,1764162029.0,0.0005
2025-11-26 14:00:00,1764165631.0,0.0005
2025-11-26 15:00:00,1764169229.0,0.0005
2025-11-26 16:00:00,1764172831.0,0.0005
2025-11-26 17:00:00,1764176435.0,0.0005
2025-11-26 18:00:00,1764180033.0,0.0005
2025-11-26 19:00:00,1764183635.0,0.0005
2025-11-26 20:00:00,1764187231.0,0.0005
2025-11-26 21:00:00,1764190835.0,0.0005
2025-11-26 22:00:00,1764194431.0,0.0005
2025-11-26 23:00:00,1764198032.0,0.0005
2025-11-27 00:00:00,1764201624.0,0.0005
2025-11-27 01:00:00,1764205234.0,0.0005
2025-11-27 02:00:00,1764208827.0,0.0005
2025-11-27 03:00:00,1764212430.0,0.0005
2025-11-27 04:00:00,1764216032.0,0.0005
2025-11-27 05:00:00,1764219631.0,0.0005
2025-11-27 06:00:00,1764223233.0,0.0005
2025-11-27 07:00:00,1764226834.0,0.0005
2025-11-27 08:00:00,1764230430.0,0.0005
2025-11-27 09:00:00,1764234034.0,0.0005
2025-11-27 10:00:00,1764237632.0,0.0005
2025-11-27 11:00:00,1764241232.0,0.0005
2025-11-27 12:00:00,1764244839.0,0.0005
2025-11-27 13:00:00,1764248429.0,0.0005
2025-11-27 14:00:00,1764252032.0,0.0005
2025-11-27 15:00:00,1764255630.0,0.0005
2025-11-27 16:00:00,1764259232.0,0.0005
2025-11-27 17:00:00,1764262836.0,0.0005
2025-11-27 18:00:00,1764266432.0,0.0005
2025-11-27 19:00:00,1764270034.0,0.0005
2025-11-27 20:00:00,1764273633.0,0.0005
2025-11-27 21:00:00,1764277236.0,0.0005
2025-11-27 22:00:00,1764280832.0,0.0005
2025-11-27 23:00:00,1764284433.0,0.0005
2025-11-28 00:00:00,1764288023.0,0.0005
2025-11-28 01:00:00,1764291622.0,0.0005
2025-11-28 02:00:00,1764295225.0,0.0005
2025-11-28 03:00:00,1764298830.0,0.0005
2025-11-28 04:00:00,1764302431.0,0.0005
2025-11-28 05:00:00,1764306029.0,0.0005
2025-11-28 06:00:00,1764309632.0,0.0005
2025-11-28 07:00:00,1764313233.0,0.0005
2025-11-28 08:00:00,1764316829.0,0.0005
2025-11-28 09:00:00,1764320433.0,0.0005
2025-11-28 10:00:00,1764324031.0,0.0005
2025-11-28 11:00:00,1764327631.0,0.0005
2025-11-28 12:00:00,1764331238.0,0.0005
2025-11-28 13:00:00,1764334830.0,0.0005
2025-11-28 14:00:00,1764338433.0,0.0005
2025-11-28 15:00:00,1764342033.0,0.0005
2025-11-28 16:00:00,1764345647.0,0.0005
2025-11-28 17:00:00,1764349239.0,0.0005
2025-11-28 18:00:00,1764352834.0,0.0005
2025-11-28 19:00:00,1764356435.0,0.0005
2025-11-28 20:00:00,1764360033.0,0.0005
2025-11-28 21:00:00,1764363638.0,0.0005
2025-11-28 22:00:00,1764367236.0,0.0005
2025-11-28 23:00:00,1764370833.0,0.0005
2025-11-29 00:00:00,1764374431.0,0.0005
2025-11-29 01:00:00,1764378027.0,0.0005
2025-11-29 02:00:00,1764381631.0,0.0005
2025-11-29 03:00:00,1764385217.0,0.0005
2025-11-29 04:00:00,1764388832.0,0.0005
2025-11-29 05:00:00,1764392432.0,0.0005
2025-11-29 06:00:00,1764396033.0,0.0005
2025-11-29 07:00:00,1764399635.0,0.0005
2025-11-29 08:00:00,1764403232.0,0.0005
2025-11-29 09:00:00,1764406836.0,0.0005
2025-11-29 10:00:00,1764410448.0,0.0005
2025-11-29 11:00:00,1764414033.0,0.0005
2025-11-29 12:00:00,1764417639.0,0.0005
2025-11-29 13:00:00,1764421231.0,0.0005
2025-11-29 14:00:00,1764424834.0,0.0005
2025-11-29 15:00:00,1764428434.0,0.0005
2025-11-29 16:00:00,1764432033.0,0.0005
2025-11-29 17:00:00,1764435636.0,0.0005
2025-11-29 18:00:00,1764439233.0,0.0005
2025-11-29 19:00:00,1764442835.0,0.0005
2025-11-29 20:00:00,1764446433.0,0.0005
2025-11-29 21:00:00,1764450037.0,0.0005
2025-11-29 22:00:00,1764453622.0,0.0005
2025-11-29 23:00:00,1764457232.0,0.0005
2025-11-30 00:00:00,1764460823.0,0.0005
2025-11-30 01:00:00,1764464423.0,0.0005
2025-11-30 02:00:00,1764468025.0,0.0005
2025-11-30 03:00:00,1764471630.0,0.0005
2025-11-30 04:00:00,1764475230.0,0.0005
2025-11-30 05:00:00,1764478828.0,0.0005
2025-11-30 06:00:00,1764482429.0,0.0005
2025-11-30 07:00:00,1764486033.0,0.0005
2025-11-30 08:00:00,1764489615.0,0.0005
2025-11-30 09:00:00,1764493233.0,0.0005
2025-11-30 10:00:00,1764496844.0,0.0005
2025-11-30 11:00:00,1764500430.0,0.0005
2025-11-30 12:00:00,1764504062.0,0.0005
2025-11-30 13:00:00,1764507614.0,0.0005
2025-11-30 14:00:00,1764511231.0,0.0005
2025-11-30 15:00:00,1764514843.0,0.0005
2025-11-30 16:00:00,1764518442.0,0.0005
2025-11-30 17:00:00,1764522034.0,0.0005
2025-11-30 18:00:00,1764525634.0,0.0005
2025-11-30 19:00:00,1764529233.0,0.0005
2025-11-30 20:00:00,1764532832.0,0.0005
2025-11-30 21:00:00,1764536435.0,0.0005
2025-11-30 22:00:00,1764540031.0,0.0005
2025-11-30 23:00:00,1764543636.0,0.0005
2025-12-01 00:00:00,1764547227.0,0.0005
2025-12-01 01:00:00,1764550825.0,0.0005
2025-12-01 02:00:00,1764554426.0,0.0005
2025-12-01 03:00:00,1764558042.0,0.0005
2025-12-01 04:00:00,1764561629.0,0.0005
2025-12-01 05:00:00,1764565230.0,0.0005
2025-12-01 06:00:00,1764568831.0,0.0005
2025-12-01 07:00:00,1764572431.0,0.0005
2025-12-01 08:00:00,1764576028.0,0.0005
2025-12-01 09:00:00,1764579644.0,0.0005
2025-12-01 10:00:00,1764583243.0,0.0005
2025-12-01 11:00:00,1764586829.0,0.0005
2025-12-01 12:00:00,1764590445.0,0.0005
2025-12-01 13:00:00,1764594028.0,0.0005
2025-12-01 14:00:00,1764597629.0,0.0005
2025-12-01 15:00:00,1764601242.0,0.0005
2025-12-01 16:00:00,1764604840.0,0.0005
2025-12-01 17:00:00,1764608431.0,0.0005
2025-12-01 18:00:00,1764612044.0,0.0005
2025-12-01 19:00:00,1764615631.0,0.0005
2025-12-01 20:00:00,1764619229.0,0.0005
2025-12-01 21:00:00,1764622832.0,0.0005
2025-12-01 22:00:00,1764626430.0,0.0005
2025-12-01 23:00:00,1764630030.0,0.0005
2025-12-02 00:00:00,1764633617.0,0.0005
2025-12-02 01:00:00,1764637218.0,0.0005
2025-12-02 02:00:00,1764640821.0,0.0005
2025-12-02 03:00:00,1764644425.0,0.0005
2025-12-02 04:00:00,1764648026.0,0.0005
2025-12-02 05:00:00,1764651624.0,0.0005
2025-12-02 06:00:00,1764655227.0,0.0005
2025-12-02 07:00:00,1764658828.0,0.0005
2025-12-02 08:00:00,1764662425.0,0.0005
2025-12-02 09:00:00,1764666029.0,0.0005
2025-12-02 10:00:00,1764669627.0,0.0005
2025-12-02 11:00:00,1764673228.0,0.0005
2025-12-02 12:00:00,1764676833.0,0.0005
2025-12-02 13:00:00,1764680426.0,0.0005
2025-12-02 14:00:00,1764684027.0,0.0005
2025-12-02 15:00:00,1764687628.0,0.0005
2025-12-02 16:00:00,1764691211.0,0.0005
2025-12-02 17:00:00,1764694832.0,0.0005
2025-12-02 18:00:00,1764698431.0,0.0005
2025-12-02 19:00:00,1764702030.0,0.0005
2025-12-02 20:00:00,1764705628.0,0.0005
2025-12-02 21:00:00,1764709232.0,0.0005
2025-12-02 22:00:00,1764712829.0,0.0005
2025-12-02 23:00:00,1764716429.0,0.0005
2025-12-03 00:00:00,1764720027.0,0.0005
2025-12-03 01:00:00,1764723623.0,0.0005
2025-12-03 02:00:00,1764727226.0,0.0005
2025-12-03 03:00:00,1764730829.0,0.0005
2025-12-03 04:00:00,1764734431.0,0.0005
2025-12-03 05:00:00,1764738029.0,0.0005
2025-12-03 06:00:00,1764741631.0,0.0005
2025-12-03 07:00:00,1764745232.0,0.0005
2025-12-03 08:00:00,1764748828.0,0.0005
2025-12-03 09:00:00,1764752433.0,0.0005
2025-12-03 10:00:00,1764756030.0,0.0005
2025-12-03 11:00:00,1764759631.0,0.0005
2025-12-03 12:00:00,1764763237.0,0.0005
2025-12-03 13:00:00,1764766828.0,0.0005
2025-12-03 14:00:00,1764770432.0,0.0005
2025-12-03 15:00:00,1764774015.0,0.0005
2025-12-03 16:00:00,1764777631.0,0.0005
2025-12-03 17:00:00,1764781233.0,0.0005
2025-12-03 18:00:00,1764784833.0,0.0005
2025-12-03 19:00:00,1764788432.0,0.0005
2025-12-03 20:00:00,1764792030.0,0.0005
2025-12-03 21:00:00,1764795635.0,0.0005
2025-12-03 22:00:00,1764799232.0,0.0005
2025-12-03 23:00:00,1764802832.0,0.0005
2025-12-04 00:00:00,1764806418.0,0.0005
2025-12-04 01:00:00,1764810017.0,0.0005
2025-12-04 02:00:00,1764813621.0,0.0005
2025-12-04 03:00:00,1764817228.0,0.0005
2025-12-04 04:00:00,1764820830.0,0.0005
2025-12-04 05:00:00,1764824427.0,0.0005
2025-12-04 06:00:00,1764828030.0,0.0005
2025-12-04 07:00:00,1764831630.0,0.0005
2025-12-04 08:00:00,1764835225.0,0.0005
2025-12-04 09:00:00,1764838837.0,0.0005
2025-12-04 10:00:00,1764842427.0,0.0005
2025-12-04 11:00:00,1764846029.0,0.0005
2025-12-04 12:00:00,1764849637.0,0.0005
2025-12-04 13:00:00,1764853227.0,0.0005
2025-12-04 14:00:00,1764856829.0,0.0005
2025-12-04 15:00:00,1764860428.0,0.0005
2025-12-04 16:00:00,1764864013.0,0.0005
2025-12-04 17:00:00,1764867619.0,0.0005
2025-12-04 18:00:00,1764871218.0,0.0005
2025-12-04 19:00:00,1764874813.0,0.0005
2025-12-04 20:00:00,1764878414.0,0.0005
2025-12-04 21:00:00,1764882015.0,0.0005
2025-12-04 22:00:00,1764885613.0,0.0005
2025-12-04 23:00:00,1764889214.0,0.0005
2025-12-05 00:00:00,1764892820.0,0.0005
2025-12-05 01:00:00,1764896414.0,0.0005
2025-12-05 02:00:00,1764900014.0,0.0005
2025-12-05 03:00:00,1764903619.0,0.0005
2025-12-05 04:00:00,1764907215.0,0.0005
2025-12-05 05:00:00,1764910814.0,0.0005
2025-12-05 06:00:00,1764914416.0,0.0005
2025-12-05 07:00:00,1764918014.0,0.0005
2025-12-05 08:00:00,1764921614.0,0.0005
2025-12-05 09:00:00,1764925217.0,0.0005
2025-12-05 10:00:00,1764928814.0,0.0005
2025-12-05 11:00:00,1764932414.0,0.0005
2025-12-05 12:00:00,1764936023.0,0.0005
2025-12-05 13:00:00,1764939614.0,0.0005
2025-12-05 14:00:00,1764943215.0,0.0005
2025-12-05 15:00:00,1764946818.0,0.0005
2025-12-05 16:00:00,1764950415.0,0.0005
2025-12-05 17:00:00,1764954018.0,0.0005
2025-12-05 18:00:00,1764957616.0,0.0005
2025-12-05 19:00:00,1764961220.0,0.0005
2025-12-05 20:00:00,1764964816.0,0.0005
2025-12-05 21:00:00,1764968420.0,0.0005
2025-12-05 22:00:00,1764972015.0,0.0005
2025-12-05 23:00:00,1764975614.0,0.0005
2025-12-06 00:00:00,1764979221.0,0.0005
2025-12-06 01:00:00,1764982815.0,0.0005
2025-12-06 02:00:00,1764986416.0,0.0005
2025-12-06 03:00:00,1764990018.0,0.0005
2025-12-06 04:00:00,1764993615.0,0.0005
2025-12-06 05:00:00,1764997215.0,0.0005
2025-12-06 06:00:00,1765000818.0,0.0005
2025-12-06 07:00:00,1765004434.0,0.0005
2025-12-06 08:00:00,1765008016.0,0.0005
2025-12-06 09:00:00,1765011621.0,0.0005
2025-12-06 10:00:00,1765015218.0,0.0005
2025-12-06 11:00:00,1765018816.0,0.0005
2025-12-06 12:00:00,1765022422.0,0.0005
2025-12-06 13:00:00,1765026016.0,0.0005
2025-12-06 14:00:00,1765029615.0,0.0005
2025-12-06 15:00:00,1765033218.0,0.0005
2025-12-06 16:00:00,1765036816.0,0.0005
2025-12-06 17:00:00,1765040425.0,0.0005
2025-12-06 18:00:00,1765044019.0,0.0005
2025-12-06 19:00:00,1765047619.0,0.0005
2025-12-06 20:00:00,1765051217.0,0.0005
2025-12-06 21:00:00,1765054819.0,0.0005
2025-12-06 22:00:00,1765058415.0,0.0005
2025-12-06 23:00:00,1765062015.0,0.0005
2025-12-07 00:00:00,1765065633.0,0.0005
2025-12-07 01:00:00,1765069218.0,0.0005
2025-12-07 02:00:00,1765072815.0,0.0005
2025-12-07 03:00:00,1765076420.0,0.0005
2025-12-07 04:00:00,1765080014.0,0.0005
2025-12-07 05:00:00,1765083615.0,0.0005
2025-12-07 06:00:00,1765087234.0,0.0005
2025-12-07 07:00:00,1765090815.0,0.0005
2025-12-07 08:00:00,1765094416.0,0.0005
2025-12-07 09:00:00,1765098017.0,0.0005
2025-12-07 10:00:00,1765101615.0,0.0005
2025-12-07 11:00:00,1765105215.0,0.0005
2025-12-07 12:00:00,1765108826.0,0.0005
2025-12-07 13:00:00,1765112415.0,0.0005
2025-12-07 14:00:00,1765116015.0,0.0005
2025-12-07 15:00:00,1765119618.0,0.0005
2025-12-07 16:00:00,1765123214.0,0.0005
2025-12-07 17:00:00,1765126822.0,0.0005
2025-12-07 18:00:00,1765130434.0,0.0005
2025-12-07 19:00:00,1765134016.0,0.0005
2025-12-07 20:00:00,1765137630.0,0.0005
2025-12-07 21:00:00,1765141219.0,0.0005
2025-12-07 22:00:00,1765144815.0,0.0005
2025-12-07 23:00:00,1765148415.0,0.0005
2025-12-08 00:00:00,1765152032.0,0.0005
2025-12-08 01:00:00,1765155628.0,0.0005
2025-12-08 02:00:00,1765159213.0,0.0005
2025-12-08 03:00:00,1765162815.0,0.0005
2025-12-08 04:00:00,1765166414.0,0.0005
2025-12-08 05:00:00,1765170013.0,0.0005
2025-12-08 06:00:00,1765173617.0,0.0005
2025-12-08 07:00:00,1765177214.0,0.0005
2025-12-08 08:00:00,1765180814.0,0.0005
2025-12-08 09:00:00,1765184416.0,0.0005
2025-12-08 10:00:00,1765188013.0,0.0005
2025-12-08 11:00:00,1765191612.0,0.0005
2025-12-08 12:00:00,1765195234.0,0.0005
2025-12-08 13:00:00,1765198816.0,0.0005
2025-12-08 14:00:00,1765202413.0,0.0005
2025-12-08 15:00:00,1765206015.0,0.0005
2025-12-08 16:00:00,1765209627.0,0.0005
2025-12-08 17:00:00,1765213216.0,0.0005
2025-12-08 18:00:00,1765216815.0,0.0005
2025-12-08 19:00:00,1765220413.0,0.0005
2025-12-08 20:00:00,1765224016.0,0.0005
2025-12-08 21:00:00,1765227630.0,0.0005
2025-12-08 22:00:00,1765231213.0,0.0005
2025-12-08 23:00:00,1765234817.0,0.0005
2025-12-09 00:00:00,1765238430.0,0.0005
2025-12-09 01:00:00,1765242025.0,0.0005
2025-12-09 02:00:00,1765245617.0,0.0005
2025-12-09 03:00:00,1765249216.0,0.0005
2025-12-09 04:00:00,1765252814.0,0.0005
2025-12-09 05:00:00,1765256414.0,0.0005
2025-12-09 06:00:00,1765260020.0,0.0005
2025-12-09 07:00:00,1765263629.0,0.0005
2025-12-09 08:00:00,1765267219.0,0.0005
2025-12-09 09:00:00,1765270819.0,0.0005
2025-12-09 10:00:00,1765274415.0,0.0005
2025-12-09 11:00:00,1765278016.0,0.0005
2025-12-09 12:00:00,1765281619.0,0.0005
2025-12-09 13:00:00,1765285219.0,0.0005
2025-12-09 14:00:00,1765288832.0,0.0005
2025-12-09 15:00:00,1765292421.0,0.0005
2025-12-09 16:00:00,1765296014.0,0.0005
2025-12-09 17:00:00,1765299621.0,0.0005
2025-12-09 18:00:00,1765303217.0,0.0005
2025-12-09 19:00:00,1765306814.0,0.0005
2025-12-09 20:00:00,1765310416.0,0.0005
2025-12-09 21:00:00,1765314021.0,0.0005
2025-12-09 22:00:00,1765317615.0,0.0005
2025-12-09 23:00:00,1765321217.0,0.0005
2025-12-10 00:00:00,1765324817.0,0.0005
2025-12-10 01:00:00,1765328423.0,0.0005
2025-12-10 02:00:00,1765332010.0,0.0005
2025-12-10 03:00:00,1765335613.0,0.0005
2025-12-10 04:00:00,1765339211.0,0.0005
2025-12-10 05:00:00,1765342813.0,0.0005
2025-12-10 06:00:00,1765346416.0,0.0005
2025-12-10 07:00:00,1765350011.0,0.0005
2025-12-10 08:00:00,1765353612.0,0.0005
2025-12-10 09:00:00,1765357228.0,0.0005
2025-12-10 10:00:00,1765360811.0,0.0005
2025-12-10 11:00:00,1765364411.0,0.0005
2025-12-10 12:00:00,1765368034.0,0.0005
2025-12-10 13:00:00,1765371611.0,0.0005
2025-12-10 14:00:00,1765375211.0,0.0005
2025-12-10 15:00:00,1765378816.0,0.0005
2025-12-10 16:00:00,1765382411.0,0.0005
2025-12-10 17:00:00,1765386016.0,0.0005
2025-12-10 18:00:00,1765389614.0,0.0005
2025-12-10 19:00:00,1765393212.0,0.0005
2025-12-10 20:00:00,1765396812.0,0.0005
2025-12-10 21:00:00,1765400415.0,0.0005
2025-12-10 22:00:00,1765404012.0,0.0005
2025-12-10 23:00:00,1765407612.0,0.0005
2025-12-11 00:00:00,1765411218.0,0.0005
2025-12-11 01:00:00,1765414821.0,0.0005
2025-12-11 02:00:00,1765418424.0,0.0005
2025-12-11 03:00:00,1765422016.0,0.0005
2025-12-11 04:00:00,1765425630.0,0.0005
2025-12-11 05:00:00,1765429229.0,0.0005
2025-12-11 06:00:00,1765432815.0,0.0005
2025-12-11 07:00:00,1765436413.0,0.0005
2025-12-11 08:00:00,1765440013.0,0.0005
2025-12-11 09:00:00,1765443615.0,0.0005
2025-12-11 10:00:00,1765447216.0,0.0005
2025-12-11 11:00:00,1765450831.0,0.0005
2025-12-11 12:00:00,1765454420.0,0.0005
2025-12-11 13:00:00,1765458015.0,0.0005
2025-12-11 14:00:00,1765461612.0,0.0005
2025-12-11 15:00:00,1765465216.0,0.0005
2025-12-11 16:00:00,1765468822.0,0.0005
2025-12-11 17:00:00,1765472418.0,0.0005
2025-12-11 18:00:00,1765476015.0,0.0005
2025-12-11 19:00:00,1765479628.0,0.0005
2025-12-11 20:00:00,1765483217.0,0.0005
2025-12-11 21:00:00,1765486816.0,0.0005
2025-12-11 22:00:00,1765490413.0,0.0005
2025-12-11 23:00:00,1765494015.0,0.0005
2025-12-12 00:00:00,1765497618.0,0.0005
2025-12-12 01:00:00,1765501213.0,0.0005
2025-12-12 02:00:00,1765504813.0,0.0005
2025-12-12 03:00:00,1765508418.0,0.0005
2025-12-12 04:00:00,1765512014.0,0.0005
2025-12-12 05:00:00,1765515627.0,0.0005
2025-12-12 06:00:00,1765519217.0,0.0005
2025-12-12 07:00:00,1765522814.0,0.0005
2025-12-12 08:00:00,1765526413.0,0.0005
2025-12-12 09:00:00,1765530016.0,0.001
2025-12-12 10:00:00,1765533613.0,0.0005
2025-12-12 11:00:00,1765537216.0,0.0005
2025-12-12 12:00:00,1765540821.0,0.0005
2025-12-12 13:00:00,1765544414.0,0.0005
2025-12-12 14:00:00,1765548014.0,0.0005
2025-12-12 15:00:00,1765551617.0,0.0005
2025-12-12 16:00:00,1765555214.0,0.0005
2025-12-12 17:00:00,1765558825.0,0.0005
2025-12-12 18:00:00,1765562418.0,0.0005
2025-12-12 19:00:00,1765566015.0,0.0005
2025-12-12 20:00:00,1765569618.0,0.0005
2025-12-12 21:00:00,1765573218.0,0.0005
2025-12-12 22:00:00,1765576819.0,0.0005
2025-12-12 23:00:00,1765580415.0,0.0005
2025-12-13 00:00:00,1765584021.0,0.0005
2025-12-13 01:00:00,1765587615.0,0.0005
2025-12-13 02:00:00,1765591215.0,0.0005
2025-12-13 03:00:00,1765594818.0,0.0005
2025-12-13 04:00:00,1765598416.0,0.0005
2025-12-13 05:00:00,1765602015.0,0.0005
2025-12-13 06:00:00,1765605635.0,0.0005
2025-12-13 07:00:00,1765609215.0,0.0005
2025-12-13 08:00:00,1765612815.0,0.0005
2025-12-13 09:00:00,1765616418.0,0.0005
2025-12-13 10:00:00,1765620015.0,0.0005
2025-12-13 11:00:00,1765623615.0,0.0005
2025-12-13 12:00:00,1765627224.0,0.0005
2025-12-13 13:00:00,1765630815.0,0.0005
2025-12-13 14:00:00,1765634434.0,0.0005
2025-12-13 15:00:00,1765638019.0,0.0005
2025-12-13 16:00:00,1765641615.0,0.0005
2025-12-13 17:00:00,1765645220.0,0.0005
2025-12-13 18:00:00,1765648820.0,0.0005
2025-12-13 19:00:00,1765652415.0,0.0005
2025-12-13 20:00:00,1765656016.0,0.0005
2025-12-13 21:00:00,1765659619.0,0.0005
2025-12-13 22:00:00,1765663219.0,0.0005
2025-12-13 23:00:00,1765666816.0,0.0005
2025-12-14 00:00:00,1765670423.0,0.0005
2025-12-14 01:00:00,1765674015.0,0.0005
2025-12-14 02:00:00,1765677615.0,0.0005
2025-12-14 03:00:00,1765681219.0,0.0005
2025-12-14 04:00:00,1765684815.0,0.0005
2025-12-14 05:00:00,1765688415.0,0.0005
2025-12-14 06:00:00,1765692019.0,0.0005
2025-12-14 07:00:00,1765695615.0,0.0005
2025-12-14 08:00:00,1765699215.0,0.0005
2025-12-14 09:00:00,1765702819.0,0.0005
2025-12-14 10:00:00,1765706416.0,0.0005
2025-12-14 11:00:00,1765710015.0,0.0005
2025-12-14 12:00:00,1765713622.0,0.0005
2025-12-14 13:00:00,1765717215.0,0.0005
2025-12-14 14:00:00,1765720815.0,0.0005
2025-12-14 15:00:00,1765724419.0,0.0005
2025-12-14 16:00:00,1765728016.0,0.0005
2025-12-14 17:00:00,1765731621.0,0.0005
2025-12-14 18:00:00,1765735219.0,0.0005
2025-12-14 19:00:00,1765738819.0,0.0005
2025-12-14 20:00:00,1765742420.0,0.0005
2025-12-14 21:00:00,1765746020.0,0.0005
2025-12-14 22:00:00,1765749615.0,0.0005
2025-12-14 23:00:00,1765753215.0,0.0005
2025-12-15 00:00:00,1765756825.0,0.0005
2025-12-15 01:00:00,1765760415.0,0.0005
2025-12-15 02:00:00,1765764015.0,0.0005
2025-12-15 03:00:00,1765767618.0,0.0005
2025-12-15 04:00:00,1765771219.0,0.0005
2025-12-15 05:00:00,1765774815.0,0.0005
2025-12-15 06:00:00,1765778421.0,0.0005
2025-12-15 07:00:00,1765782015.0,0.0005
2025-12-15 08:00:00,1765785615.0,0.0005
2025-12-15 09:00:00,1765789231.0,0.0005
2025-12-15 10:00:00,1765792814.0,0.0005
2025-12-15 11:00:00,1765796417.0,0.0005
2025-12-15 12:00:00,1765800021.0,0.0005
2025-12-15 13:00:00,1765803629.0,0.0005
2025-12-15 14:00:00,1765807214.0,0.0005
2025-12-15 15:00:00,1765810819.0,0.0005
2025-12-15 16:00:00,1765814415.0,0.0005
2025-12-15 17:00:00,1765818019.0,0.0005
2025-12-15 18:00:00,1765821635.0,0.0005
2025-12-15 19:00:00,1765825215.0,0.0005
2025-12-15 20:00:00,1765828815.0,0.0005
2025-12-15 21:00:00,1765832418.0,0.0005
2025-12-15 22:00:00,1765836030.0,0.0005
2025-12-15 23:00:00,1765839615.0,0.0005
2025-12-16 00:00:00,1765843221.0,0.0005
2025-12-16 01:00:00,1765846822.0,0.0005
2025-12-16 02:00:00,1765850414.0,0.0005
2025-12-16 03:00:00,1765854017.0,0.0005
2025-12-16 04:00:00,1765857614.0,0.0005
2025-12-16 05:00:00,1765861214.0,0.0005
2025-12-16 06:00:00,1765864818.0,0.0005
2025-12-16 07:00:00,1765868422.0,0.0005
2025-12-16 08:00:00,1765872029.0,0.0005
2025-12-16 09:00:00,1765875617.0,0.0005
2025-12-16 10:00:00,1765879214.0,0.0005
2025-12-16 11:00:00,1765882814.0,0.0005
2025-12-16 12:00:00,1765886434.0,0.0005
2025-12-16 13:00:00,1765890014.0,0.0005
2025-12-16 14:00:00,1765893628.0,0.0005
2025-12-16 15:00:00,1765897217.0,0.0005
2025-12-16 16:00:00,1765900831.0,0.0005
2025-12-16 17:00:00,1765904417.0,0.0005
2025-12-16 18:00:00,1765908018.0,0.0005
2025-12-16 19:00:00,1765911617.0,0.0005
2025-12-16 20:00:00,1765915215.0,0.0005
2025-12-16 21:00:00,1765918818.0,0.0005
2025-12-16 22:00:00,1765922414.0,0.0005
2025-12-16 23:00:00,1765926016.0,0.0005
2025-12-17 00:00:00,1765929617.0,0.0005
2025-12-17 01:00:00,1765933215.0,0.0005
2025-12-17 02:00:00,1765936816.0,0.0005
2025-12-17 03:00:00,1765940432.0,0.0005
2025-12-17 04:00:00,1765944015.0,0.0005
2025-12-17 05:00:00,1765947617.0,0.0005
2025-12-17 06:00:00,1765951235.0,0.0005
2025-12-17 07:00:00,1765954817.0,0.0005
2025-12-17 08:00:00,1765958427.0,0.0005
2025-12-17 09:00:00,1765962019.0,0.0005
2025-12-17 10:00:00,1765965617.0,0.0005
2025-12-17 11:00:00,1765969218.0,0.0005
2025-12-17 12:00:00,1765972832.0,0.0005
2025-12-17 13:00:00,1765976415.0,0.0005
2025-12-17 14:00:00,1765980015.0,0.0005
2025-12-17 15:00:00,1765983622.0,0.0005
2025-12-17 16:00:00,1765987216.0,0.0005
2025-12-17 17:00:00,1765990815.0,0.0005
2025-12-17 18:00:00,1765994419.0,0.0005
2025-12-17 19:00:00,1765998021.0,0.0005
2025-12-17 20:00:00,1766001615.0,0.0005
2025-12-17 21:00:00,1766005221.0,0.0005
2025-12-17 22:00:00,1766008815.0,0.0005
2025-12-17 23:00:00,1766012416.0,0.0005
2025-12-18 00:00:00,1766016028.0,0.0005
2025-12-18 01:00:00,1766019612.0,0.0005
2025-12-18 02:00:00,1766023212.0,0.0005
2025-12-18 03:00:00,1766026816.0,0.0005
2025-12-18 04:00:00,1766030412.0,0.0005
2025-12-18 05:00:00,1766034027.0,0.0005
2025-12-18 06:00:00,1766037617.0,0.0005
2025-12-18 07:00:00,1766041213.0,0.0005
2025-12-18 08:00:00,1766044812.0,0.0005
2025-12-18 09:00:00,1766048416.0,0.0005
2025-12-18 10:00:00,1766052030.0,0.0005
2025-12-18 11:00:00,1766055613.0,0.0005
2025-12-18 12:00:00,1766059219.0,0.0005
2025-12-18 13:00:00,1766062816.0,0.0005
2025-12-18 14:00:00,1766066427.0,0.0005
2025-12-18 15:00:00,1766070016.0,0.0005
2025-12-18 16:00:00,1766073632.0,0.0005
2025-12-18 17:00:00,1766077221.0,0.0005
2025-12-18 18:00:00,1766080818.0,0.0005
2025-12-18 19:00:00,1766084417.0,0.0005
2025-12-18 20:00:00,1766088016.0,0.0005
2025-12-18 21:00:00,1766091618.0,0.0005
2025-12-18 22:00:00,1766095216.0,0.0005
2025-12-18 23:00:00,1766098813.0,0.0005
2025-12-19 00:00:00,1766102419.0,0.0005
2025-12-19 01:00:00,1766106014.0,0.0005
2025-12-19 02:00:00,1766109614.0,0.0005
2025-12-19 03:00:00,1766113218.0,0.0005
2025-12-19 04:00:00,1766116815.0,0.0005
2025-12-19 05:00:00,1766120415.0,0.0005
2025-12-19 06:00:00,1766124018.0,0.0005
2025-12-19 07:00:00,1766127615.0,0.0005
2025-12-19 08:00:00,1766131216.0,0.0005
2025-12-19 09:00:00,1766134822.0,0.0005
2025-12-19 10:00:00,1766138415.0,0.0005
2025-12-19 11:00:00,1766142014.0,0.0005
2025-12-19 12:00:00,1766145621.0,0.0005
2025-12-19 13:00:00,1766149215.0,0.0005
2025-12-19 14:00:00,1766152815.0,0.0005
2025-12-19 15:00:00,1766156432.0,0.0005
2025-12-19 16:00:00,1766160030.0,0.0005
2025-12-19 17:00:00,1766163619.0,0.0005
2025-12-19 18:00:00,1766167217.0,0.0005
2025-12-19 19:00:00,1766170814.0,0.0005
2025-12-19 20:00:00,1766174414.0,0.0005
2025-12-19 21:00:00,1766178017.0,0.0005
2025-12-19 22:00:00,1766181613.0,0.0005
2025-12-19 23:00:00,1766185214.0,0.0005
2025-12-20 00:00:00,1766188819.0,0.0005
2025-12-20 01:00:00,1766192416.0,0.0005
2025-12-20 02:00:00,1766196014.0,0.0005
2025-12-20 03:00:00,1766199628.0,0.0005
2025-12-20 04:00:00,1766203215.0,0.0005
2025-12-20 05:00:00,1766206815.0,0.0005
2025-12-20 06:00:00,1766210417.0,0.0005
2025-12-20 07:00:00,1766214015.0,0.0005
2025-12-20 08:00:00,1766217615.0,0.0005
2025-12-20 09:00:00,1766221230.0,0.0005
2025-12-20 10:00:00,1766224815.0,0.0005
2025-12-20 11:00:00,1766228415.0,0.0005
2025-12-20 12:00:00,1766232023.0,0.0005
2025-12-20 13:00:00,1766235615.0,0.0005
2025-12-20 14:00:00,1766239215.0,0.0005
2025-12-20 15:00:00,1766242818.0,0.0005
2025-12-20 16:00:00,1766246416.0,0.0005
2025-12-20 17:00:00,1766250022.0,0.0005
2025-12-20 18:00:00,1766253618.0,0.0005
2025-12-20 19:00:00,1766257217.0,0.0005
2025-12-20 20:00:00,1766260821.0,0.0005
2025-12-20 21:00:00,1766264423.0,0.0005
2025-12-20 22:00:00,1766268017.0,0.0005
2025-12-20 23:00:00,1766271621.0,0.0005
2025-12-21 00:00:00,1766275220.0,0.0005
2025-12-21 01:00:00,1766278815.0,0.0005
2025-12-21 02:00:00,1766282415.0,0.0005
2025-12-21 03:00:00,1766286034.0,0.0005
2025-12-21 04:00:00,1766289632.0,0.0005
2025-12-21 05:00:00,1766293214.0,0.0005
2025-12-21 06:00:00,1766296819.0,0.0005
2025-12-21 07:00:00,1766300414.0,0.0005
2025-12-21 08:00:00,1766304015.0,0.0005
2025-12-21 09:00:00,1766307618.0,0.0005
2025-12-21 10:00:00,1766311214.0,0.0005
2025-12-21 11:00:00,1766314815.0,0.0005
2025-12-21 12:00:00,1766318420.0,0.0005
2025-12-21 13:00:00,1766322015.0,0.0005
2025-12-21 14:00:00,1766325614.0,0.0005
2025-12-21 15:00:00,1766329219.0,0.0005
2025-12-21 16:00:00,1766332814.0,0.0005
2025-12-21 17:00:00,1766336423.0,0.0005
2025-12-21 18:00:00,1766340019.0,0.0005
2025-12-21 19:00:00,1766343615.0,0.0005
2025-12-21 20:00:00,1766347218.0,0.0005
2025-12-21 21:00:00,1766350818.0,0.0005
2025-12-21 22:00:00,1766354414.0,0.0005
2025-12-21 23:00:00,1766358015.0,0.0005
2025-12-22 00:00:00,1766361620.0,0.0005
2025-12-22 01:00:00,1766365215.0,0.0005
2025-12-22 02:00:00,1766368815.0,0.0005
2025-12-22 03:00:00,1766372418.0,0.0005
2025-12-22 04:00:00,1766376022.0,0.0005
2025-12-22 05:00:00,1766379615.0,0.0005
2025-12-22 06:00:00,1766383217.0,0.0005
2025-12-22 07:00:00,1766386815.0,0.0005
2025-12-22 08:00:00,1766390428.0,0.0005
2025-12-22 09:00:00,1766394032.0,0.0005
2025-12-22 10:00:00,1766397616.0,0.0005
2025-12-22 11:00:00,1766401215.0,0.0005
2025-12-22 12:00:00,1766404820.0,0.0005
2025-12-22 13:00:00,1766408414.0,0.0005
2025-12-22 14:00:00,1766412016.0,0.0005
2025-12-22 15:00:00,1766415620.0,0.0005
2025-12-22 16:00:00,1766419214.0,0.0005
2025-12-22 17:00:00,1766422821.0,0.0005
2025-12-22 18:00:00,1766426418.0,0.0005
2025-12-22 19:00:00,1766430016.0,0.0005
2025-12-22 20:00:00,1766433629.0,0.0005
2025-12-22 21:00:00,1766437219.0,0.0005
2025-12-22 22:00:00,1766440828.0,0.0005
2025-12-22 23:00:00,1766444416.0,0.0005
2025-12-23 00:00:00,1766448022.0,0.0005
2025-12-23 01:00:00,1766451618.0,0.0005
2025-12-23 02:00:00,1766455216.0,0.0005
2025-12-23 03:00:00,1766458821.0,0.0005
2025-12-23 04:00:00,1766462428.0,0.0005
2025-12-23 05:00:00,1766466044.0,0.0005
2025-12-23 06:00:00,1766469634.0,0.0005
2025-12-23 07:00:00,1766473217.0,0.0005
2025-12-23 08:00:00,1766476829.0,0.0005
2025-12-23 09:00:00,1766480418.0,0.0005
2025-12-23 10:00:00,1766484016.0,0.0005
2025-12-23 11:00:00,1766487616.0,0.0005
2025-12-23 12:00:00,1766491225.0,0.0005
2025-12-23 13:00:00,1766494816.0,0.0005
2025-12-23 14:00:00,1766498416.0,0.0005
2025-12-23 15:00:00,1766502022.0,0.0005
2025-12-23 16:00:00,1766505616.0,0.0005
2025-12-23 17:00:00,1766509239.0,0.0005
2025-12-23 18:00:00,1766512820.0,0.0005
2025-12-23 19:00:00,1766516417.0,0.0005
2025-12-23 20:00:00,1766520016.0,0.0005
2025-12-23 21:00:00,1766523619.0,0.0005
2025-12-23 22:00:00,1766527219.0,0.0005
2025-12-23 23:00:00,1766530816.0,0.0005
2025-12-24 00:00:00,1766534422.0,0.0005
2025-12-24 01:00:00,1766538018.0,0.0005
2025-12-24 02:00:00,1766541615.0,0.0005
2025-12-24 03:00:00,1766545219.0,0.0005
2025-12-24 04:00:00,1766548816.0,0.0005
2025-12-24 05:00:00,1766552417.0,0.0005
2025-12-24 06:00:00,1766556020.0,0.0005
2025-12-24 07:00:00,1766559616.0,0.0005
2025-12-24 08:00:00,1766563218.0,0.0005
2025-12-24 09:00:00,1766566820.0,0.0005
2025-12-24 10:00:00,1766570418.0,0.0005
2025-12-24 11:00:00,1766574017.0,0.0005
2025-12-24 12:00:00,1766577622.0,0.0005
2025-12-24 13:00:00,1766581218.0,0.0005
2025-12-24 14:00:00,1766584817.0,0.0005
2025-12-24 15:00:00,1766588419.0,0.0005
2025-12-24 16:00:00,1766592016.0,0.0005
2025-12-24 17:00:00,1766595622.0,0.0005
2025-12-24 18:00:00,1766599219.0,0.0005
2025-12-24 19:00:00,1766602820.0,0.0005
2025-12-24 20:00:00,1766606416.0,0.0005
2025-12-24 21:00:00,1766610022.0,0.0005
2025-12-24 22:00:00,1766613618.0,0.0005
2025-12-24 23:00:00,1766617215.0,0.0005
2025-12-25 00:00:00,1766620831.0,0.0005
2025-12-25 01:00:00,1766624415.0,0.0005
2025-12-25 02:00:00,1766628016.0,0.0005
2025-12-25 03:00:00,1766631622.0,0.0005
2025-12-25 04:00:00,1766635218.0,0.0005
2025-12-25 05:00:00,1766638816.0,0.0005
2025-12-25 06:00:00,1766642421.0,0.0005
2025-12-25 07:00:00,1766646017.0,0.0005
2025-12-25 08:00:00,1766649619.0,0.0005
2025-12-25 09:00:00,1766653219.0,0.0005
2025-12-25 10:00:00,1766656816.0,0.0005
2025-12-25 11:00:00,1766660416.0,0.0005
2025-12-25 12:00:00,1766664023.0,0.0005
2025-12-25 13:00:00,1766667617.0,0.0005
2025-12-25 14:00:00,1766671216.0,0.0005
2025-12-25 15:00:00,1766674819.0,0.0005
2025-12-25 16:00:00,1766678416.0,0.0005
2025-12-25 17:00:00,1766682025.0,0.0005
2025-12-25 18:00:00,1766685622.0,0.0005
2025-12-25 19:00:00,1766689216.0,0.0005
2025-12-25 20:00:00,1766692821.0,0.0005
2025-12-25 21:00:00,1766696419.0,0.0005
2025-12-25 22:00:00,1766700021.0,0.0005
2025-12-25 23:00:00,1766703617.0,0.0005
2025-12-26 00:00:00,1766707215.0,0.0005
2025-12-26 01:00:00,1766710812.0,0.0005
2025-12-26 02:00:00,1766714412.0,0.0005
2025-12-26 03:00:00,1766718013.0,0.0005
2025-12-26 04:00:00,1766721612.0,0.0005
2025-12-26 05:00:00,1766725213.0,0.0005
2025-12-26 06:00:00,1766728814.0,0.0005
2025-12-26 07:00:00,1766732413.0,0.0005
2025-12-26 08:00:00,1766736012.0,0.0005
2025-12-26 09:00:00,1766739614.0,0.0005
2025-12-26 10:00:00,1766743213.0,0.0005
2025-12-26 11:00:00,1766746813.0,0.0005
2025-12-26 12:00:00,1766750419.0,0.0005
2025-12-26 13:00:00,1766754013.0,0.0005
2025-12-26 14:00:00,1766757612.0,0.0005
2025-12-26 15:00:00,1766761215.0,0.0005
2025-12-26 16:00:00,1766764813.0,0.0005
2025-12-26 17:00:00,1766768421.0,0.0005
2025-12-26 18:00:00,1766772014.0,0.0005
2025-12-26 19:00:00,1766775614.0,0.0005
2025-12-26 20:00:00,1766779215.0,0.0005
2025-12-26 21:00:00,1766782819.0,0.0005
2025-12-26 22:00:00,1766786414.0,0.0005
2025-12-26 23:00:00,1766790013.0,0.0005
2025-12-27 00:00:00,1766793620.0,0.0005
2025-12-27 01:00:00,1766797215.0,0.0005
2025-12-27 02:00:00,1766800819.0,0.0005
2025-12-27 03:00:00,1766804417.0,0.0005
2025-12-27 04:00:00,1766808018.0,0.0005
2025-12-27 05:00:00,1766811618.0,0.0005
2025-12-27 06:00:00,1766815217.0,0.0005
2025-12-27 07:00:00,1766818836.0,0.0005
2025-12-27 08:00:00,1766822415.0,0.0005
2025-12-27 09:00:00,1766826017.0,0.0005
2025-12-27 10:00:00,1766829615.0,0.0005
2025-12-27 11:00:00,1766833220.0,0.0005
2025-12-27 12:00:00,1766836820.0,0.0005
2025-12-27 13:00:00,1766840416.0,0.0005
2025-12-27 14:00:00,1766844016.0,0.0005
2025-12-27 15:00:00,1766847617.0,0.0005
2025-12-27 16:00:00,1766851216.0,0.0005
2025-12-27 17:00:00,1766854815.0,0.0005
2025-12-27 18:00:00,1766858418.0,0.0005
2025-12-27 19:00:00,1766862016.0,0.0005
2025-12-27 20:00:00,1766865616.0,0.0005
2025-12-27 21:00:00,1766869217.0,0.0005
2025-12-27 22:00:00,1766872817.0,0.0005
2025-12-27 23:00:00,1766876416.0,0.0005
2025-12-28 00:00:00,1766880020.0,0.0005
2025-12-28 01:00:00,1766883688.0,0.0005
2025-12-28 02:00:00,1766887216.0,0.0005
2025-12-28 03:00:00,1766890818.0,0.0005
2025-12-28 04:00:00,1766894416.0,0.0005
2025-12-28 05:00:00,1766898016.0,0.0005
2025-12-28 06:00:00,1766901617.0,0.0005
2025-12-28 07:00:00,1766905216.0,0.0005
2025-12-28 08:00:00,1766908818.0,0.0005
2025-12-28 09:00:00,1766912417.0,0.0005
2025-12-28 10:00:00,1766916018.0,0.0005
2025-12-28 11:00:00,1766919616.0,0.0005
2025-12-28 12:00:00,1766923221.0,0.0005
2025-12-28 13:00:00,1766926816.0,0.0005
2025-12-28 14:00:00,1766930416.0,0.0005
2025-12-28 15:00:00,1766934036.0,0.0005
2025-12-28 16:00:00,1766937632.0,0.0005
2025-12-28 17:00:00,1766941221.0,0.0005
2025-12-28 18:00:00,1766944819.0,0.0005
2025-12-28 19:00:00,1766948416.0,0.0075
2025-12-28 20:00:00,1766952033.0,0.003
2025-12-28 21:00:00,1766955621.0,0.001
2025-12-28 22:00:00,1766959217.0,0.001
2025-12-28 23:00:00,1766962819.0,0.001
2025-12-29 00:00:00,1766966438.0,0.001
2025-12-29 01:00:00,1766970088.0,0.001
2025-12-29 02:00:00,1766973617.0,0.001
2025-12-29 03:00:00,1766977232.0,0.001
2025-12-29 04:00:00,1766980816.0,0.001
2025-12-29 05:00:00,1766984431.0,0.001
2025-12-29 06:00:00,1766988019.0,0.001
2025-12-29 07:00:00,1766991621.0,0.001
2025-12-29 08:00:00,1766995235.0,0.001
2025-12-29 09:00:00,1766998818.0,0.001
2025-12-29 10:00:00,1767002420.0,0.0015
2025-12-29 11:00:00,1767006020.0,0.0015
2025-12-29 12:00:00,1767009621.0,0.0015
2025-12-29 13:00:00,1767013217.0,0.0015
2025-12-29 14:00:00,1767016817.0,0.0005
2025-12-29 15:00:00,1767020418.0,0.0005
2025-12-29 16:00:00,1767024016.0,0.0005
2025-12-29 17:00:00,1767027619.0,0.0005
2025-12-29 18:00:00,1767031218.0,0.0005
2025-12-29 19:00:00,1767034820.0,0.0005
2025-12-29 20:00:00,1767038417.0,0.0005
2025-12-29 21:00:00,1767042018.0,0.0005
2025-12-29 22:00:00,1767045620.0,0.0005
2025-12-29 23:00:00,1767049237.0,0.0005
2025-12-30 00:00:00,1767052824.0,0.0005
2025-12-30 01:00:00,1767056416.0,0.0005
2025-12-30 02:00:00,1767060017.0,0.0005
2025-12-30 03:00:00,1767063620.0,0.0005
2025-12-30 04:00:00,1767067217.0,0.0005
2025-12-30 05:00:00,1767070834.0,0.0005
2025-12-30 06:00:00,1767074419.0,0.0005
2025-12-30 07:00:00,1767078026.0,0.0005
2025-12-30 08:00:00,1767081619.0,0.0005
2025-12-30 09:00:00,1767085221.0,0.0005
2025-12-30 10:00:00,1767088817.0,0.0005
2025-12-30 11:00:00,1767092420.0,0.0005
2025-12-30 12:00:00,1767096025.0,0.0005
2025-12-30 13:00:00,1767099617.0,0.0005
2025-12-30 14:00:00,1767103217.0,0.0005
2025-12-30 15:00:00,1767106819.0,0.0005
2025-12-30 16:00:00,1767110418.0,0.0005
2025-12-30 17:00:00,1767114022.0,0.0005
2025-12-30 18:00:00,1767117624.0,0.0005
2025-12-30 19:00:00,1767121217.0,0.0005
2025-12-30 20:00:00,1767124839.0,0.0005
2025-12-30 21:00:00,1767128419.0,0.0005
2025-12-30 22:00:00,1767132018.0,0.0005
2025-12-30 23:00:00,1767135619.0,0.0005
2025-12-31 00:00:00,1767139222.0,0.0005
2025-12-31 01:00:00,1767142818.0,0.0005
2025-12-31 02:00:00,1767146419.0,0.0005
2025-12-31 03:00:00,1767150021.0,0.0005
2025-12-31 04:00:00,1767153641.0,0.0005
2025-12-31 05:00:00,1767157217.0,0.0005
2025-12-31 06:00:00,1767160820.0,0.0005
2025-12-31 07:00:00,1767164418.0,0.0005
2025-12-31 08:00:00,1767168022.0,0.0005
2025-12-31 09:00:00,1767171620.0,0.0005
2025-12-31 10:00:00,1767175218.0,0.0005
2025-12-31 11:00:00,1767178829.0,0.0005
2025-12-31 12:00:00,1767182422.0,0.0005
2025-12-31 13:00:00,1767186017.0,0.0005
2025-12-31 14:00:00,1767189621.0,0.0005
2025-12-31 15:00:00,1767193220.0,0.0005
2025-12-31 16:00:00,1767196821.0,0.0005
2025-12-31 17:00:00,1767200424.0,0.0005
2025-12-31 18:00:00,1767204022.0,0.0005
2025-12-31 19:00:00,1767207649.0,0.0005
2025-12-31 20:00:00,1767211220.0,0.0005
2025-12-31 21:00:00,1767214822.0,0.0005
2025-12-31 22:00:00,1767218419.0,0.0005
2025-12-31 23:00:00,1767222018.0,0.0005
2026-01-01 00:00:00,1767225622.0,0.0005
2026-01-01 01:00:00,1767229218.0,0.0005
2026-01-01 02:00:00,1767232818.0,0.0005
2026-01-01 03:00:00,1767236419.0,0.0005
2026-01-01 04:00:00,1767240033.0,0.0005
2026-01-01 05:00:00,1767243617.0,0.0005
2026-01-01 06:00:00,1767247220.0,0.0005
2026-01-01 07:00:00,1767250817.0,0.0005
2026-01-01 08:00:00,1767254416.0,0.0005
2026-01-01 09:00:00,1767258020.0,0.0005
2026-01-01 10:00:00,1767261618.0,0.0005
2026-01-01 11:00:00,1767265216.0,0.0005
2026-01-01 12:00:00,1767268823.0,0.0005
2026-01-01 13:00:00,1767272443.0,0.0005
2026-01-01 14:00:00,1767276015.0,0.0005
2026-01-01 15:00:00,1767279620.0,0.0005
2026-01-01 16:00:00,1767283215.0,0.0005
2026-01-01 17:00:00,1767286821.0,0.0005
2026-01-01 18:00:00,1767290419.0,0.0005
2026-01-01 19:00:00,1767294015.0,0.0005
2026-01-01 20:00:00,1767297629.0,0.0005
2026-01-01 21:00:00,1767301218.0,0.0005
2026-01-01 22:00:00,1767304834.0,0.0005
2026-01-01 23:00:00,1767308417.0,0.0005
2026-01-02 00:00:00,1767312021.0,0.0005
2026-01-02 01:00:00,1767315616.0,0.0005
2026-01-02 02:00:00,1767319217.0,0.0005
2026-01-02 03:00:00,1767322837.0,0.0005
2026-01-02 04:00:00,1767326415.0,0.0005
2026-01-02 05:00:00,1767330017.0,0.0005
2026-01-02 06:00:00,1767333618.0,0.0005
2026-01-02 07:00:00,1767337216.0,0.0005
2026-01-02 08:00:00,1767340820.0,0.0005
2026-01-02 09:00:00,1767344418.0,0.0005
2026-01-02 10:00:00,1767348019.0,0.0005
2026-01-02 11:00:00,1767351618.0,0.0005
2026-01-02 12:00:00,1767355221.0,0.0005
2026-01-02 13:00:00,1767358816.0,0.0005
2026-01-02 14:00:00,1767362417.0,0.0005
2026-01-02 15:00:00,1767366020.0,0.0005
2026-01-02 16:00:00,1767369617.0,0.0005
2026-01-02 17:00:00,1767373221.0,0.0005
2026-01-02 18:00:00,1767376834.0,0.0005
2026-01-02 19:00:00,1767380420.0,0.0005
2026-01-02 20:00:00,1767384019.0,0.0005
2026-01-02 21:00:00,1767387620.0,0.0005
2026-01-02 22:00:00,1767391220.0,0.0005
2026-01-02 23:00:00,1767394817.0,0.0005
2026-01-03 00:00:00,1767398418.0,0.0005
2026-01-03 01:00:00,1767402090.0,0.0005
2026-01-03 02:00:00,1767405613.0,0.0005
2026-01-03 03:00:00,1767409216.0,0.0005
2026-01-03 04:00:00,1767412824.0,0.0005
2026-01-03 05:00:00,1767416426.0,0.0005
2026-01-03 06:00:00,1767420035.0,0.0005
2026-01-03 07:00:00,1767423615.0,0.0005
2026-01-03 08:00:00,1767427213.0,0.0005
2026-01-03 09:00:00,1767430830.0,0.0005
2026-01-03 10:00:00,1767434414.0,0.0005
2026-01-03 11:00:00,1767438016.0,0.0005
2026-01-03 12:00:00,1767441621.0,0.0005
2026-01-03 13:00:00,1767445214.0,0.0005
2026-01-03 14:00:00,1767448816.0,0.0005
2026-01-03 15:00:00,1767452432.0,0.0005
2026-01-03 16:00:00,1767456015.0,0.0005
2026-01-03 17:00:00,1767459622.0,0.0005
2026-01-03 18:00:00,1767463218.0,0.0005
2026-01-03 19:00:00,1767466815.0,0.0005
2026-01-03 20:00:00,1767470418.0,0.0005
2026-01-03 21:00:00,1767474019.0,0.0005
2026-01-03 22:00:00,1767477615.0,0.0005
2026-01-03 23:00:00,1767481215.0,0.0005
2026-01-04 00:00:00,1767484821.0,0.0005
2026-01-04 01:00:00,1767488418.0,0.0005
2026-01-04 02:00:00,1767492015.0,0.0005
2026-01-04 03:00:00,1767495631.0,0.0005
2026-01-04 04:00:00,1767499219.0,0.0005
2026-01-04 05:00:00,1767502815.0,0.0005
2026-01-04 06:00:00,1767506418.0,0.0005
2026-01-04 07:00:00,1767510017.0,0.0005
2026-01-04 08:00:00,1767513616.0,0.0005
2026-01-04 09:00:00,1767517217.0,0.0005
2026-01-04 10:00:00,1767520814.0,0.0005
2026-01-04 11:00:00,1767524424.0,0.0005
2026-01-04 12:00:00,1767528023.0,0.0005
2026-01-04 13:00:00,1767531615.0,0.0005
2026-01-04 14:00:00,1767535218.0,0.0005
2026-01-04 15:00:00,1767538824.0,0.0005
2026-01-04 16:00:00,1767542435.0,0.0005
2026-01-04 17:00:00,1767546019.0,0.0005
2026-01-04 18:00:00,1767549621.0,0.0005
2026-01-04 19:00:00,1767553216.0,0.0005
2026-01-04 20:00:00,1767556835.0,0.0005
2026-01-04 21:00:00,1767560421.0,0.0005
2026-01-04 22:00:00,1767564017.0,0.0005
2026-01-04 23:00:00,1767567616.0,0.0005
2026-01-05 00:00:00,1767571224.0,0.0005
2026-01-05 01:00:00,1767574816.0,0.0005
2026-01-05 02:00:00,1767578416.0,0.0005
2026-01-05 03:00:00,1767582019.0,0.0005
2026-01-05 04:00:00,1767585615.0,0.0005
2026-01-05 05:00:00,1767589230.0,0.0005
2026-01-05 06:00:00,1767592820.0,0.0005
2026-01-05 07:00:00,1767596417.0,0.0005
2026-01-05 08:00:00,1767600017.0,0.0005
2026-01-05 09:00:00,1767603624.0,0.0005
2026-01-05 10:00:00,1767607216.0,0.0005
2026-01-05 11:00:00,1767610815.0,0.0005
2026-01-05 12:00:00,1767614420.0,0.0005
2026-01-05 13:00:00,1767618016.0,0.0005
2026-01-05 14:00:00,1767621616.0,0.0005
2026-01-05 15:00:00,1767625221.0,0.0005
2026-01-05 16:00:00,1767628817.0,0.0005
2026-01-05 17:00:00,1767632440.0,0.0005
2026-01-05 18:00:00,1767636020.0,0.0005
2026-01-05 19:00:00,1767639617.0,0.0005
2026-01-05 20:00:00,1767643217.0,0.0015
2026-01-05 21:00:00,1767646821.0,0.001
2026-01-05 22:00:00,1767650434.0,0.0035
2026-01-05 23:00:00,1767654017.0,0.002
2026-01-06 00:00:00,1767657625.0,0.0015
2026-01-06 01:00:00,1767661223.0,0.0015
2026-01-06 02:00:00,1767664820.0,0.0015
2026-01-06 03:00:00,1767668421.0,0.0015
2026-01-06 04:00:00,1767672022.0,0.006
2026-01-06 05:00:00,1767675617.0,0.003
2026-01-06 06:00:00,1767679226.0,0.003
2026-01-06 07:00:00,1767682825.0,0.003
2026-01-06 08:00:00,1767686424.0,0.0015
2026-01-06 09:00:00,1767690022.0,0.0015
2026-01-06 10:00:00,1767693618.0,0.0015
2026-01-06 11:00:00,1767697223.0,0.0015
2026-01-06 12:00:00,1767700823.0,0.001
2026-01-06 13:00:00,1767704437.0,0.0015
2026-01-06 14:00:00,1767708021.0,0.0015
2026-01-06 15:00:00,1767711626.0,0.001
2026-01-06 16:00:00,1767715218.0,0.001
2026-01-06 17:00:00,1767718825.0,0.001
2026-01-06 18:00:00,1767722422.0,0.0005
2026-01-06 19:00:00,1767726019.0,0.0005
2026-01-06 20:00:00,1767729619.0,0.0005
2026-01-06 21:00:00,1767733221.0,0.0005
2026-01-06 22:00:00,1767736818.0,0.0015
2026-01-06 23:00:00,1767740439.0,0.0015
2026-01-07 00:00:00,1767744023.0,0.0015
2026-01-07 01:00:00,1767747618.0,0.001
2026-01-07 02:00:00,1767751219.0,0.001
2026-01-07 03:00:00,1767754822.0,0.001
2026-01-07 04:00:00,1767758418.0,0.0005
2026-01-07 05:00:00,1767762018.0,0.0005
2026-01-07 06:00:00,1767765626.0,0.0005
2026-01-07 07:00:00,1767769221.0,0.0005
2026-01-07 08:00:00,1767772821.0,0.0005
2026-01-07 09:00:00,1767776422.0,0.0005
2026-01-07 10:00:00,1767780024.0,0.0005
2026-01-07 11:00:00,1767783618.0,0.0005
2026-01-07 12:00:00,1767787228.0,0.0005
2026-01-07 13:00:00,1767790821.0,0.0005
2026-01-07 14:00:00,1767794418.0,0.0005
2026-01-07 15:00:00,1767798026.0,0.0005
2026-01-07 16:00:00,1767801619.0,0.0005
2026-01-07 17:00:00,1767805228.0,0.0005
2026-01-07 18:00:00,1767808821.0,0.0005
2026-01-07 19:00:00,1767812421.0,0.0005
2026-01-07 20:00:00,1767816021.0,0.0005
2026-01-07 21:00:00,1767819628.0,0.0005
2026-01-07 22:00:00,1767823224.0,0.0005
2026-01-07 23:00:00,1767826820.0,0.0005
2026-01-08 00:00:00,1767830439.0,0.0005
2026-01-08 01:00:00,1767834035.0,0.001
2026-01-08 02:00:00,1767837619.0,0.001
2026-01-08 03:00:00,1767841222.0,0.001
2026-01-08 04:00:00,1767844819.0,0.001
2026-01-08 05:00:00,1767848419.0,0.0005
2026-01-08 06:00:00,1767852022.0,0.0005
2026-01-08 07:00:00,1767855620.0,0.0005
2026-01-08 08:00:00,1767859230.0,0.0005
2026-01-08 09:00:00,1767862822.0,0.0005
2026-01-08 10:00:00,1767866441.0,0.0005
2026-01-08 11:00:00,1767870019.0,0.0005
2026-01-08 12:00:00,1767873647.0,0.0005
2026-01-08 13:00:00,1767877218.0,0.0005
2026-01-08 14:00:00,1767880823.0,0.0005
2026-01-08 15:00:00,1767884422.0,0.001
2026-01-08 16:00:00,1767888034.0,0.0015
2026-01-08 17:00:00,1767891626.0,0.0005
2026-01-08 18:00:00,1767895222.0,0.0005
2026-01-08 19:00:00,1767898820.0,0.0005
2026-01-08 20:00:00,1767902421.0,0.0005
2026-01-08 21:00:00,1767906023.0,0.001
2026-01-08 22:00:00,1767909624.0,0.001
2026-01-08 23:00:00,1767913221.0,0.0005
2026-01-09 00:00:00,1767916824.0,0.0005
2026-01-09 01:00:00,1767920420.0,0.0005
2026-01-09 02:00:00,1767924020.0,0.0005
2026-01-09 03:00:00,1767927624.0,0.0005
2026-01-09 04:00:00,1767931219.0,0.0005
2026-01-09 05:00:00,1767934820.0,0.0005
2026-01-09 06:00:00,1767938423.0,0.0005
2026-01-09 07:00:00,1767942019.0,0.0005
2026-01-09 08:00:00,1767945620.0,0.0005
2026-01-09 09:00:00,1767949222.0,0.0005
2026-01-09 10:00:00,1767952821.0,0.0005
2026-01-09 11:00:00,1767956419.0,0.0005
2026-01-09 12:00:00,1767960038.0,0.0005
2026-01-09 13:00:00,1767963620.0,0.0005
2026-01-09 14:00:00,1767967220.0,0.0005
2026-01-09 15:00:00,1767970825.0,0.0005
2026-01-09 16:00:00,1767974422.0,0.0005
2026-01-09 17:00:00,1767978026.0,0.0005
2026-01-09 18:00:00,1767981625.0,0.0005
2026-01-09 19:00:00,1767985221.0,0.0045
2026-01-09 20:00:00,1767988843.0,0.0015
2026-01-09 21:00:00,1767992423.0,0.0025
2026-01-09 22:00:00,1767996021.0,0.007
2026-01-09 23:00:00,1767999620.0,0.005
2026-01-10 00:00:00,1768003225.0,0.0035
2026-01-10 01:00:00,1768006821.0,0.001
2026-01-10 02:00:00,1768010419.0,0.001
2026-01-10 03:00:00,1768014022.0,0.001
2026-01-10 04:00:00,1768017619.0,0.0015
2026-01-10 05:00:00,1768021219.0,0.0015
2026-01-10 06:00:00,1768024825.0,0.0015
2026-01-10 07:00:00,1768028420.0,0.0015
2026-01-10 08:00:00,1768032034.0,0.0015
2026-01-10 09:00:00,1768035624.0,0.0015
2026-01-10 10:00:00,1768039224.0,0.0015
2026-01-10 11:00:00,1768042821.0,0.0015
2026-01-10 12:00:00,1768046428.0,0.0045
2026-01-10 13:00:00,1768050022.0,0.003
2026-01-10 14:00:00,1768053624.0,0.003
2026-01-10 15:00:00,1768057224.0,0.003
2026-01-10 16:00:00,1768060832.0,0.0035
2026-01-10 17:00:00,1768064425.0,0.003
2026-01-10 18:00:00,1768068026.0,0.003
2026-01-10 19:00:00,1768071620.0,0.002
2026-01-10 20:00:00,1768075221.0,0.002
2026-01-10 21:00:00,1768078827.0,0.002
2026-01-10 22:00:00,1768082421.0,0.002
2026-01-10 23:00:00,1768086043.0,0.002
2026-01-11 00:00:00,1768089621.0,0.002
2026-01-11 01:00:00,1768093217.0,0.002
2026-01-11 02:00:00,1768096830.0,0.002
2026-01-11 03:00:00,1768100420.0,0.002
2026-01-11 04:00:00,1768104018.0,0.002
2026-01-11 05:00:00,1768107614.0,0.0015
2026-01-11 06:00:00,1768111220.0,0.0015
2026-01-11 07:00:00,1768114818.0,0.0015
2026-01-11 08:00:00,1768118417.0,0.0015
2026-01-11 09:00:00,1768122018.0,0.001
2026-01-11 10:00:00,1768125614.0,0.001
2026-01-11 11:00:00,1768129236.0,0.0005
2026-01-11 12:00:00,1768132821.0,0.0015
2026-01-11 13:00:00,1768136417.0,0.003
2026-01-11 14:00:00,1768140018.0,0.0015
2026-01-11 15:00:00,1768143639.0,0.0015
2026-01-11 16:00:00,1768147216.0,0.0015
2026-01-11 17:00:00,1768150840.0,0.0015
2026-01-11 18:00:00,1768154425.0,0.0015
2026-01-11 19:00:00,1768158018.0,0.0015
2026-01-11 20:00:00,1768161623.0,0.0015
2026-01-11 21:00:00,1768165239.0,0.003
2026-01-11 22:00:00,1768168822.0,0.003
2026-01-11 23:00:00,1768172418.0,0.0025
2026-01-12 00:00:00,1768176024.0,0.004
2026-01-12 01:00:00,1768179617.0,0.0025
2026-01-12 02:00:00,1768183228.0,0.002
2026-01-12 03:00:00,1768186836.0,0.0015
2026-01-12 04:00:00,1768190420.0,0.0015
2026-01-12 05:00:00,1768194017.0,0.0015
2026-01-12 06:00:00,1768197620.0,0.0015
2026-01-12 07:00:00,1768201219.0,0.0015
2026-01-12 08:00:00,1768204819.0,0.0015
2026-01-12 09:00:00,1768208421.0,0.0015
2026-01-12 10:00:00,1768212017.0,0.0005
2026-01-12 11:00:00,1768215628.0,0.0005
2026-01-12 12:00:00,1768219228.0,0.0005
2026-01-12 13:00:00,1768222819.0,0.0005
2026-01-12 14:00:00,1768226417.0,0.0005
2026-01-12 15:00:00,1768230025.0,0.0015
2026-01-12 16:00:00,1768233617.0,0.0005
2026-01-12 17:00:00,1768237220.0,0.0005
2026-01-12 18:00:00,1768240848.0,0.0015
2026-01-12 19:00:00,1768244419.0,0.0015
2026-01-12 20:00:00,1768248024.0,0.001
2026-01-12 21:00:00,1768251626.0,0.001
2026-01-12 22:00:00,1768255247.0,0.0005
2026-01-12 23:00:00,1768258823.0,0.0005
2026-01-13 00:00:00,1768262425.0,0.0005
2026-01-13 01:00:00,1768266089.0,0.0005
2026-01-13 02:00:00,1768269617.0,0.0005
2026-01-13 03:00:00,1768273224.0,0.0005
2026-01-13 04:00:00,1768276819.0,0.0005
2026-01-13 05:00:00,1768280419.0,0.0005
2026-01-13 06:00:00,1768284024.0,0.0005
2026-01-13 07:00:00,1768287643.0,0.0005
2026-01-13 08:00:00,1768291233.0,0.0005
2026-01-13 09:00:00,1768294826.0,0.0005
2026-01-13 10:00:00,1768298419.0,0.0005
2026-01-13 11:00:00,1768302020.0,0.0005
2026-01-13 12:00:00,1768305628.0,0.0005
2026-01-13 13:00:00,1768309261.0,0.0005
2026-01-13 14:00:00,1768312834.0,0.0005
2026-01-13 15:00:00,1768316423.0,0.0005
2026-01-13 16:00:00,1768320041.0,0.0005
2026-01-13 17:00:00,1768323628.0,0.0005
2026-01-13 18:00:00,1768327225.0,0.0005
2026-01-13 19:00:00,1768330867.0,0.0005
2026-01-13 20:00:00,1768334420.0,0.0005
2026-01-13 21:00:00,1768338024.0,0.0005
2026-01-13 22:00:00,1768341623.0,0.0005
2026-01-13 23:00:00,1768345221.0,0.0005
2026-01-14 00:00:00,1768348826.0,0.0005
2026-01-14 01:00:00,1768352420.0,0.0005
2026-01-14 02:00:00,1768356021.0,0.0005
2026-01-14 03:00:00,1768359624.0,0.0005
2026-01-14 04:00:00,1768363224.0,0.0005
2026-01-14 05:00:00,1768366825.0,0.0005
2026-01-14 06:00:00,1768370425.0,0.0005
2026-01-14 07:00:00,1768374022.0,0.0005
2026-01-14 08:00:00,1768377636.0,0.0005
2026-01-14 09:00:00,1768381224.0,0.001
2026-01-14 10:00:00,1768384820.0,0.0005
2026-01-14 11:00:00,1768388420.0,0.0005
2026-01-14 12:00:00,1768392027.0,0.0005
2026-01-14 13:00:00,1768395624.0,0.0005
2026-01-14 14:00:00,1768399220.0,0.0005
2026-01-14 15:00:00,1768402845.0,0.0005
2026-01-14 16:00:00,1768406434.0,0.0005
2026-01-14 17:00:00,1768410026.0,0.0005
2026-01-14 18:00:00,1768413628.0,0.0005
2026-01-14 19:00:00,1768417222.0,0.0015
2026-01-14 20:00:00,1768420822.0,0.0015
2026-01-14 21:00:00,1768424427.0,0.002
2026-01-14 22:00:00,1768428026.0,0.002
2026-01-14 23:00:00,1768431622.0,0.002
2026-01-15 00:00:00,1768435228.0,0.0015
2026-01-15 01:00:00,1768438820.0,0.0015
2026-01-15 02:00:00,1768442421.0,0.0015
2026-01-15 03:00:00,1768446041.0,0.002
2026-01-15 04:00:00,1768449622.0,0.002
2026-01-15 05:00:00,1768453221.0,0.002
2026-01-15 06:00:00,1768456826.0,0.002
2026-01-15 07:00:00,1768460423.0,0.002
2026-01-15 08:00:00,1768464021.0,0.0015
2026-01-15 09:00:00,1768467629.0,0.0015
2026-01-15 10:00:00,1768471222.0,0.0015
2026-01-15 11:00:00,1768474821.0,0.0005
2026-01-15 12:00:00,1768478427.0,0.0005
2026-01-15 13:00:00,1768482022.0,0.0005
2026-01-15 14:00:00,1768485621.0,0.0005
2026-01-15 15:00:00,1768489225.0,0.0005
2026-01-15 16:00:00,1768492821.0,0.0005
2026-01-15 17:00:00,1768496429.0,0.0005
2026-01-15 18:00:00,1768500040.0,0.0005
2026-01-15 19:00:00,1768503628.0,0.0005
2026-01-15 20:00:00,1768507225.0,0.0005
2026-01-15 21:00:00,1768510832.0,0.0005
2026-01-15 22:00:00,1768514423.0,0.0005
2026-01-15 23:00:00,1768518024.0,0.0005
2026-01-16 00:00:00,1768521631.0,0.0005
2026-01-16 01:00:00,1768525227.0,0.0005
2026-01-16 02:00:00,1768528824.0,0.0005
2026-01-16 03:00:00,1768532431.0,0.0005
2026-01-16 04:00:00,1768536023.0,0.0005
2026-01-16 05:00:00,1768539622.0,0.0005
2026-01-16 06:00:00,1768543227.0,0.0005
2026-01-16 07:00:00,1768546823.0,0.0005
2026-01-16 08:00:00,1768550423.0,0.0005
2026-01-16 09:00:00,1768554026.0,0.0005
2026-01-16 10:00:00,1768557622.0,0.0005
2026-01-16 11:00:00,1768561221.0,0.0005
2026-01-16 12:00:00,1768564829.0,0.0005
2026-01-16 13:00:00,1768568423.0,0.0005
2026-01-16 14:00:00,1768572022.0,0.0005
2026-01-16 15:00:00,1768575626.0,0.0005
2026-01-16 16:00:00,1768579222.0,0.0005
2026-01-16 17:00:00,1768582825.0,0.0005
2026-01-16 18:00:00,1768586428.0,0.0005
2026-01-16 19:00:00,1768590027.0,0.0005
2026-01-16 20:00:00,1768593623.0,0.0005
2026-01-16 21:00:00,1768597231.0,0.0005
2026-01-16 22:00:00,1768600847.0,0.0005
2026-01-16 23:00:00,1768604423.0,0.0005
2026-01-17 00:00:00,1768608028.0,0.0005
2026-01-17 01:00:00,1768611623.0,0.0005
2026-01-17 02:00:00,1768615223.0,0.0005
2026-01-17 03:00:00,1768618827.0,0.0005
2026-01-17 04:00:00,1768622422.0,0.0005
2026-01-17 05:00:00,1768626023.0,0.0005
2026-01-17 06:00:00,1768629626.0,0.0005
2026-01-17 07:00:00,1768633224.0,0.0005
2026-01-17 08:00:00,1768636822.0,0.0005
2026-01-17 09:00:00,1768640427.0,0.0005
2026-01-17 10:00:00,1768644037.0,0.0005
2026-01-17 11:00:00,1768647622.0,0.0005
2026-01-17 12:00:00,1768651245.0,0.0005
2026-01-17 13:00:00,1768654823.0,0.0005
2026-01-17 14:00:00,1768658448.0,0.0005
2026-01-17 15:00:00,1768662032.0,0.0005
2026-01-17 16:00:00,1768665622.0,0.0005
2026-01-17 17:00:00,1768669238.0,0.0005
2026-01-17 18:00:00,1768672829.0,0.0005
2026-01-17 19:00:00,1768676427.0,0.0005
2026-01-17 20:00:00,1768680047.0,0.0005
2026-01-17 21:00:00,1768683640.0,0.0005
2026-01-17 22:00:00,1768687223.0,0.0005
2026-01-17 23:00:00,1768690823.0,0.0005
2026-01-18 00:00:00,1768694444.0,0.0005
2026-01-18 01:00:00,1768698021.0,0.0005
2026-01-18 02:00:00,1768701653.0,0.0005
2026-01-18 03:00:00,1768705229.0,0.0005
2026-01-18 04:00:00,1768708826.0,0.0005
2026-01-18 05:00:00,1768712433.0,0.0005
2026-01-18 06:00:00,1768716055.0,0.0005
2026-01-18 07:00:00,1768719621.0,0.0005
2026-01-18 08:00:00,1768723258.0,0.0005
2026-01-18 09:00:00,1768726825.0,0.0005
2026-01-18 10:00:00,1768730421.0,0.0005
2026-01-18 11:00:00,1768734024.0,0.0005
2026-01-18 12:00:00,1768737644.0,0.0005
2026-01-18 13:00:00,1768741235.0,0.0005
2026-01-18 14:00:00,1768744823.0,0.0005
2026-01-18 15:00:00,1768748426.0,0.0005
2026-01-18 16:00:00,1768752021.0,0.0005
2026-01-18 17:00:00,1768755644.0,0.001
2026-01-18 18:00:00,1768759243.0,0.001
2026-01-18 19:00:00,1768762822.0,0.0005
2026-01-18 20:00:00,1768766427.0,0.0005
2026-01-18 21:00:00,1768770027.0,0.0005
2026-01-18 22:00:00,1768773621.0,0.0005
2026-01-18 23:00:00,1768777226.0,0.0005
2026-01-19 00:00:00,1768780823.0,0.0005
2026-01-19 01:00:00,1768784510.0,0.0005
2026-01-19 02:00:00,1768788034.0,0.0005
2026-01-19 03:00:00,1768791621.0,0.0005
2026-01-19 04:00:00,1768795222.0,0.0005
2026-01-19 05:00:00,1768798827.0,0.0005
2026-01-19 06:00:00,1768802422.0,0.0005
2026-01-19 07:00:00,1768806037.0,0.0005
2026-01-19 08:00:00,1768809628.0,0.0005
2026-01-19 09:00:00,1768813225.0,0.0005
2026-01-19 10:00:00,1768816817.0,0.0005
2026-01-19 11:00:00,1768820427.0,0.0005
2026-01-19 12:00:00,1768824027.0,0.001
2026-01-19 13:00:00,1768827616.0,0.0005
2026-01-19 14:00:00,1768831216.0,0.0005
2026-01-19 15:00:00,1768834824.0,0.0005
2026-01-19 16:00:00,1768838418.0,0.0005
2026-01-19 17:00:00,1768842033.0,0.001
2026-01-19 18:00:00,1768845627.0,0.001
2026-01-19 19:00:00,1768849219.0,0.001
2026-01-19 20:00:00,1768852826.0,0.001
2026-01-19 21:00:00,1768856424.0,0.001
2026-01-19 22:00:00,1768860023.0,0.0005
2026-01-19 23:00:00,1768863633.0,0.0005
2026-01-20 00:00:00,1768867225.0,0.0005
2026-01-20 01:00:00,1768870818.0,0.0005
2026-01-20 02:00:00,1768874418.0,0.0005
2026-01-20 03:00:00,1768878038.0,0.0005
2026-01-20 04:00:00,1768881642.0,0.0005
2026-01-20 05:00:00,1768885233.0,0.0005
2026-01-20 06:00:00,1768888828.0,0.0005
2026-01-20 07:00:00,1768892420.0,0.0005
2026-01-20 08:00:00,1768896020.0,0.0005
2026-01-20 09:00:00,1768899622.0,0.0005
2026-01-20 10:00:00,1768903223.0,0.0005
2026-01-20 11:00:00,1768906819.0,0.0005
2026-01-20 12:00:00,1768910426.0,0.0005
2026-01-20 13:00:00,1768914019.0,0.0005
2026-01-20 14:00:00,1768917619.0,0.0005
2026-01-20 15:00:00,1768921225.0,0.0005
2026-01-20 16:00:00,1768924818.0,0.0005
2026-01-20 17:00:00,1768928422.0,0.0005
2026-01-20 18:00:00,1768932023.0,0.0005
2026-01-20 19:00:00,1768935618.0,0.0005
2026-01-20 20:00:00,1768939220.0,0.0005
2026-01-20 21:00:00,1768942841.0,0.0005
2026-01-20 22:00:00,1768946420.0,0.0005
2026-01-20 23:00:00,1768950019.0,0.0005
2026-01-21 00:00:00,1768953627.0,0.0005
2026-01-21 01:00:00,1768957219.0,0.0005
2026-01-21 02:00:00,1768960821.0,0.0005
2026-01-21 03:00:00,1768964427.0,0.0005
2026-01-21 04:00:00,1768968019.0,0.0005
2026-01-21 05:00:00,1768971619.0,0.0005
2026-01-21 06:00:00,1768975225.0,0.0005
2026-01-21 07:00:00,1768978822.0,0.0005
2026-01-21 08:00:00,1768982421.0,0.0005
2026-01-21 09:00:00,1768986058.0,0.0005
2026-01-21 10:00:00,1768989622.0,0.0005
2026-01-21 11:00:00,1768993222.0,0.0005
2026-01-21 12:00:00,1768996852.0,0.0005
2026-01-21 13:00:00,1769000420.0,0.0005
2026-01-21 14:00:00,1769004024.0,0.0005
2026-01-21 15:00:00,1769007625.0,0.0005
2026-01-21 16:00:00,1769011224.0,0.0005
2026-01-21 17:00:00,1769014830.0,0.0005
2026-01-21 18:00:00,1769018450.0,0.0005
2026-01-21 19:00:00,1769022036.0,0.0005
2026-01-21 20:00:00,1769025624.0,0.0005
2026-01-21 21:00:00,1769029260.0,0.0005
2026-01-21 22:00:00,1769032822.0,0.0005
2026-01-21 23:00:00,1769036423.0,0.0005
2026-01-22 00:00:00,1769040040.0,0.0005
2026-01-22 01:00:00,1769043621.0,0.0005
2026-01-22 02:00:00,1769047225.0,0.0005
2026-01-22 03:00:00,1769050833.0,0.0005
2026-01-22 04:00:00,1769054420.0,0.0005
2026-01-22 05:00:00,1769058021.0,0.0005
2026-01-22 06:00:00,1769061625.0,0.0005
2026-01-22 07:00:00,1769065223.0,0.0005
2026-01-22 08:00:00,1769068826.0,0.0005
2026-01-22 09:00:00,1769072435.0,0.0005
2026-01-22 10:00:00,1769076022.0,0.0005
2026-01-22 11:00:00,1769079621.0,0.0005
2026-01-22 12:00:00,1769083258.0,0.0005
2026-01-22 13:00:00,1769086822.0,0.0005
2026-01-22 14:00:00,1769090427.0,0.0005
2026-01-22 15:00:00,1769094047.0,0.0005
2026-01-22 16:00:00,1769097622.0,0.0005
2026-01-22 17:00:00,1769101227.0,0.0005
2026-01-22 18:00:00,1769104847.0,0.0005
2026-01-22 19:00:00,1769108421.0,0.0005
2026-01-22 20:00:00,1769112024.0,0.0005
2026-01-22 21:00:00,1769115637.0,0.0005
2026-01-22 22:00:00,1769119223.0,0.0005
2026-01-22 23:00:00,1769122823.0,0.0005
2026-01-23 00:00:00,1769126444.0,0.0005
2026-01-23 01:00:00,1769130021.0,0.0005
2026-01-23 02:00:00,1769133623.0,0.0005
2026-01-23 03:00:00,1769137239.0,0.0005
2026-01-23 04:00:00,1769140823.0,0.0005
2026-01-23 05:00:00,1769144420.0,0.0005
2026-01-23 06:00:00,1769148027.0,0.0005
2026-01-23 07:00:00,1769151623.0,0.0005
2026-01-23 08:00:00,1769155224.0,0.0005
2026-01-23 09:00:00,1769158828.0,0.0005
2026-01-23 10:00:00,1769162445.0,0.0005
2026-01-23 11:00:00,1769166024.0,0.0005
2026-01-23 12:00:00,1769169663.0,0.0005
2026-01-23 13:00:00,1769173221.0,0.0005
2026-01-23 14:00:00,1769176822.0,0.0005
2026-01-23 15:00:00,1769180427.0,0.0005
2026-01-23 16:00:00,1769184021.0,0.0005
2026-01-23 17:00:00,1769187644.0,0.0005
2026-01-23 18:00:00,1769191255.0,0.0005
2026-01-23 19:00:00,1769194824.0,0.0005
2026-01-23 20:00:00,1769198424.0,0.0005
2026-01-23 21:00:00,1769202027.0,0.0005
2026-01-23 22:00:00,1769205628.0,0.0005
2026-01-23 23:00:00,1769209228.0,0.0005
2026-01-24 00:00:00,1769212842.0,0.0005
2026-01-24 01:00:00,1769216424.0,0.0005
2026-01-24 02:00:00,1769220027.0,0.0005
2026-01-24 03:00:00,1769223660.0,0.0005
2026-01-24 04:00:00,1769227222.0,0.0005
2026-01-24 05:00:00,1769230845.0,0.0005
2026-01-24 06:00:00,1769234460.0,0.0005
2026-01-24 07:00:00,1769238024.0,0.0005
2026-01-24 08:00:00,1769241626.0,0.001
2026-01-24 09:00:00,1769245237.0,0.001
2026-01-24 10:00:00,1769248837.0,0.001
2026-01-24 11:00:00,1769252429.0,0.0005
2026-01-24 12:00:00,1769256042.0,0.0005
2026-01-24 13:00:00,1769259623.0,0.0005
2026-01-24 14:00:00,1769263233.0,0.0005
2026-01-24 15:00:00,1769266832.0,0.0005
2026-01-24 16:00:00,1769270424.0,0.0005
2026-01-24 17:00:00,1769274029.0,0.0005
2026-01-24 18:00:00,1769277629.0,0.0005
2026-01-24 19:00:00,1769281225.0,0.0005
2026-01-24 20:00:00,1769284824.0,0.0005
2026-01-24 21:00:00,1769288438.0,0.0005
2026-01-24 22:00:00,1769292023.0,0.001
2026-01-24 23:00:00,1769295623.0,0.001
2026-01-25 00:00:00,1769299247.0,0.001
2026-01-25 01:00:00,1769302823.0,0.001
2026-01-25 02:00:00,1769306421.0,0.001
2026-01-25 03:00:00,1769310035.0,0.001
2026-01-25 04:00:00,1769313621.0,0.001
2026-01-25 05:00:00,1769317221.0,0.001
2026-01-25 06:00:00,1769320824.0,0.0005
2026-01-25 07:00:00,1769324426.0,0.0005
2026-01-25 08:00:00,1769328023.0,0.001
2026-01-25 09:00:00,1769331659.0,0.001
2026-01-25 10:00:00,1769335247.0,0.0005
2026-01-25 11:00:00,1769338821.0,0.0005
2026-01-25 12:00:00,1769342464.0,0.0005
2026-01-25 13:00:00,1769346034.0,0.0005
2026-01-25 14:00:00,1769349625.0,0.0005
2026-01-25 15:00:00,1769353230.0,0.0015
2026-01-25 16:00:00,1769356846.0,0.0015
2026-01-25 17:00:00,1769360438.0,0.0015
2026-01-25 18:00:00,1769364034.0,0.0005
2026-01-25 19:00:00,1769367622.0,0.0005
2026-01-25 20:00:00,1769371223.0,0.0005
2026-01-25 21:00:00,1769374834.0,0.0005
2026-01-25 22:00:00,1769378427.0,0.0005
2026-01-25 23:00:00,1769382023.0,0.0005
2026-01-26 00:00:00,1769385647.0,0.0005
2026-01-26 01:00:00,1769389222.0,0.0005
2026-01-26 02:00:00,1769392826.0,0.0005
2026-01-26 03:00:00,1769396426.0,0.0005
2026-01-26 04:00:00,1769400022.0,0.0005
2026-01-26 05:00:00,1769403621.0,0.0005
2026-01-26 06:00:00,1769407239.0,0.0005
2026-01-26 07:00:00,1769410824.0,0.0005
2026-01-26 08:00:00,1769414423.0,0.0005
2026-01-26 09:00:00,1769418038.0,0.0005
2026-01-26 10:00:00,1769421622.0,0.0005
2026-01-26 11:00:00,1769425227.0,0.0005
2026-01-26 12:00:00,1769428841.0,0.0005
2026-01-26 13:00:00,1769432426.0,0.0005
2026-01-26 14:00:00,1769436022.0,0.0005
2026-01-26 15:00:00,1769439628.0,0.0005
2026-01-26 16:00:00,1769443223.0,0.0005
2026-01-26 17:00:00,1769446831.0,0.0005
2026-01-26 18:00:00,1769450435.0,0.0005
2026-01-26 19:00:00,1769454024.0,0.0005
2026-01-26 20:00:00,1769457629.0,0.0005
2026-01-26 21:00:00,1769461230.0,0.0005
2026-01-26 22:00:00,1769464823.0,0.0005
2026-01-26 23:00:00,1769468424.0,0.0005
2026-01-27 00:00:00,1769472040.0,0.0005
2026-01-27 01:00:00,1769475618.0,0.0005
2026-01-27 02:00:00,1769479218.0,0.0005
2026-01-27 03:00:00,1769482827.0,0.0005
2026-01-27 04:00:00,1769486420.0,0.0005
2026-01-27 05:00:00,1769490019.0,0.0005
2026-01-27 06:00:00,1769493620.0,0.0005
2026-01-27 07:00:00,1769497227.0,0.0005
2026-01-27 08:00:00,1769500821.0,0.0005
2026-01-27 09:00:00,1769504422.0,0.0005
2026-01-27 10:00:00,1769508027.0,0.0005
2026-01-27 11:00:00,1769511620.0,0.0005
2026-01-27 12:00:00,1769515227.0,0.0005
2026-01-27 13:00:00,1769518832.0,0.0005
2026-01-27 14:00:00,1769522419.0,0.0005
2026-01-27 15:00:00,1769526021.0,0.001
2026-01-27 16:00:00,1769529619.0,0.0005
2026-01-27 17:00:00,1769533219.0,0.0005
2026-01-27 18:00:00,1769536822.0,0.0005
2026-01-27 19:00:00,1769540421.0,0.0005
2026-01-27 20:00:00,1769544019.0,0.0005
2026-01-27 21:00:00,1769547622.0,0.0005
2026-01-27 22:00:00,1769551219.0,0.0005
2026-01-27 23:00:00,1769554821.0,0.0005
2026-01-28 00:00:00,1769558429.0,0.0005
2026-01-28 01:00:00,1769562037.0,0.0005
2026-01-28 02:00:00,1769565625.0,0.0005
2026-01-28 03:00:00,1769569226.0,0.0005
2026-01-28 04:00:00,1769572846.0,0.001
2026-01-28 05:00:00,1769576420.0,0.0015
2026-01-28 06:00:00,1769580022.0,0.0015
2026-01-28 07:00:00,1769583622.0,0.0015
2026-01-28 08:00:00,1769587221.0,0.0015
2026-01-28 09:00:00,1769590828.0,0.0015
2026-01-28 10:00:00,1769594451.0,0.0025
2026-01-28 11:00:00,1769598021.0,0.0015
2026-01-28 12:00:00,1769601630.0,0.0025
2026-01-28 13:00:00,1769605245.0,0.0025
2026-01-28 14:00:00,1769608821.0,0.0025
2026-01-28 15:00:00,1769612423.0,0.0015
2026-01-28 16:00:00,1769616021.0,0.0015
2026-01-28 17:00:00,1769619625.0,0.0015
2026-01-28 18:00:00,1769623250.0,0.0025
2026-01-28 19:00:00,1769626822.0,0.0025
2026-01-28 20:00:00,1769630428.0,0.0025
2026-01-28 21:00:00,1769634023.0,0.0025
2026-01-28 22:00:00,1769637622.0,0.0015
2026-01-28 23:00:00,1769641222.0,0.0015
2026-01-29 00:00:00,1769644844.0,0.0015
2026-01-29 01:00:00,1769648422.0,0.0015
2026-01-29 02:00:00,1769652022.0,0.0015
2026-01-29 03:00:00,1769655626.0,0.0015
2026-01-29 04:00:00,1769659223.0,0.0015
2026-01-29 05:00:00,1769662823.0,0.0015
2026-01-29 06:00:00,1769666426.0,0.0015
2026-01-29 07:00:00,1769670025.0,0.0015
2026-01-29 08:00:00,1769673623.0,0.0005
2026-01-29 09:00:00,1769677227.0,0.0005
2026-01-29 10:00:00,1769680827.0,0.0005
2026-01-29 11:00:00,1769684424.0,0.0005
2026-01-29 12:00:00,1769688035.0,0.001
2026-01-29 13:00:00,1769691623.0,0.0005
2026-01-29 14:00:00,1769695223.0,0.0015
2026-01-29 15:00:00,1769698826.0,0.0005
2026-01-29 16:00:00,1769702423.0,0.0005
2026-01-29 17:00:00,1769706023.0,0.0005
2026-01-29 18:00:00,1769709627.0,0.0005
2026-01-29 19:00:00,1769713224.0,0.0005
2026-01-29 20:00:00,1769716835.0,0.0005
2026-01-29 21:00:00,1769720428.0,0.0005
2026-01-29 22:00:00,1769724025.0,0.0005
2026-01-29 23:00:00,1769727624.0,0.0005
2026-01-30 00:00:00,1769731233.0,0.0005
2026-01-30 01:00:00,1769734824.0,0.0005
2026-01-30 02:00:00,1769738425.0,0.0005
2026-01-30 03:00:00,1769742027.0,0.0005
2026-01-30 04:00:00,1769745625.0,0.0005
2026-01-30 05:00:00,1769749225.0,0.0005
2026-01-30 06:00:00,1769752826.0,0.0005
2026-01-30 07:00:00,1769756425.0,0.0005
2026-01-30 08:00:00,1769760024.0,0.0005
2026-01-30 09:00:00,1769763656.0,0.0005
2026-01-30 10:00:00,1769767224.0,0.0005
2026-01-30 11:00:00,1769770852.0,0.0005
2026-01-30 12:00:00,1769774449.0,0.0005
2026-01-30 13:00:00,1769778025.0,0.0005
2026-01-30 14:00:00,1769781625.0,0.0005
2026-01-30 15:00:00,1769785229.0,0.0005
2026-01-30 16:00:00,1769788826.0,0.0005
2026-01-30 17:00:00,1769792429.0,0.0005
2026-01-30 18:00:00,1769796028.0,0.0005
2026-01-30 19:00:00,1769799626.0,0.0005
2026-01-30 20:00:00,1769803226.0,0.0005
2026-01-30 21:00:00,1769806829.0,0.0005
2026-01-30 22:00:00,1769810431.0,0.0005
2026-01-30 23:00:00,1769814025.0,0.0005
2026-01-31 00:00:00,1769817634.0,0.0005
2026-01-31 01:00:00,1769821225.0,0.0005
2026-01-31 02:00:00,1769824825.0,0.0005
2026-01-31 03:00:00,1769828427.0,0.0005
2026-01-31 04:00:00,1769832026.0,0.0005
2026-01-31 05:00:00,1769835626.0,0.0005
2026-01-31 06:00:00,1769839228.0,0.0005
2026-01-31 07:00:00,1769842827.0,0.0005
2026-01-31 08:00:00,1769846426.0,0.0005
2026-01-31 09:00:00,1769850057.0,0.0005
2026-01-31 10:00:00,1769853627.0,0.0005
2026-01-31 11:00:00,1769857225.0,0.0005
2026-01-31 12:00:00,1769860840.0,0.0005
2026-01-31 13:00:00,1769864428.0,0.0005
2026-01-31 14:00:00,1769868025.0,0.0005
2026-01-31 15:00:00,1769871632.0,0.0005
2026-01-31 16:00:00,1769875225.0,0.0005
2026-01-31 17:00:00,1769878849.0,0.0005
2026-01-31 18:00:00,1769882432.0,0.0005
2026-01-31 19:00:00,1769886029.0,0.0005
2026-01-31 20:00:00,1769889626.0,0.0005
2026-01-31 21:00:00,1769893246.0,0.0005
2026-01-31 22:00:00,1769896852.0,0.0005
2026-01-31 23:00:00,1769900425.0,0.0005
2026-02-01 00:00:00,1769904041.0,0.0005
2026-02-01 01:00:00,1769907755.0,0.0005
2026-02-01 02:00:00,1769911223.0,0.0005
2026-02-01 03:00:00,1769914829.0,0.0005
