time_utc,t,p
2025-08-05 17:00:00,1754415789.0,0.5
2025-08-05 18:00:00,1754416808.0,0.485
2025-08-05 19:00:00,1754420409.0,0.35
2025-08-05 20:00:00,1754424009.0,0.03
2025-08-05 21:00:00,1754427610.0,0.03
2025-08-05 22:00:00,1754431209.0,0.03
2025-08-05 23:00:00,1754434808.0,0.026
2025-08-06 00:00:00,1754438409.0,0.026
2025-08-06 01:00:00,1754442009.0,0.026
2025-08-06 02:00:00,1754445610.0,0.026
2025-08-06 03:00:00,1754449209.0,0.0215
2025-08-06 04:00:00,1754452810.0,0.021
2025-08-06 05:00:00,1754456410.0,0.025
2025-08-06 06:00:00,1754460009.0,0.0255
2025-08-06 07:00:00,1754463609.0,0.0285
2025-08-06 08:00:00,1754467209.0,0.028
2025-08-06 09:00:00,1754470809.0,0.0285
2025-08-06 10:00:00,1754474409.0,0.029
2025-08-06 11:00:00,1754478009.0,0.029
2025-08-06 12:00:00,1754481608.0,0.029
2025-08-06 13:00:00,1754485209.0,0.0285
2025-08-06 14:00:00,1754488809.0,0.029
2025-08-06 15:00:00,1754492410.0,0.029
2025-08-06 16:00:00,1754496009.0,0.0285
2025-08-06 17:00:00,1754499608.0,0.029
2025-08-06 18:00:00,1754503209.0,0.028
2025-08-06 19:00:00,1754506806.0,0.028
2025-08-06 20:00:00,1754510403.0,0.0285
2025-08-06 21:00:00,1754514005.0,0.027
2025-08-06 22:00:00,1754517613.0,0.0215
2025-08-06 23:00:00,1754521212.0,0.02
2025-08-07 00:00:00,1754524805.0,0.018
2025-08-07 01:00:00,1754528403.0,0.0175
2025-08-07 02:00:00,1754532002.0,0.0175
2025-08-07 03:00:00,1754535605.0,0.017
2025-08-07 04:00:00,1754539211.0,0.0175
2025-08-07 05:00:00,1754542811.0,0.0175
2025-08-07 06:00:00,1754546409.0,0.0165
2025-08-07 07:00:00,1754550012.0,0.0175
2025-08-07 08:00:00,1754553612.0,0.016
2025-08-07 09:00:00,1754557223.0,0.018
2025-08-07 10:00:00,1754560808.0,0.018
2025-08-07 11:00:00,1754564412.0,0.018
2025-08-07 12:00:00,1754568013.0,0.018
2025-08-07 13:00:00,1754571603.0,0.018
2025-08-07 14:00:00,1754575213.0,0.018
2025-08-07 15:00:00,1754578815.0,0.006
2025-08-07 16:00:00,1754582406.0,0.0055
2025-08-07 17:00:00,1754586012.0,0.0055
2025-08-07 18:00:00,1754589608.0,0.006
2025-08-07 19:00:00,1754593205.0,0.0065
2025-08-07 20:00:00,1754596804.0,0.0065
2025-08-07 21:00:00,1754600413.0,0.0065
2025-08-07 22:00:00,1754604007.0,0.006
2025-08-07 23:00:00,1754607603.0,0.006
2025-08-08 00:00:00,1754611205.0,0.006
2025-08-08 01:00:00,1754614805.0,0.006
2025-08-08 02:00:00,1754618411.0,0.0055
2025-08-08 03:00:00,1754622003.0,0.0055
2025-08-08 04:00:00,1754625616.0,0.0055
2025-08-08 05:00:00,1754629202.0,0.0055
2025-08-08 06:00:00,1754632813.0,0.0055
2025-08-08 07:00:00,1754636413.0,0.0055
2025-08-08 08:00:00,1754640010.0,0.0055
2025-08-08 09:00:00,1754643618.0,0.0055
2025-08-08 10:00:00,1754647210.0,0.0055
2025-08-08 11:00:00,1754650813.0,0.0055
2025-08-08 12:00:00,1754654420.0,0.0055
2025-08-08 13:00:00,1754658013.0,0.006
2025-08-08 14:00:00,1754661603.0,0.006
2025-08-08 15:00:00,1754665212.0,0.006
2025-08-08 16:00:00,1754668808.0,0.006
2025-08-08 17:00:00,1754672411.0,0.006
2025-08-08 18:00:00,1754676013.0,0.0065
2025-08-08 19:00:00,1754679614.0,0.006
2025-08-08 20:00:00,1754683205.0,0.006
2025-08-08 21:00:00,1754686814.0,0.006
2025-08-08 22:00:00,1754690408.0,0.006
2025-08-08 23:00:00,1754694014.0,0.006
2025-08-09 00:00:00,1754697605.0,0.006
2025-08-09 01:00:00,1754701202.0,0.0165
2025-08-09 02:00:00,1754704815.0,0.014
2025-08-09 03:00:00,1754708412.0,0.014
2025-08-09 04:00:00,1754712014.0,0.0135
2025-08-09 05:00:00,1754715609.0,0.0135
2025-08-09 06:00:00,1754719216.0,0.013
2025-08-09 07:00:00,1754722808.0,0.014
2025-08-09 08:00:00,1754726403.0,0.014
2025-08-09 09:00:00,1754730016.0,0.0135
2025-08-09 10:00:00,1754733612.0,0.0145
2025-08-09 11:00:00,1754737207.0,0.0145
2025-08-09 12:00:00,1754740805.0,0.014
2025-08-09 13:00:00,1754744413.0,0.014
2025-08-09 14:00:00,1754748007.0,0.0135
2025-08-09 15:00:00,1754751616.0,0.0145
2025-08-09 16:00:00,1754755214.0,0.0145
2025-08-09 17:00:00,1754758817.0,0.014
2025-08-09 18:00:00,1754762404.0,0.014
2025-08-09 19:00:00,1754766002.0,0.0145
2025-08-09 20:00:00,1754769613.0,0.0145
2025-08-09 21:00:00,1754773204.0,0.013
2025-08-09 22:00:00,1754776813.0,0.0135
2025-08-09 23:00:00,1754780406.0,0.0135
2025-08-10 00:00:00,1754784009.0,0.0135
2025-08-10 01:00:00,1754787609.0,0.013
2025-08-10 02:00:00,1754791203.0,0.013
2025-08-10 03:00:00,1754794808.0,0.013
2025-08-10 04:00:00,1754798407.0,0.0125
2025-08-10 05:00:00,1754802005.0,0.013
2025-08-10 06:00:00,1754805612.0,0.013
2025-08-10 07:00:00,1754809206.0,0.013
2025-08-10 08:00:00,1754812805.0,0.013
2025-08-10 09:00:00,1754816416.0,0.0125
2025-08-10 10:00:00,1754820014.0,0.013
2025-08-10 11:00:00,1754823615.0,0.013
2025-08-10 12:00:00,1754827221.0,0.013
2025-08-10 13:00:00,1754830806.0,0.013
2025-08-10 14:00:00,1754834408.0,0.0125
2025-08-10 15:00:00,1754838005.0,0.013
2025-08-10 16:00:00,1754841607.0,0.013
2025-08-10 17:00:00,1754845207.0,0.013
2025-08-10 18:00:00,1754848812.0,0.013
2025-08-10 19:00:00,1754852410.0,0.013
2025-08-10 20:00:00,1754856005.0,0.013
2025-08-10 21:00:00,1754859603.0,0.013
2025-08-10 22:00:00,1754863210.0,0.013
2025-08-10 23:00:00,1754866814.0,0.013
2025-08-11 00:00:00,1754870403.0,0.013
2025-08-11 01:00:00,1754874008.0,0.0125
2025-08-11 02:00:00,1754877607.0,0.013
2025-08-11 03:00:00,1754881208.0,0.013
2025-08-11 04:00:00,1754884808.0,0.013
2025-08-11 05:00:00,1754888414.0,0.013
2025-08-11 06:00:00,1754892002.0,0.013
2025-08-11 07:00:00,1754895613.0,0.0145
2025-08-11 08:00:00,1754899208.0,0.0145
2025-08-11 09:00:00,1754902812.0,0.015
2025-08-11 10:00:00,1754906416.0,0.015
2025-08-11 11:00:00,1754910002.0,0.015
2025-08-11 12:00:00,1754913614.0,0.015
2025-08-11 13:00:00,1754917214.0,0.0135
2025-08-11 14:00:00,1754920809.0,0.013
2025-08-11 15:00:00,1754924407.0,0.0135
2025-08-11 16:00:00,1754928003.0,0.0135
2025-08-11 17:00:00,1754931604.0,0.0135
2025-08-11 18:00:00,1754935206.0,0.0135
2025-08-11 19:00:00,1754938802.0,0.013
2025-08-11 20:00:00,1754942403.0,0.013
2025-08-11 21:00:00,1754946005.0,0.0135
2025-08-11 22:00:00,1754949602.0,0.017
2025-08-11 23:00:00,1754953206.0,0.016
2025-08-12 00:00:00,1754956804.0,0.018
2025-08-12 01:00:00,1754960405.0,0.016
2025-08-12 02:00:00,1754964009.0,0.0185
2025-08-12 03:00:00,1754967608.0,0.0145
2025-08-12 04:00:00,1754971209.0,0.0145
2025-08-12 05:00:00,1754974809.0,0.016
2025-08-12 06:00:00,1754978411.0,0.0155
2025-08-12 07:00:00,1754982009.0,0.015
2025-08-12 08:00:00,1754985605.0,0.0155
2025-08-12 09:00:00,1754989221.0,0.017
2025-08-12 10:00:00,1754992806.0,0.0175
2025-08-12 11:00:00,1754996406.0,0.0185
2025-08-12 12:00:00,1755000012.0,0.0175
2025-08-12 13:00:00,1755003611.0,0.017
2025-08-12 14:00:00,1755007203.0,0.017
2025-08-12 15:00:00,1755010810.0,0.0175
2025-08-12 16:00:00,1755014414.0,0.017
2025-08-12 17:00:00,1755018011.0,0.0165
2026-02-01 04:00:00,1769921190.0,0.0005
2025-08-12 18:00:00,1755021609.0,0.0165
2025-08-12 19:00:00,1755025206.0,0.017
2025-08-12 20:00:00,1755028803.0,0.017
2025-08-12 21:00:00,1755032409.0,0.0165
2025-08-12 22:00:00,1755036007.0,0.0165
2025-08-12 23:00:00,1755039613.0,0.016
2025-08-13 00:00:00,1755043213.0,0.016
2025-08-13 01:00:00,1755046809.0,0.016
2025-08-13 02:00:00,1755050408.0,0.017
2025-08-13 03:00:00,1755054008.0,0.017
2025-08-13 04:00:00,1755057612.0,0.0165
2025-08-13 05:00:00,1755061209.0,0.0165
2025-08-13 06:00:00,1755064805.0,0.0165
2025-08-13 07:00:00,1755068407.0,0.0165
2025-08-13 08:00:00,1755072013.0,0.0165
2025-08-13 09:00:00,1755075617.0,0.016
2025-08-13 10:00:00,1755079205.0,0.016
2025-08-13 11:00:00,1755082807.0,0.016
2025-08-13 12:00:00,1755086402.0,0.0155
2025-08-13 13:00:00,1755090020.0,0.0155
2025-08-13 14:00:00,1755093608.0,0.0155
2025-08-13 15:00:00,1755097212.0,0.016
2025-08-13 16:00:00,1755100810.0,0.0165
2025-08-13 17:00:00,1755104405.0,0.016
2025-08-13 18:00:00,1755108012.0,0.0165
2025-08-13 19:00:00,1755111613.0,0.015
2025-08-13 20:00:00,1755115203.0,0.0145
2025-08-13 21:00:00,1755118802.0,0.014
2025-08-13 22:00:00,1755122403.0,0.0135
2025-08-13 23:00:00,1755126008.0,0.0135
2025-08-14 00:00:00,1755129607.0,0.013
2025-08-14 01:00:00,1755133205.0,0.0135
2025-08-14 02:00:00,1755136806.0,0.013
2025-08-14 03:00:00,1755140402.0,0.013
2025-08-14 04:00:00,1755144007.0,0.013
2025-08-14 05:00:00,1755147602.0,0.0135
2025-08-14 06:00:00,1755151204.0,0.0135
2025-08-14 07:00:00,1755154813.0,0.0135
2025-08-14 08:00:00,1755158409.0,0.012
2025-08-14 09:00:00,1755162014.0,0.012
2025-08-14 10:00:00,1755165611.0,0.012
2025-08-14 11:00:00,1755169211.0,0.012
2025-08-14 12:00:00,1755172802.0,0.012
2025-08-14 13:00:00,1755176407.0,0.012
2025-08-14 14:00:00,1755180016.0,0.012
2025-08-14 15:00:00,1755183604.0,0.012
2025-08-14 16:00:00,1755187207.0,0.012
2025-08-14 17:00:00,1755190810.0,0.0115
2025-08-14 18:00:00,1755194408.0,0.0115
2025-08-14 19:00:00,1755198016.0,0.0115
2025-08-14 20:00:00,1755201611.0,0.011
2025-08-14 21:00:00,1755205204.0,0.011
2025-08-14 22:00:00,1755208811.0,0.011
2025-08-14 23:00:00,1755212402.0,0.011
2025-08-15 00:00:00,1755216011.0,0.007
2025-08-15 01:00:00,1755219611.0,0.0075
2025-08-15 02:00:00,1755223213.0,0.0075
2025-08-15 03:00:00,1755226803.0,0.0075
2025-08-15 04:00:00,1755230414.0,0.0075
2025-08-15 05:00:00,1755234013.0,0.0075
2025-08-15 06:00:00,1755237615.0,0.007
2025-08-15 07:00:00,1755241214.0,0.006
2025-08-15 08:00:00,1755244806.0,0.006
2025-08-15 09:00:00,1755248417.0,0.006
2025-08-15 10:00:00,1755252008.0,0.006
2025-08-15 11:00:00,1755255605.0,0.006
2025-08-15 12:00:00,1755259214.0,0.006
2025-08-15 13:00:00,1755262803.0,0.006
2025-08-15 14:00:00,1755266404.0,0.006
2025-08-15 15:00:00,1755270010.0,0.006
2025-08-15 16:00:00,1755273604.0,0.006
2025-08-15 17:00:00,1755277215.0,0.006
2025-08-15 18:00:00,1755280803.0,0.006
2025-08-15 19:00:00,1755284402.0,0.006
2025-08-15 20:00:00,1755288016.0,0.006
2025-08-15 21:00:00,1755291608.0,0.006
2025-08-15 22:00:00,1755295210.0,0.006
2025-08-15 23:00:00,1755298816.0,0.006
2025-08-16 00:00:00,1755302403.0,0.006
2025-08-16 01:00:00,1755306009.0,0.006
2025-08-16 02:00:00,1755309611.0,0.006
2025-08-16 03:00:00,1755313202.0,0.006
2025-08-16 04:00:00,1755316810.0,0.006
2025-08-16 05:00:00,1755320410.0,0.006
2025-08-16 06:00:00,1755324018.0,0.006
2025-08-16 07:00:00,1755327615.0,0.006
2025-08-16 08:00:00,1755331216.0,0.006
2025-08-16 09:00:00,1755334808.0,0.006
2025-08-16 10:00:00,1755338411.0,0.006
2025-08-16 11:00:00,1755342016.0,0.006
2025-08-16 12:00:00,1755345619.0,0.006
2025-08-16 13:00:00,1755349213.0,0.006
2025-08-16 14:00:00,1755352805.0,0.006
2025-08-16 15:00:00,1755356404.0,0.006
2025-08-16 16:00:00,1755360007.0,0.0055
2025-08-16 17:00:00,1755363615.0,0.005
2025-08-16 18:00:00,1755367216.0,0.005
2025-08-16 19:00:00,1755370806.0,0.005
2025-08-16 20:00:00,1755374410.0,0.005
2025-08-16 21:00:00,1755378018.0,0.005
2025-08-16 22:00:00,1755381615.0,0.005
2025-08-16 23:00:00,1755385206.0,0.005
2025-08-17 00:00:00,1755388815.0,0.005
2025-08-17 01:00:00,1755392410.0,0.005
2025-08-17 02:00:00,1755396009.0,0.005
2025-08-17 03:00:00,1755399612.0,0.005
2025-08-17 04:00:00,1755403208.0,0.005
2025-08-17 05:00:00,1755406802.0,0.005
2025-08-17 06:00:00,1755410408.0,0.005
2025-08-17 07:00:00,1755414007.0,0.005
2025-08-17 08:00:00,1755417615.0,0.005
2025-08-17 09:00:00,1755421218.0,0.005
2025-08-17 10:00:00,1755424813.0,0.005
2025-08-17 11:00:00,1755428402.0,0.005
2025-08-17 12:00:00,1755432015.0,0.005
2025-08-17 13:00:00,1755435615.0,0.005
2025-08-17 14:00:00,1755439206.0,0.005
2025-08-17 15:00:00,1755442806.0,0.005
2025-08-17 16:00:00,1755446414.0,0.005
2025-08-17 17:00:00,1755450012.0,0.005
2025-08-17 18:00:00,1755453604.0,0.005
2025-08-17 19:00:00,1755457205.0,0.005
2025-08-17 20:00:00,1755460805.0,0.005
2025-08-17 21:00:00,1755464414.0,0.005
2025-08-17 22:00:00,1755468010.0,0.005
2025-08-17 23:00:00,1755471616.0,0.005
2025-08-18 00:00:00,1755475202.0,0.005
2025-08-18 01:00:00,1755478808.0,0.005
2025-08-18 02:00:00,1755482406.0,0.005
2025-08-18 03:00:00,1755486007.0,0.005
2025-08-18 04:00:00,1755489613.0,0.005
2025-08-18 05:00:00,1755493205.0,0.005
2025-08-18 06:00:00,1755496813.0,0.005
2025-08-18 07:00:00,1755500413.0,0.005
2025-08-18 08:00:00,1755504012.0,0.005
2025-08-18 09:00:00,1755507611.0,0.005
2025-08-18 10:00:00,1755511206.0,0.005
2025-08-18 11:00:00,1755514808.0,0.005
2025-08-18 12:00:00,1755518414.0,0.005
2025-08-18 13:00:00,1755522008.0,0.005
2025-08-18 14:00:00,1755525607.0,0.005
2025-08-18 15:00:00,1755529212.0,0.005
2025-08-18 16:00:00,1755532802.0,0.005
2025-08-18 17:00:00,1755536415.0,0.005
2025-08-18 18:00:00,1755540013.0,0.005
2025-08-18 19:00:00,1755543609.0,0.005
2025-08-18 20:00:00,1755547215.0,0.005
2025-08-18 21:00:00,1755550813.0,0.005
2025-08-18 22:00:00,1755554412.0,0.005
2025-08-18 23:00:00,1755558012.0,0.005
2025-08-19 00:00:00,1755561607.0,0.005
2025-08-19 01:00:00,1755565214.0,0.005
2025-08-19 02:00:00,1755568813.0,0.005
2025-08-19 03:00:00,1755572418.0,0.005
2025-08-19 04:00:00,1755576003.0,0.005
2025-08-19 05:00:00,1755579607.0,0.005
2025-08-19 06:00:00,1755583209.0,0.005
2025-08-19 07:00:00,1755586802.0,0.005
2025-08-19 08:00:00,1755590413.0,0.005
2025-08-19 09:00:00,1755594012.0,0.005
2025-08-19 10:00:00,1755597602.0,0.005
2025-08-19 11:00:00,1755601209.0,0.005
2025-08-19 12:00:00,1755604803.0,0.005
2025-08-19 13:00:00,1755608403.0,0.005
2025-08-19 14:00:00,1755612009.0,0.005
2025-08-19 15:00:00,1755615607.0,0.005
2025-08-19 16:00:00,1755619218.0,0.0045
2025-08-19 17:00:00,1755622809.0,0.0045
2025-08-19 18:00:00,1755626405.0,0.0045
2025-08-19 19:00:00,1755630005.0,0.0045
2025-08-19 20:00:00,1755633611.0,0.0045
2025-08-19 21:00:00,1755637217.0,0.0045
2025-08-19 22:00:00,1755640804.0,0.0045
2025-08-19 23:00:00,1755644408.0,0.0045
2025-08-20 00:00:00,1755648007.0,0.0045
2025-08-20 01:00:00,1755651608.0,0.0045
2025-08-20 02:00:00,1755655207.0,0.0045
2025-08-20 03:00:00,1755658806.0,0.0045
2025-08-20 04:00:00,1755662406.0,0.0045
2025-08-20 05:00:00,1755666014.0,0.0045
2025-08-20 06:00:00,1755669614.0,0.0045
2025-08-20 07:00:00,1755673205.0,0.0045
2025-08-20 08:00:00,1755676811.0,0.0045
2025-08-20 09:00:00,1755680406.0,0.0045
2025-08-20 10:00:00,1755684013.0,0.0045
2025-08-20 11:00:00,1755687615.0,0.0045
2025-08-20 12:00:00,1755691213.0,0.0045
2025-08-20 13:00:00,1755694804.0,0.0045
2025-08-20 14:00:00,1755698414.0,0.0045
2025-08-20 15:00:00,1755702010.0,0.0045
2025-08-20 16:00:00,1755705608.0,0.0045
2025-08-20 17:00:00,1755709212.0,0.0045
2025-08-20 18:00:00,1755712813.0,0.0045
2025-08-20 19:00:00,1755716415.0,0.0045
2025-08-20 20:00:00,1755720013.0,0.004
2025-08-20 21:00:00,1755723608.0,0.004
2025-08-20 22:00:00,1755727202.0,0.004
2025-08-20 23:00:00,1755730802.0,0.004
2025-08-21 00:00:00,1755734406.0,0.004
2025-08-21 01:00:00,1755738007.0,0.004
2025-08-21 02:00:00,1755741603.0,0.004
2025-08-21 03:00:00,1755745202.0,0.004
2025-08-21 04:00:00,1755748803.0,0.004
2025-08-21 05:00:00,1755752409.0,0.004
2025-08-21 06:00:00,1755756013.0,0.004
2025-08-21 07:00:00,1755759605.0,0.004
2025-08-21 08:00:00,1755763206.0,0.004
2025-08-21 09:00:00,1755766816.0,0.004
2025-08-21 10:00:00,1755770413.0,0.004
2025-08-21 11:00:00,1755774011.0,0.004
2025-08-21 12:00:00,1755777604.0,0.004
2025-08-21 13:00:00,1755781207.0,0.0045
2025-08-21 14:00:00,1755784817.0,0.004
2025-08-21 15:00:00,1755788415.0,0.004
2025-08-21 16:00:00,1755792008.0,0.0035
2025-08-21 17:00:00,1755795614.0,0.0035
2025-08-21 18:00:00,1755799214.0,0.0035
2025-08-21 19:00:00,1755802811.0,0.0035
2025-08-21 20:00:00,1755806407.0,0.0035
2025-08-21 21:00:00,1755810009.0,0.0035
2025-08-21 22:00:00,1755813604.0,0.0035
2025-08-21 23:00:00,1755817206.0,0.0035
2025-08-22 00:00:00,1755820804.0,0.0035
2025-08-22 01:00:00,1755824407.0,0.0035
2025-08-22 02:00:00,1755828012.0,0.0035
2025-08-22 03:00:00,1755831603.0,0.0035
2025-08-22 04:00:00,1755835202.0,0.0035
2025-08-22 05:00:00,1755838813.0,0.0035
2025-08-22 06:00:00,1755842413.0,0.0035
2025-08-22 07:00:00,1755846014.0,0.0035
2025-08-22 08:00:00,1755849603.0,0.0035
2025-08-22 09:00:00,1755853215.0,0.0035
2025-08-22 10:00:00,1755856802.0,0.0035
2025-08-22 11:00:00,1755860402.0,0.0035
2025-08-22 12:00:00,1755864010.0,0.0035
2025-08-22 13:00:00,1755867612.0,0.0035
2025-08-22 14:00:00,1755871204.0,0.0035
2025-08-22 15:00:00,1755874818.0,0.0035
2025-08-22 16:00:00,1755878413.0,0.0035
2025-08-22 17:00:00,1755882003.0,0.0035
2025-08-22 18:00:00,1755885610.0,0.0035
2025-08-22 19:00:00,1755889206.0,0.0035
2025-08-22 20:00:00,1755892807.0,0.0035
2025-08-22 21:00:00,1755896414.0,0.0035
2025-08-22 22:00:00,1755900004.0,0.0035
2025-08-22 23:00:00,1755903615.0,0.0035
2025-08-23 00:00:00,1755907211.0,0.0035
2025-08-23 01:00:00,1755910811.0,0.0035
2025-08-23 02:00:00,1755914406.0,0.0035
2025-08-23 03:00:00,1755918010.0,0.0035
2025-08-23 04:00:00,1755921613.0,0.0035
2025-08-23 05:00:00,1755925216.0,0.0035
2025-08-23 06:00:00,1755928802.0,0.0035
2025-08-23 07:00:00,1755932402.0,0.0035
2025-08-23 08:00:00,1755936002.0,0.0035
2025-08-23 09:00:00,1755939615.0,0.0035
2025-08-23 10:00:00,1755943202.0,0.0035
2025-08-23 11:00:00,1755946812.0,0.0035
2025-08-23 12:00:00,1755950402.0,0.0035
2025-08-23 13:00:00,1755954018.0,0.0035
2025-08-23 14:00:00,1755957602.0,0.0035
2025-08-23 15:00:00,1755961206.0,0.0035
2025-08-23 16:00:00,1755964805.0,0.0035
2025-08-23 17:00:00,1755968406.0,0.0035
2025-08-23 18:00:00,1755972010.0,0.0035
2025-08-23 19:00:00,1755975612.0,0.0035
2025-08-23 20:00:00,1755979203.0,0.0035
2025-08-23 21:00:00,1755982810.0,0.0035
2025-08-23 22:00:00,1755986407.0,0.0035
2025-08-23 23:00:00,1755990008.0,0.0035
2025-08-24 00:00:00,1755993609.0,0.0035
2025-08-24 01:00:00,1755997207.0,0.0035
2025-08-24 02:00:00,1756000806.0,0.0035
2025-08-24 03:00:00,1756004402.0,0.0035
2025-08-24 04:00:00,1756008003.0,0.0035
2025-08-24 05:00:00,1756011607.0,0.0035
2025-08-24 06:00:00,1756015214.0,0.0035
2025-08-24 07:00:00,1756018817.0,0.0035
2025-08-24 08:00:00,1756022408.0,0.0035
2025-08-24 09:00:00,1756026005.0,0.0035
2025-08-24 10:00:00,1756029614.0,0.0035
2025-08-24 11:00:00,1756033205.0,0.0035
2025-08-24 12:00:00,1756036819.0,0.0035
2025-08-24 13:00:00,1756040409.0,0.0035
2025-08-24 14:00:00,1756044005.0,0.0035
2025-08-24 15:00:00,1756047615.0,0.0035
2025-08-24 16:00:00,1756051211.0,0.0035
2025-08-24 17:00:00,1756054809.0,0.0035
2025-08-24 18:00:00,1756058419.0,0.0035
2025-08-24 19:00:00,1756062014.0,0.0035
2025-08-24 20:00:00,1756065609.0,0.0035
2025-08-24 21:00:00,1756069213.0,0.0035
2025-08-24 22:00:00,1756072808.0,0.0035
2025-08-24 23:00:00,1756076402.0,0.0035
2025-08-25 00:00:00,1756080008.0,0.0035
2025-08-25 01:00:00,1756083610.0,0.0035
2025-08-25 02:00:00,1756087202.0,0.0035
2025-08-25 03:00:00,1756090810.0,0.0035
2025-08-25 04:00:00,1756094403.0,0.0035
2025-08-25 05:00:00,1756098002.0,0.0035
2025-08-25 06:00:00,1756101602.0,0.0035
2025-08-25 07:00:00,1756105209.0,0.0035
2025-08-25 08:00:00,1756108809.0,0.0035
2025-08-25 09:00:00,1756112420.0,0.0035
2025-08-25 10:00:00,1756116003.0,0.0035
2025-08-25 11:00:00,1756119617.0,0.0035
2025-08-25 12:00:00,1756123209.0,0.0035
2025-08-25 13:00:00,1756126816.0,0.0035
2025-08-25 14:00:00,1756130403.0,0.0035
2025-08-25 15:00:00,1756134008.0,0.0035
2025-08-25 16:00:00,1756137606.0,0.0035
2025-08-25 17:00:00,1756141204.0,0.0035
2025-08-25 18:00:00,1756144813.0,0.0035
2025-08-25 19:00:00,1756148412.0,0.0035
2025-08-25 20:00:00,1756152005.0,0.0035
2025-08-25 21:00:00,1756155602.0,0.0035
2025-08-25 22:00:00,1756159209.0,0.0035
2025-08-25 23:00:00,1756162811.0,0.0035
2025-08-26 00:00:00,1756166406.0,0.0035
2025-08-26 01:00:00,1756170006.0,0.0035
2025-08-26 02:00:00,1756173611.0,0.0035
2025-08-26 03:00:00,1756177205.0,0.0035
2025-08-26 04:00:00,1756180812.0,0.0035
2025-08-26 05:00:00,1756184409.0,0.0035
2025-08-26 06:00:00,1756188015.0,0.0035
2025-08-26 07:00:00,1756191614.0,0.0035
2025-08-26 08:00:00,1756195215.0,0.0035
2025-08-26 09:00:00,1756198814.0,0.0035
2025-08-26 10:00:00,1756202403.0,0.0035
2025-08-26 11:00:00,1756206006.0,0.0035
2025-08-26 12:00:00,1756209603.0,0.0035
2025-08-26 13:00:00,1756213205.0,0.0035
2025-08-26 14:00:00,1756216813.0,0.0035
2025-08-26 15:00:00,1756220412.0,0.0035
2025-08-26 16:00:00,1756224005.0,0.0035
2025-08-26 17:00:00,1756227606.0,0.0035
2025-08-26 18:00:00,1756231212.0,0.0035
2025-08-26 19:00:00,1756234813.0,0.0035
2025-08-26 20:00:00,1756238405.0,0.0035
2025-08-26 21:00:00,1756242011.0,0.0355
2025-08-26 22:00:00,1756245609.0,0.033
2025-08-26 23:00:00,1756249217.0,0.029
2025-08-27 00:00:00,1756252806.0,0.0245
2025-08-27 01:00:00,1756256408.0,0.0215
2025-08-27 02:00:00,1756260008.0,0.0185
2025-08-27 03:00:00,1756263615.0,0.015
2025-08-27 04:00:00,1756267203.0,0.0125
2025-08-27 05:00:00,1756270813.0,0.021
2025-08-27 06:00:00,1756274410.0,0.0155
2025-08-27 07:00:00,1756278016.0,0.0125
2025-08-27 08:00:00,1756281608.0,0.0135
2025-08-27 09:00:00,1756285211.0,0.015
2025-08-27 10:00:00,1756288821.0,0.017
2025-08-27 11:00:00,1756292409.0,0.016
2025-08-27 12:00:00,1756296014.0,0.014
2025-08-27 13:00:00,1756299609.0,0.0165
2025-08-27 14:00:00,1756303204.0,0.0165
2025-08-27 15:00:00,1756306813.0,0.0155
2025-08-27 16:00:00,1756310411.0,0.015
2025-08-27 17:00:00,1756314016.0,0.0185
2025-08-27 18:00:00,1756317620.0,0.019
2025-08-27 19:00:00,1756321213.0,0.019
2025-08-27 20:00:00,1756324816.0,0.014
2025-08-27 21:00:00,1756328413.0,0.016
2025-08-27 22:00:00,1756332002.0,0.0175
2025-08-27 23:00:00,1756335603.0,0.018
2025-08-28 00:00:00,1756339208.0,0.0185
2025-08-28 01:00:00,1756342802.0,0.018
2025-08-28 02:00:00,1756346403.0,0.0175
2025-08-28 03:00:00,1756350017.0,0.018
2025-08-28 04:00:00,1756353606.0,0.0185
2025-08-28 05:00:00,1756357203.0,0.0185
2025-08-28 06:00:00,1756360816.0,0.0175
2025-08-28 07:00:00,1756364414.0,0.018
2025-08-28 08:00:00,1756368008.0,0.0185
2025-08-28 09:00:00,1756371605.0,0.0185
2025-08-28 10:00:00,1756375205.0,0.016
2025-08-28 11:00:00,1756378816.0,0.012
2025-08-28 12:00:00,1756382407.0,0.011
2025-08-28 13:00:00,1756386002.0,0.011
2025-08-28 14:00:00,1756389610.0,0.0125
2025-08-28 15:00:00,1756393207.0,0.012
2025-08-28 16:00:00,1756396809.0,0.012
2025-08-28 17:00:00,1756400407.0,0.012
2025-08-28 18:00:00,1756404004.0,0.012
2025-08-28 19:00:00,1756407617.0,0.012
2025-08-28 20:00:00,1756411208.0,0.012
2025-08-28 21:00:00,1756414808.0,0.012
2025-08-28 22:00:00,1756418412.0,0.012
2025-08-28 23:00:00,1756422010.0,0.012
2025-08-29 00:00:00,1756425608.0,0.012
2025-08-29 01:00:00,1756429214.0,0.01
2025-08-29 02:00:00,1756432809.0,0.01
2025-08-29 03:00:00,1756436421.0,0.01
2025-08-29 04:00:00,1756440017.0,0.01
2025-08-29 05:00:00,1756443608.0,0.01
2025-08-29 06:00:00,1756447213.0,0.01
2025-08-29 07:00:00,1756450816.0,0.01
2025-08-29 08:00:00,1756454421.0,0.01
2025-08-29 09:00:00,1756458006.0,0.01
2025-08-29 10:00:00,1756461611.0,0.01
2025-08-29 11:00:00,1756465210.0,0.01
2025-08-29 12:00:00,1756468816.0,0.01
2025-08-29 13:00:00,1756472417.0,0.0105
2025-08-29 14:00:00,1756476011.0,0.0105
2025-08-29 15:00:00,1756479621.0,0.0105
2025-08-29 16:00:00,1756483207.0,0.0105
2025-08-29 17:00:00,1756486809.0,0.0105
2025-08-29 18:00:00,1756490421.0,0.0105
2025-08-29 19:00:00,1756494017.0,0.0105
2025-08-29 20:00:00,1756497603.0,0.0105
2025-08-29 21:00:00,1756501220.0,0.0105
2025-08-29 22:00:00,1756504821.0,0.0105
2025-08-29 23:00:00,1756508411.0,0.0105
2025-08-30 00:00:00,1756512008.0,0.0105
2025-08-30 01:00:00,1756515604.0,0.0105
2025-08-30 02:00:00,1756519207.0,0.0105
2025-08-30 03:00:00,1756522819.0,0.0105
2025-08-30 04:00:00,1756526408.0,0.0105
2025-08-30 05:00:00,1756530006.0,0.0105
2025-08-30 06:00:00,1756533604.0,0.0105
2025-08-30 07:00:00,1756537216.0,0.0105
2025-08-30 08:00:00,1756540802.0,0.0105
2025-08-30 09:00:00,1756544415.0,0.0105
2025-08-30 10:00:00,1756548010.0,0.0105
2025-08-30 11:00:00,1756551613.0,0.0105
2025-08-30 12:00:00,1756555216.0,0.0105
2025-08-30 13:00:00,1756558813.0,0.0105
2025-08-30 14:00:00,1756562404.0,0.0105
2025-08-30 15:00:00,1756566014.0,0.0105
2025-08-30 16:00:00,1756569614.0,0.0105
2025-08-30 17:00:00,1756573212.0,0.0105
2025-08-30 18:00:00,1756576821.0,0.0105
2025-08-30 19:00:00,1756580406.0,0.0105
2025-08-30 20:00:00,1756584005.0,0.0105
2025-08-30 21:00:00,1756587613.0,0.0105
2025-08-30 22:00:00,1756591208.0,0.0105
2025-08-30 23:00:00,1756594815.0,0.0105
2025-08-31 00:00:00,1756598418.0,0.0105
2025-08-31 01:00:00,1756602014.0,0.0105
2025-08-31 02:00:00,1756605602.0,0.0105
2025-08-31 03:00:00,1756609202.0,0.0105
2025-08-31 04:00:00,1756612807.0,0.0105
2025-08-31 05:00:00,1756616404.0,0.0105
2025-08-31 06:00:00,1756620020.0,0.0105
2025-08-31 07:00:00,1756623606.0,0.0105
2025-08-31 08:00:00,1756627213.0,0.0105
2025-08-31 09:00:00,1756630830.0,0.0105
2025-08-31 10:00:00,1756634412.0,0.0105
2025-08-31 11:00:00,1756638027.0,0.0105
2025-08-31 12:00:00,1756641635.0,0.0105
2025-08-31 13:00:00,1756645221.0,0.0105
2025-08-31 14:00:00,1756648807.0,0.0105
2025-08-31 15:00:00,1756652411.0,0.0105
2025-08-31 16:00:00,1756656018.0,0.0105
2025-08-31 17:00:00,1756659602.0,0.0105
2025-08-31 18:00:00,1756663218.0,0.0105
2025-08-31 19:00:00,1756666806.0,0.0105
2025-08-31 20:00:00,1756670419.0,0.0105
2025-08-31 21:00:00,1756674006.0,0.0105
2025-08-31 22:00:00,1756677604.0,0.0105
2025-08-31 23:00:00,1756681218.0,0.0105
2025-09-01 00:00:00,1756684802.0,0.0105
2025-09-01 01:00:00,1756688407.0,0.0105
2025-09-01 02:00:00,1756692002.0,0.0095
2025-09-01 03:00:00,1756695610.0,0.0095
2025-09-01 04:00:00,1756699214.0,0.0095
2025-09-01 05:00:00,1756702805.0,0.0095
2025-09-01 06:00:00,1756706421.0,0.0095
2025-09-01 07:00:00,1756710012.0,0.0095
2025-09-01 08:00:00,1756713607.0,0.0095
2025-09-01 09:00:00,1756717206.0,0.0095
2025-09-01 10:00:00,1756720812.0,0.0095
2025-09-01 11:00:00,1756724412.0,0.0095
2025-09-01 12:00:00,1756728008.0,0.0095
2025-09-01 13:00:00,1756731611.0,0.0095
2025-09-01 14:00:00,1756735211.0,0.0095
2025-09-01 15:00:00,1756738804.0,0.0095
2025-09-01 16:00:00,1756742403.0,0.0095
2025-09-01 17:00:00,1756746017.0,0.0095
2025-09-01 18:00:00,1756749610.0,0.0095
2025-09-01 19:00:00,1756753206.0,0.0095
2025-09-01 20:00:00,1756756803.0,0.0095
2025-09-01 21:00:00,1756760405.0,0.0095
2025-09-01 22:00:00,1756764006.0,0.0095
2025-09-01 23:00:00,1756767613.0,0.0095
2025-09-02 00:00:00,1756771209.0,0.0095
2025-09-02 01:00:00,1756774806.0,0.0095
2025-09-02 02:00:00,1756778406.0,0.0095
2025-09-02 03:00:00,1756782019.0,0.0095
2025-09-02 04:00:00,1756785623.0,0.0095
2025-09-02 05:00:00,1756789210.0,0.0095
2025-09-02 06:00:00,1756792809.0,0.0095
2025-09-02 07:00:00,1756796413.0,0.0095
2025-09-02 08:00:00,1756800005.0,0.0095
2025-09-02 09:00:00,1756803622.0,0.0095
2025-09-02 10:00:00,1756807206.0,0.0095
2025-09-02 11:00:00,1756810813.0,0.0095
2025-09-02 12:00:00,1756814416.0,0.0095
2025-09-02 13:00:00,1756818011.0,0.0095
2025-09-02 14:00:00,1756821621.0,0.0095
2025-09-02 15:00:00,1756825221.0,0.0095
2025-09-02 16:00:00,1756828814.0,0.0095
2025-09-02 17:00:00,1756832409.0,0.0095
2025-09-02 18:00:00,1756836011.0,0.0095
2025-09-02 19:00:00,1756839605.0,0.0095
2025-09-02 20:00:00,1756843209.0,0.0095
2025-09-02 21:00:00,1756846819.0,0.0095
2025-09-02 22:00:00,1756850405.0,0.0095
2025-09-02 23:00:00,1756854009.0,0.0095
2025-09-03 00:00:00,1756857604.0,0.0095
2025-09-03 01:00:00,1756861203.0,0.0095
2025-09-03 02:00:00,1756864809.0,0.0095
2025-09-03 03:00:00,1756868410.0,0.0095
2025-09-03 04:00:00,1756872006.0,0.0095
2025-09-03 05:00:00,1756875620.0,0.0095
2025-09-03 06:00:00,1756879220.0,0.0095
2025-09-03 07:00:00,1756882802.0,0.0095
2025-09-03 08:00:00,1756886406.0,0.0095
2025-09-03 09:00:00,1756890007.0,0.0095
2025-09-03 10:00:00,1756893607.0,0.0095
2025-09-03 11:00:00,1756897204.0,0.0095
2025-09-03 12:00:00,1756900816.0,0.0095
2025-09-03 13:00:00,1756904410.0,0.0095
2025-09-03 14:00:00,1756908007.0,0.0095
2025-09-03 15:00:00,1756911615.0,0.0095
2025-09-03 16:00:00,1756915213.0,0.0095
2025-09-03 17:00:00,1756918820.0,0.0095
2025-09-03 18:00:00,1756922411.0,0.0095
2025-09-03 19:00:00,1756926009.0,0.0095
2025-09-03 20:00:00,1756929618.0,0.0095
2025-09-03 21:00:00,1756933217.0,0.0095
2025-09-03 22:00:00,1756936817.0,0.0095
2025-09-03 23:00:00,1756940405.0,0.0095
2025-09-04 00:00:00,1756944006.0,0.0095
2025-09-04 01:00:00,1756947606.0,0.0095
2025-09-04 02:00:00,1756951211.0,0.0095
2025-09-04 03:00:00,1756954802.0,0.0095
2025-09-04 04:00:00,1756958403.0,0.0095
2025-09-04 05:00:00,1756962019.0,0.0095
2025-09-04 06:00:00,1756965622.0,0.0095
2025-09-04 07:00:00,1756969202.0,0.0095
2025-09-04 08:00:00,1756972822.0,0.0095
2025-09-04 09:00:00,1756976414.0,0.0095
2025-09-04 10:00:00,1756980005.0,0.0095
2025-09-04 11:00:00,1756983604.0,0.0095
2025-09-04 12:00:00,1756987213.0,0.0095
2025-09-04 13:00:00,1756990820.0,0.0095
2025-09-04 14:00:00,1756994404.0,0.0095
2025-09-04 15:00:00,1756998004.0,0.0095
2025-09-04 16:00:00,1757001607.0,0.009
2025-09-04 17:00:00,1757005225.0,0.009
2025-09-04 18:00:00,1757008805.0,0.009
2025-09-04 19:00:00,1757012414.0,0.009
2025-09-04 20:00:00,1757016015.0,0.009
2025-09-04 21:00:00,1757019623.0,0.009
2025-09-04 22:00:00,1757023209.0,0.009
2025-09-04 23:00:00,1757026814.0,0.009
2025-09-05 00:00:00,1757030404.0,0.009
2025-09-05 01:00:00,1757034008.0,0.009
2025-09-05 02:00:00,1757037603.0,0.009
2025-09-05 03:00:00,1757041210.0,0.009
2025-09-05 04:00:00,1757044804.0,0.009
2025-09-05 05:00:00,1757048412.0,0.009
2025-09-05 06:00:00,1757052004.0,0.009
2025-09-05 07:00:00,1757055612.0,0.009
2025-09-05 08:00:00,1757059219.0,0.009
2025-09-05 09:00:00,1757062805.0,0.009
2025-09-05 10:00:00,1757066414.0,0.009
2025-09-05 11:00:00,1757070005.0,0.009
2025-09-05 12:00:00,1757073610.0,0.009
2025-09-05 13:00:00,1757077208.0,0.009
2025-09-05 14:00:00,1757080820.0,0.009
2025-09-05 15:00:00,1757084404.0,0.009
2025-09-05 16:00:00,1757088011.0,0.009
2025-09-05 17:00:00,1757091620.0,0.009
2025-09-05 18:00:00,1757095203.0,0.009
2025-09-05 19:00:00,1757098807.0,0.009
2025-09-05 20:00:00,1757102419.0,0.009
2025-09-05 21:00:00,1757106012.0,0.009
2025-09-05 22:00:00,1757109613.0,0.0055
2025-09-05 23:00:00,1757113202.0,0.0055
2025-09-06 00:00:00,1757116819.0,0.006
2025-09-06 01:00:00,1757120415.0,0.006
2025-09-06 02:00:00,1757124003.0,0.006
2025-09-06 03:00:00,1757127619.0,0.0055
2025-09-06 04:00:00,1757131207.0,0.006
2025-09-06 05:00:00,1757134811.0,0.0055
2025-09-06 06:00:00,1757138410.0,0.006
2025-09-06 07:00:00,1757142018.0,0.006
2025-09-06 08:00:00,1757145612.0,0.006
2025-09-06 09:00:00,1757149222.0,0.006
2025-09-06 10:00:00,1757152821.0,0.006
2025-09-06 11:00:00,1757156410.0,0.006
2025-09-06 12:00:00,1757160013.0,0.006
2025-09-06 13:00:00,1757163608.0,0.0055
2025-09-06 14:00:00,1757167220.0,0.006
2025-09-06 15:00:00,1757170815.0,0.006
2025-09-06 16:00:00,1757174405.0,0.0055
2025-09-06 17:00:00,1757178011.0,0.006
2025-09-06 18:00:00,1757181610.0,0.006
2025-09-06 19:00:00,1757185218.0,0.006
2025-09-06 20:00:00,1757188821.0,0.0085
2025-09-06 21:00:00,1757192402.0,0.0085
2025-09-06 22:00:00,1757196008.0,0.0085
2025-09-06 23:00:00,1757199615.0,0.0085
2025-09-07 00:00:00,1757203207.0,0.0085
2025-09-07 01:00:00,1757206810.0,0.0085
2025-09-07 02:00:00,1757210413.0,0.0085
2025-09-07 03:00:00,1757214025.0,0.0085
2025-09-07 04:00:00,1757217620.0,0.0085
2025-09-07 05:00:00,1757221209.0,0.0085
2025-09-07 06:00:00,1757224814.0,0.008
2025-09-07 07:00:00,1757228403.0,0.008
2025-09-07 08:00:00,1757232002.0,0.007
2025-09-07 09:00:00,1757235610.0,0.007
2025-09-07 10:00:00,1757239227.0,0.008
2025-09-07 11:00:00,1757242815.0,0.008
2025-09-07 12:00:00,1757246420.0,0.008
2025-09-07 13:00:00,1757250011.0,0.008
2025-09-07 14:00:00,1757253612.0,0.008
2025-09-07 15:00:00,1757257202.0,0.008
2025-09-07 16:00:00,1757260820.0,0.008
2025-09-07 17:00:00,1757264411.0,0.008
2025-09-07 18:00:00,1757268015.0,0.008
2025-09-07 19:00:00,1757271605.0,0.008
2025-09-07 20:00:00,1757275217.0,0.008
2025-09-07 21:00:00,1757278820.0,0.008
2025-09-07 22:00:00,1757282414.0,0.008
2025-09-07 23:00:00,1757286004.0,0.008
2025-09-08 00:00:00,1757289611.0,0.008
2025-09-08 01:00:00,1757293213.0,0.008
2025-09-08 02:00:00,1757296802.0,0.008
2025-09-08 03:00:00,1757300414.0,0.008
2025-09-08 04:00:00,1757304021.0,0.0075
2025-09-08 05:00:00,1757307606.0,0.008
2025-09-08 06:00:00,1757311207.0,0.0075
2025-09-08 07:00:00,1757314802.0,0.008
2025-09-08 08:00:00,1757318418.0,0.008
2025-09-08 09:00:00,1757322009.0,0.0075
2025-09-08 10:00:00,1757325602.0,0.008
2025-09-08 11:00:00,1757329211.0,0.0075
2025-09-08 12:00:00,1757332814.0,0.008
2025-09-08 13:00:00,1757336418.0,0.0075
2025-09-08 14:00:00,1757340012.0,0.008
2025-09-08 15:00:00,1757343608.0,0.008
2025-09-08 16:00:00,1757347221.0,0.007
2025-09-08 17:00:00,1757350824.0,0.007
2025-09-08 18:00:00,1757354405.0,0.0065
2025-09-08 19:00:00,1757358002.0,0.0065
2025-09-08 20:00:00,1757361616.0,0.007
2025-09-08 21:00:00,1757365215.0,0.007
2025-09-08 22:00:00,1757368809.0,0.007
2025-09-08 23:00:00,1757372414.0,0.0065
2025-09-09 00:00:00,1757376005.0,0.0065
2025-09-09 01:00:00,1757379612.0,0.007
2025-09-09 02:00:00,1757383212.0,0.007
2025-09-09 03:00:00,1757386804.0,0.007
2025-09-09 04:00:00,1757390416.0,0.007
2025-09-09 05:00:00,1757394017.0,0.007
2025-09-09 06:00:00,1757397609.0,0.007
2025-09-09 07:00:00,1757401202.0,0.007
2025-09-09 08:00:00,1757404805.0,0.007
2025-09-09 09:00:00,1757408414.0,0.007
2025-09-09 10:00:00,1757412009.0,0.007
2025-09-09 11:00:00,1757415607.0,0.006
2025-09-09 12:00:00,1757419214.0,0.005
2025-09-09 13:00:00,1757422802.0,0.005
2025-09-09 14:00:00,1757426406.0,0.0055
2025-09-09 15:00:00,1757430019.0,0.005
2025-09-09 16:00:00,1757433618.0,0.005
2025-09-09 17:00:00,1757437214.0,0.0045
2025-09-09 18:00:00,1757440827.0,0.0055
2025-09-09 19:00:00,1757444404.0,0.005
2025-09-09 20:00:00,1757448017.0,0.0045
2025-09-09 21:00:00,1757451616.0,0.0045
2025-09-09 22:00:00,1757455209.0,0.0045
2025-09-09 23:00:00,1757458814.0,0.0045
2025-09-10 00:00:00,1757462403.0,0.0045
2025-09-10 01:00:00,1757466009.0,0.0045
2025-09-10 02:00:00,1757469617.0,0.0045
2025-09-10 03:00:00,1757473211.0,0.0045
2025-09-10 04:00:00,1757476821.0,0.0045
2025-09-10 05:00:00,1757480404.0,0.0045
2025-09-10 06:00:00,1757484017.0,0.0045
2025-09-10 07:00:00,1757487608.0,0.0045
2025-09-10 08:00:00,1757491202.0,0.0045
2025-09-10 09:00:00,1757494808.0,0.0045
2025-09-10 10:00:00,1757498409.0,0.0045
2025-09-10 11:00:00,1757502010.0,0.0045
2025-09-10 12:00:00,1757505605.0,0.0045
2025-09-10 13:00:00,1757509207.0,0.0045
2025-09-10 14:00:00,1757512810.0,0.0045
2025-09-10 15:00:00,1757516410.0,0.0055
2025-09-10 16:00:00,1757520018.0,0.0055
2025-09-10 17:00:00,1757523609.0,0.0055
2025-09-10 18:00:00,1757527223.0,0.0055
2025-09-10 19:00:00,1757530804.0,0.0055
2025-09-10 20:00:00,1757534407.0,0.0055
2025-09-10 21:00:00,1757538020.0,0.0055
2025-09-10 22:00:00,1757541609.0,0.0055
2025-09-10 23:00:00,1757545210.0,0.0055
2025-09-11 00:00:00,1757548804.0,0.0055
2025-09-11 01:00:00,1757552410.0,0.0055
2025-09-11 02:00:00,1757556010.0,0.0055
2025-09-11 03:00:00,1757559607.0,0.0055
2025-09-11 04:00:00,1757563209.0,0.0055
2025-09-11 05:00:00,1757566802.0,0.0055
2025-09-11 06:00:00,1757570418.0,0.0055
2025-09-11 07:00:00,1757574006.0,0.0055
2025-09-11 08:00:00,1757577611.0,0.0055
2025-09-11 09:00:00,1757581222.0,0.0055
2025-09-11 10:00:00,1757584807.0,0.0055
2025-09-11 11:00:00,1757588408.0,0.0055
2025-09-11 12:00:00,1757592017.0,0.0055
2025-09-11 13:00:00,1757595613.0,0.0055
2025-09-11 14:00:00,1757599217.0,0.0055
2025-09-11 15:00:00,1757602811.0,0.0055
2025-09-11 16:00:00,1757606413.0,0.0055
2025-09-11 17:00:00,1757610006.0,0.0055
2025-09-11 18:00:00,1757613622.0,0.0055
2025-09-11 19:00:00,1757617214.0,0.0055
2025-09-11 20:00:00,1757620822.0,0.0055
2025-09-11 21:00:00,1757624432.0,0.0055
2025-09-11 22:00:00,1757628015.0,0.0055
2025-09-11 23:00:00,1757631604.0,0.0055
2025-09-12 00:00:00,1757635205.0,0.0055
2025-09-12 01:00:00,1757638813.0,0.0055
2025-09-12 02:00:00,1757642421.0,0.0055
2025-09-12 03:00:00,1757646007.0,0.0055
2025-09-12 04:00:00,1757649617.0,0.0055
2025-09-12 05:00:00,1757653212.0,0.0055
2025-09-12 06:00:00,1757656806.0,0.0055
2025-09-12 07:00:00,1757660408.0,0.0055
2025-09-12 08:00:00,1757664014.0,0.0055
2025-09-12 09:00:00,1757667604.0,0.0055
2025-09-12 10:00:00,1757671224.0,0.0055
2025-09-12 11:00:00,1757674811.0,0.0055
2025-09-12 12:00:00,1757678406.0,0.0055
2025-09-12 13:00:00,1757682013.0,0.0055
2025-09-12 14:00:00,1757685619.0,0.0055
2025-09-12 15:00:00,1757689208.0,0.0055
2025-09-12 16:00:00,1757692807.0,0.0055
2025-09-12 17:00:00,1757696406.0,0.0055
2025-09-12 18:00:00,1757700025.0,0.0055
2025-09-12 19:00:00,1757703606.0,0.0035
2025-09-12 20:00:00,1757707209.0,0.0035
2025-09-12 21:00:00,1757710823.0,0.0035
2025-09-12 22:00:00,1757714409.0,0.0035
2025-09-12 23:00:00,1757718002.0,0.0035
2025-09-13 00:00:00,1757721612.0,0.0035
2025-09-13 01:00:00,1757725204.0,0.0035
2025-09-13 02:00:00,1757728803.0,0.0035
2025-09-13 03:00:00,1757732403.0,0.0035
2025-09-13 04:00:00,1757736016.0,0.0035
2025-09-13 05:00:00,1757739620.0,0.0035
2025-09-13 06:00:00,1757743219.0,0.0035
2025-09-13 07:00:00,1757746807.0,0.0035
2025-09-13 08:00:00,1757750416.0,0.0035
2025-09-13 09:00:00,1757754015.0,0.0035
2025-09-13 10:00:00,1757757620.0,0.0035
2025-09-13 11:00:00,1757761202.0,0.0035
2025-09-13 12:00:00,1757764830.0,0.0035
2025-09-13 13:00:00,1757768420.0,0.0035
2025-09-13 14:00:00,1757772009.0,0.0035
2025-09-13 15:00:00,1757775605.0,0.005
2025-09-13 16:00:00,1757779213.0,0.005
2025-09-13 17:00:00,1757782815.0,0.005
2025-09-13 18:00:00,1757786419.0,0.005
2025-09-13 19:00:00,1757790004.0,0.005
2025-09-13 20:00:00,1757793622.0,0.005
2025-09-13 21:00:00,1757797209.0,0.005
2025-09-13 22:00:00,1757800814.0,0.005
2025-09-13 23:00:00,1757804418.0,0.005
2025-09-14 00:00:00,1757808013.0,0.005
2025-09-14 01:00:00,1757811604.0,0.005
2025-09-14 02:00:00,1757815210.0,0.005
2025-09-14 03:00:00,1757818821.0,0.005
2025-09-14 04:00:00,1757822417.0,0.005
2025-09-14 05:00:00,1757826020.0,0.005
2025-09-14 06:00:00,1757829611.0,0.005
2025-09-14 07:00:00,1757833219.0,0.005
2025-09-14 08:00:00,1757836808.0,0.005
2025-09-14 09:00:00,1757840427.0,0.005
2025-09-14 10:00:00,1757844010.0,0.005
2025-09-14 11:00:00,1757847620.0,0.005
2025-09-14 12:00:00,1757851233.0,0.005
2025-09-14 13:00:00,1757854806.0,0.005
2025-09-14 14:00:00,1757858416.0,0.005
2025-09-14 15:00:00,1757862013.0,0.005
2025-09-14 16:00:00,1757865618.0,0.005
2025-09-14 17:00:00,1757869219.0,0.005
2025-09-14 18:00:00,1757872823.0,0.005
2025-09-14 19:00:00,1757876410.0,0.005
2025-09-14 20:00:00,1757880008.0,0.005
2025-09-14 21:00:00,1757883622.0,0.005
2025-09-14 22:00:00,1757887202.0,0.005
2025-09-14 23:00:00,1757890814.0,0.005
2025-09-15 00:00:00,1757894405.0,0.005
2025-09-15 01:00:00,1757898006.0,0.005
2025-09-15 02:00:00,1757901611.0,0.005
2025-09-15 03:00:00,1757905205.0,0.005
2025-09-15 04:00:00,1757908809.0,0.005
2025-09-15 05:00:00,1757912408.0,0.005
2025-09-15 06:00:00,1757916011.0,0.005
2025-09-15 07:00:00,1757919611.0,0.005
2025-09-15 08:00:00,1757923214.0,0.005
2025-09-15 09:00:00,1757926809.0,0.005
2025-09-15 10:00:00,1757930415.0,0.005
2025-09-15 11:00:00,1757934007.0,0.005
2025-09-15 12:00:00,1757937621.0,0.005
2025-09-15 13:00:00,1757941217.0,0.005
2025-09-15 14:00:00,1757944818.0,0.005
2025-09-15 15:00:00,1757948409.0,0.005
2025-09-15 16:00:00,1757952020.0,0.005
2025-09-15 17:00:00,1757955622.0,0.005
2025-09-15 18:00:00,1757959213.0,0.005
2025-09-15 19:00:00,1757962815.0,0.004
2025-09-15 20:00:00,1757966407.0,0.004
2025-09-15 21:00:00,1757970008.0,0.004
2025-09-15 22:00:00,1757973613.0,0.004
2025-09-15 23:00:00,1757977209.0,0.0035
2025-09-16 00:00:00,1757980808.0,0.008
2025-09-16 01:00:00,1757984407.0,0.008
2025-09-16 02:00:00,1757988014.0,0.008
2025-09-16 03:00:00,1757991621.0,0.008
2025-09-16 04:00:00,1757995218.0,0.009
2025-09-16 05:00:00,1757998813.0,0.0085
2025-09-16 06:00:00,1758002409.0,0.009
2025-09-16 07:00:00,1758006025.0,0.0085
2025-09-16 08:00:00,1758009624.0,0.0085
2025-09-16 09:00:00,1758013223.0,0.0085
2025-09-16 10:00:00,1758016813.0,0.0085
2025-09-16 11:00:00,1758020412.0,0.0085
2025-09-16 12:00:00,1758024012.0,0.0085
2025-09-16 13:00:00,1758027612.0,0.0085
2025-09-16 14:00:00,1758031210.0,0.0085
2025-09-16 15:00:00,1758034812.0,0.01
2025-09-16 16:00:00,1758038417.0,0.01
2025-09-16 17:00:00,1758042002.0,0.01
2025-09-16 18:00:00,1758045622.0,0.01
2025-09-16 19:00:00,1758049208.0,0.01
2025-09-16 20:00:00,1758052815.0,0.01
2025-09-16 21:00:00,1758056427.0,0.01
2025-09-16 22:00:00,1758060014.0,0.01
2025-09-16 23:00:00,1758063615.0,0.01
2025-09-17 00:00:00,1758067220.0,0.01
2025-09-17 01:00:00,1758070811.0,0.01
2025-09-17 02:00:00,1758074408.0,0.01
2025-09-17 03:00:00,1758078027.0,0.01
2025-09-17 04:00:00,1758081603.0,0.01
2025-09-17 05:00:00,1758085210.0,0.01
2025-09-17 06:00:00,1758088802.0,0.01
2025-09-17 07:00:00,1758092411.0,0.01
2025-09-17 08:00:00,1758096010.0,0.01
2025-09-17 09:00:00,1758099605.0,0.01
2025-09-17 10:00:00,1758103218.0,0.01
2025-09-17 11:00:00,1758106813.0,0.01
2025-09-17 12:00:00,1758110425.0,0.012
2025-09-17 13:00:00,1758114019.0,0.012
2025-09-17 14:00:00,1758117605.0,0.012
2025-09-17 15:00:00,1758121222.0,0.011
2025-09-17 16:00:00,1758124805.0,0.0095
2025-09-17 17:00:00,1758128420.0,0.01
2025-09-17 18:00:00,1758132246.0,0.0095
2025-09-17 19:00:00,1758135606.0,0.0095
2025-09-17 20:00:00,1758139211.0,0.008
2025-09-17 21:00:00,1758142815.0,0.008
2025-09-17 22:00:00,1758146410.0,0.008
2025-09-17 23:00:00,1758150008.0,0.008
2025-09-18 00:00:00,1758153607.0,0.008
2025-09-18 01:00:00,1758157204.0,0.008
2025-09-18 02:00:00,1758160813.0,0.0065
2025-09-18 03:00:00,1758164422.0,0.0065
2025-09-18 04:00:00,1758168004.0,0.0065
2025-09-18 05:00:00,1758171617.0,0.0065
2025-09-18 06:00:00,1758175227.0,0.0065
2025-09-18 07:00:00,1758178803.0,0.0065
2025-09-18 08:00:00,1758182411.0,0.0065
2025-09-18 09:00:00,1758186007.0,0.0065
2025-09-18 10:00:00,1758189610.0,0.0065
2025-09-18 11:00:00,1758193217.0,0.0035
2025-09-18 12:00:00,1758196816.0,0.0035
2025-09-18 13:00:00,1758200415.0,0.0035
2025-09-18 14:00:00,1758204014.0,0.0035
2025-09-18 15:00:00,1758207619.0,0.0035
2025-09-18 16:00:00,1758211204.0,0.0035
2025-09-18 17:00:00,1758214810.0,0.0035
2025-09-18 18:00:00,1758218409.0,0.0035
2025-09-18 19:00:00,1758222016.0,0.0035
2025-09-18 20:00:00,1758225602.0,0.0035
2025-09-18 21:00:00,1758229209.0,0.0055
2025-09-18 22:00:00,1758232809.0,0.0055
2025-09-18 23:00:00,1758236416.0,0.0065
2025-09-19 00:00:00,1758240004.0,0.006
2025-09-19 01:00:00,1758243613.0,0.0065
2025-09-19 02:00:00,1758247208.0,0.006
2025-09-19 03:00:00,1758250816.0,0.0055
2025-09-19 04:00:00,1758254418.0,0.0035
2025-09-19 05:00:00,1758258018.0,0.0035
2025-09-19 06:00:00,1758261619.0,0.0035
2025-09-19 07:00:00,1758265212.0,0.0035
2025-09-19 08:00:00,1758268820.0,0.0035
2025-09-19 09:00:00,1758272412.0,0.0035
2025-09-19 10:00:00,1758276021.0,0.0035
2025-09-19 11:00:00,1758279604.0,0.0035
2025-09-19 12:00:00,1758283215.0,0.0035
2025-09-19 13:00:00,1758286820.0,0.0035
2025-09-19 14:00:00,1758290425.0,0.0035
2025-09-19 15:00:00,1758294013.0,0.003
2025-09-19 16:00:00,1758297623.0,0.0025
2025-09-19 17:00:00,1758301216.0,0.0025
2025-09-19 18:00:00,1758304821.0,0.0025
2025-09-19 19:00:00,1758308422.0,0.003
2025-09-19 20:00:00,1758312006.0,0.003
2025-09-19 21:00:00,1758315617.0,0.003
2025-09-19 22:00:00,1758319208.0,0.003
2025-09-19 23:00:00,1758322820.0,0.003
2025-09-20 00:00:00,1758326407.0,0.003
2025-09-20 01:00:00,1758330012.0,0.003
2025-09-20 02:00:00,1758333621.0,0.003
2025-09-20 03:00:00,1758337208.0,0.003
2025-09-20 04:00:00,1758340807.0,0.003
2025-09-20 05:00:00,1758344402.0,0.003
2025-09-20 06:00:00,1758348022.0,0.003
2025-09-20 07:00:00,1758351626.0,0.003
2025-09-20 08:00:00,1758355206.0,0.003
2025-09-20 09:00:00,1758358822.0,0.003
2025-09-20 10:00:00,1758362414.0,0.003
2025-09-20 11:00:00,1758366022.0,0.003
2025-09-20 12:00:00,1758369615.0,0.003
2025-09-20 13:00:00,1758373205.0,0.003
2025-09-20 14:00:00,1758376802.0,0.003
2025-09-20 15:00:00,1758380416.0,0.003
2025-09-20 16:00:00,1758384015.0,0.003
2025-09-20 17:00:00,1758387617.0,0.003
2025-09-20 18:00:00,1758391202.0,0.003
2025-09-20 19:00:00,1758394824.0,0.003
2025-09-20 20:00:00,1758398411.0,0.003
2025-09-20 21:00:00,1758402011.0,0.003
2025-09-20 22:00:00,1758405611.0,0.003
2025-09-20 23:00:00,1758409214.0,0.003
2025-09-21 00:00:00,1758412804.0,0.003
2025-09-21 01:00:00,1758416410.0,0.003
2025-09-21 02:00:00,1758420005.0,0.003
2025-09-21 03:00:00,1758423605.0,0.003
2025-09-21 04:00:00,1758427220.0,0.003
2025-09-21 05:00:00,1758430817.0,0.003
2025-09-21 06:00:00,1758434413.0,0.003
2025-09-21 07:00:00,1758438009.0,0.003
2025-09-21 08:00:00,1758441611.0,0.003
2025-09-21 09:00:00,1758445202.0,0.003
2025-09-21 10:00:00,1758448823.0,0.003
2025-09-21 11:00:00,1758452421.0,0.003
2025-09-21 12:00:00,1758456015.0,0.003
2025-09-21 13:00:00,1758459607.0,0.003
2025-09-21 14:00:00,1758463217.0,0.003
2025-09-21 15:00:00,1758466814.0,0.003
2025-09-21 16:00:00,1758470419.0,0.003
2025-09-21 17:00:00,1758474009.0,0.003
2025-09-21 18:00:00,1758477620.0,0.003
2025-09-21 19:00:00,1758481221.0,0.003
2025-09-21 20:00:00,1758484818.0,0.003
2025-09-21 21:00:00,1758488420.0,0.003
2025-09-21 22:00:00,1758492021.0,0.003
2025-09-21 23:00:00,1758495618.0,0.003
2025-09-22 00:00:00,1758499213.0,0.003
2025-09-22 01:00:00,1758502816.0,0.003
2025-09-22 02:00:00,1758506414.0,0.003
2025-09-22 03:00:00,1758510008.0,0.003
2025-09-22 04:00:00,1758513617.0,0.003
2025-09-22 05:00:00,1758517206.0,0.003
2025-09-22 06:00:00,1758520817.0,0.003
2025-09-22 07:00:00,1758524417.0,0.003
2025-09-22 08:00:00,1758528009.0,0.003
2025-09-22 09:00:00,1758531602.0,0.003
2025-09-22 10:00:00,1758535209.0,0.003
2025-09-22 11:00:00,1758538812.0,0.003
2025-09-22 12:00:00,1758542415.0,0.003
2025-09-22 13:00:00,1758546020.0,0.003
2025-09-22 14:00:00,1758549606.0,0.003
2025-09-22 15:00:00,1758553220.0,0.003
2025-09-22 16:00:00,1758556812.0,0.003
2025-09-22 17:00:00,1758560404.0,0.003
2025-09-22 18:00:00,1758564021.0,0.003
2025-09-22 19:00:00,1758567604.0,0.003
2025-09-22 20:00:00,1758571213.0,0.003
2025-09-22 21:00:00,1758574810.0,0.003
2025-09-22 22:00:00,1758578405.0,0.003
2025-09-22 23:00:00,1758582014.0,0.003
2025-09-23 00:00:00,1758585609.0,0.003
2025-09-23 01:00:00,1758589209.0,0.003
2025-09-23 02:00:00,1758592811.0,0.003
2025-09-23 03:00:00,1758596403.0,0.003
2025-09-23 04:00:00,1758600010.0,0.003
2025-09-23 05:00:00,1758603619.0,0.003
2025-09-23 06:00:00,1758607218.0,0.003
2025-09-23 07:00:00,1758610807.0,0.003
2025-09-23 08:00:00,1758614410.0,0.003
2025-09-23 09:00:00,1758618022.0,0.003
2025-09-23 10:00:00,1758621621.0,0.003
2025-09-23 11:00:00,1758625219.0,0.003
2025-09-23 12:00:00,1758628805.0,0.003
2025-09-23 13:00:00,1758632415.0,0.003
2025-09-23 14:00:00,1758636002.0,0.003
2025-09-23 15:00:00,1758639604.0,0.003
2025-09-23 16:00:00,1758643217.0,0.003
2025-09-23 17:00:00,1758646812.0,0.003
2025-09-23 18:00:00,1758650419.0,0.003
2025-09-23 19:00:00,1758654010.0,0.003
2025-09-23 20:00:00,1758657605.0,0.003
2025-09-23 21:00:00,1758661210.0,0.003
2025-09-23 22:00:00,1758664812.0,0.003
2025-09-23 23:00:00,1758668412.0,0.003
2025-09-24 00:00:00,1758672011.0,0.003
2025-09-24 01:00:00,1758675614.0,0.003
2025-09-24 02:00:00,1758679212.0,0.003
2025-09-24 03:00:00,1758682804.0,0.003
2025-09-24 04:00:00,1758686420.0,0.003
2025-09-24 05:00:00,1758690002.0,0.003
2025-09-24 06:00:00,1758693614.0,0.003
2025-09-24 07:00:00,1758697215.0,0.003
2025-09-24 08:00:00,1758700821.0,0.003
2025-09-24 09:00:00,1758704426.0,0.003
2025-09-24 10:00:00,1758708004.0,0.003
2025-09-24 11:00:00,1758711605.0,0.003
2025-09-24 12:00:00,1758715210.0,0.003
2025-09-24 13:00:00,1758718805.0,0.003
2025-09-24 14:00:00,1758722412.0,0.003
2025-09-24 15:00:00,1758726013.0,0.003
2025-09-24 16:00:00,1758729609.0,0.003
2025-09-24 17:00:00,1758733210.0,0.003
2025-09-24 18:00:00,1758736811.0,0.003
2025-09-24 19:00:00,1758740403.0,0.003
2025-09-24 20:00:00,1758744010.0,0.003
2025-09-24 21:00:00,1758747611.0,0.003
2025-09-24 22:00:00,1758751211.0,0.003
2025-09-24 23:00:00,1758754804.0,0.003
2025-09-25 00:00:00,1758758404.0,0.003
2025-09-25 01:00:00,1758762004.0,0.003
2025-09-25 02:00:00,1758765604.0,0.003
2025-09-25 03:00:00,1758769214.0,0.003
2025-09-25 04:00:00,1758772807.0,0.003
2025-09-25 05:00:00,1758776412.0,0.003
2025-09-25 06:00:00,1758780007.0,0.003
2025-09-25 07:00:00,1758783605.0,0.003
2025-09-25 08:00:00,1758787213.0,0.003
2025-09-25 09:00:00,1758790806.0,0.003
2025-09-25 10:00:00,1758794406.0,0.003
2025-09-25 11:00:00,1758798013.0,0.003
2025-09-25 12:00:00,1758801614.0,0.003
2025-09-25 13:00:00,1758805204.0,0.003
2025-09-25 14:00:00,1758808804.0,0.003
2025-09-25 15:00:00,1758812412.0,0.003
2025-09-25 16:00:00,1758816008.0,0.003
2025-09-25 17:00:00,1758819604.0,0.003
2025-09-25 18:00:00,1758823216.0,0.003
2025-09-25 19:00:00,1758826810.0,0.003
2025-09-25 20:00:00,1758830408.0,0.003
2025-09-25 21:00:00,1758834004.0,0.003
2025-09-25 22:00:00,1758837606.0,0.003
2025-09-25 23:00:00,1758841213.0,0.003
2025-09-26 00:00:00,1758844809.0,0.003
2025-09-26 01:00:00,1758848409.0,0.003
2025-09-26 02:00:00,1758852009.0,0.003
2025-09-26 03:00:00,1758855613.0,0.003
2025-09-26 04:00:00,1758859208.0,0.003
2025-09-26 05:00:00,1758862808.0,0.003
2025-09-26 06:00:00,1758866412.0,0.003
2025-09-26 07:00:00,1758870003.0,0.003
2025-09-26 08:00:00,1758873613.0,0.003
2025-09-26 09:00:00,1758877215.0,0.003
2025-09-26 10:00:00,1758880807.0,0.003
2025-09-26 11:00:00,1758884412.0,0.003
2025-09-26 12:00:00,1758888019.0,0.003
2025-09-26 13:00:00,1758891606.0,0.003
2025-09-26 14:00:00,1758895204.0,0.003
2025-09-26 15:00:00,1758898804.0,0.003
2025-09-26 16:00:00,1758902414.0,0.003
2025-09-26 17:00:00,1758906015.0,0.003
2025-09-26 18:00:00,1758909604.0,0.003
2025-09-26 19:00:00,1758913212.0,0.003
2025-09-26 20:00:00,1758916807.0,0.003
2025-09-26 21:00:00,1758920406.0,0.003
2025-09-26 22:00:00,1758924016.0,0.003
2025-09-26 23:00:00,1758927603.0,0.003
2025-09-27 00:00:00,1758931211.0,0.003
2025-09-27 01:00:00,1758934809.0,0.003
2025-09-27 02:00:00,1758938408.0,0.003
2025-09-27 03:00:00,1758942004.0,0.003
2025-09-27 04:00:00,1758945614.0,0.003
2025-09-27 05:00:00,1758949213.0,0.003
2025-09-27 06:00:00,1758952812.0,0.003
2025-09-27 07:00:00,1758956409.0,0.003
2025-09-27 08:00:00,1758960006.0,0.003
2025-09-27 09:00:00,1758963616.0,0.003
2025-09-27 10:00:00,1758967207.0,0.003
2025-09-27 11:00:00,1758970814.0,0.003
2025-09-27 12:00:00,1758974404.0,0.0035
2025-09-27 13:00:00,1758978011.0,0.0035
2025-09-27 14:00:00,1758981607.0,0.0035
2025-09-27 15:00:00,1758985210.0,0.0035
2025-09-27 16:00:00,1758988810.0,0.0035
2025-09-27 17:00:00,1758992417.0,0.0035
2025-09-27 18:00:00,1758996008.0,0.0035
2025-09-27 19:00:00,1758999613.0,0.0035
2025-09-27 20:00:00,1759003213.0,0.0035
2025-09-27 21:00:00,1759006811.0,0.004
2025-09-27 22:00:00,1759010415.0,0.004
2025-09-27 23:00:00,1759014013.0,0.004
2025-09-28 00:00:00,1759017605.0,0.004
2025-09-28 01:00:00,1759021208.0,0.004
2025-09-28 02:00:00,1759024805.0,0.004
2025-09-28 03:00:00,1759028403.0,0.004
2025-09-28 04:00:00,1759032010.0,0.004
2025-09-28 05:00:00,1759035608.0,0.004
2025-09-28 06:00:00,1759039208.0,0.004
2025-09-28 07:00:00,1759042805.0,0.004
2025-09-28 08:00:00,1759046414.0,0.004
2025-09-28 09:00:00,1759050009.0,0.004
2025-09-28 10:00:00,1759053615.0,0.004
2025-09-28 11:00:00,1759057212.0,0.004
2025-09-28 12:00:00,1759060809.0,0.004
2025-09-28 13:00:00,1759064406.0,0.004
2025-09-28 14:00:00,1759068016.0,0.004
2025-09-28 15:00:00,1759071616.0,0.004
2025-09-28 16:00:00,1759075210.0,0.004
2025-09-28 17:00:00,1759078812.0,0.004
2025-09-28 18:00:00,1759082411.0,0.004
2025-09-28 19:00:00,1759086009.0,0.004
2025-09-28 20:00:00,1759089612.0,0.004
2025-09-28 21:00:00,1759093202.0,0.004
2025-09-28 22:00:00,1759096813.0,0.004
2025-09-28 23:00:00,1759100405.0,0.004
2025-09-29 00:00:00,1759104007.0,0.004
2025-09-29 01:00:00,1759107604.0,0.004
2025-09-29 02:00:00,1759111204.0,0.004
2025-09-29 03:00:00,1759114811.0,0.004
2025-09-29 04:00:00,1759118403.0,0.004
2025-09-29 05:00:00,1759122009.0,0.004
2025-09-29 06:00:00,1759125603.0,0.004
2025-09-29 07:00:00,1759129209.0,0.004
2025-09-29 08:00:00,1759132806.0,0.004
2025-09-29 09:00:00,1759136412.0,0.004
2025-09-29 10:00:00,1759140011.0,0.004
2025-09-29 11:00:00,1759143606.0,0.004
2025-09-29 12:00:00,1759147206.0,0.004
2025-09-29 13:00:00,1759150804.0,0.004
2025-09-29 14:00:00,1759154402.0,0.004
2025-09-29 15:00:00,1759158009.0,0.004
2025-09-29 16:00:00,1759161602.0,0.0095
2025-09-29 17:00:00,1759165213.0,0.005
2025-09-29 18:00:00,1759168813.0,0.005
2025-09-29 19:00:00,1759172410.0,0.005
2025-09-29 20:00:00,1759176006.0,0.005
2025-09-29 21:00:00,1759179602.0,0.005
2025-09-29 22:00:00,1759183210.0,0.005
2025-09-29 23:00:00,1759186805.0,0.005
2025-09-30 00:00:00,1759190405.0,0.005
2025-09-30 01:00:00,1759194012.0,0.005
2025-09-30 02:00:00,1759197605.0,0.005
2025-09-30 03:00:00,1759201210.0,0.005
2025-09-30 04:00:00,1759204804.0,0.005
2025-09-30 05:00:00,1759208410.0,0.005
2025-09-30 06:00:00,1759212004.0,0.005
2025-09-30 07:00:00,1759215607.0,0.005
2025-09-30 08:00:00,1759219207.0,0.005
2025-09-30 09:00:00,1759222812.0,0.005
2025-09-30 10:00:00,1759226405.0,0.005
2025-09-30 11:00:00,1759230009.0,0.005
2025-09-30 12:00:00,1759233608.0,0.005
2025-09-30 13:00:00,1759237206.0,0.005
2025-09-30 14:00:00,1759240813.0,0.005
2025-09-30 15:00:00,1759244412.0,0.0055
2025-09-30 16:00:00,1759248003.0,0.0055
2025-09-30 17:00:00,1759251613.0,0.0055
2025-09-30 18:00:00,1759255206.0,0.0055
2025-09-30 19:00:00,1759258813.0,0.0055
2025-09-30 20:00:00,1759262406.0,0.0055
2025-09-30 21:00:00,1759266014.0,0.0055
2025-09-30 22:00:00,1759269602.0,0.0055
2025-09-30 23:00:00,1759273206.0,0.0055
2025-10-01 00:00:00,1759276809.0,0.0055
2025-10-01 01:00:00,1759280406.0,0.005
2025-10-01 02:00:00,1759284002.0,0.005
2025-10-01 03:00:00,1759287604.0,0.005
2025-10-01 04:00:00,1759291202.0,0.005
2025-10-01 05:00:00,1759294803.0,0.005
2025-10-01 06:00:00,1759298411.0,0.005
2025-10-01 07:00:00,1759302008.0,0.005
2025-10-01 08:00:00,1759305605.0,0.005
2025-10-01 09:00:00,1759309206.0,0.005
2025-10-01 10:00:00,1759312805.0,0.005
2025-10-01 11:00:00,1759316402.0,0.005
2025-10-01 12:00:00,1759320015.0,0.005
2025-10-01 13:00:00,1759323602.0,0.005
2025-10-01 14:00:00,1759327203.0,0.005
2025-10-01 15:00:00,1759330810.0,0.005
2025-10-01 16:00:00,1759334410.0,0.005
2025-10-01 17:00:00,1759338004.0,0.005
2025-10-01 18:00:00,1759341614.0,0.005
2025-10-01 19:00:00,1759345202.0,0.005
2025-10-01 20:00:00,1759348804.0,0.005
2025-10-01 21:00:00,1759352405.0,0.005
2025-10-01 22:00:00,1759356003.0,0.005
2025-10-01 23:00:00,1759359602.0,0.005
2025-10-02 00:00:00,1759363209.0,0.005
2025-10-02 01:00:00,1759366809.0,0.005
2025-10-02 02:00:00,1759370411.0,0.005
2025-10-02 03:00:00,1759374004.0,0.005
2025-10-02 04:00:00,1759377607.0,0.005
2025-10-02 05:00:00,1759381205.0,0.005
2025-10-02 06:00:00,1759384807.0,0.005
2025-10-02 07:00:00,1759388406.0,0.005
2025-10-02 08:00:00,1759392009.0,0.005
2025-10-02 09:00:00,1759395606.0,0.005
2025-10-02 10:00:00,1759399210.0,0.005
2025-10-02 11:00:00,1759402805.0,0.005
2025-10-02 12:00:00,1759406416.0,0.005
2025-10-02 13:00:00,1759410003.0,0.005
2025-10-02 14:00:00,1759413611.0,0.005
2025-10-02 15:00:00,1759417208.0,0.005
2025-10-02 16:00:00,1759420806.0,0.005
2025-10-02 17:00:00,1759424413.0,0.005
2025-10-02 18:00:00,1759428003.0,0.005
2025-10-02 19:00:00,1759431602.0,0.005
2025-10-02 20:00:00,1759435205.0,0.005
2025-10-02 21:00:00,1759438816.0,0.005
2025-10-02 22:00:00,1759442413.0,0.005
2025-10-02 23:00:00,1759446004.0,0.005
2025-10-03 00:00:00,1759449606.0,0.005
2025-10-03 01:00:00,1759453207.0,0.005
2025-10-03 02:00:00,1759456805.0,0.005
2025-10-03 03:00:00,1759460402.0,0.005
2025-10-03 04:00:00,1759464008.0,0.005
2025-10-03 05:00:00,1759467615.0,0.005
2025-10-03 06:00:00,1759471215.0,0.005
2025-10-03 07:00:00,1759474805.0,0.005
2025-10-03 08:00:00,1759478405.0,0.005
2025-10-03 09:00:00,1759482003.0,0.005
2025-10-03 10:00:00,1759485605.0,0.005
2025-10-03 11:00:00,1759489203.0,0.005
2025-10-03 12:00:00,1759492814.0,0.005
2025-10-03 13:00:00,1759496404.0,0.005
2025-10-03 14:00:00,1759500005.0,0.005
2025-10-03 15:00:00,1759503604.0,0.005
2025-10-03 16:00:00,1759507205.0,0.005
2025-10-03 17:00:00,1759510804.0,0.005
2025-10-03 18:00:00,1759514408.0,0.005
2025-10-03 19:00:00,1759518003.0,0.005
2025-10-03 20:00:00,1759521604.0,0.005
2025-10-03 21:00:00,1759525208.0,0.005
2025-10-03 22:00:00,1759528805.0,0.005
2025-10-03 23:00:00,1759532406.0,0.005
2025-10-04 00:00:00,1759536007.0,0.005
2025-10-04 01:00:00,1759539606.0,0.005
2025-10-04 02:00:00,1759543206.0,0.005
2025-10-04 03:00:00,1759546806.0,0.005
2025-10-04 04:00:00,1759550404.0,0.005
2025-10-04 05:00:00,1759554005.0,0.0055
2025-10-04 06:00:00,1759557605.0,0.0055
2025-10-04 07:00:00,1759561212.0,0.0055
2025-10-04 08:00:00,1759564807.0,0.0055
2025-10-04 09:00:00,1759568403.0,0.0055
2025-10-04 10:00:00,1759572003.0,0.0055
2025-10-04 11:00:00,1759575607.0,0.0055
2025-10-04 12:00:00,1759579216.0,0.0055
2025-10-04 13:00:00,1759582812.0,0.0055
2025-10-04 14:00:00,1759586406.0,0.0055
2025-10-04 15:00:00,1759590004.0,0.0055
2025-10-04 16:00:00,1759593608.0,0.0055
2025-10-04 17:00:00,1759597210.0,0.0055
2025-10-04 18:00:00,1759600804.0,0.0055
2025-10-04 19:00:00,1759604402.0,0.0055
2025-10-04 20:00:00,1759608007.0,0.0055
2025-10-04 21:00:00,1759611605.0,0.0055
2025-10-04 22:00:00,1759615208.0,0.0055
2025-10-04 23:00:00,1759618807.0,0.006
2025-10-05 00:00:00,1759622405.0,0.0055
2025-10-05 01:00:00,1759626005.0,0.006
2025-10-05 02:00:00,1759629604.0,0.005
2025-10-05 03:00:00,1759633205.0,0.006
2025-10-05 04:00:00,1759636803.0,0.006
2025-10-05 05:00:00,1759640406.0,0.006
2025-10-05 06:00:00,1759644005.0,0.0055
2025-10-05 07:00:00,1759647604.0,0.005
2025-10-05 08:00:00,1759651202.0,0.006
2025-10-05 09:00:00,1759654809.0,0.0055
2025-10-05 10:00:00,1759658406.0,0.006
2025-10-05 11:00:00,1759662008.0,0.005
2025-10-05 12:00:00,1759665610.0,0.005
2025-10-05 13:00:00,1759669207.0,0.006
2025-10-05 14:00:00,1759672803.0,0.0055
2025-10-05 15:00:00,1759676409.0,0.006
2025-10-05 16:00:00,1759680007.0,0.0055
2025-10-05 17:00:00,1759683611.0,0.005
2025-10-05 18:00:00,1759687209.0,0.006
2025-10-05 19:00:00,1759690808.0,0.006
2025-10-05 20:00:00,1759694405.0,0.006
2025-10-05 21:00:00,1759698006.0,0.006
2025-10-05 22:00:00,1759701606.0,0.006
2025-10-05 23:00:00,1759705204.0,0.0065
2025-10-06 00:00:00,1759708806.0,0.006
2025-10-06 01:00:00,1759712407.0,0.006
2025-10-06 02:00:00,1759716003.0,0.006
2025-10-06 03:00:00,1759719610.0,0.006
2025-10-06 04:00:00,1759723207.0,0.006
2025-10-06 05:00:00,1759726806.0,0.006
2025-10-06 06:00:00,1759730412.0,0.006
2025-10-06 07:00:00,1759734013.0,0.006
2025-10-06 08:00:00,1759737607.0,0.006
2025-10-06 09:00:00,1759741208.0,0.006
2025-10-06 10:00:00,1759744805.0,0.006
2025-10-06 11:00:00,1759748403.0,0.006
2025-10-06 12:00:00,1759752006.0,0.006
2025-10-06 13:00:00,1759755606.0,0.006
2025-10-06 14:00:00,1759759204.0,0.006
2025-10-06 15:00:00,1759762807.0,0.005
2025-10-06 16:00:00,1759766404.0,0.006
2025-10-06 17:00:00,1759770007.0,0.006
2025-10-06 18:00:00,1759773606.0,0.006
2025-10-06 19:00:00,1759777203.0,0.0055
2025-10-06 20:00:00,1759780804.0,0.006
2025-10-06 21:00:00,1759784408.0,0.0055
2025-10-06 22:00:00,1759788014.0,0.005
2025-10-06 23:00:00,1759791606.0,0.0065
2025-10-07 00:00:00,1759795202.0,0.006
2025-10-07 01:00:00,1759798806.0,0.0055
2025-10-07 02:00:00,1759802408.0,0.005
2025-10-07 03:00:00,1759806016.0,0.005
2025-10-07 04:00:00,1759809608.0,0.005
2025-10-07 05:00:00,1759813209.0,0.005
2025-10-07 06:00:00,1759816811.0,0.005
2025-10-07 07:00:00,1759820407.0,0.005
2025-10-07 08:00:00,1759824004.0,0.005
2025-10-07 09:00:00,1759827616.0,0.005
2025-10-07 10:00:00,1759831211.0,0.005
2025-10-07 11:00:00,1759834808.0,0.005
2025-10-07 12:00:00,1759838405.0,0.005
2025-10-07 13:00:00,1759842003.0,0.0045
2025-10-07 14:00:00,1759845611.0,0.0035
2025-10-07 15:00:00,1759849216.0,0.0035
2025-10-07 16:00:00,1759852805.0,0.0035
2025-10-07 17:00:00,1759856418.0,0.0035
2025-10-07 18:00:00,1759860015.0,0.0035
2025-10-07 19:00:00,1759863616.0,0.0035
2025-10-07 20:00:00,1759867203.0,0.0035
2025-10-07 21:00:00,1759870804.0,0.0035
2025-10-07 22:00:00,1759874405.0,0.0035
2025-10-07 23:00:00,1759878012.0,0.0035
2025-10-08 00:00:00,1759881612.0,0.0035
2025-10-08 01:00:00,1759885213.0,0.0035
2025-10-08 02:00:00,1759888814.0,0.0035
2025-10-08 03:00:00,1759892404.0,0.0035
2025-10-08 04:00:00,1759896003.0,0.0035
2025-10-08 05:00:00,1759899602.0,0.0035
2025-10-08 06:00:00,1759903213.0,0.0035
2025-10-08 07:00:00,1759906803.0,0.0035
2025-10-08 08:00:00,1759910405.0,0.0035
2025-10-08 09:00:00,1759914011.0,0.0035
2025-10-08 10:00:00,1759917613.0,0.0035
2025-10-08 11:00:00,1759921205.0,0.0035
2025-10-08 12:00:00,1759924809.0,0.0035
2025-10-08 13:00:00,1759928413.0,0.0035
2025-10-08 14:00:00,1759932008.0,0.0035
2025-10-08 15:00:00,1759935613.0,0.0035
2025-10-08 16:00:00,1759939205.0,0.0035
2025-10-08 17:00:00,1759942812.0,0.0035
2025-10-08 18:00:00,1759946409.0,0.0035
2025-10-08 19:00:00,1759950016.0,0.0035
2025-10-08 20:00:00,1759953606.0,0.0035
2025-10-08 21:00:00,1759957212.0,0.0035
2025-10-08 22:00:00,1759960815.0,0.0035
2025-10-08 23:00:00,1759964406.0,0.0035
2025-10-09 00:00:00,1759968013.0,0.0035
2025-10-09 01:00:00,1759971608.0,0.0035
2025-10-09 02:00:00,1759975206.0,0.0035
2025-10-09 03:00:00,1759978807.0,0.0035
2025-10-09 04:00:00,1759982409.0,0.0035
2025-10-09 05:00:00,1759986006.0,0.0035
2025-10-09 06:00:00,1759989605.0,0.0035
2025-10-09 07:00:00,1759993209.0,0.0035
2025-10-09 08:00:00,1759996808.0,0.0035
2025-10-09 09:00:00,1760000417.0,0.0035
2025-10-09 10:00:00,1760004009.0,0.0035
2025-10-09 11:00:00,1760007611.0,0.0035
2025-10-09 12:00:00,1760011214.0,0.0035
2025-10-09 13:00:00,1760014811.0,0.0035
2025-10-09 14:00:00,1760018417.0,0.0035
2025-10-09 15:00:00,1760022009.0,0.0035
2025-10-09 16:00:00,1760025607.0,0.0035
2025-10-09 17:00:00,1760029204.0,0.0035
2025-10-09 18:00:00,1760032815.0,0.0035
2025-10-09 19:00:00,1760036416.0,0.0035
2025-10-09 20:00:00,1760040014.0,0.0035
2025-10-09 21:00:00,1760043608.0,0.0035
2025-10-09 22:00:00,1760047213.0,0.0035
2025-10-09 23:00:00,1760050815.0,0.0035
2025-10-10 00:00:00,1760054415.0,0.0035
2025-10-10 01:00:00,1760058009.0,0.0035
2025-10-10 02:00:00,1760061604.0,0.0035
2025-10-10 03:00:00,1760065220.0,0.0035
2025-10-10 04:00:00,1760068807.0,0.0035
2025-10-10 05:00:00,1760072404.0,0.0035
2025-10-10 06:00:00,1760076008.0,0.0035
2025-10-10 07:00:00,1760079615.0,0.0035
2025-10-10 08:00:00,1760083215.0,0.0035
2025-10-10 09:00:00,1760086807.0,0.0035
2025-10-10 10:00:00,1760090407.0,0.0035
2025-10-10 11:00:00,1760094016.0,0.0035
2025-10-10 12:00:00,1760097610.0,0.0035
2025-10-10 13:00:00,1760101218.0,0.0035
2025-10-10 14:00:00,1760104811.0,0.0035
2025-10-10 15:00:00,1760108410.0,0.0035
2025-10-10 16:00:00,1760112018.0,0.0035
2025-10-10 17:00:00,1760115605.0,0.0035
2025-10-10 18:00:00,1760119214.0,0.0035
2025-10-10 19:00:00,1760122806.0,0.0035
2025-10-10 20:00:00,1760126415.0,0.0035
2025-10-10 21:00:00,1760130023.0,0.0035
2025-10-10 22:00:00,1760133612.0,0.007
2025-10-10 23:00:00,1760137207.0,0.0065
2025-10-11 00:00:00,1760140804.0,0.0055
2025-10-11 01:00:00,1760144407.0,0.0055
2025-10-11 02:00:00,1760148012.0,0.0055
2025-10-11 03:00:00,1760151604.0,0.0055
2025-10-11 04:00:00,1760155210.0,0.0055
2025-10-11 05:00:00,1760158807.0,0.0055
2025-10-11 06:00:00,1760162422.0,0.0055
2025-10-11 07:00:00,1760166019.0,0.0055
2025-10-11 08:00:00,1760169612.0,0.0055
2025-10-11 09:00:00,1760173219.0,0.0055
2025-10-11 10:00:00,1760176811.0,0.0055
2025-10-11 11:00:00,1760180412.0,0.0055
2025-10-11 12:00:00,1760184017.0,0.0055
2025-10-11 13:00:00,1760187610.0,0.0055
2025-10-11 14:00:00,1760191216.0,0.0055
2025-10-11 15:00:00,1760194812.0,0.0055
2025-10-11 16:00:00,1760198407.0,0.0055
2025-10-11 17:00:00,1760202014.0,0.0055
2025-10-11 18:00:00,1760205610.0,0.0055
2025-10-11 19:00:00,1760209220.0,0.0055
2025-10-11 20:00:00,1760212817.0,0.0055
2025-10-11 21:00:00,1760216408.0,0.0065
2025-10-11 22:00:00,1760220011.0,0.0055
2025-10-11 23:00:00,1760223613.0,0.0055
2025-10-12 00:00:00,1760227214.0,0.0055
2025-10-12 01:00:00,1760230815.0,0.0055
2025-10-12 02:00:00,1760234403.0,0.0055
2025-10-12 03:00:00,1760238023.0,0.0055
2025-10-12 04:00:00,1760241608.0,0.0055
2025-10-12 05:00:00,1760245210.0,0.0055
2025-10-12 06:00:00,1760248814.0,0.0055
2025-10-12 07:00:00,1760252414.0,0.0055
2025-10-12 08:00:00,1760256007.0,0.0055
2025-10-12 09:00:00,1760259621.0,0.0055
2025-10-12 10:00:00,1760263212.0,0.0055
2025-10-12 11:00:00,1760266809.0,0.0055
2025-10-12 12:00:00,1760270417.0,0.0045
2025-10-12 13:00:00,1760274012.0,0.0045
2025-10-12 14:00:00,1760277603.0,0.0045
2025-10-12 15:00:00,1760281221.0,0.0045
2025-10-12 16:00:00,1760284820.0,0.0045
2025-10-12 17:00:00,1760288415.0,0.0045
2025-10-12 18:00:00,1760292012.0,0.0045
2025-10-12 19:00:00,1760295604.0,0.0045
2025-10-12 20:00:00,1760299206.0,0.0045
2025-10-12 21:00:00,1760302817.0,0.0045
2025-10-12 22:00:00,1760306405.0,0.0045
2025-10-12 23:00:00,1760310015.0,0.0045
2025-10-13 00:00:00,1760313609.0,0.0045
2025-10-13 01:00:00,1760317208.0,0.0045
2025-10-13 02:00:00,1760320802.0,0.0045
2025-10-13 03:00:00,1760324416.0,0.0045
2025-10-13 04:00:00,1760328016.0,0.004
2025-10-13 05:00:00,1760331608.0,0.0045
2025-10-13 06:00:00,1760335220.0,0.0045
2025-10-13 07:00:00,1760338806.0,0.004
2025-10-13 08:00:00,1760342403.0,0.004
2025-10-13 09:00:00,1760346007.0,0.004
2025-10-13 10:00:00,1760349618.0,0.004
2025-10-13 11:00:00,1760353214.0,0.004
2025-10-13 12:00:00,1760356807.0,0.004
2025-10-13 13:00:00,1760360405.0,0.004
2025-10-13 14:00:00,1760364015.0,0.004
2025-10-13 15:00:00,1760367607.0,0.004
2025-10-13 16:00:00,1760371204.0,0.004
2025-10-13 17:00:00,1760374817.0,0.004
2025-10-13 18:00:00,1760378405.0,0.004
2025-10-13 19:00:00,1760382015.0,0.004
2025-10-13 20:00:00,1760385614.0,0.004
2025-10-13 21:00:00,1760389210.0,0.004
2025-10-13 22:00:00,1760392806.0,0.004
2025-10-13 23:00:00,1760396415.0,0.004
2025-10-14 00:00:00,1760400010.0,0.004
2025-10-14 01:00:00,1760403614.0,0.004
2025-10-14 02:00:00,1760407216.0,0.004
2025-10-14 03:00:00,1760410810.0,0.004
2025-10-14 04:00:00,1760414405.0,0.004
2025-10-14 05:00:00,1760418004.0,0.004
2025-10-14 06:00:00,1760421625.0,0.004
2025-10-14 07:00:00,1760425215.0,0.004
2025-10-14 08:00:00,1760428817.0,0.004
2025-10-14 09:00:00,1760432420.0,0.004
2025-10-14 10:00:00,1760436013.0,0.004
2025-10-14 11:00:00,1760439614.0,0.004
2025-10-14 12:00:00,1760443204.0,0.004
2025-10-14 13:00:00,1760446814.0,0.004
2025-10-14 14:00:00,1760450413.0,0.004
2025-10-14 15:00:00,1760454023.0,0.004
2025-10-14 16:00:00,1760457613.0,0.004
2025-10-14 17:00:00,1760461203.0,0.004
2025-10-14 18:00:00,1760464814.0,0.004
2025-10-14 19:00:00,1760468411.0,0.004
2025-10-14 20:00:00,1760472016.0,0.004
2025-10-14 21:00:00,1760475623.0,0.004
2025-10-14 22:00:00,1760479210.0,0.004
2025-10-14 23:00:00,1760482806.0,0.004
2025-10-15 00:00:00,1760486414.0,0.004
2025-10-15 01:00:00,1760490011.0,0.004
2025-10-15 02:00:00,1760493610.0,0.004
2025-10-15 03:00:00,1760497215.0,0.004
2025-10-15 04:00:00,1760500814.0,0.004
2025-10-15 05:00:00,1760504415.0,0.004
2025-10-15 06:00:00,1760508022.0,0.004
2025-10-15 07:00:00,1760511613.0,0.004
2025-10-15 08:00:00,1760515206.0,0.004
2025-10-15 09:00:00,1760518820.0,0.004
2025-10-15 10:00:00,1760522413.0,0.004
2025-10-15 11:00:00,1760526008.0,0.004
2025-10-15 12:00:00,1760529611.0,0.004
2025-10-15 13:00:00,1760533217.0,0.004
2025-10-15 14:00:00,1760536807.0,0.004
2025-10-15 15:00:00,1760540421.0,0.004
2025-10-15 16:00:00,1760544006.0,0.004
2025-10-15 17:00:00,1760547606.0,0.004
2025-10-15 18:00:00,1760551223.0,0.004
2025-10-15 19:00:00,1760554817.0,0.004
2025-10-15 20:00:00,1760558419.0,0.004
2025-10-15 21:00:00,1760562007.0,0.004
2025-10-15 22:00:00,1760565607.0,0.004
2025-10-15 23:00:00,1760569206.0,0.004
2025-10-16 00:00:00,1760572816.0,0.004
2025-10-16 01:00:00,1760576404.0,0.004
2025-10-16 02:00:00,1760580014.0,0.004
2025-10-16 03:00:00,1760583618.0,0.004
2025-10-16 04:00:00,1760587216.0,0.004
2025-10-16 05:00:00,1760590817.0,0.004
2025-10-16 06:00:00,1760594410.0,0.004
2025-10-16 07:00:00,1760598005.0,0.004
2025-10-16 08:00:00,1760601617.0,0.004
2025-10-16 09:00:00,1760605206.0,0.004
2025-10-16 10:00:00,1760608816.0,0.004
2025-10-16 11:00:00,1760612410.0,0.004
2025-10-16 12:00:00,1760616026.0,0.004
2025-10-16 13:00:00,1760619612.0,0.004
2025-10-16 14:00:00,1760623219.0,0.004
2025-10-16 15:00:00,1760626804.0,0.004
2025-10-16 16:00:00,1760630411.0,0.004
2025-10-16 17:00:00,1760634010.0,0.004
2025-10-16 18:00:00,1760637619.0,0.004
2025-10-16 19:00:00,1760641219.0,0.004
2025-10-16 20:00:00,1760644820.0,0.004
2025-10-16 21:00:00,1760648423.0,0.004
2025-10-16 22:00:00,1760652019.0,0.004
2025-10-16 23:00:00,1760655616.0,0.004
2025-10-17 00:00:00,1760659207.0,0.004
2025-10-17 01:00:00,1760662809.0,0.004
2025-10-17 02:00:00,1760666410.0,0.004
2025-10-17 03:00:00,1760670010.0,0.004
2025-10-17 04:00:00,1760673615.0,0.004
2025-10-17 05:00:00,1760677203.0,0.004
2025-10-17 06:00:00,1760680821.0,0.004
2025-10-17 07:00:00,1760684421.0,0.004
2025-10-17 08:00:00,1760688008.0,0.004
2025-10-17 09:00:00,1760691628.0,0.004
2025-10-17 10:00:00,1760695218.0,0.004
2025-10-17 11:00:00,1760698808.0,0.004
2025-10-17 12:00:00,1760702409.0,0.004
2025-10-17 13:00:00,1760706017.0,0.004
2025-10-17 14:00:00,1760709617.0,0.004
2025-10-17 15:00:00,1760713210.0,0.004
2025-10-17 16:00:00,1760716821.0,0.004
2025-10-17 17:00:00,1760720414.0,0.004
2025-10-17 18:00:00,1760724024.0,0.004
2025-10-17 19:00:00,1760727620.0,0.004
2025-10-17 20:00:00,1760731213.0,0.004
2025-10-17 21:00:00,1760734811.0,0.004
2025-10-17 22:00:00,1760738412.0,0.004
2025-10-17 23:00:00,1760742012.0,0.004
2025-10-18 00:00:00,1760745614.0,0.004
2025-10-18 01:00:00,1760749211.0,0.004
2025-10-18 02:00:00,1760752811.0,0.004
2025-10-18 03:00:00,1760756409.0,0.004
2025-10-18 04:00:00,1760760019.0,0.004
2025-10-18 05:00:00,1760763606.0,0.004
2025-10-18 06:00:00,1760767209.0,0.004
2025-10-18 07:00:00,1760770804.0,0.004
2025-10-18 08:00:00,1760774414.0,0.004
2025-10-18 09:00:00,1760778023.0,0.004
2025-10-18 10:00:00,1760781607.0,0.004
2025-10-18 11:00:00,1760785223.0,0.004
2025-10-18 12:00:00,1760788821.0,0.004
2025-10-18 13:00:00,1760792407.0,0.004
2025-10-18 14:00:00,1760796003.0,0.004
2025-10-18 15:00:00,1760799610.0,0.004
2025-10-18 16:00:00,1760803214.0,0.004
2025-10-18 17:00:00,1760806804.0,0.004
2025-10-18 18:00:00,1760810419.0,0.004
2025-10-18 19:00:00,1760814012.0,0.004
2025-10-18 20:00:00,1760817618.0,0.004
2025-10-18 21:00:00,1760821208.0,0.004
2025-10-18 22:00:00,1760824818.0,0.004
2025-10-18 23:00:00,1760828418.0,0.004
2025-10-19 00:00:00,1760832010.0,0.004
2025-10-19 01:00:00,1760835612.0,0.004
2025-10-19 02:00:00,1760839207.0,0.004
2025-10-19 03:00:00,1760842818.0,0.004
2025-10-19 04:00:00,1760846414.0,0.004
2025-10-19 05:00:00,1760850011.0,0.004
2025-10-19 06:00:00,1760853624.0,0.004
2025-10-19 07:00:00,1760857203.0,0.0035
2025-10-19 08:00:00,1760860806.0,0.003
2025-10-19 09:00:00,1760864429.0,0.003
2025-10-19 10:00:00,1760868012.0,0.003
2025-10-19 11:00:00,1760871611.0,0.003
2025-10-19 12:00:00,1760875224.0,0.003
2025-10-19 13:00:00,1760878803.0,0.003
2025-10-19 14:00:00,1760882412.0,0.003
2025-10-19 15:00:00,1760886014.0,0.003
2025-10-19 16:00:00,1760889610.0,0.003
2025-10-19 17:00:00,1760893212.0,0.003
2025-10-19 18:00:00,1760896806.0,0.003
2025-10-19 19:00:00,1760900412.0,0.003
2025-10-19 20:00:00,1760904007.0,0.003
2025-10-19 21:00:00,1760907613.0,0.003
2025-10-19 22:00:00,1760911210.0,0.0035
2025-10-19 23:00:00,1760914804.0,0.003
2025-10-20 00:00:00,1760918406.0,0.003
2025-10-20 01:00:00,1760922016.0,0.003
2025-10-20 02:00:00,1760925607.0,0.003
2025-10-20 03:00:00,1760929217.0,0.003
2025-10-20 04:00:00,1760932806.0,0.003
2025-10-20 05:00:00,1760936416.0,0.003
2025-10-20 06:00:00,1760940003.0,0.003
2025-10-20 07:00:00,1760943614.0,0.003
2025-10-20 08:00:00,1760947217.0,0.003
2025-10-20 09:00:00,1760950827.0,0.0065
2025-10-20 10:00:00,1760954404.0,0.0065
2025-10-20 11:00:00,1760958009.0,0.0065
2025-10-20 12:00:00,1760961615.0,0.0065
2025-10-20 13:00:00,1760965214.0,0.0055
2025-10-20 14:00:00,1760968811.0,0.0055
2025-10-20 15:00:00,1760972418.0,0.0055
2025-10-20 16:00:00,1760976003.0,0.0055
2025-10-20 17:00:00,1760979609.0,0.0055
2025-10-20 18:00:00,1760983208.0,0.0055
2025-10-20 19:00:00,1760986817.0,0.0055
2025-10-20 20:00:00,1760990409.0,0.005
2025-10-20 21:00:00,1760994012.0,0.005
2025-10-20 22:00:00,1760997607.0,0.0055
2025-10-20 23:00:00,1761001208.0,0.0055
2025-10-21 00:00:00,1761004817.0,0.0055
2025-10-21 01:00:00,1761008409.0,0.005
2025-10-21 02:00:00,1761012015.0,0.005
2025-10-21 03:00:00,1761015620.0,0.0055
2025-10-21 04:00:00,1761019213.0,0.0055
2025-10-21 05:00:00,1761022811.0,0.0055
2025-10-21 06:00:00,1761026412.0,0.0055
2025-10-21 07:00:00,1761030013.0,0.0055
2025-10-21 08:00:00,1761033605.0,0.0055
2025-10-21 09:00:00,1761037220.0,0.0055
2025-10-21 10:00:00,1761040815.0,0.0055
2025-10-21 11:00:00,1761044407.0,0.0055
2025-10-21 12:00:00,1761048023.0,0.0055
2025-10-21 13:00:00,1761051613.0,0.006
2025-10-21 14:00:00,1761055204.0,0.006
2025-10-21 15:00:00,1761058819.0,0.0055
2025-10-21 16:00:00,1761062403.0,0.005
2025-10-21 17:00:00,1761066023.0,0.0055
2025-10-21 18:00:00,1761069624.0,0.0055
2025-10-21 19:00:00,1761073208.0,0.0055
2025-10-21 20:00:00,1761076806.0,0.0055
2025-10-21 21:00:00,1761080409.0,0.006
2025-10-21 22:00:00,1761084007.0,0.0055
2025-10-21 23:00:00,1761087614.0,0.0055
2025-10-22 00:00:00,1761091220.0,0.0065
2025-10-22 01:00:00,1761094814.0,0.0065
2025-10-22 02:00:00,1761098413.0,0.0065
2025-10-22 03:00:00,1761102026.0,0.0065
2025-10-22 04:00:00,1761105619.0,0.0065
2025-10-22 05:00:00,1761109220.0,0.0065
2025-10-22 06:00:00,1761112820.0,0.0065
2025-10-22 07:00:00,1761116413.0,0.0065
2025-10-22 08:00:00,1761120014.0,0.0065
2025-10-22 09:00:00,1761123621.0,0.0065
2025-10-22 10:00:00,1761127218.0,0.0065
2025-10-22 11:00:00,1761130813.0,0.0065
2025-10-22 12:00:00,1761134426.0,0.0065
2025-10-22 13:00:00,1761138021.0,0.0065
2025-10-22 14:00:00,1761141617.0,0.0065
2025-10-22 15:00:00,1761145225.0,0.0065
2025-10-22 16:00:00,1761148819.0,0.0065
2025-10-22 17:00:00,1761152422.0,0.0065
2025-10-22 18:00:00,1761156028.0,0.0065
2025-10-22 19:00:00,1761159620.0,0.0065
2025-10-22 20:00:00,1761163221.0,0.0065
2025-10-22 21:00:00,1761166826.0,0.0065
2025-10-22 22:00:00,1761170420.0,0.0065
2025-10-22 23:00:00,1761174019.0,0.0065
2025-10-23 00:00:00,1761177610.0,0.0065
2025-10-23 01:00:00,1761181210.0,0.0065
2025-10-23 02:00:00,1761184811.0,0.0065
2025-10-23 03:00:00,1761188413.0,0.0065
2025-10-23 04:00:00,1761192012.0,0.0065
2025-10-23 05:00:00,1761195614.0,0.0065
2025-10-23 06:00:00,1761199216.0,0.0065
2025-10-23 07:00:00,1761202811.0,0.0065
2025-10-23 08:00:00,1761206415.0,0.0065
2025-10-23 09:00:00,1761210013.0,0.0065
2025-10-23 10:00:00,1761213613.0,0.0245
2025-10-23 11:00:00,1761217216.0,0.0245
2025-10-23 12:00:00,1761220817.0,0.0245
2025-10-23 13:00:00,1761224415.0,0.0245
2025-10-23 14:00:00,1761228045.0,0.0245
2025-10-23 15:00:00,1761231615.0,0.0245
2025-10-23 16:00:00,1761235216.0,0.0245
2025-10-23 17:00:00,1761238818.0,0.0245
2025-10-23 18:00:00,1761242416.0,0.0245
2025-10-23 19:00:00,1761246017.0,0.0245
2025-10-23 20:00:00,1761249617.0,0.0245
2025-10-23 21:00:00,1761253218.0,0.025
2025-10-23 22:00:00,1761256817.0,0.0245
2025-10-23 23:00:00,1761260417.0,0.0245
2025-10-24 00:00:00,1761264016.0,0.0245
2025-10-24 01:00:00,1761267613.0,0.0335
2025-10-24 02:00:00,1761271216.0,0.0325
2025-10-24 03:00:00,1761274817.0,0.0335
2025-10-24 04:00:00,1761278417.0,0.033
2025-10-24 05:00:00,1761282017.0,0.033
2025-10-24 06:00:00,1761285618.0,0.0335
2025-10-24 07:00:00,1761289217.0,0.033
2025-10-24 08:00:00,1761292818.0,0.0335
2025-10-24 09:00:00,1761296418.0,0.033
2025-10-24 10:00:00,1761300018.0,0.033
2025-10-24 11:00:00,1761303617.0,0.033
2025-10-24 12:00:00,1761307221.0,0.033
2025-10-24 13:00:00,1761310817.0,0.033
2025-10-24 14:00:00,1761314418.0,0.033
2025-10-24 15:00:00,1761318020.0,0.0335
2025-10-24 16:00:00,1761321618.0,0.033
2025-10-24 17:00:00,1761325220.0,0.033
2025-10-24 18:00:00,1761328819.0,0.0325
2025-10-24 19:00:00,1761332419.0,0.0325
2025-10-24 20:00:00,1761336018.0,0.0325
2025-10-24 21:00:00,1761339621.0,0.0325
2025-10-24 22:00:00,1761343218.0,0.033
2025-10-24 23:00:00,1761346818.0,0.0325
2025-10-25 00:00:00,1761350415.0,0.0325
2025-10-25 01:00:00,1761354013.0,0.033
2025-10-25 02:00:00,1761357615.0,0.0325
2025-10-25 03:00:00,1761361218.0,0.033
2025-10-25 04:00:00,1761364818.0,0.0325
2025-10-25 05:00:00,1761368418.0,0.0325
2025-10-25 06:00:00,1761372019.0,0.0325
2025-10-25 07:00:00,1761375620.0,0.032
2025-10-25 08:00:00,1761379216.0,0.0315
2025-10-25 09:00:00,1761382820.0,0.032
2025-10-25 10:00:00,1761386420.0,0.0275
2025-10-25 11:00:00,1761390017.0,0.032
2025-10-25 12:00:00,1761393622.0,0.0305
2025-10-25 13:00:00,1761397218.0,0.0295
2025-10-25 14:00:00,1761400818.0,0.0295
2025-10-25 15:00:00,1761404420.0,0.029
2025-10-25 16:00:00,1761408017.0,0.0295
2025-10-25 17:00:00,1761411621.0,0.028
2025-10-25 18:00:00,1761415220.0,0.0245
2025-10-25 19:00:00,1761418819.0,0.025
2025-10-25 20:00:00,1761422418.0,0.025
2025-10-25 21:00:00,1761426021.0,0.023
2025-10-25 22:00:00,1761429618.0,0.023
2025-10-25 23:00:00,1761433218.0,0.025
2025-10-26 00:00:00,1761436818.0,0.025
2025-10-26 01:00:00,1761440414.0,0.0245
2025-10-26 02:00:00,1761444016.0,0.0245
2025-10-26 03:00:00,1761447619.0,0.0245
2025-10-26 04:00:00,1761451218.0,0.0245
2025-10-26 05:00:00,1761454817.0,0.0245
2025-10-26 06:00:00,1761458419.0,0.0245
2025-10-26 07:00:00,1761462018.0,0.0245
2025-10-26 08:00:00,1761465617.0,0.0245
2025-10-26 09:00:00,1761469219.0,0.0245
2025-10-26 10:00:00,1761472818.0,0.0245
2025-10-26 11:00:00,1761476417.0,0.0245
2025-10-26 12:00:00,1761480024.0,0.0245
2025-10-26 13:00:00,1761483617.0,0.0245
2025-10-26 14:00:00,1761487218.0,0.0245
2025-10-26 15:00:00,1761490817.0,0.0245
2025-10-26 16:00:00,1761494416.0,0.0245
2025-10-26 17:00:00,1761498017.0,0.0245
2025-10-26 18:00:00,1761501619.0,0.024
2025-10-26 19:00:00,1761505214.0,0.024
2025-10-26 20:00:00,1761508817.0,0.024
2025-10-26 21:00:00,1761512419.0,0.0245
2025-10-26 22:00:00,1761516016.0,0.0245
2025-10-26 23:00:00,1761519616.0,0.0245
2025-10-27 00:00:00,1761523216.0,0.0245
2025-10-27 01:00:00,1761526812.0,0.024
2025-10-27 02:00:00,1761530415.0,0.0235
2025-10-27 03:00:00,1761534016.0,0.024
2025-10-27 04:00:00,1761537614.0,0.024
2025-10-27 05:00:00,1761541215.0,0.0235
2025-10-27 06:00:00,1761544816.0,0.0235
2025-10-27 07:00:00,1761548413.0,0.024
2025-10-27 08:00:00,1761552016.0,0.024
2025-10-27 09:00:00,1761555617.0,0.024
2025-10-27 10:00:00,1761559215.0,0.024
2025-10-27 11:00:00,1761562814.0,0.0245
2025-10-27 12:00:00,1761566419.0,0.0245
2025-10-27 13:00:00,1761570017.0,0.024
2025-10-27 14:00:00,1761573614.0,0.021
2025-10-27 15:00:00,1761577219.0,0.015
2025-10-27 16:00:00,1761580817.0,0.012
2025-10-27 17:00:00,1761584418.0,0.0115
2025-10-27 18:00:00,1761588018.0,0.0065
2025-10-27 19:00:00,1761591615.0,0.003
2025-10-27 20:00:00,1761595217.0,0.0025
2025-10-27 21:00:00,1761598819.0,0.0025
2025-10-27 22:00:00,1761602416.0,0.006
2025-10-27 23:00:00,1761606016.0,0.006
2025-10-28 00:00:00,1761609620.0,0.006
2025-10-28 01:00:00,1761613216.0,0.006
2025-10-28 02:00:00,1761616816.0,0.006
2025-10-28 03:00:00,1761620426.0,0.006
2025-10-28 04:00:00,1761624023.0,0.006
2025-10-28 05:00:00,1761627616.0,0.006
2025-10-28 06:00:00,1761631220.0,0.006
2025-10-28 07:00:00,1761634815.0,0.006
2025-10-28 08:00:00,1761638417.0,0.006
2025-10-28 09:00:00,1761642017.0,0.006
2025-10-28 10:00:00,1761645622.0,0.0045
2025-10-28 11:00:00,1761649222.0,0.005
2025-10-28 12:00:00,1761652818.0,0.005
2025-10-28 13:00:00,1761656423.0,0.005
2025-10-28 14:00:00,1761660021.0,0.005
2025-10-28 15:00:00,1761663625.0,0.0055
2025-10-28 16:00:00,1761667225.0,0.005
2025-10-28 17:00:00,1761670824.0,0.0055
2025-10-28 18:00:00,1761674424.0,0.005
2025-10-28 19:00:00,1761678023.0,0.0045
2025-10-28 20:00:00,1761681624.0,0.0045
2025-10-28 21:00:00,1761685223.0,0.005
2025-10-28 22:00:00,1761688822.0,0.005
2025-10-28 23:00:00,1761692423.0,0.004
2025-10-29 00:00:00,1761696018.0,0.004
2025-10-29 01:00:00,1761699614.0,0.004
2025-10-29 02:00:00,1761703213.0,0.004
2025-10-29 03:00:00,1761706823.0,0.004
2025-10-29 04:00:00,1761710420.0,0.004
2025-10-29 05:00:00,1761714022.0,0.004
2025-10-29 06:00:00,1761717618.0,0.004
2025-10-29 07:00:00,1761721215.0,0.004
2025-10-29 08:00:00,1761724823.0,0.004
2025-10-29 09:00:00,1761728424.0,0.004
2025-10-29 11:00:00,1761739162.0,0.004
2025-10-29 13:00:00,1761743350.0,0.004
2025-10-29 14:00:00,1761746416.0,0.004
2025-10-29 15:00:00,1761750018.0,0.004
2025-10-29 16:00:00,1761753616.0,0.004
2025-10-29 17:00:00,1761757218.0,0.004
2025-10-29 18:00:00,1761760819.0,0.004
2025-10-29 19:00:00,1761764418.0,0.004
2025-10-29 20:00:00,1761768019.0,0.0035
2025-10-29 21:00:00,1761771618.0,0.004
2025-10-29 22:00:00,1761775218.0,0.003
2025-10-29 23:00:00,1761778819.0,0.003
2025-10-30 00:00:00,1761782419.0,0.003
2025-10-30 01:00:00,1761786015.0,0.003
2025-10-30 02:00:00,1761789617.0,0.003
2025-10-30 03:00:00,1761793220.0,0.003
2025-10-30 04:00:00,1761796819.0,0.004
2025-10-30 05:00:00,1761800419.0,0.004
2025-10-30 06:00:00,1761804020.0,0.004
2025-10-30 07:00:00,1761807619.0,0.003
2025-10-30 08:00:00,1761811218.0,0.003
2025-10-30 09:00:00,1761814820.0,0.003
2025-10-30 10:00:00,1761818415.0,0.003
2025-10-30 11:00:00,1761822019.0,0.004
2025-10-30 12:00:00,1761825621.0,0.004
2025-10-30 13:00:00,1761829218.0,0.004
2025-10-30 14:00:00,1761832819.0,0.004
2025-10-30 15:00:00,1761836419.0,0.004
2025-10-30 16:00:00,1761840019.0,0.004
2025-10-30 17:00:00,1761843621.0,0.004
2025-10-30 18:00:00,1761847220.0,0.004
2025-10-30 19:00:00,1761850819.0,0.004
2025-10-30 20:00:00,1761854419.0,0.004
2025-10-30 21:00:00,1761858022.0,0.004
2025-10-30 22:00:00,1761861620.0,0.004
2025-10-30 23:00:00,1761865220.0,0.004
2025-10-31 00:00:00,1761868812.0,0.004
2025-10-31 01:00:00,1761872412.0,0.004
2025-10-31 02:00:00,1761876015.0,0.004
2025-10-31 03:00:00,1761879616.0,0.004
2025-10-31 04:00:00,1761883218.0,0.004
2025-10-31 05:00:00,1761886818.0,0.004
2025-10-31 06:00:00,1761890419.0,0.004
2025-10-31 07:00:00,1761894019.0,0.004
2025-10-31 08:00:00,1761897622.0,0.004
2025-10-31 09:00:00,1761901219.0,0.004
2025-10-31 10:00:00,1761904819.0,0.004
2025-10-31 11:00:00,1761908418.0,0.004
2025-10-31 12:00:00,1761912021.0,0.004
2025-10-31 13:00:00,1761915618.0,0.004
2025-10-31 14:00:00,1761919219.0,0.004
2025-10-31 15:00:00,1761922819.0,0.004
2025-10-31 16:00:00,1761926419.0,0.004
2025-10-31 17:00:00,1761930021.0,0.004
2025-10-31 18:00:00,1761933620.0,0.004
2025-10-31 19:00:00,1761937219.0,0.004
2025-10-31 20:00:00,1761940818.0,0.004
2025-10-31 21:00:00,1761944421.0,0.004
2025-10-31 22:00:00,1761948019.0,0.004
2025-10-31 23:00:00,1761951619.0,0.004
2025-11-01 00:00:00,1761955218.0,0.004
2025-11-01 01:00:00,1761958816.0,0.004
2025-11-01 02:00:00,1761962418.0,0.0025
2025-11-01 03:00:00,1761966020.0,0.0025
2025-11-01 04:00:00,1761969619.0,0.0025
2025-11-01 05:00:00,1761973219.0,0.0025
2025-11-01 06:00:00,1761976820.0,0.0025
2025-11-01 07:00:00,1761980420.0,0.0025
2025-11-01 08:00:00,1761984019.0,0.0025
2025-11-01 09:00:00,1761987620.0,0.0025
2025-11-01 10:00:00,1761991220.0,0.0025
2025-11-01 11:00:00,1761994819.0,0.0025
2025-11-01 12:00:00,1761998424.0,0.0025
2025-11-01 13:00:00,1762002018.0,0.0025
2025-11-01 14:00:00,1762005619.0,0.0025
2025-11-01 15:00:00,1762009221.0,0.0025
2025-11-01 16:00:00,1762012819.0,0.0025
2025-11-01 17:00:00,1762016422.0,0.0025
2025-11-01 18:00:00,1762020020.0,0.0025
2025-11-01 19:00:00,1762023620.0,0.0025
2025-11-01 20:00:00,1762027220.0,0.0025
2025-11-01 21:00:00,1762030821.0,0.0025
2025-11-01 22:00:00,1762034420.0,0.0025
2025-11-01 23:00:00,1762038019.0,0.0025
2025-11-02 00:00:00,1762041614.0,0.0025
2025-11-02 01:00:00,1762045213.0,0.0025
2025-11-02 02:00:00,1762048816.0,0.0025
2025-11-02 03:00:00,1762052417.0,0.0025
2025-11-02 04:00:00,1762056018.0,0.0025
2025-11-02 05:00:00,1762059618.0,0.0025
2025-11-02 06:00:00,1762063219.0,0.0025
2025-11-02 07:00:00,1762066818.0,0.0025
2025-11-02 08:00:00,1762070417.0,0.0025
2025-11-02 09:00:00,1762074019.0,0.0025
2025-11-02 10:00:00,1762077618.0,0.0025
2025-11-02 11:00:00,1762081220.0,0.0025
2025-11-02 12:00:00,1762084821.0,0.0025
2025-11-02 13:00:00,1762088418.0,0.0025
2025-11-02 14:00:00,1762092018.0,0.0025
2025-11-02 15:00:00,1762095619.0,0.0025
2025-11-02 16:00:00,1762099218.0,0.0025
2025-11-02 17:00:00,1762102820.0,0.0025
2025-11-02 18:00:00,1762106421.0,0.0025
2025-11-02 19:00:00,1762110020.0,0.0025
2025-11-02 20:00:00,1762113619.0,0.0025
2025-11-02 21:00:00,1762117221.0,0.0025
2025-11-02 22:00:00,1762120819.0,0.0025
2025-11-02 23:00:00,1762124418.0,0.0025
2025-11-03 00:00:00,1762128016.0,0.0025
2025-11-03 01:00:00,1762131616.0,0.0025
2025-11-03 02:00:00,1762135217.0,0.0025
2025-11-03 03:00:00,1762138818.0,0.0025
2025-11-03 04:00:00,1762142418.0,0.0025
2025-11-03 05:00:00,1762146018.0,0.0025
2025-11-03 06:00:00,1762149620.0,0.0025
2025-11-03 07:00:00,1762153219.0,0.0025
2025-11-03 08:00:00,1762156818.0,0.0025
2025-11-03 09:00:00,1762160419.0,0.0025
2025-11-03 10:00:00,1762164019.0,0.0025
2025-11-03 11:00:00,1762167618.0,0.0025
2025-11-03 12:00:00,1762171221.0,0.0025
2025-11-03 13:00:00,1762174818.0,0.0025
2025-11-03 14:00:00,1762178418.0,0.0025
2025-11-03 15:00:00,1762182018.0,0.0025
2025-11-03 16:00:00,1762185619.0,0.0025
2025-11-03 17:00:00,1762189220.0,0.0025
2025-11-03 18:00:00,1762192820.0,0.0025
2025-11-03 19:00:00,1762196419.0,0.0025
2025-11-03 20:00:00,1762200019.0,0.0025
2025-11-03 21:00:00,1762203622.0,0.0025
2025-11-03 22:00:00,1762207219.0,0.0025
2025-11-03 23:00:00,1762210820.0,0.0025
2025-11-04 00:00:00,1762214417.0,0.0025
2025-11-04 01:00:00,1762218014.0,0.0025
2025-11-04 02:00:00,1762221616.0,0.0025
2025-11-04 03:00:00,1762225219.0,0.0035
2025-11-04 04:00:00,1762228820.0,0.0035
2025-11-04 05:00:00,1762232418.0,0.0035
2025-11-04 06:00:00,1762236021.0,0.0035
2025-11-04 07:00:00,1762239620.0,0.0035
2025-11-04 08:00:00,1762243219.0,0.0035
2025-11-04 09:00:00,1762246821.0,0.0035
2025-11-04 10:00:00,1762250419.0,0.0035
2025-11-04 11:00:00,1762254019.0,0.0035
2025-11-04 12:00:00,1762257623.0,0.0035
2025-11-04 13:00:00,1762261219.0,0.0035
2025-11-04 14:00:00,1762264820.0,0.0035
2025-11-04 15:00:00,1762268420.0,0.0035
2025-11-04 16:00:00,1762272020.0,0.0035
2025-11-04 17:00:00,1762275621.0,0.0035
2025-11-04 18:00:00,1762279221.0,0.0035
2025-11-04 19:00:00,1762282821.0,0.0035
2025-11-04 20:00:00,1762286420.0,0.0035
2025-11-04 21:00:00,1762290023.0,0.0035
2025-11-04 22:00:00,1762293621.0,0.0035
2025-11-04 23:00:00,1762297220.0,0.0035
2025-11-05 00:00:00,1762300818.0,0.0035
2025-11-05 01:00:00,1762304417.0,0.0035
2025-11-05 02:00:00,1762308018.0,0.0035
2025-11-05 03:00:00,1762311620.0,0.0035
2025-11-05 04:00:00,1762315219.0,0.0035
2025-11-05 05:00:00,1762318820.0,0.0035
2025-11-05 06:00:00,1762322423.0,0.0035
2025-11-05 07:00:00,1762326021.0,0.0035
2025-11-05 08:00:00,1762329620.0,0.0035
2025-11-05 09:00:00,1762333222.0,0.0035
2025-11-05 10:00:00,1762336820.0,0.0035
2025-11-05 11:00:00,1762340420.0,0.0035
2025-11-05 12:00:00,1762344023.0,0.0035
2025-11-05 13:00:00,1762347619.0,0.0035
2025-11-05 14:00:00,1762351220.0,0.0035
2025-11-05 15:00:00,1762354821.0,0.0035
2025-11-05 16:00:00,1762358420.0,0.0035
2025-11-05 17:00:00,1762362020.0,0.0035
2025-11-05 18:00:00,1762365621.0,0.0035
2025-11-05 19:00:00,1762369221.0,0.0035
2025-11-05 20:00:00,1762372820.0,0.0035
2025-11-05 21:00:00,1762376422.0,0.0035
2025-11-05 22:00:00,1762380020.0,0.0035
2025-11-05 23:00:00,1762383620.0,0.0035
2025-11-06 00:00:00,1762387211.0,0.0035
2025-11-06 01:00:00,1762390812.0,0.0035
2025-11-06 02:00:00,1762394415.0,0.0035
2025-11-06 03:00:00,1762398019.0,0.0035
2025-11-06 04:00:00,1762401619.0,0.0035
2025-11-06 05:00:00,1762405218.0,0.0035
2025-11-06 06:00:00,1762408821.0,0.0035
2025-11-06 07:00:00,1762412420.0,0.0035
2025-11-06 08:00:00,1762416017.0,0.0035
2025-11-06 09:00:00,1762419621.0,0.0035
2025-11-06 10:00:00,1762423214.0,0.0035
2025-11-06 11:00:00,1762426818.0,0.003
2025-11-06 12:00:00,1762430426.0,0.003
2025-11-06 13:00:00,1762434018.0,0.003
2025-11-06 14:00:00,1762437618.0,0.003
2025-11-06 15:00:00,1762441219.0,0.003
2025-11-06 16:00:00,1762444820.0,0.003
2025-11-06 17:00:00,1762448422.0,0.003
2025-11-06 18:00:00,1762452020.0,0.003
2025-11-06 19:00:00,1762455620.0,0.003
2025-11-06 20:00:00,1762459222.0,0.003
2025-11-06 21:00:00,1762462824.0,0.003
2025-11-06 22:00:00,1762466419.0,0.003
2025-11-06 23:00:00,1762470020.0,0.003
2025-11-07 00:00:00,1762473618.0,0.003
2025-11-07 01:00:00,1762477216.0,0.003
2025-11-07 02:00:00,1762480821.0,0.003
2025-11-07 03:00:00,1762484422.0,0.003
2025-11-07 04:00:00,1762488020.0,0.003
2025-11-07 05:00:00,1762491622.0,0.003
2025-11-07 06:00:00,1762495224.0,0.003
2025-11-07 07:00:00,1762498821.0,0.003
2025-11-07 08:00:00,1762502419.0,0.003
2025-11-07 09:00:00,1762506021.0,0.003
2025-11-07 10:00:00,1762509620.0,0.003
2025-11-07 11:00:00,1762513219.0,0.003
2025-11-07 12:00:00,1762516824.0,0.003
2025-11-07 13:00:00,1762520421.0,0.003
2025-11-07 14:00:00,1762524022.0,0.003
2025-11-07 15:00:00,1762527632.0,0.003
2025-11-07 16:00:00,1762531221.0,0.003
2025-11-07 17:00:00,1762534839.0,0.003
2025-11-07 18:00:00,1762538423.0,0.003
2025-11-07 19:00:00,1762542023.0,0.003
2025-11-07 20:00:00,1762545633.0,0.003
2025-11-07 21:00:00,1762549222.0,0.003
2025-11-07 22:00:00,1762552820.0,0.003
2025-11-07 23:00:00,1762556435.0,0.003
2025-11-08 00:00:00,1762560012.0,0.003
2025-11-08 01:00:00,1762563613.0,0.003
2025-11-08 02:00:00,1762567208.0,0.003
2025-11-08 03:00:00,1762570818.0,0.003
2025-11-08 04:00:00,1762574418.0,0.003
2025-11-08 05:00:00,1762578008.0,0.003
2025-11-08 06:00:00,1762581619.0,0.003
2025-11-08 07:00:00,1762585219.0,0.003
2025-11-08 08:00:00,1762588816.0,0.003
2025-11-08 09:00:00,1762592419.0,0.003
2025-11-08 10:00:00,1762596019.0,0.0025
2025-11-08 11:00:00,1762599630.0,0.0025
2025-11-08 12:00:00,1762603237.0,0.0025
2025-11-08 13:00:00,1762606818.0,0.0025
2025-11-08 14:00:00,1762610419.0,0.0025
2025-11-08 15:00:00,1762614020.0,0.0025
2025-11-08 16:00:00,1762617619.0,0.0025
2025-11-08 17:00:00,1762621221.0,0.0025
2025-11-08 18:00:00,1762624820.0,0.0025
2025-11-08 19:00:00,1762628420.0,0.002
2025-11-08 20:00:00,1762632018.0,0.002
2025-11-08 21:00:00,1762635621.0,0.002
2025-11-08 22:00:00,1762639219.0,0.002
2025-11-08 23:00:00,1762642819.0,0.002
2025-11-09 00:00:00,1762646430.0,0.002
2025-11-09 01:00:00,1762650015.0,0.002
2025-11-09 02:00:00,1762653618.0,0.002
2025-11-09 03:00:00,1762657220.0,0.002
2025-11-09 04:00:00,1762660830.0,0.002
2025-11-09 05:00:00,1762664418.0,0.002
2025-11-09 06:00:00,1762668020.0,0.002
2025-11-09 07:00:00,1762671619.0,0.002
2025-11-09 08:00:00,1762675218.0,0.002
2025-11-09 09:00:00,1762678819.0,0.002
2025-11-09 10:00:00,1762682418.0,0.002
2025-11-09 11:00:00,1762686018.0,0.002
2025-11-09 12:00:00,1762689621.0,0.002
2025-11-09 13:00:00,1762693217.0,0.0015
2025-11-09 14:00:00,1762696818.0,0.0015
2025-11-09 15:00:00,1762700419.0,0.0015
2025-11-09 16:00:00,1762704018.0,0.0015
2025-11-09 17:00:00,1762707619.0,0.0015
2025-11-09 18:00:00,1762711220.0,0.0015
2025-11-09 19:00:00,1762714819.0,0.0015
2025-11-09 20:00:00,1762718417.0,0.0015
2025-11-09 21:00:00,1762722020.0,0.0015
2025-11-09 22:00:00,1762725618.0,0.0015
2025-11-09 23:00:00,1762729219.0,0.0015
2025-11-10 00:00:00,1762732812.0,0.0015
2025-11-10 01:00:00,1762736425.0,0.0015
2025-11-10 02:00:00,1762740014.0,0.0015
2025-11-10 03:00:00,1762743617.0,0.0015
2025-11-10 04:00:00,1762747218.0,0.0015
2025-11-10 05:00:00,1762750819.0,0.0015
2025-11-10 06:00:00,1762754420.0,0.0015
2025-11-10 07:00:00,1762758018.0,0.0015
2025-11-10 08:00:00,1762761617.0,0.0015
2025-11-10 09:00:00,1762765231.0,0.0015
2025-11-10 10:00:00,1762768820.0,0.0015
2025-11-10 11:00:00,1762772418.0,0.0015
2025-11-10 12:00:00,1762776021.0,0.0015
2025-11-10 13:00:00,1762779619.0,0.0015
2025-11-10 14:00:00,1762783219.0,0.0015
2025-11-10 15:00:00,1762786821.0,0.0015
2025-11-10 16:00:00,1762790420.0,0.0015
2025-11-10 17:00:00,1762794019.0,0.0015
2025-11-10 18:00:00,1762797622.0,0.0015
2025-11-10 19:00:00,1762801220.0,0.0015
2025-11-10 20:00:00,1762804819.0,0.0015
2025-11-10 21:00:00,1762808422.0,0.0015
2025-11-10 22:00:00,1762812019.0,0.0015
2025-11-10 23:00:00,1762815620.0,0.0015
2025-11-11 00:00:00,1762819219.0,0.0015
2025-11-11 01:00:00,1762822818.0,0.0015
2025-11-11 02:00:00,1762826420.0,0.0015
2025-11-11 03:00:00,1762830022.0,0.0015
2025-11-11 04:00:00,1762833623.0,0.0015
2025-11-11 05:00:00,1762837220.0,0.0015
2025-11-11 06:00:00,1762840828.0,0.0015
2025-11-11 07:00:00,1762844421.0,0.0015
2025-11-11 08:00:00,1762848033.0,0.0015
2025-11-11 09:00:00,1762851621.0,0.0015
2025-11-11 10:00:00,1762855221.0,0.0015
2025-11-11 11:00:00,1762858835.0,0.0015
2025-11-11 12:00:00,1762862437.0,0.0015
2025-11-11 13:00:00,1762866019.0,0.0015
2025-11-11 14:00:00,1762869621.0,0.0015
2025-11-11 15:00:00,1762873235.0,0.0015
2025-11-11 16:00:00,1762876820.0,0.0015
2025-11-11 17:00:00,1762880421.0,0.0015
2025-11-11 18:00:00,1762884021.0,0.0015
2025-11-11 19:00:00,1762887621.0,0.0015
2025-11-11 20:00:00,1762891221.0,0.0015
2025-11-11 21:00:00,1762894823.0,0.0015
2025-11-11 22:00:00,1762898421.0,0.0015
2025-11-11 23:00:00,1762902021.0,0.0015
2025-11-12 00:00:00,1762905617.0,0.0015
2025-11-12 01:00:00,1762909214.0,0.0015
2025-11-12 02:00:00,1762912816.0,0.0015
2025-11-12 03:00:00,1762916421.0,0.0015
2025-11-12 04:00:00,1762920021.0,0.0015
2025-11-12 05:00:00,1762923619.0,0.0015
2025-11-12 06:00:00,1762927222.0,0.0015
2025-11-12 07:00:00,1762930822.0,0.0015
2025-11-12 08:00:00,1762934418.0,0.0015
2025-11-12 09:00:00,1762938022.0,0.0015
2025-11-12 10:00:00,1762941618.0,0.0015
2025-11-12 11:00:00,1762945220.0,0.0015
2025-11-12 12:00:00,1762948823.0,0.0015
2025-11-12 13:00:00,1762952419.0,0.0015
2025-11-12 14:00:00,1762956021.0,0.0015
2025-11-12 15:00:00,1762959621.0,0.0015
2025-11-12 16:00:00,1762963222.0,0.0015
2025-11-12 17:00:00,1762966837.0,0.0015
2025-11-12 18:00:00,1762970423.0,0.0015
2025-11-12 19:00:00,1762974022.0,0.0015
2025-11-12 20:00:00,1762977621.0,0.0015
2025-11-12 21:00:00,1762981224.0,0.0015
2025-11-12 22:00:00,1762984821.0,0.0015
2025-11-12 23:00:00,1762988422.0,0.0015
2025-11-13 00:00:00,1762992017.0,0.0015
2025-11-13 01:00:00,1762995616.0,0.0015
2025-11-13 02:00:00,1762999210.0,0.0015
2025-11-13 03:00:00,1763002821.0,0.0015
2025-11-13 04:00:00,1763006422.0,0.0015
2025-11-13 05:00:00,1763010021.0,0.0015
2025-11-13 06:00:00,1763013623.0,0.0015
2025-11-13 07:00:00,1763017223.0,0.0015
2025-11-13 08:00:00,1763020821.0,0.0015
2025-11-13 09:00:00,1763024424.0,0.0015
2025-11-13 10:00:00,1763028020.0,0.0015
2025-11-13 11:00:00,1763031621.0,0.0015
2025-11-13 12:00:00,1763035226.0,0.0015
2025-11-13 13:00:00,1763038820.0,0.0015
2025-11-13 14:00:00,1763042422.0,0.0015
2025-11-13 15:00:00,1763046023.0,0.0015
2025-11-13 16:00:00,1763049623.0,0.0015
2025-11-13 17:00:00,1763053226.0,0.0015
2025-11-13 18:00:00,1763056824.0,0.0015
2025-11-13 19:00:00,1763060438.0,0.0015
2025-11-13 20:00:00,1763064022.0,0.0015
2025-11-13 21:00:00,1763067625.0,0.0015
2025-11-13 22:00:00,1763071222.0,0.0015
2025-11-13 23:00:00,1763074823.0,0.0015
2025-11-14 00:00:00,1763078417.0,0.0015
2025-11-14 01:00:00,1763082015.0,0.0015
2025-11-14 02:00:00,1763085619.0,0.0015
2025-11-14 03:00:00,1763089221.0,0.0015
2025-11-14 04:00:00,1763092821.0,0.0015
2025-11-14 05:00:00,1763096421.0,0.0015
2025-11-14 06:00:00,1763100022.0,0.0015
2025-11-14 07:00:00,1763103622.0,0.0015
2025-11-14 08:00:00,1763107220.0,0.0015
2025-11-14 09:00:00,1763110823.0,0.0015
2025-11-14 10:00:00,1763114421.0,0.0015
2025-11-14 11:00:00,1763118022.0,0.0015
2025-11-14 12:00:00,1763121627.0,0.0015
2025-11-14 13:00:00,1763125233.0,0.0015
2025-11-14 14:00:00,1763128822.0,0.0015
2025-11-14 15:00:00,1763132421.0,0.0015
2025-11-14 16:00:00,1763136022.0,0.0015
2025-11-14 17:00:00,1763139625.0,0.0015
2025-11-14 18:00:00,1763143224.0,0.0015
2025-11-14 19:00:00,1763146823.0,0.0015
2025-11-14 20:00:00,1763150423.0,0.0015
2025-11-14 21:00:00,1763154037.0,0.0015
2025-11-14 22:00:00,1763157623.0,0.0015
2025-11-14 23:00:00,1763161222.0,0.0015
2025-11-15 00:00:00,1763164821.0,0.0015
2025-11-15 01:00:00,1763168418.0,0.0015
2025-11-15 02:00:00,1763172021.0,0.0015
2025-11-15 03:00:00,1763175624.0,0.0015
2025-11-15 04:00:00,1763179222.0,0.0015
2025-11-15 05:00:00,1763182822.0,0.0015
2025-11-15 06:00:00,1763186424.0,0.0015
2025-11-15 07:00:00,1763190023.0,0.0015
2025-11-15 08:00:00,1763193621.0,0.0015
2025-11-15 09:00:00,1763197225.0,0.0015
2025-11-15 10:00:00,1763200823.0,0.0015
2025-11-15 11:00:00,1763204422.0,0.0015
2025-11-15 12:00:00,1763208027.0,0.0015
2025-11-15 13:00:00,1763211622.0,0.0015
2025-11-15 14:00:00,1763215223.0,0.0015
2025-11-15 15:00:00,1763218824.0,0.0015
2025-11-15 16:00:00,1763222422.0,0.0015
2025-11-15 17:00:00,1763226025.0,0.0015
2025-11-15 18:00:00,1763229624.0,0.0015
2025-11-15 19:00:00,1763233224.0,0.0015
2025-11-15 20:00:00,1763236823.0,0.0015
2025-11-15 21:00:00,1763240425.0,0.0015
2025-11-15 22:00:00,1763244023.0,0.0015
2025-11-15 23:00:00,1763247622.0,0.0015
2025-11-16 00:00:00,1763251214.0,0.0015
2025-11-16 01:00:00,1763254824.0,0.0015
2025-11-16 02:00:00,1763258416.0,0.0015
2025-11-16 03:00:00,1763262019.0,0.0015
2025-11-16 04:00:00,1763265618.0,0.0015
2025-11-16 05:00:00,1763269218.0,0.0015
2025-11-16 06:00:00,1763272820.0,0.0015
2025-11-16 07:00:00,1763276419.0,0.0015
2025-11-16 08:00:00,1763280018.0,0.0015
2025-11-16 09:00:00,1763283621.0,0.0015
2025-11-16 10:00:00,1763287219.0,0.0015
2025-11-16 11:00:00,1763290820.0,0.0015
2025-11-16 12:00:00,1763294424.0,0.0015
2025-11-16 13:00:00,1763298019.0,0.0015
2025-11-16 14:00:00,1763301619.0,0.0015
2025-11-16 15:00:00,1763305220.0,0.0015
2025-11-16 16:00:00,1763308819.0,0.0015
2025-11-16 17:00:00,1763312422.0,0.0015
2025-11-16 18:00:00,1763316026.0,0.0015
2025-11-16 19:00:00,1763319620.0,0.0015
2025-11-16 20:00:00,1763323220.0,0.0015
2025-11-16 21:00:00,1763326823.0,0.0015
2025-11-16 22:00:00,1763330420.0,0.0015
2025-11-16 23:00:00,1763334020.0,0.0015
2025-11-17 00:00:00,1763337618.0,0.0015
2025-11-17 01:00:00,1763341216.0,0.0015
2025-11-17 02:00:00,1763344818.0,0.0015
2025-11-17 03:00:00,1763348421.0,0.0015
2025-11-17 04:00:00,1763352019.0,0.0015
2025-11-17 05:00:00,1763355620.0,0.0015
2025-11-17 06:00:00,1763359222.0,0.0015
2025-11-17 07:00:00,1763362821.0,0.0015
2025-11-17 08:00:00,1763366434.0,0.0015
2025-11-17 09:00:00,1763370039.0,0.0015
2025-11-17 10:00:00,1763373623.0,0.0015
2025-11-17 11:00:00,1763377220.0,0.0015
2025-11-17 12:00:00,1763380822.0,0.0015
2025-11-17 13:00:00,1763384419.0,0.0015
2025-11-17 14:00:00,1763388018.0,0.0015
2025-11-17 15:00:00,1763391636.0,0.0015
2025-11-17 16:00:00,1763395218.0,0.0015
2025-11-17 17:00:00,1763398823.0,0.0015
2025-11-17 18:00:00,1763402422.0,0.0015
2025-11-17 19:00:00,1763406022.0,0.0015
2025-11-17 20:00:00,1763409621.0,0.0015
2025-11-17 21:00:00,1763413223.0,0.0015
2025-11-17 22:00:00,1763416823.0,0.0015
2025-11-17 23:00:00,1763420423.0,0.0015
2025-11-18 00:00:00,1763424014.0,0.0015
2025-11-18 01:00:00,1763427614.0,0.0015
2025-11-18 02:00:00,1763431216.0,0.0015
2025-11-18 03:00:00,1763434819.0,0.0015
2025-11-18 04:00:00,1763438420.0,0.0015
2025-11-18 05:00:00,1763442019.0,0.0015
2025-11-18 06:00:00,1763445621.0,0.0015
2025-11-18 07:00:00,1763449221.0,0.0015
2025-11-18 08:00:00,1763452819.0,0.0015
2025-11-18 09:00:00,1763456422.0,0.0015
2025-11-18 10:00:00,1763460020.0,0.0015
2025-11-18 11:00:00,1763463618.0,0.0015
2025-11-18 12:00:00,1763467224.0,0.0015
2025-11-18 13:00:00,1763470822.0,0.0015
2025-11-18 14:00:00,1763474420.0,0.0015
2025-11-18 15:00:00,1763478022.0,0.0015
2025-11-18 16:00:00,1763481622.0,0.0015
2025-11-18 17:00:00,1763485222.0,0.0015
2025-11-18 18:00:00,1763488823.0,0.0015
2025-11-18 19:00:00,1763492423.0,0.0015
2025-11-18 20:00:00,1763496022.0,0.0015
2025-11-18 21:00:00,1763499625.0,0.0015
2025-11-18 22:00:00,1763503222.0,0.0015
2025-11-18 23:00:00,1763506837.0,0.0015
2025-11-19 00:00:00,1763510421.0,0.0015
2025-11-19 01:00:00,1763514020.0,0.0015
2025-11-19 02:00:00,1763517621.0,0.0015
2025-11-19 03:00:00,1763521223.0,0.0015
2025-11-19 04:00:00,1763524822.0,0.0015
2025-11-19 05:00:00,1763528422.0,0.0015
2025-11-19 06:00:00,1763532024.0,0.0015
2025-11-19 07:00:00,1763535623.0,0.0015
2025-11-19 08:00:00,1763539222.0,0.0015
2025-11-19 09:00:00,1763542825.0,0.0015
2025-11-19 10:00:00,1763546422.0,0.0015
2025-11-19 11:00:00,1763550022.0,0.0015
2025-11-19 12:00:00,1763553627.0,0.0015
2025-11-19 13:00:00,1763557221.0,0.0015
2025-11-19 14:00:00,1763560835.0,0.0015
2025-11-19 15:00:00,1763564423.0,0.0015
2025-11-19 16:00:00,1763568034.0,0.0015
2025-11-19 17:00:00,1763571624.0,0.0015
2025-11-19 18:00:00,1763575231.0,0.0025
2025-11-19 19:00:00,1763578824.0,0.0115
2025-11-19 20:00:00,1763582421.0,0.011
2025-11-19 21:00:00,1763586025.0,0.0095
2025-11-19 22:00:00,1763589623.0,0.009
2025-11-19 23:00:00,1763593238.0,0.0075
2025-11-20 00:00:00,1763596814.0,0.005
2025-11-20 01:00:00,1763600414.0,0.0045
2025-11-20 02:00:00,1763604018.0,0.0045
2025-11-20 03:00:00,1763607621.0,0.0045
2025-11-20 04:00:00,1763611223.0,0.0045
2025-11-20 05:00:00,1763614821.0,0.0045
2025-11-20 06:00:00,1763618424.0,0.0045
2025-11-20 07:00:00,1763622030.0,0.0045
2025-11-20 08:00:00,1763625621.0,0.0035
2025-11-20 09:00:00,1763629225.0,0.0035
2025-11-20 10:00:00,1763632821.0,0.0025
2025-11-20 11:00:00,1763636423.0,0.0025
2025-11-20 12:00:00,1763640015.0,0.0025
2025-11-20 13:00:00,1763643611.0,0.0025
2025-11-20 14:00:00,1763647211.0,0.0025
2025-11-20 15:00:00,1763650813.0,0.0025
2025-11-20 16:00:00,1763654411.0,0.0025
2025-11-20 17:00:00,1763658016.0,0.0025
2025-11-20 18:00:00,1763661615.0,0.0025
2025-11-20 19:00:00,1763665211.0,0.0025
2025-11-20 20:00:00,1763668813.0,0.0025
2025-11-20 21:00:00,1763672417.0,0.0025
2025-11-20 22:00:00,1763676027.0,0.0025
2025-11-20 23:00:00,1763679613.0,0.0025
2025-11-21 00:00:00,1763683223.0,0.0025
2025-11-21 01:00:00,1763686811.0,0.0025
2025-11-21 02:00:00,1763690411.0,0.0025
2025-11-21 03:00:00,1763694014.0,0.0025
2025-11-21 04:00:00,1763697625.0,0.004
2025-11-21 05:00:00,1763701217.0,0.004
2025-11-21 06:00:00,1763704814.0,0.004
2025-11-21 07:00:00,1763708412.0,0.004
2025-11-21 08:00:00,1763712012.0,0.004
2025-11-21 09:00:00,1763715613.0,0.004
2025-11-21 10:00:00,1763719211.0,0.004
2025-11-21 11:00:00,1763722814.0,0.004
2025-11-21 12:00:00,1763726415.0,0.004
2025-11-21 13:00:00,1763730026.0,0.004
2025-11-21 14:00:00,1763733614.0,0.004
2025-11-21 15:00:00,1763737214.0,0.004
2025-11-21 16:00:00,1763740813.0,0.004
2025-11-21 17:00:00,1763744427.0,0.004
2025-11-21 18:00:00,1763748013.0,0.004
2025-11-21 19:00:00,1763751612.0,0.004
2025-11-21 20:00:00,1763755213.0,0.004
2025-11-21 21:00:00,1763758814.0,0.004
2025-11-21 22:00:00,1763762412.0,0.004
2025-11-21 23:00:00,1763766018.0,0.004
2025-11-22 00:00:00,1763769615.0,0.004
2025-11-22 01:00:00,1763773212.0,0.004
2025-11-22 02:00:00,1763776811.0,0.004
2025-11-22 03:00:00,1763780414.0,0.004
2025-11-22 04:00:00,1763784027.0,0.004
2025-11-22 05:00:00,1763787618.0,0.004
2025-11-22 06:00:00,1763791225.0,0.004
2025-11-22 07:00:00,1763794811.0,0.004
2025-11-22 08:00:00,1763798411.0,0.003
2025-11-22 09:00:00,1763802014.0,0.003
2025-11-22 10:00:00,1763805612.0,0.003
2025-11-22 11:00:00,1763809213.0,0.003
2025-11-22 12:00:00,1763812815.0,0.003
2025-11-22 13:00:00,1763816424.0,0.003
2025-11-22 14:00:00,1763820013.0,0.003
2025-11-22 15:00:00,1763823613.0,0.003
2025-11-22 16:00:00,1763827212.0,0.003
2025-11-22 17:00:00,1763830826.0,0.003
2025-11-22 18:00:00,1763834412.0,0.003
2025-11-22 19:00:00,1763838011.0,0.003
2025-11-22 20:00:00,1763841612.0,0.003
2025-11-22 21:00:00,1763845214.0,0.003
2025-11-22 22:00:00,1763848810.0,0.003
2025-11-22 23:00:00,1763852411.0,0.003
2025-11-23 00:00:00,1763856016.0,0.003
2025-11-23 01:00:00,1763859624.0,0.003
2025-11-23 02:00:00,1763863211.0,0.003
2025-11-23 03:00:00,1763866815.0,0.003
2025-11-23 04:00:00,1763870411.0,0.003
2025-11-23 05:00:00,1763874010.0,0.003
2025-11-23 06:00:00,1763877623.0,0.003
2025-11-23 07:00:00,1763881210.0,0.003
2025-11-23 08:00:00,1763884811.0,0.003
2025-11-23 09:00:00,1763888413.0,0.003
2025-11-23 10:00:00,1763892011.0,0.0025
2025-11-23 11:00:00,1763895613.0,0.0025
2025-11-23 12:00:00,1763899215.0,0.0025
2025-11-23 13:00:00,1763902811.0,0.0025
2025-11-23 14:00:00,1763906413.0,0.003
2025-11-23 15:00:00,1763910013.0,0.003
2025-11-23 16:00:00,1763913611.0,0.003
2025-11-23 17:00:00,1763917230.0,0.003
2025-11-23 18:00:00,1763920814.0,0.003
2025-11-23 19:00:00,1763924411.0,0.002
2025-11-23 20:00:00,1763928012.0,0.002
2025-11-23 21:00:00,1763931629.0,0.002
2025-11-23 22:00:00,1763935211.0,0.002
2025-11-23 23:00:00,1763938811.0,0.002
2025-11-24 00:00:00,1763942414.0,0.002
2025-11-24 01:00:00,1763946009.0,0.002
2025-11-24 02:00:00,1763949608.0,0.002
2025-11-24 03:00:00,1763953210.0,0.002
2025-11-24 04:00:00,1763956808.0,0.002
2025-11-24 05:00:00,1763960408.0,0.002
2025-11-24 06:00:00,1763964019.0,0.002
2025-11-24 07:00:00,1763967609.0,0.002
2025-11-24 08:00:00,1763971208.0,0.002
2025-11-24 09:00:00,1763974809.0,0.002
2025-11-24 10:00:00,1763978409.0,0.002
2025-11-24 11:00:00,1763982008.0,0.002
2025-11-24 12:00:00,1763985610.0,0.002
2025-11-24 13:00:00,1763989208.0,0.002
2025-11-24 14:00:00,1763992811.0,0.002
2025-11-24 15:00:00,1763996410.0,0.002
2025-11-24 16:00:00,1764000009.0,0.002
2025-11-24 17:00:00,1764003614.0,0.002
2025-11-24 18:00:00,1764007210.0,0.002
2025-11-24 19:00:00,1764010810.0,0.002
2025-11-24 20:00:00,1764014411.0,0.002
2025-11-24 21:00:00,1764018023.0,0.002
2025-11-24 22:00:00,1764021622.0,0.0015
2025-11-24 23:00:00,1764025222.0,0.0015
2025-11-25 00:00:00,1764028819.0,0.0015
2025-11-25 01:00:00,1764032419.0,0.0015
2025-11-25 02:00:00,1764036020.0,0.0015
2025-11-25 03:00:00,1764039622.0,0.0015
2025-11-25 04:00:00,1764043222.0,0.0015
2025-11-25 05:00:00,1764046822.0,0.0015
2025-11-25 06:00:00,1764050423.0,0.0015
2025-11-25 07:00:00,1764054022.0,0.0025
2025-11-25 08:00:00,1764057622.0,0.0025
2025-11-25 09:00:00,1764061223.0,0.0025
2025-11-25 10:00:00,1764064822.0,0.0025
2025-11-25 11:00:00,1764068423.0,0.0025
2025-11-25 12:00:00,1764072025.0,0.0025
2025-11-25 13:00:00,1764075622.0,0.0025
2025-11-25 14:00:00,1764079223.0,0.0025
2025-11-25 15:00:00,1764082823.0,0.0025
2025-11-25 16:00:00,1764086423.0,0.0025
2025-11-25 17:00:00,1764090025.0,0.0025
2025-11-25 18:00:00,1764093624.0,0.0025
2025-11-25 19:00:00,1764097224.0,0.0015
2025-11-25 20:00:00,1764100823.0,0.0015
2025-11-25 21:00:00,1764104426.0,0.0015
2025-11-25 22:00:00,1764108024.0,0.0015
2025-11-25 23:00:00,1764111623.0,0.0015
2025-11-26 00:00:00,1764115216.0,0.0015
2025-11-26 01:00:00,1764118816.0,0.0015
2025-11-26 02:00:00,1764122418.0,0.0015
2025-11-26 03:00:00,1764126021.0,0.0015
2025-11-26 04:00:00,1764129622.0,0.0015
2025-11-26 05:00:00,1764133221.0,0.0015
2025-11-26 06:00:00,1764136836.0,0.002
2025-11-26 07:00:00,1764140423.0,0.002
2025-11-26 08:00:00,1764144025.0,0.002
2025-11-26 09:00:00,1764147624.0,0.002
2025-11-26 10:00:00,1764151222.0,0.002
2025-11-26 11:00:00,1764154824.0,0.002
2025-11-26 12:00:00,1764158440.0,0.002
2025-11-26 13:00:00,1764162022.0,0.002
2025-11-26 14:00:00,1764165624.0,0.0015
2025-11-26 15:00:00,1764169223.0,0.0015
2025-11-26 16:00:00,1764172824.0,0.0015
2025-11-26 17:00:00,1764176427.0,0.0015
2025-11-26 18:00:00,1764180025.0,0.0015
2025-11-26 19:00:00,1764183626.0,0.0015
2025-11-26 20:00:00,1764187223.0,0.0015
2025-11-26 21:00:00,1764190826.0,0.0015
2025-11-26 22:00:00,1764194424.0,0.0015
2025-11-26 23:00:00,1764198024.0,0.0015
2025-11-27 00:00:00,1764201620.0,0.0015
2025-11-27 01:00:00,1764205230.0,0.0015
2025-11-27 02:00:00,1764208822.0,0.0015
2025-11-27 03:00:00,1764212424.0,0.0015
2025-11-27 04:00:00,1764216025.0,0.0015
2025-11-27 05:00:00,1764219624.0,0.0015
2025-11-27 06:00:00,1764223226.0,0.0015
2025-11-27 07:00:00,1764226826.0,0.0015
2025-11-27 08:00:00,1764230423.0,0.001
2025-11-27 09:00:00,1764234025.0,0.001
2025-11-27 10:00:00,1764237625.0,0.0005
2025-11-27 11:00:00,1764241225.0,0.0005
2025-11-27 12:00:00,1764244830.0,0.0005
2025-11-27 13:00:00,1764248422.0,0.0005
2025-11-27 14:00:00,1764252025.0,0.0005
2025-11-27 15:00:00,1764255624.0,0.0005
2025-11-27 16:00:00,1764259225.0,0.0005
2025-11-27 17:00:00,1764262828.0,0.0005
2025-11-27 18:00:00,1764266425.0,0.0005
2025-11-27 19:00:00,1764270026.0,0.0005
2025-11-27 20:00:00,1764273625.0,0.0005
2025-11-27 21:00:00,1764277227.0,0.0005
2025-11-27 22:00:00,1764280824.0,0.0005
2025-11-27 23:00:00,1764284426.0,0.0005
2025-11-28 00:00:00,1764288018.0,0.0005
2025-11-28 01:00:00,1764291618.0,0.0005
2025-11-28 02:00:00,1764295220.0,0.0005
2025-11-28 03:00:00,1764298823.0,0.0005
2025-11-28 04:00:00,1764302424.0,0.0005
2025-11-28 05:00:00,1764306023.0,0.0005
2025-11-28 06:00:00,1764309625.0,0.0005
2025-11-28 07:00:00,1764313226.0,0.0005
2025-11-28 08:00:00,1764316823.0,0.0005
2025-11-28 09:00:00,1764320426.0,0.0005
2025-11-28 10:00:00,1764324024.0,0.0005
2025-11-28 11:00:00,1764327624.0,0.0005
2025-11-28 12:00:00,1764331229.0,0.0005
2025-11-28 13:00:00,1764334824.0,0.0005
2025-11-28 14:00:00,1764338426.0,0.0005
2025-11-28 15:00:00,1764342025.0,0.0005
2025-11-28 16:00:00,1764345638.0,0.0005
2025-11-28 17:00:00,1764349229.0,0.0005
2025-11-28 18:00:00,1764352825.0,0.0005
2025-11-28 19:00:00,1764356427.0,0.0005
2025-11-28 20:00:00,1764360025.0,0.0005
2025-11-28 21:00:00,1764363629.0,0.0005
2025-11-28 22:00:00,1764367228.0,0.0005
2025-11-28 23:00:00,1764370825.0,0.0005
2025-11-29 00:00:00,1764374425.0,0.0005
2025-11-29 01:00:00,1764378021.0,0.0005
2025-11-29 02:00:00,1764381624.0,0.0005
2025-11-29 03:00:00,1764385214.0,0.0005
2025-11-29 04:00:00,1764388825.0,0.0005
2025-11-29 05:00:00,1764392424.0,0.0005
2025-11-29 06:00:00,1764396025.0,0.0005
2025-11-29 07:00:00,1764399627.0,0.0005
2025-11-29 08:00:00,1764403225.0,0.0005
2025-11-29 09:00:00,1764406828.0,0.0005
2025-11-29 10:00:00,1764410440.0,0.0005
2025-11-29 11:00:00,1764414026.0,0.0005
2025-11-29 12:00:00,1764417629.0,0.0005
2025-11-29 13:00:00,1764421224.0,0.0005
2025-11-29 14:00:00,1764424826.0,0.0005
2025-11-29 15:00:00,1764428426.0,0.0005
2025-11-29 16:00:00,1764432025.0,0.0005
2025-11-29 17:00:00,1764435628.0,0.0005
2025-11-29 18:00:00,1764439226.0,0.0005
2025-11-29 19:00:00,1764442827.0,0.0005
2025-11-29 20:00:00,1764446425.0,0.0005
2025-11-29 21:00:00,1764450028.0,0.0005
2025-11-29 22:00:00,1764453613.0,0.0005
2025-11-29 23:00:00,1764457225.0,0.0005
2025-11-30 00:00:00,1764460818.0,0.0005
2025-11-30 01:00:00,1764464419.0,0.0005
2025-11-30 02:00:00,1764468020.0,0.0005
2025-11-30 03:00:00,1764471624.0,0.0005
2025-11-30 04:00:00,1764475223.0,0.0005
2025-11-30 05:00:00,1764478821.0,0.0005
2025-11-30 06:00:00,1764482423.0,0.0005
2025-11-30 07:00:00,1764486026.0,0.0005
2025-11-30 08:00:00,1764489612.0,0.0005
2025-11-30 09:00:00,1764493225.0,0.0005
2025-11-30 10:00:00,1764496837.0,0.0005
2025-11-30 11:00:00,1764500423.0,0.0005
2025-11-30 12:00:00,1764504055.0,0.0005
2025-11-30 13:00:00,1764507611.0,0.0005
2025-11-30 14:00:00,1764511224.0,0.0005
2025-11-30 15:00:00,1764514836.0,0.0005
2025-11-30 16:00:00,1764518436.0,0.0005
2025-11-30 17:00:00,1764522027.0,0.0005
2025-11-30 18:00:00,1764525625.0,0.0005
2025-11-30 19:00:00,1764529225.0,0.0005
2025-11-30 20:00:00,1764532824.0,0.0005
2025-11-30 21:00:00,1764536427.0,0.0005
2025-11-30 22:00:00,1764540024.0,0.0005
2025-11-30 23:00:00,1764543629.0,0.0005
2025-12-01 00:00:00,1764547221.0,0.0005
2025-12-01 01:00:00,1764550820.0,0.0005
2025-12-01 02:00:00,1764554421.0,0.0005
2025-12-01 03:00:00,1764558035.0,0.0005
2025-12-01 04:00:00,1764561622.0,0.0005
2025-12-01 05:00:00,1764565224.0,0.0005
2025-12-01 06:00:00,1764568823.0,0.0005
2025-12-01 07:00:00,1764572423.0,0.0005
2025-12-01 08:00:00,1764576022.0,0.0005
2025-12-01 09:00:00,1764579637.0,0.0005
2025-12-01 10:00:00,1764583236.0,0.0005
2025-12-01 11:00:00,1764586823.0,0.0005
2025-12-01 12:00:00,1764590436.0,0.0005
2025-12-01 13:00:00,1764594021.0,0.0005
2025-12-01 14:00:00,1764597623.0,0.0005
2025-12-01 15:00:00,1764601236.0,0.0005
2025-12-01 16:00:00,1764604834.0,0.0005
2025-12-01 17:00:00,1764608424.0,0.0005
2025-12-01 18:00:00,1764612036.0,0.0005
2025-12-01 19:00:00,1764615623.0,0.0005
2025-12-01 20:00:00,1764619222.0,0.0005
2025-12-01 21:00:00,1764622824.0,0.0005
2025-12-01 22:00:00,1764626423.0,0.0005
2025-12-01 23:00:00,1764630023.0,0.0005
2025-12-02 00:00:00,1764633614.0,0.0005
2025-12-02 01:00:00,1764637215.0,0.0005
2025-12-02 02:00:00,1764640817.0,0.0005
2025-12-02 03:00:00,1764644420.0,0.0005
2025-12-02 04:00:00,1764648021.0,0.0005
2025-12-02 05:00:00,1764651619.0,0.0005
2025-12-02 06:00:00,1764655221.0,0.0005
2025-12-02 07:00:00,1764658822.0,0.0005
2025-12-02 08:00:00,1764662420.0,0.0005
2025-12-02 09:00:00,1764666022.0,0.0005
2025-12-02 10:00:00,1764669621.0,0.0005
2025-12-02 11:00:00,1764673222.0,0.0005
2025-12-02 12:00:00,1764676826.0,0.0005
2025-12-02 13:00:00,1764680420.0,0.0005
2025-12-02 14:00:00,1764684022.0,0.0005
2025-12-02 15:00:00,1764687622.0,0.0005
2025-12-02 16:00:00,1764691210.0,0.0005
2025-12-02 17:00:00,1764694825.0,0.0005
2025-12-02 18:00:00,1764698424.0,0.0015
2025-12-02 19:00:00,1764702023.0,0.0045
2025-12-02 20:00:00,1764705622.0,0.0015
2025-12-02 21:00:00,1764709225.0,0.001
2025-12-02 22:00:00,1764712822.0,0.0005
2025-12-02 23:00:00,1764716423.0,0.0005
2025-12-03 00:00:00,1764720022.0,0.0005
2025-12-03 01:00:00,1764723619.0,0.0005
2025-12-03 02:00:00,1764727220.0,0.0005
2025-12-03 03:00:00,1764730823.0,0.0005
2025-12-03 04:00:00,1764734424.0,0.0005
2025-12-03 05:00:00,1764738023.0,0.0005
2025-12-03 06:00:00,1764741624.0,0.0005
2025-12-03 07:00:00,1764745225.0,0.0005
2025-12-03 08:00:00,1764748822.0,0.0005
2025-12-03 09:00:00,1764752426.0,0.0005
2025-12-03 10:00:00,1764756023.0,0.0005
2025-12-03 11:00:00,1764759624.0,0.0005
2025-12-03 12:00:00,1764763229.0,0.001
2025-12-03 13:00:00,1764766822.0,0.0005
2025-12-03 14:00:00,1764770425.0,0.0005
2025-12-03 15:00:00,1764774012.0,0.0005
2025-12-03 16:00:00,1764777623.0,0.0005
2025-12-03 17:00:00,1764781225.0,0.0005
2025-12-03 18:00:00,1764784826.0,0.0005
2025-12-03 19:00:00,1764788426.0,0.0015
2025-12-03 20:00:00,1764792023.0,0.0015
2025-12-03 21:00:00,1764795627.0,0.0015
2025-12-03 22:00:00,1764799224.0,0.0025
2025-12-03 23:00:00,1764802824.0,0.0025
2025-12-04 00:00:00,1764806415.0,0.0025
2025-12-04 01:00:00,1764810014.0,0.004
2025-12-04 02:00:00,1764813618.0,0.0035
2025-12-04 03:00:00,1764817221.0,0.004
2025-12-04 04:00:00,1764820823.0,0.0065
2025-12-04 05:00:00,1764824421.0,0.0055
2025-12-04 06:00:00,1764828024.0,0.003
2025-12-04 07:00:00,1764831624.0,0.0095
2025-12-04 08:00:00,1764835220.0,0.0095
2025-12-04 09:00:00,1764838829.0,0.0095
2025-12-04 10:00:00,1764842422.0,0.0095
2025-12-04 11:00:00,1764846022.0,0.0085
2025-12-04 12:00:00,1764849629.0,0.0085
2025-12-04 13:00:00,1764853221.0,0.0085
2025-12-04 14:00:00,1764856823.0,0.0085
2025-12-04 15:00:00,1764860423.0,0.0095
2025-12-04 16:00:00,1764864011.0,0.011
2025-12-04 17:00:00,1764867616.0,0.0105
2025-12-04 18:00:00,1764871215.0,0.0105
2025-12-04 19:00:00,1764874811.0,0.0085
2025-12-04 20:00:00,1764878412.0,0.0045
2025-12-04 21:00:00,1764882013.0,0.0055
2025-12-04 22:00:00,1764885611.0,0.0055
2025-12-04 23:00:00,1764889212.0,0.0055
2025-12-05 00:00:00,1764892816.0,0.0055
2025-12-05 01:00:00,1764896411.0,0.0055
2025-12-05 02:00:00,1764900012.0,0.006
2025-12-05 03:00:00,1764903615.0,0.007
2025-12-05 04:00:00,1764907212.0,0.006
2025-12-05 05:00:00,1764910812.0,0.006
2025-12-05 06:00:00,1764914413.0,0.004
2025-12-05 07:00:00,1764918012.0,0.004
2025-12-05 08:00:00,1764921612.0,0.005
2025-12-05 09:00:00,1764925214.0,0.005
2025-12-05 10:00:00,1764928812.0,0.005
2025-12-05 11:00:00,1764932411.0,0.005
2025-12-05 12:00:00,1764936018.0,0.0025
2025-12-05 13:00:00,1764939612.0,0.006
2025-12-05 14:00:00,1764943212.0,0.005
2025-12-05 15:00:00,1764946815.0,0.0045
2025-12-05 16:00:00,1764950412.0,0.0045
2025-12-05 17:00:00,1764954015.0,0.0045
2025-12-05 18:00:00,1764957613.0,0.0045
2025-12-05 19:00:00,1764961217.0,0.0045
2025-12-05 20:00:00,1764964813.0,0.004
2025-12-05 21:00:00,1764968416.0,0.004
2025-12-05 22:00:00,1764972013.0,0.004
2025-12-05 23:00:00,1764975612.0,0.0035
2025-12-06 00:00:00,1764979217.0,0.0035
2025-12-06 01:00:00,1764982813.0,0.0035
2025-12-06 02:00:00,1764986413.0,0.0035
2025-12-06 03:00:00,1764990015.0,0.0035
2025-12-06 04:00:00,1764993613.0,0.0035
2025-12-06 05:00:00,1764997213.0,0.004
2025-12-06 06:00:00,1765000815.0,0.004
2025-12-06 07:00:00,1765004427.0,0.004
2025-12-06 08:00:00,1765008013.0,0.004
2025-12-06 09:00:00,1765011618.0,0.004
2025-12-06 10:00:00,1765015215.0,0.004
2025-12-06 11:00:00,1765018814.0,0.003
2025-12-06 12:00:00,1765022419.0,0.003
2025-12-06 13:00:00,1765026014.0,0.003
2025-12-06 14:00:00,1765029613.0,0.003
2025-12-06 15:00:00,1765033215.0,0.003
2025-12-06 16:00:00,1765036813.0,0.0025
2025-12-06 17:00:00,1765040420.0,0.0025
2025-12-06 18:00:00,1765044015.0,0.0025
2025-12-06 19:00:00,1765047616.0,0.002
2025-12-06 20:00:00,1765051214.0,0.0025
2025-12-06 21:00:00,1765054815.0,0.0025
2025-12-06 22:00:00,1765058413.0,0.003
2025-12-06 23:00:00,1765062013.0,0.002
2025-12-07 00:00:00,1765065630.0,0.002
2025-12-07 01:00:00,1765069214.0,0.0025
2025-12-07 02:00:00,1765072813.0,0.003
2025-12-07 03:00:00,1765076417.0,0.0045
2025-12-07 04:00:00,1765080012.0,0.005
2025-12-07 05:00:00,1765083612.0,0.002
2025-12-07 06:00:00,1765087227.0,0.002
2025-12-07 07:00:00,1765090813.0,0.002
2025-12-07 08:00:00,1765094413.0,0.002
2025-12-07 09:00:00,1765098014.0,0.004
2025-12-07 10:00:00,1765101612.0,0.004
2025-12-07 11:00:00,1765105212.0,0.003
2025-12-07 12:00:00,1765108821.0,0.0015
2025-12-07 13:00:00,1765112412.0,0.0015
2025-12-07 14:00:00,1765116012.0,0.0015
2025-12-07 15:00:00,1765119614.0,0.0015
2025-12-07 16:00:00,1765123212.0,0.0025
2025-12-07 17:00:00,1765126817.0,0.0025
2025-12-07 18:00:00,1765130426.0,0.0025
2025-12-07 19:00:00,1765134013.0,0.0025
2025-12-07 20:00:00,1765137627.0,0.0025
2025-12-07 21:00:00,1765141216.0,0.0025
2025-12-07 22:00:00,1765144812.0,0.004
2025-12-07 23:00:00,1765148412.0,0.004
2025-12-08 00:00:00,1765152029.0,0.004
2025-12-08 01:00:00,1765155626.0,0.003
2025-12-08 02:00:00,1765159211.0,0.003
2025-12-08 03:00:00,1765162813.0,0.003
2025-12-08 04:00:00,1765166411.0,0.003
2025-12-08 05:00:00,1765170010.0,0.003
2025-12-08 06:00:00,1765173614.0,0.003
2025-12-08 07:00:00,1765177211.0,0.0035
2025-12-08 08:00:00,1765180812.0,0.0035
2025-12-08 09:00:00,1765184413.0,0.0035
2025-12-08 10:00:00,1765188011.0,0.004
2025-12-08 11:00:00,1765191610.0,0.004
2025-12-08 12:00:00,1765195231.0,0.004
2025-12-08 13:00:00,1765198814.0,0.004
2025-12-08 14:00:00,1765202411.0,0.004
2025-12-08 15:00:00,1765206012.0,0.0035
2025-12-08 16:00:00,1765209625.0,0.004
2025-12-08 17:00:00,1765213213.0,0.004
2025-12-08 18:00:00,1765216812.0,0.004
2025-12-08 19:00:00,1765220411.0,0.004
2025-12-08 20:00:00,1765224013.0,0.004
2025-12-08 21:00:00,1765227627.0,0.004
2025-12-08 22:00:00,1765231211.0,0.004
2025-12-08 23:00:00,1765234813.0,0.004
2025-12-09 00:00:00,1765238427.0,0.004
2025-12-09 01:00:00,1765242019.0,0.004
2025-12-09 02:00:00,1765245614.0,0.004
2025-12-09 03:00:00,1765249214.0,0.004
2025-12-09 04:00:00,1765252812.0,0.004
2025-12-09 05:00:00,1765256412.0,0.004
2025-12-09 06:00:00,1765260017.0,0.004
2025-12-09 07:00:00,1765263622.0,0.004
2025-12-09 08:00:00,1765267215.0,0.003
2025-12-09 09:00:00,1765270816.0,0.003
2025-12-09 10:00:00,1765274412.0,0.003
2025-12-09 11:00:00,1765278014.0,0.003
2025-12-09 12:00:00,1765281616.0,0.003
2025-12-09 13:00:00,1765285216.0,0.003
2025-12-09 14:00:00,1765288828.0,0.003
2025-12-09 15:00:00,1765292417.0,0.003
2025-12-09 16:00:00,1765296012.0,0.003
2025-12-09 17:00:00,1765299617.0,0.003
2025-12-09 18:00:00,1765303214.0,0.003
2025-12-09 19:00:00,1765306812.0,0.004
2025-12-09 20:00:00,1765310414.0,0.003
2025-12-09 21:00:00,1765314017.0,0.0035
2025-12-09 22:00:00,1765317613.0,0.0035
2025-12-09 23:00:00,1765321214.0,0.003
2025-12-10 00:00:00,1765324814.0,0.003
2025-12-10 01:00:00,1765328422.0,0.003
2025-12-10 02:00:00,1765332009.0,0.003
2025-12-10 03:00:00,1765335611.0,0.003
2025-12-10 04:00:00,1765339210.0,0.003
2025-12-10 05:00:00,1765342812.0,0.0035
2025-12-10 06:00:00,1765346414.0,0.0035
2025-12-10 07:00:00,1765350010.0,0.0035
2025-12-10 08:00:00,1765353611.0,0.0035
2025-12-10 09:00:00,1765357226.0,0.004
2025-12-10 10:00:00,1765360809.0,0.0035
2025-12-10 11:00:00,1765364410.0,0.003
2025-12-10 12:00:00,1765368028.0,0.003
2025-12-10 13:00:00,1765371610.0,0.0025
2025-12-10 14:00:00,1765375209.0,0.0025
2025-12-10 15:00:00,1765378813.0,0.0025
2025-12-10 16:00:00,1765382410.0,0.0025
2025-12-10 17:00:00,1765386013.0,0.0025
2025-12-10 18:00:00,1765389611.0,0.0025
2025-12-10 19:00:00,1765393210.0,0.0025
2025-12-10 20:00:00,1765396810.0,0.0025
2025-12-10 21:00:00,1765400412.0,0.0025
2025-12-10 22:00:00,1765404010.0,0.003
2025-12-10 23:00:00,1765407610.0,0.003
2025-12-11 00:00:00,1765411215.0,0.003
2025-12-11 01:00:00,1765414817.0,0.003
2025-12-11 02:00:00,1765418422.0,0.003
2025-12-11 03:00:00,1765422013.0,0.003
2025-12-11 04:00:00,1765425628.0,0.003
2025-12-11 05:00:00,1765429223.0,0.003
2025-12-11 06:00:00,1765432812.0,0.003
2025-12-11 07:00:00,1765436411.0,0.003
2025-12-11 08:00:00,1765440012.0,0.003
2025-12-11 09:00:00,1765443613.0,0.0025
2025-12-11 10:00:00,1765447214.0,0.003
2025-12-11 11:00:00,1765450824.0,0.003
2025-12-11 12:00:00,1765454417.0,0.003
2025-12-11 13:00:00,1765458013.0,0.003
2025-12-11 14:00:00,1765461610.0,0.003
2025-12-11 15:00:00,1765465213.0,0.0025
2025-12-11 16:00:00,1765468820.0,0.0025
2025-12-11 17:00:00,1765472415.0,0.0025
2025-12-11 18:00:00,1765476012.0,0.0025
2025-12-11 19:00:00,1765479625.0,0.0025
2025-12-11 20:00:00,1765483214.0,0.0025
2025-12-11 21:00:00,1765486813.0,0.0025
2025-12-11 22:00:00,1765490411.0,0.0025
2025-12-11 23:00:00,1765494013.0,0.0025
2025-12-12 00:00:00,1765497615.0,0.0025
2025-12-12 01:00:00,1765501211.0,0.0025
2025-12-12 02:00:00,1765504811.0,0.0025
2025-12-12 03:00:00,1765508415.0,0.0025
2025-12-12 04:00:00,1765512012.0,0.0025
2025-12-12 05:00:00,1765515625.0,0.0025
2025-12-12 06:00:00,1765519214.0,0.003
2025-12-12 07:00:00,1765522812.0,0.0025
2025-12-12 08:00:00,1765526411.0,0.0025
2025-12-12 09:00:00,1765530014.0,0.003
2025-12-12 10:00:00,1765533611.0,0.0035
2025-12-12 11:00:00,1765537213.0,0.003
2025-12-12 12:00:00,1765540818.0,0.003
2025-12-12 13:00:00,1765544411.0,0.003
2025-12-12 14:00:00,1765548012.0,0.003
2025-12-12 15:00:00,1765551613.0,0.003
2025-12-12 16:00:00,1765555212.0,0.003
2025-12-12 17:00:00,1765558820.0,0.003
2025-12-12 18:00:00,1765562415.0,0.003
2025-12-12 19:00:00,1765566013.0,0.003
2025-12-12 20:00:00,1765569615.0,0.003
2025-12-12 21:00:00,1765573215.0,0.003
2025-12-12 22:00:00,1765576816.0,0.003
2025-12-12 23:00:00,1765580413.0,0.002
2025-12-13 00:00:00,1765584018.0,0.002
2025-12-13 01:00:00,1765587612.0,0.002
2025-12-13 02:00:00,1765591212.0,0.002
2025-12-13 03:00:00,1765594815.0,0.0015
2025-12-13 04:00:00,1765598414.0,0.0015
2025-12-13 05:00:00,1765602012.0,0.0045
2025-12-13 06:00:00,1765605626.0,0.004
2025-12-13 07:00:00,1765609213.0,0.003
2025-12-13 08:00:00,1765612813.0,0.003
2025-12-13 09:00:00,1765616415.0,0.003
2025-12-13 10:00:00,1765620012.0,0.003
2025-12-13 11:00:00,1765623613.0,0.003
2025-12-13 12:00:00,1765627219.0,0.003
2025-12-13 13:00:00,1765630813.0,0.0025
2025-12-13 14:00:00,1765634426.0,0.0035
2025-12-13 15:00:00,1765638015.0,0.0065
2025-12-13 16:00:00,1765641613.0,0.0055
2025-12-13 17:00:00,1765645217.0,0.004
2025-12-13 18:00:00,1765648816.0,0.0035
2025-12-13 19:00:00,1765652413.0,0.005
2025-12-13 20:00:00,1765656014.0,0.006
2025-12-13 21:00:00,1765659615.0,0.005
2025-12-13 22:00:00,1765663215.0,0.006
2025-12-13 23:00:00,1765666813.0,0.006
2025-12-14 00:00:00,1765670418.0,0.006
2025-12-14 01:00:00,1765674013.0,0.006
2025-12-14 02:00:00,1765677613.0,0.006
2025-12-14 03:00:00,1765681216.0,0.005
2025-12-14 04:00:00,1765684813.0,0.004
2025-12-14 05:00:00,1765688413.0,0.004
2025-12-14 06:00:00,1765692016.0,0.006
2025-12-14 07:00:00,1765695613.0,0.006
2025-12-14 08:00:00,1765699213.0,0.004
2025-12-14 09:00:00,1765702815.0,0.004
2025-12-14 10:00:00,1765706414.0,0.003
2025-12-14 11:00:00,1765710012.0,0.0025
2025-12-14 12:00:00,1765713618.0,0.0025
2025-12-14 13:00:00,1765717212.0,0.0045
2025-12-14 14:00:00,1765720813.0,0.005
2025-12-14 15:00:00,1765724416.0,0.005
2025-12-14 16:00:00,1765728013.0,0.004
2025-12-14 17:00:00,1765731617.0,0.004
2025-12-14 18:00:00,1765735215.0,0.0035
2025-12-14 19:00:00,1765738815.0,0.0035
2025-12-14 20:00:00,1765742416.0,0.0035
2025-12-14 21:00:00,1765746016.0,0.0035
2025-12-14 22:00:00,1765749612.0,0.0035
2025-12-14 23:00:00,1765753213.0,0.0035
2025-12-15 00:00:00,1765756820.0,0.0035
2025-12-15 01:00:00,1765760412.0,0.003
2025-12-15 02:00:00,1765764012.0,0.003
2025-12-15 03:00:00,1765767615.0,0.003
2025-12-15 04:00:00,1765771215.0,0.003
2025-12-15 05:00:00,1765774813.0,0.003
2025-12-15 06:00:00,1765778417.0,0.003
2025-12-15 07:00:00,1765782012.0,0.003
2025-12-15 08:00:00,1765785612.0,0.003
2025-12-15 09:00:00,1765789224.0,0.003
2025-12-15 10:00:00,1765792811.0,0.003
2025-12-15 11:00:00,1765796415.0,0.0025
2025-12-15 12:00:00,1765800017.0,0.002
2025-12-15 13:00:00,1765803626.0,0.003
2025-12-15 14:00:00,1765807212.0,0.003
2025-12-15 15:00:00,1765810815.0,0.002
2025-12-15 16:00:00,1765814413.0,0.003
2025-12-15 17:00:00,1765818016.0,0.003
2025-12-15 18:00:00,1765821631.0,0.003
2025-12-15 19:00:00,1765825212.0,0.004
2025-12-15 20:00:00,1765828812.0,0.004
2025-12-15 21:00:00,1765832415.0,0.0025
2025-12-15 22:00:00,1765836028.0,0.003
2025-12-15 23:00:00,1765839612.0,0.0025
2025-12-16 00:00:00,1765843217.0,0.0025
2025-12-16 01:00:00,1765846817.0,0.0025
2025-12-16 02:00:00,1765850411.0,0.0025
2025-12-16 03:00:00,1765854014.0,0.0025
2025-12-16 04:00:00,1765857612.0,0.0025
2025-12-16 05:00:00,1765861211.0,0.0025
2025-12-16 06:00:00,1765864814.0,0.0035
2025-12-16 07:00:00,1765868418.0,0.0035
2025-12-16 08:00:00,1765872022.0,0.0035
2025-12-16 09:00:00,1765875614.0,0.0035
2025-12-16 10:00:00,1765879212.0,0.0035
2025-12-16 11:00:00,1765882812.0,0.0035
2025-12-16 12:00:00,1765886430.0,0.0035
2025-12-16 13:00:00,1765890012.0,0.0035
2025-12-16 14:00:00,1765893626.0,0.0035
2025-12-16 15:00:00,1765897214.0,0.0035
2025-12-16 16:00:00,1765900828.0,0.0035
2025-12-16 17:00:00,1765904414.0,0.003
2025-12-16 18:00:00,1765908015.0,0.003
2025-12-16 19:00:00,1765911614.0,0.002
2025-12-16 20:00:00,1765915213.0,0.002
2025-12-16 21:00:00,1765918815.0,0.004
2025-12-16 22:00:00,1765922412.0,0.0035
2025-12-16 23:00:00,1765926013.0,0.004
2025-12-17 00:00:00,1765929614.0,0.0055
2025-12-17 01:00:00,1765933212.0,0.0045
2025-12-17 02:00:00,1765936813.0,0.0045
2025-12-17 03:00:00,1765940428.0,0.004
2025-12-17 04:00:00,1765944013.0,0.0055
2025-12-17 05:00:00,1765947614.0,0.004
2025-12-17 06:00:00,1765951227.0,0.0035
2025-12-17 07:00:00,1765954814.0,0.0035
2025-12-17 08:00:00,1765958424.0,0.0035
2025-12-17 09:00:00,1765962016.0,0.0035
2025-12-17 10:00:00,1765965614.0,0.0035
2025-12-17 11:00:00,1765969215.0,0.004
2025-12-17 12:00:00,1765972823.0,0.004
2025-12-17 13:00:00,1765976413.0,0.0025
2025-12-17 14:00:00,1765980013.0,0.0025
2025-12-17 15:00:00,1765983618.0,0.0025
2025-12-17 16:00:00,1765987214.0,0.0025
2025-12-17 17:00:00,1765990813.0,0.0025
2025-12-17 18:00:00,1765994415.0,0.0025
2025-12-17 19:00:00,1765998017.0,0.0025
2025-12-17 20:00:00,1766001613.0,0.0025
2025-12-17 21:00:00,1766005217.0,0.0025
2025-12-17 22:00:00,1766008813.0,0.0025
2025-12-17 23:00:00,1766012413.0,0.005
2025-12-18 00:00:00,1766016025.0,0.0045
2025-12-18 01:00:00,1766019610.0,0.003
2025-12-18 02:00:00,1766023210.0,0.003
2025-12-18 03:00:00,1766026813.0,0.003
2025-12-18 04:00:00,1766030410.0,0.003
2025-12-18 05:00:00,1766034021.0,0.004
2025-12-18 06:00:00,1766037614.0,0.004
2025-12-18 07:00:00,1766041212.0,0.0045
2025-12-18 08:00:00,1766044810.0,0.0045
2025-12-18 09:00:00,1766048413.0,0.004
2025-12-18 10:00:00,1766052023.0,0.004
2025-12-18 11:00:00,1766055611.0,0.004
2025-12-18 12:00:00,1766059216.0,0.0055
2025-12-18 13:00:00,1766062813.0,0.005
2025-12-18 14:00:00,1766066426.0,0.005
2025-12-18 15:00:00,1766070014.0,0.005
2025-12-18 16:00:00,1766073625.0,0.005
2025-12-18 17:00:00,1766077217.0,0.0055
2025-12-18 18:00:00,1766080815.0,0.005
2025-12-18 19:00:00,1766084415.0,0.004
2025-12-18 20:00:00,1766088014.0,0.004
2025-12-18 21:00:00,1766091616.0,0.004
2025-12-18 22:00:00,1766095214.0,0.004
2025-12-18 23:00:00,1766098812.0,0.004
2025-12-19 00:00:00,1766102416.0,0.004
2025-12-19 01:00:00,1766106012.0,0.004
2025-12-19 02:00:00,1766109612.0,0.004
2025-12-19 03:00:00,1766113215.0,0.004
2025-12-19 04:00:00,1766116813.0,0.004
2025-12-19 05:00:00,1766120413.0,0.004
2025-12-19 06:00:00,1766124015.0,0.004
2025-12-19 07:00:00,1766127613.0,0.004
2025-12-19 08:00:00,1766131214.0,0.004
2025-12-19 09:00:00,1766134818.0,0.004
2025-12-19 10:00:00,1766138413.0,0.0045
2025-12-19 11:00:00,1766142013.0,0.0045
2025-12-19 12:00:00,1766145618.0,0.004
2025-12-19 13:00:00,1766149213.0,0.004
2025-12-19 14:00:00,1766152813.0,0.004
2025-12-19 15:00:00,1766156430.0,0.004
2025-12-19 16:00:00,1766160028.0,0.004
2025-12-19 17:00:00,1766163616.0,0.0055
2025-12-19 18:00:00,1766167214.0,0.004
2025-12-19 19:00:00,1766170812.0,0.004
2025-12-19 20:00:00,1766174412.0,0.004
2025-12-19 21:00:00,1766178014.0,0.004
2025-12-19 22:00:00,1766181612.0,0.004
2025-12-19 23:00:00,1766185212.0,0.003
2025-12-20 00:00:00,1766188816.0,0.003
2025-12-20 01:00:00,1766192414.0,0.0035
2025-12-20 02:00:00,1766196012.0,0.0035
2025-12-20 03:00:00,1766199626.0,0.0035
2025-12-20 04:00:00,1766203213.0,0.0035
2025-12-20 05:00:00,1766206813.0,0.0035
2025-12-20 06:00:00,1766210414.0,0.0035
2025-12-20 07:00:00,1766214013.0,0.003
2025-12-20 08:00:00,1766217613.0,0.003
2025-12-20 09:00:00,1766221222.0,0.003
2025-12-20 10:00:00,1766224812.0,0.003
2025-12-20 11:00:00,1766228413.0,0.003
2025-12-20 12:00:00,1766232019.0,0.003
2025-12-20 13:00:00,1766235613.0,0.003
2025-12-20 14:00:00,1766239213.0,0.003
2025-12-20 15:00:00,1766242815.0,0.003
2025-12-20 16:00:00,1766246414.0,0.003
2025-12-20 17:00:00,1766250018.0,0.004
2025-12-20 18:00:00,1766253615.0,0.003
2025-12-20 19:00:00,1766257214.0,0.003
2025-12-20 20:00:00,1766260817.0,0.0025
2025-12-20 21:00:00,1766264419.0,0.0025
2025-12-20 22:00:00,1766268014.0,0.0025
2025-12-20 23:00:00,1766271618.0,0.0025
2025-12-21 00:00:00,1766275216.0,0.005
2025-12-21 01:00:00,1766278812.0,0.004
2025-12-21 02:00:00,1766282412.0,0.003
2025-12-21 03:00:00,1766286027.0,0.003
2025-12-21 04:00:00,1766289625.0,0.003
2025-12-21 05:00:00,1766293212.0,0.003
2025-12-21 06:00:00,1766296816.0,0.003
2025-12-21 07:00:00,1766300412.0,0.003
2025-12-21 08:00:00,1766304013.0,0.003
2025-12-21 09:00:00,1766307615.0,0.0055
2025-12-21 10:00:00,1766311212.0,0.004
2025-12-21 11:00:00,1766314813.0,0.004
2025-12-21 12:00:00,1766318416.0,0.004
2025-12-21 13:00:00,1766322013.0,0.004
2025-12-21 14:00:00,1766325612.0,0.004
2025-12-21 15:00:00,1766329215.0,0.004
2025-12-21 16:00:00,1766332812.0,0.003
2025-12-21 17:00:00,1766336419.0,0.003
2025-12-21 18:00:00,1766340016.0,0.003
2025-12-21 19:00:00,1766343612.0,0.003
2025-12-21 20:00:00,1766347215.0,0.0035
2025-12-21 21:00:00,1766350815.0,0.003
2025-12-21 22:00:00,1766354412.0,0.003
2025-12-21 23:00:00,1766358013.0,0.003
2025-12-22 00:00:00,1766361616.0,0.003
2025-12-22 01:00:00,1766365212.0,0.003
2025-12-22 02:00:00,1766368813.0,0.0035
2025-12-22 03:00:00,1766372415.0,0.004
2025-12-22 04:00:00,1766376019.0,0.0035
2025-12-22 05:00:00,1766379612.0,0.0035
2025-12-22 06:00:00,1766383214.0,0.0035
2025-12-22 07:00:00,1766386813.0,0.0035
2025-12-22 08:00:00,1766390426.0,0.0035
2025-12-22 09:00:00,1766394028.0,0.0035
2025-12-22 10:00:00,1766397613.0,0.0035
2025-12-22 11:00:00,1766401213.0,0.0045
2025-12-22 12:00:00,1766404816.0,0.003
2025-12-22 13:00:00,1766408412.0,0.003
2025-12-22 14:00:00,1766412014.0,0.003
2025-12-22 15:00:00,1766415616.0,0.003
2025-12-22 16:00:00,1766419212.0,0.0025
2025-12-22 17:00:00,1766422817.0,0.0025
2025-12-22 18:00:00,1766426415.0,0.0025
2025-12-22 19:00:00,1766430013.0,0.003
2025-12-22 20:00:00,1766433626.0,0.003
2025-12-22 21:00:00,1766437215.0,0.0035
2025-12-22 22:00:00,1766440825.0,0.003
2025-12-22 23:00:00,1766444413.0,0.003
2025-12-23 00:00:00,1766448018.0,0.003
2025-12-23 01:00:00,1766451614.0,0.003
2025-12-23 02:00:00,1766455213.0,0.003
2025-12-23 03:00:00,1766458817.0,0.003
2025-12-23 04:00:00,1766462426.0,0.003
2025-12-23 05:00:00,1766466037.0,0.003
2025-12-23 06:00:00,1766469631.0,0.003
2025-12-23 07:00:00,1766473214.0,0.003
2025-12-23 08:00:00,1766476827.0,0.003
2025-12-23 09:00:00,1766480415.0,0.003
2025-12-23 10:00:00,1766484014.0,0.003
2025-12-23 11:00:00,1766487613.0,0.003
2025-12-23 12:00:00,1766491220.0,0.003
2025-12-23 13:00:00,1766494813.0,0.0025
2025-12-23 14:00:00,1766498413.0,0.0025
2025-12-23 15:00:00,1766502017.0,0.0025
2025-12-23 16:00:00,1766505613.0,0.0025
2025-12-23 17:00:00,1766509234.0,0.0025
2025-12-23 18:00:00,1766512816.0,0.0025
2025-12-23 19:00:00,1766516414.0,0.0025
2025-12-23 20:00:00,1766520014.0,0.0025
2025-12-23 21:00:00,1766523615.0,0.0025
2025-12-23 22:00:00,1766527215.0,0.0025
2025-12-23 23:00:00,1766530814.0,0.0025
2025-12-24 00:00:00,1766534417.0,0.0025
2025-12-24 01:00:00,1766538015.0,0.0025
2025-12-24 02:00:00,1766541613.0,0.0025
2025-12-24 03:00:00,1766545216.0,0.0025
2025-12-24 04:00:00,1766548814.0,0.0025
2025-12-24 05:00:00,1766552415.0,0.0025
2025-12-24 06:00:00,1766556017.0,0.0025
2025-12-24 07:00:00,1766559613.0,0.0025
2025-12-24 08:00:00,1766563215.0,0.0025
2025-12-24 09:00:00,1766566816.0,0.0025
2025-12-24 10:00:00,1766570415.0,0.003
2025-12-24 11:00:00,1766574014.0,0.003
2025-12-24 12:00:00,1766577617.0,0.0025
2025-12-24 13:00:00,1766581215.0,0.0025
2025-12-24 14:00:00,1766584814.0,0.004
2025-12-24 15:00:00,1766588415.0,0.0025
2025-12-24 16:00:00,1766592013.0,0.0025
2025-12-24 17:00:00,1766595618.0,0.003
2025-12-24 18:00:00,1766599215.0,0.003
2025-12-24 19:00:00,1766602816.0,0.003
2025-12-24 20:00:00,1766606413.0,0.003
2025-12-24 21:00:00,1766610018.0,0.003
2025-12-24 22:00:00,1766613615.0,0.003
2025-12-24 23:00:00,1766617212.0,0.003
2025-12-25 00:00:00,1766620827.0,0.003
2025-12-25 01:00:00,1766624412.0,0.003
2025-12-25 02:00:00,1766628014.0,0.0025
2025-12-25 03:00:00,1766631617.0,0.0025
2025-12-25 04:00:00,1766635215.0,0.002
2025-12-25 05:00:00,1766638814.0,0.002
2025-12-25 06:00:00,1766642417.0,0.0015
2025-12-25 07:00:00,1766646014.0,0.0015
2025-12-25 08:00:00,1766649616.0,0.0015
2025-12-25 09:00:00,1766653215.0,0.0015
2025-12-25 10:00:00,1766656813.0,0.0015
2025-12-25 11:00:00,1766660414.0,0.0025
2025-12-25 12:00:00,1766664019.0,0.0025
2025-12-25 13:00:00,1766667614.0,0.0025
2025-12-25 14:00:00,1766671214.0,0.0025
2025-12-25 15:00:00,1766674816.0,0.0025
2025-12-25 16:00:00,1766678413.0,0.0025
2025-12-25 17:00:00,1766682020.0,0.0025
2025-12-25 18:00:00,1766685618.0,0.0025
2025-12-25 19:00:00,1766689214.0,0.0025
2025-12-25 20:00:00,1766692817.0,0.0025
2025-12-25 21:00:00,1766696416.0,0.0025
2025-12-25 22:00:00,1766700017.0,0.0025
2025-12-25 23:00:00,1766703614.0,0.0025
2025-12-26 00:00:00,1766707213.0,0.0025
2025-12-26 01:00:00,1766710810.0,0.0025
2025-12-26 02:00:00,1766714410.0,0.0025
2025-12-26 03:00:00,1766718012.0,0.002
2025-12-26 04:00:00,1766721611.0,0.002
2025-12-26 05:00:00,1766725212.0,0.002
2025-12-26 06:00:00,1766728812.0,0.0025
2025-12-26 07:00:00,1766732411.0,0.0025
2025-12-26 08:00:00,1766736011.0,0.0025
2025-12-26 09:00:00,1766739612.0,0.0025
2025-12-26 10:00:00,1766743211.0,0.0025
2025-12-26 11:00:00,1766746812.0,0.0025
2025-12-26 12:00:00,1766750416.0,0.0025
2025-12-26 13:00:00,1766754011.0,0.0025
2025-12-26 14:00:00,1766757611.0,0.002
2025-12-26 15:00:00,1766761213.0,0.002
2025-12-26 16:00:00,1766764811.0,0.002
2025-12-26 17:00:00,1766768417.0,0.002
2025-12-26 18:00:00,1766772012.0,0.002
2025-12-26 19:00:00,1766775612.0,0.002
2025-12-26 20:00:00,1766779213.0,0.002
2025-12-26 21:00:00,1766782816.0,0.002
2025-12-26 22:00:00,1766786412.0,0.0015
2025-12-26 23:00:00,1766790012.0,0.0015
2025-12-27 00:00:00,1766793617.0,0.0015
2025-12-27 01:00:00,1766797213.0,0.002
2025-12-27 02:00:00,1766800812.0,0.002
2025-12-27 03:00:00,1766804415.0,0.002
2025-12-27 04:00:00,1766808015.0,0.002
2025-12-27 05:00:00,1766811616.0,0.002
2025-12-27 06:00:00,1766815214.0,0.002
2025-12-27 07:00:00,1766818828.0,0.0015
2025-12-27 08:00:00,1766822413.0,0.0025
2025-12-27 09:00:00,1766826015.0,0.002
2025-12-27 10:00:00,1766829614.0,0.0025
2025-12-27 11:00:00,1766833216.0,0.0025
2025-12-27 12:00:00,1766836817.0,0.0025
2025-12-27 13:00:00,1766840414.0,0.0015
2025-12-27 14:00:00,1766844014.0,0.0015
2025-12-27 15:00:00,1766847614.0,0.002
2025-12-27 16:00:00,1766851214.0,0.002
2025-12-27 17:00:00,1766854813.0,0.002
2025-12-27 18:00:00,1766858415.0,0.0025
2025-12-27 19:00:00,1766862014.0,0.0025
2025-12-27 20:00:00,1766865613.0,0.0055
2025-12-27 21:00:00,1766869214.0,0.0055
2025-12-27 22:00:00,1766872814.0,0.0045
2025-12-27 23:00:00,1766876414.0,0.0045
2025-12-28 00:00:00,1766880018.0,0.005
2025-12-28 01:00:00,1766883687.0,0.005
2025-12-28 02:00:00,1766887214.0,0.007
2025-12-28 03:00:00,1766890815.0,0.007
2025-12-28 04:00:00,1766894414.0,0.007
2025-12-28 05:00:00,1766898013.0,0.006
2025-12-28 06:00:00,1766901615.0,0.0045
2025-12-28 07:00:00,1766905214.0,0.0045
2025-12-28 08:00:00,1766908815.0,0.005
2025-12-28 09:00:00,1766912415.0,0.0055
2025-12-28 10:00:00,1766916016.0,0.005
2025-12-28 11:00:00,1766919614.0,0.005
2025-12-28 12:00:00,1766923218.0,0.0055
2025-12-28 13:00:00,1766926813.0,0.0055
2025-12-28 14:00:00,1766930414.0,0.0055
2025-12-28 15:00:00,1766934028.0,0.0055
2025-12-28 16:00:00,1766937629.0,0.007
2025-12-28 17:00:00,1766941218.0,0.007
2025-12-28 18:00:00,1766944816.0,0.007
2025-12-28 19:00:00,1766948414.0,0.006
2025-12-28 20:00:00,1766952029.0,0.006
2025-12-28 21:00:00,1766955617.0,0.006
2025-12-28 22:00:00,1766959215.0,0.006
2025-12-28 23:00:00,1766962816.0,0.006
2025-12-29 00:00:00,1766966434.0,0.0065
2025-12-29 01:00:00,1766970087.0,0.0065
2025-12-29 02:00:00,1766973614.0,0.0065
2025-12-29 03:00:00,1766977229.0,0.0055
2025-12-29 04:00:00,1766980814.0,0.005
2025-12-29 05:00:00,1766984427.0,0.005
2025-12-29 06:00:00,1766988016.0,0.005
2025-12-29 07:00:00,1766991618.0,0.005
2025-12-29 08:00:00,1766995227.0,0.005
2025-12-29 09:00:00,1766998815.0,0.005
2025-12-29 10:00:00,1767002417.0,0.0055
2025-12-29 11:00:00,1767006017.0,0.0055
2025-12-29 12:00:00,1767009618.0,0.005
2025-12-29 13:00:00,1767013214.0,0.005
2025-12-29 14:00:00,1767016814.0,0.005
2025-12-29 15:00:00,1767020415.0,0.005
2025-12-29 16:00:00,1767024013.0,0.005
2025-12-29 17:00:00,1767027616.0,0.0065
2025-12-29 18:00:00,1767031215.0,0.006
2025-12-29 19:00:00,1767034816.0,0.006
2025-12-29 20:00:00,1767038414.0,0.006
2025-12-29 21:00:00,1767042015.0,0.006
2025-12-29 22:00:00,1767045616.0,0.005
2025-12-29 23:00:00,1767049229.0,0.005
2025-12-30 00:00:00,1767052821.0,0.005
2025-12-30 01:00:00,1767056414.0,0.005
2025-12-30 02:00:00,1767060014.0,0.0045
2025-12-30 03:00:00,1767063617.0,0.004
2025-12-30 04:00:00,1767067214.0,0.004
2025-12-30 05:00:00,1767070827.0,0.004
2025-12-30 06:00:00,1767074415.0,0.004
2025-12-30 07:00:00,1767078020.0,0.004
2025-12-30 08:00:00,1767081616.0,0.004
2025-12-30 09:00:00,1767085218.0,0.0035
2025-12-30 10:00:00,1767088814.0,0.0035
2025-12-30 11:00:00,1767092417.0,0.0035
2025-12-30 12:00:00,1767096020.0,0.0035
2025-12-30 13:00:00,1767099614.0,0.0035
2025-12-30 14:00:00,1767103214.0,0.0035
2025-12-30 15:00:00,1767106816.0,0.0035
2025-12-30 16:00:00,1767110415.0,0.0035
2025-12-30 17:00:00,1767114019.0,0.0035
2025-12-30 18:00:00,1767117620.0,0.0035
2025-12-30 19:00:00,1767121214.0,0.0035
2025-12-30 20:00:00,1767124830.0,0.0035
2025-12-30 21:00:00,1767128416.0,0.0035
2025-12-30 22:00:00,1767132015.0,0.0035
2025-12-30 23:00:00,1767135616.0,0.0035
2025-12-31 00:00:00,1767139218.0,0.0035
2025-12-31 01:00:00,1767142815.0,0.0035
2025-12-31 02:00:00,1767146416.0,0.0035
2025-12-31 03:00:00,1767150018.0,0.0035
2025-12-31 04:00:00,1767153631.0,0.0035
2025-12-31 05:00:00,1767157215.0,0.0035
2025-12-31 06:00:00,1767160816.0,0.0035
2025-12-31 07:00:00,1767164414.0,0.0035
2025-12-31 08:00:00,1767168017.0,0.0035
2025-12-31 09:00:00,1767171616.0,0.0035
2025-12-31 10:00:00,1767175215.0,0.004
2025-12-31 11:00:00,1767178826.0,0.004
2025-12-31 12:00:00,1767182418.0,0.004
2025-12-31 13:00:00,1767186015.0,0.004
2025-12-31 14:00:00,1767189617.0,0.004
2025-12-31 15:00:00,1767193216.0,0.004
2025-12-31 16:00:00,1767196818.0,0.004
2025-12-31 17:00:00,1767200420.0,0.004
2025-12-31 18:00:00,1767204018.0,0.0035
2025-12-31 19:00:00,1767207645.0,0.0035
2025-12-31 20:00:00,1767211216.0,0.0035
2025-12-31 21:00:00,1767214818.0,0.0045
2025-12-31 22:00:00,1767218416.0,0.004
2025-12-31 23:00:00,1767222015.0,0.004
2026-01-01 00:00:00,1767225618.0,0.0035
2026-01-01 01:00:00,1767229215.0,0.0035
2026-01-01 02:00:00,1767232815.0,0.0035
2026-01-01 03:00:00,1767236416.0,0.0035
2026-01-01 04:00:00,1767240030.0,0.0035
2026-01-01 05:00:00,1767243615.0,0.0035
2026-01-01 06:00:00,1767247217.0,0.0035
2026-01-01 07:00:00,1767250814.0,0.0035
2026-01-01 08:00:00,1767254414.0,0.0035
2026-01-01 09:00:00,1767258017.0,0.0035
2026-01-01 10:00:00,1767261616.0,0.0035
2026-01-01 11:00:00,1767265213.0,0.0035
2026-01-01 12:00:00,1767268820.0,0.0035
2026-01-01 13:00:00,1767272436.0,0.0035
2026-01-01 14:00:00,1767276013.0,0.0035
2026-01-01 15:00:00,1767279616.0,0.0035
2026-01-01 16:00:00,1767283213.0,0.0035
2026-01-01 17:00:00,1767286817.0,0.0035
2026-01-01 18:00:00,1767290416.0,0.0035
2026-01-01 19:00:00,1767294013.0,0.0035
2026-01-01 20:00:00,1767297626.0,0.0035
2026-01-01 21:00:00,1767301214.0,0.0035
2026-01-01 22:00:00,1767304826.0,0.0035
2026-01-01 23:00:00,1767308414.0,0.0035
2026-01-02 00:00:00,1767312017.0,0.0035
2026-01-02 01:00:00,1767315613.0,0.0035
2026-01-02 02:00:00,1767319214.0,0.0035
2026-01-02 03:00:00,1767322829.0,0.0035
2026-01-02 04:00:00,1767326413.0,0.0035
2026-01-02 05:00:00,1767330015.0,0.0035
2026-01-02 06:00:00,1767333615.0,0.0035
2026-01-02 07:00:00,1767337213.0,0.0035
2026-01-02 08:00:00,1767340816.0,0.004
2026-01-02 09:00:00,1767344415.0,0.004
2026-01-02 10:00:00,1767348016.0,0.004
2026-01-02 11:00:00,1767351615.0,0.004
2026-01-02 12:00:00,1767355217.0,0.0025
2026-01-02 13:00:00,1767358813.0,0.0025
2026-01-02 14:00:00,1767362414.0,0.0025
2026-01-02 15:00:00,1767366017.0,0.0025
2026-01-02 16:00:00,1767369615.0,0.0025
2026-01-02 17:00:00,1767373217.0,0.0025
2026-01-02 18:00:00,1767376830.0,0.0025
2026-01-02 19:00:00,1767380416.0,0.0025
2026-01-02 20:00:00,1767384016.0,0.0025
2026-01-02 21:00:00,1767387617.0,0.0025
2026-01-02 22:00:00,1767391217.0,0.0035
2026-01-02 23:00:00,1767394814.0,0.0035
2026-01-03 00:00:00,1767398415.0,0.0035
2026-01-03 01:00:00,1767402087.0,0.0035
2026-01-03 02:00:00,1767405612.0,0.0035
2026-01-03 03:00:00,1767409214.0,0.0035
2026-01-03 04:00:00,1767412817.0,0.0035
2026-01-03 05:00:00,1767416424.0,0.0035
2026-01-03 06:00:00,1767420028.0,0.0035
2026-01-03 07:00:00,1767423613.0,0.003
2026-01-03 08:00:00,1767427211.0,0.003
2026-01-03 09:00:00,1767430827.0,0.003
2026-01-03 10:00:00,1767434412.0,0.0025
2026-01-03 11:00:00,1767438013.0,0.0025
2026-01-03 12:00:00,1767441618.0,0.0025
2026-01-03 13:00:00,1767445212.0,0.0025
2026-01-03 14:00:00,1767448814.0,0.0025
2026-01-03 15:00:00,1767452430.0,0.0025
2026-01-03 16:00:00,1767456013.0,0.0025
2026-01-03 17:00:00,1767459618.0,0.0025
2026-01-03 18:00:00,1767463215.0,0.0025
2026-01-03 19:00:00,1767466813.0,0.0025
2026-01-03 20:00:00,1767470415.0,0.0025
2026-01-03 21:00:00,1767474016.0,0.0025
2026-01-03 22:00:00,1767477613.0,0.0025
2026-01-03 23:00:00,1767481213.0,0.0025
2026-01-04 00:00:00,1767484817.0,0.0025
2026-01-04 01:00:00,1767488415.0,0.0025
2026-01-04 02:00:00,1767492013.0,0.0025
2026-01-04 03:00:00,1767495629.0,0.0025
2026-01-04 04:00:00,1767499216.0,0.0025
2026-01-04 05:00:00,1767502813.0,0.0025
2026-01-04 06:00:00,1767506415.0,0.0025
2026-01-04 07:00:00,1767510015.0,0.003
2026-01-04 08:00:00,1767513614.0,0.003
2026-01-04 09:00:00,1767517215.0,0.0025
2026-01-04 10:00:00,1767520813.0,0.0025
2026-01-04 11:00:00,1767524420.0,0.003
2026-01-04 12:00:00,1767528019.0,0.003
2026-01-04 13:00:00,1767531613.0,0.003
2026-01-04 14:00:00,1767535216.0,0.003
2026-01-04 15:00:00,1767538821.0,0.0025
2026-01-04 16:00:00,1767542427.0,0.0025
2026-01-04 17:00:00,1767546016.0,0.0025
2026-01-04 18:00:00,1767549618.0,0.005
2026-01-04 19:00:00,1767553214.0,0.0035
2026-01-04 20:00:00,1767556832.0,0.003
2026-01-04 21:00:00,1767560418.0,0.003
2026-01-04 22:00:00,1767564015.0,0.003
2026-01-04 23:00:00,1767567614.0,0.003
2026-01-05 00:00:00,1767571220.0,0.003
2026-01-05 01:00:00,1767574814.0,0.003
2026-01-05 02:00:00,1767578414.0,0.0025
2026-01-05 03:00:00,1767582016.0,0.0025
2026-01-05 04:00:00,1767585613.0,0.0015
2026-01-05 05:00:00,1767589228.0,0.0015
2026-01-05 06:00:00,1767592817.0,0.0015
2026-01-05 07:00:00,1767596414.0,0.0025
2026-01-05 08:00:00,1767600015.0,0.002
2026-01-05 09:00:00,1767603621.0,0.0025
2026-01-05 10:00:00,1767607213.0,0.0025
2026-01-05 11:00:00,1767610813.0,0.002
2026-01-05 12:00:00,1767614417.0,0.002
2026-01-05 13:00:00,1767618013.0,0.002
2026-01-05 14:00:00,1767621614.0,0.002
2026-01-05 15:00:00,1767625217.0,0.002
2026-01-05 16:00:00,1767628814.0,0.002
2026-01-05 17:00:00,1767632430.0,0.002
2026-01-05 18:00:00,1767636017.0,0.002
2026-01-05 19:00:00,1767639614.0,0.0025
2026-01-05 20:00:00,1767643214.0,0.0025
2026-01-05 21:00:00,1767646817.0,0.002
2026-01-05 22:00:00,1767650431.0,0.002
2026-01-05 23:00:00,1767654015.0,0.0025
2026-01-06 00:00:00,1767657622.0,0.002
2026-01-06 01:00:00,1767661221.0,0.002
2026-01-06 02:00:00,1767664816.0,0.002
2026-01-06 03:00:00,1767668417.0,0.0015
2026-01-06 04:00:00,1767672018.0,0.002
2026-01-06 05:00:00,1767675615.0,0.002
2026-01-06 06:00:00,1767679221.0,0.002
2026-01-06 07:00:00,1767682819.0,0.002
2026-01-06 08:00:00,1767686420.0,0.0015
2026-01-06 09:00:00,1767690018.0,0.002
2026-01-06 10:00:00,1767693615.0,0.002
2026-01-06 11:00:00,1767697220.0,0.002
2026-01-06 12:00:00,1767700819.0,0.0015
2026-01-06 13:00:00,1767704430.0,0.0015
2026-01-06 14:00:00,1767708017.0,0.0015
2026-01-06 15:00:00,1767711622.0,0.0015
2026-01-06 16:00:00,1767715215.0,0.0015
2026-01-06 17:00:00,1767718820.0,0.0015
2026-01-06 18:00:00,1767722418.0,0.0015
2026-01-06 19:00:00,1767726016.0,0.0015
2026-01-06 20:00:00,1767729616.0,0.0025
2026-01-06 21:00:00,1767733217.0,0.0025
2026-01-06 22:00:00,1767736816.0,0.003
2026-01-06 23:00:00,1767740430.0,0.003
2026-01-07 00:00:00,1767744019.0,0.003
2026-01-07 01:00:00,1767747615.0,0.003
2026-01-07 02:00:00,1767751216.0,0.003
2026-01-07 03:00:00,1767754818.0,0.003
2026-01-07 04:00:00,1767758415.0,0.003
2026-01-07 05:00:00,1767762016.0,0.0025
2026-01-07 06:00:00,1767765622.0,0.0025
2026-01-07 07:00:00,1767769216.0,0.0025
2026-01-07 08:00:00,1767772818.0,0.0025
2026-01-07 09:00:00,1767776418.0,0.0025
2026-01-07 10:00:00,1767780021.0,0.0025
2026-01-07 11:00:00,1767783615.0,0.0025
2026-01-07 12:00:00,1767787224.0,0.0025
2026-01-07 13:00:00,1767790817.0,0.003
2026-01-07 14:00:00,1767794415.0,0.003
2026-01-07 15:00:00,1767798022.0,0.0035
2026-01-07 16:00:00,1767801616.0,0.0035
2026-01-07 17:00:00,1767805223.0,0.0035
2026-01-07 18:00:00,1767808818.0,0.002
2026-01-07 19:00:00,1767812418.0,0.002
2026-01-07 20:00:00,1767816017.0,0.002
2026-01-07 21:00:00,1767819624.0,0.002
2026-01-07 22:00:00,1767823221.0,0.002
2026-01-07 23:00:00,1767826817.0,0.0015
2026-01-08 00:00:00,1767830435.0,0.0015
2026-01-08 01:00:00,1767834031.0,0.0015
2026-01-08 02:00:00,1767837616.0,0.0015
2026-01-08 03:00:00,1767841218.0,0.0015
2026-01-08 04:00:00,1767844816.0,0.002
2026-01-08 05:00:00,1767848416.0,0.0015
2026-01-08 06:00:00,1767852018.0,0.0015
2026-01-08 07:00:00,1767855616.0,0.0015
2026-01-08 08:00:00,1767859227.0,0.002
2026-01-08 09:00:00,1767862818.0,0.002
2026-01-08 10:00:00,1767866432.0,0.002
2026-01-08 11:00:00,1767870016.0,0.0015
2026-01-08 12:00:00,1767873636.0,0.0015
2026-01-08 13:00:00,1767877216.0,0.0015
2026-01-08 14:00:00,1767880820.0,0.0015
2026-01-08 15:00:00,1767884418.0,0.0015
2026-01-08 16:00:00,1767888031.0,0.0015
2026-01-08 17:00:00,1767891622.0,0.0015
2026-01-08 18:00:00,1767895218.0,0.0015
2026-01-08 19:00:00,1767898817.0,0.0015
2026-01-08 20:00:00,1767902418.0,0.0015
2026-01-08 21:00:00,1767906019.0,0.002
2026-01-08 22:00:00,1767909620.0,0.002
2026-01-08 23:00:00,1767913218.0,0.002
2026-01-09 00:00:00,1767916819.0,0.002
2026-01-09 01:00:00,1767920417.0,0.002
2026-01-09 02:00:00,1767924017.0,0.002
2026-01-09 03:00:00,1767927620.0,0.0015
2026-01-09 04:00:00,1767931217.0,0.002
2026-01-09 05:00:00,1767934817.0,0.002
2026-01-09 06:00:00,1767938419.0,0.002
2026-01-09 07:00:00,1767942016.0,0.0025
2026-01-09 08:00:00,1767945617.0,0.0015
2026-01-09 09:00:00,1767949219.0,0.0015
2026-01-09 10:00:00,1767952818.0,0.0015
2026-01-09 11:00:00,1767956416.0,0.0015
2026-01-09 12:00:00,1767960034.0,0.0015
2026-01-09 13:00:00,1767963617.0,0.0015
2026-01-09 14:00:00,1767967217.0,0.0015
2026-01-09 15:00:00,1767970820.0,0.0015
2026-01-09 16:00:00,1767974419.0,0.0015
2026-01-09 17:00:00,1767978022.0,0.0015
2026-01-09 18:00:00,1767981621.0,0.0015
2026-01-09 19:00:00,1767985218.0,0.0015
2026-01-09 20:00:00,1767988834.0,0.0015
2026-01-09 21:00:00,1767992420.0,0.0015
2026-01-09 22:00:00,1767996018.0,0.0015
2026-01-09 23:00:00,1767999617.0,0.0015
2026-01-10 00:00:00,1768003221.0,0.0015
2026-01-10 01:00:00,1768006818.0,0.0015
2026-01-10 02:00:00,1768010416.0,0.0015
2026-01-10 03:00:00,1768014019.0,0.0015
2026-01-10 04:00:00,1768017616.0,0.0015
2026-01-10 05:00:00,1768021216.0,0.0015
2026-01-10 06:00:00,1768024821.0,0.0015
2026-01-10 07:00:00,1768028417.0,0.0015
2026-01-10 08:00:00,1768032031.0,0.0015
2026-01-10 09:00:00,1768035621.0,0.0015
2026-01-10 10:00:00,1768039220.0,0.0015
2026-01-10 11:00:00,1768042818.0,0.0015
2026-01-10 12:00:00,1768046423.0,0.0015
2026-01-10 13:00:00,1768050019.0,0.0015
2026-01-10 14:00:00,1768053621.0,0.0015
2026-01-10 15:00:00,1768057220.0,0.0015
2026-01-10 16:00:00,1768060829.0,0.0015
2026-01-10 17:00:00,1768064421.0,0.0015
2026-01-10 18:00:00,1768068022.0,0.0015
2026-01-10 19:00:00,1768071617.0,0.0015
2026-01-10 20:00:00,1768075217.0,0.0015
2026-01-10 21:00:00,1768078823.0,0.0015
2026-01-10 22:00:00,1768082418.0,0.0015
2026-01-10 23:00:00,1768086034.0,0.0015
2026-01-11 00:00:00,1768089618.0,0.0015
2026-01-11 01:00:00,1768093215.0,0.0015
2026-01-11 02:00:00,1768096828.0,0.0015
2026-01-11 03:00:00,1768100417.0,0.0015
2026-01-11 04:00:00,1768104016.0,0.0015
2026-01-11 05:00:00,1768107613.0,0.0015
2026-01-11 06:00:00,1768111217.0,0.0015
2026-01-11 07:00:00,1768114816.0,0.0015
2026-01-11 08:00:00,1768118415.0,0.0015
2026-01-11 09:00:00,1768122015.0,0.0015
2026-01-11 10:00:00,1768125613.0,0.0015
2026-01-11 11:00:00,1768129229.0,0.0015
2026-01-11 12:00:00,1768132818.0,0.0015
2026-01-11 13:00:00,1768136415.0,0.0015
2026-01-11 14:00:00,1768140016.0,0.0015
2026-01-11 15:00:00,1768143631.0,0.0015
2026-01-11 16:00:00,1768147213.0,0.0015
2026-01-11 17:00:00,1768150832.0,0.0015
2026-01-11 18:00:00,1768154421.0,0.0015
2026-01-11 19:00:00,1768158016.0,0.0015
2026-01-11 20:00:00,1768161619.0,0.0015
2026-01-11 21:00:00,1768165236.0,0.0015
2026-01-11 22:00:00,1768168819.0,0.0015
2026-01-11 23:00:00,1768172416.0,0.0015
2026-01-12 00:00:00,1768176020.0,0.0015
2026-01-12 01:00:00,1768179615.0,0.0015
2026-01-12 02:00:00,1768183226.0,0.0015
2026-01-12 03:00:00,1768186833.0,0.0015
2026-01-12 04:00:00,1768190417.0,0.0015
2026-01-12 05:00:00,1768194015.0,0.0015
2026-01-12 06:00:00,1768197617.0,0.0015
2026-01-12 07:00:00,1768201217.0,0.0015
2026-01-12 08:00:00,1768204817.0,0.0015
2026-01-12 09:00:00,1768208417.0,0.0015
2026-01-12 10:00:00,1768212015.0,0.0015
2026-01-12 11:00:00,1768215626.0,0.0015
2026-01-12 12:00:00,1768219224.0,0.0015
2026-01-12 13:00:00,1768222817.0,0.0015
2026-01-12 14:00:00,1768226415.0,0.0015
2026-01-12 15:00:00,1768230021.0,0.0015
2026-01-12 16:00:00,1768233614.0,0.0015
2026-01-12 17:00:00,1768237217.0,0.0015
2026-01-12 18:00:00,1768240845.0,0.0015
2026-01-12 19:00:00,1768244416.0,0.0015
2026-01-12 20:00:00,1768248020.0,0.0015
2026-01-12 21:00:00,1768251622.0,0.0015
2026-01-12 22:00:00,1768255244.0,0.0015
2026-01-12 23:00:00,1768258821.0,0.0015
2026-01-13 00:00:00,1768262421.0,0.0015
2026-01-13 01:00:00,1768266088.0,0.0015
2026-01-13 02:00:00,1768269615.0,0.0015
2026-01-13 03:00:00,1768273221.0,0.0015
2026-01-13 04:00:00,1768276816.0,0.0015
2026-01-13 05:00:00,1768280416.0,0.0015
2026-01-13 06:00:00,1768284020.0,0.0015
2026-01-13 07:00:00,1768287634.0,0.0015
2026-01-13 08:00:00,1768291230.0,0.0015
2026-01-13 09:00:00,1768294823.0,0.0015
2026-01-13 10:00:00,1768298417.0,0.0015
2026-01-13 11:00:00,1768302017.0,0.0015
2026-01-13 12:00:00,1768305624.0,0.0015
2026-01-13 13:00:00,1768309260.0,0.0015
2026-01-13 14:00:00,1768312831.0,0.0015
2026-01-13 15:00:00,1768316419.0,0.0015
2026-01-13 16:00:00,1768320032.0,0.0015
2026-01-13 17:00:00,1768323620.0,0.0015
2026-01-13 18:00:00,1768327221.0,0.0015
2026-01-13 19:00:00,1768330861.0,0.0015
2026-01-13 20:00:00,1768334417.0,0.0015
2026-01-13 21:00:00,1768338021.0,0.0015
2026-01-13 22:00:00,1768341620.0,0.0015
2026-01-13 23:00:00,1768345218.0,0.0015
2026-01-14 00:00:00,1768348822.0,0.0015
2026-01-14 01:00:00,1768352418.0,0.0015
2026-01-14 02:00:00,1768356019.0,0.0015
2026-01-14 03:00:00,1768359620.0,0.0015
2026-01-14 04:00:00,1768363220.0,0.0015
2026-01-14 05:00:00,1768366821.0,0.0015
2026-01-14 06:00:00,1768370421.0,0.0015
2026-01-14 07:00:00,1768374019.0,0.0015
2026-01-14 08:00:00,1768377633.0,0.0015
2026-01-14 09:00:00,1768381220.0,0.0015
2026-01-14 10:00:00,1768384817.0,0.0015
2026-01-14 11:00:00,1768388417.0,0.0015
2026-01-14 12:00:00,1768392023.0,0.0015
2026-01-14 13:00:00,1768395620.0,0.0015
2026-01-14 14:00:00,1768399217.0,0.0015
2026-01-14 15:00:00,1768402835.0,0.0015
2026-01-14 16:00:00,1768406432.0,0.0015
2026-01-14 17:00:00,1768410022.0,0.0015
2026-01-14 18:00:00,1768413623.0,0.0015
2026-01-14 19:00:00,1768417219.0,0.0015
2026-01-14 20:00:00,1768420819.0,0.0015
2026-01-14 21:00:00,1768424423.0,0.0015
2026-01-14 22:00:00,1768428021.0,0.0015
2026-01-14 23:00:00,1768431619.0,0.002
2026-01-15 00:00:00,1768435223.0,0.0015
2026-01-15 01:00:00,1768438817.0,0.0025
2026-01-15 02:00:00,1768442418.0,0.002
2026-01-15 03:00:00,1768446032.0,0.002
2026-01-15 04:00:00,1768449619.0,0.002
2026-01-15 05:00:00,1768453218.0,0.002
2026-01-15 06:00:00,1768456821.0,0.002
2026-01-15 07:00:00,1768460419.0,0.002
2026-01-15 08:00:00,1768464018.0,0.002
2026-01-15 09:00:00,1768467624.0,0.002
2026-01-15 10:00:00,1768471219.0,0.002
2026-01-15 11:00:00,1768474818.0,0.002
2026-01-15 12:00:00,1768478422.0,0.002
2026-01-15 13:00:00,1768482019.0,0.002
2026-01-15 14:00:00,1768485618.0,0.002
2026-01-15 15:00:00,1768489220.0,0.002
2026-01-15 16:00:00,1768492818.0,0.002
2026-01-15 17:00:00,1768496425.0,0.002
2026-01-15 18:00:00,1768500029.0,0.002
2026-01-15 19:00:00,1768503624.0,0.002
2026-01-15 20:00:00,1768507221.0,0.002
2026-01-15 21:00:00,1768510827.0,0.002
2026-01-15 22:00:00,1768514419.0,0.002
2026-01-15 23:00:00,1768518021.0,0.002
2026-01-16 00:00:00,1768521626.0,0.002
2026-01-16 01:00:00,1768525223.0,0.002
2026-01-16 02:00:00,1768528820.0,0.0015
2026-01-16 03:00:00,1768532426.0,0.0015
2026-01-16 04:00:00,1768536019.0,0.0015
2026-01-16 05:00:00,1768539619.0,0.0015
2026-01-16 06:00:00,1768543222.0,0.0015
2026-01-16 07:00:00,1768546820.0,0.0015
2026-01-16 08:00:00,1768550420.0,0.001
2026-01-16 09:00:00,1768554021.0,0.001
2026-01-16 10:00:00,1768557618.0,0.001
2026-01-16 11:00:00,1768561218.0,0.001
2026-01-16 12:00:00,1768564823.0,0.001
2026-01-16 13:00:00,1768568419.0,0.001
2026-01-16 14:00:00,1768572019.0,0.001
2026-01-16 15:00:00,1768575621.0,0.001
2026-01-16 16:00:00,1768579218.0,0.0005
2026-01-16 17:00:00,1768582821.0,0.0005
2026-01-16 18:00:00,1768586423.0,0.0005
2026-01-16 19:00:00,1768590023.0,0.0005
2026-01-16 20:00:00,1768593619.0,0.0005
2026-01-16 21:00:00,1768597225.0,0.0005
2026-01-16 22:00:00,1768600838.0,0.0005
2026-01-16 23:00:00,1768604419.0,0.0005
2026-01-17 00:00:00,1768608023.0,0.0005
2026-01-17 01:00:00,1768611620.0,0.0005
2026-01-17 02:00:00,1768615219.0,0.0005
2026-01-17 03:00:00,1768618823.0,0.0005
2026-01-17 04:00:00,1768622419.0,0.0005
2026-01-17 05:00:00,1768626019.0,0.0005
2026-01-17 06:00:00,1768629622.0,0.0005
2026-01-17 07:00:00,1768633221.0,0.0005
2026-01-17 08:00:00,1768636819.0,0.0015
2026-01-17 09:00:00,1768640422.0,0.0015
2026-01-17 10:00:00,1768644033.0,0.0015
2026-01-17 11:00:00,1768647619.0,0.0015
2026-01-17 12:00:00,1768651232.0,0.0015
2026-01-17 13:00:00,1768654820.0,0.0015
2026-01-17 14:00:00,1768658438.0,0.0015
2026-01-17 15:00:00,1768662026.0,0.0015
2026-01-17 16:00:00,1768665619.0,0.0015
2026-01-17 17:00:00,1768669233.0,0.0015
2026-01-17 18:00:00,1768672825.0,0.0015
2026-01-17 19:00:00,1768676422.0,0.0015
2026-01-17 20:00:00,1768680037.0,0.001
2026-01-17 21:00:00,1768683635.0,0.001
2026-01-17 22:00:00,1768687219.0,0.001
2026-01-17 23:00:00,1768690820.0,0.0005
2026-01-18 00:00:00,1768694435.0,0.0005
2026-01-18 01:00:00,1768698018.0,0.0015
2026-01-18 02:00:00,1768701650.0,0.0015
2026-01-18 03:00:00,1768705224.0,0.0005
2026-01-18 04:00:00,1768708822.0,0.0005
2026-01-18 05:00:00,1768712429.0,0.0005
2026-01-18 06:00:00,1768716050.0,0.0005
2026-01-18 07:00:00,1768719618.0,0.0005
2026-01-18 08:00:00,1768723248.0,0.0005
2026-01-18 09:00:00,1768726821.0,0.0005
2026-01-18 10:00:00,1768730418.0,0.0005
2026-01-18 11:00:00,1768734021.0,0.0005
2026-01-18 12:00:00,1768737639.0,0.0005
2026-01-18 13:00:00,1768741232.0,0.0005
2026-01-18 14:00:00,1768744820.0,0.0005
2026-01-18 15:00:00,1768748421.0,0.0005
2026-01-18 16:00:00,1768752018.0,0.0005
2026-01-18 17:00:00,1768755639.0,0.001
2026-01-18 18:00:00,1768759238.0,0.001
2026-01-18 19:00:00,1768762819.0,0.001
2026-01-18 20:00:00,1768766422.0,0.001
2026-01-18 21:00:00,1768770022.0,0.001
2026-01-18 22:00:00,1768773618.0,0.0005
2026-01-18 23:00:00,1768777222.0,0.0005
2026-01-19 00:00:00,1768780819.0,0.0015
2026-01-19 01:00:00,1768784509.0,0.0015
2026-01-19 02:00:00,1768788028.0,0.0015
2026-01-19 03:00:00,1768791618.0,0.0005
2026-01-19 04:00:00,1768795220.0,0.0005
2026-01-19 05:00:00,1768798825.0,0.0005
2026-01-19 06:00:00,1768802419.0,0.0005
2026-01-19 07:00:00,1768806029.0,0.0005
2026-01-19 08:00:00,1768809626.0,0.0005
2026-01-19 09:00:00,1768813221.0,0.0005
2026-01-19 10:00:00,1768816815.0,0.0005
2026-01-19 11:00:00,1768820425.0,0.0015
2026-01-19 12:00:00,1768824023.0,0.0015
2026-01-19 13:00:00,1768827614.0,0.0015
2026-01-19 14:00:00,1768831214.0,0.0015
2026-01-19 15:00:00,1768834820.0,0.0015
2026-01-19 16:00:00,1768838416.0,0.0015
2026-01-19 17:00:00,1768842030.0,0.0015
2026-01-19 18:00:00,1768845622.0,0.0015
2026-01-19 19:00:00,1768849217.0,0.0015
2026-01-19 20:00:00,1768852822.0,0.0015
2026-01-19 21:00:00,1768856420.0,0.0015
2026-01-19 22:00:00,1768860019.0,0.0015
2026-01-19 23:00:00,1768863630.0,0.0015
2026-01-20 00:00:00,1768867221.0,0.0015
2026-01-20 01:00:00,1768870816.0,0.0015
2026-01-20 02:00:00,1768874416.0,0.0015
2026-01-20 03:00:00,1768878034.0,0.0015
2026-01-20 04:00:00,1768881633.0,0.0015
2026-01-20 05:00:00,1768885231.0,0.0005
2026-01-20 06:00:00,1768888823.0,0.0005
2026-01-20 07:00:00,1768892417.0,0.0005
2026-01-20 08:00:00,1768896018.0,0.0005
2026-01-20 09:00:00,1768899618.0,0.0005
2026-01-20 10:00:00,1768903219.0,0.001
2026-01-20 11:00:00,1768906816.0,0.0015
2026-01-20 12:00:00,1768910422.0,0.0015
2026-01-20 13:00:00,1768914017.0,0.0015
2026-01-20 14:00:00,1768917617.0,0.0015
2026-01-20 15:00:00,1768921221.0,0.0015
2026-01-20 16:00:00,1768924815.0,0.0015
2026-01-20 17:00:00,1768928419.0,0.0015
2026-01-20 18:00:00,1768932019.0,0.0015
2026-01-20 19:00:00,1768935616.0,0.0015
2026-01-20 20:00:00,1768939217.0,0.0015
2026-01-20 21:00:00,1768942837.0,0.0015
2026-01-20 22:00:00,1768946417.0,0.0015
2026-01-20 23:00:00,1768950017.0,0.0015
2026-01-21 00:00:00,1768953622.0,0.0015
2026-01-21 01:00:00,1768957216.0,0.0015
2026-01-21 02:00:00,1768960818.0,0.0015
2026-01-21 03:00:00,1768964422.0,0.0015
2026-01-21 04:00:00,1768968016.0,0.0015
2026-01-21 05:00:00,1768971616.0,0.0015
2026-01-21 06:00:00,1768975221.0,0.0015
2026-01-21 07:00:00,1768978819.0,0.0015
2026-01-21 08:00:00,1768982418.0,0.0015
2026-01-21 09:00:00,1768986045.0,0.0015
2026-01-21 10:00:00,1768989619.0,0.0015
2026-01-21 11:00:00,1768993219.0,0.0015
2026-01-21 12:00:00,1768996845.0,0.0015
2026-01-21 13:00:00,1769000417.0,0.0015
2026-01-21 14:00:00,1769004020.0,0.0015
2026-01-21 15:00:00,1769007621.0,0.0015
2026-01-21 16:00:00,1769011220.0,0.0015
2026-01-21 17:00:00,1769014825.0,0.0015
2026-01-21 18:00:00,1769018444.0,0.0015
2026-01-21 19:00:00,1769022032.0,0.0015
2026-01-21 20:00:00,1769025620.0,0.0015
2026-01-21 21:00:00,1769029255.0,0.0015
2026-01-21 22:00:00,1769032819.0,0.0015
2026-01-21 23:00:00,1769036420.0,0.0015
2026-01-22 00:00:00,1769040032.0,0.0015
2026-01-22 01:00:00,1769043618.0,0.0015
2026-01-22 02:00:00,1769047222.0,0.0015
2026-01-22 03:00:00,1769050828.0,0.0015
2026-01-22 04:00:00,1769054417.0,0.0015
2026-01-22 05:00:00,1769058017.0,0.0015
2026-01-22 06:00:00,1769061621.0,0.0015
2026-01-22 07:00:00,1769065219.0,0.0015
2026-01-22 08:00:00,1769068821.0,0.002
2026-01-22 09:00:00,1769072428.0,0.0015
2026-01-22 10:00:00,1769076019.0,0.0015
2026-01-22 11:00:00,1769079618.0,0.002
2026-01-22 12:00:00,1769083249.0,0.0015
2026-01-22 13:00:00,1769086819.0,0.0025
2026-01-22 14:00:00,1769090418.0,0.0025
2026-01-22 15:00:00,1769094036.0,0.0025
2026-01-22 16:00:00,1769097619.0,0.0015
2026-01-22 17:00:00,1769101222.0,0.0015
2026-01-22 18:00:00,1769104837.0,0.0015
2026-01-22 19:00:00,1769108418.0,0.0015
2026-01-22 20:00:00,1769112020.0,0.0015
2026-01-22 21:00:00,1769115630.0,0.0015
2026-01-22 22:00:00,1769119220.0,0.0015
2026-01-22 23:00:00,1769122820.0,0.0015
2026-01-23 00:00:00,1769126439.0,0.0015
2026-01-23 01:00:00,1769130018.0,0.0015
2026-01-23 02:00:00,1769133619.0,0.0015
2026-01-23 03:00:00,1769137232.0,0.0015
2026-01-23 04:00:00,1769140820.0,0.002
2026-01-23 05:00:00,1769144417.0,0.0015
2026-01-23 06:00:00,1769148023.0,0.002
2026-01-23 07:00:00,1769151620.0,0.0015
2026-01-23 08:00:00,1769155220.0,0.002
2026-01-23 09:00:00,1769158823.0,0.002
2026-01-23 10:00:00,1769162435.0,0.002
2026-01-23 11:00:00,1769166020.0,0.0025
2026-01-23 12:00:00,1769169650.0,0.0025
2026-01-23 13:00:00,1769173218.0,0.0025
2026-01-23 14:00:00,1769176818.0,0.0025
2026-01-23 15:00:00,1769180422.0,0.0025
2026-01-23 16:00:00,1769184018.0,0.0025
2026-01-23 17:00:00,1769187638.0,0.0025
2026-01-23 18:00:00,1769191241.0,0.0025
2026-01-23 19:00:00,1769194821.0,0.0025
2026-01-23 20:00:00,1769198420.0,0.0025
2026-01-23 21:00:00,1769202023.0,0.0025
2026-01-23 22:00:00,1769205623.0,0.0025
2026-01-23 23:00:00,1769209224.0,0.0025
2026-01-24 00:00:00,1769212835.0,0.0025
2026-01-24 01:00:00,1769216421.0,0.0025
2026-01-24 02:00:00,1769220023.0,0.0025
2026-01-24 03:00:00,1769223647.0,0.0025
2026-01-24 04:00:00,1769227219.0,0.0025
2026-01-24 05:00:00,1769230841.0,0.0025
2026-01-24 06:00:00,1769234446.0,0.0025
2026-01-24 07:00:00,1769238021.0,0.0025
2026-01-24 08:00:00,1769241623.0,0.0025
2026-01-24 09:00:00,1769245229.0,0.0025
2026-01-24 10:00:00,1769248832.0,0.0025
2026-01-24 11:00:00,1769252425.0,0.0025
2026-01-24 12:00:00,1769256034.0,0.0025
2026-01-24 13:00:00,1769259620.0,0.0025
2026-01-24 14:00:00,1769263229.0,0.0025
2026-01-24 15:00:00,1769266828.0,0.0025
2026-01-24 16:00:00,1769270420.0,0.0025
2026-01-24 17:00:00,1769274025.0,0.0025
2026-01-24 18:00:00,1769277624.0,0.0025
2026-01-24 19:00:00,1769281221.0,0.0025
2026-01-24 20:00:00,1769284820.0,0.0025
2026-01-24 21:00:00,1769288432.0,0.0025
2026-01-24 22:00:00,1769292020.0,0.0025
2026-01-24 23:00:00,1769295620.0,0.0025
2026-01-25 00:00:00,1769299242.0,0.0025
2026-01-25 01:00:00,1769302819.0,0.0025
2026-01-25 02:00:00,1769306418.0,0.0025
2026-01-25 03:00:00,1769310028.0,0.0025
2026-01-25 04:00:00,1769313618.0,0.0025
2026-01-25 05:00:00,1769317218.0,0.0025
2026-01-25 06:00:00,1769320820.0,0.0025
2026-01-25 07:00:00,1769324422.0,0.0025
2026-01-25 08:00:00,1769328019.0,0.0025
2026-01-25 09:00:00,1769331646.0,0.0025
2026-01-25 10:00:00,1769335236.0,0.0025
2026-01-25 11:00:00,1769338818.0,0.0025
2026-01-25 12:00:00,1769342453.0,0.0025
2026-01-25 13:00:00,1769346031.0,0.0025
2026-01-25 14:00:00,1769349621.0,0.0025
2026-01-25 15:00:00,1769353223.0,0.0015
2026-01-25 16:00:00,1769356836.0,0.0015
2026-01-25 17:00:00,1769360433.0,0.0015
2026-01-25 18:00:00,1769364029.0,0.0015
2026-01-25 19:00:00,1769367619.0,0.0015
2026-01-25 20:00:00,1769371219.0,0.0015
2026-01-25 21:00:00,1769374828.0,0.0015
2026-01-25 22:00:00,1769378423.0,0.0015
2026-01-25 23:00:00,1769382019.0,0.0015
2026-01-26 00:00:00,1769385641.0,0.0015
2026-01-26 01:00:00,1769389218.0,0.0015
2026-01-26 02:00:00,1769392823.0,0.0015
2026-01-26 03:00:00,1769396421.0,0.0015
2026-01-26 04:00:00,1769400019.0,0.0015
2026-01-26 05:00:00,1769403618.0,0.0015
2026-01-26 06:00:00,1769407230.0,0.0015
2026-01-26 07:00:00,1769410820.0,0.0015
2026-01-26 08:00:00,1769414419.0,0.0015
2026-01-26 09:00:00,1769418031.0,0.0015
2026-01-26 10:00:00,1769421618.0,0.0015
2026-01-26 11:00:00,1769425223.0,0.0015
2026-01-26 12:00:00,1769428833.0,0.0015
2026-01-26 13:00:00,1769432423.0,0.0015
2026-01-26 14:00:00,1769436019.0,0.0015
2026-01-26 15:00:00,1769439623.0,0.0015
2026-01-26 16:00:00,1769443220.0,0.0015
2026-01-26 17:00:00,1769446826.0,0.0015
2026-01-26 18:00:00,1769450429.0,0.0015
2026-01-26 19:00:00,1769454020.0,0.0015
2026-01-26 20:00:00,1769457624.0,0.0015
2026-01-26 21:00:00,1769461225.0,0.0015
2026-01-26 22:00:00,1769464820.0,0.0015
2026-01-26 23:00:00,1769468420.0,0.0015
2026-01-27 00:00:00,1769472035.0,0.0015
2026-01-27 01:00:00,1769475616.0,0.0015
2026-01-27 02:00:00,1769479216.0,0.0015
2026-01-27 03:00:00,1769482825.0,0.0015
2026-01-27 04:00:00,1769486418.0,0.0015
2026-01-27 05:00:00,1769490017.0,0.0015
2026-01-27 06:00:00,1769493618.0,0.0015
2026-01-27 07:00:00,1769497224.0,0.0015
2026-01-27 08:00:00,1769500818.0,0.0015
2026-01-27 09:00:00,1769504419.0,0.0015
2026-01-27 10:00:00,1769508025.0,0.0015
2026-01-27 11:00:00,1769511618.0,0.0015
2026-01-27 12:00:00,1769515223.0,0.0015
2026-01-27 13:00:00,1769518830.0,0.0015
2026-01-27 14:00:00,1769522417.0,0.0015
2026-01-27 15:00:00,1769526019.0,0.0015
2026-01-27 16:00:00,1769529617.0,0.0015
2026-01-27 17:00:00,1769533217.0,0.0015
2026-01-27 18:00:00,1769536819.0,0.0015
2026-01-27 19:00:00,1769540418.0,0.0015
2026-01-27 20:00:00,1769544017.0,0.0015
2026-01-27 21:00:00,1769547619.0,0.0015
2026-01-27 22:00:00,1769551217.0,0.0015
2026-01-27 23:00:00,1769554818.0,0.0015
2026-01-28 00:00:00,1769558425.0,0.0015
2026-01-28 01:00:00,1769562030.0,0.0015
2026-01-28 02:00:00,1769565621.0,0.0015
2026-01-28 03:00:00,1769569222.0,0.0015
2026-01-28 04:00:00,1769572837.0,0.0015
2026-01-28 05:00:00,1769576418.0,0.0015
2026-01-28 06:00:00,1769580019.0,0.0025
2026-01-28 07:00:00,1769583619.0,0.0025
2026-01-28 08:00:00,1769587218.0,0.0025
2026-01-28 09:00:00,1769590824.0,0.0035
2026-01-28 10:00:00,1769594441.0,0.0035
2026-01-28 11:00:00,1769598018.0,0.0035
2026-01-28 12:00:00,1769601626.0,0.004
2026-01-28 13:00:00,1769605236.0,0.005
2026-01-28 14:00:00,1769608818.0,0.004
2026-01-28 15:00:00,1769612420.0,0.005
2026-01-28 16:00:00,1769616019.0,0.005
2026-01-28 17:00:00,1769619621.0,0.0045
2026-01-28 18:00:00,1769623239.0,0.0045
2026-01-28 19:00:00,1769626819.0,0.0045
2026-01-28 20:00:00,1769630424.0,0.0045
2026-01-28 21:00:00,1769634020.0,0.005
2026-01-28 22:00:00,1769637620.0,0.0035
2026-01-28 23:00:00,1769641220.0,0.0035
2026-01-29 00:00:00,1769644840.0,0.0035
2026-01-29 01:00:00,1769648419.0,0.0025
2026-01-29 02:00:00,1769652019.0,0.0025
2026-01-29 03:00:00,1769655623.0,0.0025
2026-01-29 04:00:00,1769659220.0,0.0025
2026-01-29 05:00:00,1769662820.0,0.0025
2026-01-29 06:00:00,1769666422.0,0.0025
2026-01-29 07:00:00,1769670022.0,0.0025
2026-01-29 08:00:00,1769673620.0,0.002
2026-01-29 09:00:00,1769677224.0,0.002
2026-01-29 10:00:00,1769680823.0,0.002
2026-01-29 11:00:00,1769684421.0,0.0015
2026-01-29 12:00:00,1769688029.0,0.003
2026-01-29 13:00:00,1769691620.0,0.003
2026-01-29 14:00:00,1769695220.0,0.0025
2026-01-29 15:00:00,1769698822.0,0.0025
2026-01-29 16:00:00,1769702421.0,0.0025
2026-01-29 17:00:00,1769706020.0,0.0025
2026-01-29 18:00:00,1769709623.0,0.0025
2026-01-29 19:00:00,1769713221.0,0.0015
2026-01-29 20:00:00,1769716832.0,0.0015
2026-01-29 21:00:00,1769720424.0,0.0015
2026-01-29 22:00:00,1769724022.0,0.0015
2026-01-29 23:00:00,1769727621.0,0.0015
2026-01-30 00:00:00,1769731229.0,0.0015
2026-01-30 01:00:00,1769734821.0,0.0015
2026-01-30 02:00:00,1769738421.0,0.0005
2026-01-30 03:00:00,1769742024.0,0.0005
2026-01-30 04:00:00,1769745622.0,0.0005
2026-01-30 05:00:00,1769749221.0,0.0005
2026-01-30 06:00:00,1769752823.0,0.0005
2026-01-30 07:00:00,1769756421.0,0.0005
2026-01-30 08:00:00,1769760021.0,0.0005
2026-01-30 09:00:00,1769763644.0,0.0005
2026-01-30 10:00:00,1769767221.0,0.0005
2026-01-30 11:00:00,1769770842.0,0.0005
2026-01-30 12:00:00,1769774443.0,0.0005
2026-01-30 13:00:00,1769778021.0,0.0005
2026-01-30 14:00:00,1769781622.0,0.0005
2026-01-30 15:00:00,1769785225.0,0.0005
2026-01-30 16:00:00,1769788823.0,0.0005
2026-01-30 17:00:00,1769792425.0,0.0005
2026-01-30 18:00:00,1769796023.0,0.0005
2026-01-30 19:00:00,1769799622.0,0.0005
2026-01-30 20:00:00,1769803222.0,0.0005
2026-01-30 21:00:00,1769806825.0,0.0005
2026-01-30 22:00:00,1769810427.0,0.0005
2026-01-30 23:00:00,1769814021.0,0.0005
2026-01-31 00:00:00,1769817629.0,0.0005
2026-01-31 01:00:00,1769821221.0,0.0005
2026-01-31 02:00:00,1769824821.0,0.0005
2026-01-31 03:00:00,1769828424.0,0.0005
2026-01-31 04:00:00,1769832023.0,0.0005
2026-01-31 05:00:00,1769835622.0,0.0005
2026-01-31 06:00:00,1769839224.0,0.0005
2026-01-31 07:00:00,1769842823.0,0.0005
2026-01-31 08:00:00,1769846422.0,0.0005
2026-01-31 09:00:00,1769850046.0,0.0005
2026-01-31 10:00:00,1769853623.0,0.0005
2026-01-31 11:00:00,1769857222.0,0.0005
2026-01-31 12:00:00,1769860834.0,0.0005
2026-01-31 13:00:00,1769864424.0,0.0005
2026-01-31 14:00:00,1769868021.0,0.0005
2026-01-31 15:00:00,1769871627.0,0.0005
2026-01-31 16:00:00,1769875222.0,0.0005
2026-01-31 17:00:00,1769878838.0,0.0005
2026-01-31 18:00:00,1769882428.0,0.0005
2026-01-31 19:00:00,1769886025.0,0.0005
2026-01-31 20:00:00,1769889622.0,0.0005
2026-01-31 21:00:00,1769893242.0,0.0005
2026-01-31 22:00:00,1769896841.0,0.0005
2026-01-31 23:00:00,1769900422.0,0.0005
2026-02-01 00:00:00,1769904035.0,0.0005
2026-02-01 01:00:00,1769907753.0,0.0005
2026-02-01 02:00:00,1769911220.0,0.0005
2026-02-01 03:00:00,1769914825.0,0.0005
