time_utc,t,p
2025-08-05 17:00:00,1754415789.0,0.505
2025-08-05 18:00:00,1754416808.0,0.49
2025-08-05 19:00:00,1754420409.0,0.355
2025-08-05 20:00:00,1754424009.0,0.03
2025-08-05 21:00:00,1754427610.0,0.025
2025-08-05 22:00:00,1754431209.0,0.025
2025-08-05 23:00:00,1754434808.0,0.0205
2025-08-06 00:00:00,1754438409.0,0.0205
2025-08-06 01:00:00,1754442009.0,0.0205
2025-08-06 02:00:00,1754445610.0,0.02
2025-08-06 03:00:00,1754449209.0,0.02
2025-08-06 04:00:00,1754452810.0,0.02
2025-08-06 05:00:00,1754456410.0,0.0205
2025-08-06 06:00:00,1754460009.0,0.0205
2025-08-06 07:00:00,1754463609.0,0.0205
2025-08-06 08:00:00,1754467209.0,0.02
2025-08-06 09:00:00,1754470809.0,0.02
2025-08-06 10:00:00,1754474409.0,0.0205
2025-08-06 11:00:00,1754478009.0,0.0205
2025-08-06 12:00:00,1754481608.0,0.0205
2025-08-06 13:00:00,1754485209.0,0.02
2025-08-06 14:00:00,1754488809.0,0.0205
2025-08-06 15:00:00,1754492410.0,0.0205
2025-08-06 16:00:00,1754496009.0,0.0205
2025-08-06 17:00:00,1754499608.0,0.0205
2025-08-06 18:00:00,1754503209.0,0.0185
2025-08-06 19:00:00,1754506806.0,0.0185
2025-08-06 20:00:00,1754510414.0,0.0185
2025-08-06 21:00:00,1754514002.0,0.018
2025-08-06 22:00:00,1754517610.0,0.0055
2025-08-06 23:00:00,1754521209.0,0.009
2025-08-07 00:00:00,1754524803.0,0.009
2025-08-07 01:00:00,1754528410.0,0.009
2025-08-07 02:00:00,1754532013.0,0.009
2025-08-07 03:00:00,1754535605.0,0.0085
2025-08-07 04:00:00,1754539209.0,0.009
2025-08-07 05:00:00,1754542810.0,0.009
2025-08-07 06:00:00,1754546408.0,0.009
2025-08-07 07:00:00,1754550010.0,0.009
2025-08-07 08:00:00,1754553611.0,0.0095
2025-08-07 09:00:00,1754557213.0,0.0095
2025-08-07 10:00:00,1754560802.0,0.01
2025-08-07 11:00:00,1754564406.0,0.01
2025-08-07 12:00:00,1754568005.0,0.0105
2025-08-07 13:00:00,1754571610.0,0.01
2025-08-07 14:00:00,1754575206.0,0.0105
2025-08-07 15:00:00,1754578809.0,0.006
2025-08-07 16:00:00,1754582414.0,0.006
2025-08-07 17:00:00,1754586005.0,0.006
2025-08-07 18:00:00,1754589616.0,0.006
2025-08-07 19:00:00,1754593215.0,0.0065
2025-08-07 20:00:00,1754596812.0,0.0065
2025-08-07 21:00:00,1754600405.0,0.0065
2025-08-07 22:00:00,1754604015.0,0.0065
2025-08-07 23:00:00,1754607611.0,0.0065
2025-08-08 00:00:00,1754611210.0,0.0065
2025-08-08 01:00:00,1754614809.0,0.0065
2025-08-08 02:00:00,1754618407.0,0.0065
2025-08-08 03:00:00,1754622007.0,0.0065
2025-08-08 04:00:00,1754625616.0,0.0065
2025-08-08 05:00:00,1754629202.0,0.0065
2025-08-08 06:00:00,1754632813.0,0.0065
2025-08-08 07:00:00,1754636413.0,0.0065
2025-08-08 08:00:00,1754640010.0,0.0065
2025-08-08 09:00:00,1754643613.0,0.0065
2025-08-08 10:00:00,1754647206.0,0.0065
2025-08-08 11:00:00,1754650809.0,0.0065
2025-08-08 12:00:00,1754654415.0,0.0065
2025-08-08 13:00:00,1754658009.0,0.0065
2025-08-08 14:00:00,1754661613.0,0.0065
2025-08-08 15:00:00,1754665208.0,0.0065
2025-08-08 16:00:00,1754668804.0,0.0065
2025-08-08 17:00:00,1754672406.0,0.006
2025-08-08 18:00:00,1754676009.0,0.006
2025-08-08 19:00:00,1754679610.0,0.006
2025-08-08 20:00:00,1754683216.0,0.0055
2025-08-08 21:00:00,1754686809.0,0.0055
2025-08-08 22:00:00,1754690404.0,0.0055
2025-08-08 23:00:00,1754694010.0,0.0055
2025-08-09 00:00:00,1754697615.0,0.0055
2025-08-09 01:00:00,1754701211.0,0.0055
2025-08-09 02:00:00,1754704812.0,0.0055
2025-08-09 03:00:00,1754708408.0,0.0055
2025-08-09 04:00:00,1754712010.0,0.0055
2025-08-09 05:00:00,1754715605.0,0.0055
2025-08-09 06:00:00,1754719212.0,0.0055
2025-08-09 07:00:00,1754722804.0,0.0055
2025-08-09 08:00:00,1754726414.0,0.0055
2025-08-09 09:00:00,1754730012.0,0.0055
2025-08-09 10:00:00,1754733611.0,0.0055
2025-08-09 11:00:00,1754737206.0,0.0055
2025-08-09 12:00:00,1754740803.0,0.0055
2025-08-09 13:00:00,1754744411.0,0.006
2025-08-09 14:00:00,1754748005.0,0.006
2025-08-09 15:00:00,1754751615.0,0.006
2025-08-09 16:00:00,1754755213.0,0.006
2025-08-09 17:00:00,1754758814.0,0.006
2025-08-09 18:00:00,1754762402.0,0.006
2025-08-09 19:00:00,1754766016.0,0.006
2025-08-09 20:00:00,1754769610.0,0.006
2025-08-09 21:00:00,1754773202.0,0.006
2025-08-09 22:00:00,1754776812.0,0.006
2025-08-09 23:00:00,1754780405.0,0.006
2025-08-10 00:00:00,1754784007.0,0.006
2025-08-10 01:00:00,1754787609.0,0.006
2025-08-10 02:00:00,1754791212.0,0.006
2025-08-10 03:00:00,1754794806.0,0.006
2025-08-10 04:00:00,1754798406.0,0.006
2025-08-10 05:00:00,1754802004.0,0.0055
2025-08-10 06:00:00,1754805610.0,0.0055
2025-08-10 07:00:00,1754809204.0,0.0055
2025-08-10 08:00:00,1754812804.0,0.0055
2025-08-10 09:00:00,1754816409.0,0.0055
2025-08-10 10:00:00,1754820007.0,0.0055
2025-08-10 11:00:00,1754823610.0,0.0055
2025-08-10 12:00:00,1754827213.0,0.0055
2025-08-10 13:00:00,1754830813.0,0.0055
2025-08-10 14:00:00,1754834402.0,0.0055
2025-08-10 15:00:00,1754838013.0,0.0055
2025-08-10 16:00:00,1754841614.0,0.0055
2025-08-10 17:00:00,1754845202.0,0.0055
2025-08-10 18:00:00,1754848806.0,0.0055
2025-08-10 19:00:00,1754852403.0,0.0055
2025-08-10 20:00:00,1754856013.0,0.0055
2025-08-10 21:00:00,1754859614.0,0.0055
2025-08-10 22:00:00,1754863204.0,0.0055
2025-08-10 23:00:00,1754866807.0,0.0055
2025-08-11 00:00:00,1754870412.0,0.0055
2025-08-11 01:00:00,1754874004.0,0.0055
2025-08-11 02:00:00,1754877602.0,0.0055
2025-08-11 03:00:00,1754881202.0,0.0055
2025-08-11 04:00:00,1754884816.0,0.0055
2025-08-11 05:00:00,1754888408.0,0.0055
2025-08-11 06:00:00,1754892012.0,0.0055
2025-08-11 07:00:00,1754895602.0,0.0055
2025-08-11 08:00:00,1754899216.0,0.0055
2025-08-11 09:00:00,1754902816.0,0.0055
2025-08-11 10:00:00,1754906405.0,0.0055
2025-08-11 11:00:00,1754910007.0,0.0055
2025-08-11 12:00:00,1754913617.0,0.0055
2025-08-11 13:00:00,1754917217.0,0.006
2025-08-11 14:00:00,1754920811.0,0.006
2025-08-11 15:00:00,1754924413.0,0.006
2025-08-11 16:00:00,1754928004.0,0.006
2025-08-11 17:00:00,1754931606.0,0.006
2025-08-11 18:00:00,1754935211.0,0.006
2025-08-11 19:00:00,1754938805.0,0.006
2025-08-11 20:00:00,1754942406.0,0.006
2025-08-11 21:00:00,1754946010.0,0.006
2025-08-11 22:00:00,1754949606.0,0.006
2025-08-11 23:00:00,1754953209.0,0.006
2025-08-12 00:00:00,1754956806.0,0.006
2025-08-12 01:00:00,1754960406.0,0.006
2025-08-12 02:00:00,1754964003.0,0.006
2025-08-12 03:00:00,1754967610.0,0.006
2025-08-12 04:00:00,1754971212.0,0.006
2025-08-12 05:00:00,1754974811.0,0.006
2025-08-12 06:00:00,1754978415.0,0.006
2025-08-12 07:00:00,1754982012.0,0.006
2025-08-12 08:00:00,1754985607.0,0.006
2025-08-12 09:00:00,1754989213.0,0.006
2025-08-12 10:00:00,1754992811.0,0.006
2025-08-12 11:00:00,1754996412.0,0.006
2025-08-12 12:00:00,1755000005.0,0.006
2025-08-12 13:00:00,1755003604.0,0.006
2025-08-12 14:00:00,1755007204.0,0.006
2025-08-12 15:00:00,1755010802.0,0.006
2025-08-12 16:00:00,1755014407.0,0.006
2025-08-12 17:00:00,1755018004.0,0.006
2026-02-01 04:00:00,1769921233.0,0.0005
2025-08-12 18:00:00,1755021604.0,0.006
2025-08-12 19:00:00,1755025215.0,0.006
2025-08-12 20:00:00,1755028811.0,0.006
2025-08-12 21:00:00,1755032404.0,0.006
2025-08-12 22:00:00,1755036002.0,0.006
2025-08-12 23:00:00,1755039610.0,0.006
2025-08-13 00:00:00,1755043210.0,0.006
2025-08-13 01:00:00,1755046807.0,0.006
2025-08-13 02:00:00,1755050406.0,0.006
2025-08-13 03:00:00,1755054005.0,0.006
2025-08-13 04:00:00,1755057610.0,0.006
2025-08-13 05:00:00,1755061209.0,0.006
2025-08-13 06:00:00,1755064805.0,0.0055
2025-08-13 07:00:00,1755068406.0,0.0055
2025-08-13 08:00:00,1755072012.0,0.0055
2025-08-13 09:00:00,1755075604.0,0.0055
2025-08-13 10:00:00,1755079209.0,0.0055
2025-08-13 11:00:00,1755082811.0,0.0055
2025-08-13 12:00:00,1755086408.0,0.0055
2025-08-13 13:00:00,1755090024.0,0.0055
2025-08-13 14:00:00,1755093612.0,0.0055
2025-08-13 15:00:00,1755097215.0,0.0055
2025-08-13 16:00:00,1755100814.0,0.0055
2025-08-13 17:00:00,1755104409.0,0.0055
2025-08-13 18:00:00,1755108015.0,0.0055
2025-08-13 19:00:00,1755111602.0,0.0055
2025-08-13 20:00:00,1755115207.0,0.0055
2025-08-13 21:00:00,1755118807.0,0.0055
2025-08-13 22:00:00,1755122407.0,0.0055
2025-08-13 23:00:00,1755126011.0,0.005
2025-08-14 00:00:00,1755129602.0,0.005
2025-08-14 01:00:00,1755133207.0,0.005
2025-08-14 02:00:00,1755136808.0,0.005
2025-08-14 03:00:00,1755140408.0,0.005
2025-08-14 04:00:00,1755144011.0,0.005
2025-08-14 05:00:00,1755147606.0,0.005
2025-08-14 06:00:00,1755151205.0,0.005
2025-08-14 07:00:00,1755154802.0,0.005
2025-08-14 08:00:00,1755158412.0,0.005
2025-08-14 09:00:00,1755162007.0,0.005
2025-08-14 10:00:00,1755165606.0,0.005
2025-08-14 11:00:00,1755169205.0,0.005
2025-08-14 12:00:00,1755172811.0,0.005
2025-08-14 13:00:00,1755176413.0,0.005
2025-08-14 14:00:00,1755180009.0,0.005
2025-08-14 15:00:00,1755183612.0,0.005
2025-08-14 16:00:00,1755187215.0,0.005
2025-08-14 17:00:00,1755190818.0,0.005
2025-08-14 18:00:00,1755194416.0,0.005
2025-08-14 19:00:00,1755198009.0,0.005
2025-08-14 20:00:00,1755201604.0,0.005
2025-08-14 21:00:00,1755205213.0,0.005
2025-08-14 22:00:00,1755208805.0,0.005
2025-08-14 23:00:00,1755212410.0,0.005
2025-08-15 00:00:00,1755216005.0,0.005
2025-08-15 01:00:00,1755219605.0,0.005
2025-08-15 02:00:00,1755223206.0,0.005
2025-08-15 03:00:00,1755226810.0,0.005
2025-08-15 04:00:00,1755230406.0,0.005
2025-08-15 05:00:00,1755234007.0,0.005
2025-08-15 06:00:00,1755237608.0,0.005
2025-08-15 07:00:00,1755241205.0,0.005
2025-08-15 08:00:00,1755244814.0,0.005
2025-08-15 09:00:00,1755248411.0,0.005
2025-08-15 10:00:00,1755252017.0,0.005
2025-08-15 11:00:00,1755255614.0,0.005
2025-08-15 12:00:00,1755259206.0,0.005
2025-08-15 13:00:00,1755262812.0,0.005
2025-08-15 14:00:00,1755266413.0,0.005
2025-08-15 15:00:00,1755270005.0,0.0045
2025-08-15 16:00:00,1755273613.0,0.005
2025-08-15 17:00:00,1755277209.0,0.005
2025-08-15 18:00:00,1755280813.0,0.0045
2025-08-15 19:00:00,1755284411.0,0.005
2025-08-15 20:00:00,1755288010.0,0.0045
2025-08-15 21:00:00,1755291618.0,0.0045
2025-08-15 22:00:00,1755295203.0,0.0045
2025-08-15 23:00:00,1755298809.0,0.0045
2025-08-16 00:00:00,1755302408.0,0.0045
2025-08-16 01:00:00,1755306006.0,0.0045
2025-08-16 02:00:00,1755309607.0,0.0045
2025-08-16 03:00:00,1755313212.0,0.0045
2025-08-16 04:00:00,1755316803.0,0.0045
2025-08-16 05:00:00,1755320403.0,0.0045
2025-08-16 06:00:00,1755324011.0,0.0045
2025-08-16 07:00:00,1755327608.0,0.0045
2025-08-16 08:00:00,1755331211.0,0.0045
2025-08-16 09:00:00,1755334817.0,0.0045
2025-08-16 10:00:00,1755338403.0,0.0045
2025-08-16 11:00:00,1755342008.0,0.0045
2025-08-16 12:00:00,1755345608.0,0.0045
2025-08-16 13:00:00,1755349206.0,0.0045
2025-08-16 14:00:00,1755352813.0,0.0035
2025-08-16 15:00:00,1755356411.0,0.0025
2025-08-16 16:00:00,1755360015.0,0.0025
2025-08-16 17:00:00,1755363605.0,0.0025
2025-08-16 18:00:00,1755367207.0,0.0035
2025-08-16 19:00:00,1755370815.0,0.0035
2025-08-16 20:00:00,1755374417.0,0.0035
2025-08-16 21:00:00,1755378008.0,0.0035
2025-08-16 22:00:00,1755381607.0,0.0035
2025-08-16 23:00:00,1755385213.0,0.0035
2025-08-17 00:00:00,1755388808.0,0.0035
2025-08-17 01:00:00,1755392404.0,0.0035
2025-08-17 02:00:00,1755396014.0,0.0035
2025-08-17 03:00:00,1755399604.0,0.0035
2025-08-17 04:00:00,1755403215.0,0.0035
2025-08-17 05:00:00,1755406809.0,0.0035
2025-08-17 06:00:00,1755410415.0,0.0035
2025-08-17 07:00:00,1755414014.0,0.0035
2025-08-17 08:00:00,1755417606.0,0.0035
2025-08-17 09:00:00,1755421221.0,0.0035
2025-08-17 10:00:00,1755424814.0,0.0035
2025-08-17 11:00:00,1755428403.0,0.0035
2025-08-17 12:00:00,1755432016.0,0.0035
2025-08-17 13:00:00,1755435602.0,0.0035
2025-08-17 14:00:00,1755439208.0,0.0035
2025-08-17 15:00:00,1755442809.0,0.0035
2025-08-17 16:00:00,1755446402.0,0.0035
2025-08-17 17:00:00,1755450014.0,0.0035
2025-08-17 18:00:00,1755453606.0,0.004
2025-08-17 19:00:00,1755457208.0,0.004
2025-08-17 20:00:00,1755460806.0,0.004
2025-08-17 21:00:00,1755464416.0,0.004
2025-08-17 22:00:00,1755468013.0,0.004
2025-08-17 23:00:00,1755471602.0,0.004
2025-08-18 00:00:00,1755475203.0,0.004
2025-08-18 01:00:00,1755478808.0,0.004
2025-08-18 02:00:00,1755482408.0,0.004
2025-08-18 03:00:00,1755486010.0,0.004
2025-08-18 04:00:00,1755489614.0,0.004
2025-08-18 05:00:00,1755493206.0,0.004
2025-08-18 06:00:00,1755496816.0,0.004
2025-08-18 07:00:00,1755500414.0,0.004
2025-08-18 08:00:00,1755504001.0,0.004
2025-08-18 09:00:00,1755507609.0,0.004
2025-08-18 10:00:00,1755511203.0,0.004
2025-08-18 11:00:00,1755514805.0,0.004
2025-08-18 12:00:00,1755518412.0,0.004
2025-08-18 13:00:00,1755522005.0,0.004
2025-08-18 14:00:00,1755525606.0,0.004
2025-08-18 15:00:00,1755529209.0,0.004
2025-08-18 16:00:00,1755532814.0,0.004
2025-08-18 17:00:00,1755536412.0,0.004
2025-08-18 18:00:00,1755540011.0,0.004
2025-08-18 19:00:00,1755543608.0,0.004
2025-08-18 20:00:00,1755547212.0,0.004
2025-08-18 21:00:00,1755550812.0,0.004
2025-08-18 22:00:00,1755554410.0,0.004
2025-08-18 23:00:00,1755558009.0,0.004
2025-08-19 00:00:00,1755561605.0,0.004
2025-08-19 01:00:00,1755565213.0,0.004
2025-08-19 02:00:00,1755568810.0,0.004
2025-08-19 03:00:00,1755572415.0,0.004
2025-08-19 04:00:00,1755576018.0,0.004
2025-08-19 05:00:00,1755579604.0,0.004
2025-08-19 06:00:00,1755583206.0,0.004
2025-08-19 07:00:00,1755586817.0,0.004
2025-08-19 08:00:00,1755590412.0,0.004
2025-08-19 09:00:00,1755594014.0,0.004
2025-08-19 10:00:00,1755597605.0,0.004
2025-08-19 11:00:00,1755601212.0,0.004
2025-08-19 12:00:00,1755604806.0,0.004
2025-08-19 13:00:00,1755608406.0,0.004
2025-08-19 14:00:00,1755612011.0,0.004
2025-08-19 15:00:00,1755615610.0,0.004
2025-08-19 16:00:00,1755619204.0,0.004
2025-08-19 17:00:00,1755622810.0,0.004
2025-08-19 18:00:00,1755626408.0,0.004
2025-08-19 19:00:00,1755630007.0,0.004
2025-08-19 20:00:00,1755633614.0,0.004
2025-08-19 21:00:00,1755637202.0,0.004
2025-08-19 22:00:00,1755640807.0,0.004
2025-08-19 23:00:00,1755644411.0,0.004
2025-08-20 00:00:00,1755648008.0,0.004
2025-08-20 01:00:00,1755651602.0,0.004
2025-08-20 02:00:00,1755655208.0,0.004
2025-08-20 03:00:00,1755658808.0,0.004
2025-08-20 04:00:00,1755662409.0,0.004
2025-08-20 05:00:00,1755666003.0,0.004
2025-08-20 06:00:00,1755669615.0,0.004
2025-08-20 07:00:00,1755673206.0,0.004
2025-08-20 08:00:00,1755676813.0,0.004
2025-08-20 09:00:00,1755680402.0,0.004
2025-08-20 10:00:00,1755684010.0,0.004
2025-08-20 11:00:00,1755687612.0,0.004
2025-08-20 12:00:00,1755691209.0,0.004
2025-08-20 13:00:00,1755694803.0,0.004
2025-08-20 14:00:00,1755698411.0,0.004
2025-08-20 15:00:00,1755702005.0,0.004
2025-08-20 16:00:00,1755705604.0,0.004
2025-08-20 17:00:00,1755709209.0,0.004
2025-08-20 18:00:00,1755712810.0,0.004
2025-08-20 19:00:00,1755716411.0,0.004
2025-08-20 20:00:00,1755720010.0,0.0035
2025-08-20 21:00:00,1755723605.0,0.0035
2025-08-20 22:00:00,1755727214.0,0.0035
2025-08-20 23:00:00,1755730812.0,0.0035
2025-08-21 00:00:00,1755734404.0,0.0035
2025-08-21 01:00:00,1755738009.0,0.0035
2025-08-21 02:00:00,1755741607.0,0.0035
2025-08-21 03:00:00,1755745209.0,0.0035
2025-08-21 04:00:00,1755748808.0,0.0035
2025-08-21 05:00:00,1755752414.0,0.0035
2025-08-21 06:00:00,1755756009.0,0.0035
2025-08-21 07:00:00,1755759602.0,0.0035
2025-08-21 08:00:00,1755763203.0,0.0035
2025-08-21 09:00:00,1755766817.0,0.0035
2025-08-21 10:00:00,1755770415.0,0.0035
2025-08-21 11:00:00,1755774013.0,0.0035
2025-08-21 12:00:00,1755777604.0,0.0035
2025-08-21 13:00:00,1755781208.0,0.004
2025-08-21 14:00:00,1755784817.0,0.0035
2025-08-21 15:00:00,1755788416.0,0.0035
2025-08-21 16:00:00,1755792009.0,0.0035
2025-08-21 17:00:00,1755795615.0,0.0035
2025-08-21 18:00:00,1755799214.0,0.0035
2025-08-21 19:00:00,1755802813.0,0.0035
2025-08-21 20:00:00,1755806407.0,0.0035
2025-08-21 21:00:00,1755810011.0,0.0035
2025-08-21 22:00:00,1755813606.0,0.0035
2025-08-21 23:00:00,1755817206.0,0.0035
2025-08-22 00:00:00,1755820805.0,0.0035
2025-08-22 01:00:00,1755824407.0,0.0035
2025-08-22 02:00:00,1755828002.0,0.0035
2025-08-22 03:00:00,1755831605.0,0.0035
2025-08-22 04:00:00,1755835202.0,0.0035
2025-08-22 05:00:00,1755838813.0,0.0035
2025-08-22 06:00:00,1755842415.0,0.0035
2025-08-22 07:00:00,1755846015.0,0.0035
2025-08-22 08:00:00,1755849603.0,0.0035
2025-08-22 09:00:00,1755853215.0,0.0035
2025-08-22 10:00:00,1755856802.0,0.0035
2025-08-22 11:00:00,1755860402.0,0.0035
2025-08-22 12:00:00,1755864010.0,0.0035
2025-08-22 13:00:00,1755867612.0,0.0035
2025-08-22 14:00:00,1755871204.0,0.0035
2025-08-22 15:00:00,1755874802.0,0.0035
2025-08-22 16:00:00,1755878413.0,0.0035
2025-08-22 17:00:00,1755882003.0,0.0035
2025-08-22 18:00:00,1755885610.0,0.0035
2025-08-22 19:00:00,1755889206.0,0.0035
2025-08-22 20:00:00,1755892807.0,0.0035
2025-08-22 21:00:00,1755896414.0,0.0035
2025-08-22 22:00:00,1755900004.0,0.0035
2025-08-22 23:00:00,1755903616.0,0.0035
2025-08-23 00:00:00,1755907211.0,0.0035
2025-08-23 01:00:00,1755910812.0,0.0035
2025-08-23 02:00:00,1755914406.0,0.0035
2025-08-23 03:00:00,1755918010.0,0.0035
2025-08-23 04:00:00,1755921613.0,0.0035
2025-08-23 05:00:00,1755925216.0,0.0035
2025-08-23 06:00:00,1755928804.0,0.0035
2025-08-23 07:00:00,1755932402.0,0.0035
2025-08-23 08:00:00,1755936002.0,0.0035
2025-08-23 09:00:00,1755939608.0,0.0035
2025-08-23 10:00:00,1755943213.0,0.0035
2025-08-23 11:00:00,1755946805.0,0.0035
2025-08-23 12:00:00,1755950415.0,0.0035
2025-08-23 13:00:00,1755954011.0,0.0035
2025-08-23 14:00:00,1755957613.0,0.0035
2025-08-23 15:00:00,1755961217.0,0.0035
2025-08-23 16:00:00,1755964815.0,0.0035
2025-08-23 17:00:00,1755968416.0,0.0035
2025-08-23 18:00:00,1755972003.0,0.0035
2025-08-23 19:00:00,1755975605.0,0.0035
2025-08-23 20:00:00,1755979213.0,0.0035
2025-08-23 21:00:00,1755982802.0,0.0035
2025-08-23 22:00:00,1755986417.0,0.0035
2025-08-23 23:00:00,1755990018.0,0.0035
2025-08-24 00:00:00,1755993605.0,0.0035
2025-08-24 01:00:00,1755997202.0,0.0035
2025-08-24 02:00:00,1756000812.0,0.0035
2025-08-24 03:00:00,1756004411.0,0.0035
2025-08-24 04:00:00,1756008013.0,0.0035
2025-08-24 05:00:00,1756011617.0,0.0035
2025-08-24 06:00:00,1756015208.0,0.0035
2025-08-24 07:00:00,1756018811.0,0.0035
2025-08-24 08:00:00,1756022416.0,0.0035
2025-08-24 09:00:00,1756026017.0,0.0035
2025-08-24 10:00:00,1756029609.0,0.0035
2025-08-24 11:00:00,1756033215.0,0.0035
2025-08-24 12:00:00,1756036813.0,0.0035
2025-08-24 13:00:00,1756040403.0,0.0035
2025-08-24 14:00:00,1756044015.0,0.0035
2025-08-24 15:00:00,1756047610.0,0.0035
2025-08-24 16:00:00,1756051206.0,0.0035
2025-08-24 17:00:00,1756054803.0,0.0025
2025-08-24 18:00:00,1756058414.0,0.0025
2025-08-24 19:00:00,1756062008.0,0.0025
2025-08-24 20:00:00,1756065603.0,0.0025
2025-08-24 21:00:00,1756069207.0,0.0025
2025-08-24 22:00:00,1756072802.0,0.0025
2025-08-24 23:00:00,1756076414.0,0.0025
2025-08-25 00:00:00,1756080002.0,0.0025
2025-08-25 01:00:00,1756083606.0,0.0025
2025-08-25 02:00:00,1756087211.0,0.0025
2025-08-25 03:00:00,1756090804.0,0.0025
2025-08-25 04:00:00,1756094414.0,0.0025
2025-08-25 05:00:00,1756098013.0,0.0025
2025-08-25 06:00:00,1756101613.0,0.0025
2025-08-25 07:00:00,1756105204.0,0.0025
2025-08-25 08:00:00,1756108804.0,0.0025
2025-08-25 09:00:00,1756112410.0,0.0025
2025-08-25 10:00:00,1756116011.0,0.0025
2025-08-25 11:00:00,1756119609.0,0.0025
2025-08-25 12:00:00,1756123218.0,0.0025
2025-08-25 13:00:00,1756126808.0,0.0025
2025-08-25 14:00:00,1756130410.0,0.0025
2025-08-25 15:00:00,1756134016.0,0.0025
2025-08-25 16:00:00,1756137613.0,0.0025
2025-08-25 17:00:00,1756141212.0,0.0025
2025-08-25 18:00:00,1756144803.0,0.0025
2025-08-25 19:00:00,1756148403.0,0.0025
2025-08-25 20:00:00,1756152013.0,0.0025
2025-08-25 21:00:00,1756155611.0,0.0025
2025-08-25 22:00:00,1756159217.0,0.0025
2025-08-25 23:00:00,1756162804.0,0.0025
2025-08-26 00:00:00,1756166402.0,0.0025
2025-08-26 01:00:00,1756170010.0,0.0025
2025-08-26 02:00:00,1756173604.0,0.0025
2025-08-26 03:00:00,1756177207.0,0.0025
2025-08-26 04:00:00,1756180813.0,0.0025
2025-08-26 05:00:00,1756184410.0,0.0025
2025-08-26 06:00:00,1756188016.0,0.0025
2025-08-26 07:00:00,1756191616.0,0.0025
2025-08-26 08:00:00,1756195202.0,0.0025
2025-08-26 09:00:00,1756198804.0,0.0025
2025-08-26 10:00:00,1756202405.0,0.0025
2025-08-26 11:00:00,1756206014.0,0.0025
2025-08-26 12:00:00,1756209611.0,0.0025
2025-08-26 13:00:00,1756213212.0,0.003
2025-08-26 14:00:00,1756216804.0,0.0025
2025-08-26 15:00:00,1756220402.0,0.0025
2025-08-26 16:00:00,1756224012.0,0.0025
2025-08-26 17:00:00,1756227613.0,0.0025
2025-08-26 18:00:00,1756231218.0,0.0025
2025-08-26 19:00:00,1756234803.0,0.0025
2025-08-26 20:00:00,1756238411.0,0.0025
2025-08-26 21:00:00,1756242018.0,0.0025
2025-08-26 22:00:00,1756245615.0,0.0025
2025-08-26 23:00:00,1756249207.0,0.0025
2025-08-27 00:00:00,1756252802.0,0.0025
2025-08-27 01:00:00,1756256414.0,0.0025
2025-08-27 02:00:00,1756260014.0,0.0025
2025-08-27 03:00:00,1756263605.0,0.0025
2025-08-27 04:00:00,1756267210.0,0.0025
2025-08-27 05:00:00,1756270802.0,0.0025
2025-08-27 06:00:00,1756274416.0,0.0025
2025-08-27 07:00:00,1756278005.0,0.0025
2025-08-27 08:00:00,1756281615.0,0.0025
2025-08-27 09:00:00,1756285205.0,0.0025
2025-08-27 10:00:00,1756288815.0,0.0025
2025-08-27 11:00:00,1756292403.0,0.0025
2025-08-27 12:00:00,1756296010.0,0.0035
2025-08-27 13:00:00,1756299605.0,0.0035
2025-08-27 14:00:00,1756303220.0,0.0035
2025-08-27 15:00:00,1756306809.0,0.0035
2025-08-27 16:00:00,1756310408.0,0.0035
2025-08-27 17:00:00,1756314010.0,0.0035
2025-08-27 18:00:00,1756317614.0,0.0035
2025-08-27 19:00:00,1756321208.0,0.0035
2025-08-27 20:00:00,1756324810.0,0.0035
2025-08-27 21:00:00,1756328407.0,0.0035
2025-08-27 22:00:00,1756332016.0,0.0035
2025-08-27 23:00:00,1756335617.0,0.0035
2025-08-28 00:00:00,1756339206.0,0.0035
2025-08-28 01:00:00,1756342807.0,0.0035
2025-08-28 02:00:00,1756346411.0,0.0035
2025-08-28 03:00:00,1756350013.0,0.0035
2025-08-28 04:00:00,1756353619.0,0.0035
2025-08-28 05:00:00,1756357209.0,0.0035
2025-08-28 06:00:00,1756360821.0,0.0035
2025-08-28 07:00:00,1756364405.0,0.0035
2025-08-28 08:00:00,1756368016.0,0.0035
2025-08-28 09:00:00,1756371608.0,0.0035
2025-08-28 10:00:00,1756375208.0,0.0035
2025-08-28 11:00:00,1756378820.0,0.0035
2025-08-28 12:00:00,1756382413.0,0.0035
2025-08-28 13:00:00,1756386006.0,0.0035
2025-08-28 14:00:00,1756389606.0,0.0035
2025-08-28 15:00:00,1756393213.0,0.0035
2025-08-28 16:00:00,1756396817.0,0.0035
2025-08-28 17:00:00,1756400414.0,0.003
2025-08-28 18:00:00,1756404011.0,0.003
2025-08-28 19:00:00,1756407607.0,0.003
2025-08-28 20:00:00,1756411216.0,0.003
2025-08-28 21:00:00,1756414815.0,0.003
2025-08-28 22:00:00,1756418419.0,0.003
2025-08-28 23:00:00,1756422016.0,0.003
2025-08-29 00:00:00,1756425615.0,0.003
2025-08-29 01:00:00,1756429208.0,0.003
2025-08-29 02:00:00,1756432816.0,0.003
2025-08-29 03:00:00,1756436410.0,0.003
2025-08-29 04:00:00,1756440005.0,0.003
2025-08-29 05:00:00,1756443616.0,0.003
2025-08-29 06:00:00,1756447221.0,0.0025
2025-08-29 07:00:00,1756450805.0,0.0025
2025-08-29 08:00:00,1756454409.0,0.0025
2025-08-29 09:00:00,1756458015.0,0.0025
2025-08-29 10:00:00,1756461619.0,0.0025
2025-08-29 11:00:00,1756465215.0,0.0025
2025-08-29 12:00:00,1756468824.0,0.0025
2025-08-29 13:00:00,1756472405.0,0.0025
2025-08-29 14:00:00,1756476018.0,0.0025
2025-08-29 15:00:00,1756479607.0,0.0025
2025-08-29 16:00:00,1756483215.0,0.0025
2025-08-29 17:00:00,1756486819.0,0.0025
2025-08-29 18:00:00,1756490409.0,0.0025
2025-08-29 19:00:00,1756494004.0,0.0025
2025-08-29 20:00:00,1756497611.0,0.0025
2025-08-29 21:00:00,1756501206.0,0.0025
2025-08-29 22:00:00,1756504810.0,0.0025
2025-08-29 23:00:00,1756508419.0,0.0025
2025-08-30 00:00:00,1756512012.0,0.0025
2025-08-30 01:00:00,1756515609.0,0.0025
2025-08-30 02:00:00,1756519213.0,0.0025
2025-08-30 03:00:00,1756522808.0,0.0025
2025-08-30 04:00:00,1756526421.0,0.0025
2025-08-30 05:00:00,1756530018.0,0.0025
2025-08-30 06:00:00,1756533617.0,0.0025
2025-08-30 07:00:00,1756537208.0,0.0025
2025-08-30 08:00:00,1756540815.0,0.0025
2025-08-30 09:00:00,1756544418.0,0.0025
2025-08-30 10:00:00,1756548013.0,0.0025
2025-08-30 11:00:00,1756551615.0,0.0025
2025-08-30 12:00:00,1756555220.0,0.0025
2025-08-30 13:00:00,1756558815.0,0.003
2025-08-30 14:00:00,1756562407.0,0.003
2025-08-30 15:00:00,1756566017.0,0.003
2025-08-30 16:00:00,1756569617.0,0.003
2025-08-30 17:00:00,1756573215.0,0.003
2025-08-30 18:00:00,1756576804.0,0.003
2025-08-30 19:00:00,1756580409.0,0.003
2025-08-30 20:00:00,1756584008.0,0.003
2025-08-30 21:00:00,1756587616.0,0.003
2025-08-30 22:00:00,1756591211.0,0.003
2025-08-30 23:00:00,1756594818.0,0.003
2025-08-31 00:00:00,1756598402.0,0.003
2025-08-31 01:00:00,1756602016.0,0.003
2025-08-31 02:00:00,1756605605.0,0.003
2025-08-31 03:00:00,1756609205.0,0.003
2025-08-31 04:00:00,1756612810.0,0.003
2025-08-31 05:00:00,1756616407.0,0.003
2025-08-31 06:00:00,1756620023.0,0.003
2025-08-31 07:00:00,1756623609.0,0.003
2025-08-31 08:00:00,1756627216.0,0.003
2025-08-31 09:00:00,1756630824.0,0.003
2025-08-31 10:00:00,1756634402.0,0.003
2025-08-31 11:00:00,1756638020.0,0.003
2025-08-31 12:00:00,1756641628.0,0.003
2025-08-31 13:00:00,1756645214.0,0.003
2025-08-31 14:00:00,1756648822.0,0.003
2025-08-31 15:00:00,1756652402.0,0.003
2025-08-31 16:00:00,1756656012.0,0.003
2025-08-31 17:00:00,1756659620.0,0.003
2025-08-31 18:00:00,1756663212.0,0.003
2025-08-31 19:00:00,1756666821.0,0.003
2025-08-31 20:00:00,1756670414.0,0.003
2025-08-31 21:00:00,1756674021.0,0.003
2025-08-31 22:00:00,1756677619.0,0.003
2025-08-31 23:00:00,1756681212.0,0.003
2025-09-01 00:00:00,1756684811.0,0.003
2025-09-01 01:00:00,1756688403.0,0.003
2025-09-01 02:00:00,1756692013.0,0.003
2025-09-01 03:00:00,1756695602.0,0.003
2025-09-01 04:00:00,1756699208.0,0.003
2025-09-01 05:00:00,1756702819.0,0.003
2025-09-01 06:00:00,1756706415.0,0.003
2025-09-01 07:00:00,1756710008.0,0.003
2025-09-01 08:00:00,1756713619.0,0.003
2025-09-01 09:00:00,1756717215.0,0.003
2025-09-01 10:00:00,1756720819.0,0.003
2025-09-01 11:00:00,1756724420.0,0.003
2025-09-01 12:00:00,1756728019.0,0.003
2025-09-01 13:00:00,1756731618.0,0.003
2025-09-01 14:00:00,1756735218.0,0.003
2025-09-01 15:00:00,1756738813.0,0.003
2025-09-01 16:00:00,1756742412.0,0.003
2025-09-01 17:00:00,1756746004.0,0.003
2025-09-01 18:00:00,1756749619.0,0.003
2025-09-01 19:00:00,1756753214.0,0.003
2025-09-01 20:00:00,1756756811.0,0.003
2025-09-01 21:00:00,1756760413.0,0.003
2025-09-01 22:00:00,1756764014.0,0.003
2025-09-01 23:00:00,1756767602.0,0.003
2025-09-02 00:00:00,1756771215.0,0.003
2025-09-02 01:00:00,1756774812.0,0.003
2025-09-02 02:00:00,1756778413.0,0.003
2025-09-02 03:00:00,1756782007.0,0.003
2025-09-02 04:00:00,1756785611.0,0.003
2025-09-02 05:00:00,1756789218.0,0.003
2025-09-02 06:00:00,1756792818.0,0.003
2025-09-02 07:00:00,1756796422.0,0.003
2025-09-02 08:00:00,1756800014.0,0.003
2025-09-02 09:00:00,1756803618.0,0.003
2025-09-02 10:00:00,1756807220.0,0.003
2025-09-02 11:00:00,1756810809.0,0.003
2025-09-02 12:00:00,1756814409.0,0.003
2025-09-02 13:00:00,1756818005.0,0.002
2025-09-02 14:00:00,1756821615.0,0.002
2025-09-02 15:00:00,1756825217.0,0.002
2025-09-02 16:00:00,1756828808.0,0.002
2025-09-02 17:00:00,1756832404.0,0.002
2025-09-02 18:00:00,1756836006.0,0.002
2025-09-02 19:00:00,1756839619.0,0.002
2025-09-02 20:00:00,1756843205.0,0.002
2025-09-02 21:00:00,1756846815.0,0.002
2025-09-02 22:00:00,1756850419.0,0.002
2025-09-02 23:00:00,1756854004.0,0.002
2025-09-03 00:00:00,1756857615.0,0.002
2025-09-03 01:00:00,1756861212.0,0.002
2025-09-03 02:00:00,1756864805.0,0.002
2025-09-03 03:00:00,1756868402.0,0.002
2025-09-03 04:00:00,1756872012.0,0.002
2025-09-03 05:00:00,1756875620.0,0.002
2025-09-03 06:00:00,1756879220.0,0.002
2025-09-03 07:00:00,1756882816.0,0.002
2025-09-03 08:00:00,1756886419.0,0.002
2025-09-03 09:00:00,1756890021.0,0.002
2025-09-03 10:00:00,1756893618.0,0.002
2025-09-03 11:00:00,1756897216.0,0.002
2025-09-03 12:00:00,1756900803.0,0.002
2025-09-03 13:00:00,1756904420.0,0.002
2025-09-03 14:00:00,1756908018.0,0.002
2025-09-03 15:00:00,1756911602.0,0.002
2025-09-03 16:00:00,1756915204.0,0.002
2025-09-03 17:00:00,1756918810.0,0.002
2025-09-03 18:00:00,1756922423.0,0.002
2025-09-03 19:00:00,1756926018.0,0.002
2025-09-03 20:00:00,1756929610.0,0.002
2025-09-03 21:00:00,1756933208.0,0.002
2025-09-03 22:00:00,1756936810.0,0.002
2025-09-03 23:00:00,1756940415.0,0.002
2025-09-04 00:00:00,1756944013.0,0.002
2025-09-04 01:00:00,1756947614.0,0.002
2025-09-04 02:00:00,1756951202.0,0.002
2025-09-04 03:00:00,1756954815.0,0.002
2025-09-04 04:00:00,1756958412.0,0.002
2025-09-04 05:00:00,1756962011.0,0.002
2025-09-04 06:00:00,1756965611.0,0.002
2025-09-04 07:00:00,1756969211.0,0.002
2025-09-04 08:00:00,1756972812.0,0.002
2025-09-04 09:00:00,1756976421.0,0.002
2025-09-04 10:00:00,1756980013.0,0.002
2025-09-04 11:00:00,1756983613.0,0.002
2025-09-04 12:00:00,1756987226.0,0.002
2025-09-04 13:00:00,1756990807.0,0.002
2025-09-04 14:00:00,1756994412.0,0.002
2025-09-04 15:00:00,1756998013.0,0.002
2025-09-04 16:00:00,1757001616.0,0.002
2025-09-04 17:00:00,1757005204.0,0.002
2025-09-04 18:00:00,1757008810.0,0.002
2025-09-04 19:00:00,1757012419.0,0.002
2025-09-04 20:00:00,1757016019.0,0.002
2025-09-04 21:00:00,1757019602.0,0.002
2025-09-04 22:00:00,1757023214.0,0.002
2025-09-04 23:00:00,1757026818.0,0.002
2025-09-05 00:00:00,1757030407.0,0.002
2025-09-05 01:00:00,1757034009.0,0.002
2025-09-05 02:00:00,1757037604.0,0.002
2025-09-05 03:00:00,1757041206.0,0.002
2025-09-05 04:00:00,1757044820.0,0.002
2025-09-05 05:00:00,1757048410.0,0.002
2025-09-05 06:00:00,1757052021.0,0.002
2025-09-05 07:00:00,1757055608.0,0.002
2025-09-05 08:00:00,1757059216.0,0.002
2025-09-05 09:00:00,1757062822.0,0.002
2025-09-05 10:00:00,1757066410.0,0.002
2025-09-05 11:00:00,1757070020.0,0.002
2025-09-05 12:00:00,1757073631.0,0.002
2025-09-05 13:00:00,1757077203.0,0.002
2025-09-05 14:00:00,1757080815.0,0.002
2025-09-05 15:00:00,1757084420.0,0.002
2025-09-05 16:00:00,1757088005.0,0.002
2025-09-05 17:00:00,1757091615.0,0.002
2025-09-05 18:00:00,1757095220.0,0.002
2025-09-05 19:00:00,1757098802.0,0.002
2025-09-05 20:00:00,1757102414.0,0.002
2025-09-05 21:00:00,1757106006.0,0.002
2025-09-05 22:00:00,1757109609.0,0.002
2025-09-05 23:00:00,1757113217.0,0.002
2025-09-06 00:00:00,1757116816.0,0.002
2025-09-06 01:00:00,1757120412.0,0.002
2025-09-06 02:00:00,1757124017.0,0.002
2025-09-06 03:00:00,1757127614.0,0.002
2025-09-06 04:00:00,1757131223.0,0.002
2025-09-06 05:00:00,1757134807.0,0.002
2025-09-06 06:00:00,1757138419.0,0.002
2025-09-06 07:00:00,1757142006.0,0.002
2025-09-06 08:00:00,1757145620.0,0.002
2025-09-06 09:00:00,1757149209.0,0.002
2025-09-06 10:00:00,1757152809.0,0.002
2025-09-06 11:00:00,1757156418.0,0.002
2025-09-06 12:00:00,1757160025.0,0.002
2025-09-06 13:00:00,1757163616.0,0.002
2025-09-06 14:00:00,1757167208.0,0.002
2025-09-06 15:00:00,1757170802.0,0.002
2025-09-06 16:00:00,1757174415.0,0.002
2025-09-06 17:00:00,1757178020.0,0.0025
2025-09-06 18:00:00,1757181620.0,0.0025
2025-09-06 19:00:00,1757185206.0,0.0025
2025-09-06 20:00:00,1757188809.0,0.0025
2025-09-06 21:00:00,1757192416.0,0.0025
2025-09-06 22:00:00,1757196016.0,0.0025
2025-09-06 23:00:00,1757199604.0,0.0025
2025-09-07 00:00:00,1757203212.0,0.0025
2025-09-07 01:00:00,1757206805.0,0.0025
2025-09-07 02:00:00,1757210405.0,0.0025
2025-09-07 03:00:00,1757214012.0,0.0025
2025-09-07 04:00:00,1757217610.0,0.0025
2025-09-07 05:00:00,1757221216.0,0.0025
2025-09-07 06:00:00,1757224824.0,0.0025
2025-09-07 07:00:00,1757228413.0,0.0025
2025-09-07 08:00:00,1757232014.0,0.0025
2025-09-07 09:00:00,1757235608.0,0.0025
2025-09-07 10:00:00,1757239224.0,0.0025
2025-09-07 11:00:00,1757242813.0,0.0025
2025-09-07 12:00:00,1757246415.0,0.0025
2025-09-07 13:00:00,1757250008.0,0.0025
2025-09-07 14:00:00,1757253609.0,0.0025
2025-09-07 15:00:00,1757257215.0,0.0025
2025-09-07 16:00:00,1757260813.0,0.0025
2025-09-07 17:00:00,1757264403.0,0.0025
2025-09-07 18:00:00,1757268008.0,0.0025
2025-09-07 19:00:00,1757271617.0,0.0025
2025-09-07 20:00:00,1757275211.0,0.0025
2025-09-07 21:00:00,1757278813.0,0.0025
2025-09-07 22:00:00,1757282408.0,0.0025
2025-09-07 23:00:00,1757286016.0,0.0025
2025-09-08 00:00:00,1757289604.0,0.0025
2025-09-08 01:00:00,1757293208.0,0.0025
2025-09-08 02:00:00,1757296813.0,0.0025
2025-09-08 03:00:00,1757300407.0,0.0025
2025-09-08 04:00:00,1757304009.0,0.0025
2025-09-08 05:00:00,1757307614.0,0.0025
2025-09-08 06:00:00,1757311207.0,0.0025
2025-09-08 07:00:00,1757314807.0,0.0025
2025-09-08 08:00:00,1757318402.0,0.0025
2025-09-08 09:00:00,1757322018.0,0.0025
2025-09-08 10:00:00,1757325610.0,0.0025
2025-09-08 11:00:00,1757329216.0,0.002
2025-09-08 12:00:00,1757332822.0,0.002
2025-09-08 13:00:00,1757336405.0,0.002
2025-09-08 14:00:00,1757340018.0,0.002
2025-09-08 15:00:00,1757343613.0,0.002
2025-09-08 16:00:00,1757347207.0,0.002
2025-09-08 17:00:00,1757350807.0,0.002
2025-09-08 18:00:00,1757354411.0,0.002
2025-09-08 19:00:00,1757358009.0,0.002
2025-09-08 20:00:00,1757361602.0,0.002
2025-09-08 21:00:00,1757365221.0,0.002
2025-09-08 22:00:00,1757368815.0,0.002
2025-09-08 23:00:00,1757372419.0,0.002
2025-09-09 00:00:00,1757376010.0,0.002
2025-09-09 01:00:00,1757379603.0,0.002
2025-09-09 02:00:00,1757383215.0,0.002
2025-09-09 03:00:00,1757386810.0,0.002
2025-09-09 04:00:00,1757390421.0,0.002
2025-09-09 05:00:00,1757394003.0,0.002
2025-09-09 06:00:00,1757397615.0,0.002
2025-09-09 07:00:00,1757401209.0,0.002
2025-09-09 08:00:00,1757404811.0,0.002
2025-09-09 09:00:00,1757408423.0,0.002
2025-09-09 10:00:00,1757412015.0,0.002
2025-09-09 11:00:00,1757415613.0,0.002
2025-09-09 12:00:00,1757419222.0,0.002
2025-09-09 13:00:00,1757422808.0,0.002
2025-09-09 14:00:00,1757426412.0,0.002
2025-09-09 15:00:00,1757430005.0,0.002
2025-09-09 16:00:00,1757433603.0,0.002
2025-09-09 17:00:00,1757437220.0,0.002
2025-09-09 18:00:00,1757440809.0,0.002
2025-09-09 19:00:00,1757444410.0,0.002
2025-09-09 20:00:00,1757448005.0,0.002
2025-09-09 21:00:00,1757451622.0,0.002
2025-09-09 22:00:00,1757455214.0,0.002
2025-09-09 23:00:00,1757458818.0,0.002
2025-09-10 00:00:00,1757462407.0,0.002
2025-09-10 01:00:00,1757466012.0,0.002
2025-09-10 02:00:00,1757469606.0,0.002
2025-09-10 03:00:00,1757473218.0,0.002
2025-09-10 04:00:00,1757476806.0,0.002
2025-09-10 05:00:00,1757480410.0,0.002
2025-09-10 06:00:00,1757484024.0,0.002
2025-09-10 07:00:00,1757487613.0,0.002
2025-09-10 08:00:00,1757491207.0,0.002
2025-09-10 09:00:00,1757494814.0,0.002
2025-09-10 10:00:00,1757498413.0,0.002
2025-09-10 11:00:00,1757502014.0,0.002
2025-09-10 12:00:00,1757505612.0,0.002
2025-09-10 13:00:00,1757509212.0,0.002
2025-09-10 14:00:00,1757512814.0,0.002
2025-09-10 15:00:00,1757516421.0,0.002
2025-09-10 16:00:00,1757520011.0,0.002
2025-09-10 17:00:00,1757523618.0,0.002
2025-09-10 18:00:00,1757527210.0,0.002
2025-09-10 19:00:00,1757530813.0,0.002
2025-09-10 20:00:00,1757534417.0,0.002
2025-09-10 21:00:00,1757538012.0,0.002
2025-09-10 22:00:00,1757541602.0,0.002
2025-09-10 23:00:00,1757545202.0,0.002
2025-09-11 00:00:00,1757548811.0,0.002
2025-09-11 01:00:00,1757552405.0,0.002
2025-09-11 02:00:00,1757556004.0,0.002
2025-09-11 03:00:00,1757559619.0,0.0015
2025-09-11 04:00:00,1757563202.0,0.0015
2025-09-11 05:00:00,1757566811.0,0.0015
2025-09-11 06:00:00,1757570405.0,0.0015
2025-09-11 07:00:00,1757574013.0,0.0015
2025-09-11 08:00:00,1757577621.0,0.0015
2025-09-11 09:00:00,1757581219.0,0.0015
2025-09-11 10:00:00,1757584804.0,0.0015
2025-09-11 11:00:00,1757588404.0,0.0015
2025-09-11 12:00:00,1757592012.0,0.0015
2025-09-11 13:00:00,1757595611.0,0.0015
2025-09-11 14:00:00,1757599215.0,0.0015
2025-09-11 15:00:00,1757602809.0,0.0015
2025-09-11 16:00:00,1757606410.0,0.0015
2025-09-11 17:00:00,1757610002.0,0.0015
2025-09-11 18:00:00,1757613619.0,0.0015
2025-09-11 19:00:00,1757617211.0,0.0015
2025-09-11 20:00:00,1757620819.0,0.0015
2025-09-11 21:00:00,1757624428.0,0.0015
2025-09-11 22:00:00,1757628012.0,0.0015
2025-09-11 23:00:00,1757631624.0,0.0015
2025-09-12 00:00:00,1757635226.0,0.0015
2025-09-12 01:00:00,1757638811.0,0.0015
2025-09-12 02:00:00,1757642419.0,0.0015
2025-09-12 03:00:00,1757646004.0,0.0015
2025-09-12 04:00:00,1757649612.0,0.0015
2025-09-12 05:00:00,1757653209.0,0.0015
2025-09-12 06:00:00,1757656829.0,0.0015
2025-09-12 07:00:00,1757660404.0,0.0015
2025-09-12 08:00:00,1757664009.0,0.0015
2025-09-12 09:00:00,1757667622.0,0.0015
2025-09-12 10:00:00,1757671212.0,0.0015
2025-09-12 11:00:00,1757674824.0,0.0015
2025-09-12 12:00:00,1757678427.0,0.0015
2025-09-12 13:00:00,1757682002.0,0.0015
2025-09-12 14:00:00,1757685608.0,0.0015
2025-09-12 15:00:00,1757689220.0,0.0015
2025-09-12 16:00:00,1757692821.0,0.0015
2025-09-12 17:00:00,1757696420.0,0.0015
2025-09-12 18:00:00,1757700011.0,0.0015
2025-09-12 19:00:00,1757703619.0,0.0015
2025-09-12 20:00:00,1757707206.0,0.0015
2025-09-12 21:00:00,1757710811.0,0.0015
2025-09-12 22:00:00,1757714421.0,0.0015
2025-09-12 23:00:00,1757718015.0,0.0015
2025-09-13 00:00:00,1757721607.0,0.0015
2025-09-13 01:00:00,1757725210.0,0.0015
2025-09-13 02:00:00,1757728812.0,0.0015
2025-09-13 03:00:00,1757732418.0,0.0015
2025-09-13 04:00:00,1757736008.0,0.0015
2025-09-13 05:00:00,1757739612.0,0.0015
2025-09-13 06:00:00,1757743209.0,0.0015
2025-09-13 07:00:00,1757746818.0,0.0015
2025-09-13 08:00:00,1757750408.0,0.0015
2025-09-13 09:00:00,1757754013.0,0.0015
2025-09-13 10:00:00,1757757619.0,0.0015
2025-09-13 11:00:00,1757761221.0,0.0015
2025-09-13 12:00:00,1757764826.0,0.0015
2025-09-13 13:00:00,1757768419.0,0.0015
2025-09-13 14:00:00,1757772006.0,0.0015
2025-09-13 15:00:00,1757775624.0,0.0015
2025-09-13 16:00:00,1757779211.0,0.0015
2025-09-13 17:00:00,1757782814.0,0.0015
2025-09-13 18:00:00,1757786416.0,0.0015
2025-09-13 19:00:00,1757790024.0,0.0015
2025-09-13 20:00:00,1757793620.0,0.0015
2025-09-13 21:00:00,1757797208.0,0.0015
2025-09-13 22:00:00,1757800817.0,0.0015
2025-09-13 23:00:00,1757804421.0,0.0015
2025-09-14 00:00:00,1757808016.0,0.0015
2025-09-14 01:00:00,1757811607.0,0.0015
2025-09-14 02:00:00,1757815213.0,0.0015
2025-09-14 03:00:00,1757818824.0,0.0015
2025-09-14 04:00:00,1757822420.0,0.0015
2025-09-14 05:00:00,1757826022.0,0.0015
2025-09-14 06:00:00,1757829604.0,0.0015
2025-09-14 07:00:00,1757833221.0,0.0015
2025-09-14 08:00:00,1757836811.0,0.0015
2025-09-14 09:00:00,1757840421.0,0.0015
2025-09-14 10:00:00,1757844005.0,0.0015
2025-09-14 11:00:00,1757847616.0,0.0015
2025-09-14 12:00:00,1757851228.0,0.0015
2025-09-14 13:00:00,1757854821.0,0.0015
2025-09-14 14:00:00,1757858412.0,0.0015
2025-09-14 15:00:00,1757862008.0,0.0015
2025-09-14 16:00:00,1757865615.0,0.0015
2025-09-14 17:00:00,1757869212.0,0.0015
2025-09-14 18:00:00,1757872819.0,0.0015
2025-09-14 19:00:00,1757876404.0,0.0015
2025-09-14 20:00:00,1757880002.0,0.0015
2025-09-14 21:00:00,1757883617.0,0.0015
2025-09-14 22:00:00,1757887219.0,0.0015
2025-09-14 23:00:00,1757890810.0,0.0015
2025-09-15 00:00:00,1757894414.0,0.0015
2025-09-15 01:00:00,1757898003.0,0.0015
2025-09-15 02:00:00,1757901607.0,0.0015
2025-09-15 03:00:00,1757905226.0,0.0015
2025-09-15 04:00:00,1757908804.0,0.0015
2025-09-15 05:00:00,1757912404.0,0.0015
2025-09-15 06:00:00,1757916006.0,0.0015
2025-09-15 07:00:00,1757919607.0,0.0015
2025-09-15 08:00:00,1757923210.0,0.0015
2025-09-15 09:00:00,1757926803.0,0.0015
2025-09-15 10:00:00,1757930410.0,0.0015
2025-09-15 11:00:00,1757934002.0,0.0015
2025-09-15 12:00:00,1757937614.0,0.0015
2025-09-15 13:00:00,1757941214.0,0.0015
2025-09-15 14:00:00,1757944815.0,0.0015
2025-09-15 15:00:00,1757948405.0,0.0015
2025-09-15 16:00:00,1757952017.0,0.0015
2025-09-15 17:00:00,1757955617.0,0.0015
2025-09-15 18:00:00,1757959210.0,0.0015
2025-09-15 19:00:00,1757962812.0,0.0015
2025-09-15 20:00:00,1757966405.0,0.0015
2025-09-15 21:00:00,1757970002.0,0.0015
2025-09-15 22:00:00,1757973610.0,0.0015
2025-09-15 23:00:00,1757977206.0,0.0015
2025-09-16 00:00:00,1757980806.0,0.0015
2025-09-16 01:00:00,1757984407.0,0.0015
2025-09-16 02:00:00,1757988014.0,0.0015
2025-09-16 03:00:00,1757991621.0,0.0015
2025-09-16 04:00:00,1757995204.0,0.0015
2025-09-16 05:00:00,1757998823.0,0.0015
2025-09-16 06:00:00,1758002421.0,0.0015
2025-09-16 07:00:00,1758006010.0,0.0015
2025-09-16 08:00:00,1758009609.0,0.0015
2025-09-16 09:00:00,1758013236.0,0.0015
2025-09-16 10:00:00,1758016824.0,0.0015
2025-09-16 11:00:00,1758020423.0,0.0015
2025-09-16 12:00:00,1758024025.0,0.0015
2025-09-16 13:00:00,1758027620.0,0.0015
2025-09-16 14:00:00,1758031219.0,0.0015
2025-09-16 15:00:00,1758034821.0,0.0015
2025-09-16 16:00:00,1758038404.0,0.0015
2025-09-16 17:00:00,1758042009.0,0.0015
2025-09-16 18:00:00,1758045630.0,0.0015
2025-09-16 19:00:00,1758049214.0,0.0015
2025-09-16 20:00:00,1758052823.0,0.0015
2025-09-16 21:00:00,1758056406.0,0.0015
2025-09-16 22:00:00,1758060019.0,0.0015
2025-09-16 23:00:00,1758063621.0,0.0015
2025-09-17 00:00:00,1758067207.0,0.0015
2025-09-17 01:00:00,1758070815.0,0.0015
2025-09-17 02:00:00,1758074414.0,0.0015
2025-09-17 03:00:00,1758078007.0,0.0015
2025-09-17 04:00:00,1758081607.0,0.0015
2025-09-17 05:00:00,1758085216.0,0.0015
2025-09-17 06:00:00,1758088813.0,0.0015
2025-09-17 07:00:00,1758092416.0,0.0015
2025-09-17 08:00:00,1758096016.0,0.0015
2025-09-17 09:00:00,1758099609.0,0.0015
2025-09-17 10:00:00,1758103222.0,0.0015
2025-09-17 11:00:00,1758106815.0,0.0015
2025-09-17 12:00:00,1758110402.0,0.0015
2025-09-17 13:00:00,1758114022.0,0.0015
2025-09-17 14:00:00,1758117607.0,0.0015
2025-09-17 15:00:00,1758121203.0,0.0015
2025-09-17 16:00:00,1758124809.0,0.0015
2025-09-17 17:00:00,1758128424.0,0.0015
2025-09-17 18:00:00,1758132251.0,0.0015
2025-09-17 19:00:00,1758135607.0,0.0015
2025-09-17 20:00:00,1758139208.0,0.0015
2025-09-17 21:00:00,1758142810.0,0.0015
2025-09-17 22:00:00,1758146406.0,0.0015
2025-09-17 23:00:00,1758150004.0,0.0015
2025-09-18 00:00:00,1758153604.0,0.0015
2025-09-18 01:00:00,1758157213.0,0.0015
2025-09-18 02:00:00,1758160810.0,0.0015
2025-09-18 03:00:00,1758164416.0,0.0015
2025-09-18 04:00:00,1758168016.0,0.0015
2025-09-18 05:00:00,1758171612.0,0.0015
2025-09-18 06:00:00,1758175220.0,0.0015
2025-09-18 07:00:00,1758178813.0,0.0015
2025-09-18 08:00:00,1758182407.0,0.0015
2025-09-18 09:00:00,1758186022.0,0.0015
2025-09-18 10:00:00,1758189606.0,0.0015
2025-09-18 11:00:00,1758193212.0,0.0015
2025-09-18 12:00:00,1758196825.0,0.0005
2025-09-18 13:00:00,1758200420.0,0.0005
2025-09-18 14:00:00,1758204019.0,0.0005
2025-09-18 15:00:00,1758207602.0,0.0005
2025-09-18 16:00:00,1758211208.0,0.0005
2025-09-18 17:00:00,1758214803.0,0.0005
2025-09-18 18:00:00,1758218404.0,0.0005
2025-09-18 19:00:00,1758222012.0,0.0005
2025-09-18 20:00:00,1758225618.0,0.0005
2025-09-18 21:00:00,1758229204.0,0.0005
2025-09-18 22:00:00,1758232805.0,0.0005
2025-09-18 23:00:00,1758236411.0,0.0005
2025-09-19 00:00:00,1758240017.0,0.0005
2025-09-19 01:00:00,1758243611.0,0.0005
2025-09-19 02:00:00,1758247204.0,0.0005
2025-09-19 03:00:00,1758250812.0,0.0005
2025-09-19 04:00:00,1758254414.0,0.0005
2025-09-19 05:00:00,1758258015.0,0.0005
2025-09-19 06:00:00,1758261615.0,0.0005
2025-09-19 07:00:00,1758265208.0,0.0005
2025-09-19 08:00:00,1758268815.0,0.0005
2025-09-19 09:00:00,1758272420.0,0.0005
2025-09-19 10:00:00,1758276003.0,0.0005
2025-09-19 11:00:00,1758279610.0,0.0005
2025-09-19 12:00:00,1758283223.0,0.0005
2025-09-19 13:00:00,1758286804.0,0.0005
2025-09-19 14:00:00,1758290408.0,0.0005
2025-09-19 15:00:00,1758294019.0,0.0005
2025-09-19 16:00:00,1758297606.0,0.0005
2025-09-19 17:00:00,1758301222.0,0.0005
2025-09-19 18:00:00,1758304827.0,0.0005
2025-09-19 19:00:00,1758308404.0,0.0005
2025-09-19 20:00:00,1758312012.0,0.0005
2025-09-19 21:00:00,1758315622.0,0.0005
2025-09-19 22:00:00,1758319214.0,0.0005
2025-09-19 23:00:00,1758322802.0,0.0005
2025-09-20 00:00:00,1758326412.0,0.0005
2025-09-20 01:00:00,1758330016.0,0.0005
2025-09-20 02:00:00,1758333606.0,0.0005
2025-09-20 03:00:00,1758337214.0,0.0005
2025-09-20 04:00:00,1758340808.0,0.0005
2025-09-20 05:00:00,1758344409.0,0.0005
2025-09-20 06:00:00,1758348002.0,0.0005
2025-09-20 07:00:00,1758351608.0,0.0005
2025-09-20 08:00:00,1758355211.0,0.0005
2025-09-20 09:00:00,1758358811.0,0.0005
2025-09-20 10:00:00,1758362406.0,0.0005
2025-09-20 11:00:00,1758366014.0,0.0005
2025-09-20 12:00:00,1758369602.0,0.0005
2025-09-20 13:00:00,1758373220.0,0.0005
2025-09-20 14:00:00,1758376818.0,0.0005
2025-09-20 15:00:00,1758380409.0,0.0005
2025-09-20 16:00:00,1758384006.0,0.0005
2025-09-20 17:00:00,1758387609.0,0.0005
2025-09-20 18:00:00,1758391220.0,0.0005
2025-09-20 19:00:00,1758394816.0,0.0005
2025-09-20 20:00:00,1758398404.0,0.0005
2025-09-20 21:00:00,1758402002.0,0.0005
2025-09-20 22:00:00,1758405602.0,0.0005
2025-09-20 23:00:00,1758409207.0,0.0005
2025-09-21 00:00:00,1758412810.0,0.0005
2025-09-21 01:00:00,1758416408.0,0.0005
2025-09-21 02:00:00,1758420014.0,0.0005
2025-09-21 03:00:00,1758423615.0,0.0005
2025-09-21 04:00:00,1758427214.0,0.0005
2025-09-21 05:00:00,1758430811.0,0.0005
2025-09-21 06:00:00,1758434407.0,0.0005
2025-09-21 07:00:00,1758438023.0,0.0005
2025-09-21 08:00:00,1758441604.0,0.0005
2025-09-21 09:00:00,1758445207.0,0.0005
2025-09-21 10:00:00,1758448806.0,0.0005
2025-09-21 11:00:00,1758452405.0,0.0005
2025-09-21 12:00:00,1758456021.0,0.0005
2025-09-21 13:00:00,1758459611.0,0.0005
2025-09-21 14:00:00,1758463222.0,0.0005
2025-09-21 15:00:00,1758466818.0,0.0005
2025-09-21 16:00:00,1758470402.0,0.0005
2025-09-21 17:00:00,1758474014.0,0.0005
2025-09-21 18:00:00,1758477602.0,0.0005
2025-09-21 19:00:00,1758481204.0,0.0005
2025-09-21 20:00:00,1758484802.0,0.0005
2025-09-21 21:00:00,1758488404.0,0.0005
2025-09-21 22:00:00,1758492005.0,0.0005
2025-09-21 23:00:00,1758495602.0,0.0005
2025-09-22 00:00:00,1758499216.0,0.0005
2025-09-22 01:00:00,1758502805.0,0.0005
2025-09-22 02:00:00,1758506417.0,0.0005
2025-09-22 03:00:00,1758510014.0,0.0005
2025-09-22 04:00:00,1758513621.0,0.0005
2025-09-22 05:00:00,1758517210.0,0.0005
2025-09-22 06:00:00,1758520821.0,0.0005
2025-09-22 07:00:00,1758524422.0,0.0005
2025-09-22 08:00:00,1758528014.0,0.0005
2025-09-22 09:00:00,1758531610.0,0.0005
2025-09-22 10:00:00,1758535216.0,0.0005
2025-09-22 11:00:00,1758538817.0,0.0005
2025-09-22 12:00:00,1758542422.0,0.0005
2025-09-22 13:00:00,1758546005.0,0.0005
2025-09-22 14:00:00,1758549611.0,0.0005
2025-09-22 15:00:00,1758553206.0,0.0005
2025-09-22 16:00:00,1758556818.0,0.0005
2025-09-22 17:00:00,1758560410.0,0.0005
2025-09-22 18:00:00,1758564006.0,0.0005
2025-09-22 19:00:00,1758567610.0,0.0005
2025-09-22 20:00:00,1758571218.0,0.0005
2025-09-22 21:00:00,1758574816.0,0.0005
2025-09-22 22:00:00,1758578412.0,0.0005
2025-09-22 23:00:00,1758582020.0,0.0005
2025-09-23 00:00:00,1758585611.0,0.0005
2025-09-23 01:00:00,1758589212.0,0.0005
2025-09-23 02:00:00,1758592815.0,0.0005
2025-09-23 03:00:00,1758596410.0,0.0005
2025-09-23 04:00:00,1758600015.0,0.0005
2025-09-23 05:00:00,1758603606.0,0.0005
2025-09-23 06:00:00,1758607202.0,0.0005
2025-09-23 07:00:00,1758610814.0,0.0005
2025-09-23 08:00:00,1758614416.0,0.0005
2025-09-23 09:00:00,1758618002.0,0.0005
2025-09-23 10:00:00,1758621603.0,0.0005
2025-09-23 11:00:00,1758625222.0,0.0005
2025-09-23 12:00:00,1758628812.0,0.0005
2025-09-23 13:00:00,1758632419.0,0.0005
2025-09-23 14:00:00,1758636007.0,0.0005
2025-09-23 15:00:00,1758639609.0,0.001
2025-09-23 16:00:00,1758643221.0,0.001
2025-09-23 17:00:00,1758646817.0,0.001
2025-09-23 18:00:00,1758650424.0,0.001
2025-09-23 19:00:00,1758654014.0,0.001
2025-09-23 20:00:00,1758657609.0,0.001
2025-09-23 21:00:00,1758661214.0,0.001
2025-09-23 22:00:00,1758664815.0,0.001
2025-09-23 23:00:00,1758668411.0,0.001
2025-09-24 00:00:00,1758672011.0,0.001
2025-09-24 01:00:00,1758675613.0,0.001
2025-09-24 02:00:00,1758679211.0,0.001
2025-09-24 03:00:00,1758682802.0,0.001
2025-09-24 04:00:00,1758686419.0,0.001
2025-09-24 05:00:00,1758690023.0,0.001
2025-09-24 06:00:00,1758693613.0,0.001
2025-09-24 07:00:00,1758697215.0,0.001
2025-09-24 08:00:00,1758700821.0,0.001
2025-09-24 09:00:00,1758704417.0,0.001
2025-09-24 10:00:00,1758708011.0,0.001
2025-09-24 11:00:00,1758711612.0,0.001
2025-09-24 12:00:00,1758715204.0,0.001
2025-09-24 13:00:00,1758718812.0,0.001
2025-09-24 14:00:00,1758722408.0,0.001
2025-09-24 15:00:00,1758726009.0,0.001
2025-09-24 16:00:00,1758729605.0,0.001
2025-09-24 17:00:00,1758733206.0,0.001
2025-09-24 18:00:00,1758736806.0,0.001
2025-09-24 19:00:00,1758740410.0,0.001
2025-09-24 20:00:00,1758744005.0,0.001
2025-09-24 21:00:00,1758747607.0,0.001
2025-09-24 22:00:00,1758751206.0,0.001
2025-09-24 23:00:00,1758754813.0,0.001
2025-09-25 00:00:00,1758758408.0,0.001
2025-09-25 01:00:00,1758762008.0,0.001
2025-09-25 02:00:00,1758765611.0,0.001
2025-09-25 03:00:00,1758769210.0,0.001
2025-09-25 04:00:00,1758772803.0,0.001
2025-09-25 05:00:00,1758776408.0,0.001
2025-09-25 06:00:00,1758780015.0,0.001
2025-09-25 07:00:00,1758783611.0,0.001
2025-09-25 08:00:00,1758787208.0,0.001
2025-09-25 09:00:00,1758790810.0,0.001
2025-09-25 10:00:00,1758794410.0,0.001
2025-09-25 11:00:00,1758798005.0,0.001
2025-09-25 12:00:00,1758801604.0,0.001
2025-09-25 13:00:00,1758805209.0,0.001
2025-09-25 14:00:00,1758808809.0,0.001
2025-09-25 15:00:00,1758812405.0,0.001
2025-09-25 16:00:00,1758816013.0,0.001
2025-09-25 17:00:00,1758819610.0,0.001
2025-09-25 18:00:00,1758823208.0,0.001
2025-09-25 19:00:00,1758826815.0,0.001
2025-09-25 20:00:00,1758830413.0,0.001
2025-09-25 21:00:00,1758834010.0,0.001
2025-09-25 22:00:00,1758837612.0,0.001
2025-09-25 23:00:00,1758841205.0,0.001
2025-09-26 00:00:00,1758844813.0,0.001
2025-09-26 01:00:00,1758848412.0,0.001
2025-09-26 02:00:00,1758852013.0,0.001
2025-09-26 03:00:00,1758855605.0,0.001
2025-09-26 04:00:00,1758859214.0,0.001
2025-09-26 05:00:00,1758862813.0,0.001
2025-09-26 06:00:00,1758866403.0,0.001
2025-09-26 07:00:00,1758870010.0,0.001
2025-09-26 08:00:00,1758873604.0,0.001
2025-09-26 09:00:00,1758877203.0,0.001
2025-09-26 10:00:00,1758880810.0,0.001
2025-09-26 11:00:00,1758884415.0,0.001
2025-09-26 12:00:00,1758888006.0,0.001
2025-09-26 13:00:00,1758891610.0,0.001
2025-09-26 14:00:00,1758895207.0,0.001
2025-09-26 15:00:00,1758898808.0,0.001
2025-09-26 16:00:00,1758902404.0,0.001
2025-09-26 17:00:00,1758906003.0,0.001
2025-09-26 18:00:00,1758909609.0,0.001
2025-09-26 19:00:00,1758913215.0,0.001
2025-09-26 20:00:00,1758916810.0,0.001
2025-09-26 21:00:00,1758920411.0,0.001
2025-09-26 22:00:00,1758924005.0,0.001
2025-09-26 23:00:00,1758927607.0,0.001
2025-09-27 00:00:00,1758931205.0,0.001
2025-09-27 01:00:00,1758934811.0,0.001
2025-09-27 02:00:00,1758938411.0,0.001
2025-09-27 03:00:00,1758942008.0,0.001
2025-09-27 04:00:00,1758945604.0,0.001
2025-09-27 05:00:00,1758949216.0,0.001
2025-09-27 06:00:00,1758952816.0,0.001
2025-09-27 07:00:00,1758956413.0,0.001
2025-09-27 08:00:00,1758960010.0,0.001
2025-09-27 09:00:00,1758963614.0,0.001
2025-09-27 10:00:00,1758967206.0,0.001
2025-09-27 11:00:00,1758970812.0,0.001
2025-09-27 12:00:00,1758974402.0,0.001
2025-09-27 13:00:00,1758978009.0,0.001
2025-09-27 14:00:00,1758981605.0,0.001
2025-09-27 15:00:00,1758985207.0,0.001
2025-09-27 16:00:00,1758988809.0,0.001
2025-09-27 17:00:00,1758992415.0,0.001
2025-09-27 18:00:00,1758996005.0,0.001
2025-09-27 19:00:00,1758999612.0,0.001
2025-09-27 20:00:00,1759003211.0,0.001
2025-09-27 21:00:00,1759006809.0,0.001
2025-09-27 22:00:00,1759010413.0,0.001
2025-09-27 23:00:00,1759014011.0,0.001
2025-09-28 00:00:00,1759017603.0,0.001
2025-09-28 01:00:00,1759021206.0,0.001
2025-09-28 02:00:00,1759024803.0,0.001
2025-09-28 03:00:00,1759028416.0,0.001
2025-09-28 04:00:00,1759032008.0,0.001
2025-09-28 05:00:00,1759035605.0,0.001
2025-09-28 06:00:00,1759039206.0,0.001
2025-09-28 07:00:00,1759042802.0,0.001
2025-09-28 08:00:00,1759046412.0,0.001
2025-09-28 09:00:00,1759050010.0,0.001
2025-09-28 10:00:00,1759053616.0,0.001
2025-09-28 11:00:00,1759057213.0,0.001
2025-09-28 12:00:00,1759060811.0,0.001
2025-09-28 13:00:00,1759064407.0,0.001
2025-09-28 14:00:00,1759068004.0,0.001
2025-09-28 15:00:00,1759071603.0,0.001
2025-09-28 16:00:00,1759075211.0,0.001
2025-09-28 17:00:00,1759078813.0,0.001
2025-09-28 18:00:00,1759082412.0,0.001
2025-09-28 19:00:00,1759086010.0,0.001
2025-09-28 20:00:00,1759089614.0,0.001
2025-09-28 21:00:00,1759093204.0,0.001
2025-09-28 22:00:00,1759096814.0,0.001
2025-09-28 23:00:00,1759100406.0,0.001
2025-09-29 00:00:00,1759104008.0,0.001
2025-09-29 01:00:00,1759107605.0,0.001
2025-09-29 02:00:00,1759111205.0,0.001
2025-09-29 03:00:00,1759114811.0,0.001
2025-09-29 04:00:00,1759118405.0,0.001
2025-09-29 05:00:00,1759122010.0,0.001
2025-09-29 06:00:00,1759125604.0,0.001
2025-09-29 07:00:00,1759129211.0,0.001
2025-09-29 08:00:00,1759132806.0,0.001
2025-09-29 09:00:00,1759136413.0,0.001
2025-09-29 10:00:00,1759140012.0,0.001
2025-09-29 11:00:00,1759143607.0,0.001
2025-09-29 12:00:00,1759147208.0,0.001
2025-09-29 13:00:00,1759150806.0,0.001
2025-09-29 14:00:00,1759154404.0,0.001
2025-09-29 15:00:00,1759158013.0,0.001
2025-09-29 16:00:00,1759161604.0,0.001
2025-09-29 17:00:00,1759165203.0,0.001
2025-09-29 18:00:00,1759168803.0,0.001
2025-09-29 19:00:00,1759172413.0,0.001
2025-09-29 20:00:00,1759176009.0,0.001
2025-09-29 21:00:00,1759179605.0,0.001
2025-09-29 22:00:00,1759183213.0,0.001
2025-09-29 23:00:00,1759186809.0,0.001
2025-09-30 00:00:00,1759190405.0,0.001
2025-09-30 01:00:00,1759194011.0,0.001
2025-09-30 02:00:00,1759197603.0,0.001
2025-09-30 03:00:00,1759201208.0,0.001
2025-09-30 04:00:00,1759204802.0,0.001
2025-09-30 05:00:00,1759208408.0,0.001
2025-09-30 06:00:00,1759212002.0,0.001
2025-09-30 07:00:00,1759215605.0,0.001
2025-09-30 08:00:00,1759219204.0,0.001
2025-09-30 09:00:00,1759222810.0,0.001
2025-09-30 10:00:00,1759226404.0,0.001
2025-09-30 11:00:00,1759230007.0,0.001
2025-09-30 12:00:00,1759233605.0,0.001
2025-09-30 13:00:00,1759237204.0,0.001
2025-09-30 14:00:00,1759240812.0,0.001
2025-09-30 15:00:00,1759244409.0,0.001
2025-09-30 16:00:00,1759248002.0,0.001
2025-09-30 17:00:00,1759251611.0,0.001
2025-09-30 18:00:00,1759255204.0,0.001
2025-09-30 19:00:00,1759258811.0,0.001
2025-09-30 20:00:00,1759262404.0,0.001
2025-09-30 21:00:00,1759266012.0,0.001
2025-09-30 22:00:00,1759269614.0,0.001
2025-09-30 23:00:00,1759273204.0,0.001
2025-10-01 00:00:00,1759276808.0,0.001
2025-10-01 01:00:00,1759280405.0,0.001
2025-10-01 02:00:00,1759284003.0,0.001
2025-10-01 03:00:00,1759287604.0,0.001
2025-10-01 04:00:00,1759291202.0,0.001
2025-10-01 05:00:00,1759294803.0,0.001
2025-10-01 06:00:00,1759298411.0,0.001
2025-10-01 07:00:00,1759302008.0,0.001
2025-10-01 08:00:00,1759305606.0,0.001
2025-10-01 09:00:00,1759309207.0,0.001
2025-10-01 10:00:00,1759312807.0,0.001
2025-10-01 11:00:00,1759316406.0,0.001
2025-10-01 12:00:00,1759320006.0,0.001
2025-10-01 13:00:00,1759323603.0,0.001
2025-10-01 14:00:00,1759327205.0,0.001
2025-10-01 15:00:00,1759330802.0,0.001
2025-10-01 16:00:00,1759334413.0,0.001
2025-10-01 17:00:00,1759338008.0,0.001
2025-10-01 18:00:00,1759341603.0,0.001
2025-10-01 19:00:00,1759345205.0,0.001
2025-10-01 20:00:00,1759348807.0,0.001
2025-10-01 21:00:00,1759352408.0,0.001
2025-10-01 22:00:00,1759356006.0,0.001
2025-10-01 23:00:00,1759359605.0,0.001
2025-10-02 00:00:00,1759363202.0,0.001
2025-10-02 01:00:00,1759366811.0,0.001
2025-10-02 02:00:00,1759370402.0,0.001
2025-10-02 03:00:00,1759374003.0,0.001
2025-10-02 04:00:00,1759377606.0,0.001
2025-10-02 05:00:00,1759381203.0,0.001
2025-10-02 06:00:00,1759384805.0,0.001
2025-10-02 07:00:00,1759388405.0,0.001
2025-10-02 08:00:00,1759392008.0,0.001
2025-10-02 09:00:00,1759395614.0,0.001
2025-10-02 10:00:00,1759399206.0,0.001
2025-10-02 11:00:00,1759402803.0,0.001
2025-10-02 12:00:00,1759406409.0,0.001
2025-10-02 13:00:00,1759410011.0,0.001
2025-10-02 14:00:00,1759413606.0,0.001
2025-10-02 15:00:00,1759417203.0,0.001
2025-10-02 16:00:00,1759420815.0,0.001
2025-10-02 17:00:00,1759424406.0,0.001
2025-10-02 18:00:00,1759428012.0,0.001
2025-10-02 19:00:00,1759431609.0,0.001
2025-10-02 20:00:00,1759435213.0,0.001
2025-10-02 21:00:00,1759438810.0,0.001
2025-10-02 22:00:00,1759442408.0,0.001
2025-10-02 23:00:00,1759446012.0,0.001
2025-10-03 00:00:00,1759449611.0,0.001
2025-10-03 01:00:00,1759453204.0,0.001
2025-10-03 02:00:00,1759456812.0,0.001
2025-10-03 03:00:00,1759460407.0,0.001
2025-10-03 04:00:00,1759464003.0,0.001
2025-10-03 05:00:00,1759467610.0,0.001
2025-10-03 06:00:00,1759471210.0,0.001
2025-10-03 07:00:00,1759474814.0,0.001
2025-10-03 08:00:00,1759478402.0,0.001
2025-10-03 09:00:00,1759482005.0,0.001
2025-10-03 10:00:00,1759485606.0,0.001
2025-10-03 11:00:00,1759489205.0,0.001
2025-10-03 12:00:00,1759492803.0,0.001
2025-10-03 13:00:00,1759496405.0,0.001
2025-10-03 14:00:00,1759500006.0,0.0015
2025-10-03 15:00:00,1759503606.0,0.0015
2025-10-03 16:00:00,1759507206.0,0.0015
2025-10-03 17:00:00,1759510806.0,0.0015
2025-10-03 18:00:00,1759514402.0,0.0015
2025-10-03 19:00:00,1759518004.0,0.0015
2025-10-03 20:00:00,1759521605.0,0.0015
2025-10-03 21:00:00,1759525210.0,0.0015
2025-10-03 22:00:00,1759528807.0,0.0015
2025-10-03 23:00:00,1759532407.0,0.0015
2025-10-04 00:00:00,1759536010.0,0.0015
2025-10-04 01:00:00,1759539608.0,0.0015
2025-10-04 02:00:00,1759543207.0,0.0015
2025-10-04 03:00:00,1759546808.0,0.0015
2025-10-04 04:00:00,1759550406.0,0.0015
2025-10-04 05:00:00,1759554006.0,0.0015
2025-10-04 06:00:00,1759557608.0,0.0015
2025-10-04 07:00:00,1759561216.0,0.0015
2025-10-04 08:00:00,1759564809.0,0.0015
2025-10-04 09:00:00,1759568405.0,0.0015
2025-10-04 10:00:00,1759572004.0,0.0015
2025-10-04 11:00:00,1759575602.0,0.0015
2025-10-04 12:00:00,1759579203.0,0.0015
2025-10-04 13:00:00,1759582803.0,0.0015
2025-10-04 14:00:00,1759586408.0,0.0015
2025-10-04 15:00:00,1759590006.0,0.0015
2025-10-04 16:00:00,1759593603.0,0.0015
2025-10-04 17:00:00,1759597203.0,0.0015
2025-10-04 18:00:00,1759600806.0,0.0015
2025-10-04 19:00:00,1759604404.0,0.0015
2025-10-04 20:00:00,1759608009.0,0.0015
2025-10-04 21:00:00,1759611607.0,0.0015
2025-10-04 22:00:00,1759615202.0,0.0015
2025-10-04 23:00:00,1759618802.0,0.0015
2025-10-05 00:00:00,1759622406.0,0.0015
2025-10-05 01:00:00,1759626006.0,0.0015
2025-10-05 02:00:00,1759629604.0,0.0015
2025-10-05 03:00:00,1759633206.0,0.0015
2025-10-05 04:00:00,1759636804.0,0.0015
2025-10-05 05:00:00,1759640407.0,0.0015
2025-10-05 06:00:00,1759644006.0,0.0015
2025-10-05 07:00:00,1759647605.0,0.0015
2025-10-05 08:00:00,1759651204.0,0.0015
2025-10-05 09:00:00,1759654804.0,0.0015
2025-10-05 10:00:00,1759658407.0,0.0015
2025-10-05 11:00:00,1759662003.0,0.0015
2025-10-05 12:00:00,1759665604.0,0.0015
2025-10-05 13:00:00,1759669202.0,0.0015
2025-10-05 14:00:00,1759672804.0,0.0015
2025-10-05 15:00:00,1759676403.0,0.001
2025-10-05 16:00:00,1759680002.0,0.001
2025-10-05 17:00:00,1759683602.0,0.001
2025-10-05 18:00:00,1759687214.0,0.001
2025-10-05 19:00:00,1759690802.0,0.001
2025-10-05 20:00:00,1759694406.0,0.001
2025-10-05 21:00:00,1759698008.0,0.001
2025-10-05 22:00:00,1759701602.0,0.001
2025-10-05 23:00:00,1759705206.0,0.001
2025-10-06 00:00:00,1759708808.0,0.001
2025-10-06 01:00:00,1759712403.0,0.001
2025-10-06 02:00:00,1759716004.0,0.001
2025-10-06 03:00:00,1759719603.0,0.001
2025-10-06 04:00:00,1759723203.0,0.001
2025-10-06 05:00:00,1759726807.0,0.001
2025-10-06 06:00:00,1759730404.0,0.001
2025-10-06 07:00:00,1759734002.0,0.001
2025-10-06 08:00:00,1759737603.0,0.001
2025-10-06 09:00:00,1759741207.0,0.001
2025-10-06 10:00:00,1759744803.0,0.001
2025-10-06 11:00:00,1759748407.0,0.001
2025-10-06 12:00:00,1759752004.0,0.001
2025-10-06 13:00:00,1759755605.0,0.001
2025-10-06 14:00:00,1759759203.0,0.001
2025-10-06 15:00:00,1759762805.0,0.001
2025-10-06 16:00:00,1759766403.0,0.001
2025-10-06 17:00:00,1759770005.0,0.001
2025-10-06 18:00:00,1759773604.0,0.001
2025-10-06 19:00:00,1759777208.0,0.001
2025-10-06 20:00:00,1759780814.0,0.001
2025-10-06 21:00:00,1759784417.0,0.001
2025-10-06 22:00:00,1759788007.0,0.001
2025-10-06 23:00:00,1759791613.0,0.001
2025-10-07 00:00:00,1759795208.0,0.001
2025-10-07 01:00:00,1759798809.0,0.001
2025-10-07 02:00:00,1759802403.0,0.001
2025-10-07 03:00:00,1759806010.0,0.001
2025-10-07 04:00:00,1759809603.0,0.001
2025-10-07 05:00:00,1759813204.0,0.001
2025-10-07 06:00:00,1759816804.0,0.001
2025-10-07 07:00:00,1759820414.0,0.001
2025-10-07 08:00:00,1759824011.0,0.001
2025-10-07 09:00:00,1759827614.0,0.001
2025-10-07 10:00:00,1759831209.0,0.001
2025-10-07 11:00:00,1759834806.0,0.001
2025-10-07 12:00:00,1759838402.0,0.001
2025-10-07 13:00:00,1759842013.0,0.001
2025-10-07 14:00:00,1759845609.0,0.001
2025-10-07 15:00:00,1759849213.0,0.001
2025-10-07 16:00:00,1759852816.0,0.001
2025-10-07 17:00:00,1759856416.0,0.001
2025-10-07 18:00:00,1759860013.0,0.001
2025-10-07 19:00:00,1759863613.0,0.001
2025-10-07 20:00:00,1759867214.0,0.001
2025-10-07 21:00:00,1759870818.0,0.001
2025-10-07 22:00:00,1759874403.0,0.001
2025-10-07 23:00:00,1759878010.0,0.001
2025-10-08 00:00:00,1759881610.0,0.001
2025-10-08 01:00:00,1759885211.0,0.001
2025-10-08 02:00:00,1759888812.0,0.001
2025-10-08 03:00:00,1759892418.0,0.001
2025-10-08 04:00:00,1759896016.0,0.001
2025-10-08 05:00:00,1759899615.0,0.001
2025-10-08 06:00:00,1759903210.0,0.001
2025-10-08 07:00:00,1759906812.0,0.001
2025-10-08 08:00:00,1759910403.0,0.001
2025-10-08 09:00:00,1759914009.0,0.001
2025-10-08 10:00:00,1759917611.0,0.001
2025-10-08 11:00:00,1759921203.0,0.001
2025-10-08 12:00:00,1759924805.0,0.001
2025-10-08 13:00:00,1759928411.0,0.001
2025-10-08 14:00:00,1759932006.0,0.001
2025-10-08 15:00:00,1759935610.0,0.001
2025-10-08 16:00:00,1759939203.0,0.001
2025-10-08 17:00:00,1759942810.0,0.001
2025-10-08 18:00:00,1759946405.0,0.001
2025-10-08 19:00:00,1759950014.0,0.001
2025-10-08 20:00:00,1759953604.0,0.001
2025-10-08 21:00:00,1759957210.0,0.001
2025-10-08 22:00:00,1759960813.0,0.001
2025-10-08 23:00:00,1759964404.0,0.001
2025-10-09 00:00:00,1759968012.0,0.001
2025-10-09 01:00:00,1759971607.0,0.001
2025-10-09 02:00:00,1759975204.0,0.001
2025-10-09 03:00:00,1759978802.0,0.001
2025-10-09 04:00:00,1759982406.0,0.001
2025-10-09 05:00:00,1759986004.0,0.001
2025-10-09 06:00:00,1759989621.0,0.001
2025-10-09 07:00:00,1759993208.0,0.001
2025-10-09 08:00:00,1759996805.0,0.001
2025-10-09 09:00:00,1760000415.0,0.001
2025-10-09 10:00:00,1760004007.0,0.001
2025-10-09 11:00:00,1760007609.0,0.001
2025-10-09 12:00:00,1760011211.0,0.001
2025-10-09 13:00:00,1760014809.0,0.001
2025-10-09 14:00:00,1760018414.0,0.001
2025-10-09 15:00:00,1760022006.0,0.001
2025-10-09 16:00:00,1760025603.0,0.001
2025-10-09 17:00:00,1760029220.0,0.001
2025-10-09 18:00:00,1760032812.0,0.001
2025-10-09 19:00:00,1760036414.0,0.001
2025-10-09 20:00:00,1760040012.0,0.001
2025-10-09 21:00:00,1760043605.0,0.001
2025-10-09 22:00:00,1760047211.0,0.001
2025-10-09 23:00:00,1760050811.0,0.001
2025-10-10 00:00:00,1760054412.0,0.001
2025-10-10 01:00:00,1760058007.0,0.001
2025-10-10 02:00:00,1760061617.0,0.001
2025-10-10 03:00:00,1760065217.0,0.001
2025-10-10 04:00:00,1760068804.0,0.001
2025-10-10 05:00:00,1760072419.0,0.001
2025-10-10 06:00:00,1760076004.0,0.001
2025-10-10 07:00:00,1760079611.0,0.001
2025-10-10 08:00:00,1760083212.0,0.001
2025-10-10 09:00:00,1760086807.0,0.001
2025-10-10 10:00:00,1760090407.0,0.001
2025-10-10 11:00:00,1760094016.0,0.001
2025-10-10 12:00:00,1760097610.0,0.0005
2025-10-10 13:00:00,1760101207.0,0.0005
2025-10-10 14:00:00,1760104804.0,0.0005
2025-10-10 15:00:00,1760108421.0,0.0005
2025-10-10 16:00:00,1760112020.0,0.0005
2025-10-10 17:00:00,1760115608.0,0.0005
2025-10-10 18:00:00,1760119216.0,0.0005
2025-10-10 19:00:00,1760122808.0,0.0005
2025-10-10 20:00:00,1760126418.0,0.0005
2025-10-10 21:00:00,1760130004.0,0.0005
2025-10-10 22:00:00,1760133614.0,0.0005
2025-10-10 23:00:00,1760137210.0,0.0005
2025-10-11 00:00:00,1760140804.0,0.0005
2025-10-11 01:00:00,1760144407.0,0.0005
2025-10-11 02:00:00,1760148012.0,0.0005
2025-10-11 03:00:00,1760151603.0,0.0005
2025-10-11 04:00:00,1760155210.0,0.0005
2025-10-11 05:00:00,1760158806.0,0.0005
2025-10-11 06:00:00,1760162421.0,0.0005
2025-10-11 07:00:00,1760166019.0,0.0005
2025-10-11 08:00:00,1760169612.0,0.0005
2025-10-11 09:00:00,1760173217.0,0.0005
2025-10-11 10:00:00,1760176810.0,0.0005
2025-10-11 11:00:00,1760180410.0,0.0005
2025-10-11 12:00:00,1760184014.0,0.0005
2025-10-11 13:00:00,1760187608.0,0.0005
2025-10-11 14:00:00,1760191214.0,0.0005
2025-10-11 15:00:00,1760194810.0,0.0005
2025-10-11 16:00:00,1760198405.0,0.0005
2025-10-11 17:00:00,1760202012.0,0.0005
2025-10-11 18:00:00,1760205608.0,0.0005
2025-10-11 19:00:00,1760209218.0,0.0005
2025-10-11 20:00:00,1760212816.0,0.0005
2025-10-11 21:00:00,1760216405.0,0.0005
2025-10-11 22:00:00,1760220010.0,0.0005
2025-10-11 23:00:00,1760223611.0,0.0005
2025-10-12 00:00:00,1760227213.0,0.0005
2025-10-12 01:00:00,1760230814.0,0.0005
2025-10-12 02:00:00,1760234417.0,0.0005
2025-10-12 03:00:00,1760238021.0,0.0005
2025-10-12 04:00:00,1760241607.0,0.0005
2025-10-12 05:00:00,1760245209.0,0.0005
2025-10-12 06:00:00,1760248812.0,0.0005
2025-10-12 07:00:00,1760252412.0,0.0005
2025-10-12 08:00:00,1760256005.0,0.0005
2025-10-12 09:00:00,1760259610.0,0.0005
2025-10-12 10:00:00,1760263204.0,0.0005
2025-10-12 11:00:00,1760266818.0,0.0005
2025-10-12 12:00:00,1760270405.0,0.0005
2025-10-12 13:00:00,1760274004.0,0.0005
2025-10-12 14:00:00,1760277612.0,0.0005
2025-10-12 15:00:00,1760281211.0,0.0005
2025-10-12 16:00:00,1760284811.0,0.0005
2025-10-12 17:00:00,1760288406.0,0.0005
2025-10-12 18:00:00,1760292002.0,0.0005
2025-10-12 19:00:00,1760295613.0,0.0005
2025-10-12 20:00:00,1760299214.0,0.0005
2025-10-12 21:00:00,1760302807.0,0.0005
2025-10-12 22:00:00,1760306414.0,0.0005
2025-10-12 23:00:00,1760310008.0,0.0005
2025-10-13 00:00:00,1760313616.0,0.0005
2025-10-13 01:00:00,1760317202.0,0.0005
2025-10-13 02:00:00,1760320810.0,0.0005
2025-10-13 03:00:00,1760324406.0,0.0005
2025-10-13 04:00:00,1760328009.0,0.0005
2025-10-13 05:00:00,1760331615.0,0.0005
2025-10-13 06:00:00,1760335210.0,0.0005
2025-10-13 07:00:00,1760338815.0,0.0005
2025-10-13 08:00:00,1760342412.0,0.0005
2025-10-13 09:00:00,1760346017.0,0.0005
2025-10-13 10:00:00,1760349609.0,0.0005
2025-10-13 11:00:00,1760353204.0,0.0005
2025-10-13 12:00:00,1760356818.0,0.0005
2025-10-13 13:00:00,1760360412.0,0.0005
2025-10-13 14:00:00,1760364005.0,0.0005
2025-10-13 15:00:00,1760367615.0,0.0005
2025-10-13 16:00:00,1760371212.0,0.0005
2025-10-13 17:00:00,1760374805.0,0.0005
2025-10-13 18:00:00,1760378415.0,0.0005
2025-10-13 19:00:00,1760382005.0,0.0005
2025-10-13 20:00:00,1760385604.0,0.0005
2025-10-13 21:00:00,1760389220.0,0.0005
2025-10-13 22:00:00,1760392813.0,0.0005
2025-10-13 23:00:00,1760396405.0,0.0005
2025-10-14 00:00:00,1760400017.0,0.0005
2025-10-14 01:00:00,1760403606.0,0.0005
2025-10-14 02:00:00,1760407207.0,0.0005
2025-10-14 03:00:00,1760410818.0,0.0005
2025-10-14 04:00:00,1760414410.0,0.0005
2025-10-14 05:00:00,1760418010.0,0.0005
2025-10-14 06:00:00,1760421612.0,0.0005
2025-10-14 07:00:00,1760425207.0,0.0005
2025-10-14 08:00:00,1760428807.0,0.0005
2025-10-14 09:00:00,1760432420.0,0.0005
2025-10-14 10:00:00,1760436012.0,0.0005
2025-10-14 11:00:00,1760439614.0,0.0005
2025-10-14 12:00:00,1760443204.0,0.0005
2025-10-14 13:00:00,1760446814.0,0.0005
2025-10-14 14:00:00,1760450413.0,0.0005
2025-10-14 15:00:00,1760454023.0,0.0005
2025-10-14 16:00:00,1760457612.0,0.0005
2025-10-14 17:00:00,1760461220.0,0.0005
2025-10-14 18:00:00,1760464813.0,0.0005
2025-10-14 19:00:00,1760468411.0,0.0005
2025-10-14 20:00:00,1760472008.0,0.0005
2025-10-14 21:00:00,1760475616.0,0.0005
2025-10-14 22:00:00,1760479203.0,0.0005
2025-10-14 23:00:00,1760482816.0,0.0005
2025-10-15 00:00:00,1760486413.0,0.0005
2025-10-15 01:00:00,1760490011.0,0.0005
2025-10-15 02:00:00,1760493605.0,0.0005
2025-10-15 03:00:00,1760497223.0,0.0005
2025-10-15 04:00:00,1760500808.0,0.0005
2025-10-15 05:00:00,1760504405.0,0.0005
2025-10-15 06:00:00,1760508010.0,0.0005
2025-10-15 07:00:00,1760511607.0,0.0005
2025-10-15 08:00:00,1760515213.0,0.0005
2025-10-15 09:00:00,1760518813.0,0.0005
2025-10-15 10:00:00,1760522408.0,0.0005
2025-10-15 11:00:00,1760526015.0,0.0005
2025-10-15 12:00:00,1760529624.0,0.0005
2025-10-15 13:00:00,1760533211.0,0.0005
2025-10-15 14:00:00,1760536813.0,0.0005
2025-10-15 15:00:00,1760540413.0,0.0005
2025-10-15 16:00:00,1760544015.0,0.0005
2025-10-15 17:00:00,1760547617.0,0.0005
2025-10-15 18:00:00,1760551214.0,0.0005
2025-10-15 19:00:00,1760554811.0,0.0005
2025-10-15 20:00:00,1760558413.0,0.0005
2025-10-15 21:00:00,1760562021.0,0.0005
2025-10-15 22:00:00,1760565617.0,0.0005
2025-10-15 23:00:00,1760569214.0,0.0005
2025-10-16 00:00:00,1760572809.0,0.0005
2025-10-16 01:00:00,1760576404.0,0.0005
2025-10-16 02:00:00,1760580014.0,0.0005
2025-10-16 03:00:00,1760583617.0,0.0005
2025-10-16 04:00:00,1760587215.0,0.0005
2025-10-16 05:00:00,1760590816.0,0.0005
2025-10-16 06:00:00,1760594407.0,0.0005
2025-10-16 07:00:00,1760598003.0,0.0005
2025-10-16 08:00:00,1760601615.0,0.0005
2025-10-16 09:00:00,1760605223.0,0.0005
2025-10-16 10:00:00,1760608813.0,0.0005
2025-10-16 11:00:00,1760612406.0,0.0005
2025-10-16 12:00:00,1760616021.0,0.0005
2025-10-16 13:00:00,1760619607.0,0.0005
2025-10-16 14:00:00,1760623215.0,0.0005
2025-10-16 15:00:00,1760626818.0,0.0005
2025-10-16 16:00:00,1760630406.0,0.0005
2025-10-16 17:00:00,1760634005.0,0.0005
2025-10-16 18:00:00,1760637614.0,0.0005
2025-10-16 19:00:00,1760641214.0,0.0005
2025-10-16 20:00:00,1760644817.0,0.0005
2025-10-16 21:00:00,1760648418.0,0.0005
2025-10-16 22:00:00,1760652004.0,0.0005
2025-10-16 23:00:00,1760655619.0,0.0005
2025-10-17 00:00:00,1760659209.0,0.0005
2025-10-17 01:00:00,1760662812.0,0.0005
2025-10-17 02:00:00,1760666414.0,0.0005
2025-10-17 03:00:00,1760670019.0,0.0005
2025-10-17 04:00:00,1760673617.0,0.0005
2025-10-17 05:00:00,1760677206.0,0.0005
2025-10-17 06:00:00,1760680823.0,0.0005
2025-10-17 07:00:00,1760684405.0,0.0005
2025-10-17 08:00:00,1760688010.0,0.0005
2025-10-17 09:00:00,1760691624.0,0.0005
2025-10-17 10:00:00,1760695214.0,0.0005
2025-10-17 11:00:00,1760698805.0,0.0005
2025-10-17 12:00:00,1760702403.0,0.0005
2025-10-17 13:00:00,1760706014.0,0.0005
2025-10-17 14:00:00,1760709613.0,0.0005
2025-10-17 15:00:00,1760713205.0,0.0005
2025-10-17 16:00:00,1760716818.0,0.0005
2025-10-17 17:00:00,1760720410.0,0.0005
2025-10-17 18:00:00,1760724020.0,0.0005
2025-10-17 19:00:00,1760727616.0,0.0005
2025-10-17 20:00:00,1760731209.0,0.0005
2025-10-17 21:00:00,1760734805.0,0.0005
2025-10-17 22:00:00,1760738408.0,0.0005
2025-10-17 23:00:00,1760742008.0,0.0005
2025-10-18 00:00:00,1760745610.0,0.0005
2025-10-18 01:00:00,1760749209.0,0.0005
2025-10-18 02:00:00,1760752807.0,0.0005
2025-10-18 03:00:00,1760756403.0,0.0005
2025-10-18 04:00:00,1760760015.0,0.0005
2025-10-18 05:00:00,1760763623.0,0.0005
2025-10-18 06:00:00,1760767203.0,0.0005
2025-10-18 07:00:00,1760770821.0,0.0005
2025-10-18 08:00:00,1760774411.0,0.0005
2025-10-18 09:00:00,1760778014.0,0.0005
2025-10-18 10:00:00,1760781621.0,0.0005
2025-10-18 11:00:00,1760785216.0,0.0005
2025-10-18 12:00:00,1760788813.0,0.0005
2025-10-18 13:00:00,1760792420.0,0.0005
2025-10-18 14:00:00,1760796018.0,0.0005
2025-10-18 15:00:00,1760799626.0,0.0005
2025-10-18 16:00:00,1760803208.0,0.0005
2025-10-18 17:00:00,1760806819.0,0.0005
2025-10-18 18:00:00,1760810411.0,0.0005
2025-10-18 19:00:00,1760814006.0,0.0005
2025-10-18 20:00:00,1760817612.0,0.0005
2025-10-18 21:00:00,1760821226.0,0.0005
2025-10-18 22:00:00,1760824811.0,0.0005
2025-10-18 23:00:00,1760828412.0,0.0005
2025-10-19 00:00:00,1760832021.0,0.0005
2025-10-19 01:00:00,1760835608.0,0.0005
2025-10-19 02:00:00,1760839216.0,0.0005
2025-10-19 03:00:00,1760842811.0,0.0005
2025-10-19 04:00:00,1760846408.0,0.0005
2025-10-19 05:00:00,1760850005.0,0.0005
2025-10-19 06:00:00,1760853616.0,0.0005
2025-10-19 07:00:00,1760857216.0,0.0005
2025-10-19 08:00:00,1760860818.0,0.0005
2025-10-19 09:00:00,1760864410.0,0.0005
2025-10-19 10:00:00,1760868016.0,0.0005
2025-10-19 11:00:00,1760871615.0,0.0005
2025-10-19 12:00:00,1760875205.0,0.0005
2025-10-19 13:00:00,1760878808.0,0.0005
2025-10-19 14:00:00,1760882416.0,0.0005
2025-10-19 15:00:00,1760886018.0,0.0005
2025-10-19 16:00:00,1760889614.0,0.0005
2025-10-19 17:00:00,1760893216.0,0.0005
2025-10-19 18:00:00,1760896810.0,0.0005
2025-10-19 19:00:00,1760900416.0,0.0005
2025-10-19 20:00:00,1760904011.0,0.0005
2025-10-19 21:00:00,1760907619.0,0.0005
2025-10-19 22:00:00,1760911213.0,0.0005
2025-10-19 23:00:00,1760914808.0,0.0005
2025-10-20 00:00:00,1760918411.0,0.0005
2025-10-20 01:00:00,1760922005.0,0.0005
2025-10-20 02:00:00,1760925610.0,0.0005
2025-10-20 03:00:00,1760929223.0,0.0005
2025-10-20 04:00:00,1760932810.0,0.0005
2025-10-20 05:00:00,1760936403.0,0.0005
2025-10-20 06:00:00,1760940009.0,0.0005
2025-10-20 07:00:00,1760943619.0,0.0005
2025-10-20 08:00:00,1760947204.0,0.0005
2025-10-20 09:00:00,1760950807.0,0.0005
2025-10-20 10:00:00,1760954407.0,0.0005
2025-10-20 11:00:00,1760958012.0,0.0005
2025-10-20 12:00:00,1760961621.0,0.0005
2025-10-20 13:00:00,1760965217.0,0.0005
2025-10-20 14:00:00,1760968813.0,0.0005
2025-10-20 15:00:00,1760972423.0,0.0005
2025-10-20 16:00:00,1760976006.0,0.0005
2025-10-20 17:00:00,1760979613.0,0.0005
2025-10-20 18:00:00,1760983214.0,0.0005
2025-10-20 19:00:00,1760986805.0,0.0005
2025-10-20 20:00:00,1760990412.0,0.0005
2025-10-20 21:00:00,1760994017.0,0.0005
2025-10-20 22:00:00,1760997610.0,0.0005
2025-10-20 23:00:00,1761001211.0,0.0005
2025-10-21 00:00:00,1761004820.0,0.0005
2025-10-21 01:00:00,1761008411.0,0.0005
2025-10-21 02:00:00,1761012003.0,0.0005
2025-10-21 03:00:00,1761015620.0,0.0005
2025-10-21 04:00:00,1761019214.0,0.0005
2025-10-21 05:00:00,1761022812.0,0.0005
2025-10-21 06:00:00,1761026412.0,0.0005
2025-10-21 07:00:00,1761030014.0,0.0005
2025-10-21 08:00:00,1761033605.0,0.0005
2025-10-21 09:00:00,1761037231.0,0.0005
2025-10-21 10:00:00,1761040805.0,0.0005
2025-10-21 11:00:00,1761044413.0,0.0005
2025-10-21 12:00:00,1761048008.0,0.0005
2025-10-21 13:00:00,1761051621.0,0.0005
2025-10-21 14:00:00,1761055210.0,0.0005
2025-10-21 15:00:00,1761058829.0,0.0005
2025-10-21 16:00:00,1761062412.0,0.0005
2025-10-21 17:00:00,1761066010.0,0.0005
2025-10-21 18:00:00,1761069606.0,0.0005
2025-10-21 19:00:00,1761073216.0,0.0005
2025-10-21 20:00:00,1761076814.0,0.0005
2025-10-21 21:00:00,1761080420.0,0.0005
2025-10-21 22:00:00,1761084009.0,0.0005
2025-10-21 23:00:00,1761087606.0,0.0005
2025-10-22 00:00:00,1761091207.0,0.0005
2025-10-22 01:00:00,1761094807.0,0.0005
2025-10-22 02:00:00,1761098405.0,0.0005
2025-10-22 03:00:00,1761102007.0,0.0005
2025-10-22 04:00:00,1761105606.0,0.0005
2025-10-22 05:00:00,1761109206.0,0.0005
2025-10-22 06:00:00,1761112806.0,0.0005
2025-10-22 07:00:00,1761116405.0,0.0005
2025-10-22 08:00:00,1761120006.0,0.0005
2025-10-22 09:00:00,1761123606.0,0.0005
2025-10-22 10:00:00,1761127207.0,0.0005
2025-10-22 11:00:00,1761130805.0,0.0005
2025-10-22 12:00:00,1761134408.0,0.0005
2025-10-22 13:00:00,1761138006.0,0.0005
2025-10-22 14:00:00,1761141607.0,0.0005
2025-10-22 15:00:00,1761145209.0,0.0005
2025-10-22 16:00:00,1761148806.0,0.0005
2025-10-22 17:00:00,1761152408.0,0.0005
2025-10-22 18:00:00,1761156010.0,0.0005
2025-10-22 19:00:00,1761159608.0,0.0005
2025-10-22 20:00:00,1761163208.0,0.0005
2025-10-22 21:00:00,1761166809.0,0.0005
2025-10-22 22:00:00,1761170408.0,0.0005
2025-10-22 23:00:00,1761174007.0,0.0005
2025-10-23 00:00:00,1761177606.0,0.0005
2025-10-23 01:00:00,1761181206.0,0.0005
2025-10-23 02:00:00,1761184806.0,0.0005
2025-10-23 03:00:00,1761188406.0,0.0005
2025-10-23 04:00:00,1761192006.0,0.0005
2025-10-23 05:00:00,1761195606.0,0.0005
2025-10-23 06:00:00,1761199207.0,0.0005
2025-10-23 07:00:00,1761202805.0,0.0005
2025-10-23 08:00:00,1761206406.0,0.0005
2025-10-23 09:00:00,1761210006.0,0.0005
2025-10-23 10:00:00,1761213606.0,0.0005
2025-10-23 11:00:00,1761217206.0,0.0005
2025-10-23 12:00:00,1761220807.0,0.0005
2025-10-23 13:00:00,1761224406.0,0.0005
2025-10-23 14:00:00,1761228035.0,0.0005
2025-10-23 15:00:00,1761231606.0,0.0005
2025-10-23 16:00:00,1761235206.0,0.0005
2025-10-23 17:00:00,1761238807.0,0.0005
2025-10-23 18:00:00,1761242407.0,0.0005
2025-10-23 19:00:00,1761246007.0,0.0005
2025-10-23 20:00:00,1761249607.0,0.0005
2025-10-23 21:00:00,1761253207.0,0.0005
2025-10-23 22:00:00,1761256807.0,0.0005
2025-10-23 23:00:00,1761260407.0,0.0005
2025-10-24 00:00:00,1761264008.0,0.0005
2025-10-24 01:00:00,1761267606.0,0.0005
2025-10-24 02:00:00,1761271207.0,0.0005
2025-10-24 03:00:00,1761274807.0,0.0005
2025-10-24 04:00:00,1761278407.0,0.0005
2025-10-24 05:00:00,1761282007.0,0.0005
2025-10-24 06:00:00,1761285608.0,0.0005
2025-10-24 07:00:00,1761289206.0,0.0005
2025-10-24 08:00:00,1761292807.0,0.0005
2025-10-24 09:00:00,1761296407.0,0.0005
2025-10-24 10:00:00,1761300007.0,0.0005
2025-10-24 11:00:00,1761303607.0,0.0005
2025-10-24 12:00:00,1761307208.0,0.0005
2025-10-24 13:00:00,1761310807.0,0.0005
2025-10-24 14:00:00,1761314407.0,0.0005
2025-10-24 15:00:00,1761318009.0,0.0005
2025-10-24 16:00:00,1761321607.0,0.0005
2025-10-24 17:00:00,1761325207.0,0.0005
2025-10-24 18:00:00,1761328808.0,0.0005
2025-10-24 19:00:00,1761332407.0,0.0005
2025-10-24 20:00:00,1761336007.0,0.0005
2025-10-24 21:00:00,1761339608.0,0.0005
2025-10-24 22:00:00,1761343207.0,0.0005
2025-10-24 23:00:00,1761346807.0,0.0005
2025-10-25 00:00:00,1761350408.0,0.0005
2025-10-25 01:00:00,1761354006.0,0.0005
2025-10-25 02:00:00,1761357606.0,0.0005
2025-10-25 03:00:00,1761361208.0,0.0005
2025-10-25 04:00:00,1761364807.0,0.0005
2025-10-25 05:00:00,1761368407.0,0.0005
2025-10-25 06:00:00,1761372008.0,0.0005
2025-10-25 07:00:00,1761375607.0,0.0005
2025-10-25 08:00:00,1761379207.0,0.0005
2025-10-25 09:00:00,1761382808.0,0.0005
2025-10-25 10:00:00,1761386407.0,0.0005
2025-10-25 11:00:00,1761390007.0,0.0005
2025-10-25 12:00:00,1761393608.0,0.0005
2025-10-25 13:00:00,1761397207.0,0.0005
2025-10-25 14:00:00,1761400807.0,0.0005
2025-10-25 15:00:00,1761404408.0,0.0005
2025-10-25 16:00:00,1761408007.0,0.0005
2025-10-25 17:00:00,1761411607.0,0.0005
2025-10-25 18:00:00,1761415208.0,0.0005
2025-10-25 19:00:00,1761418807.0,0.0005
2025-10-25 20:00:00,1761422407.0,0.0005
2025-10-25 21:00:00,1761426008.0,0.0005
2025-10-25 22:00:00,1761429607.0,0.0005
2025-10-25 23:00:00,1761433207.0,0.0005
2025-10-26 00:00:00,1761436808.0,0.0005
2025-10-26 01:00:00,1761440406.0,0.0005
2025-10-26 02:00:00,1761444006.0,0.0005
2025-10-26 03:00:00,1761447607.0,0.0005
2025-10-26 04:00:00,1761451207.0,0.0005
2025-10-26 05:00:00,1761454806.0,0.0005
2025-10-26 06:00:00,1761458407.0,0.0005
2025-10-26 07:00:00,1761462006.0,0.0005
2025-10-26 08:00:00,1761465607.0,0.0005
2025-10-26 09:00:00,1761469208.0,0.0005
2025-10-26 10:00:00,1761472807.0,0.0005
2025-10-26 11:00:00,1761476406.0,0.0005
2025-10-26 12:00:00,1761480009.0,0.0005
2025-10-26 13:00:00,1761483606.0,0.0005
2025-10-26 14:00:00,1761487207.0,0.0005
2025-10-26 15:00:00,1761490807.0,0.0005
2025-10-26 16:00:00,1761494406.0,0.0005
2025-10-26 17:00:00,1761498006.0,0.0005
2025-10-26 18:00:00,1761501608.0,0.0005
2025-10-26 19:00:00,1761505206.0,0.0005
2025-10-26 20:00:00,1761508806.0,0.0005
2025-10-26 21:00:00,1761512407.0,0.0005
2025-10-26 22:00:00,1761516007.0,0.0005
2025-10-26 23:00:00,1761519606.0,0.0005
2025-10-27 00:00:00,1761523208.0,0.0005
2025-10-27 01:00:00,1761526806.0,0.0005
2025-10-27 02:00:00,1761530407.0,0.0005
2025-10-27 03:00:00,1761534008.0,0.0005
2025-10-27 04:00:00,1761537606.0,0.0005
2025-10-27 05:00:00,1761541206.0,0.0005
2025-10-27 06:00:00,1761544807.0,0.0005
2025-10-27 07:00:00,1761548406.0,0.0005
2025-10-27 08:00:00,1761552006.0,0.0005
2025-10-27 09:00:00,1761555607.0,0.0005
2025-10-27 10:00:00,1761559206.0,0.0015
2025-10-27 11:00:00,1761562806.0,0.0015
2025-10-27 12:00:00,1761566408.0,0.0015
2025-10-27 13:00:00,1761570007.0,0.0015
2025-10-27 14:00:00,1761573606.0,0.0015
2025-10-27 15:00:00,1761577208.0,0.0015
2025-10-27 16:00:00,1761580807.0,0.0015
2025-10-27 17:00:00,1761584407.0,0.0015
2025-10-27 18:00:00,1761588007.0,0.002
2025-10-27 19:00:00,1761591606.0,0.002
2025-10-27 20:00:00,1761595207.0,0.0035
2025-10-27 21:00:00,1761598808.0,0.0035
2025-10-27 22:00:00,1761602406.0,0.0035
2025-10-27 23:00:00,1761606006.0,0.0035
2025-10-28 00:00:00,1761609608.0,0.0035
2025-10-28 01:00:00,1761613206.0,0.0035
2025-10-28 02:00:00,1761616807.0,0.0035
2025-10-28 03:00:00,1761620410.0,0.0055
2025-10-28 04:00:00,1761624009.0,0.0055
2025-10-28 05:00:00,1761627606.0,0.0055
2025-10-28 06:00:00,1761631208.0,0.0055
2025-10-28 07:00:00,1761634806.0,0.0055
2025-10-28 08:00:00,1761638406.0,0.0055
2025-10-28 09:00:00,1761642007.0,0.0055
2025-10-28 10:00:00,1761645608.0,0.005
2025-10-28 11:00:00,1761649208.0,0.005
2025-10-28 12:00:00,1761652807.0,0.005
2025-10-28 13:00:00,1761656408.0,0.005
2025-10-28 14:00:00,1761660007.0,0.005
2025-10-28 15:00:00,1761663608.0,0.003
2025-10-28 16:00:00,1761667208.0,0.002
2025-10-28 17:00:00,1761670809.0,0.002
2025-10-28 18:00:00,1761674408.0,0.002
2025-10-28 19:00:00,1761678008.0,0.002
2025-10-28 20:00:00,1761681609.0,0.002
2025-10-28 21:00:00,1761685208.0,0.002
2025-10-28 22:00:00,1761688808.0,0.002
2025-10-28 23:00:00,1761692408.0,0.002
2025-10-29 00:00:00,1761696008.0,0.002
2025-10-29 01:00:00,1761699607.0,0.002
2025-10-29 02:00:00,1761703206.0,0.002
2025-10-29 03:00:00,1761706808.0,0.002
2025-10-29 04:00:00,1761710407.0,0.002
2025-10-29 05:00:00,1761714008.0,0.002
2025-10-29 06:00:00,1761717607.0,0.002
2025-10-29 07:00:00,1761721206.0,0.002
2025-10-29 08:00:00,1761724809.0,0.002
2025-10-29 09:00:00,1761728408.0,0.002
2025-10-29 11:00:00,1761736459.0,0.002
2025-10-29 12:00:00,1761742458.0,0.002
2025-10-29 13:00:00,1761743319.0,0.002
2025-10-29 14:00:00,1761746406.0,0.002
2025-10-29 15:00:00,1761750008.0,0.002
2025-10-29 16:00:00,1761753606.0,0.002
2025-10-29 17:00:00,1761757207.0,0.002
2025-10-29 18:00:00,1761760807.0,0.002
2025-10-29 19:00:00,1761764407.0,0.002
2025-10-29 20:00:00,1761768007.0,0.002
2025-10-29 21:00:00,1761771607.0,0.002
2025-10-29 22:00:00,1761775207.0,0.002
2025-10-29 23:00:00,1761778807.0,0.002
2025-10-30 00:00:00,1761782408.0,0.002
2025-10-30 01:00:00,1761786007.0,0.002
2025-10-30 02:00:00,1761789606.0,0.002
2025-10-30 03:00:00,1761793207.0,0.002
2025-10-30 04:00:00,1761796807.0,0.002
2025-10-30 05:00:00,1761800407.0,0.002
2025-10-30 06:00:00,1761804007.0,0.002
2025-10-30 07:00:00,1761807607.0,0.002
2025-10-30 08:00:00,1761811207.0,0.002
2025-10-30 09:00:00,1761814808.0,0.002
2025-10-30 10:00:00,1761818405.0,0.002
2025-10-30 11:00:00,1761822007.0,0.002
2025-10-30 12:00:00,1761825607.0,0.002
2025-10-30 13:00:00,1761829207.0,0.002
2025-10-30 14:00:00,1761832807.0,0.002
2025-10-30 15:00:00,1761836407.0,0.002
2025-10-30 16:00:00,1761840006.0,0.002
2025-10-30 17:00:00,1761843607.0,0.002
2025-10-30 18:00:00,1761847207.0,0.002
2025-10-30 19:00:00,1761850807.0,0.002
2025-10-30 20:00:00,1761854407.0,0.002
2025-10-30 21:00:00,1761858008.0,0.002
2025-10-30 22:00:00,1761861608.0,0.002
2025-10-30 23:00:00,1761865208.0,0.002
2025-10-31 00:00:00,1761868806.0,0.002
2025-10-31 01:00:00,1761872406.0,0.002
2025-10-31 02:00:00,1761876007.0,0.002
2025-10-31 03:00:00,1761879606.0,0.002
2025-10-31 04:00:00,1761883207.0,0.002
2025-10-31 05:00:00,1761886807.0,0.002
2025-10-31 06:00:00,1761890408.0,0.002
2025-10-31 07:00:00,1761894008.0,0.002
2025-10-31 08:00:00,1761897613.0,0.002
2025-10-31 09:00:00,1761901207.0,0.002
2025-10-31 10:00:00,1761904807.0,0.002
2025-10-31 11:00:00,1761908407.0,0.002
2025-10-31 12:00:00,1761912008.0,0.002
2025-10-31 13:00:00,1761915607.0,0.002
2025-10-31 14:00:00,1761919207.0,0.002
2025-10-31 15:00:00,1761922807.0,0.002
2025-10-31 16:00:00,1761926408.0,0.002
2025-10-31 17:00:00,1761930009.0,0.002
2025-10-31 18:00:00,1761933608.0,0.002
2025-10-31 19:00:00,1761937207.0,0.002
2025-10-31 20:00:00,1761940807.0,0.002
2025-10-31 21:00:00,1761944408.0,0.002
2025-10-31 22:00:00,1761948007.0,0.002
2025-10-31 23:00:00,1761951607.0,0.002
2025-11-01 00:00:00,1761955207.0,0.002
2025-11-01 01:00:00,1761958807.0,0.002
2025-11-01 02:00:00,1761962407.0,0.0015
2025-11-01 03:00:00,1761966008.0,0.0015
2025-11-01 04:00:00,1761969607.0,0.0015
2025-11-01 05:00:00,1761973208.0,0.0015
2025-11-01 06:00:00,1761976808.0,0.0015
2025-11-01 07:00:00,1761980407.0,0.0015
2025-11-01 08:00:00,1761984007.0,0.0015
2025-11-01 09:00:00,1761987607.0,0.0015
2025-11-01 10:00:00,1761991208.0,0.0015
2025-11-01 11:00:00,1761994807.0,0.0015
2025-11-01 12:00:00,1761998409.0,0.0015
2025-11-01 13:00:00,1762002006.0,0.0015
2025-11-01 14:00:00,1762005607.0,0.0015
2025-11-01 15:00:00,1762009209.0,0.0015
2025-11-01 16:00:00,1762012808.0,0.0015
2025-11-01 17:00:00,1762016408.0,0.0015
2025-11-01 18:00:00,1762020007.0,0.0015
2025-11-01 19:00:00,1762023608.0,0.0015
2025-11-01 20:00:00,1762027208.0,0.0015
2025-11-01 21:00:00,1762030808.0,0.0015
2025-11-01 22:00:00,1762034408.0,0.0015
2025-11-01 23:00:00,1762038007.0,0.0015
2025-11-02 00:00:00,1762041607.0,0.0015
2025-11-02 01:00:00,1762045206.0,0.0015
2025-11-02 02:00:00,1762048807.0,0.0015
2025-11-02 03:00:00,1762052407.0,0.0015
2025-11-02 04:00:00,1762056007.0,0.0015
2025-11-02 05:00:00,1762059607.0,0.0015
2025-11-02 06:00:00,1762063207.0,0.0015
2025-11-02 07:00:00,1762066807.0,0.0015
2025-11-02 08:00:00,1762070407.0,0.0015
2025-11-02 09:00:00,1762074007.0,0.0015
2025-11-02 10:00:00,1762077607.0,0.0015
2025-11-02 11:00:00,1762081208.0,0.0015
2025-11-02 12:00:00,1762084807.0,0.0015
2025-11-02 13:00:00,1762088407.0,0.0015
2025-11-02 14:00:00,1762092007.0,0.0015
2025-11-02 15:00:00,1762095607.0,0.0015
2025-11-02 16:00:00,1762099207.0,0.0015
2025-11-02 17:00:00,1762102807.0,0.0015
2025-11-02 18:00:00,1762106408.0,0.0015
2025-11-02 19:00:00,1762110008.0,0.0015
2025-11-02 20:00:00,1762113607.0,0.0015
2025-11-02 21:00:00,1762117208.0,0.0015
2025-11-02 22:00:00,1762120807.0,0.0015
2025-11-02 23:00:00,1762124407.0,0.0015
2025-11-03 00:00:00,1762128006.0,0.0015
2025-11-03 01:00:00,1762131607.0,0.0015
2025-11-03 02:00:00,1762135207.0,0.0015
2025-11-03 03:00:00,1762138807.0,0.0015
2025-11-03 04:00:00,1762142407.0,0.0015
2025-11-03 05:00:00,1762146007.0,0.0015
2025-11-03 06:00:00,1762149607.0,0.0015
2025-11-03 07:00:00,1762153207.0,0.0015
2025-11-03 08:00:00,1762156807.0,0.0015
2025-11-03 09:00:00,1762160407.0,0.0015
2025-11-03 10:00:00,1762164007.0,0.0015
2025-11-03 11:00:00,1762167607.0,0.0015
2025-11-03 12:00:00,1762171207.0,0.0015
2025-11-03 13:00:00,1762174807.0,0.0015
2025-11-03 14:00:00,1762178407.0,0.0015
2025-11-03 15:00:00,1762182006.0,0.0015
2025-11-03 16:00:00,1762185607.0,0.0015
2025-11-03 17:00:00,1762189207.0,0.0015
2025-11-03 18:00:00,1762192807.0,0.0015
2025-11-03 19:00:00,1762196407.0,0.0015
2025-11-03 20:00:00,1762200007.0,0.0015
2025-11-03 21:00:00,1762203608.0,0.0015
2025-11-03 22:00:00,1762207207.0,0.0015
2025-11-03 23:00:00,1762210807.0,0.0015
2025-11-04 00:00:00,1762214407.0,0.0015
2025-11-04 01:00:00,1762218006.0,0.0015
2025-11-04 02:00:00,1762221606.0,0.0015
2025-11-04 03:00:00,1762225207.0,0.0015
2025-11-04 04:00:00,1762228807.0,0.0015
2025-11-04 05:00:00,1762232406.0,0.0015
2025-11-04 06:00:00,1762236008.0,0.0015
2025-11-04 07:00:00,1762239607.0,0.0015
2025-11-04 08:00:00,1762243207.0,0.0015
2025-11-04 09:00:00,1762246807.0,0.0015
2025-11-04 10:00:00,1762250407.0,0.0015
2025-11-04 11:00:00,1762254008.0,0.0015
2025-11-04 12:00:00,1762257609.0,0.0015
2025-11-04 13:00:00,1762261207.0,0.0015
2025-11-04 14:00:00,1762264807.0,0.0015
2025-11-04 15:00:00,1762268408.0,0.0015
2025-11-04 16:00:00,1762272007.0,0.0015
2025-11-04 17:00:00,1762275607.0,0.0015
2025-11-04 18:00:00,1762279207.0,0.0015
2025-11-04 19:00:00,1762282807.0,0.0015
2025-11-04 20:00:00,1762286407.0,0.0015
2025-11-04 21:00:00,1762290007.0,0.0015
2025-11-04 22:00:00,1762293608.0,0.0015
2025-11-04 23:00:00,1762297206.0,0.0015
2025-11-05 00:00:00,1762300807.0,0.0015
2025-11-05 01:00:00,1762304407.0,0.0015
2025-11-05 02:00:00,1762308006.0,0.0015
2025-11-05 03:00:00,1762311607.0,0.0015
2025-11-05 04:00:00,1762315206.0,0.0015
2025-11-05 05:00:00,1762318807.0,0.0015
2025-11-05 06:00:00,1762322408.0,0.0015
2025-11-05 07:00:00,1762326008.0,0.0015
2025-11-05 08:00:00,1762329608.0,0.002
2025-11-05 09:00:00,1762333208.0,0.002
2025-11-05 10:00:00,1762336807.0,0.002
2025-11-05 11:00:00,1762340408.0,0.002
2025-11-05 12:00:00,1762344008.0,0.002
2025-11-05 13:00:00,1762347607.0,0.002
2025-11-05 14:00:00,1762351208.0,0.002
2025-11-05 15:00:00,1762354808.0,0.002
2025-11-05 16:00:00,1762358407.0,0.002
2025-11-05 17:00:00,1762362007.0,0.002
2025-11-05 18:00:00,1762365607.0,0.002
2025-11-05 19:00:00,1762369207.0,0.002
2025-11-05 20:00:00,1762372807.0,0.002
2025-11-05 21:00:00,1762376407.0,0.002
2025-11-05 22:00:00,1762380007.0,0.002
2025-11-05 23:00:00,1762383607.0,0.002
2025-11-06 00:00:00,1762387205.0,0.002
2025-11-06 01:00:00,1762390806.0,0.002
2025-11-06 02:00:00,1762394406.0,0.002
2025-11-06 03:00:00,1762398007.0,0.002
2025-11-06 04:00:00,1762401607.0,0.002
2025-11-06 05:00:00,1762405206.0,0.002
2025-11-06 06:00:00,1762408807.0,0.002
2025-11-06 07:00:00,1762412407.0,0.002
2025-11-06 08:00:00,1762416006.0,0.002
2025-11-06 09:00:00,1762419607.0,0.002
2025-11-06 10:00:00,1762423205.0,0.002
2025-11-06 11:00:00,1762426806.0,0.002
2025-11-06 12:00:00,1762430408.0,0.002
2025-11-06 13:00:00,1762434006.0,0.002
2025-11-06 14:00:00,1762437606.0,0.002
2025-11-06 15:00:00,1762441207.0,0.002
2025-11-06 16:00:00,1762444807.0,0.002
2025-11-06 17:00:00,1762448407.0,0.002
2025-11-06 18:00:00,1762452008.0,0.002
2025-11-06 19:00:00,1762455607.0,0.002
2025-11-06 20:00:00,1762459209.0,0.002
2025-11-06 21:00:00,1762462809.0,0.002
2025-11-06 22:00:00,1762466407.0,0.002
2025-11-06 23:00:00,1762470007.0,0.002
2025-11-07 00:00:00,1762473607.0,0.002
2025-11-07 01:00:00,1762477206.0,0.002
2025-11-07 02:00:00,1762480810.0,0.002
2025-11-07 03:00:00,1762484408.0,0.002
2025-11-07 04:00:00,1762488007.0,0.002
2025-11-07 05:00:00,1762491609.0,0.002
2025-11-07 06:00:00,1762495210.0,0.002
2025-11-07 07:00:00,1762498807.0,0.002
2025-11-07 08:00:00,1762502406.0,0.002
2025-11-07 09:00:00,1762506007.0,0.002
2025-11-07 10:00:00,1762509607.0,0.002
2025-11-07 11:00:00,1762513206.0,0.002
2025-11-07 12:00:00,1762516809.0,0.002
2025-11-07 13:00:00,1762520409.0,0.002
2025-11-07 14:00:00,1762524009.0,0.002
2025-11-07 15:00:00,1762527618.0,0.002
2025-11-07 16:00:00,1762531208.0,0.002
2025-11-07 17:00:00,1762534824.0,0.002
2025-11-07 18:00:00,1762538410.0,0.002
2025-11-07 19:00:00,1762542010.0,0.002
2025-11-07 20:00:00,1762545620.0,0.002
2025-11-07 21:00:00,1762549208.0,0.002
2025-11-07 22:00:00,1762552807.0,0.002
2025-11-07 23:00:00,1762556423.0,0.002
2025-11-08 00:00:00,1762560007.0,0.002
2025-11-08 01:00:00,1762563607.0,0.002
2025-11-08 02:00:00,1762567206.0,0.002
2025-11-08 03:00:00,1762570808.0,0.002
2025-11-08 04:00:00,1762574408.0,0.002
2025-11-08 05:00:00,1762578006.0,0.002
2025-11-08 06:00:00,1762581608.0,0.002
2025-11-08 07:00:00,1762585208.0,0.002
2025-11-08 08:00:00,1762588806.0,0.002
2025-11-08 09:00:00,1762592407.0,0.002
2025-11-08 10:00:00,1762596007.0,0.002
2025-11-08 11:00:00,1762599619.0,0.002
2025-11-08 12:00:00,1762603222.0,0.002
2025-11-08 13:00:00,1762606808.0,0.002
2025-11-08 14:00:00,1762610407.0,0.002
2025-11-08 15:00:00,1762614008.0,0.002
2025-11-08 16:00:00,1762617607.0,0.002
2025-11-08 17:00:00,1762621208.0,0.002
2025-11-08 18:00:00,1762624808.0,0.002
2025-11-08 19:00:00,1762628408.0,0.002
2025-11-08 20:00:00,1762632007.0,0.002
2025-11-08 21:00:00,1762635608.0,0.002
2025-11-08 22:00:00,1762639208.0,0.002
2025-11-08 23:00:00,1762642807.0,0.002
2025-11-09 00:00:00,1762646420.0,0.002
2025-11-09 01:00:00,1762650007.0,0.002
2025-11-09 02:00:00,1762653607.0,0.002
2025-11-09 03:00:00,1762657207.0,0.002
2025-11-09 04:00:00,1762660819.0,0.002
2025-11-09 05:00:00,1762664407.0,0.002
2025-11-09 06:00:00,1762668007.0,0.002
2025-11-09 07:00:00,1762671607.0,0.002
2025-11-09 08:00:00,1762675207.0,0.002
2025-11-09 09:00:00,1762678807.0,0.002
2025-11-09 10:00:00,1762682406.0,0.002
2025-11-09 11:00:00,1762686007.0,0.002
2025-11-09 12:00:00,1762689607.0,0.002
2025-11-09 13:00:00,1762693207.0,0.002
2025-11-09 14:00:00,1762696806.0,0.002
2025-11-09 15:00:00,1762700407.0,0.002
2025-11-09 16:00:00,1762704007.0,0.002
2025-11-09 17:00:00,1762707607.0,0.002
2025-11-09 18:00:00,1762711207.0,0.002
2025-11-09 19:00:00,1762714806.0,0.002
2025-11-09 20:00:00,1762718406.0,0.002
2025-11-09 21:00:00,1762722007.0,0.002
2025-11-09 22:00:00,1762725607.0,0.002
2025-11-09 23:00:00,1762729207.0,0.002
2025-11-10 00:00:00,1762732806.0,0.002
2025-11-10 01:00:00,1762736418.0,0.002
2025-11-10 02:00:00,1762740006.0,0.002
2025-11-10 03:00:00,1762743606.0,0.002
2025-11-10 04:00:00,1762747208.0,0.002
2025-11-10 05:00:00,1762750808.0,0.002
2025-11-10 06:00:00,1762754408.0,0.002
2025-11-10 07:00:00,1762758006.0,0.002
2025-11-10 08:00:00,1762761607.0,0.002
2025-11-10 09:00:00,1762765218.0,0.002
2025-11-10 10:00:00,1762768808.0,0.002
2025-11-10 11:00:00,1762772406.0,0.002
2025-11-10 12:00:00,1762776008.0,0.002
2025-11-10 13:00:00,1762779608.0,0.002
2025-11-10 14:00:00,1762783207.0,0.002
2025-11-10 15:00:00,1762786809.0,0.002
2025-11-10 16:00:00,1762790409.0,0.002
2025-11-10 17:00:00,1762794007.0,0.0015
2025-11-10 18:00:00,1762797608.0,0.0015
2025-11-10 19:00:00,1762801207.0,0.0015
2025-11-10 20:00:00,1762804807.0,0.0015
2025-11-10 21:00:00,1762808407.0,0.0015
2025-11-10 22:00:00,1762812007.0,0.002
2025-11-10 23:00:00,1762815607.0,0.002
2025-11-11 00:00:00,1762819209.0,0.002
2025-11-11 01:00:00,1762822808.0,0.002
2025-11-11 02:00:00,1762826409.0,0.002
2025-11-11 03:00:00,1762830009.0,0.002
2025-11-11 04:00:00,1762833610.0,0.002
2025-11-11 05:00:00,1762837207.0,0.002
2025-11-11 06:00:00,1762840814.0,0.002
2025-11-11 07:00:00,1762844408.0,0.002
2025-11-11 08:00:00,1762848020.0,0.002
2025-11-11 09:00:00,1762851607.0,0.002
2025-11-11 10:00:00,1762855209.0,0.002
2025-11-11 11:00:00,1762858822.0,0.002
2025-11-11 12:00:00,1762862422.0,0.002
2025-11-11 13:00:00,1762866006.0,0.002
2025-11-11 14:00:00,1762869608.0,0.002
2025-11-11 15:00:00,1762873222.0,0.002
2025-11-11 16:00:00,1762876807.0,0.002
2025-11-11 17:00:00,1762880408.0,0.002
2025-11-11 18:00:00,1762884008.0,0.002
2025-11-11 19:00:00,1762887607.0,0.0015
2025-11-11 20:00:00,1762891209.0,0.0015
2025-11-11 21:00:00,1762894809.0,0.0015
2025-11-11 22:00:00,1762898407.0,0.002
2025-11-11 23:00:00,1762902008.0,0.002
2025-11-12 00:00:00,1762905609.0,0.002
2025-11-12 01:00:00,1762909207.0,0.002
2025-11-12 02:00:00,1762912806.0,0.002
2025-11-12 03:00:00,1762916408.0,0.002
2025-11-12 04:00:00,1762920009.0,0.002
2025-11-12 05:00:00,1762923607.0,0.002
2025-11-12 06:00:00,1762927210.0,0.002
2025-11-12 07:00:00,1762930810.0,0.002
2025-11-12 08:00:00,1762934407.0,0.002
2025-11-12 09:00:00,1762938008.0,0.002
2025-11-12 10:00:00,1762941606.0,0.002
2025-11-12 11:00:00,1762945207.0,0.002
2025-11-12 12:00:00,1762948808.0,0.002
2025-11-12 13:00:00,1762952407.0,0.002
2025-11-12 14:00:00,1762956008.0,0.002
2025-11-12 15:00:00,1762959607.0,0.002
2025-11-12 16:00:00,1762963208.0,0.002
2025-11-12 17:00:00,1762966822.0,0.002
2025-11-12 18:00:00,1762970409.0,0.002
2025-11-12 19:00:00,1762974008.0,0.002
2025-11-12 20:00:00,1762977608.0,0.002
2025-11-12 21:00:00,1762981209.0,0.002
2025-11-12 22:00:00,1762984807.0,0.002
2025-11-12 23:00:00,1762988408.0,0.002
2025-11-13 00:00:00,1762992007.0,0.002
2025-11-13 01:00:00,1762995607.0,0.002
2025-11-13 02:00:00,1762999205.0,0.002
2025-11-13 03:00:00,1763002808.0,0.002
2025-11-13 04:00:00,1763006408.0,0.002
2025-11-13 05:00:00,1763010008.0,0.002
2025-11-13 06:00:00,1763013609.0,0.002
2025-11-13 07:00:00,1763017208.0,0.002
2025-11-13 08:00:00,1763020808.0,0.002
2025-11-13 09:00:00,1763024409.0,0.002
2025-11-13 10:00:00,1763028006.0,0.002
2025-11-13 11:00:00,1763031608.0,0.002
2025-11-13 12:00:00,1763035208.0,0.002
2025-11-13 13:00:00,1763038807.0,0.002
2025-11-13 14:00:00,1763042408.0,0.002
2025-11-13 15:00:00,1763046009.0,0.002
2025-11-13 16:00:00,1763049609.0,0.002
2025-11-13 17:00:00,1763053212.0,0.002
2025-11-13 18:00:00,1763056810.0,0.002
2025-11-13 19:00:00,1763060423.0,0.002
2025-11-13 20:00:00,1763064009.0,0.002
2025-11-13 21:00:00,1763067609.0,0.002
2025-11-13 22:00:00,1763071208.0,0.002
2025-11-13 23:00:00,1763074809.0,0.002
2025-11-14 00:00:00,1763078408.0,0.002
2025-11-14 01:00:00,1763082007.0,0.002
2025-11-14 02:00:00,1763085608.0,0.002
2025-11-14 03:00:00,1763089208.0,0.002
2025-11-14 04:00:00,1763092809.0,0.002
2025-11-14 05:00:00,1763096408.0,0.002
2025-11-14 06:00:00,1763100009.0,0.002
2025-11-14 07:00:00,1763103609.0,0.002
2025-11-14 08:00:00,1763107208.0,0.002
2025-11-14 09:00:00,1763110807.0,0.002
2025-11-14 10:00:00,1763114408.0,0.002
2025-11-14 11:00:00,1763118009.0,0.002
2025-11-14 12:00:00,1763121610.0,0.002
2025-11-14 13:00:00,1763125221.0,0.002
2025-11-14 14:00:00,1763128809.0,0.002
2025-11-14 15:00:00,1763132407.0,0.002
2025-11-14 16:00:00,1763136008.0,0.002
2025-11-14 17:00:00,1763139609.0,0.002
2025-11-14 18:00:00,1763143209.0,0.002
2025-11-14 19:00:00,1763146809.0,0.002
2025-11-14 20:00:00,1763150409.0,0.002
2025-11-14 21:00:00,1763154021.0,0.002
2025-11-14 22:00:00,1763157609.0,0.002
2025-11-14 23:00:00,1763161208.0,0.002
2025-11-15 00:00:00,1763164808.0,0.002
2025-11-15 01:00:00,1763168408.0,0.002
2025-11-15 02:00:00,1763172008.0,0.002
2025-11-15 03:00:00,1763175609.0,0.002
2025-11-15 04:00:00,1763179208.0,0.002
2025-11-15 05:00:00,1763182808.0,0.002
2025-11-15 06:00:00,1763186409.0,0.002
2025-11-15 07:00:00,1763190009.0,0.002
2025-11-15 08:00:00,1763193608.0,0.002
2025-11-15 09:00:00,1763197209.0,0.002
2025-11-15 10:00:00,1763200809.0,0.002
2025-11-15 11:00:00,1763204408.0,0.002
2025-11-15 12:00:00,1763208010.0,0.002
2025-11-15 13:00:00,1763211609.0,0.002
2025-11-15 14:00:00,1763215209.0,0.002
2025-11-15 15:00:00,1763218809.0,0.002
2025-11-15 16:00:00,1763222408.0,0.002
2025-11-15 17:00:00,1763226009.0,0.002
2025-11-15 18:00:00,1763229609.0,0.002
2025-11-15 19:00:00,1763233210.0,0.002
2025-11-15 20:00:00,1763236809.0,0.002
2025-11-15 21:00:00,1763240409.0,0.002
2025-11-15 22:00:00,1763244009.0,0.002
2025-11-15 23:00:00,1763247608.0,0.002
2025-11-16 00:00:00,1763251207.0,0.002
2025-11-16 01:00:00,1763254818.0,0.002
2025-11-16 02:00:00,1763258407.0,0.002
2025-11-16 03:00:00,1763262008.0,0.002
2025-11-16 04:00:00,1763265607.0,0.002
2025-11-16 05:00:00,1763269207.0,0.002
2025-11-16 06:00:00,1763272808.0,0.002
2025-11-16 07:00:00,1763276408.0,0.002
2025-11-16 08:00:00,1763280008.0,0.002
2025-11-16 09:00:00,1763283608.0,0.002
2025-11-16 10:00:00,1763287208.0,0.002
2025-11-16 11:00:00,1763290808.0,0.002
2025-11-16 12:00:00,1763294409.0,0.002
2025-11-16 13:00:00,1763298008.0,0.002
2025-11-16 14:00:00,1763301608.0,0.002
2025-11-16 15:00:00,1763305209.0,0.002
2025-11-16 16:00:00,1763308808.0,0.002
2025-11-16 17:00:00,1763312409.0,0.002
2025-11-16 18:00:00,1763316012.0,0.002
2025-11-16 19:00:00,1763319607.0,0.002
2025-11-16 20:00:00,1763323209.0,0.002
2025-11-16 21:00:00,1763326810.0,0.002
2025-11-16 22:00:00,1763330408.0,0.002
2025-11-16 23:00:00,1763334007.0,0.002
2025-11-17 00:00:00,1763337607.0,0.002
2025-11-17 01:00:00,1763341207.0,0.002
2025-11-17 02:00:00,1763344807.0,0.002
2025-11-17 03:00:00,1763348407.0,0.002
2025-11-17 04:00:00,1763352007.0,0.002
2025-11-17 05:00:00,1763355607.0,0.002
2025-11-17 06:00:00,1763359208.0,0.002
2025-11-17 07:00:00,1763362809.0,0.002
2025-11-17 08:00:00,1763366422.0,0.002
2025-11-17 09:00:00,1763370026.0,0.002
2025-11-17 10:00:00,1763373611.0,0.002
2025-11-17 11:00:00,1763377208.0,0.002
2025-11-17 12:00:00,1763380808.0,0.002
2025-11-17 13:00:00,1763384408.0,0.002
2025-11-17 14:00:00,1763388006.0,0.002
2025-11-17 15:00:00,1763391623.0,0.002
2025-11-17 16:00:00,1763395207.0,0.002
2025-11-17 17:00:00,1763398809.0,0.002
2025-11-17 18:00:00,1763402409.0,0.0015
2025-11-17 19:00:00,1763406010.0,0.0015
2025-11-17 20:00:00,1763409609.0,0.0015
2025-11-17 21:00:00,1763413209.0,0.0015
2025-11-17 22:00:00,1763416811.0,0.0015
2025-11-17 23:00:00,1763420411.0,0.0015
2025-11-18 00:00:00,1763424007.0,0.0015
2025-11-18 01:00:00,1763427607.0,0.0015
2025-11-18 02:00:00,1763431207.0,0.0015
2025-11-18 03:00:00,1763434808.0,0.0015
2025-11-18 04:00:00,1763438408.0,0.0015
2025-11-18 05:00:00,1763442007.0,0.0015
2025-11-18 06:00:00,1763445607.0,0.0015
2025-11-18 07:00:00,1763449208.0,0.0015
2025-11-18 08:00:00,1763452808.0,0.0015
2025-11-18 09:00:00,1763456408.0,0.0015
2025-11-18 10:00:00,1763460008.0,0.0015
2025-11-18 11:00:00,1763463606.0,0.0015
2025-11-18 12:00:00,1763467208.0,0.0015
2025-11-18 13:00:00,1763470810.0,0.0015
2025-11-18 14:00:00,1763474408.0,0.0015
2025-11-18 15:00:00,1763478008.0,0.0015
2025-11-18 16:00:00,1763481609.0,0.0015
2025-11-18 17:00:00,1763485209.0,0.0015
2025-11-18 18:00:00,1763488808.0,0.0015
2025-11-18 19:00:00,1763492409.0,0.0015
2025-11-18 20:00:00,1763496009.0,0.0015
2025-11-18 21:00:00,1763499610.0,0.0015
2025-11-18 22:00:00,1763503209.0,0.0015
2025-11-18 23:00:00,1763506824.0,0.0015
2025-11-19 00:00:00,1763510409.0,0.0015
2025-11-19 01:00:00,1763514009.0,0.0015
2025-11-19 02:00:00,1763517609.0,0.0015
2025-11-19 03:00:00,1763521209.0,0.0015
2025-11-19 04:00:00,1763524808.0,0.0015
2025-11-19 05:00:00,1763528409.0,0.0015
2025-11-19 06:00:00,1763532009.0,0.0015
2025-11-19 07:00:00,1763535608.0,0.0015
2025-11-19 08:00:00,1763539209.0,0.0015
2025-11-19 09:00:00,1763542809.0,0.0015
2025-11-19 10:00:00,1763546409.0,0.0015
2025-11-19 11:00:00,1763550009.0,0.001
2025-11-19 12:00:00,1763553610.0,0.001
2025-11-19 13:00:00,1763557208.0,0.001
2025-11-19 14:00:00,1763560821.0,0.001
2025-11-19 15:00:00,1763564409.0,0.001
2025-11-19 16:00:00,1763568021.0,0.001
2025-11-19 17:00:00,1763571609.0,0.001
2025-11-19 18:00:00,1763575216.0,0.001
2025-11-19 19:00:00,1763578809.0,0.001
2025-11-19 20:00:00,1763582408.0,0.001
2025-11-19 21:00:00,1763586009.0,0.001
2025-11-19 22:00:00,1763589608.0,0.001
2025-11-19 23:00:00,1763593224.0,0.0005
2025-11-20 00:00:00,1763596807.0,0.0005
2025-11-20 01:00:00,1763600407.0,0.0005
2025-11-20 02:00:00,1763604008.0,0.0005
2025-11-20 03:00:00,1763607608.0,0.0005
2025-11-20 04:00:00,1763611209.0,0.0005
2025-11-20 05:00:00,1763614808.0,0.0005
2025-11-20 06:00:00,1763618409.0,0.0005
2025-11-20 07:00:00,1763622015.0,0.0005
2025-11-20 08:00:00,1763625608.0,0.0005
2025-11-20 09:00:00,1763629209.0,0.0005
2025-11-20 10:00:00,1763632807.0,0.0005
2025-11-20 11:00:00,1763636408.0,0.0005
2025-11-20 12:00:00,1763640007.0,0.0015
2025-11-20 13:00:00,1763643606.0,0.0015
2025-11-20 14:00:00,1763647206.0,0.0015
2025-11-20 15:00:00,1763650806.0,0.0015
2025-11-20 16:00:00,1763654406.0,0.001
2025-11-20 17:00:00,1763658007.0,0.001
2025-11-20 18:00:00,1763661607.0,0.001
2025-11-20 19:00:00,1763665206.0,0.001
2025-11-20 20:00:00,1763668808.0,0.001
2025-11-20 21:00:00,1763672408.0,0.001
2025-11-20 22:00:00,1763676021.0,0.001
2025-11-20 23:00:00,1763679608.0,0.001
2025-11-21 00:00:00,1763683209.0,0.0025
2025-11-21 01:00:00,1763686806.0,0.002
2025-11-21 02:00:00,1763690406.0,0.0025
2025-11-21 03:00:00,1763694007.0,0.0025
2025-11-21 04:00:00,1763697620.0,0.0025
2025-11-21 05:00:00,1763701212.0,0.0025
2025-11-21 06:00:00,1763704807.0,0.0025
2025-11-21 07:00:00,1763708407.0,0.0025
2025-11-21 08:00:00,1763712006.0,0.0025
2025-11-21 09:00:00,1763715606.0,0.0025
2025-11-21 10:00:00,1763719206.0,0.0025
2025-11-21 11:00:00,1763722807.0,0.0025
2025-11-21 12:00:00,1763726407.0,0.0025
2025-11-21 13:00:00,1763730020.0,0.0025
2025-11-21 14:00:00,1763733607.0,0.0025
2025-11-21 15:00:00,1763737207.0,0.0025
2025-11-21 16:00:00,1763740808.0,0.0025
2025-11-21 17:00:00,1763744410.0,0.0025
2025-11-21 18:00:00,1763748007.0,0.0025
2025-11-21 19:00:00,1763751607.0,0.0025
2025-11-21 20:00:00,1763755208.0,0.0025
2025-11-21 21:00:00,1763758807.0,0.0025
2025-11-21 22:00:00,1763762407.0,0.0025
2025-11-21 23:00:00,1763766013.0,0.0025
2025-11-22 00:00:00,1763769608.0,0.0025
2025-11-22 01:00:00,1763773206.0,0.0025
2025-11-22 02:00:00,1763776806.0,0.0025
2025-11-22 03:00:00,1763780407.0,0.0025
2025-11-22 04:00:00,1763784022.0,0.0025
2025-11-22 05:00:00,1763787613.0,0.0025
2025-11-22 06:00:00,1763791210.0,0.0025
2025-11-22 07:00:00,1763794806.0,0.0025
2025-11-22 08:00:00,1763798406.0,0.0025
2025-11-22 09:00:00,1763802008.0,0.0025
2025-11-22 10:00:00,1763805607.0,0.0025
2025-11-22 11:00:00,1763809207.0,0.0025
2025-11-22 12:00:00,1763812808.0,0.0025
2025-11-22 13:00:00,1763816419.0,0.006
2025-11-22 14:00:00,1763820007.0,0.0065
2025-11-22 15:00:00,1763823606.0,0.006
2025-11-22 16:00:00,1763827207.0,0.006
2025-11-22 17:00:00,1763830810.0,0.006
2025-11-22 18:00:00,1763834406.0,0.006
2025-11-22 19:00:00,1763838006.0,0.006
2025-11-22 20:00:00,1763841607.0,0.006
2025-11-22 21:00:00,1763845208.0,0.0055
2025-11-22 22:00:00,1763848806.0,0.0055
2025-11-22 23:00:00,1763852407.0,0.0055
2025-11-23 00:00:00,1763856008.0,0.0055
2025-11-23 01:00:00,1763859619.0,0.0045
2025-11-23 02:00:00,1763863207.0,0.0055
2025-11-23 03:00:00,1763866808.0,0.006
2025-11-23 04:00:00,1763870406.0,0.006
2025-11-23 05:00:00,1763874006.0,0.0055
2025-11-23 06:00:00,1763877608.0,0.006
2025-11-23 07:00:00,1763881206.0,0.006
2025-11-23 08:00:00,1763884806.0,0.006
2025-11-23 09:00:00,1763888407.0,0.0055
2025-11-23 10:00:00,1763892006.0,0.0045
2025-11-23 11:00:00,1763895606.0,0.0035
2025-11-23 12:00:00,1763899207.0,0.0035
2025-11-23 13:00:00,1763902806.0,0.0035
2025-11-23 14:00:00,1763906407.0,0.0035
2025-11-23 15:00:00,1763910006.0,0.0035
2025-11-23 16:00:00,1763913606.0,0.0035
2025-11-23 17:00:00,1763917215.0,0.0035
2025-11-23 18:00:00,1763920807.0,0.0035
2025-11-23 19:00:00,1763924406.0,0.0035
2025-11-23 20:00:00,1763928007.0,0.0035
2025-11-23 21:00:00,1763931622.0,0.0035
2025-11-23 22:00:00,1763935206.0,0.0035
2025-11-23 23:00:00,1763938806.0,0.0035
2025-11-24 00:00:00,1763942410.0,0.0035
2025-11-24 01:00:00,1763946006.0,0.0035
2025-11-24 02:00:00,1763949606.0,0.0035
2025-11-24 03:00:00,1763953206.0,0.0035
2025-11-24 04:00:00,1763956805.0,0.0035
2025-11-24 05:00:00,1763960406.0,0.003
2025-11-24 06:00:00,1763964008.0,0.003
2025-11-24 07:00:00,1763967606.0,0.0035
2025-11-24 08:00:00,1763971205.0,0.0035
2025-11-24 09:00:00,1763974806.0,0.0035
2025-11-24 10:00:00,1763978405.0,0.0035
2025-11-24 11:00:00,1763982005.0,0.0035
2025-11-24 12:00:00,1763985606.0,0.003
2025-11-24 13:00:00,1763989206.0,0.003
2025-11-24 14:00:00,1763992807.0,0.003
2025-11-24 15:00:00,1763996406.0,0.003
2025-11-24 16:00:00,1764000006.0,0.003
2025-11-24 17:00:00,1764003608.0,0.003
2025-11-24 18:00:00,1764007207.0,0.003
2025-11-24 19:00:00,1764010806.0,0.003
2025-11-24 20:00:00,1764014407.0,0.003
2025-11-24 21:00:00,1764018009.0,0.003
2025-11-24 22:00:00,1764021609.0,0.003
2025-11-24 23:00:00,1764025209.0,0.003
2025-11-25 00:00:00,1764028808.0,0.003
2025-11-25 01:00:00,1764032408.0,0.003
2025-11-25 02:00:00,1764036008.0,0.0045
2025-11-25 03:00:00,1764039609.0,0.0045
2025-11-25 04:00:00,1764043209.0,0.0045
2025-11-25 05:00:00,1764046809.0,0.0045
2025-11-25 06:00:00,1764050409.0,0.0045
2025-11-25 07:00:00,1764054008.0,0.0045
2025-11-25 08:00:00,1764057609.0,0.004
2025-11-25 09:00:00,1764061209.0,0.0035
2025-11-25 10:00:00,1764064808.0,0.0035
2025-11-25 11:00:00,1764068409.0,0.0035
2025-11-25 12:00:00,1764072009.0,0.0035
2025-11-25 13:00:00,1764075609.0,0.0035
2025-11-25 14:00:00,1764079209.0,0.0035
2025-11-25 15:00:00,1764082809.0,0.0035
2025-11-25 16:00:00,1764086409.0,0.0035
2025-11-25 17:00:00,1764090009.0,0.0035
2025-11-25 18:00:00,1764093609.0,0.0035
2025-11-25 19:00:00,1764097209.0,0.0035
2025-11-25 20:00:00,1764100809.0,0.0035
2025-11-25 21:00:00,1764104410.0,0.0025
2025-11-25 22:00:00,1764108009.0,0.0025
2025-11-25 23:00:00,1764111609.0,0.0025
2025-11-26 00:00:00,1764115208.0,0.0025
2025-11-26 01:00:00,1764118808.0,0.0025
2025-11-26 02:00:00,1764122408.0,0.0025
2025-11-26 03:00:00,1764126009.0,0.0025
2025-11-26 04:00:00,1764129609.0,0.0025
2025-11-26 05:00:00,1764133209.0,0.0025
2025-11-26 06:00:00,1764136821.0,0.0025
2025-11-26 07:00:00,1764140409.0,0.0025
2025-11-26 08:00:00,1764144012.0,0.0025
2025-11-26 09:00:00,1764147609.0,0.0025
2025-11-26 10:00:00,1764151209.0,0.0025
2025-11-26 11:00:00,1764154809.0,0.0025
2025-11-26 12:00:00,1764158423.0,0.0025
2025-11-26 13:00:00,1764162009.0,0.0025
2025-11-26 14:00:00,1764165609.0,0.0025
2025-11-26 15:00:00,1764169209.0,0.0025
2025-11-26 16:00:00,1764172809.0,0.0025
2025-11-26 17:00:00,1764176410.0,0.0025
2025-11-26 18:00:00,1764180009.0,0.0025
2025-11-26 19:00:00,1764183610.0,0.0025
2025-11-26 20:00:00,1764187209.0,0.0025
2025-11-26 21:00:00,1764190810.0,0.0025
2025-11-26 22:00:00,1764194410.0,0.0025
2025-11-26 23:00:00,1764198009.0,0.0025
2025-11-27 00:00:00,1764201609.0,0.0025
2025-11-27 01:00:00,1764205220.0,0.0025
2025-11-27 02:00:00,1764208809.0,0.0025
2025-11-27 03:00:00,1764212409.0,0.0025
2025-11-27 04:00:00,1764216009.0,0.0025
2025-11-27 05:00:00,1764219609.0,0.0025
2025-11-27 06:00:00,1764223210.0,0.0025
2025-11-27 07:00:00,1764226809.0,0.0025
2025-11-27 08:00:00,1764230409.0,0.004
2025-11-27 09:00:00,1764234009.0,0.003
2025-11-27 10:00:00,1764237610.0,0.0035
2025-11-27 11:00:00,1764241209.0,0.0035
2025-11-27 12:00:00,1764244811.0,0.0035
2025-11-27 13:00:00,1764248408.0,0.0035
2025-11-27 14:00:00,1764252009.0,0.0035
2025-11-27 15:00:00,1764255609.0,0.0035
2025-11-27 16:00:00,1764259210.0,0.0025
2025-11-27 17:00:00,1764262810.0,0.0035
2025-11-27 18:00:00,1764266409.0,0.0035
2025-11-27 19:00:00,1764270009.0,0.0035
2025-11-27 20:00:00,1764273610.0,0.0035
2025-11-27 21:00:00,1764277210.0,0.0035
2025-11-27 22:00:00,1764280809.0,0.0035
2025-11-27 23:00:00,1764284410.0,0.0035
2025-11-28 00:00:00,1764288009.0,0.0035
2025-11-28 01:00:00,1764291609.0,0.0035
2025-11-28 02:00:00,1764295209.0,0.003
2025-11-28 03:00:00,1764298809.0,0.003
2025-11-28 04:00:00,1764302409.0,0.003
2025-11-28 05:00:00,1764306009.0,0.003
2025-11-28 06:00:00,1764309609.0,0.003
2025-11-28 07:00:00,1764313209.0,0.003
2025-11-28 08:00:00,1764316809.0,0.0035
2025-11-28 09:00:00,1764320410.0,0.0035
2025-11-28 10:00:00,1764324009.0,0.0035
2025-11-28 11:00:00,1764327609.0,0.003
2025-11-28 12:00:00,1764331211.0,0.002
2025-11-28 13:00:00,1764334809.0,0.0015
2025-11-28 14:00:00,1764338410.0,0.0015
2025-11-28 15:00:00,1764342010.0,0.0015
2025-11-28 16:00:00,1764345623.0,0.0015
2025-11-28 17:00:00,1764349212.0,0.0015
2025-11-28 18:00:00,1764352809.0,0.0015
2025-11-28 19:00:00,1764356410.0,0.0015
2025-11-28 20:00:00,1764360009.0,0.0015
2025-11-28 21:00:00,1764363613.0,0.0015
2025-11-28 22:00:00,1764367213.0,0.0015
2025-11-28 23:00:00,1764370809.0,0.0015
2025-11-29 00:00:00,1764374410.0,0.0015
2025-11-29 01:00:00,1764378009.0,0.0015
2025-11-29 02:00:00,1764381610.0,0.001
2025-11-29 03:00:00,1764385207.0,0.001
2025-11-29 04:00:00,1764388809.0,0.001
2025-11-29 05:00:00,1764392409.0,0.001
2025-11-29 06:00:00,1764396009.0,0.001
2025-11-29 07:00:00,1764399610.0,0.001
2025-11-29 08:00:00,1764403210.0,0.001
2025-11-29 09:00:00,1764406810.0,0.001
2025-11-29 10:00:00,1764410424.0,0.001
2025-11-29 11:00:00,1764414010.0,0.001
2025-11-29 12:00:00,1764417611.0,0.001
2025-11-29 13:00:00,1764421209.0,0.001
2025-11-29 14:00:00,1764424809.0,0.001
2025-11-29 15:00:00,1764428410.0,0.001
2025-11-29 16:00:00,1764432009.0,0.001
2025-11-29 17:00:00,1764435610.0,0.001
2025-11-29 18:00:00,1764439210.0,0.001
2025-11-29 19:00:00,1764442810.0,0.001
2025-11-29 20:00:00,1764446409.0,0.001
2025-11-29 21:00:00,1764450012.0,0.001
2025-11-29 22:00:00,1764453608.0,0.001
2025-11-29 23:00:00,1764457209.0,0.001
2025-11-30 00:00:00,1764460809.0,0.001
2025-11-30 01:00:00,1764464409.0,0.001
2025-11-30 02:00:00,1764468009.0,0.0005
2025-11-30 03:00:00,1764471610.0,0.0005
2025-11-30 04:00:00,1764475210.0,0.0005
2025-11-30 05:00:00,1764478809.0,0.0005
2025-11-30 06:00:00,1764482408.0,0.0005
2025-11-30 07:00:00,1764486011.0,0.0005
2025-11-30 08:00:00,1764489607.0,0.0005
2025-11-30 09:00:00,1764493210.0,0.0005
2025-11-30 10:00:00,1764496824.0,0.0005
2025-11-30 11:00:00,1764500409.0,0.0005
2025-11-30 12:00:00,1764504037.0,0.0005
2025-11-30 13:00:00,1764507606.0,0.0005
2025-11-30 14:00:00,1764511210.0,0.0005
2025-11-30 15:00:00,1764514822.0,0.0005
2025-11-30 16:00:00,1764518422.0,0.0005
2025-11-30 17:00:00,1764522009.0,0.0005
2025-11-30 18:00:00,1764525610.0,0.0005
2025-11-30 19:00:00,1764529210.0,0.0005
2025-11-30 20:00:00,1764532810.0,0.0005
2025-11-30 21:00:00,1764536410.0,0.0005
2025-11-30 22:00:00,1764540010.0,0.0005
2025-11-30 23:00:00,1764543615.0,0.0005
2025-12-01 00:00:00,1764547208.0,0.0015
2025-12-01 01:00:00,1764550810.0,0.0015
2025-12-01 02:00:00,1764554408.0,0.0015
2025-12-01 03:00:00,1764558021.0,0.0015
2025-12-01 04:00:00,1764561609.0,0.0015
2025-12-01 05:00:00,1764565210.0,0.0015
2025-12-01 06:00:00,1764568809.0,0.0015
2025-12-01 07:00:00,1764572409.0,0.0015
2025-12-01 08:00:00,1764576008.0,0.0015
2025-12-01 09:00:00,1764579622.0,0.0015
2025-12-01 10:00:00,1764583222.0,0.0015
2025-12-01 11:00:00,1764586809.0,0.0015
2025-12-01 12:00:00,1764590419.0,0.0015
2025-12-01 13:00:00,1764594009.0,0.0015
2025-12-01 14:00:00,1764597609.0,0.0015
2025-12-01 15:00:00,1764601222.0,0.0015
2025-12-01 16:00:00,1764604820.0,0.0015
2025-12-01 17:00:00,1764608409.0,0.0015
2025-12-01 18:00:00,1764612022.0,0.0015
2025-12-01 19:00:00,1764615609.0,0.0015
2025-12-01 20:00:00,1764619209.0,0.0015
2025-12-01 21:00:00,1764622809.0,0.0015
2025-12-01 22:00:00,1764626409.0,0.0015
2025-12-01 23:00:00,1764630009.0,0.0015
2025-12-02 00:00:00,1764633607.0,0.002
2025-12-02 01:00:00,1764637208.0,0.0015
2025-12-02 02:00:00,1764640808.0,0.0015
2025-12-02 03:00:00,1764644408.0,0.0015
2025-12-02 04:00:00,1764648009.0,0.0015
2025-12-02 05:00:00,1764651608.0,0.0015
2025-12-02 06:00:00,1764655209.0,0.0015
2025-12-02 07:00:00,1764658809.0,0.0015
2025-12-02 08:00:00,1764662408.0,0.0015
2025-12-02 09:00:00,1764666009.0,0.0025
2025-12-02 10:00:00,1764669608.0,0.0025
2025-12-02 11:00:00,1764673209.0,0.0025
2025-12-02 12:00:00,1764676810.0,0.0025
2025-12-02 13:00:00,1764680408.0,0.0025
2025-12-02 14:00:00,1764684009.0,0.0025
2025-12-02 15:00:00,1764687609.0,0.002
2025-12-02 16:00:00,1764691206.0,0.002
2025-12-02 17:00:00,1764694810.0,0.001
2025-12-02 18:00:00,1764698410.0,0.0015
2025-12-02 19:00:00,1764702009.0,0.0015
2025-12-02 20:00:00,1764705609.0,0.0015
2025-12-02 21:00:00,1764709210.0,0.0015
2025-12-02 22:00:00,1764712809.0,0.0015
2025-12-02 23:00:00,1764716409.0,0.0015
2025-12-03 00:00:00,1764720010.0,0.002
2025-12-03 01:00:00,1764723608.0,0.002
2025-12-03 02:00:00,1764727209.0,0.002
2025-12-03 03:00:00,1764730809.0,0.002
2025-12-03 04:00:00,1764734410.0,0.002
2025-12-03 05:00:00,1764738009.0,0.002
2025-12-03 06:00:00,1764741610.0,0.002
2025-12-03 07:00:00,1764745210.0,0.002
2025-12-03 08:00:00,1764748809.0,0.0025
2025-12-03 09:00:00,1764752410.0,0.002
2025-12-03 10:00:00,1764756009.0,0.0025
2025-12-03 11:00:00,1764759610.0,0.002
2025-12-03 12:00:00,1764763211.0,0.002
2025-12-03 13:00:00,1764766809.0,0.002
2025-12-03 14:00:00,1764770410.0,0.002
2025-12-03 15:00:00,1764774007.0,0.002
2025-12-03 16:00:00,1764777609.0,0.002
2025-12-03 17:00:00,1764781210.0,0.002
2025-12-03 18:00:00,1764784810.0,0.002
2025-12-03 19:00:00,1764788410.0,0.002
2025-12-03 20:00:00,1764792010.0,0.002
2025-12-03 21:00:00,1764795611.0,0.002
2025-12-03 22:00:00,1764799210.0,0.002
2025-12-03 23:00:00,1764802810.0,0.0015
2025-12-04 00:00:00,1764806408.0,0.0015
2025-12-04 01:00:00,1764810008.0,0.0025
2025-12-04 02:00:00,1764813609.0,0.0025
2025-12-04 03:00:00,1764817209.0,0.002
2025-12-04 04:00:00,1764820810.0,0.002
2025-12-04 05:00:00,1764824409.0,0.002
2025-12-04 06:00:00,1764828009.0,0.002
2025-12-04 07:00:00,1764831609.0,0.002
2025-12-04 08:00:00,1764835208.0,0.002
2025-12-04 09:00:00,1764838815.0,0.002
2025-12-04 10:00:00,1764842409.0,0.002
2025-12-04 11:00:00,1764846009.0,0.002
2025-12-04 12:00:00,1764849611.0,0.002
2025-12-04 13:00:00,1764853209.0,0.002
2025-12-04 14:00:00,1764856809.0,0.002
2025-12-04 15:00:00,1764860409.0,0.002
2025-12-04 16:00:00,1764864007.0,0.002
2025-12-04 17:00:00,1764867608.0,0.002
2025-12-04 18:00:00,1764871207.0,0.002
2025-12-04 19:00:00,1764874807.0,0.002
2025-12-04 20:00:00,1764878407.0,0.002
2025-12-04 21:00:00,1764882007.0,0.002
2025-12-04 22:00:00,1764885606.0,0.002
2025-12-04 23:00:00,1764889207.0,0.0015
2025-12-05 00:00:00,1764892809.0,0.0015
2025-12-05 01:00:00,1764896407.0,0.0015
2025-12-05 02:00:00,1764900007.0,0.0015
2025-12-05 03:00:00,1764903607.0,0.0015
2025-12-05 04:00:00,1764907208.0,0.0015
2025-12-05 05:00:00,1764910807.0,0.0015
2025-12-05 06:00:00,1764914407.0,0.0015
2025-12-05 07:00:00,1764918007.0,0.0015
2025-12-05 08:00:00,1764921607.0,0.002
2025-12-05 09:00:00,1764925207.0,0.002
2025-12-05 10:00:00,1764928807.0,0.002
2025-12-05 11:00:00,1764932407.0,0.002
2025-12-05 12:00:00,1764936009.0,0.002
2025-12-05 13:00:00,1764939607.0,0.002
2025-12-05 14:00:00,1764943207.0,0.0015
2025-12-05 15:00:00,1764946808.0,0.0015
2025-12-05 16:00:00,1764950407.0,0.0015
2025-12-05 17:00:00,1764954008.0,0.0015
2025-12-05 18:00:00,1764957607.0,0.0015
2025-12-05 19:00:00,1764961210.0,0.0015
2025-12-05 20:00:00,1764964807.0,0.0015
2025-12-05 21:00:00,1764968408.0,0.0015
2025-12-05 22:00:00,1764972008.0,0.0015
2025-12-05 23:00:00,1764975607.0,0.0015
2025-12-06 00:00:00,1764979209.0,0.0015
2025-12-06 01:00:00,1764982808.0,0.0015
2025-12-06 02:00:00,1764986408.0,0.0015
2025-12-06 03:00:00,1764990008.0,0.0015
2025-12-06 04:00:00,1764993607.0,0.0015
2025-12-06 05:00:00,1764997207.0,0.0015
2025-12-06 06:00:00,1765000808.0,0.0015
2025-12-06 07:00:00,1765004410.0,0.0015
2025-12-06 08:00:00,1765008008.0,0.0015
2025-12-06 09:00:00,1765011608.0,0.0015
2025-12-06 10:00:00,1765015208.0,0.0015
2025-12-06 11:00:00,1765018809.0,0.0015
2025-12-06 12:00:00,1765022410.0,0.0015
2025-12-06 13:00:00,1765026008.0,0.0015
2025-12-06 14:00:00,1765029608.0,0.0015
2025-12-06 15:00:00,1765033208.0,0.0015
2025-12-06 16:00:00,1765036807.0,0.0015
2025-12-06 17:00:00,1765040409.0,0.0015
2025-12-06 18:00:00,1765044008.0,0.0015
2025-12-06 19:00:00,1765047608.0,0.0015
2025-12-06 20:00:00,1765051208.0,0.0015
2025-12-06 21:00:00,1765054808.0,0.0015
2025-12-06 22:00:00,1765058408.0,0.0015
2025-12-06 23:00:00,1765062007.0,0.0015
2025-12-07 00:00:00,1765065621.0,0.0015
2025-12-07 01:00:00,1765069207.0,0.0015
2025-12-07 02:00:00,1765072807.0,0.0015
2025-12-07 03:00:00,1765076408.0,0.0015
2025-12-07 04:00:00,1765080007.0,0.0015
2025-12-07 05:00:00,1765083607.0,0.0015
2025-12-07 06:00:00,1765087210.0,0.0015
2025-12-07 07:00:00,1765090807.0,0.0015
2025-12-07 08:00:00,1765094407.0,0.0015
2025-12-07 09:00:00,1765098007.0,0.0015
2025-12-07 10:00:00,1765101607.0,0.0015
2025-12-07 11:00:00,1765105207.0,0.0015
2025-12-07 12:00:00,1765108809.0,0.0015
2025-12-07 13:00:00,1765112407.0,0.0015
2025-12-07 14:00:00,1765116007.0,0.0015
2025-12-07 15:00:00,1765119607.0,0.0015
2025-12-07 16:00:00,1765123207.0,0.0015
2025-12-07 17:00:00,1765126808.0,0.0015
2025-12-07 18:00:00,1765130410.0,0.0015
2025-12-07 19:00:00,1765134008.0,0.0015
2025-12-07 20:00:00,1765137622.0,0.0015
2025-12-07 21:00:00,1765141208.0,0.0015
2025-12-07 22:00:00,1765144807.0,0.0015
2025-12-07 23:00:00,1765148407.0,0.0015
2025-12-08 00:00:00,1765152021.0,0.0015
2025-12-08 01:00:00,1765155620.0,0.0015
2025-12-08 02:00:00,1765159207.0,0.0015
2025-12-08 03:00:00,1765162806.0,0.0015
2025-12-08 04:00:00,1765166407.0,0.0015
2025-12-08 05:00:00,1765170006.0,0.0015
2025-12-08 06:00:00,1765173607.0,0.0015
2025-12-08 07:00:00,1765177207.0,0.0015
2025-12-08 08:00:00,1765180806.0,0.0025
2025-12-08 09:00:00,1765184407.0,0.0025
2025-12-08 10:00:00,1765188006.0,0.0025
2025-12-08 11:00:00,1765191606.0,0.0025
2025-12-08 12:00:00,1765195221.0,0.0025
2025-12-08 13:00:00,1765198808.0,0.0025
2025-12-08 14:00:00,1765202406.0,0.002
2025-12-08 15:00:00,1765206006.0,0.002
2025-12-08 16:00:00,1765209620.0,0.002
2025-12-08 17:00:00,1765213207.0,0.002
2025-12-08 18:00:00,1765216806.0,0.002
2025-12-08 19:00:00,1765220407.0,0.002
2025-12-08 20:00:00,1765224007.0,0.002
2025-12-08 21:00:00,1765227622.0,0.002
2025-12-08 22:00:00,1765231206.0,0.002
2025-12-08 23:00:00,1765234807.0,0.002
2025-12-09 00:00:00,1765238419.0,0.002
2025-12-09 01:00:00,1765242008.0,0.002
2025-12-09 02:00:00,1765245608.0,0.002
2025-12-09 03:00:00,1765249207.0,0.0015
2025-12-09 04:00:00,1765252807.0,0.0015
2025-12-09 05:00:00,1765256407.0,0.0015
2025-12-09 06:00:00,1765260008.0,0.0015
2025-12-09 07:00:00,1765263608.0,0.0015
2025-12-09 08:00:00,1765267209.0,0.0015
2025-12-09 09:00:00,1765270808.0,0.0015
2025-12-09 10:00:00,1765274407.0,0.0015
2025-12-09 11:00:00,1765278009.0,0.0015
2025-12-09 12:00:00,1765281608.0,0.0015
2025-12-09 13:00:00,1765285209.0,0.0015
2025-12-09 14:00:00,1765288822.0,0.0015
2025-12-09 15:00:00,1765292410.0,0.0015
2025-12-09 16:00:00,1765296007.0,0.0015
2025-12-09 17:00:00,1765299608.0,0.0015
2025-12-09 18:00:00,1765303207.0,0.0015
2025-12-09 19:00:00,1765306807.0,0.0015
2025-12-09 20:00:00,1765310409.0,0.0015
2025-12-09 21:00:00,1765314008.0,0.0015
2025-12-09 22:00:00,1765317608.0,0.0015
2025-12-09 23:00:00,1765321209.0,0.0015
2025-12-10 00:00:00,1765324809.0,0.0015
2025-12-10 01:00:00,1765328419.0,0.0015
2025-12-10 02:00:00,1765332006.0,0.0015
2025-12-10 03:00:00,1765335607.0,0.0015
2025-12-10 04:00:00,1765339207.0,0.0015
2025-12-10 05:00:00,1765342809.0,0.0015
2025-12-10 06:00:00,1765346408.0,0.0015
2025-12-10 07:00:00,1765350007.0,0.0015
2025-12-10 08:00:00,1765353608.0,0.0015
2025-12-10 09:00:00,1765357221.0,0.0015
2025-12-10 10:00:00,1765360806.0,0.0015
2025-12-10 11:00:00,1765364407.0,0.0015
2025-12-10 12:00:00,1765368011.0,0.0015
2025-12-10 13:00:00,1765371607.0,0.0015
2025-12-10 14:00:00,1765375206.0,0.0015
2025-12-10 15:00:00,1765378809.0,0.0015
2025-12-10 16:00:00,1765382407.0,0.0015
2025-12-10 17:00:00,1765386007.0,0.0015
2025-12-10 18:00:00,1765389607.0,0.0015
2025-12-10 19:00:00,1765393206.0,0.0015
2025-12-10 20:00:00,1765396806.0,0.0015
2025-12-10 21:00:00,1765400407.0,0.0015
2025-12-10 22:00:00,1765404006.0,0.0015
2025-12-10 23:00:00,1765407607.0,0.0015
2025-12-11 00:00:00,1765411209.0,0.0015
2025-12-11 01:00:00,1765414808.0,0.0015
2025-12-11 02:00:00,1765418419.0,0.0015
2025-12-11 03:00:00,1765422008.0,0.0015
2025-12-11 04:00:00,1765425623.0,0.0015
2025-12-11 05:00:00,1765429210.0,0.0015
2025-12-11 06:00:00,1765432807.0,0.0015
2025-12-11 07:00:00,1765436407.0,0.0015
2025-12-11 08:00:00,1765440008.0,0.0015
2025-12-11 09:00:00,1765443608.0,0.0015
2025-12-11 10:00:00,1765447207.0,0.0015
2025-12-11 11:00:00,1765450810.0,0.0015
2025-12-11 12:00:00,1765454409.0,0.0015
2025-12-11 13:00:00,1765458007.0,0.0015
2025-12-11 14:00:00,1765461607.0,0.0015
2025-12-11 15:00:00,1765465208.0,0.0015
2025-12-11 16:00:00,1765468817.0,0.0015
2025-12-11 17:00:00,1765472408.0,0.0015
2025-12-11 18:00:00,1765476007.0,0.0015
2025-12-11 19:00:00,1765479619.0,0.0015
2025-12-11 20:00:00,1765483208.0,0.0015
2025-12-11 21:00:00,1765486808.0,0.0015
2025-12-11 22:00:00,1765490407.0,0.0015
2025-12-11 23:00:00,1765494009.0,0.0015
2025-12-12 00:00:00,1765497608.0,0.0015
2025-12-12 01:00:00,1765501207.0,0.0015
2025-12-12 02:00:00,1765504807.0,0.0015
2025-12-12 03:00:00,1765508409.0,0.0015
2025-12-12 04:00:00,1765512007.0,0.0015
2025-12-12 05:00:00,1765515620.0,0.0015
2025-12-12 06:00:00,1765519208.0,0.0015
2025-12-12 07:00:00,1765522807.0,0.0015
2025-12-12 08:00:00,1765526407.0,0.0015
2025-12-12 09:00:00,1765530008.0,0.0015
2025-12-12 10:00:00,1765533607.0,0.0015
2025-12-12 11:00:00,1765537207.0,0.0015
2025-12-12 12:00:00,1765540809.0,0.0015
2025-12-12 13:00:00,1765544407.0,0.0015
2025-12-12 14:00:00,1765548007.0,0.0015
2025-12-12 15:00:00,1765551607.0,0.0015
2025-12-12 16:00:00,1765555207.0,0.0015
2025-12-12 17:00:00,1765558810.0,0.0015
2025-12-12 18:00:00,1765562409.0,0.0015
2025-12-12 19:00:00,1765566008.0,0.0015
2025-12-12 20:00:00,1765569608.0,0.0015
2025-12-12 21:00:00,1765573208.0,0.0005
2025-12-12 22:00:00,1765576809.0,0.0005
2025-12-12 23:00:00,1765580407.0,0.0005
2025-12-13 00:00:00,1765584009.0,0.0005
2025-12-13 01:00:00,1765587607.0,0.0005
2025-12-13 02:00:00,1765591208.0,0.0005
2025-12-13 03:00:00,1765594808.0,0.0005
2025-12-13 04:00:00,1765598409.0,0.0005
2025-12-13 05:00:00,1765602007.0,0.0005
2025-12-13 06:00:00,1765605611.0,0.0005
2025-12-13 07:00:00,1765609208.0,0.0005
2025-12-13 08:00:00,1765612808.0,0.0005
2025-12-13 09:00:00,1765616408.0,0.0005
2025-12-13 10:00:00,1765620007.0,0.0005
2025-12-13 11:00:00,1765623608.0,0.0005
2025-12-13 12:00:00,1765627210.0,0.0005
2025-12-13 13:00:00,1765630808.0,0.0005
2025-12-13 14:00:00,1765634410.0,0.0005
2025-12-13 15:00:00,1765638009.0,0.0005
2025-12-13 16:00:00,1765641607.0,0.0005
2025-12-13 17:00:00,1765645209.0,0.0005
2025-12-13 18:00:00,1765648808.0,0.0005
2025-12-13 19:00:00,1765652407.0,0.0005
2025-12-13 20:00:00,1765656008.0,0.0005
2025-12-13 21:00:00,1765659608.0,0.001
2025-12-13 22:00:00,1765663208.0,0.001
2025-12-13 23:00:00,1765666808.0,0.001
2025-12-14 00:00:00,1765670409.0,0.001
2025-12-14 01:00:00,1765674008.0,0.001
2025-12-14 02:00:00,1765677608.0,0.001
2025-12-14 03:00:00,1765681209.0,0.001
2025-12-14 04:00:00,1765684807.0,0.0005
2025-12-14 05:00:00,1765688407.0,0.0005
2025-12-14 06:00:00,1765692008.0,0.0005
2025-12-14 07:00:00,1765695607.0,0.0005
2025-12-14 08:00:00,1765699207.0,0.0005
2025-12-14 09:00:00,1765702808.0,0.0005
2025-12-14 10:00:00,1765706408.0,0.0005
2025-12-14 11:00:00,1765710007.0,0.0005
2025-12-14 12:00:00,1765713609.0,0.0005
2025-12-14 13:00:00,1765717207.0,0.0005
2025-12-14 14:00:00,1765720807.0,0.0005
2025-12-14 15:00:00,1765724408.0,0.0005
2025-12-14 16:00:00,1765728007.0,0.0005
2025-12-14 17:00:00,1765731608.0,0.0005
2025-12-14 18:00:00,1765735208.0,0.0005
2025-12-14 19:00:00,1765738808.0,0.0005
2025-12-14 20:00:00,1765742408.0,0.0005
2025-12-14 21:00:00,1765746008.0,0.0005
2025-12-14 22:00:00,1765749607.0,0.0005
2025-12-14 23:00:00,1765753207.0,0.0005
2025-12-15 00:00:00,1765756809.0,0.0005
2025-12-15 01:00:00,1765760407.0,0.0005
2025-12-15 02:00:00,1765764007.0,0.0005
2025-12-15 03:00:00,1765767608.0,0.0005
2025-12-15 04:00:00,1765771208.0,0.0005
2025-12-15 05:00:00,1765774807.0,0.0005
2025-12-15 06:00:00,1765778408.0,0.0005
2025-12-15 07:00:00,1765782007.0,0.0005
2025-12-15 08:00:00,1765785607.0,0.0005
2025-12-15 09:00:00,1765789209.0,0.0005
2025-12-15 10:00:00,1765792806.0,0.0005
2025-12-15 11:00:00,1765796410.0,0.0005
2025-12-15 12:00:00,1765800008.0,0.0005
2025-12-15 13:00:00,1765803619.0,0.0005
2025-12-15 14:00:00,1765807207.0,0.0005
2025-12-15 15:00:00,1765810808.0,0.001
2025-12-15 16:00:00,1765814407.0,0.0005
2025-12-15 17:00:00,1765818008.0,0.0005
2025-12-15 18:00:00,1765821622.0,0.0005
2025-12-15 19:00:00,1765825207.0,0.0005
2025-12-15 20:00:00,1765828807.0,0.0005
2025-12-15 21:00:00,1765832407.0,0.0005
2025-12-15 22:00:00,1765836022.0,0.0005
2025-12-15 23:00:00,1765839607.0,0.0005
2025-12-16 00:00:00,1765843208.0,0.0005
2025-12-16 01:00:00,1765846808.0,0.0005
2025-12-16 02:00:00,1765850407.0,0.0005
2025-12-16 03:00:00,1765854007.0,0.0005
2025-12-16 04:00:00,1765857607.0,0.0005
2025-12-16 05:00:00,1765861207.0,0.0005
2025-12-16 06:00:00,1765864808.0,0.0005
2025-12-16 07:00:00,1765868413.0,0.0005
2025-12-16 08:00:00,1765872009.0,0.0005
2025-12-16 09:00:00,1765875607.0,0.0005
2025-12-16 10:00:00,1765879206.0,0.0005
2025-12-16 11:00:00,1765882807.0,0.0005
2025-12-16 12:00:00,1765886420.0,0.0005
2025-12-16 13:00:00,1765890007.0,0.0005
2025-12-16 14:00:00,1765893621.0,0.0005
2025-12-16 15:00:00,1765897207.0,0.0005
2025-12-16 16:00:00,1765900824.0,0.0005
2025-12-16 17:00:00,1765904408.0,0.001
2025-12-16 18:00:00,1765908008.0,0.0005
2025-12-16 19:00:00,1765911607.0,0.0005
2025-12-16 20:00:00,1765915208.0,0.0005
2025-12-16 21:00:00,1765918808.0,0.0015
2025-12-16 22:00:00,1765922407.0,0.0015
2025-12-16 23:00:00,1765926008.0,0.0015
2025-12-17 00:00:00,1765929605.0,0.0015
2025-12-17 01:00:00,1765933207.0,0.0015
2025-12-17 02:00:00,1765936807.0,0.0005
2025-12-17 03:00:00,1765940420.0,0.0005
2025-12-17 04:00:00,1765944007.0,0.0005
2025-12-17 05:00:00,1765947607.0,0.0005
2025-12-17 06:00:00,1765951210.0,0.0005
2025-12-17 07:00:00,1765954809.0,0.0005
2025-12-17 08:00:00,1765958419.0,0.001
2025-12-17 09:00:00,1765962009.0,0.0005
2025-12-17 10:00:00,1765965609.0,0.0005
2025-12-17 11:00:00,1765969208.0,0.0005
2025-12-17 12:00:00,1765972809.0,0.0005
2025-12-17 13:00:00,1765976407.0,0.0005
2025-12-17 14:00:00,1765980008.0,0.0005
2025-12-17 15:00:00,1765983609.0,0.0005
2025-12-17 16:00:00,1765987208.0,0.0005
2025-12-17 17:00:00,1765990808.0,0.0005
2025-12-17 18:00:00,1765994408.0,0.0005
2025-12-17 19:00:00,1765998010.0,0.0005
2025-12-17 20:00:00,1766001607.0,0.0005
2025-12-17 21:00:00,1766005208.0,0.0005
2025-12-17 22:00:00,1766008807.0,0.0005
2025-12-17 23:00:00,1766012407.0,0.0005
2025-12-18 00:00:00,1766016019.0,0.0005
2025-12-18 01:00:00,1766019607.0,0.0005
2025-12-18 02:00:00,1766023207.0,0.0005
2025-12-18 03:00:00,1766026808.0,0.0005
2025-12-18 04:00:00,1766030407.0,0.0005
2025-12-18 05:00:00,1766034010.0,0.0005
2025-12-18 06:00:00,1766037608.0,0.0005
2025-12-18 07:00:00,1766041208.0,0.0005
2025-12-18 08:00:00,1766044807.0,0.0005
2025-12-18 09:00:00,1766048408.0,0.0005
2025-12-18 10:00:00,1766052011.0,0.0005
2025-12-18 11:00:00,1766055608.0,0.0005
2025-12-18 12:00:00,1766059209.0,0.0005
2025-12-18 13:00:00,1766062809.0,0.0005
2025-12-18 14:00:00,1766066422.0,0.0005
2025-12-18 15:00:00,1766070008.0,0.0005
2025-12-18 16:00:00,1766073610.0,0.0005
2025-12-18 17:00:00,1766077209.0,0.0005
2025-12-18 18:00:00,1766080810.0,0.0005
2025-12-18 19:00:00,1766084412.0,0.0005
2025-12-18 20:00:00,1766088009.0,0.0005
2025-12-18 21:00:00,1766091608.0,0.0005
2025-12-18 22:00:00,1766095210.0,0.0005
2025-12-18 23:00:00,1766098808.0,0.0005
2025-12-19 00:00:00,1766102410.0,0.0005
2025-12-19 01:00:00,1766106008.0,0.0005
2025-12-19 02:00:00,1766109609.0,0.0005
2025-12-19 03:00:00,1766113209.0,0.0005
2025-12-19 04:00:00,1766116810.0,0.0005
2025-12-19 05:00:00,1766120409.0,0.0005
2025-12-19 06:00:00,1766124009.0,0.0005
2025-12-19 07:00:00,1766127609.0,0.0005
2025-12-19 08:00:00,1766131209.0,0.0005
2025-12-19 09:00:00,1766134810.0,0.0005
2025-12-19 10:00:00,1766138409.0,0.0005
2025-12-19 11:00:00,1766142008.0,0.0025
2025-12-19 12:00:00,1766145610.0,0.0005
2025-12-19 13:00:00,1766149209.0,0.0005
2025-12-19 14:00:00,1766152809.0,0.0005
2025-12-19 15:00:00,1766156424.0,0.0005
2025-12-19 16:00:00,1766160024.0,0.0005
2025-12-19 17:00:00,1766163609.0,0.0005
2025-12-19 18:00:00,1766167208.0,0.0005
2025-12-19 19:00:00,1766170807.0,0.0005
2025-12-19 20:00:00,1766174408.0,0.0005
2025-12-19 21:00:00,1766178008.0,0.0005
2025-12-19 22:00:00,1766181607.0,0.0005
2025-12-19 23:00:00,1766185208.0,0.0005
2025-12-20 00:00:00,1766188809.0,0.0005
2025-12-20 01:00:00,1766192409.0,0.0005
2025-12-20 02:00:00,1766196007.0,0.0005
2025-12-20 03:00:00,1766199619.0,0.0005
2025-12-20 04:00:00,1766203208.0,0.0005
2025-12-20 05:00:00,1766206808.0,0.0005
2025-12-20 06:00:00,1766210408.0,0.0005
2025-12-20 07:00:00,1766214009.0,0.0005
2025-12-20 08:00:00,1766217608.0,0.0005
2025-12-20 09:00:00,1766221208.0,0.0005
2025-12-20 10:00:00,1766224808.0,0.0005
2025-12-20 11:00:00,1766228408.0,0.0005
2025-12-20 12:00:00,1766232009.0,0.0005
2025-12-20 13:00:00,1766235608.0,0.0005
2025-12-20 14:00:00,1766239208.0,0.0005
2025-12-20 15:00:00,1766242808.0,0.0005
2025-12-20 16:00:00,1766246409.0,0.0005
2025-12-20 17:00:00,1766250010.0,0.0005
2025-12-20 18:00:00,1766253608.0,0.0005
2025-12-20 19:00:00,1766257210.0,0.0005
2025-12-20 20:00:00,1766260810.0,0.0005
2025-12-20 21:00:00,1766264410.0,0.0005
2025-12-20 22:00:00,1766268009.0,0.0005
2025-12-20 23:00:00,1766271611.0,0.0005
2025-12-21 00:00:00,1766275209.0,0.0005
2025-12-21 01:00:00,1766278808.0,0.0005
2025-12-21 02:00:00,1766282407.0,0.0005
2025-12-21 03:00:00,1766286010.0,0.0005
2025-12-21 04:00:00,1766289610.0,0.0005
2025-12-21 05:00:00,1766293207.0,0.0005
2025-12-21 06:00:00,1766296809.0,0.0005
2025-12-21 07:00:00,1766300407.0,0.0005
2025-12-21 08:00:00,1766304008.0,0.0005
2025-12-21 09:00:00,1766307608.0,0.0005
2025-12-21 10:00:00,1766311207.0,0.0005
2025-12-21 11:00:00,1766314808.0,0.0005
2025-12-21 12:00:00,1766318408.0,0.0005
2025-12-21 13:00:00,1766322008.0,0.0005
2025-12-21 14:00:00,1766325607.0,0.0005
2025-12-21 15:00:00,1766329208.0,0.0005
2025-12-21 16:00:00,1766332807.0,0.0005
2025-12-21 17:00:00,1766336410.0,0.0005
2025-12-21 18:00:00,1766340008.0,0.0005
2025-12-21 19:00:00,1766343607.0,0.0005
2025-12-21 20:00:00,1766347210.0,0.0005
2025-12-21 21:00:00,1766350809.0,0.0005
2025-12-21 22:00:00,1766354407.0,0.0005
2025-12-21 23:00:00,1766358007.0,0.0005
2025-12-22 00:00:00,1766361608.0,0.0005
2025-12-22 01:00:00,1766365208.0,0.0005
2025-12-22 02:00:00,1766368808.0,0.0005
2025-12-22 03:00:00,1766372408.0,0.0005
2025-12-22 04:00:00,1766376009.0,0.0005
2025-12-22 05:00:00,1766379607.0,0.0005
2025-12-22 06:00:00,1766383207.0,0.0005
2025-12-22 07:00:00,1766386807.0,0.0005
2025-12-22 08:00:00,1766390421.0,0.0005
2025-12-22 09:00:00,1766394021.0,0.0005
2025-12-22 10:00:00,1766397608.0,0.0005
2025-12-22 11:00:00,1766401208.0,0.0005
2025-12-22 12:00:00,1766404808.0,0.0005
2025-12-22 13:00:00,1766408407.0,0.0005
2025-12-22 14:00:00,1766412007.0,0.0005
2025-12-22 15:00:00,1766415608.0,0.0005
2025-12-22 16:00:00,1766419207.0,0.0005
2025-12-22 17:00:00,1766422808.0,0.0005
2025-12-22 18:00:00,1766426408.0,0.0005
2025-12-22 19:00:00,1766430008.0,0.0005
2025-12-22 20:00:00,1766433620.0,0.0015
2025-12-22 21:00:00,1766437208.0,0.0015
2025-12-22 22:00:00,1766440820.0,0.0015
2025-12-22 23:00:00,1766444408.0,0.0015
2025-12-23 00:00:00,1766448009.0,0.0005
2025-12-23 01:00:00,1766451607.0,0.0005
2025-12-23 02:00:00,1766455207.0,0.0005
2025-12-23 03:00:00,1766458808.0,0.0005
2025-12-23 04:00:00,1766462420.0,0.0005
2025-12-23 05:00:00,1766466023.0,0.0005
2025-12-23 06:00:00,1766469624.0,0.0005
2025-12-23 07:00:00,1766473208.0,0.0005
2025-12-23 08:00:00,1766476821.0,0.0005
2025-12-23 09:00:00,1766480407.0,0.0015
2025-12-23 10:00:00,1766484008.0,0.0015
2025-12-23 11:00:00,1766487607.0,0.0015
2025-12-23 12:00:00,1766491210.0,0.0015
2025-12-23 13:00:00,1766494808.0,0.0015
2025-12-23 14:00:00,1766498408.0,0.0015
2025-12-23 15:00:00,1766502009.0,0.001
2025-12-23 16:00:00,1766505607.0,0.0005
2025-12-23 17:00:00,1766509224.0,0.0005
2025-12-23 18:00:00,1766512808.0,0.0005
2025-12-23 19:00:00,1766516408.0,0.0015
2025-12-23 20:00:00,1766520008.0,0.0015
2025-12-23 21:00:00,1766523608.0,0.0015
2025-12-23 22:00:00,1766527208.0,0.0005
2025-12-23 23:00:00,1766530808.0,0.0015
2025-12-24 00:00:00,1766534410.0,0.0015
2025-12-24 01:00:00,1766538009.0,0.001
2025-12-24 02:00:00,1766541608.0,0.001
2025-12-24 03:00:00,1766545208.0,0.001
2025-12-24 04:00:00,1766548808.0,0.001
2025-12-24 05:00:00,1766552409.0,0.001
2025-12-24 06:00:00,1766556009.0,0.001
2025-12-24 07:00:00,1766559608.0,0.001
2025-12-24 08:00:00,1766563209.0,0.001
2025-12-24 09:00:00,1766566810.0,0.001
2025-12-24 10:00:00,1766570409.0,0.001
2025-12-24 11:00:00,1766574010.0,0.001
2025-12-24 12:00:00,1766577609.0,0.0005
2025-12-24 13:00:00,1766581208.0,0.001
2025-12-24 14:00:00,1766584808.0,0.0005
2025-12-24 15:00:00,1766588409.0,0.0005
2025-12-24 16:00:00,1766592008.0,0.001
2025-12-24 17:00:00,1766595609.0,0.0015
2025-12-24 18:00:00,1766599209.0,0.0015
2025-12-24 19:00:00,1766602808.0,0.0015
2025-12-24 20:00:00,1766606408.0,0.0015
2025-12-24 21:00:00,1766610009.0,0.0015
2025-12-24 22:00:00,1766613608.0,0.0015
2025-12-24 23:00:00,1766617207.0,0.0015
2025-12-25 00:00:00,1766620819.0,0.001
2025-12-25 01:00:00,1766624407.0,0.001
2025-12-25 02:00:00,1766628008.0,0.0005
2025-12-25 03:00:00,1766631609.0,0.0005
2025-12-25 04:00:00,1766635208.0,0.0005
2025-12-25 05:00:00,1766638808.0,0.0005
2025-12-25 06:00:00,1766642408.0,0.0005
2025-12-25 07:00:00,1766646008.0,0.0005
2025-12-25 08:00:00,1766649608.0,0.0005
2025-12-25 09:00:00,1766653208.0,0.0005
2025-12-25 10:00:00,1766656808.0,0.0005
2025-12-25 11:00:00,1766660408.0,0.0005
2025-12-25 12:00:00,1766664010.0,0.0005
2025-12-25 13:00:00,1766667609.0,0.0005
2025-12-25 14:00:00,1766671208.0,0.0005
2025-12-25 15:00:00,1766674809.0,0.0005
2025-12-25 16:00:00,1766678408.0,0.0005
2025-12-25 17:00:00,1766682009.0,0.0005
2025-12-25 18:00:00,1766685609.0,0.0005
2025-12-25 19:00:00,1766689208.0,0.0005
2025-12-25 20:00:00,1766692809.0,0.0005
2025-12-25 21:00:00,1766696408.0,0.0005
2025-12-25 22:00:00,1766700009.0,0.0005
2025-12-25 23:00:00,1766703608.0,0.0005
2025-12-26 00:00:00,1766707208.0,0.0005
2025-12-26 01:00:00,1766710807.0,0.0005
2025-12-26 02:00:00,1766714407.0,0.0005
2025-12-26 03:00:00,1766718008.0,0.0005
2025-12-26 04:00:00,1766721608.0,0.0005
2025-12-26 05:00:00,1766725209.0,0.0005
2025-12-26 06:00:00,1766728808.0,0.0005
2025-12-26 07:00:00,1766732407.0,0.0005
2025-12-26 08:00:00,1766736008.0,0.0005
2025-12-26 09:00:00,1766739608.0,0.0005
2025-12-26 10:00:00,1766743208.0,0.0005
2025-12-26 11:00:00,1766746808.0,0.0005
2025-12-26 12:00:00,1766750409.0,0.0005
2025-12-26 13:00:00,1766754007.0,0.0005
2025-12-26 14:00:00,1766757607.0,0.0005
2025-12-26 15:00:00,1766761209.0,0.0005
2025-12-26 16:00:00,1766764808.0,0.0005
2025-12-26 17:00:00,1766768410.0,0.0005
2025-12-26 18:00:00,1766772008.0,0.0005
2025-12-26 19:00:00,1766775608.0,0.0005
2025-12-26 20:00:00,1766779208.0,0.0005
2025-12-26 21:00:00,1766782809.0,0.0005
2025-12-26 22:00:00,1766786408.0,0.0005
2025-12-26 23:00:00,1766790008.0,0.0005
2025-12-27 00:00:00,1766793611.0,0.0005
2025-12-27 01:00:00,1766797209.0,0.0005
2025-12-27 02:00:00,1766800808.0,0.0005
2025-12-27 03:00:00,1766804410.0,0.0005
2025-12-27 04:00:00,1766808009.0,0.0005
2025-12-27 05:00:00,1766811610.0,0.0005
2025-12-27 06:00:00,1766815209.0,0.0005
2025-12-27 07:00:00,1766818811.0,0.0005
2025-12-27 08:00:00,1766822409.0,0.0005
2025-12-27 09:00:00,1766826010.0,0.0005
2025-12-27 10:00:00,1766829609.0,0.0005
2025-12-27 11:00:00,1766833210.0,0.0005
2025-12-27 12:00:00,1766836810.0,0.0005
2025-12-27 13:00:00,1766840409.0,0.0005
2025-12-27 14:00:00,1766844009.0,0.0005
2025-12-27 15:00:00,1766847609.0,0.0005
2025-12-27 16:00:00,1766851209.0,0.0005
2025-12-27 17:00:00,1766854809.0,0.0005
2025-12-27 18:00:00,1766858410.0,0.0005
2025-12-27 19:00:00,1766862009.0,0.0005
2025-12-27 20:00:00,1766865609.0,0.0005
2025-12-27 21:00:00,1766869209.0,0.0005
2025-12-27 22:00:00,1766872810.0,0.0005
2025-12-27 23:00:00,1766876409.0,0.0005
2025-12-28 00:00:00,1766880011.0,0.0005
2025-12-28 01:00:00,1766883684.0,0.0005
2025-12-28 02:00:00,1766887209.0,0.0005
2025-12-28 03:00:00,1766890810.0,0.0005
2025-12-28 04:00:00,1766894409.0,0.0005
2025-12-28 05:00:00,1766898009.0,0.0005
2025-12-28 06:00:00,1766901609.0,0.0005
2025-12-28 07:00:00,1766905209.0,0.0005
2025-12-28 08:00:00,1766908809.0,0.0005
2025-12-28 09:00:00,1766912409.0,0.0005
2025-12-28 10:00:00,1766916010.0,0.0005
2025-12-28 11:00:00,1766919609.0,0.0005
2025-12-28 12:00:00,1766923210.0,0.0005
2025-12-28 13:00:00,1766926808.0,0.0005
2025-12-28 14:00:00,1766930409.0,0.0005
2025-12-28 15:00:00,1766934012.0,0.0005
2025-12-28 16:00:00,1766937622.0,0.0005
2025-12-28 17:00:00,1766941209.0,0.0005
2025-12-28 18:00:00,1766944810.0,0.0005
2025-12-28 19:00:00,1766948409.0,0.0005
2025-12-28 20:00:00,1766952022.0,0.0005
2025-12-28 21:00:00,1766955609.0,0.0005
2025-12-28 22:00:00,1766959210.0,0.0005
2025-12-28 23:00:00,1766962811.0,0.0005
2025-12-29 00:00:00,1766966426.0,0.0005
2025-12-29 01:00:00,1766970084.0,0.0005
2025-12-29 02:00:00,1766973609.0,0.0005
2025-12-29 03:00:00,1766977223.0,0.0005
2025-12-29 04:00:00,1766980809.0,0.0005
2025-12-29 05:00:00,1766984410.0,0.0005
2025-12-29 06:00:00,1766988010.0,0.0005
2025-12-29 07:00:00,1766991610.0,0.0005
2025-12-29 08:00:00,1766995212.0,0.0005
2025-12-29 09:00:00,1766998809.0,0.0005
2025-12-29 10:00:00,1767002410.0,0.0005
2025-12-29 11:00:00,1767006009.0,0.0005
2025-12-29 12:00:00,1767009610.0,0.0005
2025-12-29 13:00:00,1767013209.0,0.0005
2025-12-29 14:00:00,1767016809.0,0.0005
2025-12-29 15:00:00,1767020409.0,0.0005
2025-12-29 16:00:00,1767024008.0,0.0005
2025-12-29 17:00:00,1767027609.0,0.0005
2025-12-29 18:00:00,1767031209.0,0.0005
2025-12-29 19:00:00,1767034809.0,0.0005
2025-12-29 20:00:00,1767038408.0,0.0005
2025-12-29 21:00:00,1767042008.0,0.0005
2025-12-29 22:00:00,1767045609.0,0.0005
2025-12-29 23:00:00,1767049212.0,0.0005
2025-12-30 00:00:00,1767052813.0,0.0005
2025-12-30 01:00:00,1767056408.0,0.0005
2025-12-30 02:00:00,1767060009.0,0.0005
2025-12-30 03:00:00,1767063610.0,0.0005
2025-12-30 04:00:00,1767067209.0,0.0005
2025-12-30 05:00:00,1767070811.0,0.0005
2025-12-30 06:00:00,1767074409.0,0.0005
2025-12-30 07:00:00,1767078014.0,0.0005
2025-12-30 08:00:00,1767081609.0,0.0005
2025-12-30 09:00:00,1767085211.0,0.0015
2025-12-30 10:00:00,1767088808.0,0.0015
2025-12-30 11:00:00,1767092410.0,0.0015
2025-12-30 12:00:00,1767096010.0,0.0015
2025-12-30 13:00:00,1767099609.0,0.0015
2025-12-30 14:00:00,1767103208.0,0.0015
2025-12-30 15:00:00,1767106809.0,0.0015
2025-12-30 16:00:00,1767110409.0,0.0015
2025-12-30 17:00:00,1767114010.0,0.0015
2025-12-30 18:00:00,1767117614.0,0.0005
2025-12-30 19:00:00,1767121209.0,0.0005
2025-12-30 20:00:00,1767124813.0,0.0005
2025-12-30 21:00:00,1767128409.0,0.0005
2025-12-30 22:00:00,1767132010.0,0.0005
2025-12-30 23:00:00,1767135610.0,0.0005
2025-12-31 00:00:00,1767139210.0,0.0005
2025-12-31 01:00:00,1767142809.0,0.0005
2025-12-31 02:00:00,1767146409.0,0.0005
2025-12-31 03:00:00,1767150011.0,0.0005
2025-12-31 04:00:00,1767153613.0,0.0005
2025-12-31 05:00:00,1767157208.0,0.0005
2025-12-31 06:00:00,1767160809.0,0.0005
2025-12-31 07:00:00,1767164408.0,0.0005
2025-12-31 08:00:00,1767168009.0,0.0005
2025-12-31 09:00:00,1767171609.0,0.0005
2025-12-31 10:00:00,1767175209.0,0.0015
2025-12-31 11:00:00,1767178820.0,0.0015
2025-12-31 12:00:00,1767182409.0,0.0015
2025-12-31 13:00:00,1767186008.0,0.0015
2025-12-31 14:00:00,1767189609.0,0.0015
2025-12-31 15:00:00,1767193209.0,0.0015
2025-12-31 16:00:00,1767196810.0,0.0015
2025-12-31 17:00:00,1767200411.0,0.0015
2025-12-31 18:00:00,1767204011.0,0.0005
2025-12-31 19:00:00,1767207630.0,0.0005
2025-12-31 20:00:00,1767211210.0,0.0005
2025-12-31 21:00:00,1767214811.0,0.0005
2025-12-31 22:00:00,1767218410.0,0.0005
2025-12-31 23:00:00,1767222009.0,0.0005
2026-01-01 00:00:00,1767225610.0,0.0005
2026-01-01 01:00:00,1767229209.0,0.0005
2026-01-01 02:00:00,1767232809.0,0.0005
2026-01-01 03:00:00,1767236409.0,0.0005
2026-01-01 04:00:00,1767240025.0,0.0005
2026-01-01 05:00:00,1767243609.0,0.0005
2026-01-01 06:00:00,1767247211.0,0.0005
2026-01-01 07:00:00,1767250809.0,0.0005
2026-01-01 08:00:00,1767254408.0,0.0005
2026-01-01 09:00:00,1767258010.0,0.0005
2026-01-01 10:00:00,1767261609.0,0.0005
2026-01-01 11:00:00,1767265209.0,0.0005
2026-01-01 12:00:00,1767268810.0,0.0005
2026-01-01 13:00:00,1767272422.0,0.0005
2026-01-01 14:00:00,1767276008.0,0.0005
2026-01-01 15:00:00,1767279609.0,0.0005
2026-01-01 16:00:00,1767283208.0,0.0005
2026-01-01 17:00:00,1767286809.0,0.0015
2026-01-01 18:00:00,1767290409.0,0.0005
2026-01-01 19:00:00,1767294008.0,0.0005
2026-01-01 20:00:00,1767297620.0,0.0005
2026-01-01 21:00:00,1767301208.0,0.0005
2026-01-01 22:00:00,1767304811.0,0.0005
2026-01-01 23:00:00,1767308409.0,0.0005
2026-01-02 00:00:00,1767312010.0,0.001
2026-01-02 01:00:00,1767315608.0,0.001
2026-01-02 02:00:00,1767319209.0,0.001
2026-01-02 03:00:00,1767322813.0,0.0005
2026-01-02 04:00:00,1767326408.0,0.0005
2026-01-02 05:00:00,1767330009.0,0.0005
2026-01-02 06:00:00,1767333608.0,0.0005
2026-01-02 07:00:00,1767337208.0,0.0005
2026-01-02 08:00:00,1767340809.0,0.0005
2026-01-02 09:00:00,1767344409.0,0.0005
2026-01-02 10:00:00,1767348011.0,0.0005
2026-01-02 11:00:00,1767351610.0,0.0005
2026-01-02 12:00:00,1767355210.0,0.0005
2026-01-02 13:00:00,1767358808.0,0.0005
2026-01-02 14:00:00,1767362409.0,0.0005
2026-01-02 15:00:00,1767366010.0,0.0005
2026-01-02 16:00:00,1767369609.0,0.0005
2026-01-02 17:00:00,1767373210.0,0.0005
2026-01-02 18:00:00,1767376824.0,0.0005
2026-01-02 19:00:00,1767380409.0,0.0005
2026-01-02 20:00:00,1767384010.0,0.0005
2026-01-02 21:00:00,1767387610.0,0.0005
2026-01-02 22:00:00,1767391209.0,0.0005
2026-01-02 23:00:00,1767394809.0,0.0005
2026-01-03 00:00:00,1767398410.0,0.0005
2026-01-03 01:00:00,1767402081.0,0.0005
2026-01-03 02:00:00,1767405608.0,0.0005
2026-01-03 03:00:00,1767409209.0,0.0005
2026-01-03 04:00:00,1767412810.0,0.0005
2026-01-03 05:00:00,1767416421.0,0.001
2026-01-03 06:00:00,1767420014.0,0.001
2026-01-03 07:00:00,1767423609.0,0.001
2026-01-03 08:00:00,1767427208.0,0.001
2026-01-03 09:00:00,1767430821.0,0.001
2026-01-03 10:00:00,1767434409.0,0.0005
2026-01-03 11:00:00,1767438009.0,0.0005
2026-01-03 12:00:00,1767441610.0,0.0005
2026-01-03 13:00:00,1767445209.0,0.0005
2026-01-03 14:00:00,1767448810.0,0.0005
2026-01-03 15:00:00,1767452424.0,0.001
2026-01-03 16:00:00,1767456010.0,0.001
2026-01-03 17:00:00,1767459610.0,0.001
2026-01-03 18:00:00,1767463209.0,0.001
2026-01-03 19:00:00,1767466809.0,0.001
2026-01-03 20:00:00,1767470411.0,0.001
2026-01-03 21:00:00,1767474011.0,0.001
2026-01-03 22:00:00,1767477609.0,0.001
2026-01-03 23:00:00,1767481209.0,0.001
2026-01-04 00:00:00,1767484811.0,0.001
2026-01-04 01:00:00,1767488409.0,0.001
2026-01-04 02:00:00,1767492009.0,0.001
2026-01-04 03:00:00,1767495623.0,0.001
2026-01-04 04:00:00,1767499210.0,0.001
2026-01-04 05:00:00,1767502809.0,0.001
2026-01-04 06:00:00,1767506409.0,0.001
2026-01-04 07:00:00,1767510010.0,0.001
2026-01-04 08:00:00,1767513609.0,0.0005
2026-01-04 09:00:00,1767517209.0,0.0005
2026-01-04 10:00:00,1767520808.0,0.0005
2026-01-04 11:00:00,1767524414.0,0.0005
2026-01-04 12:00:00,1767528011.0,0.0005
2026-01-04 13:00:00,1767531609.0,0.0005
2026-01-04 14:00:00,1767535209.0,0.0005
2026-01-04 15:00:00,1767538815.0,0.0005
2026-01-04 16:00:00,1767542411.0,0.0005
2026-01-04 17:00:00,1767546010.0,0.0005
2026-01-04 18:00:00,1767549610.0,0.0005
2026-01-04 19:00:00,1767553209.0,0.0005
2026-01-04 20:00:00,1767556827.0,0.0005
2026-01-04 21:00:00,1767560412.0,0.0005
2026-01-04 22:00:00,1767564010.0,0.0005
2026-01-04 23:00:00,1767567609.0,0.0005
2026-01-05 00:00:00,1767571211.0,0.0005
2026-01-05 01:00:00,1767574809.0,0.0005
2026-01-05 02:00:00,1767578409.0,0.0005
2026-01-05 03:00:00,1767582010.0,0.0005
2026-01-05 04:00:00,1767585608.0,0.0005
2026-01-05 05:00:00,1767589223.0,0.0005
2026-01-05 06:00:00,1767592810.0,0.0005
2026-01-05 07:00:00,1767596409.0,0.0005
2026-01-05 08:00:00,1767600010.0,0.0005
2026-01-05 09:00:00,1767603614.0,0.0005
2026-01-05 10:00:00,1767607208.0,0.0005
2026-01-05 11:00:00,1767610808.0,0.0005
2026-01-05 12:00:00,1767614409.0,0.0005
2026-01-05 13:00:00,1767618009.0,0.0005
2026-01-05 14:00:00,1767621609.0,0.0005
2026-01-05 15:00:00,1767625210.0,0.0005
2026-01-05 16:00:00,1767628810.0,0.0005
2026-01-05 17:00:00,1767632413.0,0.0005
2026-01-05 18:00:00,1767636010.0,0.0005
2026-01-05 19:00:00,1767639609.0,0.0005
2026-01-05 20:00:00,1767643208.0,0.0005
2026-01-05 21:00:00,1767646811.0,0.0005
2026-01-05 22:00:00,1767650426.0,0.0005
2026-01-05 23:00:00,1767654009.0,0.0005
2026-01-06 00:00:00,1767657614.0,0.0005
2026-01-06 01:00:00,1767661215.0,0.0005
2026-01-06 02:00:00,1767664809.0,0.0005
2026-01-06 03:00:00,1767668410.0,0.0005
2026-01-06 04:00:00,1767672011.0,0.0005
2026-01-06 05:00:00,1767675609.0,0.0005
2026-01-06 06:00:00,1767679212.0,0.0005
2026-01-06 07:00:00,1767682813.0,0.0005
2026-01-06 08:00:00,1767686412.0,0.0005
2026-01-06 09:00:00,1767690011.0,0.0005
2026-01-06 10:00:00,1767693609.0,0.0005
2026-01-06 11:00:00,1767697214.0,0.0005
2026-01-06 12:00:00,1767700810.0,0.0005
2026-01-06 13:00:00,1767704413.0,0.0005
2026-01-06 14:00:00,1767708010.0,0.0005
2026-01-06 15:00:00,1767711615.0,0.0005
2026-01-06 16:00:00,1767715210.0,0.0005
2026-01-06 17:00:00,1767718810.0,0.0005
2026-01-06 18:00:00,1767722410.0,0.0005
2026-01-06 19:00:00,1767726010.0,0.0005
2026-01-06 20:00:00,1767729610.0,0.0005
2026-01-06 21:00:00,1767733209.0,0.0005
2026-01-06 22:00:00,1767736809.0,0.0015
2026-01-06 23:00:00,1767740413.0,0.0015
2026-01-07 00:00:00,1767744011.0,0.0015
2026-01-07 01:00:00,1767747609.0,0.0015
2026-01-07 02:00:00,1767751210.0,0.0005
2026-01-07 03:00:00,1767754811.0,0.0005
2026-01-07 04:00:00,1767758409.0,0.0005
2026-01-07 05:00:00,1767762010.0,0.0005
2026-01-07 06:00:00,1767765615.0,0.0005
2026-01-07 07:00:00,1767769210.0,0.0005
2026-01-07 08:00:00,1767772810.0,0.0005
2026-01-07 09:00:00,1767776410.0,0.0005
2026-01-07 10:00:00,1767780015.0,0.0005
2026-01-07 11:00:00,1767783609.0,0.0005
2026-01-07 12:00:00,1767787215.0,0.0005
2026-01-07 13:00:00,1767790809.0,0.0005
2026-01-07 14:00:00,1767794409.0,0.0005
2026-01-07 15:00:00,1767798012.0,0.0005
2026-01-07 16:00:00,1767801610.0,0.0005
2026-01-07 17:00:00,1767805211.0,0.0005
2026-01-07 18:00:00,1767808810.0,0.0005
2026-01-07 19:00:00,1767812411.0,0.0005
2026-01-07 20:00:00,1767816010.0,0.0005
2026-01-07 21:00:00,1767819616.0,0.0005
2026-01-07 22:00:00,1767823214.0,0.0005
2026-01-07 23:00:00,1767826810.0,0.0005
2026-01-08 00:00:00,1767830426.0,0.0005
2026-01-08 01:00:00,1767834023.0,0.0005
2026-01-08 02:00:00,1767837610.0,0.0005
2026-01-08 03:00:00,1767841210.0,0.0005
2026-01-08 04:00:00,1767844810.0,0.0005
2026-01-08 05:00:00,1767848410.0,0.0005
2026-01-08 06:00:00,1767852010.0,0.0005
2026-01-08 07:00:00,1767855610.0,0.001
2026-01-08 08:00:00,1767859220.0,0.001
2026-01-08 09:00:00,1767862810.0,0.0005
2026-01-08 10:00:00,1767866414.0,0.0005
2026-01-08 11:00:00,1767870010.0,0.0005
2026-01-08 12:00:00,1767873615.0,0.0005
2026-01-08 13:00:00,1767877209.0,0.0005
2026-01-08 14:00:00,1767880814.0,0.0005
2026-01-08 15:00:00,1767884410.0,0.0005
2026-01-08 16:00:00,1767888025.0,0.0005
2026-01-08 17:00:00,1767891613.0,0.0005
2026-01-08 18:00:00,1767895210.0,0.0005
2026-01-08 19:00:00,1767898811.0,0.0005
2026-01-08 20:00:00,1767902411.0,0.0005
2026-01-08 21:00:00,1767906012.0,0.0005
2026-01-08 22:00:00,1767909611.0,0.0005
2026-01-08 23:00:00,1767913212.0,0.0005
2026-01-09 00:00:00,1767916811.0,0.0005
2026-01-09 01:00:00,1767920410.0,0.0005
2026-01-09 02:00:00,1767924011.0,0.0005
2026-01-09 03:00:00,1767927612.0,0.0005
2026-01-09 04:00:00,1767931210.0,0.0005
2026-01-09 05:00:00,1767934811.0,0.0005
2026-01-09 06:00:00,1767938411.0,0.0005
2026-01-09 07:00:00,1767942010.0,0.0005
2026-01-09 08:00:00,1767945611.0,0.0005
2026-01-09 09:00:00,1767949211.0,0.0005
2026-01-09 10:00:00,1767952812.0,0.0005
2026-01-09 11:00:00,1767956410.0,0.0005
2026-01-09 12:00:00,1767960025.0,0.0005
2026-01-09 13:00:00,1767963611.0,0.0005
2026-01-09 14:00:00,1767967211.0,0.0005
2026-01-09 15:00:00,1767970811.0,0.0005
2026-01-09 16:00:00,1767974413.0,0.0005
2026-01-09 17:00:00,1767978013.0,0.0005
2026-01-09 18:00:00,1767981614.0,0.0005
2026-01-09 19:00:00,1767985212.0,0.0005
2026-01-09 20:00:00,1767988815.0,0.0005
2026-01-09 21:00:00,1767992412.0,0.0005
2026-01-09 22:00:00,1767996012.0,0.001
2026-01-09 23:00:00,1767999611.0,0.001
2026-01-10 00:00:00,1768003212.0,0.001
2026-01-10 01:00:00,1768006812.0,0.001
2026-01-10 02:00:00,1768010409.0,0.001
2026-01-10 03:00:00,1768014011.0,0.001
2026-01-10 04:00:00,1768017610.0,0.0005
2026-01-10 05:00:00,1768021210.0,0.0005
2026-01-10 06:00:00,1768024812.0,0.0005
2026-01-10 07:00:00,1768028410.0,0.0005
2026-01-10 08:00:00,1768032025.0,0.0005
2026-01-10 09:00:00,1768035613.0,0.0005
2026-01-10 10:00:00,1768039211.0,0.0005
2026-01-10 11:00:00,1768042812.0,0.0005
2026-01-10 12:00:00,1768046411.0,0.0005
2026-01-10 13:00:00,1768050012.0,0.0005
2026-01-10 14:00:00,1768053615.0,0.0005
2026-01-10 15:00:00,1768057212.0,0.0005
2026-01-10 16:00:00,1768060823.0,0.0005
2026-01-10 17:00:00,1768064413.0,0.0005
2026-01-10 18:00:00,1768068014.0,0.0005
2026-01-10 19:00:00,1768071611.0,0.0005
2026-01-10 20:00:00,1768075210.0,0.0005
2026-01-10 21:00:00,1768078815.0,0.0005
2026-01-10 22:00:00,1768082411.0,0.0005
2026-01-10 23:00:00,1768086015.0,0.0005
2026-01-11 00:00:00,1768089611.0,0.0005
2026-01-11 01:00:00,1768093212.0,0.0005
2026-01-11 02:00:00,1768096824.0,0.0005
2026-01-11 03:00:00,1768100411.0,0.0005
2026-01-11 04:00:00,1768104012.0,0.0005
2026-01-11 05:00:00,1768107609.0,0.0005
2026-01-11 06:00:00,1768111211.0,0.0005
2026-01-11 07:00:00,1768114811.0,0.0005
2026-01-11 08:00:00,1768118410.0,0.0005
2026-01-11 09:00:00,1768122009.0,0.0005
2026-01-11 10:00:00,1768125609.0,0.001
2026-01-11 11:00:00,1768129213.0,0.0005
2026-01-11 12:00:00,1768132810.0,0.0005
2026-01-11 13:00:00,1768136411.0,0.0005
2026-01-11 14:00:00,1768140010.0,0.0005
2026-01-11 15:00:00,1768143613.0,0.0005
2026-01-11 16:00:00,1768147209.0,0.0005
2026-01-11 17:00:00,1768150813.0,0.0005
2026-01-11 18:00:00,1768154412.0,0.0005
2026-01-11 19:00:00,1768158012.0,0.0005
2026-01-11 20:00:00,1768161611.0,0.001
2026-01-11 21:00:00,1768165229.0,0.001
2026-01-11 22:00:00,1768168812.0,0.001
2026-01-11 23:00:00,1768172411.0,0.001
2026-01-12 00:00:00,1768176013.0,0.001
2026-01-12 01:00:00,1768179611.0,0.001
2026-01-12 02:00:00,1768183221.0,0.001
2026-01-12 03:00:00,1768186827.0,0.001
2026-01-12 04:00:00,1768190410.0,0.001
2026-01-12 05:00:00,1768194011.0,0.001
2026-01-12 06:00:00,1768197610.0,0.001
2026-01-12 07:00:00,1768201212.0,0.001
2026-01-12 08:00:00,1768204812.0,0.0005
2026-01-12 09:00:00,1768208410.0,0.0005
2026-01-12 10:00:00,1768212010.0,0.0005
2026-01-12 11:00:00,1768215621.0,0.0005
2026-01-12 12:00:00,1768219217.0,0.0005
2026-01-12 13:00:00,1768222812.0,0.0005
2026-01-12 14:00:00,1768226410.0,0.0005
2026-01-12 15:00:00,1768230012.0,0.0005
2026-01-12 16:00:00,1768233609.0,0.0005
2026-01-12 17:00:00,1768237210.0,0.0005
2026-01-12 18:00:00,1768240837.0,0.0005
2026-01-12 19:00:00,1768244411.0,0.0005
2026-01-12 20:00:00,1768248012.0,0.0005
2026-01-12 21:00:00,1768251613.0,0.0005
2026-01-12 22:00:00,1768255239.0,0.0005
2026-01-12 23:00:00,1768258816.0,0.0005
2026-01-13 00:00:00,1768262413.0,0.0005
2026-01-13 01:00:00,1768266086.0,0.0005
2026-01-13 02:00:00,1768269610.0,0.0005
2026-01-13 03:00:00,1768273214.0,0.0005
2026-01-13 04:00:00,1768276811.0,0.0005
2026-01-13 05:00:00,1768280411.0,0.0005
2026-01-13 06:00:00,1768284012.0,0.0005
2026-01-13 07:00:00,1768287617.0,0.0005
2026-01-13 08:00:00,1768291224.0,0.0005
2026-01-13 09:00:00,1768294814.0,0.0005
2026-01-13 10:00:00,1768298411.0,0.001
2026-01-13 11:00:00,1768302012.0,0.001
2026-01-13 12:00:00,1768305614.0,0.001
2026-01-13 13:00:00,1768309255.0,0.0005
2026-01-13 14:00:00,1768312826.0,0.0005
2026-01-13 15:00:00,1768316412.0,0.0005
2026-01-13 16:00:00,1768320013.0,0.0005
2026-01-13 17:00:00,1768323612.0,0.0005
2026-01-13 18:00:00,1768327212.0,0.0005
2026-01-13 19:00:00,1768330843.0,0.0005
2026-01-13 20:00:00,1768334411.0,0.0005
2026-01-13 21:00:00,1768338012.0,0.0005
2026-01-13 22:00:00,1768341611.0,0.001
2026-01-13 23:00:00,1768345212.0,0.001
2026-01-14 00:00:00,1768348812.0,0.001
2026-01-14 01:00:00,1768352412.0,0.001
2026-01-14 02:00:00,1768356013.0,0.001
2026-01-14 03:00:00,1768359612.0,0.001
2026-01-14 04:00:00,1768363212.0,0.001
2026-01-14 05:00:00,1768366813.0,0.001
2026-01-14 06:00:00,1768370412.0,0.0015
2026-01-14 07:00:00,1768374013.0,0.0015
2026-01-14 08:00:00,1768377627.0,0.0015
2026-01-14 09:00:00,1768381212.0,0.0015
2026-01-14 10:00:00,1768384811.0,0.0015
2026-01-14 11:00:00,1768388411.0,0.0015
2026-01-14 12:00:00,1768392013.0,0.0015
2026-01-14 13:00:00,1768395612.0,0.0015
2026-01-14 14:00:00,1768399211.0,0.0015
2026-01-14 15:00:00,1768402816.0,0.0015
2026-01-14 16:00:00,1768406425.0,0.0015
2026-01-14 17:00:00,1768410014.0,0.0015
2026-01-14 18:00:00,1768413613.0,0.0015
2026-01-14 19:00:00,1768417212.0,0.0015
2026-01-14 20:00:00,1768420812.0,0.0015
2026-01-14 21:00:00,1768424414.0,0.0015
2026-01-14 22:00:00,1768428013.0,0.0015
2026-01-14 23:00:00,1768431612.0,0.0015
2026-01-15 00:00:00,1768435213.0,0.0015
2026-01-15 01:00:00,1768438811.0,0.0015
2026-01-15 02:00:00,1768442412.0,0.001
2026-01-15 03:00:00,1768446015.0,0.001
2026-01-15 04:00:00,1768449612.0,0.001
2026-01-15 05:00:00,1768453212.0,0.001
2026-01-15 06:00:00,1768456812.0,0.001
2026-01-15 07:00:00,1768460412.0,0.001
2026-01-15 08:00:00,1768464011.0,0.001
2026-01-15 09:00:00,1768467613.0,0.001
2026-01-15 10:00:00,1768471212.0,0.001
2026-01-15 11:00:00,1768474812.0,0.001
2026-01-15 12:00:00,1768478412.0,0.001
2026-01-15 13:00:00,1768482013.0,0.001
2026-01-15 14:00:00,1768485612.0,0.0005
2026-01-15 15:00:00,1768489212.0,0.0005
2026-01-15 16:00:00,1768492812.0,0.0005
2026-01-15 17:00:00,1768496415.0,0.0005
2026-01-15 18:00:00,1768500015.0,0.0005
2026-01-15 19:00:00,1768503615.0,0.0005
2026-01-15 20:00:00,1768507214.0,0.001
2026-01-15 21:00:00,1768510815.0,0.001
2026-01-15 22:00:00,1768514413.0,0.0005
2026-01-15 23:00:00,1768518014.0,0.0005
2026-01-16 00:00:00,1768521615.0,0.0005
2026-01-16 01:00:00,1768525214.0,0.0005
2026-01-16 02:00:00,1768528814.0,0.0005
2026-01-16 03:00:00,1768532414.0,0.0005
2026-01-16 04:00:00,1768536013.0,0.0005
2026-01-16 05:00:00,1768539612.0,0.0005
2026-01-16 06:00:00,1768543213.0,0.0005
2026-01-16 07:00:00,1768546812.0,0.0005
2026-01-16 08:00:00,1768550413.0,0.0005
2026-01-16 09:00:00,1768554012.0,0.0005
2026-01-16 10:00:00,1768557612.0,0.0005
2026-01-16 11:00:00,1768561211.0,0.0005
2026-01-16 12:00:00,1768564814.0,0.0005
2026-01-16 13:00:00,1768568413.0,0.0005
2026-01-16 14:00:00,1768572012.0,0.0005
2026-01-16 15:00:00,1768575612.0,0.0005
2026-01-16 16:00:00,1768579212.0,0.0005
2026-01-16 17:00:00,1768582813.0,0.0005
2026-01-16 18:00:00,1768586414.0,0.0005
2026-01-16 19:00:00,1768590013.0,0.0005
2026-01-16 20:00:00,1768593612.0,0.0005
2026-01-16 21:00:00,1768597214.0,0.0005
2026-01-16 22:00:00,1768600816.0,0.0005
2026-01-16 23:00:00,1768604412.0,0.0005
2026-01-17 00:00:00,1768608013.0,0.0005
2026-01-17 01:00:00,1768611613.0,0.0005
2026-01-17 02:00:00,1768615213.0,0.0005
2026-01-17 03:00:00,1768618814.0,0.0005
2026-01-17 04:00:00,1768622412.0,0.0005
2026-01-17 05:00:00,1768626013.0,0.0005
2026-01-17 06:00:00,1768629613.0,0.0005
2026-01-17 07:00:00,1768633213.0,0.0005
2026-01-17 08:00:00,1768636812.0,0.0005
2026-01-17 09:00:00,1768640413.0,0.0005
2026-01-17 10:00:00,1768644025.0,0.0005
2026-01-17 11:00:00,1768647612.0,0.0005
2026-01-17 12:00:00,1768651214.0,0.0005
2026-01-17 13:00:00,1768654813.0,0.0005
2026-01-17 14:00:00,1768658417.0,0.0005
2026-01-17 15:00:00,1768662015.0,0.0005
2026-01-17 16:00:00,1768665612.0,0.0005
2026-01-17 17:00:00,1768669224.0,0.0005
2026-01-17 18:00:00,1768672816.0,0.0005
2026-01-17 19:00:00,1768676413.0,0.0005
2026-01-17 20:00:00,1768680015.0,0.0005
2026-01-17 21:00:00,1768683626.0,0.0005
2026-01-17 22:00:00,1768687213.0,0.0005
2026-01-17 23:00:00,1768690813.0,0.0005
2026-01-18 00:00:00,1768694416.0,0.0005
2026-01-18 01:00:00,1768698012.0,0.0005
2026-01-18 02:00:00,1768701643.0,0.0015
2026-01-18 03:00:00,1768705213.0,0.0005
2026-01-18 04:00:00,1768708813.0,0.0005
2026-01-18 05:00:00,1768712423.0,0.0005
2026-01-18 06:00:00,1768716039.0,0.0005
2026-01-18 07:00:00,1768719611.0,0.0005
2026-01-18 08:00:00,1768723228.0,0.0005
2026-01-18 09:00:00,1768726812.0,0.0005
2026-01-18 10:00:00,1768730410.0,0.0005
2026-01-18 11:00:00,1768734014.0,0.0005
2026-01-18 12:00:00,1768737628.0,0.0005
2026-01-18 13:00:00,1768741225.0,0.0005
2026-01-18 14:00:00,1768744813.0,0.0005
2026-01-18 15:00:00,1768748412.0,0.0005
2026-01-18 16:00:00,1768752011.0,0.0005
2026-01-18 17:00:00,1768755628.0,0.0015
2026-01-18 18:00:00,1768759226.0,0.0015
2026-01-18 19:00:00,1768762811.0,0.0005
2026-01-18 20:00:00,1768766412.0,0.0005
2026-01-18 21:00:00,1768770012.0,0.0005
2026-01-18 22:00:00,1768773611.0,0.0005
2026-01-18 23:00:00,1768777212.0,0.0005
2026-01-19 00:00:00,1768780812.0,0.0005
2026-01-19 01:00:00,1768784507.0,0.0005
2026-01-19 02:00:00,1768788016.0,0.0005
2026-01-19 03:00:00,1768791611.0,0.0005
2026-01-19 04:00:00,1768795216.0,0.0005
2026-01-19 05:00:00,1768798821.0,0.0005
2026-01-19 06:00:00,1768802412.0,0.0005
2026-01-19 07:00:00,1768806022.0,0.0005
2026-01-19 08:00:00,1768809622.0,0.0005
2026-01-19 09:00:00,1768813212.0,0.0005
2026-01-19 10:00:00,1768816811.0,0.0005
2026-01-19 11:00:00,1768820421.0,0.0005
2026-01-19 12:00:00,1768824013.0,0.0005
2026-01-19 13:00:00,1768827610.0,0.0005
2026-01-19 14:00:00,1768831210.0,0.0005
2026-01-19 15:00:00,1768834812.0,0.0005
2026-01-19 16:00:00,1768838411.0,0.0005
2026-01-19 17:00:00,1768842023.0,0.0005
2026-01-19 18:00:00,1768845612.0,0.0005
2026-01-19 19:00:00,1768849212.0,0.0005
2026-01-19 20:00:00,1768852813.0,0.0005
2026-01-19 21:00:00,1768856412.0,0.0005
2026-01-19 22:00:00,1768860012.0,0.0005
2026-01-19 23:00:00,1768863615.0,0.0005
2026-01-20 00:00:00,1768867213.0,0.0005
2026-01-20 01:00:00,1768870811.0,0.0005
2026-01-20 02:00:00,1768874411.0,0.0005
2026-01-20 03:00:00,1768878027.0,0.0005
2026-01-20 04:00:00,1768881615.0,0.0005
2026-01-20 05:00:00,1768885226.0,0.0005
2026-01-20 06:00:00,1768888814.0,0.0005
2026-01-20 07:00:00,1768892411.0,0.0005
2026-01-20 08:00:00,1768896012.0,0.0005
2026-01-20 09:00:00,1768899611.0,0.0005
2026-01-20 10:00:00,1768903211.0,0.0005
2026-01-20 11:00:00,1768906811.0,0.0005
2026-01-20 12:00:00,1768910413.0,0.0005
2026-01-20 13:00:00,1768914012.0,0.0005
2026-01-20 14:00:00,1768917611.0,0.0005
2026-01-20 15:00:00,1768921213.0,0.0005
2026-01-20 16:00:00,1768924810.0,0.0005
2026-01-20 17:00:00,1768928411.0,0.0005
2026-01-20 18:00:00,1768932011.0,0.0005
2026-01-20 19:00:00,1768935611.0,0.0005
2026-01-20 20:00:00,1768939211.0,0.0005
2026-01-20 21:00:00,1768942829.0,0.0005
2026-01-20 22:00:00,1768946412.0,0.0005
2026-01-20 23:00:00,1768950011.0,0.0005
2026-01-21 00:00:00,1768953613.0,0.0005
2026-01-21 01:00:00,1768957211.0,0.0005
2026-01-21 02:00:00,1768960813.0,0.0005
2026-01-21 03:00:00,1768964412.0,0.0005
2026-01-21 04:00:00,1768968011.0,0.0005
2026-01-21 05:00:00,1768971611.0,0.0005
2026-01-21 06:00:00,1768975212.0,0.0005
2026-01-21 07:00:00,1768978812.0,0.0005
2026-01-21 08:00:00,1768982412.0,0.0005
2026-01-21 09:00:00,1768986018.0,0.0005
2026-01-21 10:00:00,1768989611.0,0.0005
2026-01-21 11:00:00,1768993211.0,0.0005
2026-01-21 12:00:00,1768996826.0,0.0005
2026-01-21 13:00:00,1769000411.0,0.0005
2026-01-21 14:00:00,1769004012.0,0.0005
2026-01-21 15:00:00,1769007612.0,0.0005
2026-01-21 16:00:00,1769011212.0,0.0005
2026-01-21 17:00:00,1769014814.0,0.0005
2026-01-21 18:00:00,1769018428.0,0.0005
2026-01-21 19:00:00,1769022025.0,0.0005
2026-01-21 20:00:00,1769025613.0,0.0005
2026-01-21 21:00:00,1769029241.0,0.0005
2026-01-21 22:00:00,1769032812.0,0.0005
2026-01-21 23:00:00,1769036413.0,0.0005
2026-01-22 00:00:00,1769040016.0,0.0005
2026-01-22 01:00:00,1769043612.0,0.0005
2026-01-22 02:00:00,1769047215.0,0.0005
2026-01-22 03:00:00,1769050814.0,0.0005
2026-01-22 04:00:00,1769054411.0,0.0005
2026-01-22 05:00:00,1769058011.0,0.0005
2026-01-22 06:00:00,1769061612.0,0.0005
2026-01-22 07:00:00,1769065212.0,0.0005
2026-01-22 08:00:00,1769068812.0,0.0005
2026-01-22 09:00:00,1769072413.0,0.0005
2026-01-22 10:00:00,1769076012.0,0.0005
2026-01-22 11:00:00,1769079611.0,0.0005
2026-01-22 12:00:00,1769083230.0,0.0005
2026-01-22 13:00:00,1769086812.0,0.0005
2026-01-22 14:00:00,1769090411.0,0.0005
2026-01-22 15:00:00,1769094015.0,0.0005
2026-01-22 16:00:00,1769097612.0,0.0005
2026-01-22 17:00:00,1769101213.0,0.0005
2026-01-22 18:00:00,1769104816.0,0.0005
2026-01-22 19:00:00,1769108412.0,0.0005
2026-01-22 20:00:00,1769112013.0,0.0005
2026-01-22 21:00:00,1769115615.0,0.0005
2026-01-22 22:00:00,1769119213.0,0.0005
2026-01-22 23:00:00,1769122813.0,0.0005
2026-01-23 00:00:00,1769126429.0,0.0005
2026-01-23 01:00:00,1769130012.0,0.0005
2026-01-23 02:00:00,1769133613.0,0.0005
2026-01-23 03:00:00,1769137218.0,0.0005
2026-01-23 04:00:00,1769140813.0,0.0005
2026-01-23 05:00:00,1769144411.0,0.0005
2026-01-23 06:00:00,1769148012.0,0.0005
2026-01-23 07:00:00,1769151612.0,0.0005
2026-01-23 08:00:00,1769155212.0,0.0005
2026-01-23 09:00:00,1769158813.0,0.0005
2026-01-23 10:00:00,1769162415.0,0.0005
2026-01-23 11:00:00,1769166013.0,0.0005
2026-01-23 12:00:00,1769169620.0,0.0005
2026-01-23 13:00:00,1769173211.0,0.0005
2026-01-23 14:00:00,1769176811.0,0.0005
2026-01-23 15:00:00,1769180413.0,0.0005
2026-01-23 16:00:00,1769184011.0,0.0005
2026-01-23 17:00:00,1769187626.0,0.0005
2026-01-23 18:00:00,1769191216.0,0.0005
2026-01-23 19:00:00,1769194814.0,0.0005
2026-01-23 20:00:00,1769198412.0,0.0005
2026-01-23 21:00:00,1769202014.0,0.0005
2026-01-23 22:00:00,1769205613.0,0.0005
2026-01-23 23:00:00,1769209214.0,0.0005
2026-01-24 00:00:00,1769212817.0,0.0005
2026-01-24 01:00:00,1769216414.0,0.0005
2026-01-24 02:00:00,1769220016.0,0.0005
2026-01-24 03:00:00,1769223618.0,0.0005
2026-01-24 04:00:00,1769227212.0,0.0005
2026-01-24 05:00:00,1769230831.0,0.0005
2026-01-24 06:00:00,1769234418.0,0.0005
2026-01-24 07:00:00,1769238012.0,0.0005
2026-01-24 08:00:00,1769241614.0,0.0005
2026-01-24 09:00:00,1769245215.0,0.0005
2026-01-24 10:00:00,1769248816.0,0.0005
2026-01-24 11:00:00,1769252415.0,0.0005
2026-01-24 12:00:00,1769256017.0,0.0005
2026-01-24 13:00:00,1769259612.0,0.0005
2026-01-24 14:00:00,1769263219.0,0.0005
2026-01-24 15:00:00,1769266818.0,0.0005
2026-01-24 16:00:00,1769270413.0,0.0005
2026-01-24 17:00:00,1769274016.0,0.0005
2026-01-24 18:00:00,1769277615.0,0.0005
2026-01-24 19:00:00,1769281214.0,0.0005
2026-01-24 20:00:00,1769284813.0,0.0005
2026-01-24 21:00:00,1769288416.0,0.0005
2026-01-24 22:00:00,1769292012.0,0.0005
2026-01-24 23:00:00,1769295612.0,0.0005
2026-01-25 00:00:00,1769299230.0,0.0005
2026-01-25 01:00:00,1769302813.0,0.0005
2026-01-25 02:00:00,1769306412.0,0.0005
2026-01-25 03:00:00,1769310013.0,0.0005
2026-01-25 04:00:00,1769313611.0,0.0005
2026-01-25 05:00:00,1769317211.0,0.0005
2026-01-25 06:00:00,1769320811.0,0.0005
2026-01-25 07:00:00,1769324413.0,0.0005
2026-01-25 08:00:00,1769328012.0,0.0005
2026-01-25 09:00:00,1769331619.0,0.0005
2026-01-25 10:00:00,1769335216.0,0.0005
2026-01-25 11:00:00,1769338811.0,0.0005
2026-01-25 12:00:00,1769342421.0,0.0005
2026-01-25 13:00:00,1769346024.0,0.0005
2026-01-25 14:00:00,1769349612.0,0.0005
2026-01-25 15:00:00,1769353214.0,0.0005
2026-01-25 16:00:00,1769356815.0,0.0005
2026-01-25 17:00:00,1769360424.0,0.0005
2026-01-25 18:00:00,1769364016.0,0.0005
2026-01-25 19:00:00,1769367612.0,0.0005
2026-01-25 20:00:00,1769371212.0,0.0005
2026-01-25 21:00:00,1769374814.0,0.0005
2026-01-25 22:00:00,1769378413.0,0.0005
2026-01-25 23:00:00,1769382012.0,0.0005
2026-01-26 00:00:00,1769385628.0,0.0005
2026-01-26 01:00:00,1769389212.0,0.0005
2026-01-26 02:00:00,1769392813.0,0.0005
2026-01-26 03:00:00,1769396412.0,0.0005
2026-01-26 04:00:00,1769400012.0,0.0005
2026-01-26 05:00:00,1769403611.0,0.0005
2026-01-26 06:00:00,1769407214.0,0.0005
2026-01-26 07:00:00,1769410813.0,0.0005
2026-01-26 08:00:00,1769414412.0,0.0005
2026-01-26 09:00:00,1769418016.0,0.0005
2026-01-26 10:00:00,1769421611.0,0.0005
2026-01-26 11:00:00,1769425213.0,0.0005
2026-01-26 12:00:00,1769428816.0,0.0005
2026-01-26 13:00:00,1769432416.0,0.0005
2026-01-26 14:00:00,1769436012.0,0.0005
2026-01-26 15:00:00,1769439614.0,0.0005
2026-01-26 16:00:00,1769443213.0,0.0005
2026-01-26 17:00:00,1769446817.0,0.0005
2026-01-26 18:00:00,1769450415.0,0.0005
2026-01-26 19:00:00,1769454013.0,0.0005
2026-01-26 20:00:00,1769457613.0,0.0005
2026-01-26 21:00:00,1769461213.0,0.0005
2026-01-26 22:00:00,1769464813.0,0.0005
2026-01-26 23:00:00,1769468413.0,0.0005
2026-01-27 00:00:00,1769472025.0,0.0005
2026-01-27 01:00:00,1769475612.0,0.0005
2026-01-27 02:00:00,1769479211.0,0.0005
2026-01-27 03:00:00,1769482820.0,0.0005
2026-01-27 04:00:00,1769486413.0,0.0005
2026-01-27 05:00:00,1769490012.0,0.0005
2026-01-27 06:00:00,1769493612.0,0.0005
2026-01-27 07:00:00,1769497218.0,0.0005
2026-01-27 08:00:00,1769500812.0,0.0005
2026-01-27 09:00:00,1769504414.0,0.0005
2026-01-27 10:00:00,1769508020.0,0.0005
2026-01-27 11:00:00,1769511613.0,0.0005
2026-01-27 12:00:00,1769515215.0,0.0005
2026-01-27 13:00:00,1769518825.0,0.0005
2026-01-27 14:00:00,1769522412.0,0.0005
2026-01-27 15:00:00,1769526013.0,0.0005
2026-01-27 16:00:00,1769529612.0,0.0005
2026-01-27 17:00:00,1769533212.0,0.0005
2026-01-27 18:00:00,1769536813.0,0.0005
2026-01-27 19:00:00,1769540413.0,0.0005
2026-01-27 20:00:00,1769544012.0,0.0005
2026-01-27 21:00:00,1769547613.0,0.0005
2026-01-27 22:00:00,1769551212.0,0.0005
2026-01-27 23:00:00,1769554813.0,0.0005
2026-01-28 00:00:00,1769558416.0,0.0005
2026-01-28 01:00:00,1769562015.0,0.0005
2026-01-28 02:00:00,1769565613.0,0.0005
2026-01-28 03:00:00,1769569213.0,0.0005
2026-01-28 04:00:00,1769572816.0,0.0005
2026-01-28 05:00:00,1769576412.0,0.0005
2026-01-28 06:00:00,1769580012.0,0.0005
2026-01-28 07:00:00,1769583613.0,0.0005
2026-01-28 08:00:00,1769587213.0,0.0005
2026-01-28 09:00:00,1769590814.0,0.0005
2026-01-28 10:00:00,1769594421.0,0.0005
2026-01-28 11:00:00,1769598012.0,0.0005
2026-01-28 12:00:00,1769601617.0,0.0005
2026-01-28 13:00:00,1769605216.0,0.0005
2026-01-28 14:00:00,1769608813.0,0.0005
2026-01-28 15:00:00,1769612413.0,0.0005
2026-01-28 16:00:00,1769616013.0,0.0005
2026-01-28 17:00:00,1769619613.0,0.0005
2026-01-28 18:00:00,1769623218.0,0.0005
2026-01-28 19:00:00,1769626813.0,0.0005
2026-01-28 20:00:00,1769630414.0,0.0005
2026-01-28 21:00:00,1769634013.0,0.0005
2026-01-28 22:00:00,1769637614.0,0.0005
2026-01-28 23:00:00,1769641214.0,0.0005
2026-01-29 00:00:00,1769644830.0,0.0005
2026-01-29 01:00:00,1769648414.0,0.0005
2026-01-29 02:00:00,1769652013.0,0.0005
2026-01-29 03:00:00,1769655616.0,0.0005
2026-01-29 04:00:00,1769659214.0,0.0005
2026-01-29 05:00:00,1769662813.0,0.0005
2026-01-29 06:00:00,1769666414.0,0.0005
2026-01-29 07:00:00,1769670014.0,0.0005
2026-01-29 08:00:00,1769673614.0,0.0005
2026-01-29 09:00:00,1769677216.0,0.0005
2026-01-29 10:00:00,1769680815.0,0.0005
2026-01-29 11:00:00,1769684415.0,0.0005
2026-01-29 12:00:00,1769688018.0,0.0005
2026-01-29 13:00:00,1769691614.0,0.0005
2026-01-29 14:00:00,1769695214.0,0.0005
2026-01-29 15:00:00,1769698814.0,0.0005
2026-01-29 16:00:00,1769702414.0,0.0005
2026-01-29 17:00:00,1769706014.0,0.0005
2026-01-29 18:00:00,1769709615.0,0.0005
2026-01-29 19:00:00,1769713214.0,0.0005
2026-01-29 20:00:00,1769716824.0,0.0005
2026-01-29 21:00:00,1769720417.0,0.0005
2026-01-29 22:00:00,1769724015.0,0.0005
2026-01-29 23:00:00,1769727614.0,0.0005
2026-01-30 00:00:00,1769731217.0,0.0005
2026-01-30 01:00:00,1769734814.0,0.0005
2026-01-30 02:00:00,1769738415.0,0.0005
2026-01-30 03:00:00,1769742015.0,0.0005
2026-01-30 04:00:00,1769745615.0,0.0005
2026-01-30 05:00:00,1769749214.0,0.0005
2026-01-30 06:00:00,1769752814.0,0.0005
2026-01-30 07:00:00,1769756413.0,0.0005
2026-01-30 08:00:00,1769760014.0,0.0005
2026-01-30 09:00:00,1769763618.0,0.0005
2026-01-30 10:00:00,1769767213.0,0.0005
2026-01-30 11:00:00,1769770819.0,0.0005
2026-01-30 12:00:00,1769774421.0,0.0005
2026-01-30 13:00:00,1769778014.0,0.0005
2026-01-30 14:00:00,1769781615.0,0.0005
2026-01-30 15:00:00,1769785216.0,0.0005
2026-01-30 16:00:00,1769788815.0,0.0005
2026-01-30 17:00:00,1769792415.0,0.0005
2026-01-30 18:00:00,1769796015.0,0.0005
2026-01-30 19:00:00,1769799615.0,0.0005
2026-01-30 20:00:00,1769803214.0,0.0005
2026-01-30 21:00:00,1769806816.0,0.0005
2026-01-30 22:00:00,1769810416.0,0.0005
2026-01-30 23:00:00,1769814014.0,0.0005
2026-01-31 00:00:00,1769817617.0,0.0005
2026-01-31 01:00:00,1769821214.0,0.0005
2026-01-31 02:00:00,1769824815.0,0.0005
2026-01-31 03:00:00,1769828415.0,0.0005
2026-01-31 04:00:00,1769832014.0,0.0005
2026-01-31 05:00:00,1769835614.0,0.0005
2026-01-31 06:00:00,1769839215.0,0.0005
2026-01-31 07:00:00,1769842815.0,0.0005
2026-01-31 08:00:00,1769846415.0,0.0005
2026-01-31 09:00:00,1769850021.0,0.0005
2026-01-31 10:00:00,1769853615.0,0.0005
2026-01-31 11:00:00,1769857214.0,0.0005
2026-01-31 12:00:00,1769860819.0,0.0005
2026-01-31 13:00:00,1769864415.0,0.0005
2026-01-31 14:00:00,1769868014.0,0.0005
2026-01-31 15:00:00,1769871617.0,0.0005
2026-01-31 16:00:00,1769875215.0,0.0005
2026-01-31 17:00:00,1769878818.0,0.0005
2026-01-31 18:00:00,1769882418.0,0.0005
2026-01-31 19:00:00,1769886015.0,0.0005
2026-01-31 20:00:00,1769889615.0,0.0005
2026-01-31 21:00:00,1769893232.0,0.0005
2026-01-31 22:00:00,1769896819.0,0.0005
2026-01-31 23:00:00,1769900414.0,0.0005
2026-02-01 00:00:00,1769904020.0,0.0005
2026-02-01 01:00:00,1769907750.0,0.0005
2026-02-01 02:00:00,1769911213.0,0.0005
2026-02-01 03:00:00,1769914816.0,0.0005
