time_utc,t,p
2026-02-01 04:00:00,1769921610.0,0.0005
2025-08-13 18:00:00,1755108662.0,0.5
2025-08-13 19:00:00,1755111604.0,0.5
2025-08-13 20:00:00,1755115208.0,0.5
2025-08-13 21:00:00,1755118808.0,0.245
2025-08-13 22:00:00,1755122408.0,0.235
2025-08-13 23:00:00,1755126013.0,0.0205
2025-08-14 00:00:00,1755129603.0,0.0145
2025-08-14 01:00:00,1755133207.0,0.014
2025-08-14 02:00:00,1755136809.0,0.014
2025-08-14 03:00:00,1755140409.0,0.0365
2025-08-14 04:00:00,1755144012.0,0.039
2025-08-14 05:00:00,1755147607.0,0.007
2025-08-14 06:00:00,1755151206.0,0.0155
2025-08-14 07:00:00,1755154804.0,0.012
2025-08-14 08:00:00,1755158413.0,0.013
2025-08-14 09:00:00,1755162016.0,0.0125
2025-08-14 10:00:00,1755165611.0,0.012
2025-08-14 11:00:00,1755169211.0,0.0125
2025-08-14 12:00:00,1755172804.0,0.012
2025-08-14 13:00:00,1755176407.0,0.011
2025-08-14 14:00:00,1755180002.0,0.014
2025-08-14 15:00:00,1755183605.0,0.013
2025-08-14 16:00:00,1755187209.0,0.012
2025-08-14 17:00:00,1755190810.0,0.014
2025-08-14 18:00:00,1755194408.0,0.013
2025-08-14 19:00:00,1755198017.0,0.014
2025-08-14 20:00:00,1755201611.0,0.013
2025-08-14 21:00:00,1755205204.0,0.0135
2025-08-14 22:00:00,1755208811.0,0.012
2025-08-14 23:00:00,1755212403.0,0.014
2025-08-15 00:00:00,1755216011.0,0.012
2025-08-15 01:00:00,1755219611.0,0.013
2025-08-15 02:00:00,1755223213.0,0.013
2025-08-15 03:00:00,1755226803.0,0.013
2025-08-15 04:00:00,1755230414.0,0.011
2025-08-15 05:00:00,1755234014.0,0.011
2025-08-15 06:00:00,1755237616.0,0.0105
2025-08-15 07:00:00,1755241214.0,0.0075
2025-08-15 08:00:00,1755244806.0,0.0095
2025-08-15 09:00:00,1755248412.0,0.008
2025-08-15 10:00:00,1755252002.0,0.008
2025-08-15 11:00:00,1755255615.0,0.007
2025-08-15 12:00:00,1755259208.0,0.008
2025-08-15 13:00:00,1755262813.0,0.008
2025-08-15 14:00:00,1755266415.0,0.008
2025-08-15 15:00:00,1755270006.0,0.007
2025-08-15 16:00:00,1755273614.0,0.0075
2025-08-15 17:00:00,1755277210.0,0.007
2025-08-15 18:00:00,1755280814.0,0.006
2025-08-15 19:00:00,1755284413.0,0.006
2025-08-15 20:00:00,1755288011.0,0.006
2025-08-15 21:00:00,1755291602.0,0.006
2025-08-15 22:00:00,1755295205.0,0.008
2025-08-15 23:00:00,1755298811.0,0.006
2025-08-16 00:00:00,1755302409.0,0.0055
2025-08-16 01:00:00,1755306007.0,0.007
2025-08-16 02:00:00,1755309607.0,0.006
2025-08-16 03:00:00,1755313213.0,0.0055
2025-08-16 04:00:00,1755316805.0,0.007
2025-08-16 05:00:00,1755320405.0,0.007
2025-08-16 06:00:00,1755324013.0,0.006
2025-08-16 07:00:00,1755327609.0,0.0055
2025-08-16 08:00:00,1755331212.0,0.007
2025-08-16 09:00:00,1755334818.0,0.007
2025-08-16 10:00:00,1755338405.0,0.0065
2025-08-16 11:00:00,1755342009.0,0.006
2025-08-16 12:00:00,1755345611.0,0.006
2025-08-16 13:00:00,1755349207.0,0.006
2025-08-16 14:00:00,1755352814.0,0.003
2025-08-16 15:00:00,1755356413.0,0.003
2025-08-16 16:00:00,1755360016.0,0.0025
2025-08-16 17:00:00,1755363608.0,0.0025
2025-08-16 18:00:00,1755367209.0,0.0025
2025-08-16 19:00:00,1755370816.0,0.0025
2025-08-16 20:00:00,1755374402.0,0.0025
2025-08-16 21:00:00,1755378011.0,0.0025
2025-08-16 22:00:00,1755381608.0,0.0025
2025-08-16 23:00:00,1755385214.0,0.0025
2025-08-17 00:00:00,1755388809.0,0.0025
2025-08-17 01:00:00,1755392406.0,0.0025
2025-08-17 02:00:00,1755396003.0,0.0025
2025-08-17 03:00:00,1755399605.0,0.0025
2025-08-17 04:00:00,1755403202.0,0.0025
2025-08-17 05:00:00,1755406810.0,0.0025
2025-08-17 06:00:00,1755410416.0,0.0025
2025-08-17 07:00:00,1755414016.0,0.0025
2025-08-17 08:00:00,1755417609.0,0.0025
2025-08-17 09:00:00,1755421209.0,0.0025
2025-08-17 10:00:00,1755424806.0,0.0025
2025-08-17 11:00:00,1755428410.0,0.0025
2025-08-17 12:00:00,1755432007.0,0.0025
2025-08-17 13:00:00,1755435609.0,0.0025
2025-08-17 14:00:00,1755439214.0,0.0025
2025-08-17 15:00:00,1755442816.0,0.0025
2025-08-17 16:00:00,1755446408.0,0.0025
2025-08-17 17:00:00,1755450005.0,0.0025
2025-08-17 18:00:00,1755453614.0,0.0025
2025-08-17 19:00:00,1755457214.0,0.0025
2025-08-17 20:00:00,1755460813.0,0.0025
2025-08-17 21:00:00,1755464407.0,0.0025
2025-08-17 22:00:00,1755468004.0,0.0025
2025-08-17 23:00:00,1755471609.0,0.0025
2025-08-18 00:00:00,1755475207.0,0.0025
2025-08-18 01:00:00,1755478803.0,0.0025
2025-08-18 02:00:00,1755482412.0,0.0025
2025-08-18 03:00:00,1755486002.0,0.0025
2025-08-18 04:00:00,1755489606.0,0.0025
2025-08-18 05:00:00,1755493212.0,0.0025
2025-08-18 06:00:00,1755496807.0,0.0025
2025-08-18 07:00:00,1755500406.0,0.0025
2025-08-18 08:00:00,1755504006.0,0.0025
2025-08-18 09:00:00,1755507620.0,0.0025
2025-08-18 10:00:00,1755511212.0,0.003
2025-08-18 11:00:00,1755514814.0,0.003
2025-08-18 12:00:00,1755518404.0,0.003
2025-08-18 13:00:00,1755522014.0,0.003
2025-08-18 14:00:00,1755525615.0,0.003
2025-08-18 15:00:00,1755529203.0,0.003
2025-08-18 16:00:00,1755532809.0,0.003
2025-08-18 17:00:00,1755536406.0,0.003
2025-08-18 18:00:00,1755540004.0,0.0025
2025-08-18 19:00:00,1755543618.0,0.0025
2025-08-18 20:00:00,1755547206.0,0.0025
2025-08-18 21:00:00,1755550804.0,0.0025
2025-08-18 22:00:00,1755554403.0,0.0025
2025-08-18 23:00:00,1755558002.0,0.0025
2025-08-19 00:00:00,1755561613.0,0.0025
2025-08-19 01:00:00,1755565208.0,0.0025
2025-08-19 02:00:00,1755568805.0,0.0025
2025-08-19 03:00:00,1755572409.0,0.0025
2025-08-19 04:00:00,1755576012.0,0.0025
2025-08-19 05:00:00,1755579613.0,0.0025
2025-08-19 06:00:00,1755583216.0,0.0025
2025-08-19 07:00:00,1755586810.0,0.0025
2025-08-19 08:00:00,1755590405.0,0.0025
2025-08-19 09:00:00,1755594004.0,0.0025
2025-08-19 10:00:00,1755597614.0,0.0025
2025-08-19 11:00:00,1755601205.0,0.0025
2025-08-19 12:00:00,1755604815.0,0.0025
2025-08-19 13:00:00,1755608415.0,0.0025
2025-08-19 14:00:00,1755612005.0,0.0025
2025-08-19 15:00:00,1755615603.0,0.0035
2025-08-19 16:00:00,1755619213.0,0.0025
2025-08-19 17:00:00,1755622803.0,0.0025
2025-08-19 18:00:00,1755626417.0,0.0025
2025-08-19 19:00:00,1755630015.0,0.0025
2025-08-19 20:00:00,1755633608.0,0.0025
2025-08-19 21:00:00,1755637213.0,0.0025
2025-08-19 22:00:00,1755640815.0,0.0025
2025-08-19 23:00:00,1755644403.0,0.0025
2025-08-20 00:00:00,1755648006.0,0.0025
2025-08-20 01:00:00,1755651607.0,0.0025
2025-08-20 02:00:00,1755655204.0,0.0025
2025-08-20 03:00:00,1755658803.0,0.0025
2025-08-20 04:00:00,1755662415.0,0.0025
2025-08-20 05:00:00,1755666011.0,0.0025
2025-08-20 06:00:00,1755669610.0,0.0025
2025-08-20 07:00:00,1755673205.0,0.0025
2025-08-20 08:00:00,1755676807.0,0.0025
2025-08-20 09:00:00,1755680417.0,0.0025
2025-08-20 10:00:00,1755684009.0,0.0025
2025-08-20 11:00:00,1755687610.0,0.0025
2025-08-20 12:00:00,1755691207.0,0.0025
2025-08-20 13:00:00,1755694805.0,0.0025
2025-08-20 14:00:00,1755698410.0,0.0025
2025-08-20 15:00:00,1755702004.0,0.0025
2025-08-20 16:00:00,1755705617.0,0.0025
2025-08-20 17:00:00,1755709207.0,0.0025
2025-08-20 18:00:00,1755712808.0,0.0025
2025-08-20 19:00:00,1755716410.0,0.0025
2025-08-20 20:00:00,1755720009.0,0.0025
2025-08-20 21:00:00,1755723603.0,0.0025
2025-08-20 22:00:00,1755727212.0,0.0025
2025-08-20 23:00:00,1755730811.0,0.0025
2025-08-21 00:00:00,1755734402.0,0.0025
2025-08-21 01:00:00,1755738002.0,0.0025
2025-08-21 02:00:00,1755741609.0,0.0025
2025-08-21 03:00:00,1755745210.0,0.0025
2025-08-21 04:00:00,1755748810.0,0.0025
2025-08-21 05:00:00,1755752416.0,0.0025
2025-08-21 06:00:00,1755756014.0,0.0025
2025-08-21 07:00:00,1755759606.0,0.0025
2025-08-21 08:00:00,1755763207.0,0.0025
2025-08-21 09:00:00,1755766802.0,0.0025
2025-08-21 10:00:00,1755770416.0,0.0025
2025-08-21 11:00:00,1755774014.0,0.0025
2025-08-21 12:00:00,1755777605.0,0.0025
2025-08-21 13:00:00,1755781209.0,0.0025
2025-08-21 14:00:00,1755784818.0,0.0025
2025-08-21 15:00:00,1755788417.0,0.0025
2025-08-21 16:00:00,1755792010.0,0.0025
2025-08-21 17:00:00,1755795617.0,0.0025
2025-08-21 18:00:00,1755799215.0,0.0025
2025-08-21 19:00:00,1755802814.0,0.0025
2025-08-21 20:00:00,1755806408.0,0.0025
2025-08-21 21:00:00,1755810012.0,0.0025
2025-08-21 22:00:00,1755813607.0,0.0025
2025-08-21 23:00:00,1755817207.0,0.0025
2025-08-22 00:00:00,1755820805.0,0.0025
2025-08-22 01:00:00,1755824408.0,0.0025
2025-08-22 02:00:00,1755828002.0,0.0025
2025-08-22 03:00:00,1755831606.0,0.0025
2025-08-22 04:00:00,1755835202.0,0.0025
2025-08-22 05:00:00,1755838814.0,0.0025
2025-08-22 06:00:00,1755842416.0,0.0025
2025-08-22 07:00:00,1755846010.0,0.0025
2025-08-22 08:00:00,1755849614.0,0.0025
2025-08-22 09:00:00,1755853218.0,0.0025
2025-08-22 10:00:00,1755856812.0,0.0025
2025-08-22 11:00:00,1755860410.0,0.0025
2025-08-22 12:00:00,1755864002.0,0.0025
2025-08-22 13:00:00,1755867606.0,0.0025
2025-08-22 14:00:00,1755871213.0,0.0025
2025-08-22 15:00:00,1755874811.0,0.0025
2025-08-22 16:00:00,1755878405.0,0.0025
2025-08-22 17:00:00,1755882013.0,0.0025
2025-08-22 18:00:00,1755885602.0,0.0025
2025-08-22 19:00:00,1755889217.0,0.0025
2025-08-22 20:00:00,1755892816.0,0.0025
2025-08-22 21:00:00,1755896407.0,0.0025
2025-08-22 22:00:00,1755900015.0,0.0025
2025-08-22 23:00:00,1755903609.0,0.0025
2025-08-23 00:00:00,1755907205.0,0.0025
2025-08-23 01:00:00,1755910806.0,0.0025
2025-08-23 02:00:00,1755914415.0,0.0025
2025-08-23 03:00:00,1755918004.0,0.0025
2025-08-23 04:00:00,1755921605.0,0.0025
2025-08-23 05:00:00,1755925208.0,0.0025
2025-08-23 06:00:00,1755928813.0,0.0025
2025-08-23 07:00:00,1755932414.0,0.0025
2025-08-23 08:00:00,1755936013.0,0.0025
2025-08-23 09:00:00,1755939613.0,0.0025
2025-08-23 10:00:00,1755943217.0,0.0025
2025-08-23 11:00:00,1755946811.0,0.0025
2025-08-23 12:00:00,1755950421.0,0.0025
2025-08-23 13:00:00,1755954015.0,0.0025
2025-08-23 14:00:00,1755957618.0,0.0025
2025-08-23 15:00:00,1755961205.0,0.0025
2025-08-23 16:00:00,1755964802.0,0.0025
2025-08-23 17:00:00,1755968403.0,0.0025
2025-08-23 18:00:00,1755972008.0,0.0025
2025-08-23 19:00:00,1755975610.0,0.0025
2025-08-23 20:00:00,1755979217.0,0.0025
2025-08-23 21:00:00,1755982808.0,0.0025
2025-08-23 22:00:00,1755986404.0,0.0025
2025-08-23 23:00:00,1755990006.0,0.0025
2025-08-24 00:00:00,1755993608.0,0.0025
2025-08-24 01:00:00,1755997205.0,0.0025
2025-08-24 02:00:00,1756000805.0,0.0025
2025-08-24 03:00:00,1756004416.0,0.0025
2025-08-24 04:00:00,1756008002.0,0.0025
2025-08-24 05:00:00,1756011606.0,0.0025
2025-08-24 06:00:00,1756015211.0,0.0025
2025-08-24 07:00:00,1756018814.0,0.0025
2025-08-24 08:00:00,1756022406.0,0.0025
2025-08-24 09:00:00,1756026013.0,0.0025
2025-08-24 10:00:00,1756029605.0,0.0025
2025-08-24 11:00:00,1756033211.0,0.0025
2025-08-24 12:00:00,1756036810.0,0.0025
2025-08-24 13:00:00,1756040415.0,0.0025
2025-08-24 14:00:00,1756044013.0,0.0025
2025-08-24 15:00:00,1756047606.0,0.0025
2025-08-24 16:00:00,1756051202.0,0.0025
2025-08-24 17:00:00,1756054817.0,0.0025
2025-08-24 18:00:00,1756058409.0,0.0025
2025-08-24 19:00:00,1756062004.0,0.0025
2025-08-24 20:00:00,1756065617.0,0.0025
2025-08-24 21:00:00,1756069203.0,0.0025
2025-08-24 22:00:00,1756072816.0,0.0025
2025-08-24 23:00:00,1756076410.0,0.0025
2025-08-25 00:00:00,1756080014.0,0.0025
2025-08-25 01:00:00,1756083604.0,0.0025
2025-08-25 02:00:00,1756087209.0,0.0025
2025-08-25 03:00:00,1756090816.0,0.0025
2025-08-25 04:00:00,1756094412.0,0.0025
2025-08-25 05:00:00,1756098009.0,0.0025
2025-08-25 06:00:00,1756101611.0,0.0025
2025-08-25 07:00:00,1756105217.0,0.0025
2025-08-25 08:00:00,1756108816.0,0.0025
2025-08-25 09:00:00,1756112410.0,0.0025
2025-08-25 10:00:00,1756116011.0,0.003
2025-08-25 11:00:00,1756119607.0,0.003
2025-08-25 12:00:00,1756123216.0,0.003
2025-08-25 13:00:00,1756126807.0,0.003
2025-08-25 14:00:00,1756130410.0,0.003
2025-08-25 15:00:00,1756134014.0,0.003
2025-08-25 16:00:00,1756137612.0,0.003
2025-08-25 17:00:00,1756141211.0,0.003
2025-08-25 18:00:00,1756144802.0,0.003
2025-08-25 19:00:00,1756148402.0,0.003
2025-08-25 20:00:00,1756152011.0,0.003
2025-08-25 21:00:00,1756155611.0,0.003
2025-08-25 22:00:00,1756159215.0,0.003
2025-08-25 23:00:00,1756162803.0,0.003
2025-08-26 00:00:00,1756166410.0,0.003
2025-08-26 01:00:00,1756170009.0,0.003
2025-08-26 02:00:00,1756173604.0,0.003
2025-08-26 03:00:00,1756177207.0,0.003
2025-08-26 04:00:00,1756180815.0,0.003
2025-08-26 05:00:00,1756184410.0,0.003
2025-08-26 06:00:00,1756188018.0,0.003
2025-08-26 07:00:00,1756191616.0,0.003
2025-08-26 08:00:00,1756195202.0,0.003
2025-08-26 09:00:00,1756198810.0,0.003
2025-08-26 10:00:00,1756202402.0,0.003
2025-08-26 11:00:00,1756206004.0,0.003
2025-08-26 12:00:00,1756209617.0,0.003
2025-08-26 13:00:00,1756213203.0,0.003
2025-08-26 14:00:00,1756216810.0,0.003
2025-08-26 15:00:00,1756220410.0,0.003
2025-08-26 16:00:00,1756224002.0,0.003
2025-08-26 17:00:00,1756227604.0,0.003
2025-08-26 18:00:00,1756231209.0,0.003
2025-08-26 19:00:00,1756234810.0,0.003
2025-08-26 20:00:00,1756238402.0,0.003
2025-08-26 21:00:00,1756242007.0,0.003
2025-08-26 22:00:00,1756245606.0,0.003
2025-08-26 23:00:00,1756249215.0,0.003
2025-08-27 00:00:00,1756252805.0,0.003
2025-08-27 01:00:00,1756256415.0,0.003
2025-08-27 02:00:00,1756260015.0,0.003
2025-08-27 03:00:00,1756263606.0,0.003
2025-08-27 04:00:00,1756267211.0,0.003
2025-08-27 05:00:00,1756270804.0,0.003
2025-08-27 06:00:00,1756274418.0,0.003
2025-08-27 07:00:00,1756278006.0,0.003
2025-08-27 08:00:00,1756281616.0,0.003
2025-08-27 09:00:00,1756285211.0,0.003
2025-08-27 10:00:00,1756288821.0,0.003
2025-08-27 11:00:00,1756292409.0,0.003
2025-08-27 12:00:00,1756296014.0,0.003
2025-08-27 13:00:00,1756299608.0,0.003
2025-08-27 14:00:00,1756303204.0,0.003
2025-08-27 15:00:00,1756306812.0,0.003
2025-08-27 16:00:00,1756310411.0,0.003
2025-08-27 17:00:00,1756314018.0,0.003
2025-08-27 18:00:00,1756317621.0,0.003
2025-08-27 19:00:00,1756321214.0,0.003
2025-08-27 20:00:00,1756324817.0,0.003
2025-08-27 21:00:00,1756328415.0,0.003
2025-08-27 22:00:00,1756332004.0,0.003
2025-08-27 23:00:00,1756335605.0,0.003
2025-08-28 00:00:00,1756339209.0,0.003
2025-08-28 01:00:00,1756342803.0,0.003
2025-08-28 02:00:00,1756346404.0,0.003
2025-08-28 03:00:00,1756350002.0,0.003
2025-08-28 04:00:00,1756353607.0,0.003
2025-08-28 05:00:00,1756357208.0,0.003
2025-08-28 06:00:00,1756360819.0,0.003
2025-08-28 07:00:00,1756364415.0,0.003
2025-08-28 08:00:00,1756368009.0,0.003
2025-08-28 09:00:00,1756371619.0,0.003
2025-08-28 10:00:00,1756375219.0,0.003
2025-08-28 11:00:00,1756378813.0,0.003
2025-08-28 12:00:00,1756382402.0,0.003
2025-08-28 13:00:00,1756386017.0,0.003
2025-08-28 14:00:00,1756389605.0,0.003
2025-08-28 15:00:00,1756393207.0,0.003
2025-08-28 16:00:00,1756396811.0,0.003
2025-08-28 17:00:00,1756400407.0,0.003
2025-08-28 18:00:00,1756404006.0,0.003
2025-08-28 19:00:00,1756407619.0,0.003
2025-08-28 20:00:00,1756411210.0,0.003
2025-08-28 21:00:00,1756414809.0,0.003
2025-08-28 22:00:00,1756418414.0,0.003
2025-08-28 23:00:00,1756422010.0,0.003
2025-08-29 00:00:00,1756425609.0,0.003
2025-08-29 01:00:00,1756429202.0,0.003
2025-08-29 02:00:00,1756432810.0,0.003
2025-08-29 03:00:00,1756436402.0,0.003
2025-08-29 04:00:00,1756440018.0,0.003
2025-08-29 05:00:00,1756443609.0,0.003
2025-08-29 06:00:00,1756447215.0,0.003
2025-08-29 07:00:00,1756450818.0,0.003
2025-08-29 08:00:00,1756454402.0,0.003
2025-08-29 09:00:00,1756458015.0,0.003
2025-08-29 10:00:00,1756461619.0,0.003
2025-08-29 11:00:00,1756465215.0,0.003
2025-08-29 12:00:00,1756468824.0,0.003
2025-08-29 13:00:00,1756472405.0,0.003
2025-08-29 14:00:00,1756476018.0,0.003
2025-08-29 15:00:00,1756479607.0,0.003
2025-08-29 16:00:00,1756483203.0,0.003
2025-08-29 17:00:00,1756486804.0,0.003
2025-08-29 18:00:00,1756490417.0,0.003
2025-08-29 19:00:00,1756494013.0,0.003
2025-08-29 20:00:00,1756497619.0,0.003
2025-08-29 21:00:00,1756501222.0,0.003
2025-08-29 22:00:00,1756504802.0,0.003
2025-08-29 23:00:00,1756508412.0,0.003
2025-08-30 00:00:00,1756512008.0,0.003
2025-08-30 01:00:00,1756515606.0,0.003
2025-08-30 02:00:00,1756519209.0,0.003
2025-08-30 03:00:00,1756522820.0,0.003
2025-08-30 04:00:00,1756526420.0,0.003
2025-08-30 05:00:00,1756530017.0,0.003
2025-08-30 06:00:00,1756533617.0,0.003
2025-08-30 07:00:00,1756537207.0,0.003
2025-08-30 08:00:00,1756540814.0,0.003
2025-08-30 09:00:00,1756544419.0,0.003
2025-08-30 10:00:00,1756548015.0,0.003
2025-08-30 11:00:00,1756551618.0,0.003
2025-08-30 12:00:00,1756555221.0,0.003
2025-08-30 13:00:00,1756558818.0,0.003
2025-08-30 14:00:00,1756562408.0,0.003
2025-08-30 15:00:00,1756566019.0,0.003
2025-08-30 16:00:00,1756569618.0,0.003
2025-08-30 17:00:00,1756573218.0,0.003
2025-08-30 18:00:00,1756576806.0,0.003
2025-08-30 19:00:00,1756580411.0,0.003
2025-08-30 20:00:00,1756584010.0,0.003
2025-08-30 21:00:00,1756587618.0,0.003
2025-08-30 22:00:00,1756591212.0,0.003
2025-08-30 23:00:00,1756594819.0,0.003
2025-08-31 00:00:00,1756598406.0,0.003
2025-08-31 01:00:00,1756602003.0,0.003
2025-08-31 02:00:00,1756605606.0,0.003
2025-08-31 03:00:00,1756609208.0,0.003
2025-08-31 04:00:00,1756612812.0,0.003
2025-08-31 05:00:00,1756616410.0,0.003
2025-08-31 06:00:00,1756620002.0,0.003
2025-08-31 07:00:00,1756623611.0,0.003
2025-08-31 08:00:00,1756627218.0,0.003
2025-08-31 09:00:00,1756630812.0,0.003
2025-08-31 10:00:00,1756634423.0,0.003
2025-08-31 11:00:00,1756638009.0,0.003
2025-08-31 12:00:00,1756641613.0,0.003
2025-08-31 13:00:00,1756645204.0,0.003
2025-08-31 14:00:00,1756648814.0,0.003
2025-08-31 15:00:00,1756652419.0,0.003
2025-08-31 16:00:00,1756656005.0,0.003
2025-08-31 17:00:00,1756659612.0,0.003
2025-08-31 18:00:00,1756663204.0,0.003
2025-08-31 19:00:00,1756666814.0,0.003
2025-08-31 20:00:00,1756670407.0,0.003
2025-08-31 21:00:00,1756674014.0,0.003
2025-08-31 22:00:00,1756677612.0,0.003
2025-08-31 23:00:00,1756681204.0,0.003
2025-09-01 00:00:00,1756684807.0,0.003
2025-09-01 01:00:00,1756688411.0,0.003
2025-09-01 02:00:00,1756692008.0,0.003
2025-09-01 03:00:00,1756695617.0,0.003
2025-09-01 04:00:00,1756699221.0,0.003
2025-09-01 05:00:00,1756702812.0,0.003
2025-09-01 06:00:00,1756706407.0,0.003
2025-09-01 07:00:00,1756710019.0,0.003
2025-09-01 08:00:00,1756713613.0,0.003
2025-09-01 09:00:00,1756717208.0,0.003
2025-09-01 10:00:00,1756720813.0,0.003
2025-09-01 11:00:00,1756724415.0,0.003
2025-09-01 12:00:00,1756728010.0,0.003
2025-09-01 13:00:00,1756731613.0,0.003
2025-09-01 14:00:00,1756735213.0,0.003
2025-09-01 15:00:00,1756738807.0,0.003
2025-09-01 16:00:00,1756742404.0,0.003
2025-09-01 17:00:00,1756746019.0,0.003
2025-09-01 18:00:00,1756749613.0,0.003
2025-09-01 19:00:00,1756753208.0,0.003
2025-09-01 20:00:00,1756756806.0,0.003
2025-09-01 21:00:00,1756760407.0,0.003
2025-09-01 22:00:00,1756764009.0,0.003
2025-09-01 23:00:00,1756767614.0,0.003
2025-09-02 00:00:00,1756771211.0,0.003
2025-09-02 01:00:00,1756774808.0,0.003
2025-09-02 02:00:00,1756778408.0,0.003
2025-09-02 03:00:00,1756782022.0,0.003
2025-09-02 04:00:00,1756785604.0,0.003
2025-09-02 05:00:00,1756789212.0,0.003
2025-09-02 06:00:00,1756792812.0,0.003
2025-09-02 07:00:00,1756796416.0,0.003
2025-09-02 08:00:00,1756800008.0,0.003
2025-09-02 09:00:00,1756803616.0,0.003
2025-09-02 10:00:00,1756807220.0,0.003
2025-09-02 11:00:00,1756810809.0,0.003
2025-09-02 12:00:00,1756814409.0,0.003
2025-09-02 13:00:00,1756818005.0,0.0025
2025-09-02 14:00:00,1756821615.0,0.0025
2025-09-02 15:00:00,1756825215.0,0.0025
2025-09-02 16:00:00,1756828808.0,0.0025
2025-09-02 17:00:00,1756832404.0,0.0025
2025-09-02 18:00:00,1756836006.0,0.0025
2025-09-02 19:00:00,1756839619.0,0.0025
2025-09-02 20:00:00,1756843203.0,0.0025
2025-09-02 21:00:00,1756846815.0,0.0025
2025-09-02 22:00:00,1756850419.0,0.0025
2025-09-02 23:00:00,1756854004.0,0.0025
2025-09-03 00:00:00,1756857615.0,0.0025
2025-09-03 01:00:00,1756861212.0,0.0025
2025-09-03 02:00:00,1756864805.0,0.0025
2025-09-03 03:00:00,1756868402.0,0.0025
2025-09-03 04:00:00,1756872022.0,0.0025
2025-09-03 05:00:00,1756875613.0,0.0025
2025-09-03 06:00:00,1756879209.0,0.0025
2025-09-03 07:00:00,1756882804.0,0.0025
2025-09-03 08:00:00,1756886408.0,0.0025
2025-09-03 09:00:00,1756890021.0,0.0025
2025-09-03 10:00:00,1756893618.0,0.0025
2025-09-03 11:00:00,1756897216.0,0.0025
2025-09-03 12:00:00,1756900805.0,0.0025
2025-09-03 13:00:00,1756904420.0,0.0025
2025-09-03 14:00:00,1756908018.0,0.0025
2025-09-03 15:00:00,1756911602.0,0.0025
2025-09-03 16:00:00,1756915204.0,0.0025
2025-09-03 17:00:00,1756918812.0,0.0025
2025-09-03 18:00:00,1756922424.0,0.0025
2025-09-03 19:00:00,1756926018.0,0.0025
2025-09-03 20:00:00,1756929610.0,0.0025
2025-09-03 21:00:00,1756933208.0,0.0025
2025-09-03 22:00:00,1756936810.0,0.0025
2025-09-03 23:00:00,1756940415.0,0.0025
2025-09-04 00:00:00,1756944014.0,0.0025
2025-09-04 01:00:00,1756947614.0,0.0025
2025-09-04 02:00:00,1756951204.0,0.0025
2025-09-04 03:00:00,1756954816.0,0.0025
2025-09-04 04:00:00,1756958412.0,0.0025
2025-09-04 05:00:00,1756962011.0,0.0025
2025-09-04 06:00:00,1756965612.0,0.0025
2025-09-04 07:00:00,1756969211.0,0.0025
2025-09-04 08:00:00,1756972814.0,0.0025
2025-09-04 09:00:00,1756976404.0,0.0025
2025-09-04 10:00:00,1756980017.0,0.0025
2025-09-04 11:00:00,1756983616.0,0.0025
2025-09-04 12:00:00,1756987231.0,0.0025
2025-09-04 13:00:00,1756990811.0,0.0025
2025-09-04 14:00:00,1756994416.0,0.0025
2025-09-04 15:00:00,1756998018.0,0.0025
2025-09-04 16:00:00,1757001620.0,0.0025
2025-09-04 17:00:00,1757005211.0,0.0025
2025-09-04 18:00:00,1757008816.0,0.0025
2025-09-04 19:00:00,1757012425.0,0.0025
2025-09-04 20:00:00,1757016004.0,0.0025
2025-09-04 21:00:00,1757019610.0,0.0025
2025-09-04 22:00:00,1757023220.0,0.0025
2025-09-04 23:00:00,1757026802.0,0.002
2025-09-05 00:00:00,1757030410.0,0.002
2025-09-05 01:00:00,1757034011.0,0.002
2025-09-05 02:00:00,1757037605.0,0.002
2025-09-05 03:00:00,1757041216.0,0.002
2025-09-05 04:00:00,1757044810.0,0.002
2025-09-05 05:00:00,1757048418.0,0.002
2025-09-05 06:00:00,1757052003.0,0.002
2025-09-05 07:00:00,1757055611.0,0.002
2025-09-05 08:00:00,1757059218.0,0.002
2025-09-05 09:00:00,1757062815.0,0.002
2025-09-05 10:00:00,1757066424.0,0.002
2025-09-05 11:00:00,1757070014.0,0.002
2025-09-05 12:00:00,1757073623.0,0.002
2025-09-05 13:00:00,1757077215.0,0.002
2025-09-05 14:00:00,1757080808.0,0.002
2025-09-05 15:00:00,1757084414.0,0.002
2025-09-05 16:00:00,1757088020.0,0.002
2025-09-05 17:00:00,1757091607.0,0.002
2025-09-05 18:00:00,1757095212.0,0.002
2025-09-05 19:00:00,1757098817.0,0.002
2025-09-05 20:00:00,1757102408.0,0.002
2025-09-05 21:00:00,1757106022.0,0.002
2025-09-05 22:00:00,1757109602.0,0.002
2025-09-05 23:00:00,1757113211.0,0.002
2025-09-06 00:00:00,1757116809.0,0.002
2025-09-06 01:00:00,1757120407.0,0.002
2025-09-06 02:00:00,1757124012.0,0.002
2025-09-06 03:00:00,1757127606.0,0.002
2025-09-06 04:00:00,1757131216.0,0.002
2025-09-06 05:00:00,1757134813.0,0.002
2025-09-06 06:00:00,1757138413.0,0.002
2025-09-06 07:00:00,1757142019.0,0.002
2025-09-06 08:00:00,1757145613.0,0.002
2025-09-06 09:00:00,1757149206.0,0.002
2025-09-06 10:00:00,1757152804.0,0.002
2025-09-06 11:00:00,1757156415.0,0.002
2025-09-06 12:00:00,1757160020.0,0.002
2025-09-06 13:00:00,1757163612.0,0.002
2025-09-06 14:00:00,1757167204.0,0.002
2025-09-06 15:00:00,1757170820.0,0.002
2025-09-06 16:00:00,1757174411.0,0.002
2025-09-06 17:00:00,1757178017.0,0.002
2025-09-06 18:00:00,1757181616.0,0.002
2025-09-06 19:00:00,1757185203.0,0.002
2025-09-06 20:00:00,1757188807.0,0.002
2025-09-06 21:00:00,1757192410.0,0.002
2025-09-06 22:00:00,1757196014.0,0.002
2025-09-06 23:00:00,1757199620.0,0.002
2025-09-07 00:00:00,1757203210.0,0.002
2025-09-07 01:00:00,1757206812.0,0.002
2025-09-07 02:00:00,1757210416.0,0.002
2025-09-07 03:00:00,1757214007.0,0.002
2025-09-07 04:00:00,1757217606.0,0.002
2025-09-07 05:00:00,1757221214.0,0.002
2025-09-07 06:00:00,1757224821.0,0.002
2025-09-07 07:00:00,1757228409.0,0.002
2025-09-07 08:00:00,1757232010.0,0.002
2025-09-07 09:00:00,1757235605.0,0.002
2025-09-07 10:00:00,1757239224.0,0.002
2025-09-07 11:00:00,1757242813.0,0.002
2025-09-07 12:00:00,1757246415.0,0.002
2025-09-07 13:00:00,1757250008.0,0.002
2025-09-07 14:00:00,1757253609.0,0.002
2025-09-07 15:00:00,1757257209.0,0.002
2025-09-07 16:00:00,1757260807.0,0.002
2025-09-07 17:00:00,1757264418.0,0.002
2025-09-07 18:00:00,1757268022.0,0.002
2025-09-07 19:00:00,1757271610.0,0.002
2025-09-07 20:00:00,1757275205.0,0.002
2025-09-07 21:00:00,1757278805.0,0.002
2025-09-07 22:00:00,1757282419.0,0.002
2025-09-07 23:00:00,1757286010.0,0.002
2025-09-08 00:00:00,1757289617.0,0.002
2025-09-08 01:00:00,1757293202.0,0.002
2025-09-08 02:00:00,1757296807.0,0.002
2025-09-08 03:00:00,1757300420.0,0.002
2025-09-08 04:00:00,1757304018.0,0.002
2025-09-08 05:00:00,1757307622.0,0.002
2025-09-08 06:00:00,1757311211.0,0.002
2025-09-08 07:00:00,1757314802.0,0.002
2025-09-08 08:00:00,1757318418.0,0.002
2025-09-08 09:00:00,1757322011.0,0.002
2025-09-08 10:00:00,1757325604.0,0.002
2025-09-08 11:00:00,1757329212.0,0.002
2025-09-08 12:00:00,1757332816.0,0.002
2025-09-08 13:00:00,1757336419.0,0.002
2025-09-08 14:00:00,1757340014.0,0.002
2025-09-08 15:00:00,1757343608.0,0.002
2025-09-08 16:00:00,1757347202.0,0.002
2025-09-08 17:00:00,1757350802.0,0.002
2025-09-08 18:00:00,1757354407.0,0.002
2025-09-08 19:00:00,1757358004.0,0.002
2025-09-08 20:00:00,1757361617.0,0.002
2025-09-08 21:00:00,1757365215.0,0.002
2025-09-08 22:00:00,1757368809.0,0.002
2025-09-08 23:00:00,1757372415.0,0.002
2025-09-09 00:00:00,1757376007.0,0.002
2025-09-09 01:00:00,1757379612.0,0.002
2025-09-09 02:00:00,1757383213.0,0.002
2025-09-09 03:00:00,1757386806.0,0.002
2025-09-09 04:00:00,1757390417.0,0.002
2025-09-09 05:00:00,1757394018.0,0.002
2025-09-09 06:00:00,1757397611.0,0.002
2025-09-09 07:00:00,1757401219.0,0.002
2025-09-09 08:00:00,1757404820.0,0.002
2025-09-09 09:00:00,1757408407.0,0.002
2025-09-09 10:00:00,1757412004.0,0.002
2025-09-09 11:00:00,1757415602.0,0.002
2025-09-09 12:00:00,1757419207.0,0.002
2025-09-09 13:00:00,1757422819.0,0.002
2025-09-09 14:00:00,1757426421.0,0.002
2025-09-09 15:00:00,1757430015.0,0.002
2025-09-09 16:00:00,1757433613.0,0.002
2025-09-09 17:00:00,1757437209.0,0.002
2025-09-09 18:00:00,1757440822.0,0.002
2025-09-09 19:00:00,1757444421.0,0.002
2025-09-09 20:00:00,1757448014.0,0.002
2025-09-09 21:00:00,1757451611.0,0.002
2025-09-09 22:00:00,1757455205.0,0.002
2025-09-09 23:00:00,1757458811.0,0.002
2025-09-10 00:00:00,1757462414.0,0.002
2025-09-10 01:00:00,1757466006.0,0.002
2025-09-10 02:00:00,1757469614.0,0.002
2025-09-10 03:00:00,1757473205.0,0.002
2025-09-10 04:00:00,1757476816.0,0.002
2025-09-10 05:00:00,1757480420.0,0.002
2025-09-10 06:00:00,1757484011.0,0.002
2025-09-10 07:00:00,1757487606.0,0.002
2025-09-10 08:00:00,1757491216.0,0.002
2025-09-10 09:00:00,1757494802.0,0.002
2025-09-10 10:00:00,1757498406.0,0.002
2025-09-10 11:00:00,1757502007.0,0.002
2025-09-10 12:00:00,1757505625.0,0.002
2025-09-10 13:00:00,1757509204.0,0.002
2025-09-10 14:00:00,1757512807.0,0.002
2025-09-10 15:00:00,1757516403.0,0.002
2025-09-10 16:00:00,1757520012.0,0.002
2025-09-10 17:00:00,1757523620.0,0.002
2025-09-10 18:00:00,1757527212.0,0.002
2025-09-10 19:00:00,1757530814.0,0.002
2025-09-10 20:00:00,1757534418.0,0.002
2025-09-10 21:00:00,1757538013.0,0.002
2025-09-10 22:00:00,1757541603.0,0.002
2025-09-10 23:00:00,1757545204.0,0.002
2025-09-11 00:00:00,1757548812.0,0.002
2025-09-11 01:00:00,1757552406.0,0.002
2025-09-11 02:00:00,1757556005.0,0.002
2025-09-11 03:00:00,1757559620.0,0.0015
2025-09-11 04:00:00,1757563203.0,0.0015
2025-09-11 05:00:00,1757566813.0,0.0015
2025-09-11 06:00:00,1757570407.0,0.0015
2025-09-11 07:00:00,1757574014.0,0.0015
2025-09-11 08:00:00,1757577602.0,0.0015
2025-09-11 09:00:00,1757581212.0,0.0015
2025-09-11 10:00:00,1757584817.0,0.0015
2025-09-11 11:00:00,1757588422.0,0.0015
2025-09-11 12:00:00,1757592002.0,0.0015
2025-09-11 13:00:00,1757595605.0,0.0015
2025-09-11 14:00:00,1757599209.0,0.0015
2025-09-11 15:00:00,1757602802.0,0.0015
2025-09-11 16:00:00,1757606404.0,0.0015
2025-09-11 17:00:00,1757610021.0,0.0015
2025-09-11 18:00:00,1757613612.0,0.0015
2025-09-11 19:00:00,1757617204.0,0.0015
2025-09-11 20:00:00,1757620814.0,0.0015
2025-09-11 21:00:00,1757624420.0,0.0015
2025-09-11 22:00:00,1757628006.0,0.0015
2025-09-11 23:00:00,1757631618.0,0.0015
2025-09-12 00:00:00,1757635221.0,0.0015
2025-09-12 01:00:00,1757638807.0,0.0015
2025-09-12 02:00:00,1757642414.0,0.0015
2025-09-12 03:00:00,1757646022.0,0.0015
2025-09-12 04:00:00,1757649607.0,0.0015
2025-09-12 05:00:00,1757653203.0,0.0015
2025-09-12 06:00:00,1757656822.0,0.0015
2025-09-12 07:00:00,1757660422.0,0.0015
2025-09-12 08:00:00,1757664003.0,0.0015
2025-09-12 09:00:00,1757667610.0,0.0015
2025-09-12 10:00:00,1757671202.0,0.0015
2025-09-12 11:00:00,1757674816.0,0.0015
2025-09-12 12:00:00,1757678413.0,0.0015
2025-09-12 13:00:00,1757682019.0,0.0015
2025-09-12 14:00:00,1757685623.0,0.0015
2025-09-12 15:00:00,1757689212.0,0.0015
2025-09-12 16:00:00,1757692812.0,0.0015
2025-09-12 17:00:00,1757696412.0,0.0015
2025-09-12 18:00:00,1757700031.0,0.0015
2025-09-12 19:00:00,1757703611.0,0.0015
2025-09-12 20:00:00,1757707203.0,0.0015
2025-09-12 21:00:00,1757710827.0,0.0015
2025-09-12 22:00:00,1757714414.0,0.0015
2025-09-12 23:00:00,1757718007.0,0.0015
2025-09-13 00:00:00,1757721603.0,0.0015
2025-09-13 01:00:00,1757725207.0,0.0015
2025-09-13 02:00:00,1757728808.0,0.0015
2025-09-13 03:00:00,1757732408.0,0.0015
2025-09-13 04:00:00,1757736019.0,0.0015
2025-09-13 05:00:00,1757739605.0,0.0015
2025-09-13 06:00:00,1757743222.0,0.0015
2025-09-13 07:00:00,1757746811.0,0.0015
2025-09-13 08:00:00,1757750402.0,0.0015
2025-09-13 09:00:00,1757754024.0,0.0015
2025-09-13 10:00:00,1757757605.0,0.0015
2025-09-13 11:00:00,1757761209.0,0.0015
2025-09-13 12:00:00,1757764806.0,0.0015
2025-09-13 13:00:00,1757768407.0,0.0015
2025-09-13 14:00:00,1757772014.0,0.0015
2025-09-13 15:00:00,1757775610.0,0.0015
2025-09-13 16:00:00,1757779219.0,0.0015
2025-09-13 17:00:00,1757782823.0,0.0015
2025-09-13 18:00:00,1757786426.0,0.0015
2025-09-13 19:00:00,1757790010.0,0.0015
2025-09-13 20:00:00,1757793608.0,0.0015
2025-09-13 21:00:00,1757797217.0,0.0015
2025-09-13 22:00:00,1757800820.0,0.0015
2025-09-13 23:00:00,1757804402.0,0.0015
2025-09-14 00:00:00,1757808018.0,0.0015
2025-09-14 01:00:00,1757811609.0,0.0015
2025-09-14 02:00:00,1757815215.0,0.0015
2025-09-14 03:00:00,1757818803.0,0.0015
2025-09-14 04:00:00,1757822423.0,0.0015
2025-09-14 05:00:00,1757826005.0,0.0015
2025-09-14 06:00:00,1757829606.0,0.0015
2025-09-14 07:00:00,1757833224.0,0.0015
2025-09-14 08:00:00,1757836814.0,0.0015
2025-09-14 09:00:00,1757840429.0,0.0015
2025-09-14 10:00:00,1757844012.0,0.0015
2025-09-14 11:00:00,1757847621.0,0.0015
2025-09-14 12:00:00,1757851202.0,0.0015
2025-09-14 13:00:00,1757854807.0,0.0015
2025-09-14 14:00:00,1757858418.0,0.0015
2025-09-14 15:00:00,1757862014.0,0.0015
2025-09-14 16:00:00,1757865620.0,0.0015
2025-09-14 17:00:00,1757869219.0,0.0015
2025-09-14 18:00:00,1757872825.0,0.0015
2025-09-14 19:00:00,1757876410.0,0.0015
2025-09-14 20:00:00,1757880008.0,0.0015
2025-09-14 21:00:00,1757883622.0,0.0015
2025-09-14 22:00:00,1757887202.0,0.0015
2025-09-14 23:00:00,1757890814.0,0.0015
2025-09-15 00:00:00,1757894406.0,0.0015
2025-09-15 01:00:00,1757898007.0,0.0015
2025-09-15 02:00:00,1757901611.0,0.0015
2025-09-15 03:00:00,1757905207.0,0.0015
2025-09-15 04:00:00,1757908810.0,0.0015
2025-09-15 05:00:00,1757912409.0,0.0015
2025-09-15 06:00:00,1757916011.0,0.0015
2025-09-15 07:00:00,1757919613.0,0.0015
2025-09-15 08:00:00,1757923214.0,0.0015
2025-09-15 09:00:00,1757926826.0,0.0015
2025-09-15 10:00:00,1757930405.0,0.0015
2025-09-15 11:00:00,1757934020.0,0.0015
2025-09-15 12:00:00,1757937607.0,0.0015
2025-09-15 13:00:00,1757941209.0,0.0015
2025-09-15 14:00:00,1757944810.0,0.0015
2025-09-15 15:00:00,1757948421.0,0.0015
2025-09-15 16:00:00,1757952012.0,0.0015
2025-09-15 17:00:00,1757955613.0,0.0015
2025-09-15 18:00:00,1757959204.0,0.0015
2025-09-15 19:00:00,1757962806.0,0.0015
2025-09-15 20:00:00,1757966419.0,0.0015
2025-09-15 21:00:00,1757970022.0,0.0015
2025-09-15 22:00:00,1757973605.0,0.0015
2025-09-15 23:00:00,1757977222.0,0.0015
2025-09-16 00:00:00,1757980825.0,0.0015
2025-09-16 01:00:00,1757984404.0,0.0015
2025-09-16 02:00:00,1757988010.0,0.0015
2025-09-16 03:00:00,1757991616.0,0.0015
2025-09-16 04:00:00,1757995202.0,0.0015
2025-09-16 05:00:00,1757998822.0,0.0015
2025-09-16 06:00:00,1758002419.0,0.0015
2025-09-16 07:00:00,1758006018.0,0.0015
2025-09-16 08:00:00,1758009617.0,0.0015
2025-09-16 09:00:00,1758013213.0,0.0015
2025-09-16 10:00:00,1758016805.0,0.0015
2025-09-16 11:00:00,1758020404.0,0.0015
2025-09-16 12:00:00,1758024002.0,0.0025
2025-09-16 13:00:00,1758027607.0,0.0025
2025-09-16 14:00:00,1758031204.0,0.0025
2025-09-16 15:00:00,1758034806.0,0.002
2025-09-16 16:00:00,1758038412.0,0.002
2025-09-16 17:00:00,1758042021.0,0.002
2025-09-16 18:00:00,1758045620.0,0.002
2025-09-16 19:00:00,1758049207.0,0.002
2025-09-16 20:00:00,1758052813.0,0.002
2025-09-16 21:00:00,1758056423.0,0.002
2025-09-16 22:00:00,1758060012.0,0.002
2025-09-16 23:00:00,1758063612.0,0.002
2025-09-17 00:00:00,1758067218.0,0.002
2025-09-17 01:00:00,1758070810.0,0.002
2025-09-17 02:00:00,1758074405.0,0.002
2025-09-17 03:00:00,1758078024.0,0.002
2025-09-17 04:00:00,1758081616.0,0.002
2025-09-17 05:00:00,1758085209.0,0.002
2025-09-17 06:00:00,1758088825.0,0.002
2025-09-17 07:00:00,1758092410.0,0.002
2025-09-17 08:00:00,1758096009.0,0.002
2025-09-17 09:00:00,1758099629.0,0.002
2025-09-17 10:00:00,1758103217.0,0.002
2025-09-17 11:00:00,1758106811.0,0.002
2025-09-17 12:00:00,1758110423.0,0.002
2025-09-17 13:00:00,1758114017.0,0.002
2025-09-17 14:00:00,1758117604.0,0.002
2025-09-17 15:00:00,1758121219.0,0.002
2025-09-17 16:00:00,1758124804.0,0.0025
2025-09-17 17:00:00,1758128418.0,0.0025
2025-09-17 18:00:00,1758132244.0,0.0025
2025-09-17 19:00:00,1758135608.0,0.0025
2025-09-17 20:00:00,1758139220.0,0.0025
2025-09-17 21:00:00,1758142827.0,0.0025
2025-09-17 22:00:00,1758146418.0,0.0025
2025-09-17 23:00:00,1758150015.0,0.0025
2025-09-18 00:00:00,1758153612.0,0.0025
2025-09-18 01:00:00,1758157210.0,0.0025
2025-09-18 02:00:00,1758160802.0,0.0025
2025-09-18 03:00:00,1758164408.0,0.0025
2025-09-18 04:00:00,1758168011.0,0.0025
2025-09-18 05:00:00,1758171606.0,0.0025
2025-09-18 06:00:00,1758175208.0,0.0025
2025-09-18 07:00:00,1758178808.0,0.0025
2025-09-18 08:00:00,1758182419.0,0.0025
2025-09-18 09:00:00,1758186015.0,0.003
2025-09-18 10:00:00,1758189616.0,0.002
2025-09-18 11:00:00,1758193206.0,0.002
2025-09-18 12:00:00,1758196818.0,0.002
2025-09-18 13:00:00,1758200416.0,0.002
2025-09-18 14:00:00,1758204015.0,0.002
2025-09-18 15:00:00,1758207622.0,0.002
2025-09-18 16:00:00,1758211205.0,0.002
2025-09-18 17:00:00,1758214817.0,0.002
2025-09-18 18:00:00,1758218417.0,0.002
2025-09-18 19:00:00,1758222024.0,0.002
2025-09-18 20:00:00,1758225609.0,0.002
2025-09-18 21:00:00,1758229218.0,0.002
2025-09-18 22:00:00,1758232815.0,0.002
2025-09-18 23:00:00,1758236402.0,0.002
2025-09-19 00:00:00,1758240010.0,0.002
2025-09-19 01:00:00,1758243606.0,0.002
2025-09-19 02:00:00,1758247214.0,0.002
2025-09-19 03:00:00,1758250823.0,0.002
2025-09-19 04:00:00,1758254404.0,0.002
2025-09-19 05:00:00,1758258006.0,0.002
2025-09-19 06:00:00,1758261604.0,0.002
2025-09-19 07:00:00,1758265221.0,0.002
2025-09-19 08:00:00,1758268806.0,0.002
2025-09-19 09:00:00,1758272402.0,0.002
2025-09-19 10:00:00,1758276015.0,0.002
2025-09-19 11:00:00,1758279620.0,0.002
2025-09-19 12:00:00,1758283202.0,0.002
2025-09-19 13:00:00,1758286813.0,0.002
2025-09-19 14:00:00,1758290419.0,0.002
2025-09-19 15:00:00,1758294007.0,0.002
2025-09-19 16:00:00,1758297616.0,0.002
2025-09-19 17:00:00,1758301207.0,0.002
2025-09-19 18:00:00,1758304813.0,0.002
2025-09-19 19:00:00,1758308416.0,0.002
2025-09-19 20:00:00,1758312021.0,0.002
2025-09-19 21:00:00,1758315609.0,0.002
2025-09-19 22:00:00,1758319202.0,0.002
2025-09-19 23:00:00,1758322814.0,0.002
2025-09-20 00:00:00,1758326421.0,0.002
2025-09-20 01:00:00,1758330006.0,0.002
2025-09-20 02:00:00,1758333616.0,0.002
2025-09-20 03:00:00,1758337225.0,0.002
2025-09-20 04:00:00,1758340804.0,0.002
2025-09-20 05:00:00,1758344420.0,0.002
2025-09-20 06:00:00,1758348016.0,0.002
2025-09-20 07:00:00,1758351618.0,0.002
2025-09-20 08:00:00,1758355222.0,0.002
2025-09-20 09:00:00,1758358826.0,0.002
2025-09-20 10:00:00,1758362415.0,0.002
2025-09-20 11:00:00,1758366025.0,0.002
2025-09-20 12:00:00,1758369617.0,0.002
2025-09-20 13:00:00,1758373207.0,0.002
2025-09-20 14:00:00,1758376806.0,0.002
2025-09-20 15:00:00,1758380418.0,0.002
2025-09-20 16:00:00,1758384016.0,0.002
2025-09-20 17:00:00,1758387618.0,0.002
2025-09-20 18:00:00,1758391204.0,0.002
2025-09-20 19:00:00,1758394825.0,0.002
2025-09-20 20:00:00,1758398414.0,0.002
2025-09-20 21:00:00,1758402014.0,0.002
2025-09-20 22:00:00,1758405612.0,0.002
2025-09-20 23:00:00,1758409215.0,0.002
2025-09-21 00:00:00,1758412804.0,0.002
2025-09-21 01:00:00,1758416411.0,0.002
2025-09-21 02:00:00,1758420007.0,0.002
2025-09-21 03:00:00,1758423606.0,0.002
2025-09-21 04:00:00,1758427202.0,0.002
2025-09-21 05:00:00,1758430819.0,0.002
2025-09-21 06:00:00,1758434414.0,0.002
2025-09-21 07:00:00,1758438011.0,0.002
2025-09-21 08:00:00,1758441613.0,0.002
2025-09-21 09:00:00,1758445210.0,0.002
2025-09-21 10:00:00,1758448809.0,0.002
2025-09-21 11:00:00,1758452408.0,0.002
2025-09-21 12:00:00,1758456022.0,0.002
2025-09-21 13:00:00,1758459614.0,0.002
2025-09-21 14:00:00,1758463204.0,0.002
2025-09-21 15:00:00,1758466820.0,0.002
2025-09-21 16:00:00,1758470405.0,0.002
2025-09-21 17:00:00,1758474017.0,0.002
2025-09-21 18:00:00,1758477605.0,0.002
2025-09-21 19:00:00,1758481206.0,0.002
2025-09-21 20:00:00,1758484805.0,0.002
2025-09-21 21:00:00,1758488406.0,0.002
2025-09-21 22:00:00,1758492008.0,0.002
2025-09-21 23:00:00,1758495605.0,0.002
2025-09-22 00:00:00,1758499217.0,0.002
2025-09-22 01:00:00,1758502806.0,0.002
2025-09-22 02:00:00,1758506419.0,0.002
2025-09-22 03:00:00,1758510015.0,0.002
2025-09-22 04:00:00,1758513602.0,0.002
2025-09-22 05:00:00,1758517213.0,0.002
2025-09-22 06:00:00,1758520824.0,0.002
2025-09-22 07:00:00,1758524402.0,0.002
2025-09-22 08:00:00,1758528016.0,0.002
2025-09-22 09:00:00,1758531611.0,0.002
2025-09-22 10:00:00,1758535216.0,0.002
2025-09-22 11:00:00,1758538819.0,0.002
2025-09-22 12:00:00,1758542423.0,0.002
2025-09-22 13:00:00,1758546005.0,0.002
2025-09-22 14:00:00,1758549613.0,0.0015
2025-09-22 15:00:00,1758553206.0,0.0015
2025-09-22 16:00:00,1758556819.0,0.0015
2025-09-22 17:00:00,1758560410.0,0.0015
2025-09-22 18:00:00,1758564007.0,0.0015
2025-09-22 19:00:00,1758567611.0,0.0015
2025-09-22 20:00:00,1758571219.0,0.0015
2025-09-22 21:00:00,1758574817.0,0.0015
2025-09-22 22:00:00,1758578412.0,0.0015
2025-09-22 23:00:00,1758582020.0,0.0015
2025-09-23 00:00:00,1758585612.0,0.0015
2025-09-23 01:00:00,1758589212.0,0.0015
2025-09-23 02:00:00,1758592816.0,0.0015
2025-09-23 03:00:00,1758596410.0,0.0015
2025-09-23 04:00:00,1758600016.0,0.0015
2025-09-23 05:00:00,1758603606.0,0.0015
2025-09-23 06:00:00,1758607202.0,0.0015
2025-09-23 07:00:00,1758610814.0,0.0015
2025-09-23 08:00:00,1758614417.0,0.0015
2025-09-23 09:00:00,1758618021.0,0.0015
2025-09-23 10:00:00,1758621621.0,0.0015
2025-09-23 11:00:00,1758625217.0,0.0015
2025-09-23 12:00:00,1758628803.0,0.0015
2025-09-23 13:00:00,1758632414.0,0.0015
2025-09-23 14:00:00,1758636024.0,0.0015
2025-09-23 15:00:00,1758639604.0,0.0015
2025-09-23 16:00:00,1758643215.0,0.0015
2025-09-23 17:00:00,1758646811.0,0.0015
2025-09-23 18:00:00,1758650418.0,0.0015
2025-09-23 19:00:00,1758654009.0,0.0015
2025-09-23 20:00:00,1758657604.0,0.0015
2025-09-23 21:00:00,1758661208.0,0.0015
2025-09-23 22:00:00,1758664811.0,0.0015
2025-09-23 23:00:00,1758668416.0,0.0015
2025-09-24 00:00:00,1758672015.0,0.0015
2025-09-24 01:00:00,1758675618.0,0.0015
2025-09-24 02:00:00,1758679216.0,0.0015
2025-09-24 03:00:00,1758682810.0,0.0015
2025-09-24 04:00:00,1758686402.0,0.0015
2025-09-24 05:00:00,1758690008.0,0.0015
2025-09-24 06:00:00,1758693620.0,0.0015
2025-09-24 07:00:00,1758697221.0,0.0015
2025-09-24 08:00:00,1758700805.0,0.0015
2025-09-24 09:00:00,1758704423.0,0.0015
2025-09-24 10:00:00,1758708003.0,0.0015
2025-09-24 11:00:00,1758711602.0,0.0015
2025-09-24 12:00:00,1758715208.0,0.0015
2025-09-24 13:00:00,1758718804.0,0.0015
2025-09-24 14:00:00,1758722410.0,0.0015
2025-09-24 15:00:00,1758726012.0,0.0015
2025-09-24 16:00:00,1758729607.0,0.0015
2025-09-24 17:00:00,1758733209.0,0.0015
2025-09-24 18:00:00,1758736810.0,0.0015
2025-09-24 19:00:00,1758740412.0,0.0015
2025-09-24 20:00:00,1758744007.0,0.0015
2025-09-24 21:00:00,1758747609.0,0.0015
2025-09-24 22:00:00,1758751209.0,0.0015
2025-09-24 23:00:00,1758754803.0,0.0015
2025-09-25 00:00:00,1758758403.0,0.0015
2025-09-25 01:00:00,1758762002.0,0.0015
2025-09-25 02:00:00,1758765602.0,0.0015
2025-09-25 03:00:00,1758769212.0,0.0015
2025-09-25 04:00:00,1758772806.0,0.0015
2025-09-25 05:00:00,1758776410.0,0.0015
2025-09-25 06:00:00,1758780004.0,0.0015
2025-09-25 07:00:00,1758783603.0,0.0015
2025-09-25 08:00:00,1758787211.0,0.0015
2025-09-25 09:00:00,1758790805.0,0.0015
2025-09-25 10:00:00,1758794405.0,0.0015
2025-09-25 11:00:00,1758798013.0,0.0015
2025-09-25 12:00:00,1758801613.0,0.0015
2025-09-25 13:00:00,1758805204.0,0.0015
2025-09-25 14:00:00,1758808804.0,0.0015
2025-09-25 15:00:00,1758812412.0,0.0015
2025-09-25 16:00:00,1758816008.0,0.0015
2025-09-25 17:00:00,1758819604.0,0.0015
2025-09-25 18:00:00,1758823216.0,0.0015
2025-09-25 19:00:00,1758826810.0,0.0015
2025-09-25 20:00:00,1758830408.0,0.0015
2025-09-25 21:00:00,1758834004.0,0.0015
2025-09-25 22:00:00,1758837606.0,0.0015
2025-09-25 23:00:00,1758841213.0,0.0015
2025-09-26 00:00:00,1758844809.0,0.0015
2025-09-26 01:00:00,1758848408.0,0.0015
2025-09-26 02:00:00,1758852009.0,0.0015
2025-09-26 03:00:00,1758855613.0,0.0015
2025-09-26 04:00:00,1758859207.0,0.0015
2025-09-26 05:00:00,1758862807.0,0.0015
2025-09-26 06:00:00,1758866412.0,0.0015
2025-09-26 07:00:00,1758870003.0,0.0015
2025-09-26 08:00:00,1758873613.0,0.0015
2025-09-26 09:00:00,1758877214.0,0.0015
2025-09-26 10:00:00,1758880806.0,0.0015
2025-09-26 11:00:00,1758884411.0,0.0015
2025-09-26 12:00:00,1758888018.0,0.0015
2025-09-26 13:00:00,1758891605.0,0.0015
2025-09-26 14:00:00,1758895203.0,0.0015
2025-09-26 15:00:00,1758898803.0,0.0015
2025-09-26 16:00:00,1758902413.0,0.0015
2025-09-26 17:00:00,1758906014.0,0.0015
2025-09-26 18:00:00,1758909603.0,0.0015
2025-09-26 19:00:00,1758913211.0,0.0015
2025-09-26 20:00:00,1758916806.0,0.0015
2025-09-26 21:00:00,1758920405.0,0.0015
2025-09-26 22:00:00,1758924015.0,0.0015
2025-09-26 23:00:00,1758927602.0,0.0015
2025-09-27 00:00:00,1758931210.0,0.0015
2025-09-27 01:00:00,1758934808.0,0.0015
2025-09-27 02:00:00,1758938408.0,0.0015
2025-09-27 03:00:00,1758942003.0,0.0015
2025-09-27 04:00:00,1758945613.0,0.0015
2025-09-27 05:00:00,1758949212.0,0.0015
2025-09-27 06:00:00,1758952811.0,0.0015
2025-09-27 07:00:00,1758956408.0,0.0015
2025-09-27 08:00:00,1758960005.0,0.0015
2025-09-27 09:00:00,1758963609.0,0.0015
2025-09-27 10:00:00,1758967216.0,0.0015
2025-09-27 11:00:00,1758970807.0,0.0015
2025-09-27 12:00:00,1758974414.0,0.0015
2025-09-27 13:00:00,1758978004.0,0.0015
2025-09-27 14:00:00,1758981615.0,0.0015
2025-09-27 15:00:00,1758985202.0,0.0015
2025-09-27 16:00:00,1758988803.0,0.0015
2025-09-27 17:00:00,1758992408.0,0.0015
2025-09-27 18:00:00,1758996016.0,0.0015
2025-09-27 19:00:00,1758999607.0,0.0015
2025-09-27 20:00:00,1759003207.0,0.0015
2025-09-27 21:00:00,1759006804.0,0.0015
2025-09-27 22:00:00,1759010409.0,0.0015
2025-09-27 23:00:00,1759014006.0,0.0015
2025-09-28 00:00:00,1759017612.0,0.0015
2025-09-28 01:00:00,1759021202.0,0.0015
2025-09-28 02:00:00,1759024812.0,0.0015
2025-09-28 03:00:00,1759028412.0,0.0015
2025-09-28 04:00:00,1759032004.0,0.0015
2025-09-28 05:00:00,1759035615.0,0.0015
2025-09-28 06:00:00,1759039216.0,0.0015
2025-09-28 07:00:00,1759042813.0,0.0015
2025-09-28 08:00:00,1759046407.0,0.0015
2025-09-28 09:00:00,1759050007.0,0.0015
2025-09-28 10:00:00,1759053613.0,0.0015
2025-09-28 11:00:00,1759057210.0,0.0015
2025-09-28 12:00:00,1759060807.0,0.0015
2025-09-28 13:00:00,1759064404.0,0.0015
2025-09-28 14:00:00,1759068014.0,0.0015
2025-09-28 15:00:00,1759071614.0,0.0015
2025-09-28 16:00:00,1759075208.0,0.0015
2025-09-28 17:00:00,1759078809.0,0.0015
2025-09-28 18:00:00,1759082409.0,0.0015
2025-09-28 19:00:00,1759086007.0,0.0015
2025-09-28 20:00:00,1759089610.0,0.0015
2025-09-28 21:00:00,1759093215.0,0.0015
2025-09-28 22:00:00,1759096810.0,0.0015
2025-09-28 23:00:00,1759100404.0,0.0015
2025-09-29 00:00:00,1759104006.0,0.0015
2025-09-29 01:00:00,1759107603.0,0.0015
2025-09-29 02:00:00,1759111203.0,0.0015
2025-09-29 03:00:00,1759114809.0,0.0015
2025-09-29 04:00:00,1759118413.0,0.0015
2025-09-29 05:00:00,1759122008.0,0.0015
2025-09-29 06:00:00,1759125615.0,0.0015
2025-09-29 07:00:00,1759129208.0,0.0015
2025-09-29 08:00:00,1759132804.0,0.0015
2025-09-29 09:00:00,1759136410.0,0.0015
2025-09-29 10:00:00,1759140010.0,0.0015
2025-09-29 11:00:00,1759143604.0,0.0015
2025-09-29 12:00:00,1759147204.0,0.0015
2025-09-29 13:00:00,1759150804.0,0.0015
2025-09-29 14:00:00,1759154408.0,0.0015
2025-09-29 15:00:00,1759158006.0,0.0015
2025-09-29 16:00:00,1759161609.0,0.0015
2025-09-29 17:00:00,1759165208.0,0.0015
2025-09-29 18:00:00,1759168808.0,0.0015
2025-09-29 19:00:00,1759172406.0,0.0015
2025-09-29 20:00:00,1759176002.0,0.0015
2025-09-29 21:00:00,1759179610.0,0.0015
2025-09-29 22:00:00,1759183206.0,0.0015
2025-09-29 23:00:00,1759186802.0,0.0015
2025-09-30 00:00:00,1759190403.0,0.0015
2025-09-30 01:00:00,1759194010.0,0.0015
2025-09-30 02:00:00,1759197603.0,0.0015
2025-09-30 03:00:00,1759201208.0,0.0015
2025-09-30 04:00:00,1759204802.0,0.0015
2025-09-30 05:00:00,1759208408.0,0.0015
2025-09-30 06:00:00,1759212002.0,0.0015
2025-09-30 07:00:00,1759215605.0,0.0015
2025-09-30 08:00:00,1759219204.0,0.0015
2025-09-30 09:00:00,1759222810.0,0.0015
2025-09-30 10:00:00,1759226404.0,0.0015
2025-09-30 11:00:00,1759230007.0,0.0015
2025-09-30 12:00:00,1759233605.0,0.0015
2025-09-30 13:00:00,1759237203.0,0.0015
2025-09-30 14:00:00,1759240812.0,0.0015
2025-09-30 15:00:00,1759244409.0,0.0015
2025-09-30 16:00:00,1759248002.0,0.0015
2025-09-30 17:00:00,1759251611.0,0.0015
2025-09-30 18:00:00,1759255204.0,0.0015
2025-09-30 19:00:00,1759258811.0,0.0015
2025-09-30 20:00:00,1759262404.0,0.0015
2025-09-30 21:00:00,1759266012.0,0.0015
2025-09-30 22:00:00,1759269614.0,0.0015
2025-09-30 23:00:00,1759273209.0,0.0015
2025-10-01 00:00:00,1759276802.0,0.0015
2025-10-01 01:00:00,1759280408.0,0.0015
2025-10-01 02:00:00,1759284008.0,0.0015
2025-10-01 03:00:00,1759287610.0,0.0015
2025-10-01 04:00:00,1759291204.0,0.0015
2025-10-01 05:00:00,1759294808.0,0.0015
2025-10-01 06:00:00,1759298403.0,0.0015
2025-10-01 07:00:00,1759302002.0,0.0015
2025-10-01 08:00:00,1759305602.0,0.0015
2025-10-01 09:00:00,1759309203.0,0.0015
2025-10-01 10:00:00,1759312803.0,0.0015
2025-10-01 11:00:00,1759316411.0,0.0015
2025-10-01 12:00:00,1759320011.0,0.0015
2025-10-01 13:00:00,1759323608.0,0.0015
2025-10-01 14:00:00,1759327208.0,0.0015
2025-10-01 15:00:00,1759330806.0,0.0015
2025-10-01 16:00:00,1759334406.0,0.0015
2025-10-01 17:00:00,1759338014.0,0.0015
2025-10-01 18:00:00,1759341609.0,0.0015
2025-10-01 19:00:00,1759345210.0,0.0015
2025-10-01 20:00:00,1759348813.0,0.0015
2025-10-01 21:00:00,1759352413.0,0.0015
2025-10-01 22:00:00,1759356011.0,0.0015
2025-10-01 23:00:00,1759359610.0,0.0015
2025-10-02 00:00:00,1759363206.0,0.0015
2025-10-02 01:00:00,1759366807.0,0.0015
2025-10-02 02:00:00,1759370407.0,0.0015
2025-10-02 03:00:00,1759374005.0,0.0015
2025-10-02 04:00:00,1759377608.0,0.0015
2025-10-02 05:00:00,1759381206.0,0.0015
2025-10-02 06:00:00,1759384809.0,0.0015
2025-10-02 07:00:00,1759388408.0,0.0015
2025-10-02 08:00:00,1759392010.0,0.0015
2025-10-02 09:00:00,1759395613.0,0.0015
2025-10-02 10:00:00,1759399205.0,0.0015
2025-10-02 11:00:00,1759402803.0,0.0015
2025-10-02 12:00:00,1759406408.0,0.0015
2025-10-02 13:00:00,1759410010.0,0.0015
2025-10-02 14:00:00,1759413605.0,0.0015
2025-10-02 15:00:00,1759417202.0,0.0015
2025-10-02 16:00:00,1759420814.0,0.0015
2025-10-02 17:00:00,1759424405.0,0.0015
2025-10-02 18:00:00,1759428011.0,0.0015
2025-10-02 19:00:00,1759431608.0,0.0015
2025-10-02 20:00:00,1759435212.0,0.0015
2025-10-02 21:00:00,1759438810.0,0.0015
2025-10-02 22:00:00,1759442407.0,0.0015
2025-10-02 23:00:00,1759446011.0,0.0015
2025-10-03 00:00:00,1759449611.0,0.0015
2025-10-03 01:00:00,1759453203.0,0.0015
2025-10-03 02:00:00,1759456812.0,0.0015
2025-10-03 03:00:00,1759460406.0,0.0015
2025-10-03 04:00:00,1759464002.0,0.0015
2025-10-03 05:00:00,1759467609.0,0.0015
2025-10-03 06:00:00,1759471209.0,0.0015
2025-10-03 07:00:00,1759474814.0,0.0015
2025-10-03 08:00:00,1759478402.0,0.0015
2025-10-03 09:00:00,1759482004.0,0.0015
2025-10-03 10:00:00,1759485605.0,0.0015
2025-10-03 11:00:00,1759489204.0,0.0015
2025-10-03 12:00:00,1759492802.0,0.0015
2025-10-03 13:00:00,1759496405.0,0.0015
2025-10-03 14:00:00,1759500005.0,0.0015
2025-10-03 15:00:00,1759503604.0,0.0015
2025-10-03 16:00:00,1759507205.0,0.0015
2025-10-03 17:00:00,1759510805.0,0.0015
2025-10-03 18:00:00,1759514409.0,0.0015
2025-10-03 19:00:00,1759518003.0,0.0015
2025-10-03 20:00:00,1759521604.0,0.0015
2025-10-03 21:00:00,1759525208.0,0.0015
2025-10-03 22:00:00,1759528806.0,0.002
2025-10-03 23:00:00,1759532406.0,0.002
2025-10-04 00:00:00,1759536008.0,0.002
2025-10-04 01:00:00,1759539607.0,0.002
2025-10-04 02:00:00,1759543206.0,0.002
2025-10-04 03:00:00,1759546807.0,0.002
2025-10-04 04:00:00,1759550405.0,0.002
2025-10-04 05:00:00,1759554005.0,0.002
2025-10-04 06:00:00,1759557606.0,0.002
2025-10-04 07:00:00,1759561213.0,0.002
2025-10-04 08:00:00,1759564807.0,0.002
2025-10-04 09:00:00,1759568413.0,0.002
2025-10-04 10:00:00,1759572008.0,0.002
2025-10-04 11:00:00,1759575606.0,0.002
2025-10-04 12:00:00,1759579214.0,0.002
2025-10-04 13:00:00,1759582809.0,0.002
2025-10-04 14:00:00,1759586405.0,0.002
2025-10-04 15:00:00,1759590003.0,0.002
2025-10-04 16:00:00,1759593607.0,0.002
2025-10-04 17:00:00,1759597209.0,0.002
2025-10-04 18:00:00,1759600803.0,0.002
2025-10-04 19:00:00,1759604407.0,0.002
2025-10-04 20:00:00,1759608005.0,0.002
2025-10-04 21:00:00,1759611604.0,0.002
2025-10-04 22:00:00,1759615206.0,0.002
2025-10-04 23:00:00,1759618806.0,0.002
2025-10-05 00:00:00,1759622404.0,0.002
2025-10-05 01:00:00,1759626005.0,0.002
2025-10-05 02:00:00,1759629603.0,0.002
2025-10-05 03:00:00,1759633204.0,0.002
2025-10-05 04:00:00,1759636802.0,0.002
2025-10-05 05:00:00,1759640405.0,0.002
2025-10-05 06:00:00,1759644003.0,0.002
2025-10-05 07:00:00,1759647603.0,0.002
2025-10-05 08:00:00,1759651207.0,0.002
2025-10-05 09:00:00,1759654803.0,0.002
2025-10-05 10:00:00,1759658407.0,0.002
2025-10-05 11:00:00,1759662003.0,0.002
2025-10-05 12:00:00,1759665603.0,0.002
2025-10-05 13:00:00,1759669208.0,0.002
2025-10-05 14:00:00,1759672804.0,0.002
2025-10-05 15:00:00,1759676402.0,0.002
2025-10-05 16:00:00,1759680008.0,0.002
2025-10-05 17:00:00,1759683602.0,0.002
2025-10-05 18:00:00,1759687214.0,0.002
2025-10-05 19:00:00,1759690811.0,0.002
2025-10-05 20:00:00,1759694406.0,0.002
2025-10-05 21:00:00,1759698007.0,0.002
2025-10-05 22:00:00,1759701607.0,0.002
2025-10-05 23:00:00,1759705205.0,0.002
2025-10-06 00:00:00,1759708808.0,0.002
2025-10-06 01:00:00,1759712403.0,0.002
2025-10-06 02:00:00,1759716004.0,0.002
2025-10-06 03:00:00,1759719603.0,0.002
2025-10-06 04:00:00,1759723203.0,0.002
2025-10-06 05:00:00,1759726807.0,0.002
2025-10-06 06:00:00,1759730403.0,0.002
2025-10-06 07:00:00,1759734015.0,0.002
2025-10-06 08:00:00,1759737603.0,0.002
2025-10-06 09:00:00,1759741208.0,0.002
2025-10-06 10:00:00,1759744804.0,0.002
2025-10-06 11:00:00,1759748403.0,0.002
2025-10-06 12:00:00,1759752005.0,0.002
2025-10-06 13:00:00,1759755605.0,0.002
2025-10-06 14:00:00,1759759203.0,0.002
2025-10-06 15:00:00,1759762806.0,0.002
2025-10-06 16:00:00,1759766404.0,0.002
2025-10-06 17:00:00,1759770006.0,0.002
2025-10-06 18:00:00,1759773605.0,0.002
2025-10-06 19:00:00,1759777203.0,0.002
2025-10-06 20:00:00,1759780802.0,0.002
2025-10-06 21:00:00,1759784409.0,0.002
2025-10-06 22:00:00,1759788014.0,0.002
2025-10-06 23:00:00,1759791607.0,0.002
2025-10-07 00:00:00,1759795203.0,0.002
2025-10-07 01:00:00,1759798806.0,0.002
2025-10-07 02:00:00,1759802408.0,0.002
2025-10-07 03:00:00,1759806002.0,0.002
2025-10-07 04:00:00,1759809609.0,0.002
2025-10-07 05:00:00,1759813210.0,0.002
2025-10-07 06:00:00,1759816812.0,0.002
2025-10-07 07:00:00,1759820408.0,0.002
2025-10-07 08:00:00,1759824005.0,0.002
2025-10-07 09:00:00,1759827610.0,0.002
2025-10-07 10:00:00,1759831206.0,0.002
2025-10-07 11:00:00,1759834802.0,0.002
2025-10-07 12:00:00,1759838415.0,0.002
2025-10-07 13:00:00,1759842010.0,0.002
2025-10-07 14:00:00,1759845606.0,0.002
2025-10-07 15:00:00,1759849210.0,0.002
2025-10-07 16:00:00,1759852813.0,0.002
2025-10-07 17:00:00,1759856412.0,0.002
2025-10-07 18:00:00,1759860009.0,0.002
2025-10-07 19:00:00,1759863609.0,0.002
2025-10-07 20:00:00,1759867211.0,0.002
2025-10-07 21:00:00,1759870815.0,0.002
2025-10-07 22:00:00,1759874413.0,0.002
2025-10-07 23:00:00,1759878006.0,0.002
2025-10-08 00:00:00,1759881606.0,0.002
2025-10-08 01:00:00,1759885209.0,0.002
2025-10-08 02:00:00,1759888809.0,0.002
2025-10-08 03:00:00,1759892415.0,0.002
2025-10-08 04:00:00,1759896013.0,0.002
2025-10-08 05:00:00,1759899611.0,0.002
2025-10-08 06:00:00,1759903205.0,0.002
2025-10-08 07:00:00,1759906809.0,0.002
2025-10-08 08:00:00,1759910413.0,0.002
2025-10-08 09:00:00,1759914011.0,0.002
2025-10-08 10:00:00,1759917613.0,0.002
2025-10-08 11:00:00,1759921205.0,0.002
2025-10-08 12:00:00,1759924809.0,0.002
2025-10-08 13:00:00,1759928413.0,0.002
2025-10-08 14:00:00,1759932008.0,0.002
2025-10-08 15:00:00,1759935613.0,0.002
2025-10-08 16:00:00,1759939205.0,0.002
2025-10-08 17:00:00,1759942812.0,0.002
2025-10-08 18:00:00,1759946410.0,0.002
2025-10-08 19:00:00,1759950016.0,0.002
2025-10-08 20:00:00,1759953606.0,0.002
2025-10-08 21:00:00,1759957212.0,0.002
2025-10-08 22:00:00,1759960815.0,0.002
2025-10-08 23:00:00,1759964406.0,0.002
2025-10-09 00:00:00,1759968013.0,0.002
2025-10-09 01:00:00,1759971608.0,0.002
2025-10-09 02:00:00,1759975206.0,0.002
2025-10-09 03:00:00,1759978807.0,0.002
2025-10-09 04:00:00,1759982409.0,0.002
2025-10-09 05:00:00,1759986006.0,0.002
2025-10-09 06:00:00,1759989605.0,0.002
2025-10-09 07:00:00,1759993210.0,0.002
2025-10-09 08:00:00,1759996808.0,0.002
2025-10-09 09:00:00,1760000404.0,0.002
2025-10-09 10:00:00,1760004010.0,0.002
2025-10-09 11:00:00,1760007613.0,0.002
2025-10-09 12:00:00,1760011216.0,0.002
2025-10-09 13:00:00,1760014813.0,0.002
2025-10-09 14:00:00,1760018419.0,0.002
2025-10-09 15:00:00,1760022010.0,0.002
2025-10-09 16:00:00,1760025609.0,0.002
2025-10-09 17:00:00,1760029206.0,0.002
2025-10-09 18:00:00,1760032817.0,0.002
2025-10-09 19:00:00,1760036418.0,0.002
2025-10-09 20:00:00,1760040016.0,0.002
2025-10-09 21:00:00,1760043610.0,0.002
2025-10-09 22:00:00,1760047215.0,0.002
2025-10-09 23:00:00,1760050816.0,0.002
2025-10-10 00:00:00,1760054417.0,0.002
2025-10-10 01:00:00,1760058010.0,0.002
2025-10-10 02:00:00,1760061606.0,0.002
2025-10-10 03:00:00,1760065221.0,0.002
2025-10-10 04:00:00,1760068809.0,0.002
2025-10-10 05:00:00,1760072406.0,0.002
2025-10-10 06:00:00,1760076010.0,0.002
2025-10-10 07:00:00,1760079617.0,0.002
2025-10-10 08:00:00,1760083216.0,0.002
2025-10-10 09:00:00,1760086814.0,0.002
2025-10-10 10:00:00,1760090414.0,0.002
2025-10-10 11:00:00,1760094004.0,0.002
2025-10-10 12:00:00,1760097618.0,0.002
2025-10-10 13:00:00,1760101210.0,0.002
2025-10-10 14:00:00,1760104819.0,0.002
2025-10-10 15:00:00,1760108417.0,0.002
2025-10-10 16:00:00,1760112004.0,0.002
2025-10-10 17:00:00,1760115609.0,0.002
2025-10-10 18:00:00,1760119218.0,0.002
2025-10-10 19:00:00,1760122810.0,0.002
2025-10-10 20:00:00,1760126419.0,0.002
2025-10-10 21:00:00,1760130006.0,0.002
2025-10-10 22:00:00,1760133616.0,0.002
2025-10-10 23:00:00,1760137211.0,0.002
2025-10-11 00:00:00,1760140815.0,0.002
2025-10-11 01:00:00,1760144406.0,0.002
2025-10-11 02:00:00,1760148011.0,0.002
2025-10-11 03:00:00,1760151620.0,0.002
2025-10-11 04:00:00,1760155208.0,0.002
2025-10-11 05:00:00,1760158804.0,0.002
2025-10-11 06:00:00,1760162419.0,0.002
2025-10-11 07:00:00,1760166017.0,0.002
2025-10-11 08:00:00,1760169610.0,0.002
2025-10-11 09:00:00,1760173214.0,0.002
2025-10-11 10:00:00,1760176808.0,0.002
2025-10-11 11:00:00,1760180408.0,0.002
2025-10-11 12:00:00,1760184012.0,0.0015
2025-10-11 13:00:00,1760187606.0,0.0015
2025-10-11 14:00:00,1760191213.0,0.0015
2025-10-11 15:00:00,1760194807.0,0.0015
2025-10-11 16:00:00,1760198403.0,0.0015
2025-10-11 17:00:00,1760202010.0,0.0015
2025-10-11 18:00:00,1760205606.0,0.0015
2025-10-11 19:00:00,1760209215.0,0.0015
2025-10-11 20:00:00,1760212814.0,0.0015
2025-10-11 21:00:00,1760216402.0,0.0015
2025-10-11 22:00:00,1760220008.0,0.0015
2025-10-11 23:00:00,1760223610.0,0.0015
2025-10-12 00:00:00,1760227210.0,0.0015
2025-10-12 01:00:00,1760230812.0,0.0015
2025-10-12 02:00:00,1760234416.0,0.0015
2025-10-12 03:00:00,1760238018.0,0.0015
2025-10-12 04:00:00,1760241604.0,0.0015
2025-10-12 05:00:00,1760245207.0,0.0015
2025-10-12 06:00:00,1760248809.0,0.0015
2025-10-12 07:00:00,1760252409.0,0.0015
2025-10-12 08:00:00,1760256003.0,0.0015
2025-10-12 09:00:00,1760259610.0,0.0015
2025-10-12 10:00:00,1760263203.0,0.0015
2025-10-12 11:00:00,1760266817.0,0.0015
2025-10-12 12:00:00,1760270405.0,0.0015
2025-10-12 13:00:00,1760274003.0,0.0015
2025-10-12 14:00:00,1760277611.0,0.0015
2025-10-12 15:00:00,1760281210.0,0.0015
2025-10-12 16:00:00,1760284811.0,0.0015
2025-10-12 17:00:00,1760288406.0,0.0015
2025-10-12 18:00:00,1760292021.0,0.0015
2025-10-12 19:00:00,1760295612.0,0.0015
2025-10-12 20:00:00,1760299213.0,0.0015
2025-10-12 21:00:00,1760302805.0,0.0015
2025-10-12 22:00:00,1760306413.0,0.0015
2025-10-12 23:00:00,1760310008.0,0.0015
2025-10-13 00:00:00,1760313616.0,0.0015
2025-10-13 01:00:00,1760317212.0,0.0015
2025-10-13 02:00:00,1760320809.0,0.002
2025-10-13 03:00:00,1760324404.0,0.002
2025-10-13 04:00:00,1760328008.0,0.002
2025-10-13 05:00:00,1760331615.0,0.002
2025-10-13 06:00:00,1760335208.0,0.002
2025-10-13 07:00:00,1760338814.0,0.002
2025-10-13 08:00:00,1760342411.0,0.002
2025-10-13 09:00:00,1760346021.0,0.002
2025-10-13 10:00:00,1760349612.0,0.002
2025-10-13 11:00:00,1760353207.0,0.002
2025-10-13 12:00:00,1760356823.0,0.002
2025-10-13 13:00:00,1760360416.0,0.002
2025-10-13 14:00:00,1760364010.0,0.002
2025-10-13 15:00:00,1760367620.0,0.002
2025-10-13 16:00:00,1760371215.0,0.002
2025-10-13 17:00:00,1760374810.0,0.002
2025-10-13 18:00:00,1760378421.0,0.002
2025-10-13 19:00:00,1760382009.0,0.002
2025-10-13 20:00:00,1760385609.0,0.002
2025-10-13 21:00:00,1760389225.0,0.002
2025-10-13 22:00:00,1760392817.0,0.002
2025-10-13 23:00:00,1760396409.0,0.002
2025-10-14 00:00:00,1760400004.0,0.002
2025-10-14 01:00:00,1760403610.0,0.002
2025-10-14 02:00:00,1760407210.0,0.002
2025-10-14 03:00:00,1760410823.0,0.002
2025-10-14 04:00:00,1760414414.0,0.002
2025-10-14 05:00:00,1760418014.0,0.002
2025-10-14 06:00:00,1760421618.0,0.002
2025-10-14 07:00:00,1760425211.0,0.002
2025-10-14 08:00:00,1760428811.0,0.002
2025-10-14 09:00:00,1760432420.0,0.002
2025-10-14 10:00:00,1760436013.0,0.002
2025-10-14 11:00:00,1760439614.0,0.002
2025-10-14 12:00:00,1760443204.0,0.002
2025-10-14 13:00:00,1760446814.0,0.002
2025-10-14 14:00:00,1760450413.0,0.002
2025-10-14 15:00:00,1760454024.0,0.002
2025-10-14 16:00:00,1760457613.0,0.002
2025-10-14 17:00:00,1760461203.0,0.002
2025-10-14 18:00:00,1760464814.0,0.002
2025-10-14 19:00:00,1760468411.0,0.002
2025-10-14 20:00:00,1760472010.0,0.002
2025-10-14 21:00:00,1760475617.0,0.002
2025-10-14 22:00:00,1760479204.0,0.002
2025-10-14 23:00:00,1760482816.0,0.002
2025-10-15 00:00:00,1760486408.0,0.002
2025-10-15 01:00:00,1760490008.0,0.002
2025-10-15 02:00:00,1760493610.0,0.002
2025-10-15 03:00:00,1760497213.0,0.002
2025-10-15 04:00:00,1760500813.0,0.002
2025-10-15 05:00:00,1760504414.0,0.002
2025-10-15 06:00:00,1760508020.0,0.002
2025-10-15 07:00:00,1760511613.0,0.002
2025-10-15 08:00:00,1760515205.0,0.002
2025-10-15 09:00:00,1760518815.0,0.002
2025-10-15 10:00:00,1760522409.0,0.002
2025-10-15 11:00:00,1760526003.0,0.002
2025-10-15 12:00:00,1760529603.0,0.002
2025-10-15 13:00:00,1760533212.0,0.002
2025-10-15 14:00:00,1760536803.0,0.002
2025-10-15 15:00:00,1760540414.0,0.002
2025-10-15 16:00:00,1760544017.0,0.002
2025-10-15 17:00:00,1760547618.0,0.002
2025-10-15 18:00:00,1760551217.0,0.002
2025-10-15 19:00:00,1760554812.0,0.002
2025-10-15 20:00:00,1760558415.0,0.002
2025-10-15 21:00:00,1760562023.0,0.002
2025-10-15 22:00:00,1760565618.0,0.002
2025-10-15 23:00:00,1760569215.0,0.002
2025-10-16 00:00:00,1760572810.0,0.002
2025-10-16 01:00:00,1760576403.0,0.002
2025-10-16 02:00:00,1760580014.0,0.002
2025-10-16 03:00:00,1760583628.0,0.002
2025-10-16 04:00:00,1760587208.0,0.002
2025-10-16 05:00:00,1760590807.0,0.002
2025-10-16 06:00:00,1760594419.0,0.002
2025-10-16 07:00:00,1760598010.0,0.002
2025-10-16 08:00:00,1760601604.0,0.002
2025-10-16 09:00:00,1760605219.0,0.002
2025-10-16 10:00:00,1760608810.0,0.002
2025-10-16 11:00:00,1760612419.0,0.002
2025-10-16 12:00:00,1760616015.0,0.002
2025-10-16 13:00:00,1760619603.0,0.002
2025-10-16 14:00:00,1760623211.0,0.002
2025-10-16 15:00:00,1760626814.0,0.002
2025-10-16 16:00:00,1760630420.0,0.002
2025-10-16 17:00:00,1760634021.0,0.002
2025-10-16 18:00:00,1760637610.0,0.002
2025-10-16 19:00:00,1760641209.0,0.0015
2025-10-16 20:00:00,1760644812.0,0.0015
2025-10-16 21:00:00,1760648411.0,0.0015
2025-10-16 22:00:00,1760652011.0,0.0015
2025-10-16 23:00:00,1760655609.0,0.0015
2025-10-17 00:00:00,1760659213.0,0.0015
2025-10-17 01:00:00,1760662805.0,0.0015
2025-10-17 02:00:00,1760666403.0,0.0015
2025-10-17 03:00:00,1760670023.0,0.0015
2025-10-17 04:00:00,1760673603.0,0.0015
2025-10-17 05:00:00,1760677210.0,0.0015
2025-10-17 06:00:00,1760680804.0,0.0015
2025-10-17 07:00:00,1760684410.0,0.0015
2025-10-17 08:00:00,1760688014.0,0.0015
2025-10-17 09:00:00,1760691619.0,0.0015
2025-10-17 10:00:00,1760695211.0,0.0015
2025-10-17 11:00:00,1760698819.0,0.0015
2025-10-17 12:00:00,1760702423.0,0.0015
2025-10-17 13:00:00,1760706011.0,0.0015
2025-10-17 14:00:00,1760709610.0,0.0015
2025-10-17 15:00:00,1760713226.0,0.0015
2025-10-17 16:00:00,1760716814.0,0.0015
2025-10-17 17:00:00,1760720406.0,0.0015
2025-10-17 18:00:00,1760724017.0,0.0015
2025-10-17 19:00:00,1760727613.0,0.0015
2025-10-17 20:00:00,1760731206.0,0.0015
2025-10-17 21:00:00,1760734828.0,0.0015
2025-10-17 22:00:00,1760738405.0,0.0015
2025-10-17 23:00:00,1760742005.0,0.0015
2025-10-18 00:00:00,1760745606.0,0.0015
2025-10-18 01:00:00,1760749206.0,0.0015
2025-10-18 02:00:00,1760752804.0,0.0015
2025-10-18 03:00:00,1760756426.0,0.0015
2025-10-18 04:00:00,1760760011.0,0.0015
2025-10-18 05:00:00,1760763619.0,0.0015
2025-10-18 06:00:00,1760767225.0,0.0015
2025-10-18 07:00:00,1760770818.0,0.0015
2025-10-18 08:00:00,1760774408.0,0.0015
2025-10-18 09:00:00,1760778024.0,0.0015
2025-10-18 10:00:00,1760781608.0,0.0015
2025-10-18 11:00:00,1760785203.0,0.0015
2025-10-18 12:00:00,1760788822.0,0.0015
2025-10-18 13:00:00,1760792407.0,0.0015
2025-10-18 14:00:00,1760796004.0,0.0015
2025-10-18 15:00:00,1760799610.0,0.0015
2025-10-18 16:00:00,1760803215.0,0.0015
2025-10-18 17:00:00,1760806805.0,0.0015
2025-10-18 18:00:00,1760810420.0,0.0015
2025-10-18 19:00:00,1760814013.0,0.0015
2025-10-18 20:00:00,1760817618.0,0.0015
2025-10-18 21:00:00,1760821209.0,0.0015
2025-10-18 22:00:00,1760824818.0,0.0015
2025-10-18 23:00:00,1760828418.0,0.0015
2025-10-19 00:00:00,1760832010.0,0.0015
2025-10-19 01:00:00,1760835612.0,0.0015
2025-10-19 02:00:00,1760839208.0,0.0015
2025-10-19 03:00:00,1760842819.0,0.0015
2025-10-19 04:00:00,1760846414.0,0.0015
2025-10-19 05:00:00,1760850012.0,0.0015
2025-10-19 06:00:00,1760853624.0,0.0015
2025-10-19 07:00:00,1760857204.0,0.0015
2025-10-19 08:00:00,1760860806.0,0.0015
2025-10-19 09:00:00,1760864420.0,0.0015
2025-10-19 10:00:00,1760868006.0,0.0015
2025-10-19 11:00:00,1760871604.0,0.0015
2025-10-19 12:00:00,1760875216.0,0.0015
2025-10-19 13:00:00,1760878814.0,0.0015
2025-10-19 14:00:00,1760882405.0,0.0015
2025-10-19 15:00:00,1760886003.0,0.0015
2025-10-19 16:00:00,1760889603.0,0.0015
2025-10-19 17:00:00,1760893204.0,0.0015
2025-10-19 18:00:00,1760896820.0,0.0015
2025-10-19 19:00:00,1760900406.0,0.0015
2025-10-19 20:00:00,1760904018.0,0.0015
2025-10-19 21:00:00,1760907603.0,0.0015
2025-10-19 22:00:00,1760911203.0,0.0015
2025-10-19 23:00:00,1760914814.0,0.0015
2025-10-20 00:00:00,1760918420.0,0.0015
2025-10-20 01:00:00,1760922011.0,0.0015
2025-10-20 02:00:00,1760925616.0,0.0015
2025-10-20 03:00:00,1760929208.0,0.0015
2025-10-20 04:00:00,1760932818.0,0.0015
2025-10-20 05:00:00,1760936410.0,0.0015
2025-10-20 06:00:00,1760940020.0,0.0015
2025-10-20 07:00:00,1760943608.0,0.0015
2025-10-20 08:00:00,1760947212.0,0.0015
2025-10-20 09:00:00,1760950818.0,0.0015
2025-10-20 10:00:00,1760954413.0,0.0015
2025-10-20 11:00:00,1760958018.0,0.0015
2025-10-20 12:00:00,1760961603.0,0.0015
2025-10-20 13:00:00,1760965207.0,0.0015
2025-10-20 14:00:00,1760968806.0,0.0015
2025-10-20 15:00:00,1760972410.0,0.0015
2025-10-20 16:00:00,1760976012.0,0.0015
2025-10-20 17:00:00,1760979603.0,0.0015
2025-10-20 18:00:00,1760983223.0,0.001
2025-10-20 19:00:00,1760986811.0,0.001
2025-10-20 20:00:00,1760990403.0,0.001
2025-10-20 21:00:00,1760994004.0,0.001
2025-10-20 22:00:00,1760997616.0,0.001
2025-10-20 23:00:00,1761001217.0,0.001
2025-10-21 00:00:00,1761004811.0,0.001
2025-10-21 01:00:00,1761008405.0,0.001
2025-10-21 02:00:00,1761012010.0,0.001
2025-10-21 03:00:00,1761015612.0,0.001
2025-10-21 04:00:00,1761019209.0,0.001
2025-10-21 05:00:00,1761022804.0,0.001
2025-10-21 06:00:00,1761026427.0,0.001
2025-10-21 07:00:00,1761030007.0,0.001
2025-10-21 08:00:00,1761033616.0,0.001
2025-10-21 09:00:00,1761037225.0,0.001
2025-10-21 10:00:00,1761040818.0,0.001
2025-10-21 11:00:00,1761044410.0,0.001
2025-10-21 12:00:00,1761048026.0,0.001
2025-10-21 13:00:00,1761051616.0,0.001
2025-10-21 14:00:00,1761055206.0,0.001
2025-10-21 15:00:00,1761058824.0,0.001
2025-10-21 16:00:00,1761062407.0,0.0005
2025-10-21 17:00:00,1761066004.0,0.0005
2025-10-21 18:00:00,1761069629.0,0.0005
2025-10-21 19:00:00,1761073211.0,0.0005
2025-10-21 20:00:00,1761076810.0,0.0005
2025-10-21 21:00:00,1761080414.0,0.0005
2025-10-21 22:00:00,1761084022.0,0.0005
2025-10-21 23:00:00,1761087620.0,0.0005
2025-10-22 00:00:00,1761091227.0,0.0005
2025-10-22 01:00:00,1761094820.0,0.0005
2025-10-22 02:00:00,1761098418.0,0.001
2025-10-22 03:00:00,1761102037.0,0.001
2025-10-22 04:00:00,1761105627.0,0.001
2025-10-22 05:00:00,1761109229.0,0.001
2025-10-22 06:00:00,1761112829.0,0.001
2025-10-22 07:00:00,1761116418.0,0.001
2025-10-22 08:00:00,1761120022.0,0.001
2025-10-22 09:00:00,1761123628.0,0.001
2025-10-22 10:00:00,1761127227.0,0.001
2025-10-22 11:00:00,1761130819.0,0.001
2025-10-22 12:00:00,1761134438.0,0.001
2025-10-22 13:00:00,1761138030.0,0.001
2025-10-22 14:00:00,1761141626.0,0.001
2025-10-22 15:00:00,1761145237.0,0.001
2025-10-22 16:00:00,1761148831.0,0.001
2025-10-22 17:00:00,1761152433.0,0.0015
2025-10-22 18:00:00,1761156044.0,0.0015
2025-10-22 19:00:00,1761159631.0,0.0015
2025-10-22 20:00:00,1761163233.0,0.0015
2025-10-22 21:00:00,1761166841.0,0.0015
2025-10-22 22:00:00,1761170431.0,0.0015
2025-10-22 23:00:00,1761174033.0,0.0015
2025-10-23 00:00:00,1761177613.0,0.0015
2025-10-23 01:00:00,1761181212.0,0.0015
2025-10-23 02:00:00,1761184815.0,0.0015
2025-10-23 03:00:00,1761188418.0,0.0015
2025-10-23 04:00:00,1761192017.0,0.0015
2025-10-23 05:00:00,1761195619.0,0.0015
2025-10-23 06:00:00,1761199222.0,0.0015
2025-10-23 07:00:00,1761202816.0,0.0015
2025-10-23 08:00:00,1761206421.0,0.0015
2025-10-23 09:00:00,1761210018.0,0.0015
2025-10-23 10:00:00,1761213619.0,0.0015
2025-10-23 11:00:00,1761217222.0,0.0015
2025-10-23 12:00:00,1761220826.0,0.0015
2025-10-23 13:00:00,1761224422.0,0.0015
2025-10-23 14:00:00,1761228052.0,0.0015
2025-10-23 15:00:00,1761231622.0,0.0015
2025-10-23 16:00:00,1761235224.0,0.0015
2025-10-23 17:00:00,1761238826.0,0.0015
2025-10-23 18:00:00,1761242424.0,0.0015
2025-10-23 19:00:00,1761246024.0,0.0015
2025-10-23 20:00:00,1761249624.0,0.0015
2025-10-23 21:00:00,1761253227.0,0.0015
2025-10-23 22:00:00,1761256825.0,0.0015
2025-10-23 23:00:00,1761260424.0,0.0015
2025-10-24 00:00:00,1761264023.0,0.0015
2025-10-24 01:00:00,1761267619.0,0.0015
2025-10-24 02:00:00,1761271223.0,0.0015
2025-10-24 03:00:00,1761274825.0,0.0015
2025-10-24 04:00:00,1761278425.0,0.0015
2025-10-24 05:00:00,1761282025.0,0.0015
2025-10-24 06:00:00,1761285626.0,0.0015
2025-10-24 07:00:00,1761289226.0,0.0015
2025-10-24 08:00:00,1761292826.0,0.0015
2025-10-24 09:00:00,1761296427.0,0.0015
2025-10-24 10:00:00,1761300026.0,0.0015
2025-10-24 11:00:00,1761303626.0,0.0015
2025-10-24 12:00:00,1761307230.0,0.0015
2025-10-24 13:00:00,1761310825.0,0.0015
2025-10-24 14:00:00,1761314427.0,0.0015
2025-10-24 15:00:00,1761318028.0,0.0015
2025-10-24 16:00:00,1761321625.0,0.0015
2025-10-24 17:00:00,1761325228.0,0.0015
2025-10-24 18:00:00,1761328827.0,0.0015
2025-10-24 19:00:00,1761332428.0,0.001
2025-10-24 20:00:00,1761336027.0,0.001
2025-10-24 21:00:00,1761339630.0,0.001
2025-10-24 22:00:00,1761343227.0,0.001
2025-10-24 23:00:00,1761346826.0,0.001
2025-10-25 00:00:00,1761350420.0,0.001
2025-10-25 01:00:00,1761354017.0,0.001
2025-10-25 02:00:00,1761357620.0,0.001
2025-10-25 03:00:00,1761361226.0,0.001
2025-10-25 04:00:00,1761364826.0,0.001
2025-10-25 05:00:00,1761368426.0,0.001
2025-10-25 06:00:00,1761372027.0,0.001
2025-10-25 07:00:00,1761375628.0,0.001
2025-10-25 08:00:00,1761379224.0,0.001
2025-10-25 09:00:00,1761382829.0,0.001
2025-10-25 10:00:00,1761386427.0,0.001
2025-10-25 11:00:00,1761390025.0,0.001
2025-10-25 12:00:00,1761393630.0,0.001
2025-10-25 13:00:00,1761397225.0,0.001
2025-10-25 14:00:00,1761400826.0,0.001
2025-10-25 15:00:00,1761404427.0,0.001
2025-10-25 16:00:00,1761408027.0,0.001
2025-10-25 17:00:00,1761411632.0,0.0005
2025-10-25 18:00:00,1761415229.0,0.0005
2025-10-25 19:00:00,1761418827.0,0.0005
2025-10-25 20:00:00,1761422426.0,0.0005
2025-10-25 21:00:00,1761426029.0,0.0005
2025-10-25 22:00:00,1761429626.0,0.0005
2025-10-25 23:00:00,1761433226.0,0.0005
2025-10-26 00:00:00,1761436825.0,0.0005
2025-10-26 01:00:00,1761440420.0,0.0005
2025-10-26 02:00:00,1761444023.0,0.0005
2025-10-26 03:00:00,1761447627.0,0.0005
2025-10-26 04:00:00,1761451226.0,0.0005
2025-10-26 05:00:00,1761454826.0,0.0005
2025-10-26 06:00:00,1761458428.0,0.0005
2025-10-26 07:00:00,1761462026.0,0.0005
2025-10-26 08:00:00,1761465625.0,0.0005
2025-10-26 09:00:00,1761469229.0,0.0005
2025-10-26 10:00:00,1761472826.0,0.0005
2025-10-26 11:00:00,1761476425.0,0.0005
2025-10-26 12:00:00,1761480033.0,0.0005
2025-10-26 13:00:00,1761483624.0,0.0005
2025-10-26 14:00:00,1761487227.0,0.001
2025-10-26 15:00:00,1761490824.0,0.001
2025-10-26 16:00:00,1761494423.0,0.001
2025-10-26 17:00:00,1761498024.0,0.001
2025-10-26 18:00:00,1761501627.0,0.001
2025-10-26 19:00:00,1761505221.0,0.001
2025-10-26 20:00:00,1761508825.0,0.001
2025-10-26 21:00:00,1761512427.0,0.001
2025-10-26 22:00:00,1761516023.0,0.001
2025-10-26 23:00:00,1761519623.0,0.001
2025-10-27 00:00:00,1761523221.0,0.001
2025-10-27 01:00:00,1761526816.0,0.001
2025-10-27 02:00:00,1761530420.0,0.001
2025-10-27 03:00:00,1761534023.0,0.001
2025-10-27 04:00:00,1761537620.0,0.001
2025-10-27 05:00:00,1761541222.0,0.001
2025-10-27 06:00:00,1761544823.0,0.001
2025-10-27 07:00:00,1761548419.0,0.001
2025-10-27 08:00:00,1761552022.0,0.001
2025-10-27 09:00:00,1761555624.0,0.001
2025-10-27 10:00:00,1761559222.0,0.001
2025-10-27 11:00:00,1761562820.0,0.001
2025-10-27 12:00:00,1761566427.0,0.001
2025-10-27 13:00:00,1761570024.0,0.0005
2025-10-27 14:00:00,1761573620.0,0.0005
2025-10-27 15:00:00,1761577226.0,0.0005
2025-10-27 16:00:00,1761580825.0,0.0005
2025-10-27 17:00:00,1761584426.0,0.0005
2025-10-27 18:00:00,1761588025.0,0.0005
2025-10-27 19:00:00,1761591623.0,0.0005
2025-10-27 20:00:00,1761595225.0,0.0005
2025-10-27 21:00:00,1761598827.0,0.0005
2025-10-27 22:00:00,1761602423.0,0.0005
2025-10-27 23:00:00,1761606024.0,0.0005
2025-10-28 00:00:00,1761609626.0,0.0005
2025-10-28 01:00:00,1761613222.0,0.0005
2025-10-28 02:00:00,1761616823.0,0.0005
2025-10-28 03:00:00,1761620436.0,0.0005
2025-10-28 04:00:00,1761624033.0,0.0005
2025-10-28 05:00:00,1761627624.0,0.0005
2025-10-28 06:00:00,1761631228.0,0.0005
2025-10-28 07:00:00,1761634822.0,0.0005
2025-10-28 08:00:00,1761638425.0,0.0005
2025-10-28 09:00:00,1761642025.0,0.0005
2025-10-28 10:00:00,1761645632.0,0.0005
2025-10-28 11:00:00,1761649232.0,0.0005
2025-10-28 12:00:00,1761652827.0,0.0005
2025-10-28 13:00:00,1761656434.0,0.0005
2025-10-28 14:00:00,1761660032.0,0.0005
2025-10-28 15:00:00,1761663635.0,0.0005
2025-10-28 16:00:00,1761667234.0,0.0005
2025-10-28 17:00:00,1761670841.0,0.0005
2025-10-28 18:00:00,1761674438.0,0.0005
2025-10-28 19:00:00,1761678036.0,0.0005
2025-10-28 20:00:00,1761681637.0,0.0005
2025-10-28 21:00:00,1761685237.0,0.0005
2025-10-28 22:00:00,1761688835.0,0.0005
2025-10-28 23:00:00,1761692438.0,0.0005
2025-10-29 00:00:00,1761696025.0,0.0005
2025-10-29 01:00:00,1761699618.0,0.0005
2025-10-29 02:00:00,1761703219.0,0.0005
2025-10-29 03:00:00,1761706833.0,0.0005
2025-10-29 04:00:00,1761710429.0,0.0005
2025-10-29 05:00:00,1761714034.0,0.0005
2025-10-29 06:00:00,1761717626.0,0.0005
2025-10-29 07:00:00,1761721222.0,0.0005
2025-10-29 08:00:00,1761724833.0,0.0005
2025-10-29 09:00:00,1761728435.0,0.0005
2025-10-29 13:00:00,1761743365.0,0.0005
2025-10-29 14:00:00,1761746423.0,0.0005
2025-10-29 15:00:00,1761750025.0,0.0005
2025-10-29 16:00:00,1761753623.0,0.0005
2025-10-29 17:00:00,1761757228.0,0.001
2025-10-29 18:00:00,1761760828.0,0.001
2025-10-29 19:00:00,1761764426.0,0.001
2025-10-29 20:00:00,1761768027.0,0.001
2025-10-29 21:00:00,1761771627.0,0.0015
2025-10-29 22:00:00,1761775228.0,0.0015
2025-10-29 23:00:00,1761778827.0,0.0015
2025-10-30 00:00:00,1761782425.0,0.0015
2025-10-30 01:00:00,1761786021.0,0.0015
2025-10-30 02:00:00,1761789623.0,0.0015
2025-10-30 03:00:00,1761793229.0,0.0015
2025-10-30 04:00:00,1761796829.0,0.0015
2025-10-30 05:00:00,1761800429.0,0.0015
2025-10-30 06:00:00,1761804030.0,0.0015
2025-10-30 07:00:00,1761807629.0,0.0015
2025-10-30 08:00:00,1761811227.0,0.0015
2025-10-30 09:00:00,1761814830.0,0.0015
2025-10-30 10:00:00,1761818425.0,0.0015
2025-10-30 11:00:00,1761822029.0,0.0015
2025-10-30 12:00:00,1761825632.0,0.0015
2025-10-30 13:00:00,1761829227.0,0.0015
2025-10-30 14:00:00,1761832828.0,0.0015
2025-10-30 15:00:00,1761836429.0,0.0015
2025-10-30 16:00:00,1761840028.0,0.0015
2025-10-30 17:00:00,1761843631.0,0.0015
2025-10-30 18:00:00,1761847229.0,0.0015
2025-10-30 19:00:00,1761850828.0,0.0015
2025-10-30 20:00:00,1761854428.0,0.0015
2025-10-30 21:00:00,1761858031.0,0.0015
2025-10-30 22:00:00,1761861629.0,0.0015
2025-10-30 23:00:00,1761865230.0,0.0015
2025-10-31 00:00:00,1761868817.0,0.0015
2025-10-31 01:00:00,1761872415.0,0.0015
2025-10-31 02:00:00,1761876020.0,0.0015
2025-10-31 03:00:00,1761879623.0,0.0015
2025-10-31 04:00:00,1761883226.0,0.0015
2025-10-31 05:00:00,1761886825.0,0.0015
2025-10-31 06:00:00,1761890426.0,0.0015
2025-10-31 07:00:00,1761894027.0,0.0015
2025-10-31 08:00:00,1761897630.0,0.0015
2025-10-31 09:00:00,1761901227.0,0.0015
2025-10-31 10:00:00,1761904827.0,0.0015
2025-10-31 11:00:00,1761908425.0,0.0015
2025-10-31 12:00:00,1761912030.0,0.0015
2025-10-31 13:00:00,1761915625.0,0.0015
2025-10-31 14:00:00,1761919226.0,0.0015
2025-10-31 15:00:00,1761922826.0,0.0015
2025-10-31 16:00:00,1761926428.0,0.0015
2025-10-31 17:00:00,1761930031.0,0.0015
2025-10-31 18:00:00,1761933629.0,0.0015
2025-10-31 19:00:00,1761937228.0,0.0015
2025-10-31 20:00:00,1761940826.0,0.0015
2025-10-31 21:00:00,1761944430.0,0.0015
2025-10-31 22:00:00,1761948027.0,0.0015
2025-10-31 23:00:00,1761951628.0,0.0015
2025-11-01 00:00:00,1761955225.0,0.0015
2025-11-01 01:00:00,1761958823.0,0.0015
2025-11-01 02:00:00,1761962425.0,0.0015
2025-11-01 03:00:00,1761966029.0,0.0015
2025-11-01 04:00:00,1761969628.0,0.0015
2025-11-01 05:00:00,1761973228.0,0.0015
2025-11-01 06:00:00,1761976830.0,0.0015
2025-11-01 07:00:00,1761980430.0,0.0015
2025-11-01 08:00:00,1761984028.0,0.0015
2025-11-01 09:00:00,1761987630.0,0.0015
2025-11-01 10:00:00,1761991230.0,0.0015
2025-11-01 11:00:00,1761994828.0,0.0015
2025-11-01 12:00:00,1761998435.0,0.0015
2025-11-01 13:00:00,1762002026.0,0.0015
2025-11-01 14:00:00,1762005629.0,0.0015
2025-11-01 15:00:00,1762009230.0,0.0015
2025-11-01 16:00:00,1762012828.0,0.0015
2025-11-01 17:00:00,1762016432.0,0.0015
2025-11-01 18:00:00,1762020029.0,0.0015
2025-11-01 19:00:00,1762023629.0,0.0015
2025-11-01 20:00:00,1762027229.0,0.0015
2025-11-01 21:00:00,1762030830.0,0.0015
2025-11-01 22:00:00,1762034429.0,0.0015
2025-11-01 23:00:00,1762038027.0,0.0015
2025-11-02 00:00:00,1762041619.0,0.0015
2025-11-02 01:00:00,1762045217.0,0.0015
2025-11-02 02:00:00,1762048821.0,0.0015
2025-11-02 03:00:00,1762052427.0,0.0015
2025-11-02 04:00:00,1762056026.0,0.0015
2025-11-02 05:00:00,1762059626.0,0.0015
2025-11-02 06:00:00,1762063228.0,0.0015
2025-11-02 07:00:00,1762066827.0,0.0015
2025-11-02 08:00:00,1762070425.0,0.0015
2025-11-02 09:00:00,1762074027.0,0.0015
2025-11-02 10:00:00,1762077626.0,0.0015
2025-11-02 11:00:00,1762081228.0,0.0015
2025-11-02 12:00:00,1762084831.0,0.0015
2025-11-02 13:00:00,1762088426.0,0.0015
2025-11-02 14:00:00,1762092027.0,0.0015
2025-11-02 15:00:00,1762095627.0,0.0015
2025-11-02 16:00:00,1762099226.0,0.0015
2025-11-02 17:00:00,1762102829.0,0.0015
2025-11-02 18:00:00,1762106430.0,0.0015
2025-11-02 19:00:00,1762110028.0,0.0015
2025-11-02 20:00:00,1762113627.0,0.0015
2025-11-02 21:00:00,1762117230.0,0.0015
2025-11-02 22:00:00,1762120827.0,0.0015
2025-11-02 23:00:00,1762124427.0,0.0015
2025-11-03 00:00:00,1762128024.0,0.0015
2025-11-03 01:00:00,1762131622.0,0.0015
2025-11-03 02:00:00,1762135224.0,0.0015
2025-11-03 03:00:00,1762138827.0,0.0015
2025-11-03 04:00:00,1762142428.0,0.0015
2025-11-03 05:00:00,1762146027.0,0.0015
2025-11-03 06:00:00,1762149628.0,0.0015
2025-11-03 07:00:00,1762153227.0,0.0015
2025-11-03 08:00:00,1762156826.0,0.0015
2025-11-03 09:00:00,1762160428.0,0.0015
2025-11-03 10:00:00,1762164028.0,0.0015
2025-11-03 11:00:00,1762167627.0,0.0015
2025-11-03 12:00:00,1762171230.0,0.0015
2025-11-03 13:00:00,1762174826.0,0.0015
2025-11-03 14:00:00,1762178426.0,0.0015
2025-11-03 15:00:00,1762182027.0,0.0015
2025-11-03 16:00:00,1762185627.0,0.0015
2025-11-03 17:00:00,1762189229.0,0.0015
2025-11-03 18:00:00,1762192829.0,0.0015
2025-11-03 19:00:00,1762196428.0,0.0015
2025-11-03 20:00:00,1762200028.0,0.0015
2025-11-03 21:00:00,1762203631.0,0.0015
2025-11-03 22:00:00,1762207229.0,0.0015
2025-11-03 23:00:00,1762210829.0,0.0015
2025-11-04 00:00:00,1762214423.0,0.0015
2025-11-04 01:00:00,1762218019.0,0.0015
2025-11-04 02:00:00,1762221623.0,0.0015
2025-11-04 03:00:00,1762225228.0,0.0015
2025-11-04 04:00:00,1762228829.0,0.0015
2025-11-04 05:00:00,1762232426.0,0.0015
2025-11-04 06:00:00,1762236030.0,0.0015
2025-11-04 07:00:00,1762239629.0,0.0015
2025-11-04 08:00:00,1762243228.0,0.0015
2025-11-04 09:00:00,1762246831.0,0.0015
2025-11-04 10:00:00,1762250429.0,0.0015
2025-11-04 11:00:00,1762254029.0,0.0015
2025-11-04 12:00:00,1762257634.0,0.0015
2025-11-04 13:00:00,1762261228.0,0.0015
2025-11-04 14:00:00,1762264831.0,0.0015
2025-11-04 15:00:00,1762268430.0,0.0015
2025-11-04 16:00:00,1762272031.0,0.0015
2025-11-04 17:00:00,1762275633.0,0.0015
2025-11-04 18:00:00,1762279232.0,0.0015
2025-11-04 19:00:00,1762282831.0,0.0015
2025-11-04 20:00:00,1762286430.0,0.0015
2025-11-04 21:00:00,1762290035.0,0.0015
2025-11-04 22:00:00,1762293631.0,0.0015
2025-11-04 23:00:00,1762297230.0,0.0015
2025-11-05 00:00:00,1762300827.0,0.0015
2025-11-05 01:00:00,1762304424.0,0.0015
2025-11-05 02:00:00,1762308027.0,0.0015
2025-11-05 03:00:00,1762311630.0,0.0015
2025-11-05 04:00:00,1762315229.0,0.0015
2025-11-05 05:00:00,1762318830.0,0.0015
2025-11-05 06:00:00,1762322432.0,0.0015
2025-11-05 07:00:00,1762326031.0,0.0015
2025-11-05 08:00:00,1762329630.0,0.0015
2025-11-05 09:00:00,1762333233.0,0.0015
2025-11-05 10:00:00,1762336830.0,0.0015
2025-11-05 11:00:00,1762340431.0,0.0015
2025-11-05 12:00:00,1762344036.0,0.0015
2025-11-05 13:00:00,1762347629.0,0.0015
2025-11-05 14:00:00,1762351231.0,0.0015
2025-11-05 15:00:00,1762354831.0,0.0015
2025-11-05 16:00:00,1762358430.0,0.0015
2025-11-05 17:00:00,1762362031.0,0.0015
2025-11-05 18:00:00,1762365631.0,0.0015
2025-11-05 19:00:00,1762369232.0,0.0015
2025-11-05 20:00:00,1762372829.0,0.0015
2025-11-05 21:00:00,1762376432.0,0.0015
2025-11-05 22:00:00,1762380030.0,0.0015
2025-11-05 23:00:00,1762383630.0,0.0015
2025-11-06 00:00:00,1762387216.0,0.0015
2025-11-06 01:00:00,1762390817.0,0.0015
2025-11-06 02:00:00,1762394421.0,0.0015
2025-11-06 03:00:00,1762398029.0,0.0015
2025-11-06 04:00:00,1762401628.0,0.0015
2025-11-06 05:00:00,1762405227.0,0.0015
2025-11-06 06:00:00,1762408830.0,0.0015
2025-11-06 07:00:00,1762412429.0,0.0015
2025-11-06 08:00:00,1762416025.0,0.0015
2025-11-06 09:00:00,1762419630.0,0.0015
2025-11-06 10:00:00,1762423224.0,0.0015
2025-11-06 11:00:00,1762426828.0,0.0015
2025-11-06 12:00:00,1762430437.0,0.0015
2025-11-06 13:00:00,1762434026.0,0.0015
2025-11-06 14:00:00,1762437628.0,0.0015
2025-11-06 15:00:00,1762441229.0,0.0015
2025-11-06 16:00:00,1762444830.0,0.0015
2025-11-06 17:00:00,1762448432.0,0.0015
2025-11-06 18:00:00,1762452031.0,0.0015
2025-11-06 19:00:00,1762455630.0,0.0015
2025-11-06 20:00:00,1762459231.0,0.0015
2025-11-06 21:00:00,1762462835.0,0.0015
2025-11-06 22:00:00,1762466429.0,0.0015
2025-11-06 23:00:00,1762470029.0,0.0015
2025-11-07 00:00:00,1762473627.0,0.0015
2025-11-07 01:00:00,1762477223.0,0.0015
2025-11-07 02:00:00,1762480829.0,0.0015
2025-11-07 03:00:00,1762484432.0,0.0015
2025-11-07 04:00:00,1762488030.0,0.0015
2025-11-07 05:00:00,1762491631.0,0.0015
2025-11-07 06:00:00,1762495233.0,0.0015
2025-11-07 07:00:00,1762498831.0,0.0015
2025-11-07 08:00:00,1762502429.0,0.0015
2025-11-07 09:00:00,1762506031.0,0.0015
2025-11-07 10:00:00,1762509631.0,0.0015
2025-11-07 11:00:00,1762513230.0,0.0015
2025-11-07 12:00:00,1762516836.0,0.0015
2025-11-07 13:00:00,1762520429.0,0.0015
2025-11-07 14:00:00,1762524033.0,0.0015
2025-11-07 15:00:00,1762527642.0,0.0015
2025-11-07 16:00:00,1762531231.0,0.0015
2025-11-07 17:00:00,1762534850.0,0.0015
2025-11-07 18:00:00,1762538433.0,0.0015
2025-11-07 19:00:00,1762542033.0,0.0015
2025-11-07 20:00:00,1762545642.0,0.0015
2025-11-07 21:00:00,1762549233.0,0.0015
2025-11-07 22:00:00,1762552830.0,0.0015
2025-11-07 23:00:00,1762556445.0,0.0015
2025-11-08 00:00:00,1762560017.0,0.0015
2025-11-08 01:00:00,1762563617.0,0.0015
2025-11-08 02:00:00,1762567210.0,0.0015
2025-11-08 03:00:00,1762570826.0,0.0015
2025-11-08 04:00:00,1762574426.0,0.0015
2025-11-08 05:00:00,1762578010.0,0.0015
2025-11-08 06:00:00,1762581628.0,0.0015
2025-11-08 07:00:00,1762585228.0,0.0015
2025-11-08 08:00:00,1762588823.0,0.0015
2025-11-08 09:00:00,1762592428.0,0.0015
2025-11-08 10:00:00,1762596026.0,0.0015
2025-11-08 11:00:00,1762599638.0,0.0015
2025-11-08 12:00:00,1762603246.0,0.0015
2025-11-08 13:00:00,1762606827.0,0.0015
2025-11-08 14:00:00,1762610427.0,0.0015
2025-11-08 15:00:00,1762614029.0,0.0015
2025-11-08 16:00:00,1762617627.0,0.0015
2025-11-08 17:00:00,1762621232.0,0.0015
2025-11-08 18:00:00,1762624829.0,0.0015
2025-11-08 19:00:00,1762628429.0,0.0015
2025-11-08 20:00:00,1762632026.0,0.0015
2025-11-08 21:00:00,1762635630.0,0.0015
2025-11-08 22:00:00,1762639228.0,0.0015
2025-11-08 23:00:00,1762642828.0,0.0015
2025-11-09 00:00:00,1762646438.0,0.0015
2025-11-09 01:00:00,1762650021.0,0.0015
2025-11-09 02:00:00,1762653624.0,0.0015
2025-11-09 03:00:00,1762657228.0,0.0015
2025-11-09 04:00:00,1762660839.0,0.0015
2025-11-09 05:00:00,1762664427.0,0.0015
2025-11-09 06:00:00,1762668029.0,0.0015
2025-11-09 07:00:00,1762671628.0,0.0015
2025-11-09 08:00:00,1762675227.0,0.0015
2025-11-09 09:00:00,1762678829.0,0.0015
2025-11-09 10:00:00,1762682427.0,0.0015
2025-11-09 11:00:00,1762686027.0,0.0015
2025-11-09 12:00:00,1762689632.0,0.0015
2025-11-09 13:00:00,1762693225.0,0.0015
2025-11-09 14:00:00,1762696826.0,0.0015
2025-11-09 15:00:00,1762700428.0,0.0015
2025-11-09 16:00:00,1762704026.0,0.0015
2025-11-09 17:00:00,1762707629.0,0.0015
2025-11-09 18:00:00,1762711229.0,0.0015
2025-11-09 19:00:00,1762714827.0,0.0015
2025-11-09 20:00:00,1762718427.0,0.0015
2025-11-09 21:00:00,1762722030.0,0.0015
2025-11-09 22:00:00,1762725628.0,0.0015
2025-11-09 23:00:00,1762729227.0,0.0015
2025-11-10 00:00:00,1762732817.0,0.0015
2025-11-10 01:00:00,1762736430.0,0.0015
2025-11-10 02:00:00,1762740019.0,0.0015
2025-11-10 03:00:00,1762743625.0,0.0015
2025-11-10 04:00:00,1762747226.0,0.0015
2025-11-10 05:00:00,1762750826.0,0.0015
2025-11-10 06:00:00,1762754428.0,0.0015
2025-11-10 07:00:00,1762758026.0,0.0015
2025-11-10 08:00:00,1762761624.0,0.0015
2025-11-10 09:00:00,1762765239.0,0.0015
2025-11-10 10:00:00,1762768828.0,0.0015
2025-11-10 11:00:00,1762772426.0,0.0015
2025-11-10 12:00:00,1762776031.0,0.0015
2025-11-10 13:00:00,1762779627.0,0.0015
2025-11-10 14:00:00,1762783227.0,0.0015
2025-11-10 15:00:00,1762786829.0,0.0015
2025-11-10 16:00:00,1762790429.0,0.0015
2025-11-10 17:00:00,1762794029.0,0.0015
2025-11-10 18:00:00,1762797631.0,0.0015
2025-11-10 19:00:00,1762801228.0,0.0015
2025-11-10 20:00:00,1762804828.0,0.0015
2025-11-10 21:00:00,1762808431.0,0.0015
2025-11-10 22:00:00,1762812028.0,0.0015
2025-11-10 23:00:00,1762815629.0,0.0015
2025-11-11 00:00:00,1762819227.0,0.0015
2025-11-11 01:00:00,1762822825.0,0.0015
2025-11-11 02:00:00,1762826428.0,0.0015
2025-11-11 03:00:00,1762830032.0,0.0015
2025-11-11 04:00:00,1762833632.0,0.0015
2025-11-11 05:00:00,1762837229.0,0.0015
2025-11-11 06:00:00,1762840839.0,0.0015
2025-11-11 07:00:00,1762844432.0,0.0015
2025-11-11 08:00:00,1762848043.0,0.0015
2025-11-11 09:00:00,1762851631.0,0.0015
2025-11-11 10:00:00,1762855231.0,0.0015
2025-11-11 11:00:00,1762858845.0,0.0015
2025-11-11 12:00:00,1762862449.0,0.0015
2025-11-11 13:00:00,1762866028.0,0.0015
2025-11-11 14:00:00,1762869630.0,0.0015
2025-11-11 15:00:00,1762873245.0,0.0015
2025-11-11 16:00:00,1762876830.0,0.0015
2025-11-11 17:00:00,1762880432.0,0.0015
2025-11-11 18:00:00,1762884032.0,0.0015
2025-11-11 19:00:00,1762887631.0,0.0015
2025-11-11 20:00:00,1762891230.0,0.0015
2025-11-11 21:00:00,1762894834.0,0.0015
2025-11-11 22:00:00,1762898430.0,0.0015
2025-11-11 23:00:00,1762902031.0,0.0015
2025-11-12 00:00:00,1762905623.0,0.0015
2025-11-12 01:00:00,1762909219.0,0.0015
2025-11-12 02:00:00,1762912823.0,0.0015
2025-11-12 03:00:00,1762916430.0,0.0015
2025-11-12 04:00:00,1762920031.0,0.0015
2025-11-12 05:00:00,1762923628.0,0.0015
2025-11-12 06:00:00,1762927232.0,0.0015
2025-11-12 07:00:00,1762930831.0,0.0015
2025-11-12 08:00:00,1762934427.0,0.0015
2025-11-12 09:00:00,1762938034.0,0.0015
2025-11-12 10:00:00,1762941628.0,0.0015
2025-11-12 11:00:00,1762945229.0,0.0015
2025-11-12 12:00:00,1762948835.0,0.0015
2025-11-12 13:00:00,1762952429.0,0.0015
2025-11-12 14:00:00,1762956031.0,0.0015
2025-11-12 15:00:00,1762959631.0,0.0015
2025-11-12 16:00:00,1762963232.0,0.0015
2025-11-12 17:00:00,1762966848.0,0.0015
2025-11-12 18:00:00,1762970433.0,0.0015
2025-11-12 19:00:00,1762974033.0,0.0015
2025-11-12 20:00:00,1762977632.0,0.0015
2025-11-12 21:00:00,1762981235.0,0.0015
2025-11-12 22:00:00,1762984831.0,0.0015
2025-11-12 23:00:00,1762988433.0,0.0015
2025-11-13 00:00:00,1762992026.0,0.0015
2025-11-13 01:00:00,1762995623.0,0.0015
2025-11-13 02:00:00,1762999214.0,0.0015
2025-11-13 03:00:00,1763002833.0,0.0015
2025-11-13 04:00:00,1763006433.0,0.0015
2025-11-13 05:00:00,1763010032.0,0.0015
2025-11-13 06:00:00,1763013635.0,0.0015
2025-11-13 07:00:00,1763017235.0,0.0015
2025-11-13 08:00:00,1763020831.0,0.0015
2025-11-13 09:00:00,1763024436.0,0.0015
2025-11-13 10:00:00,1763028031.0,0.0015
2025-11-13 11:00:00,1763031632.0,0.0015
2025-11-13 12:00:00,1763035240.0,0.0015
2025-11-13 13:00:00,1763038830.0,0.0015
2025-11-13 14:00:00,1763042434.0,0.0015
2025-11-13 15:00:00,1763046034.0,0.0015
2025-11-13 16:00:00,1763049634.0,0.0015
2025-11-13 17:00:00,1763053239.0,0.0015
2025-11-13 18:00:00,1763056835.0,0.0015
2025-11-13 19:00:00,1763060449.0,0.0015
2025-11-13 20:00:00,1763064032.0,0.0015
2025-11-13 21:00:00,1763067637.0,0.0015
2025-11-13 22:00:00,1763071233.0,0.0015
2025-11-13 23:00:00,1763074833.0,0.0015
2025-11-14 00:00:00,1763078424.0,0.0015
2025-11-14 01:00:00,1763082021.0,0.0015
2025-11-14 02:00:00,1763085626.0,0.0015
2025-11-14 03:00:00,1763089231.0,0.0015
2025-11-14 04:00:00,1763092832.0,0.0015
2025-11-14 05:00:00,1763096430.0,0.0015
2025-11-14 06:00:00,1763100033.0,0.0015
2025-11-14 07:00:00,1763103633.0,0.0015
2025-11-14 08:00:00,1763107229.0,0.0015
2025-11-14 09:00:00,1763110834.0,0.0015
2025-11-14 10:00:00,1763114431.0,0.0015
2025-11-14 11:00:00,1763118033.0,0.0015
2025-11-14 12:00:00,1763121639.0,0.0015
2025-11-14 13:00:00,1763125243.0,0.0015
2025-11-14 14:00:00,1763128833.0,0.0015
2025-11-14 15:00:00,1763132433.0,0.0015
2025-11-14 16:00:00,1763136033.0,0.0015
2025-11-14 17:00:00,1763139637.0,0.0015
2025-11-14 18:00:00,1763143235.0,0.0015
2025-11-14 19:00:00,1763146835.0,0.0015
2025-11-14 20:00:00,1763150433.0,0.0015
2025-11-14 21:00:00,1763154050.0,0.0015
2025-11-14 22:00:00,1763157634.0,0.0015
2025-11-14 23:00:00,1763161232.0,0.0015
2025-11-15 00:00:00,1763164830.0,0.0015
2025-11-15 01:00:00,1763168426.0,0.0015
2025-11-15 02:00:00,1763172030.0,0.0015
2025-11-15 03:00:00,1763175636.0,0.0015
2025-11-15 04:00:00,1763179233.0,0.0015
2025-11-15 05:00:00,1763182833.0,0.0015
2025-11-15 06:00:00,1763186435.0,0.0015
2025-11-15 07:00:00,1763190035.0,0.0015
2025-11-15 08:00:00,1763193632.0,0.0015
2025-11-15 09:00:00,1763197237.0,0.0015
2025-11-15 10:00:00,1763200835.0,0.0015
2025-11-15 11:00:00,1763204433.0,0.0015
2025-11-15 12:00:00,1763208041.0,0.0015
2025-11-15 13:00:00,1763211632.0,0.0015
2025-11-15 14:00:00,1763215234.0,0.0015
2025-11-15 15:00:00,1763218836.0,0.0015
2025-11-15 16:00:00,1763222434.0,0.0015
2025-11-15 17:00:00,1763226037.0,0.0015
2025-11-15 18:00:00,1763229637.0,0.0015
2025-11-15 19:00:00,1763233236.0,0.0015
2025-11-15 20:00:00,1763236834.0,0.0015
2025-11-15 21:00:00,1763240437.0,0.0015
2025-11-15 22:00:00,1763244035.0,0.0015
2025-11-15 23:00:00,1763247633.0,0.0015
2025-11-16 00:00:00,1763251219.0,0.0015
2025-11-16 01:00:00,1763254828.0,0.0015
2025-11-16 02:00:00,1763258423.0,0.0015
2025-11-16 03:00:00,1763262028.0,0.0015
2025-11-16 04:00:00,1763265627.0,0.0015
2025-11-16 05:00:00,1763269226.0,0.0015
2025-11-16 06:00:00,1763272829.0,0.0015
2025-11-16 07:00:00,1763276428.0,0.0015
2025-11-16 08:00:00,1763280026.0,0.0015
2025-11-16 09:00:00,1763283631.0,0.0015
2025-11-16 10:00:00,1763287228.0,0.0015
2025-11-16 11:00:00,1763290829.0,0.0015
2025-11-16 12:00:00,1763294435.0,0.0015
2025-11-16 13:00:00,1763298028.0,0.0015
2025-11-16 14:00:00,1763301629.0,0.0015
2025-11-16 15:00:00,1763305230.0,0.0015
2025-11-16 16:00:00,1763308829.0,0.0015
2025-11-16 17:00:00,1763312433.0,0.0015
2025-11-16 18:00:00,1763316036.0,0.0015
2025-11-16 19:00:00,1763319630.0,0.0015
2025-11-16 20:00:00,1763323230.0,0.0015
2025-11-16 21:00:00,1763326835.0,0.0015
2025-11-16 22:00:00,1763330430.0,0.0015
2025-11-16 23:00:00,1763334029.0,0.0015
2025-11-17 00:00:00,1763337627.0,0.0015
2025-11-17 01:00:00,1763341223.0,0.0015
2025-11-17 02:00:00,1763344825.0,0.0015
2025-11-17 03:00:00,1763348430.0,0.0015
2025-11-17 04:00:00,1763352029.0,0.0015
2025-11-17 05:00:00,1763355628.0,0.0015
2025-11-17 06:00:00,1763359232.0,0.0015
2025-11-17 07:00:00,1763362831.0,0.0015
2025-11-17 08:00:00,1763366443.0,0.0015
2025-11-17 09:00:00,1763370049.0,0.0015
2025-11-17 10:00:00,1763373633.0,0.0015
2025-11-17 11:00:00,1763377230.0,0.0015
2025-11-17 12:00:00,1763380833.0,0.0015
2025-11-17 13:00:00,1763384429.0,0.0015
2025-11-17 14:00:00,1763388027.0,0.0015
2025-11-17 15:00:00,1763391647.0,0.0015
2025-11-17 16:00:00,1763395228.0,0.0015
2025-11-17 17:00:00,1763398833.0,0.0015
2025-11-17 18:00:00,1763402432.0,0.0015
2025-11-17 19:00:00,1763406031.0,0.0015
2025-11-17 20:00:00,1763409630.0,0.0015
2025-11-17 21:00:00,1763413233.0,0.0015
2025-11-17 22:00:00,1763416833.0,0.0015
2025-11-17 23:00:00,1763420433.0,0.0015
2025-11-18 00:00:00,1763424020.0,0.0015
2025-11-18 01:00:00,1763427620.0,0.0015
2025-11-18 02:00:00,1763431222.0,0.0015
2025-11-18 03:00:00,1763434828.0,0.0015
2025-11-18 04:00:00,1763438429.0,0.0015
2025-11-18 05:00:00,1763442028.0,0.0015
2025-11-18 06:00:00,1763445631.0,0.0015
2025-11-18 07:00:00,1763449230.0,0.0015
2025-11-18 08:00:00,1763452827.0,0.0015
2025-11-18 09:00:00,1763456433.0,0.0015
2025-11-18 10:00:00,1763460029.0,0.0015
2025-11-18 11:00:00,1763463628.0,0.0015
2025-11-18 12:00:00,1763467236.0,0.0015
2025-11-18 13:00:00,1763470831.0,0.0015
2025-11-18 14:00:00,1763474430.0,0.0015
2025-11-18 15:00:00,1763478033.0,0.0015
2025-11-18 16:00:00,1763481631.0,0.0015
2025-11-18 17:00:00,1763485233.0,0.0015
2025-11-18 18:00:00,1763488834.0,0.0015
2025-11-18 19:00:00,1763492433.0,0.0015
2025-11-18 20:00:00,1763496032.0,0.0015
2025-11-18 21:00:00,1763499638.0,0.0015
2025-11-18 22:00:00,1763503233.0,0.0015
2025-11-18 23:00:00,1763506847.0,0.0015
2025-11-19 00:00:00,1763510431.0,0.0015
2025-11-19 01:00:00,1763514028.0,0.0015
2025-11-19 02:00:00,1763517631.0,0.0015
2025-11-19 03:00:00,1763521234.0,0.0015
2025-11-19 04:00:00,1763524834.0,0.0015
2025-11-19 05:00:00,1763528433.0,0.0015
2025-11-19 06:00:00,1763532037.0,0.0015
2025-11-19 07:00:00,1763535634.0,0.0015
2025-11-19 08:00:00,1763539232.0,0.0015
2025-11-19 09:00:00,1763542837.0,0.0015
2025-11-19 10:00:00,1763546433.0,0.0015
2025-11-19 11:00:00,1763550033.0,0.0015
2025-11-19 12:00:00,1763553640.0,0.0015
2025-11-19 13:00:00,1763557231.0,0.0015
2025-11-19 14:00:00,1763560846.0,0.0015
2025-11-19 15:00:00,1763564434.0,0.0015
2025-11-19 16:00:00,1763568046.0,0.0015
2025-11-19 17:00:00,1763571636.0,0.0015
2025-11-19 18:00:00,1763575244.0,0.0015
2025-11-19 19:00:00,1763578835.0,0.0015
2025-11-19 20:00:00,1763582433.0,0.0015
2025-11-19 21:00:00,1763586038.0,0.0015
2025-11-19 22:00:00,1763589633.0,0.0015
2025-11-19 23:00:00,1763593249.0,0.0015
2025-11-20 00:00:00,1763596819.0,0.0015
2025-11-20 01:00:00,1763600419.0,0.0015
2025-11-20 02:00:00,1763604024.0,0.0015
2025-11-20 03:00:00,1763607632.0,0.0015
2025-11-20 04:00:00,1763611233.0,0.0015
2025-11-20 05:00:00,1763614831.0,0.0015
2025-11-20 06:00:00,1763618435.0,0.0015
2025-11-20 07:00:00,1763622042.0,0.0015
2025-11-20 08:00:00,1763625631.0,0.0015
2025-11-20 09:00:00,1763629237.0,0.0015
2025-11-20 10:00:00,1763632831.0,0.0015
2025-11-20 11:00:00,1763636433.0,0.0015
2025-11-20 12:00:00,1763640021.0,0.001
2025-11-20 13:00:00,1763643615.0,0.001
2025-11-20 14:00:00,1763647215.0,0.0005
2025-11-20 15:00:00,1763650818.0,0.0005
2025-11-20 16:00:00,1763654415.0,0.0005
2025-11-20 17:00:00,1763658022.0,0.0005
2025-11-20 18:00:00,1763661622.0,0.0005
2025-11-20 19:00:00,1763665216.0,0.0005
2025-11-20 20:00:00,1763668818.0,0.0005
2025-11-20 21:00:00,1763672423.0,0.0005
2025-11-20 22:00:00,1763676031.0,0.0005
2025-11-20 23:00:00,1763679617.0,0.0005
2025-11-21 00:00:00,1763683234.0,0.0005
2025-11-21 01:00:00,1763686815.0,0.0005
2025-11-21 02:00:00,1763690415.0,0.0005
2025-11-21 03:00:00,1763694019.0,0.0005
2025-11-21 04:00:00,1763697629.0,0.0005
2025-11-21 05:00:00,1763701222.0,0.0005
2025-11-21 06:00:00,1763704819.0,0.0005
2025-11-21 07:00:00,1763708416.0,0.0005
2025-11-21 08:00:00,1763712016.0,0.0005
2025-11-21 09:00:00,1763715618.0,0.0005
2025-11-21 10:00:00,1763719215.0,0.0005
2025-11-21 11:00:00,1763722819.0,0.0005
2025-11-21 12:00:00,1763726421.0,0.0005
2025-11-21 13:00:00,1763730029.0,0.0005
2025-11-21 14:00:00,1763733619.0,0.0005
2025-11-21 15:00:00,1763737219.0,0.0005
2025-11-21 16:00:00,1763740817.0,0.0005
2025-11-21 17:00:00,1763744441.0,0.0005
2025-11-21 18:00:00,1763748019.0,0.0005
2025-11-21 19:00:00,1763751617.0,0.0005
2025-11-21 20:00:00,1763755218.0,0.0005
2025-11-21 21:00:00,1763758819.0,0.0005
2025-11-21 22:00:00,1763762416.0,0.0005
2025-11-21 23:00:00,1763766022.0,0.0005
2025-11-22 00:00:00,1763769620.0,0.0005
2025-11-22 01:00:00,1763773216.0,0.0005
2025-11-22 02:00:00,1763776815.0,0.0005
2025-11-22 03:00:00,1763780418.0,0.0005
2025-11-22 04:00:00,1763784031.0,0.0005
2025-11-22 05:00:00,1763787622.0,0.0005
2025-11-22 06:00:00,1763791235.0,0.0005
2025-11-22 07:00:00,1763794815.0,0.0005
2025-11-22 08:00:00,1763798414.0,0.0005
2025-11-22 09:00:00,1763802019.0,0.0005
2025-11-22 10:00:00,1763805616.0,0.001
2025-11-22 11:00:00,1763809217.0,0.001
2025-11-22 12:00:00,1763812820.0,0.001
2025-11-22 13:00:00,1763816428.0,0.001
2025-11-22 14:00:00,1763820017.0,0.001
2025-11-22 15:00:00,1763823617.0,0.001
2025-11-22 16:00:00,1763827215.0,0.001
2025-11-22 17:00:00,1763830840.0,0.0005
2025-11-22 18:00:00,1763834417.0,0.0005
2025-11-22 19:00:00,1763838015.0,0.0005
2025-11-22 20:00:00,1763841616.0,0.0005
2025-11-22 21:00:00,1763845218.0,0.0005
2025-11-22 22:00:00,1763848814.0,0.0005
2025-11-22 23:00:00,1763852415.0,0.0005
2025-11-23 00:00:00,1763856022.0,0.0005
2025-11-23 01:00:00,1763859627.0,0.0005
2025-11-23 02:00:00,1763863215.0,0.0005
2025-11-23 03:00:00,1763866821.0,0.0005
2025-11-23 04:00:00,1763870414.0,0.0005
2025-11-23 05:00:00,1763874014.0,0.0005
2025-11-23 06:00:00,1763877634.0,0.0005
2025-11-23 07:00:00,1763881214.0,0.0005
2025-11-23 08:00:00,1763884814.0,0.0005
2025-11-23 09:00:00,1763888418.0,0.0005
2025-11-23 10:00:00,1763892015.0,0.0005
2025-11-23 11:00:00,1763895618.0,0.0005
2025-11-23 12:00:00,1763899220.0,0.0005
2025-11-23 13:00:00,1763902814.0,0.0005
2025-11-23 14:00:00,1763906417.0,0.0005
2025-11-23 15:00:00,1763910017.0,0.0005
2025-11-23 16:00:00,1763913614.0,0.0005
2025-11-23 17:00:00,1763917242.0,0.0005
2025-11-23 18:00:00,1763920820.0,0.0005
2025-11-23 19:00:00,1763924415.0,0.0005
2025-11-23 20:00:00,1763928016.0,0.0005
2025-11-23 21:00:00,1763931634.0,0.0005
2025-11-23 22:00:00,1763935215.0,0.0005
2025-11-23 23:00:00,1763938815.0,0.0005
2025-11-24 00:00:00,1763942417.0,0.0005
2025-11-24 01:00:00,1763946011.0,0.0005
2025-11-24 02:00:00,1763949610.0,0.0005
2025-11-24 03:00:00,1763953212.0,0.0005
2025-11-24 04:00:00,1763956810.0,0.0005
2025-11-24 05:00:00,1763960411.0,0.0005
2025-11-24 06:00:00,1763964028.0,0.0005
2025-11-24 07:00:00,1763967611.0,0.0005
2025-11-24 08:00:00,1763971210.0,0.0005
2025-11-24 09:00:00,1763974812.0,0.0005
2025-11-24 10:00:00,1763978411.0,0.0005
2025-11-24 11:00:00,1763982010.0,0.0005
2025-11-24 12:00:00,1763985614.0,0.0005
2025-11-24 13:00:00,1763989211.0,0.0005
2025-11-24 14:00:00,1763992814.0,0.0005
2025-11-24 15:00:00,1763996412.0,0.0005
2025-11-24 16:00:00,1764000011.0,0.0005
2025-11-24 17:00:00,1764003620.0,0.0005
2025-11-24 18:00:00,1764007213.0,0.0005
2025-11-24 19:00:00,1764010812.0,0.0005
2025-11-24 20:00:00,1764014413.0,0.0005
2025-11-24 21:00:00,1764018033.0,0.0005
2025-11-24 22:00:00,1764021631.0,0.0005
2025-11-24 23:00:00,1764025233.0,0.0005
2025-11-25 00:00:00,1764028827.0,0.0005
2025-11-25 01:00:00,1764032426.0,0.0005
2025-11-25 02:00:00,1764036028.0,0.0005
2025-11-25 03:00:00,1764039632.0,0.0005
2025-11-25 04:00:00,1764043233.0,0.0005
2025-11-25 05:00:00,1764046832.0,0.0005
2025-11-25 06:00:00,1764050433.0,0.0005
2025-11-25 07:00:00,1764054033.0,0.0005
2025-11-25 08:00:00,1764057632.0,0.0005
2025-11-25 09:00:00,1764061235.0,0.0005
2025-11-25 10:00:00,1764064833.0,0.0005
2025-11-25 11:00:00,1764068434.0,0.0005
2025-11-25 12:00:00,1764072037.0,0.0005
2025-11-25 13:00:00,1764075632.0,0.0005
2025-11-25 14:00:00,1764079234.0,0.0005
2025-11-25 15:00:00,1764082833.0,0.0005
2025-11-25 16:00:00,1764086434.0,0.0005
2025-11-25 17:00:00,1764090036.0,0.0005
2025-11-25 18:00:00,1764093634.0,0.001
2025-11-25 19:00:00,1764097235.0,0.0005
2025-11-25 20:00:00,1764100834.0,0.0005
2025-11-25 21:00:00,1764104437.0,0.0005
2025-11-25 22:00:00,1764108034.0,0.0005
2025-11-25 23:00:00,1764111634.0,0.0005
2025-11-26 00:00:00,1764115221.0,0.0005
2025-11-26 01:00:00,1764118821.0,0.0005
2025-11-26 02:00:00,1764122425.0,0.0005
2025-11-26 03:00:00,1764126031.0,0.0005
2025-11-26 04:00:00,1764129633.0,0.0005
2025-11-26 05:00:00,1764133231.0,0.0005
2025-11-26 06:00:00,1764136846.0,0.0005
2025-11-26 07:00:00,1764140434.0,0.0005
2025-11-26 08:00:00,1764144035.0,0.0005
2025-11-26 09:00:00,1764147635.0,0.0005
2025-11-26 10:00:00,1764151232.0,0.0005
2025-11-26 11:00:00,1764154834.0,0.0005
2025-11-26 12:00:00,1764158452.0,0.0005
2025-11-26 13:00:00,1764162032.0,0.0005
2025-11-26 14:00:00,1764165636.0,0.0005
2025-11-26 15:00:00,1764169233.0,0.0005
2025-11-26 16:00:00,1764172835.0,0.0005
2025-11-26 17:00:00,1764176440.0,0.0005
2025-11-26 18:00:00,1764180037.0,0.0005
2025-11-26 19:00:00,1764183639.0,0.0005
2025-11-26 20:00:00,1764187235.0,0.0005
2025-11-26 21:00:00,1764190840.0,0.0005
2025-11-26 22:00:00,1764194435.0,0.0005
2025-11-26 23:00:00,1764198036.0,0.0005
2025-11-27 00:00:00,1764201627.0,0.0005
2025-11-27 01:00:00,1764205237.0,0.0005
2025-11-27 02:00:00,1764208830.0,0.0005
2025-11-27 03:00:00,1764212435.0,0.0005
2025-11-27 04:00:00,1764216036.0,0.0005
2025-11-27 05:00:00,1764219635.0,0.0005
2025-11-27 06:00:00,1764223237.0,0.0005
2025-11-27 07:00:00,1764226839.0,0.0005
2025-11-27 08:00:00,1764230434.0,0.0005
2025-11-27 09:00:00,1764234039.0,0.0005
2025-11-27 10:00:00,1764237636.0,0.0005
2025-11-27 11:00:00,1764241237.0,0.0005
2025-11-27 12:00:00,1764244844.0,0.0005
2025-11-27 13:00:00,1764248433.0,0.0005
2025-11-27 14:00:00,1764252037.0,0.0005
2025-11-27 15:00:00,1764255635.0,0.0005
2025-11-27 16:00:00,1764259236.0,0.0005
2025-11-27 17:00:00,1764262842.0,0.0005
2025-11-27 18:00:00,1764266436.0,0.0005
2025-11-27 19:00:00,1764270038.0,0.0005
2025-11-27 20:00:00,1764273637.0,0.0005
2025-11-27 21:00:00,1764277241.0,0.0005
2025-11-27 22:00:00,1764280837.0,0.0005
2025-11-27 23:00:00,1764284438.0,0.0005
2025-11-28 00:00:00,1764288025.0,0.0005
2025-11-28 01:00:00,1764291624.0,0.0005
2025-11-28 02:00:00,1764295229.0,0.0005
2025-11-28 03:00:00,1764298834.0,0.0005
2025-11-28 04:00:00,1764302436.0,0.0005
2025-11-28 05:00:00,1764306034.0,0.0005
2025-11-28 06:00:00,1764309637.0,0.0005
2025-11-28 07:00:00,1764313238.0,0.0005
2025-11-28 08:00:00,1764316833.0,0.0005
2025-11-28 09:00:00,1764320438.0,0.0005
2025-11-28 10:00:00,1764324035.0,0.0005
2025-11-28 11:00:00,1764327635.0,0.0005
2025-11-28 12:00:00,1764331243.0,0.0005
2025-11-28 13:00:00,1764334835.0,0.0005
2025-11-28 14:00:00,1764338438.0,0.0005
2025-11-28 15:00:00,1764342036.0,0.0005
2025-11-28 16:00:00,1764345651.0,0.0005
2025-11-28 17:00:00,1764349244.0,0.0005
2025-11-28 18:00:00,1764352838.0,0.0005
2025-11-28 19:00:00,1764356440.0,0.0005
2025-11-28 20:00:00,1764360037.0,0.0005
2025-11-28 21:00:00,1764363643.0,0.0005
2025-11-28 22:00:00,1764367240.0,0.0005
2025-11-28 23:00:00,1764370838.0,0.0005
2025-11-29 00:00:00,1764374436.0,0.0005
2025-11-29 01:00:00,1764378031.0,0.0005
2025-11-29 02:00:00,1764381635.0,0.0005
2025-11-29 03:00:00,1764385219.0,0.0005
2025-11-29 04:00:00,1764388837.0,0.0005
2025-11-29 05:00:00,1764392437.0,0.0005
2025-11-29 06:00:00,1764396038.0,0.0005
2025-11-29 07:00:00,1764399640.0,0.0005
2025-11-29 08:00:00,1764403236.0,0.0005
2025-11-29 09:00:00,1764406841.0,0.0005
2025-11-29 10:00:00,1764410452.0,0.0005
2025-11-29 11:00:00,1764414038.0,0.0005
2025-11-29 12:00:00,1764417645.0,0.0005
2025-11-29 13:00:00,1764421235.0,0.0005
2025-11-29 14:00:00,1764424839.0,0.0005
2025-11-29 15:00:00,1764428439.0,0.0005
2025-11-29 16:00:00,1764432037.0,0.0005
2025-11-29 17:00:00,1764435641.0,0.0005
2025-11-29 18:00:00,1764439239.0,0.0005
2025-11-29 19:00:00,1764442839.0,0.0005
2025-11-29 20:00:00,1764446437.0,0.0005
2025-11-29 21:00:00,1764450042.0,0.0005
2025-11-29 22:00:00,1764453626.0,0.0005
2025-11-29 23:00:00,1764457237.0,0.0005
2025-11-30 00:00:00,1764460826.0,0.0005
2025-11-30 01:00:00,1764464425.0,0.0005
2025-11-30 02:00:00,1764468028.0,0.0005
2025-11-30 03:00:00,1764471633.0,0.0005
2025-11-30 04:00:00,1764475234.0,0.0005
2025-11-30 05:00:00,1764478831.0,0.0005
2025-11-30 06:00:00,1764482434.0,0.0005
2025-11-30 07:00:00,1764486038.0,0.0005
2025-11-30 08:00:00,1764489616.0,0.0005
2025-11-30 09:00:00,1764493237.0,0.0005
2025-11-30 10:00:00,1764496848.0,0.0005
2025-11-30 11:00:00,1764500434.0,0.0005
2025-11-30 12:00:00,1764504065.0,0.0005
2025-11-30 13:00:00,1764507615.0,0.0005
2025-11-30 14:00:00,1764511236.0,0.0005
2025-11-30 15:00:00,1764514847.0,0.0005
2025-11-30 16:00:00,1764518447.0,0.0005
2025-11-30 17:00:00,1764522039.0,0.0005
2025-11-30 18:00:00,1764525638.0,0.0005
2025-11-30 19:00:00,1764529237.0,0.0005
2025-11-30 20:00:00,1764532837.0,0.0005
2025-11-30 21:00:00,1764536439.0,0.0005
2025-11-30 22:00:00,1764540036.0,0.0005
2025-11-30 23:00:00,1764543640.0,0.0005
2025-12-01 00:00:00,1764547231.0,0.0005
2025-12-01 01:00:00,1764550829.0,0.0005
2025-12-01 02:00:00,1764554430.0,0.0005
2025-12-01 03:00:00,1764558045.0,0.0005
2025-12-01 04:00:00,1764561633.0,0.0005
2025-12-01 05:00:00,1764565234.0,0.0005
2025-12-01 06:00:00,1764568835.0,0.0005
2025-12-01 07:00:00,1764572435.0,0.0005
2025-12-01 08:00:00,1764576032.0,0.0005
2025-12-01 09:00:00,1764579649.0,0.0005
2025-12-01 10:00:00,1764583248.0,0.0005
2025-12-01 11:00:00,1764586833.0,0.0005
2025-12-01 12:00:00,1764590449.0,0.0005
2025-12-01 13:00:00,1764594032.0,0.0005
2025-12-01 14:00:00,1764597633.0,0.0005
2025-12-01 15:00:00,1764601247.0,0.0005
2025-12-01 16:00:00,1764604844.0,0.0005
2025-12-01 17:00:00,1764608435.0,0.0005
2025-12-01 18:00:00,1764612047.0,0.0005
2025-12-01 19:00:00,1764615634.0,0.0005
2025-12-01 20:00:00,1764619233.0,0.0005
2025-12-01 21:00:00,1764622837.0,0.0005
2025-12-01 22:00:00,1764626434.0,0.0005
2025-12-01 23:00:00,1764630034.0,0.0005
2025-12-02 00:00:00,1764633619.0,0.0005
2025-12-02 01:00:00,1764637219.0,0.0005
2025-12-02 02:00:00,1764640822.0,0.0005
2025-12-02 03:00:00,1764644428.0,0.0005
2025-12-02 04:00:00,1764648030.0,0.0005
2025-12-02 05:00:00,1764651627.0,0.0005
2025-12-02 06:00:00,1764655231.0,0.0005
2025-12-02 07:00:00,1764658832.0,0.0005
2025-12-02 08:00:00,1764662428.0,0.0005
2025-12-02 09:00:00,1764666032.0,0.0005
2025-12-02 10:00:00,1764669629.0,0.0005
2025-12-02 11:00:00,1764673231.0,0.0005
2025-12-02 12:00:00,1764676837.0,0.0005
2025-12-02 13:00:00,1764680429.0,0.0005
2025-12-02 14:00:00,1764684031.0,0.0005
2025-12-02 15:00:00,1764687631.0,0.0005
2025-12-02 16:00:00,1764691212.0,0.0005
2025-12-02 17:00:00,1764694836.0,0.0005
2025-12-02 18:00:00,1764698434.0,0.0005
2025-12-02 19:00:00,1764702034.0,0.0005
2025-12-02 20:00:00,1764705632.0,0.0005
2025-12-02 21:00:00,1764709237.0,0.0005
2025-12-02 22:00:00,1764712832.0,0.0005
2025-12-02 23:00:00,1764716433.0,0.0005
2025-12-03 00:00:00,1764720031.0,0.0005
2025-12-03 01:00:00,1764723626.0,0.0005
2025-12-03 02:00:00,1764727229.0,0.0005
2025-12-03 03:00:00,1764730834.0,0.0005
2025-12-03 04:00:00,1764734435.0,0.0005
2025-12-03 05:00:00,1764738033.0,0.0005
2025-12-03 06:00:00,1764741635.0,0.0005
2025-12-03 07:00:00,1764745236.0,0.0005
2025-12-03 08:00:00,1764748832.0,0.0005
2025-12-03 09:00:00,1764752438.0,0.0005
2025-12-03 10:00:00,1764756034.0,0.0005
2025-12-03 11:00:00,1764759635.0,0.0005
2025-12-03 12:00:00,1764763242.0,0.001
2025-12-03 13:00:00,1764766832.0,0.0005
2025-12-03 14:00:00,1764770436.0,0.0005
2025-12-03 15:00:00,1764774016.0,0.0005
2025-12-03 16:00:00,1764777635.0,0.0005
2025-12-03 17:00:00,1764781238.0,0.0005
2025-12-03 18:00:00,1764784836.0,0.0005
2025-12-03 19:00:00,1764788437.0,0.0005
2025-12-03 20:00:00,1764792034.0,0.0005
2025-12-03 21:00:00,1764795640.0,0.0005
2025-12-03 22:00:00,1764799235.0,0.0005
2025-12-03 23:00:00,1764802835.0,0.0005
2025-12-04 00:00:00,1764806419.0,0.0005
2025-12-04 01:00:00,1764810018.0,0.0005
2025-12-04 02:00:00,1764813624.0,0.0005
2025-12-04 03:00:00,1764817231.0,0.0005
2025-12-04 04:00:00,1764820834.0,0.0005
2025-12-04 05:00:00,1764824430.0,0.0005
2025-12-04 06:00:00,1764828034.0,0.0005
2025-12-04 07:00:00,1764831634.0,0.0005
2025-12-04 08:00:00,1764835229.0,0.0005
2025-12-04 09:00:00,1764838841.0,0.0005
2025-12-04 10:00:00,1764842431.0,0.0005
2025-12-04 11:00:00,1764846033.0,0.0005
2025-12-04 12:00:00,1764849642.0,0.0005
2025-12-04 13:00:00,1764853231.0,0.0005
2025-12-04 14:00:00,1764856834.0,0.0005
2025-12-04 15:00:00,1764860433.0,0.0005
2025-12-04 16:00:00,1764864014.0,0.0005
2025-12-04 17:00:00,1764867622.0,0.0005
2025-12-04 18:00:00,1764871220.0,0.0005
2025-12-04 19:00:00,1764874814.0,0.0005
2025-12-04 20:00:00,1764878415.0,0.0005
2025-12-04 21:00:00,1764882017.0,0.0005
2025-12-04 22:00:00,1764885614.0,0.0005
2025-12-04 23:00:00,1764889215.0,0.0005
2025-12-05 00:00:00,1764892821.0,0.0005
2025-12-05 01:00:00,1764896415.0,0.0005
2025-12-05 02:00:00,1764900015.0,0.0005
2025-12-05 03:00:00,1764903621.0,0.0005
2025-12-05 04:00:00,1764907216.0,0.0005
2025-12-05 05:00:00,1764910815.0,0.0005
2025-12-05 06:00:00,1764914418.0,0.0005
2025-12-05 07:00:00,1764918015.0,0.0005
2025-12-05 08:00:00,1764921616.0,0.0005
2025-12-05 09:00:00,1764925219.0,0.0005
2025-12-05 10:00:00,1764928816.0,0.0005
2025-12-05 11:00:00,1764932415.0,0.0005
2025-12-05 12:00:00,1764936025.0,0.0005
2025-12-05 13:00:00,1764939615.0,0.0005
2025-12-05 14:00:00,1764943216.0,0.0005
2025-12-05 15:00:00,1764946819.0,0.0005
2025-12-05 16:00:00,1764950416.0,0.0005
2025-12-05 17:00:00,1764954020.0,0.0005
2025-12-05 18:00:00,1764957618.0,0.0005
2025-12-05 19:00:00,1764961222.0,0.0005
2025-12-05 20:00:00,1764964817.0,0.0005
2025-12-05 21:00:00,1764968423.0,0.0005
2025-12-05 22:00:00,1764972016.0,0.0005
2025-12-05 23:00:00,1764975616.0,0.0005
2025-12-06 00:00:00,1764979223.0,0.0005
2025-12-06 01:00:00,1764982817.0,0.0005
2025-12-06 02:00:00,1764986417.0,0.0005
2025-12-06 03:00:00,1764990020.0,0.0005
2025-12-06 04:00:00,1764993617.0,0.0005
2025-12-06 05:00:00,1764997217.0,0.0005
2025-12-06 06:00:00,1765000820.0,0.0005
2025-12-06 07:00:00,1765004440.0,0.0005
2025-12-06 08:00:00,1765008017.0,0.0005
2025-12-06 09:00:00,1765011623.0,0.0005
2025-12-06 10:00:00,1765015220.0,0.001
2025-12-06 11:00:00,1765018818.0,0.0005
2025-12-06 12:00:00,1765022424.0,0.0005
2025-12-06 13:00:00,1765026018.0,0.0005
2025-12-06 14:00:00,1765029617.0,0.0005
2025-12-06 15:00:00,1765033220.0,0.0005
2025-12-06 16:00:00,1765036817.0,0.0005
2025-12-06 17:00:00,1765040428.0,0.0005
2025-12-06 18:00:00,1765044021.0,0.0005
2025-12-06 19:00:00,1765047622.0,0.0005
2025-12-06 20:00:00,1765051219.0,0.0005
2025-12-06 21:00:00,1765054821.0,0.0005
2025-12-06 22:00:00,1765058417.0,0.0005
2025-12-06 23:00:00,1765062017.0,0.0005
2025-12-07 00:00:00,1765065636.0,0.0005
2025-12-07 01:00:00,1765069220.0,0.0005
2025-12-07 02:00:00,1765072817.0,0.0005
2025-12-07 03:00:00,1765076422.0,0.0005
2025-12-07 04:00:00,1765080016.0,0.0005
2025-12-07 05:00:00,1765083616.0,0.0005
2025-12-07 06:00:00,1765087240.0,0.0005
2025-12-07 07:00:00,1765090817.0,0.0005
2025-12-07 08:00:00,1765094417.0,0.0005
2025-12-07 09:00:00,1765098019.0,0.0005
2025-12-07 10:00:00,1765101616.0,0.0005
2025-12-07 11:00:00,1765105217.0,0.0005
2025-12-07 12:00:00,1765108829.0,0.0005
2025-12-07 13:00:00,1765112416.0,0.0005
2025-12-07 14:00:00,1765116016.0,0.0005
2025-12-07 15:00:00,1765119620.0,0.0005
2025-12-07 16:00:00,1765123216.0,0.0005
2025-12-07 17:00:00,1765126824.0,0.0005
2025-12-07 18:00:00,1765130439.0,0.0005
2025-12-07 19:00:00,1765134017.0,0.0005
2025-12-07 20:00:00,1765137632.0,0.0005
2025-12-07 21:00:00,1765141221.0,0.0005
2025-12-07 22:00:00,1765144816.0,0.0005
2025-12-07 23:00:00,1765148416.0,0.0005
2025-12-08 00:00:00,1765152034.0,0.0005
2025-12-08 01:00:00,1765155629.0,0.0005
2025-12-08 02:00:00,1765159215.0,0.0005
2025-12-08 03:00:00,1765162817.0,0.0005
2025-12-08 04:00:00,1765166415.0,0.0005
2025-12-08 05:00:00,1765170014.0,0.0005
2025-12-08 06:00:00,1765173619.0,0.0005
2025-12-08 07:00:00,1765177215.0,0.0005
2025-12-08 08:00:00,1765180816.0,0.0005
2025-12-08 09:00:00,1765184418.0,0.0005
2025-12-08 10:00:00,1765188015.0,0.0005
2025-12-08 11:00:00,1765191614.0,0.0005
2025-12-08 12:00:00,1765195236.0,0.0005
2025-12-08 13:00:00,1765198818.0,0.0005
2025-12-08 14:00:00,1765202414.0,0.0005
2025-12-08 15:00:00,1765206017.0,0.0005
2025-12-08 16:00:00,1765209628.0,0.0005
2025-12-08 17:00:00,1765213219.0,0.0005
2025-12-08 18:00:00,1765216816.0,0.0005
2025-12-08 19:00:00,1765220415.0,0.0005
2025-12-08 20:00:00,1765224019.0,0.0005
2025-12-08 21:00:00,1765227632.0,0.001
2025-12-08 22:00:00,1765231214.0,0.001
2025-12-08 23:00:00,1765234818.0,0.0005
2025-12-09 00:00:00,1765238432.0,0.0005
2025-12-09 01:00:00,1765242027.0,0.0005
2025-12-09 02:00:00,1765245619.0,0.0005
2025-12-09 03:00:00,1765249218.0,0.0005
2025-12-09 04:00:00,1765252815.0,0.0005
2025-12-09 05:00:00,1765256416.0,0.0005
2025-12-09 06:00:00,1765260022.0,0.0005
2025-12-09 07:00:00,1765263633.0,0.0005
2025-12-09 08:00:00,1765267221.0,0.0005
2025-12-09 09:00:00,1765270821.0,0.0005
2025-12-09 10:00:00,1765274416.0,0.0005
2025-12-09 11:00:00,1765278017.0,0.0005
2025-12-09 12:00:00,1765281621.0,0.0005
2025-12-09 13:00:00,1765285221.0,0.0005
2025-12-09 14:00:00,1765288834.0,0.0005
2025-12-09 15:00:00,1765292424.0,0.0005
2025-12-09 16:00:00,1765296016.0,0.0005
2025-12-09 17:00:00,1765299623.0,0.0005
2025-12-09 18:00:00,1765303219.0,0.0005
2025-12-09 19:00:00,1765306815.0,0.0005
2025-12-09 20:00:00,1765310418.0,0.0005
2025-12-09 21:00:00,1765314023.0,0.0005
2025-12-09 22:00:00,1765317617.0,0.0005
2025-12-09 23:00:00,1765321218.0,0.0005
2025-12-10 00:00:00,1765324818.0,0.0005
2025-12-10 01:00:00,1765328424.0,0.0005
2025-12-10 02:00:00,1765332011.0,0.0005
2025-12-10 03:00:00,1765335615.0,0.0005
2025-12-10 04:00:00,1765339212.0,0.0005
2025-12-10 05:00:00,1765342814.0,0.0005
2025-12-10 06:00:00,1765346418.0,0.0005
2025-12-10 07:00:00,1765350012.0,0.0005
2025-12-10 08:00:00,1765353613.0,0.0005
2025-12-10 09:00:00,1765357229.0,0.0005
2025-12-10 10:00:00,1765360812.0,0.0005
2025-12-10 11:00:00,1765364412.0,0.0005
2025-12-10 12:00:00,1765368039.0,0.0005
2025-12-10 13:00:00,1765371612.0,0.0005
2025-12-10 14:00:00,1765375211.0,0.0005
2025-12-10 15:00:00,1765378817.0,0.0005
2025-12-10 16:00:00,1765382412.0,0.0005
2025-12-10 17:00:00,1765386018.0,0.0005
2025-12-10 18:00:00,1765389615.0,0.0005
2025-12-10 19:00:00,1765393213.0,0.0005
2025-12-10 20:00:00,1765396813.0,0.0005
2025-12-10 21:00:00,1765400416.0,0.0005
2025-12-10 22:00:00,1765404013.0,0.0005
2025-12-10 23:00:00,1765407613.0,0.0005
2025-12-11 00:00:00,1765411219.0,0.0005
2025-12-11 01:00:00,1765414823.0,0.0005
2025-12-11 02:00:00,1765418425.0,0.0005
2025-12-11 03:00:00,1765422017.0,0.0005
2025-12-11 04:00:00,1765425632.0,0.0005
2025-12-11 05:00:00,1765429233.0,0.0005
2025-12-11 06:00:00,1765432816.0,0.0005
2025-12-11 07:00:00,1765436413.0,0.0005
2025-12-11 08:00:00,1765440014.0,0.0005
2025-12-11 09:00:00,1765443617.0,0.0005
2025-12-11 10:00:00,1765447218.0,0.001
2025-12-11 11:00:00,1765450835.0,0.001
2025-12-11 12:00:00,1765454422.0,0.001
2025-12-11 13:00:00,1765458017.0,0.001
2025-12-11 14:00:00,1765461613.0,0.0005
2025-12-11 15:00:00,1765465217.0,0.0005
2025-12-11 16:00:00,1765468823.0,0.0005
2025-12-11 17:00:00,1765472420.0,0.0005
2025-12-11 18:00:00,1765476016.0,0.0005
2025-12-11 19:00:00,1765479629.0,0.0005
2025-12-11 20:00:00,1765483219.0,0.0005
2025-12-11 21:00:00,1765486817.0,0.0005
2025-12-11 22:00:00,1765490414.0,0.0005
2025-12-11 23:00:00,1765494016.0,0.0005
2025-12-12 00:00:00,1765497620.0,0.0005
2025-12-12 01:00:00,1765501214.0,0.0005
2025-12-12 02:00:00,1765504814.0,0.0005
2025-12-12 03:00:00,1765508419.0,0.0005
2025-12-12 04:00:00,1765512015.0,0.0005
2025-12-12 05:00:00,1765515628.0,0.0005
2025-12-12 06:00:00,1765519219.0,0.0005
2025-12-12 07:00:00,1765522815.0,0.0005
2025-12-12 08:00:00,1765526414.0,0.0005
2025-12-12 09:00:00,1765530018.0,0.0005
2025-12-12 10:00:00,1765533614.0,0.0005
2025-12-12 11:00:00,1765537217.0,0.001
2025-12-12 12:00:00,1765540823.0,0.001
2025-12-12 13:00:00,1765544415.0,0.001
2025-12-12 14:00:00,1765548015.0,0.0005
2025-12-12 15:00:00,1765551618.0,0.0005
2025-12-12 16:00:00,1765555216.0,0.001
2025-12-12 17:00:00,1765558828.0,0.0005
2025-12-12 18:00:00,1765562419.0,0.0005
2025-12-12 19:00:00,1765566016.0,0.0005
2025-12-12 20:00:00,1765569620.0,0.0005
2025-12-12 21:00:00,1765573220.0,0.0005
2025-12-12 22:00:00,1765576821.0,0.0005
2025-12-12 23:00:00,1765580416.0,0.0005
2025-12-13 00:00:00,1765584023.0,0.0005
2025-12-13 01:00:00,1765587616.0,0.0005
2025-12-13 02:00:00,1765591216.0,0.0005
2025-12-13 03:00:00,1765594820.0,0.0005
2025-12-13 04:00:00,1765598417.0,0.0005
2025-12-13 05:00:00,1765602016.0,0.0005
2025-12-13 06:00:00,1765605639.0,0.0005
2025-12-13 07:00:00,1765609217.0,0.0005
2025-12-13 08:00:00,1765612817.0,0.0005
2025-12-13 09:00:00,1765616420.0,0.0005
2025-12-13 10:00:00,1765620016.0,0.0005
2025-12-13 11:00:00,1765623617.0,0.0005
2025-12-13 12:00:00,1765627226.0,0.0005
2025-12-13 13:00:00,1765630817.0,0.0005
2025-12-13 14:00:00,1765634439.0,0.0005
2025-12-13 15:00:00,1765638021.0,0.0005
2025-12-13 16:00:00,1765641616.0,0.0005
2025-12-13 17:00:00,1765645222.0,0.0005
2025-12-13 18:00:00,1765648822.0,0.0005
2025-12-13 19:00:00,1765652417.0,0.0005
2025-12-13 20:00:00,1765656018.0,0.0005
2025-12-13 21:00:00,1765659621.0,0.0005
2025-12-13 22:00:00,1765663221.0,0.0005
2025-12-13 23:00:00,1765666817.0,0.0005
2025-12-14 00:00:00,1765670425.0,0.0005
2025-12-14 01:00:00,1765674017.0,0.0005
2025-12-14 02:00:00,1765677617.0,0.0005
2025-12-14 03:00:00,1765681221.0,0.0005
2025-12-14 04:00:00,1765684816.0,0.0005
2025-12-14 05:00:00,1765688417.0,0.0005
2025-12-14 06:00:00,1765692021.0,0.001
2025-12-14 07:00:00,1765695617.0,0.001
2025-12-14 08:00:00,1765699217.0,0.0005
2025-12-14 09:00:00,1765702821.0,0.0005
2025-12-14 10:00:00,1765706418.0,0.0005
2025-12-14 11:00:00,1765710017.0,0.0005
2025-12-14 12:00:00,1765713624.0,0.0005
2025-12-14 13:00:00,1765717216.0,0.0005
2025-12-14 14:00:00,1765720817.0,0.0005
2025-12-14 15:00:00,1765724422.0,0.0005
2025-12-14 16:00:00,1765728017.0,0.0005
2025-12-14 17:00:00,1765731623.0,0.0005
2025-12-14 18:00:00,1765735221.0,0.0005
2025-12-14 19:00:00,1765738821.0,0.0005
2025-12-14 20:00:00,1765742422.0,0.0005
2025-12-14 21:00:00,1765746022.0,0.0005
2025-12-14 22:00:00,1765749616.0,0.0005
2025-12-14 23:00:00,1765753217.0,0.0005
2025-12-15 00:00:00,1765756828.0,0.0005
2025-12-15 01:00:00,1765760416.0,0.0005
2025-12-15 02:00:00,1765764016.0,0.0005
2025-12-15 03:00:00,1765767620.0,0.0005
2025-12-15 04:00:00,1765771220.0,0.0005
2025-12-15 05:00:00,1765774817.0,0.0005
2025-12-15 06:00:00,1765778423.0,0.0005
2025-12-15 07:00:00,1765782016.0,0.0005
2025-12-15 08:00:00,1765785616.0,0.001
2025-12-15 09:00:00,1765789237.0,0.001
2025-12-15 10:00:00,1765792816.0,0.001
2025-12-15 11:00:00,1765796419.0,0.0005
2025-12-15 12:00:00,1765800023.0,0.0005
2025-12-15 13:00:00,1765803631.0,0.0005
2025-12-15 14:00:00,1765807216.0,0.0005
2025-12-15 15:00:00,1765810821.0,0.0005
2025-12-15 16:00:00,1765814417.0,0.0005
2025-12-15 17:00:00,1765818021.0,0.0005
2025-12-15 18:00:00,1765821638.0,0.0005
2025-12-15 19:00:00,1765825216.0,0.0005
2025-12-15 20:00:00,1765828816.0,0.0005
2025-12-15 21:00:00,1765832420.0,0.0005
2025-12-15 22:00:00,1765836032.0,0.0005
2025-12-15 23:00:00,1765839616.0,0.0005
2025-12-16 00:00:00,1765843223.0,0.0005
2025-12-16 01:00:00,1765846824.0,0.0005
2025-12-16 02:00:00,1765850415.0,0.0005
2025-12-16 03:00:00,1765854019.0,0.0005
2025-12-16 04:00:00,1765857616.0,0.0005
2025-12-16 05:00:00,1765861215.0,0.0005
2025-12-16 06:00:00,1765864820.0,0.0005
2025-12-16 07:00:00,1765868426.0,0.0005
2025-12-16 08:00:00,1765872033.0,0.0005
2025-12-16 09:00:00,1765875619.0,0.0005
2025-12-16 10:00:00,1765879218.0,0.0005
2025-12-16 11:00:00,1765882815.0,0.0005
2025-12-16 12:00:00,1765886436.0,0.001
2025-12-16 13:00:00,1765890016.0,0.001
2025-12-16 14:00:00,1765893630.0,0.001
2025-12-16 15:00:00,1765897218.0,0.001
2025-12-16 16:00:00,1765900832.0,0.001
2025-12-16 17:00:00,1765904418.0,0.001
2025-12-16 18:00:00,1765908020.0,0.0005
2025-12-16 19:00:00,1765911619.0,0.0005
2025-12-16 20:00:00,1765915216.0,0.0005
2025-12-16 21:00:00,1765918820.0,0.0005
2025-12-16 22:00:00,1765922416.0,0.0005
2025-12-16 23:00:00,1765926017.0,0.0005
2025-12-17 00:00:00,1765929620.0,0.0005
2025-12-17 01:00:00,1765933216.0,0.0005
2025-12-17 02:00:00,1765936817.0,0.0005
2025-12-17 03:00:00,1765940435.0,0.0005
2025-12-17 04:00:00,1765944016.0,0.0005
2025-12-17 05:00:00,1765947619.0,0.0005
2025-12-17 06:00:00,1765951240.0,0.0005
2025-12-17 07:00:00,1765954818.0,0.0005
2025-12-17 08:00:00,1765958428.0,0.0005
2025-12-17 09:00:00,1765962021.0,0.0005
2025-12-17 10:00:00,1765965618.0,0.0005
2025-12-17 11:00:00,1765969220.0,0.0005
2025-12-17 12:00:00,1765972838.0,0.0005
2025-12-17 13:00:00,1765976417.0,0.0005
2025-12-17 14:00:00,1765980017.0,0.0005
2025-12-17 15:00:00,1765983625.0,0.0005
2025-12-17 16:00:00,1765987218.0,0.0005
2025-12-17 17:00:00,1765990817.0,0.0005
2025-12-17 18:00:00,1765994421.0,0.0005
2025-12-17 19:00:00,1765998022.0,0.0005
2025-12-17 20:00:00,1766001617.0,0.0005
2025-12-17 21:00:00,1766005225.0,0.0005
2025-12-17 22:00:00,1766008817.0,0.0005
2025-12-17 23:00:00,1766012417.0,0.0005
2025-12-18 00:00:00,1766016029.0,0.0005
2025-12-18 01:00:00,1766019613.0,0.0005
2025-12-18 02:00:00,1766023213.0,0.0005
2025-12-18 03:00:00,1766026818.0,0.0005
2025-12-18 04:00:00,1766030413.0,0.0005
2025-12-18 05:00:00,1766034030.0,0.0005
2025-12-18 06:00:00,1766037618.0,0.0005
2025-12-18 07:00:00,1766041214.0,0.0005
2025-12-18 08:00:00,1766044813.0,0.0005
2025-12-18 09:00:00,1766048417.0,0.0005
2025-12-18 10:00:00,1766052033.0,0.0005
2025-12-18 11:00:00,1766055614.0,0.0005
2025-12-18 12:00:00,1766059221.0,0.0005
2025-12-18 13:00:00,1766062817.0,0.0005
2025-12-18 14:00:00,1766066428.0,0.0005
2025-12-18 15:00:00,1766070018.0,0.0005
2025-12-18 16:00:00,1766073636.0,0.0005
2025-12-18 17:00:00,1766077223.0,0.0005
2025-12-18 18:00:00,1766080820.0,0.0005
2025-12-18 19:00:00,1766084418.0,0.0005
2025-12-18 20:00:00,1766088017.0,0.0005
2025-12-18 21:00:00,1766091620.0,0.0005
2025-12-18 22:00:00,1766095217.0,0.0005
2025-12-18 23:00:00,1766098814.0,0.0005
2025-12-19 00:00:00,1766102421.0,0.0005
2025-12-19 01:00:00,1766106015.0,0.0005
2025-12-19 02:00:00,1766109615.0,0.0005
2025-12-19 03:00:00,1766113220.0,0.0005
2025-12-19 04:00:00,1766116816.0,0.0005
2025-12-19 05:00:00,1766120416.0,0.0005
2025-12-19 06:00:00,1766124020.0,0.0005
2025-12-19 07:00:00,1766127616.0,0.0005
2025-12-19 08:00:00,1766131217.0,0.0005
2025-12-19 09:00:00,1766134825.0,0.0005
2025-12-19 10:00:00,1766138416.0,0.0005
2025-12-19 11:00:00,1766142016.0,0.0005
2025-12-19 12:00:00,1766145623.0,0.0005
2025-12-19 13:00:00,1766149216.0,0.0005
2025-12-19 14:00:00,1766152816.0,0.0005
2025-12-19 15:00:00,1766156434.0,0.0005
2025-12-19 16:00:00,1766160031.0,0.0005
2025-12-19 17:00:00,1766163621.0,0.0005
2025-12-19 18:00:00,1766167219.0,0.0005
2025-12-19 19:00:00,1766170815.0,0.0005
2025-12-19 20:00:00,1766174416.0,0.0005
2025-12-19 21:00:00,1766178019.0,0.0005
2025-12-19 22:00:00,1766181615.0,0.0005
2025-12-19 23:00:00,1766185215.0,0.0005
2025-12-20 00:00:00,1766188821.0,0.0005
2025-12-20 01:00:00,1766192417.0,0.0005
2025-12-20 02:00:00,1766196015.0,0.0005
2025-12-20 03:00:00,1766199630.0,0.0005
2025-12-20 04:00:00,1766203216.0,0.0005
2025-12-20 05:00:00,1766206816.0,0.0005
2025-12-20 06:00:00,1766210419.0,0.0005
2025-12-20 07:00:00,1766214017.0,0.0005
2025-12-20 08:00:00,1766217616.0,0.0005
2025-12-20 09:00:00,1766221236.0,0.0005
2025-12-20 10:00:00,1766224816.0,0.0005
2025-12-20 11:00:00,1766228416.0,0.0005
2025-12-20 12:00:00,1766232025.0,0.0005
2025-12-20 13:00:00,1766235616.0,0.0005
2025-12-20 14:00:00,1766239216.0,0.0005
2025-12-20 15:00:00,1766242820.0,0.0005
2025-12-20 16:00:00,1766246417.0,0.0005
2025-12-20 17:00:00,1766250024.0,0.0005
2025-12-20 18:00:00,1766253620.0,0.0005
2025-12-20 19:00:00,1766257218.0,0.0005
2025-12-20 20:00:00,1766260823.0,0.0005
2025-12-20 21:00:00,1766264426.0,0.0005
2025-12-20 22:00:00,1766268018.0,0.0005
2025-12-20 23:00:00,1766271623.0,0.0005
2025-12-21 00:00:00,1766275222.0,0.0005
2025-12-21 01:00:00,1766278816.0,0.0005
2025-12-21 02:00:00,1766282416.0,0.0005
2025-12-21 03:00:00,1766286039.0,0.0005
2025-12-21 04:00:00,1766289636.0,0.0005
2025-12-21 05:00:00,1766293215.0,0.0005
2025-12-21 06:00:00,1766296821.0,0.0005
2025-12-21 07:00:00,1766300416.0,0.0005
2025-12-21 08:00:00,1766304017.0,0.0005
2025-12-21 09:00:00,1766307620.0,0.0005
2025-12-21 10:00:00,1766311216.0,0.0005
2025-12-21 11:00:00,1766314817.0,0.0005
2025-12-21 12:00:00,1766318422.0,0.0005
2025-12-21 13:00:00,1766322017.0,0.0005
2025-12-21 14:00:00,1766325616.0,0.0005
2025-12-21 15:00:00,1766329221.0,0.0005
2025-12-21 16:00:00,1766332816.0,0.0005
2025-12-21 17:00:00,1766336425.0,0.0005
2025-12-21 18:00:00,1766340022.0,0.0005
2025-12-21 19:00:00,1766343616.0,0.0005
2025-12-21 20:00:00,1766347219.0,0.0005
2025-12-21 21:00:00,1766350820.0,0.0005
2025-12-21 22:00:00,1766354416.0,0.0005
2025-12-21 23:00:00,1766358017.0,0.0005
2025-12-22 00:00:00,1766361622.0,0.0005
2025-12-22 01:00:00,1766365216.0,0.0005
2025-12-22 02:00:00,1766368817.0,0.0005
2025-12-22 03:00:00,1766372420.0,0.0005
2025-12-22 04:00:00,1766376023.0,0.0005
2025-12-22 05:00:00,1766379616.0,0.0005
2025-12-22 06:00:00,1766383220.0,0.0005
2025-12-22 07:00:00,1766386817.0,0.0005
2025-12-22 08:00:00,1766390430.0,0.0005
2025-12-22 09:00:00,1766394034.0,0.0005
2025-12-22 10:00:00,1766397617.0,0.0005
2025-12-22 11:00:00,1766401216.0,0.0005
2025-12-22 12:00:00,1766404822.0,0.0005
2025-12-22 13:00:00,1766408416.0,0.0005
2025-12-22 14:00:00,1766412019.0,0.0005
2025-12-22 15:00:00,1766415622.0,0.0005
2025-12-22 16:00:00,1766419216.0,0.0005
2025-12-22 17:00:00,1766422823.0,0.0005
2025-12-22 18:00:00,1766426420.0,0.0005
2025-12-22 19:00:00,1766430018.0,0.0005
2025-12-22 20:00:00,1766433630.0,0.0005
2025-12-22 21:00:00,1766437220.0,0.0005
2025-12-22 22:00:00,1766440830.0,0.0005
2025-12-22 23:00:00,1766444417.0,0.0005
2025-12-23 00:00:00,1766448024.0,0.0005
2025-12-23 01:00:00,1766451620.0,0.0005
2025-12-23 02:00:00,1766455217.0,0.0005
2025-12-23 03:00:00,1766458824.0,0.0005
2025-12-23 04:00:00,1766462430.0,0.0005
2025-12-23 05:00:00,1766466049.0,0.0005
2025-12-23 06:00:00,1766469637.0,0.0005
2025-12-23 07:00:00,1766473218.0,0.0005
2025-12-23 08:00:00,1766476831.0,0.0005
2025-12-23 09:00:00,1766480420.0,0.001
2025-12-23 10:00:00,1766484018.0,0.0005
2025-12-23 11:00:00,1766487618.0,0.0005
2025-12-23 12:00:00,1766491228.0,0.0005
2025-12-23 13:00:00,1766494818.0,0.0005
2025-12-23 14:00:00,1766498418.0,0.0005
2025-12-23 15:00:00,1766502024.0,0.0005
2025-12-23 16:00:00,1766505617.0,0.0005
2025-12-23 17:00:00,1766509241.0,0.0005
2025-12-23 18:00:00,1766512822.0,0.0005
2025-12-23 19:00:00,1766516418.0,0.0005
2025-12-23 20:00:00,1766520018.0,0.0005
2025-12-23 21:00:00,1766523621.0,0.0005
2025-12-23 22:00:00,1766527221.0,0.0005
2025-12-23 23:00:00,1766530818.0,0.0005
2025-12-24 00:00:00,1766534424.0,0.0005
2025-12-24 01:00:00,1766538019.0,0.0005
2025-12-24 02:00:00,1766541616.0,0.0005
2025-12-24 03:00:00,1766545220.0,0.0005
2025-12-24 04:00:00,1766548817.0,0.0005
2025-12-24 05:00:00,1766552419.0,0.0005
2025-12-24 06:00:00,1766556022.0,0.0005
2025-12-24 07:00:00,1766559618.0,0.0005
2025-12-24 08:00:00,1766563220.0,0.0005
2025-12-24 09:00:00,1766566822.0,0.0005
2025-12-24 10:00:00,1766570420.0,0.0005
2025-12-24 11:00:00,1766574019.0,0.0005
2025-12-24 12:00:00,1766577624.0,0.0005
2025-12-24 13:00:00,1766581220.0,0.0005
2025-12-24 14:00:00,1766584819.0,0.0005
2025-12-24 15:00:00,1766588421.0,0.0005
2025-12-24 16:00:00,1766592017.0,0.0005
2025-12-24 17:00:00,1766595624.0,0.0005
2025-12-24 18:00:00,1766599221.0,0.0005
2025-12-24 19:00:00,1766602822.0,0.0005
2025-12-24 20:00:00,1766606418.0,0.0005
2025-12-24 21:00:00,1766610025.0,0.0005
2025-12-24 22:00:00,1766613620.0,0.0005
2025-12-24 23:00:00,1766617216.0,0.0005
2025-12-25 00:00:00,1766620833.0,0.0005
2025-12-25 01:00:00,1766624416.0,0.0005
2025-12-25 02:00:00,1766628018.0,0.0005
2025-12-25 03:00:00,1766631624.0,0.0005
2025-12-25 04:00:00,1766635220.0,0.0005
2025-12-25 05:00:00,1766638818.0,0.0005
2025-12-25 06:00:00,1766642423.0,0.0005
2025-12-25 07:00:00,1766646018.0,0.0005
2025-12-25 08:00:00,1766649621.0,0.0005
2025-12-25 09:00:00,1766653220.0,0.0005
2025-12-25 10:00:00,1766656817.0,0.0005
2025-12-25 11:00:00,1766660418.0,0.0005
2025-12-25 12:00:00,1766664025.0,0.0005
2025-12-25 13:00:00,1766667618.0,0.0005
2025-12-25 14:00:00,1766671218.0,0.0005
2025-12-25 15:00:00,1766674821.0,0.001
2025-12-25 16:00:00,1766678417.0,0.0005
2025-12-25 17:00:00,1766682028.0,0.0005
2025-12-25 18:00:00,1766685625.0,0.0005
2025-12-25 19:00:00,1766689218.0,0.0005
2025-12-25 20:00:00,1766692823.0,0.0005
2025-12-25 21:00:00,1766696421.0,0.0005
2025-12-25 22:00:00,1766700023.0,0.0005
2025-12-25 23:00:00,1766703618.0,0.0005
2025-12-26 00:00:00,1766707217.0,0.0005
2025-12-26 01:00:00,1766710813.0,0.0005
2025-12-26 02:00:00,1766714413.0,0.0005
2025-12-26 03:00:00,1766718015.0,0.0005
2025-12-26 04:00:00,1766721613.0,0.0005
2025-12-26 05:00:00,1766725214.0,0.0005
2025-12-26 06:00:00,1766728815.0,0.0005
2025-12-26 07:00:00,1766732414.0,0.0005
2025-12-26 08:00:00,1766736014.0,0.0005
2025-12-26 09:00:00,1766739615.0,0.0005
2025-12-26 10:00:00,1766743214.0,0.0005
2025-12-26 11:00:00,1766746814.0,0.0005
2025-12-26 12:00:00,1766750421.0,0.0005
2025-12-26 13:00:00,1766754014.0,0.0005
2025-12-26 14:00:00,1766757614.0,0.0005
2025-12-26 15:00:00,1766761217.0,0.0005
2025-12-26 16:00:00,1766764814.0,0.0005
2025-12-26 17:00:00,1766768423.0,0.0005
2025-12-26 18:00:00,1766772016.0,0.0005
2025-12-26 19:00:00,1766775615.0,0.0005
2025-12-26 20:00:00,1766779216.0,0.0005
2025-12-26 21:00:00,1766782821.0,0.0005
2025-12-26 22:00:00,1766786415.0,0.0005
2025-12-26 23:00:00,1766790015.0,0.0005
2025-12-27 00:00:00,1766793622.0,0.0005
2025-12-27 01:00:00,1766797216.0,0.0005
2025-12-27 02:00:00,1766800823.0,0.0005
2025-12-27 03:00:00,1766804418.0,0.0005
2025-12-27 04:00:00,1766808019.0,0.0005
2025-12-27 05:00:00,1766811620.0,0.0005
2025-12-27 06:00:00,1766815218.0,0.0005
2025-12-27 07:00:00,1766818840.0,0.0005
2025-12-27 08:00:00,1766822416.0,0.0005
2025-12-27 09:00:00,1766826018.0,0.0005
2025-12-27 10:00:00,1766829617.0,0.0005
2025-12-27 11:00:00,1766833221.0,0.0005
2025-12-27 12:00:00,1766836822.0,0.0005
2025-12-27 13:00:00,1766840417.0,0.0005
2025-12-27 14:00:00,1766844017.0,0.0005
2025-12-27 15:00:00,1766847618.0,0.0005
2025-12-27 16:00:00,1766851217.0,0.0005
2025-12-27 17:00:00,1766854816.0,0.0005
2025-12-27 18:00:00,1766858420.0,0.0005
2025-12-27 19:00:00,1766862017.0,0.0005
2025-12-27 20:00:00,1766865617.0,0.0005
2025-12-27 21:00:00,1766869218.0,0.0005
2025-12-27 22:00:00,1766872818.0,0.0005
2025-12-27 23:00:00,1766876417.0,0.0005
2025-12-28 00:00:00,1766880022.0,0.0005
2025-12-28 01:00:00,1766883689.0,0.0005
2025-12-28 02:00:00,1766887217.0,0.0005
2025-12-28 03:00:00,1766890819.0,0.0005
2025-12-28 04:00:00,1766894417.0,0.0005
2025-12-28 05:00:00,1766898017.0,0.0005
2025-12-28 06:00:00,1766901619.0,0.0005
2025-12-28 07:00:00,1766905218.0,0.0005
2025-12-28 08:00:00,1766908819.0,0.0005
2025-12-28 09:00:00,1766912419.0,0.0005
2025-12-28 10:00:00,1766916020.0,0.0005
2025-12-28 11:00:00,1766919617.0,0.0005
2025-12-28 12:00:00,1766923223.0,0.0005
2025-12-28 13:00:00,1766926817.0,0.0005
2025-12-28 14:00:00,1766930417.0,0.0005
2025-12-28 15:00:00,1766934041.0,0.0005
2025-12-28 16:00:00,1766937634.0,0.0005
2025-12-28 17:00:00,1766941224.0,0.0005
2025-12-28 18:00:00,1766944820.0,0.0005
2025-12-28 19:00:00,1766948417.0,0.0005
2025-12-28 20:00:00,1766952035.0,0.0005
2025-12-28 21:00:00,1766955623.0,0.0005
2025-12-28 22:00:00,1766959219.0,0.0005
2025-12-28 23:00:00,1766962820.0,0.0005
2025-12-29 00:00:00,1766966439.0,0.0005
2025-12-29 01:00:00,1766970088.0,0.0005
2025-12-29 02:00:00,1766973618.0,0.0005
2025-12-29 03:00:00,1766977234.0,0.0005
2025-12-29 04:00:00,1766980817.0,0.0005
2025-12-29 05:00:00,1766984433.0,0.0005
2025-12-29 06:00:00,1766988020.0,0.0005
2025-12-29 07:00:00,1766991623.0,0.0005
2025-12-29 08:00:00,1766995240.0,0.0005
2025-12-29 09:00:00,1766998820.0,0.0005
2025-12-29 10:00:00,1767002423.0,0.0005
2025-12-29 11:00:00,1767006023.0,0.0005
2025-12-29 12:00:00,1767009623.0,0.0005
2025-12-29 13:00:00,1767013219.0,0.0005
2025-12-29 14:00:00,1767016818.0,0.0005
2025-12-29 15:00:00,1767020420.0,0.0005
2025-12-29 16:00:00,1767024017.0,0.0005
2025-12-29 17:00:00,1767027621.0,0.0005
2025-12-29 18:00:00,1767031220.0,0.0005
2025-12-29 19:00:00,1767034822.0,0.0005
2025-12-29 20:00:00,1767038419.0,0.0005
2025-12-29 21:00:00,1767042020.0,0.0005
2025-12-29 22:00:00,1767045622.0,0.0005
2025-12-29 23:00:00,1767049243.0,0.0005
2025-12-30 00:00:00,1767052827.0,0.0005
2025-12-30 01:00:00,1767056418.0,0.0005
2025-12-30 02:00:00,1767060019.0,0.0005
2025-12-30 03:00:00,1767063622.0,0.0005
2025-12-30 04:00:00,1767067219.0,0.0005
2025-12-30 05:00:00,1767070839.0,0.0005
2025-12-30 06:00:00,1767074421.0,0.0005
2025-12-30 07:00:00,1767078031.0,0.0005
2025-12-30 08:00:00,1767081621.0,0.0005
2025-12-30 09:00:00,1767085223.0,0.0005
2025-12-30 10:00:00,1767088818.0,0.0005
2025-12-30 11:00:00,1767092422.0,0.0005
2025-12-30 12:00:00,1767096028.0,0.0005
2025-12-30 13:00:00,1767099619.0,0.0005
2025-12-30 14:00:00,1767103218.0,0.0005
2025-12-30 15:00:00,1767106821.0,0.0005
2025-12-30 16:00:00,1767110420.0,0.0005
2025-12-30 17:00:00,1767114025.0,0.0005
2025-12-30 18:00:00,1767117626.0,0.0005
2025-12-30 19:00:00,1767121219.0,0.0005
2025-12-30 20:00:00,1767124844.0,0.0005
2025-12-30 21:00:00,1767128421.0,0.0005
2025-12-30 22:00:00,1767132020.0,0.0005
2025-12-30 23:00:00,1767135620.0,0.0005
2025-12-31 00:00:00,1767139224.0,0.0005
2025-12-31 01:00:00,1767142820.0,0.0005
2025-12-31 02:00:00,1767146421.0,0.0005
2025-12-31 03:00:00,1767150023.0,0.0005
2025-12-31 04:00:00,1767153643.0,0.0005
2025-12-31 05:00:00,1767157219.0,0.0005
2025-12-31 06:00:00,1767160822.0,0.0005
2025-12-31 07:00:00,1767164419.0,0.0005
2025-12-31 08:00:00,1767168024.0,0.0005
2025-12-31 09:00:00,1767171622.0,0.0005
2025-12-31 10:00:00,1767175220.0,0.0005
2025-12-31 11:00:00,1767178831.0,0.0005
2025-12-31 12:00:00,1767182424.0,0.0005
2025-12-31 13:00:00,1767186019.0,0.0005
2025-12-31 14:00:00,1767189623.0,0.0005
2025-12-31 15:00:00,1767193222.0,0.0005
2025-12-31 16:00:00,1767196823.0,0.0005
2025-12-31 17:00:00,1767200426.0,0.0005
2025-12-31 18:00:00,1767204024.0,0.0005
2025-12-31 19:00:00,1767207651.0,0.0005
2025-12-31 20:00:00,1767211221.0,0.0005
2025-12-31 21:00:00,1767214824.0,0.0005
2025-12-31 22:00:00,1767218421.0,0.0005
2025-12-31 23:00:00,1767222020.0,0.0005
2026-01-01 00:00:00,1767225624.0,0.0005
2026-01-01 01:00:00,1767229219.0,0.0005
2026-01-01 02:00:00,1767232819.0,0.0005
2026-01-01 03:00:00,1767236421.0,0.0005
2026-01-01 04:00:00,1767240034.0,0.0005
2026-01-01 05:00:00,1767243619.0,0.0005
2026-01-01 06:00:00,1767247222.0,0.0005
2026-01-01 07:00:00,1767250819.0,0.0005
2026-01-01 08:00:00,1767254418.0,0.0005
2026-01-01 09:00:00,1767258021.0,0.0005
2026-01-01 10:00:00,1767261620.0,0.0005
2026-01-01 11:00:00,1767265217.0,0.0005
2026-01-01 12:00:00,1767268826.0,0.0005
2026-01-01 13:00:00,1767272447.0,0.0005
2026-01-01 14:00:00,1767276017.0,0.0005
2026-01-01 15:00:00,1767279622.0,0.0005
2026-01-01 16:00:00,1767283217.0,0.0005
2026-01-01 17:00:00,1767286823.0,0.0005
2026-01-01 18:00:00,1767290421.0,0.0005
2026-01-01 19:00:00,1767294017.0,0.0005
2026-01-01 20:00:00,1767297630.0,0.0005
2026-01-01 21:00:00,1767301219.0,0.0005
2026-01-01 22:00:00,1767304838.0,0.0005
2026-01-01 23:00:00,1767308418.0,0.0005
2026-01-02 00:00:00,1767312022.0,0.0005
2026-01-02 01:00:00,1767315617.0,0.0005
2026-01-02 02:00:00,1767319218.0,0.0005
2026-01-02 03:00:00,1767322842.0,0.0005
2026-01-02 04:00:00,1767326417.0,0.0005
2026-01-02 05:00:00,1767330019.0,0.0005
2026-01-02 06:00:00,1767333620.0,0.0005
2026-01-02 07:00:00,1767337218.0,0.0005
2026-01-02 08:00:00,1767340822.0,0.0005
2026-01-02 09:00:00,1767344420.0,0.0005
2026-01-02 10:00:00,1767348020.0,0.0005
2026-01-02 11:00:00,1767351619.0,0.0005
2026-01-02 12:00:00,1767355223.0,0.0005
2026-01-02 13:00:00,1767358818.0,0.0005
2026-01-02 14:00:00,1767362418.0,0.0005
2026-01-02 15:00:00,1767366022.0,0.0005
2026-01-02 16:00:00,1767369619.0,0.0005
2026-01-02 17:00:00,1767373223.0,0.0005
2026-01-02 18:00:00,1767376836.0,0.0005
2026-01-02 19:00:00,1767380422.0,0.0005
2026-01-02 20:00:00,1767384020.0,0.0005
2026-01-02 21:00:00,1767387622.0,0.0005
2026-01-02 22:00:00,1767391223.0,0.0005
2026-01-02 23:00:00,1767394819.0,0.0005
2026-01-03 00:00:00,1767398420.0,0.0005
2026-01-03 01:00:00,1767402091.0,0.0005
2026-01-03 02:00:00,1767405614.0,0.0005
2026-01-03 03:00:00,1767409217.0,0.0005
2026-01-03 04:00:00,1767412828.0,0.0005
2026-01-03 05:00:00,1767416427.0,0.0005
2026-01-03 06:00:00,1767420039.0,0.0005
2026-01-03 07:00:00,1767423616.0,0.0005
2026-01-03 08:00:00,1767427214.0,0.0005
2026-01-03 09:00:00,1767430832.0,0.0005
2026-01-03 10:00:00,1767434415.0,0.0005
2026-01-03 11:00:00,1767438017.0,0.0005
2026-01-03 12:00:00,1767441623.0,0.0005
2026-01-03 13:00:00,1767445215.0,0.0005
2026-01-03 14:00:00,1767448816.0,0.0005
2026-01-03 15:00:00,1767452434.0,0.0005
2026-01-03 16:00:00,1767456016.0,0.0005
2026-01-03 17:00:00,1767459624.0,0.0005
2026-01-03 18:00:00,1767463220.0,0.0005
2026-01-03 19:00:00,1767466816.0,0.0005
2026-01-03 20:00:00,1767470419.0,0.0005
2026-01-03 21:00:00,1767474020.0,0.0005
2026-01-03 22:00:00,1767477616.0,0.0005
2026-01-03 23:00:00,1767481216.0,0.0005
2026-01-04 00:00:00,1767484822.0,0.0005
2026-01-04 01:00:00,1767488420.0,0.0005
2026-01-04 02:00:00,1767492016.0,0.0005
2026-01-04 03:00:00,1767495633.0,0.0005
2026-01-04 04:00:00,1767499220.0,0.0005
2026-01-04 05:00:00,1767502816.0,0.0005
2026-01-04 06:00:00,1767506420.0,0.0005
2026-01-04 07:00:00,1767510018.0,0.0005
2026-01-04 08:00:00,1767513617.0,0.0005
2026-01-04 09:00:00,1767517219.0,0.0005
2026-01-04 10:00:00,1767520816.0,0.0005
2026-01-04 11:00:00,1767524425.0,0.0005
2026-01-04 12:00:00,1767528025.0,0.0005
2026-01-04 13:00:00,1767531616.0,0.0005
2026-01-04 14:00:00,1767535220.0,0.0005
2026-01-04 15:00:00,1767538825.0,0.0005
2026-01-04 16:00:00,1767542439.0,0.001
2026-01-04 17:00:00,1767546021.0,0.001
2026-01-04 18:00:00,1767549623.0,0.001
2026-01-04 19:00:00,1767553217.0,0.0005
2026-01-04 20:00:00,1767556836.0,0.0005
2026-01-04 21:00:00,1767560423.0,0.0005
2026-01-04 22:00:00,1767564018.0,0.0005
2026-01-04 23:00:00,1767567617.0,0.0005
2026-01-05 00:00:00,1767571225.0,0.001
2026-01-05 01:00:00,1767574817.0,0.001
2026-01-05 02:00:00,1767578417.0,0.0005
2026-01-05 03:00:00,1767582021.0,0.0005
2026-01-05 04:00:00,1767585617.0,0.0005
2026-01-05 05:00:00,1767589231.0,0.0005
2026-01-05 06:00:00,1767592821.0,0.0005
2026-01-05 07:00:00,1767596418.0,0.0005
2026-01-05 08:00:00,1767600019.0,0.0005
2026-01-05 09:00:00,1767603626.0,0.0005
2026-01-05 10:00:00,1767607217.0,0.0005
2026-01-05 11:00:00,1767610816.0,0.0005
2026-01-05 12:00:00,1767614423.0,0.0005
2026-01-05 13:00:00,1767618017.0,0.0005
2026-01-05 14:00:00,1767621617.0,0.0005
2026-01-05 15:00:00,1767625223.0,0.0005
2026-01-05 16:00:00,1767628818.0,0.0005
2026-01-05 17:00:00,1767632444.0,0.0005
2026-01-05 18:00:00,1767636022.0,0.0005
2026-01-05 19:00:00,1767639618.0,0.0005
2026-01-05 20:00:00,1767643218.0,0.0005
2026-01-05 21:00:00,1767646823.0,0.0005
2026-01-05 22:00:00,1767650435.0,0.0005
2026-01-05 23:00:00,1767654018.0,0.0005
2026-01-06 00:00:00,1767657627.0,0.0005
2026-01-06 01:00:00,1767661225.0,0.0005
2026-01-06 02:00:00,1767664822.0,0.0005
2026-01-06 03:00:00,1767668422.0,0.0005
2026-01-06 04:00:00,1767672024.0,0.0005
2026-01-06 05:00:00,1767675619.0,0.0005
2026-01-06 06:00:00,1767679228.0,0.0005
2026-01-06 07:00:00,1767682831.0,0.0005
2026-01-06 08:00:00,1767686426.0,0.0005
2026-01-06 09:00:00,1767690024.0,0.0005
2026-01-06 10:00:00,1767693619.0,0.0005
2026-01-06 11:00:00,1767697225.0,0.0005
2026-01-06 12:00:00,1767700826.0,0.0005
2026-01-06 13:00:00,1767704443.0,0.0005
2026-01-06 14:00:00,1767708023.0,0.0005
2026-01-06 15:00:00,1767711628.0,0.0005
2026-01-06 16:00:00,1767715221.0,0.0005
2026-01-06 17:00:00,1767718828.0,0.0005
2026-01-06 18:00:00,1767722424.0,0.0005
2026-01-06 19:00:00,1767726020.0,0.0005
2026-01-06 20:00:00,1767729621.0,0.0005
2026-01-06 21:00:00,1767733223.0,0.0005
2026-01-06 22:00:00,1767736820.0,0.0005
2026-01-06 23:00:00,1767740445.0,0.0005
2026-01-07 00:00:00,1767744025.0,0.0005
2026-01-07 01:00:00,1767747620.0,0.0005
2026-01-07 02:00:00,1767751220.0,0.0005
2026-01-07 03:00:00,1767754824.0,0.0005
2026-01-07 04:00:00,1767758420.0,0.0005
2026-01-07 05:00:00,1767762020.0,0.0005
2026-01-07 06:00:00,1767765628.0,0.0005
2026-01-07 07:00:00,1767769226.0,0.0005
2026-01-07 08:00:00,1767772823.0,0.0005
2026-01-07 09:00:00,1767776424.0,0.0005
2026-01-07 10:00:00,1767780026.0,0.0005
2026-01-07 11:00:00,1767783619.0,0.0005
2026-01-07 12:00:00,1767787230.0,0.0005
2026-01-07 13:00:00,1767790823.0,0.0005
2026-01-07 14:00:00,1767794420.0,0.001
2026-01-07 15:00:00,1767798029.0,0.001
2026-01-07 16:00:00,1767801623.0,0.0005
2026-01-07 17:00:00,1767805231.0,0.0005
2026-01-07 18:00:00,1767808824.0,0.0005
2026-01-07 19:00:00,1767812423.0,0.0005
2026-01-07 20:00:00,1767816023.0,0.0005
2026-01-07 21:00:00,1767819630.0,0.0005
2026-01-07 22:00:00,1767823226.0,0.0005
2026-01-07 23:00:00,1767826822.0,0.0005
2026-01-08 00:00:00,1767830442.0,0.0005
2026-01-08 01:00:00,1767834037.0,0.0005
2026-01-08 02:00:00,1767837621.0,0.001
2026-01-08 03:00:00,1767841224.0,0.001
2026-01-08 04:00:00,1767844821.0,0.0005
2026-01-08 05:00:00,1767848421.0,0.0005
2026-01-08 06:00:00,1767852024.0,0.0005
2026-01-08 07:00:00,1767855622.0,0.0005
2026-01-08 08:00:00,1767859231.0,0.0005
2026-01-08 09:00:00,1767862824.0,0.0005
2026-01-08 10:00:00,1767866447.0,0.0005
2026-01-08 11:00:00,1767870021.0,0.0005
2026-01-08 12:00:00,1767873653.0,0.0005
2026-01-08 13:00:00,1767877221.0,0.0005
2026-01-08 14:00:00,1767880825.0,0.0005
2026-01-08 15:00:00,1767884424.0,0.0005
2026-01-08 16:00:00,1767888035.0,0.0005
2026-01-08 17:00:00,1767891628.0,0.0005
2026-01-08 18:00:00,1767895224.0,0.0005
2026-01-08 19:00:00,1767898822.0,0.0005
2026-01-08 20:00:00,1767902423.0,0.0005
2026-01-08 21:00:00,1767906025.0,0.0005
2026-01-08 22:00:00,1767909626.0,0.0005
2026-01-08 23:00:00,1767913223.0,0.001
2026-01-09 00:00:00,1767916826.0,0.001
2026-01-09 01:00:00,1767920421.0,0.0005
2026-01-09 02:00:00,1767924021.0,0.001
2026-01-09 03:00:00,1767927626.0,0.0005
2026-01-09 04:00:00,1767931221.0,0.0005
2026-01-09 05:00:00,1767934821.0,0.0005
2026-01-09 06:00:00,1767938425.0,0.0005
2026-01-09 07:00:00,1767942021.0,0.0005
2026-01-09 08:00:00,1767945622.0,0.0005
2026-01-09 09:00:00,1767949224.0,0.0005
2026-01-09 10:00:00,1767952823.0,0.0005
2026-01-09 11:00:00,1767956421.0,0.0005
2026-01-09 12:00:00,1767960040.0,0.0005
2026-01-09 13:00:00,1767963622.0,0.0005
2026-01-09 14:00:00,1767967221.0,0.001
2026-01-09 15:00:00,1767970827.0,0.0005
2026-01-09 16:00:00,1767974423.0,0.0005
2026-01-09 17:00:00,1767978028.0,0.0005
2026-01-09 18:00:00,1767981628.0,0.0005
2026-01-09 19:00:00,1767985223.0,0.0005
2026-01-09 20:00:00,1767988849.0,0.0005
2026-01-09 21:00:00,1767992426.0,0.0005
2026-01-09 22:00:00,1767996023.0,0.0005
2026-01-09 23:00:00,1767999622.0,0.0005
2026-01-10 00:00:00,1768003227.0,0.001
2026-01-10 01:00:00,1768006823.0,0.0005
2026-01-10 02:00:00,1768010420.0,0.0005
2026-01-10 03:00:00,1768014025.0,0.0005
2026-01-10 04:00:00,1768017621.0,0.0005
2026-01-10 05:00:00,1768021221.0,0.0005
2026-01-10 06:00:00,1768024827.0,0.0005
2026-01-10 07:00:00,1768028422.0,0.0005
2026-01-10 08:00:00,1768032036.0,0.0005
2026-01-10 09:00:00,1768035627.0,0.0005
2026-01-10 10:00:00,1768039226.0,0.0005
2026-01-10 11:00:00,1768042823.0,0.0005
2026-01-10 12:00:00,1768046432.0,0.0005
2026-01-10 13:00:00,1768050023.0,0.0005
2026-01-10 14:00:00,1768053626.0,0.0005
2026-01-10 15:00:00,1768057227.0,0.0005
2026-01-10 16:00:00,1768060834.0,0.0005
2026-01-10 17:00:00,1768064427.0,0.0005
2026-01-10 18:00:00,1768068029.0,0.0005
2026-01-10 19:00:00,1768071622.0,0.0005
2026-01-10 20:00:00,1768075223.0,0.0005
2026-01-10 21:00:00,1768078829.0,0.0005
2026-01-10 22:00:00,1768082423.0,0.0005
2026-01-10 23:00:00,1768086048.0,0.0005
2026-01-11 00:00:00,1768089623.0,0.0005
2026-01-11 01:00:00,1768093218.0,0.0005
2026-01-11 02:00:00,1768096831.0,0.0005
2026-01-11 03:00:00,1768100421.0,0.0005
2026-01-11 04:00:00,1768104019.0,0.0005
2026-01-11 05:00:00,1768107615.0,0.0005
2026-01-11 06:00:00,1768111222.0,0.0005
2026-01-11 07:00:00,1768114819.0,0.0005
2026-01-11 08:00:00,1768118419.0,0.0005
2026-01-11 09:00:00,1768122020.0,0.0005
2026-01-11 10:00:00,1768125616.0,0.0005
2026-01-11 11:00:00,1768129241.0,0.0005
2026-01-11 12:00:00,1768132823.0,0.0005
2026-01-11 13:00:00,1768136418.0,0.0005
2026-01-11 14:00:00,1768140020.0,0.0005
2026-01-11 15:00:00,1768143644.0,0.0005
2026-01-11 16:00:00,1768147217.0,0.0005
2026-01-11 17:00:00,1768150846.0,0.0005
2026-01-11 18:00:00,1768154428.0,0.0005
2026-01-11 19:00:00,1768158019.0,0.0005
2026-01-11 20:00:00,1768161625.0,0.0005
2026-01-11 21:00:00,1768165241.0,0.0005
2026-01-11 22:00:00,1768168824.0,0.0005
2026-01-11 23:00:00,1768172419.0,0.0005
2026-01-12 00:00:00,1768176025.0,0.0005
2026-01-12 01:00:00,1768179619.0,0.0005
2026-01-12 02:00:00,1768183229.0,0.0005
2026-01-12 03:00:00,1768186838.0,0.0005
2026-01-12 04:00:00,1768190422.0,0.0005
2026-01-12 05:00:00,1768194019.0,0.0005
2026-01-12 06:00:00,1768197622.0,0.0005
2026-01-12 07:00:00,1768201221.0,0.0005
2026-01-12 08:00:00,1768204821.0,0.0005
2026-01-12 09:00:00,1768208422.0,0.0005
2026-01-12 10:00:00,1768212018.0,0.0005
2026-01-12 11:00:00,1768215629.0,0.0005
2026-01-12 12:00:00,1768219230.0,0.0005
2026-01-12 13:00:00,1768222820.0,0.0005
2026-01-12 14:00:00,1768226418.0,0.0005
2026-01-12 15:00:00,1768230027.0,0.0005
2026-01-12 16:00:00,1768233618.0,0.0005
2026-01-12 17:00:00,1768237221.0,0.0005
2026-01-12 18:00:00,1768240850.0,0.0005
2026-01-12 19:00:00,1768244420.0,0.0005
2026-01-12 20:00:00,1768248026.0,0.0005
2026-01-12 21:00:00,1768251629.0,0.0005
2026-01-12 22:00:00,1768255248.0,0.0005
2026-01-12 23:00:00,1768258825.0,0.0005
2026-01-13 00:00:00,1768262427.0,0.0005
2026-01-13 01:00:00,1768266090.0,0.0005
2026-01-13 02:00:00,1768269619.0,0.0005
2026-01-13 03:00:00,1768273226.0,0.0005
2026-01-13 04:00:00,1768276820.0,0.0005
2026-01-13 05:00:00,1768280420.0,0.0005
2026-01-13 06:00:00,1768284026.0,0.0005
2026-01-13 07:00:00,1768287648.0,0.0005
2026-01-13 08:00:00,1768291235.0,0.0005
2026-01-13 09:00:00,1768294829.0,0.0005
2026-01-13 10:00:00,1768298421.0,0.0005
2026-01-13 11:00:00,1768302021.0,0.0005
2026-01-13 12:00:00,1768305631.0,0.0005
2026-01-13 13:00:00,1768309262.0,0.0005
2026-01-13 14:00:00,1768312835.0,0.0005
2026-01-13 15:00:00,1768316425.0,0.0005
2026-01-13 16:00:00,1768320046.0,0.0005
2026-01-13 17:00:00,1768323634.0,0.0005
2026-01-13 18:00:00,1768327228.0,0.0005
2026-01-13 19:00:00,1768330871.0,0.0005
2026-01-13 20:00:00,1768334421.0,0.0005
2026-01-13 21:00:00,1768338027.0,0.0005
2026-01-13 22:00:00,1768341626.0,0.0005
2026-01-13 23:00:00,1768345223.0,0.0005
2026-01-14 00:00:00,1768348829.0,0.0005
2026-01-14 01:00:00,1768352422.0,0.0005
2026-01-14 02:00:00,1768356023.0,0.0005
2026-01-14 03:00:00,1768359626.0,0.0005
2026-01-14 04:00:00,1768363226.0,0.0005
2026-01-14 05:00:00,1768366827.0,0.0005
2026-01-14 06:00:00,1768370428.0,0.0005
2026-01-14 07:00:00,1768374024.0,0.0005
2026-01-14 08:00:00,1768377637.0,0.0005
2026-01-14 09:00:00,1768381226.0,0.0005
2026-01-14 10:00:00,1768384821.0,0.0005
2026-01-14 11:00:00,1768388421.0,0.0005
2026-01-14 12:00:00,1768392030.0,0.0005
2026-01-14 13:00:00,1768395626.0,0.0005
2026-01-14 14:00:00,1768399222.0,0.0005
2026-01-14 15:00:00,1768402851.0,0.0005
2026-01-14 16:00:00,1768406436.0,0.0005
2026-01-14 17:00:00,1768410028.0,0.0005
2026-01-14 18:00:00,1768413630.0,0.0005
2026-01-14 19:00:00,1768417224.0,0.0005
2026-01-14 20:00:00,1768420824.0,0.0005
2026-01-14 21:00:00,1768424429.0,0.0005
2026-01-14 22:00:00,1768428028.0,0.0005
2026-01-14 23:00:00,1768431624.0,0.0005
2026-01-15 00:00:00,1768435231.0,0.0005
2026-01-15 01:00:00,1768438822.0,0.0005
2026-01-15 02:00:00,1768442423.0,0.0005
2026-01-15 03:00:00,1768446046.0,0.0005
2026-01-15 04:00:00,1768449624.0,0.0005
2026-01-15 05:00:00,1768453223.0,0.0005
2026-01-15 06:00:00,1768456829.0,0.0005
2026-01-15 07:00:00,1768460425.0,0.0005
2026-01-15 08:00:00,1768464023.0,0.0005
2026-01-15 09:00:00,1768467633.0,0.0005
2026-01-15 10:00:00,1768471224.0,0.0005
2026-01-15 11:00:00,1768474823.0,0.0005
2026-01-15 12:00:00,1768478430.0,0.0005
2026-01-15 13:00:00,1768482024.0,0.0005
2026-01-15 14:00:00,1768485623.0,0.0005
2026-01-15 15:00:00,1768489227.0,0.0005
2026-01-15 16:00:00,1768492823.0,0.0005
2026-01-15 17:00:00,1768496431.0,0.0005
2026-01-15 18:00:00,1768500046.0,0.0005
2026-01-15 19:00:00,1768503631.0,0.0005
2026-01-15 20:00:00,1768507227.0,0.0005
2026-01-15 21:00:00,1768510835.0,0.0005
2026-01-15 22:00:00,1768514425.0,0.0005
2026-01-15 23:00:00,1768518026.0,0.0005
2026-01-16 00:00:00,1768521634.0,0.0005
2026-01-16 01:00:00,1768525230.0,0.0005
2026-01-16 02:00:00,1768528825.0,0.0005
2026-01-16 03:00:00,1768532434.0,0.0005
2026-01-16 04:00:00,1768536024.0,0.0005
2026-01-16 05:00:00,1768539624.0,0.0005
2026-01-16 06:00:00,1768543229.0,0.0005
2026-01-16 07:00:00,1768546825.0,0.0005
2026-01-16 08:00:00,1768550425.0,0.0005
2026-01-16 09:00:00,1768554028.0,0.0005
2026-01-16 10:00:00,1768557624.0,0.0005
2026-01-16 11:00:00,1768561223.0,0.0005
2026-01-16 12:00:00,1768564831.0,0.0005
2026-01-16 13:00:00,1768568424.0,0.0005
2026-01-16 14:00:00,1768572024.0,0.0005
2026-01-16 15:00:00,1768575628.0,0.0005
2026-01-16 16:00:00,1768579223.0,0.0005
2026-01-16 17:00:00,1768582828.0,0.0005
2026-01-16 18:00:00,1768586430.0,0.0005
2026-01-16 19:00:00,1768590029.0,0.0005
2026-01-16 20:00:00,1768593625.0,0.0005
2026-01-16 21:00:00,1768597234.0,0.0005
2026-01-16 22:00:00,1768600853.0,0.0005
2026-01-16 23:00:00,1768604425.0,0.0005
2026-01-17 00:00:00,1768608030.0,0.0005
2026-01-17 01:00:00,1768611625.0,0.0005
2026-01-17 02:00:00,1768615224.0,0.0005
2026-01-17 03:00:00,1768618830.0,0.0005
2026-01-17 04:00:00,1768622423.0,0.0005
2026-01-17 05:00:00,1768626024.0,0.0005
2026-01-17 06:00:00,1768629629.0,0.0005
2026-01-17 07:00:00,1768633227.0,0.0005
2026-01-17 08:00:00,1768636824.0,0.0005
2026-01-17 09:00:00,1768640429.0,0.0005
2026-01-17 10:00:00,1768644040.0,0.0005
2026-01-17 11:00:00,1768647624.0,0.0005
2026-01-17 12:00:00,1768651252.0,0.0005
2026-01-17 13:00:00,1768654825.0,0.0005
2026-01-17 14:00:00,1768658454.0,0.0005
2026-01-17 15:00:00,1768662035.0,0.0005
2026-01-17 16:00:00,1768665624.0,0.0005
2026-01-17 17:00:00,1768669240.0,0.0005
2026-01-17 18:00:00,1768672832.0,0.0005
2026-01-17 19:00:00,1768676429.0,0.0005
2026-01-17 20:00:00,1768680052.0,0.0005
2026-01-17 21:00:00,1768683643.0,0.0005
2026-01-17 22:00:00,1768687224.0,0.0005
2026-01-17 23:00:00,1768690825.0,0.0005
2026-01-18 00:00:00,1768694450.0,0.0005
2026-01-18 01:00:00,1768698023.0,0.0005
2026-01-18 02:00:00,1768701655.0,0.0005
2026-01-18 03:00:00,1768705233.0,0.0005
2026-01-18 04:00:00,1768708828.0,0.0005
2026-01-18 05:00:00,1768712435.0,0.0005
2026-01-18 06:00:00,1768716058.0,0.0005
2026-01-18 07:00:00,1768719624.0,0.0005
2026-01-18 08:00:00,1768723263.0,0.0005
2026-01-18 09:00:00,1768726828.0,0.0005
2026-01-18 10:00:00,1768730423.0,0.0005
2026-01-18 11:00:00,1768734026.0,0.0005
2026-01-18 12:00:00,1768737646.0,0.0005
2026-01-18 13:00:00,1768741237.0,0.0005
2026-01-18 14:00:00,1768744825.0,0.0005
2026-01-18 15:00:00,1768748428.0,0.0005
2026-01-18 16:00:00,1768752023.0,0.0005
2026-01-18 17:00:00,1768755647.0,0.001
2026-01-18 18:00:00,1768759246.0,0.001
2026-01-18 19:00:00,1768762824.0,0.0005
2026-01-18 20:00:00,1768766430.0,0.0005
2026-01-18 21:00:00,1768770030.0,0.0005
2026-01-18 22:00:00,1768773623.0,0.0005
2026-01-18 23:00:00,1768777229.0,0.0005
2026-01-19 00:00:00,1768780825.0,0.0005
2026-01-19 01:00:00,1768784511.0,0.0005
2026-01-19 02:00:00,1768788037.0,0.0005
2026-01-19 03:00:00,1768791624.0,0.0005
2026-01-19 04:00:00,1768795224.0,0.0005
2026-01-19 05:00:00,1768798829.0,0.0005
2026-01-19 06:00:00,1768802424.0,0.0005
2026-01-19 07:00:00,1768806042.0,0.0005
2026-01-19 08:00:00,1768809630.0,0.0005
2026-01-19 09:00:00,1768813227.0,0.0005
2026-01-19 10:00:00,1768816818.0,0.0005
2026-01-19 11:00:00,1768820428.0,0.0005
2026-01-19 12:00:00,1768824030.0,0.0005
2026-01-19 13:00:00,1768827618.0,0.0005
2026-01-19 14:00:00,1768831217.0,0.0005
2026-01-19 15:00:00,1768834827.0,0.0005
2026-01-19 16:00:00,1768838419.0,0.0005
2026-01-19 17:00:00,1768842035.0,0.0005
2026-01-19 18:00:00,1768845629.0,0.0005
2026-01-19 19:00:00,1768849220.0,0.0005
2026-01-19 20:00:00,1768852828.0,0.0005
2026-01-19 21:00:00,1768856426.0,0.0005
2026-01-19 22:00:00,1768860025.0,0.0005
2026-01-19 23:00:00,1768863635.0,0.0005
2026-01-20 00:00:00,1768867227.0,0.0005
2026-01-20 01:00:00,1768870819.0,0.0005
2026-01-20 02:00:00,1768874419.0,0.0005
2026-01-20 03:00:00,1768878040.0,0.0005
2026-01-20 04:00:00,1768881647.0,0.0005
2026-01-20 05:00:00,1768885234.0,0.0005
2026-01-20 06:00:00,1768888831.0,0.0005
2026-01-20 07:00:00,1768892421.0,0.0005
2026-01-20 08:00:00,1768896022.0,0.0005
2026-01-20 09:00:00,1768899624.0,0.0005
2026-01-20 10:00:00,1768903225.0,0.0005
2026-01-20 11:00:00,1768906820.0,0.0005
2026-01-20 12:00:00,1768910429.0,0.0005
2026-01-20 13:00:00,1768914021.0,0.0005
2026-01-20 14:00:00,1768917620.0,0.0005
2026-01-20 15:00:00,1768921227.0,0.0005
2026-01-20 16:00:00,1768924820.0,0.0005
2026-01-20 17:00:00,1768928424.0,0.0005
2026-01-20 18:00:00,1768932026.0,0.0005
2026-01-20 19:00:00,1768935620.0,0.0005
2026-01-20 20:00:00,1768939222.0,0.0005
2026-01-20 21:00:00,1768942844.0,0.0005
2026-01-20 22:00:00,1768946421.0,0.0005
2026-01-20 23:00:00,1768950021.0,0.0005
2026-01-21 00:00:00,1768953629.0,0.0005
2026-01-21 01:00:00,1768957220.0,0.0005
2026-01-21 02:00:00,1768960823.0,0.0005
2026-01-21 03:00:00,1768964430.0,0.0005
2026-01-21 04:00:00,1768968021.0,0.0005
2026-01-21 05:00:00,1768971621.0,0.0005
2026-01-21 06:00:00,1768975228.0,0.0005
2026-01-21 07:00:00,1768978824.0,0.0005
2026-01-21 08:00:00,1768982422.0,0.0005
2026-01-21 09:00:00,1768986063.0,0.0005
2026-01-21 10:00:00,1768989624.0,0.0005
2026-01-21 11:00:00,1768993224.0,0.0005
2026-01-21 12:00:00,1768996856.0,0.0005
2026-01-21 13:00:00,1769000422.0,0.0005
2026-01-21 14:00:00,1769004026.0,0.0005
2026-01-21 15:00:00,1769007627.0,0.0005
2026-01-21 16:00:00,1769011226.0,0.0005
2026-01-21 17:00:00,1769014833.0,0.0005
2026-01-21 18:00:00,1769018454.0,0.0005
2026-01-21 19:00:00,1769022037.0,0.0005
2026-01-21 20:00:00,1769025626.0,0.0005
2026-01-21 21:00:00,1769029261.0,0.0005
2026-01-21 22:00:00,1769032824.0,0.0005
2026-01-21 23:00:00,1769036425.0,0.0005
2026-01-22 00:00:00,1769040047.0,0.0005
2026-01-22 01:00:00,1769043623.0,0.0005
2026-01-22 02:00:00,1769047226.0,0.0005
2026-01-22 03:00:00,1769050836.0,0.0005
2026-01-22 04:00:00,1769054422.0,0.0005
2026-01-22 05:00:00,1769058023.0,0.0005
2026-01-22 06:00:00,1769061627.0,0.0005
2026-01-22 07:00:00,1769065225.0,0.0005
2026-01-22 08:00:00,1769068829.0,0.0005
2026-01-22 09:00:00,1769072438.0,0.0005
2026-01-22 10:00:00,1769076024.0,0.0005
2026-01-22 11:00:00,1769079623.0,0.0005
2026-01-22 12:00:00,1769083260.0,0.0005
2026-01-22 13:00:00,1769086824.0,0.0005
2026-01-22 14:00:00,1769090434.0,0.0005
2026-01-22 15:00:00,1769094054.0,0.0005
2026-01-22 16:00:00,1769097624.0,0.0005
2026-01-22 17:00:00,1769101229.0,0.0005
2026-01-22 18:00:00,1769104854.0,0.0005
2026-01-22 19:00:00,1769108424.0,0.0005
2026-01-22 20:00:00,1769112026.0,0.0005
2026-01-22 21:00:00,1769115641.0,0.0005
2026-01-22 22:00:00,1769119225.0,0.0005
2026-01-22 23:00:00,1769122825.0,0.0005
2026-01-23 00:00:00,1769126447.0,0.0005
2026-01-23 01:00:00,1769130023.0,0.0005
2026-01-23 02:00:00,1769133625.0,0.0005
2026-01-23 03:00:00,1769137244.0,0.0005
2026-01-23 04:00:00,1769140825.0,0.0005
2026-01-23 05:00:00,1769144422.0,0.0005
2026-01-23 06:00:00,1769148030.0,0.0005
2026-01-23 07:00:00,1769151625.0,0.0005
2026-01-23 08:00:00,1769155226.0,0.0005
2026-01-23 09:00:00,1769158831.0,0.0005
2026-01-23 10:00:00,1769162451.0,0.0005
2026-01-23 11:00:00,1769166026.0,0.0005
2026-01-23 12:00:00,1769169667.0,0.0005
2026-01-23 13:00:00,1769173223.0,0.0005
2026-01-23 14:00:00,1769176824.0,0.0005
2026-01-23 15:00:00,1769180431.0,0.0005
2026-01-23 16:00:00,1769184023.0,0.0005
2026-01-23 17:00:00,1769187647.0,0.0005
2026-01-23 18:00:00,1769191261.0,0.0005
2026-01-23 19:00:00,1769194826.0,0.0005
2026-01-23 20:00:00,1769198426.0,0.0005
2026-01-23 21:00:00,1769202031.0,0.0005
2026-01-23 22:00:00,1769205630.0,0.0005
2026-01-23 23:00:00,1769209231.0,0.0005
2026-01-24 00:00:00,1769212847.0,0.0005
2026-01-24 01:00:00,1769216426.0,0.0005
2026-01-24 02:00:00,1769220029.0,0.0005
2026-01-24 03:00:00,1769223664.0,0.0005
2026-01-24 04:00:00,1769227224.0,0.0005
2026-01-24 05:00:00,1769230848.0,0.0005
2026-01-24 06:00:00,1769234464.0,0.0005
2026-01-24 07:00:00,1769238026.0,0.0005
2026-01-24 08:00:00,1769241629.0,0.0005
2026-01-24 09:00:00,1769245241.0,0.0005
2026-01-24 10:00:00,1769248840.0,0.0005
2026-01-24 11:00:00,1769252432.0,0.0005
2026-01-24 12:00:00,1769256047.0,0.0005
2026-01-24 13:00:00,1769259625.0,0.0005
2026-01-24 14:00:00,1769263237.0,0.0005
2026-01-24 15:00:00,1769266835.0,0.0005
2026-01-24 16:00:00,1769270426.0,0.0005
2026-01-24 17:00:00,1769274032.0,0.0005
2026-01-24 18:00:00,1769277632.0,0.0005
2026-01-24 19:00:00,1769281227.0,0.0005
2026-01-24 20:00:00,1769284826.0,0.0005
2026-01-24 21:00:00,1769288442.0,0.0005
2026-01-24 22:00:00,1769292025.0,0.0005
2026-01-24 23:00:00,1769295625.0,0.0005
2026-01-25 00:00:00,1769299251.0,0.0005
2026-01-25 01:00:00,1769302824.0,0.0005
2026-01-25 02:00:00,1769306423.0,0.0005
2026-01-25 03:00:00,1769310038.0,0.0005
2026-01-25 04:00:00,1769313623.0,0.0005
2026-01-25 05:00:00,1769317223.0,0.0005
2026-01-25 06:00:00,1769320827.0,0.0005
2026-01-25 07:00:00,1769324428.0,0.0005
2026-01-25 08:00:00,1769328025.0,0.0005
2026-01-25 09:00:00,1769331664.0,0.0005
2026-01-25 10:00:00,1769335252.0,0.0005
2026-01-25 11:00:00,1769338824.0,0.0005
2026-01-25 12:00:00,1769342468.0,0.0005
2026-01-25 13:00:00,1769346036.0,0.0005
2026-01-25 14:00:00,1769349627.0,0.0005
2026-01-25 15:00:00,1769353233.0,0.0005
2026-01-25 16:00:00,1769356852.0,0.0005
2026-01-25 17:00:00,1769360441.0,0.0005
2026-01-25 18:00:00,1769364038.0,0.0005
2026-01-25 19:00:00,1769367624.0,0.0005
2026-01-25 20:00:00,1769371225.0,0.0005
2026-01-25 21:00:00,1769374838.0,0.0005
2026-01-25 22:00:00,1769378430.0,0.0005
2026-01-25 23:00:00,1769382025.0,0.0005
2026-01-26 00:00:00,1769385650.0,0.0005
2026-01-26 01:00:00,1769389223.0,0.0005
2026-01-26 02:00:00,1769392830.0,0.0005
2026-01-26 03:00:00,1769396430.0,0.0005
2026-01-26 04:00:00,1769400024.0,0.0005
2026-01-26 05:00:00,1769403623.0,0.0005
2026-01-26 06:00:00,1769407242.0,0.0005
2026-01-26 07:00:00,1769410826.0,0.0005
2026-01-26 08:00:00,1769414425.0,0.0005
2026-01-26 09:00:00,1769418042.0,0.0005
2026-01-26 10:00:00,1769421624.0,0.0005
2026-01-26 11:00:00,1769425230.0,0.0005
2026-01-26 12:00:00,1769428845.0,0.0005
2026-01-26 13:00:00,1769432428.0,0.0005
2026-01-26 14:00:00,1769436024.0,0.0005
2026-01-26 15:00:00,1769439631.0,0.0005
2026-01-26 16:00:00,1769443226.0,0.0005
2026-01-26 17:00:00,1769446833.0,0.0005
2026-01-26 18:00:00,1769450439.0,0.0005
2026-01-26 19:00:00,1769454026.0,0.0005
2026-01-26 20:00:00,1769457632.0,0.0005
2026-01-26 21:00:00,1769461234.0,0.0005
2026-01-26 22:00:00,1769464825.0,0.0005
2026-01-26 23:00:00,1769468426.0,0.0005
2026-01-27 00:00:00,1769472043.0,0.0005
2026-01-27 01:00:00,1769475619.0,0.0005
2026-01-27 02:00:00,1769479219.0,0.0005
2026-01-27 03:00:00,1769482829.0,0.0005
2026-01-27 04:00:00,1769486422.0,0.0005
2026-01-27 05:00:00,1769490020.0,0.0005
2026-01-27 06:00:00,1769493622.0,0.0005
2026-01-27 07:00:00,1769497228.0,0.0005
2026-01-27 08:00:00,1769500823.0,0.0005
2026-01-27 09:00:00,1769504423.0,0.0005
2026-01-27 10:00:00,1769508029.0,0.0005
2026-01-27 11:00:00,1769511621.0,0.0005
2026-01-27 12:00:00,1769515229.0,0.0005
2026-01-27 13:00:00,1769518834.0,0.0005
2026-01-27 14:00:00,1769522421.0,0.0005
2026-01-27 15:00:00,1769526023.0,0.0005
2026-01-27 16:00:00,1769529621.0,0.0005
2026-01-27 17:00:00,1769533221.0,0.0005
2026-01-27 18:00:00,1769536824.0,0.0005
2026-01-27 19:00:00,1769540422.0,0.0005
2026-01-27 20:00:00,1769544020.0,0.0005
2026-01-27 21:00:00,1769547624.0,0.0005
2026-01-27 22:00:00,1769551221.0,0.0005
2026-01-27 23:00:00,1769554823.0,0.0005
2026-01-28 00:00:00,1769558431.0,0.0005
2026-01-28 01:00:00,1769562041.0,0.0005
2026-01-28 02:00:00,1769565627.0,0.0005
2026-01-28 03:00:00,1769569229.0,0.0005
2026-01-28 04:00:00,1769572852.0,0.0005
2026-01-28 05:00:00,1769576422.0,0.0005
2026-01-28 06:00:00,1769580024.0,0.0005
2026-01-28 07:00:00,1769583623.0,0.0005
2026-01-28 08:00:00,1769587222.0,0.0005
2026-01-28 09:00:00,1769590831.0,0.0005
2026-01-28 10:00:00,1769594458.0,0.0005
2026-01-28 11:00:00,1769598022.0,0.0005
2026-01-28 12:00:00,1769601633.0,0.0005
2026-01-28 13:00:00,1769605251.0,0.0005
2026-01-28 14:00:00,1769608823.0,0.0005
2026-01-28 15:00:00,1769612425.0,0.0005
2026-01-28 16:00:00,1769616023.0,0.0005
2026-01-28 17:00:00,1769619628.0,0.0005
2026-01-28 18:00:00,1769623257.0,0.0005
2026-01-28 19:00:00,1769626824.0,0.0005
2026-01-28 20:00:00,1769630431.0,0.0005
2026-01-28 21:00:00,1769634026.0,0.0005
2026-01-28 22:00:00,1769637624.0,0.0005
2026-01-28 23:00:00,1769641224.0,0.0005
2026-01-29 00:00:00,1769644846.0,0.0005
2026-01-29 01:00:00,1769648423.0,0.0005
2026-01-29 02:00:00,1769652024.0,0.0005
2026-01-29 03:00:00,1769655629.0,0.0005
2026-01-29 04:00:00,1769659225.0,0.0005
2026-01-29 05:00:00,1769662824.0,0.0005
2026-01-29 06:00:00,1769666428.0,0.0005
2026-01-29 07:00:00,1769670027.0,0.0005
2026-01-29 08:00:00,1769673625.0,0.0005
2026-01-29 09:00:00,1769677229.0,0.0005
2026-01-29 10:00:00,1769680830.0,0.0005
2026-01-29 11:00:00,1769684426.0,0.0005
2026-01-29 12:00:00,1769688038.0,0.0005
2026-01-29 13:00:00,1769691626.0,0.0005
2026-01-29 14:00:00,1769695225.0,0.0005
2026-01-29 15:00:00,1769698828.0,0.0005
2026-01-29 16:00:00,1769702425.0,0.0005
2026-01-29 17:00:00,1769706025.0,0.0005
2026-01-29 18:00:00,1769709629.0,0.0005
2026-01-29 19:00:00,1769713226.0,0.0005
2026-01-29 20:00:00,1769716837.0,0.0005
2026-01-29 21:00:00,1769720431.0,0.0005
2026-01-29 22:00:00,1769724027.0,0.0005
2026-01-29 23:00:00,1769727627.0,0.0005
2026-01-30 00:00:00,1769731236.0,0.0005
2026-01-30 01:00:00,1769734826.0,0.0005
2026-01-30 02:00:00,1769738427.0,0.0005
2026-01-30 03:00:00,1769742030.0,0.0005
2026-01-30 04:00:00,1769745627.0,0.0005
2026-01-30 05:00:00,1769749226.0,0.0005
2026-01-30 06:00:00,1769752829.0,0.0005
2026-01-30 07:00:00,1769756427.0,0.0005
2026-01-30 08:00:00,1769760026.0,0.0005
2026-01-30 09:00:00,1769763662.0,0.0005
2026-01-30 10:00:00,1769767227.0,0.0005
2026-01-30 11:00:00,1769770859.0,0.0005
2026-01-30 12:00:00,1769774453.0,0.0005
2026-01-30 13:00:00,1769778027.0,0.0005
2026-01-30 14:00:00,1769781627.0,0.0005
2026-01-30 15:00:00,1769785231.0,0.0005
2026-01-30 16:00:00,1769788828.0,0.0005
2026-01-30 17:00:00,1769792432.0,0.0005
2026-01-30 18:00:00,1769796030.0,0.0005
2026-01-30 19:00:00,1769799628.0,0.0005
2026-01-30 20:00:00,1769803229.0,0.0005
2026-01-30 21:00:00,1769806832.0,0.0005
2026-01-30 22:00:00,1769810434.0,0.0005
2026-01-30 23:00:00,1769814027.0,0.0005
2026-01-31 00:00:00,1769817637.0,0.0005
2026-01-31 01:00:00,1769821227.0,0.0005
2026-01-31 02:00:00,1769824827.0,0.0005
2026-01-31 03:00:00,1769828430.0,0.0005
2026-01-31 04:00:00,1769832028.0,0.0005
2026-01-31 05:00:00,1769835628.0,0.0005
2026-01-31 06:00:00,1769839231.0,0.0005
2026-01-31 07:00:00,1769842829.0,0.0005
2026-01-31 08:00:00,1769846428.0,0.0005
2026-01-31 09:00:00,1769850062.0,0.0005
2026-01-31 10:00:00,1769853629.0,0.0005
2026-01-31 11:00:00,1769857227.0,0.0005
2026-01-31 12:00:00,1769860843.0,0.0005
2026-01-31 13:00:00,1769864429.0,0.0005
2026-01-31 14:00:00,1769868027.0,0.0005
2026-01-31 15:00:00,1769871634.0,0.0005
2026-01-31 16:00:00,1769875227.0,0.0005
2026-01-31 17:00:00,1769878855.0,0.0005
2026-01-31 18:00:00,1769882435.0,0.0005
2026-01-31 19:00:00,1769886032.0,0.0005
2026-01-31 20:00:00,1769889628.0,0.0005
2026-01-31 21:00:00,1769893248.0,0.0005
2026-01-31 22:00:00,1769896859.0,0.0005
2026-01-31 23:00:00,1769900427.0,0.0005
2026-02-01 00:00:00,1769904045.0,0.0005
2026-02-01 01:00:00,1769907756.0,0.0005
2026-02-01 02:00:00,1769911225.0,0.0005
2026-02-01 03:00:00,1769914832.0,0.0005
