time_utc,t,p
2025-08-05 17:00:00,1754415850.0,0.45
2025-08-05 18:00:00,1754416808.0,0.245
2025-08-05 19:00:00,1754420409.0,0.145
2025-08-05 20:00:00,1754424009.0,0.0225
2025-08-05 21:00:00,1754427610.0,0.023
2025-08-05 22:00:00,1754431209.0,0.0225
2025-08-05 23:00:00,1754434808.0,0.0185
2025-08-06 00:00:00,1754438409.0,0.0185
2025-08-06 01:00:00,1754442009.0,0.0185
2025-08-06 02:00:00,1754445610.0,0.0175
2025-08-06 03:00:00,1754449209.0,0.0135
2025-08-06 04:00:00,1754452810.0,0.0135
2025-08-06 05:00:00,1754456410.0,0.013
2025-08-06 06:00:00,1754460009.0,0.013
2025-08-06 07:00:00,1754463609.0,0.017
2025-08-06 08:00:00,1754467209.0,0.0165
2025-08-06 09:00:00,1754470809.0,0.0165
2025-08-06 10:00:00,1754474409.0,0.017
2025-08-06 11:00:00,1754478009.0,0.017
2025-08-06 12:00:00,1754481608.0,0.017
2025-08-06 13:00:00,1754485209.0,0.0165
2025-08-06 14:00:00,1754488809.0,0.017
2025-08-06 15:00:00,1754492410.0,0.017
2025-08-06 16:00:00,1754496009.0,0.017
2025-08-06 17:00:00,1754499608.0,0.017
2025-08-06 18:00:00,1754503209.0,0.015
2025-08-06 19:00:00,1754506806.0,0.015
2025-08-06 20:00:00,1754510414.0,0.015
2025-08-06 21:00:00,1754514002.0,0.013
2025-08-06 22:00:00,1754517610.0,0.0055
2025-08-06 23:00:00,1754521209.0,0.0055
2025-08-07 00:00:00,1754524802.0,0.0055
2025-08-07 01:00:00,1754528410.0,0.0055
2025-08-07 02:00:00,1754532013.0,0.0055
2025-08-07 03:00:00,1754535604.0,0.0055
2025-08-07 04:00:00,1754539208.0,0.0055
2025-08-07 05:00:00,1754542810.0,0.0055
2025-08-07 06:00:00,1754546408.0,0.0055
2025-08-07 07:00:00,1754550010.0,0.0055
2025-08-07 08:00:00,1754553611.0,0.0055
2025-08-07 09:00:00,1754557208.0,0.0055
2025-08-07 10:00:00,1754560813.0,0.0055
2025-08-07 11:00:00,1754564403.0,0.0055
2025-08-07 12:00:00,1754568004.0,0.0055
2025-08-07 13:00:00,1754571608.0,0.0055
2025-08-07 14:00:00,1754575203.0,0.0055
2025-08-07 15:00:00,1754578806.0,0.0055
2025-08-07 16:00:00,1754582411.0,0.0055
2025-08-07 17:00:00,1754586002.0,0.0055
2025-08-07 18:00:00,1754589613.0,0.0125
2025-08-07 19:00:00,1754593212.0,0.0135
2025-08-07 20:00:00,1754596809.0,0.0135
2025-08-07 21:00:00,1754600402.0,0.0135
2025-08-07 22:00:00,1754604013.0,0.0125
2025-08-07 23:00:00,1754607610.0,0.0115
2025-08-08 00:00:00,1754611209.0,0.0115
2025-08-08 01:00:00,1754614809.0,0.0125
2025-08-08 02:00:00,1754618405.0,0.012
2025-08-08 03:00:00,1754622007.0,0.0115
2025-08-08 04:00:00,1754625607.0,0.011
2025-08-08 05:00:00,1754629207.0,0.0115
2025-08-08 06:00:00,1754632805.0,0.0115
2025-08-08 07:00:00,1754636402.0,0.011
2025-08-08 08:00:00,1754640014.0,0.011
2025-08-08 09:00:00,1754643609.0,0.0105
2025-08-08 10:00:00,1754647202.0,0.012
2025-08-08 11:00:00,1754650805.0,0.011
2025-08-08 12:00:00,1754654411.0,0.013
2025-08-08 13:00:00,1754658006.0,0.012
2025-08-08 14:00:00,1754661610.0,0.012
2025-08-08 15:00:00,1754665203.0,0.013
2025-08-08 16:00:00,1754668814.0,0.014
2025-08-08 17:00:00,1754672402.0,0.012
2025-08-08 18:00:00,1754676003.0,0.0115
2025-08-08 19:00:00,1754679605.0,0.0125
2025-08-08 20:00:00,1754683212.0,0.014
2025-08-08 21:00:00,1754686805.0,0.0135
2025-08-08 22:00:00,1754690415.0,0.013
2025-08-08 23:00:00,1754694006.0,0.013
2025-08-09 00:00:00,1754697612.0,0.0125
2025-08-09 01:00:00,1754701209.0,0.0135
2025-08-09 02:00:00,1754704809.0,0.01
2025-08-09 03:00:00,1754708404.0,0.0095
2025-08-09 04:00:00,1754712005.0,0.0095
2025-08-09 05:00:00,1754715616.0,0.0095
2025-08-09 06:00:00,1754719208.0,0.0095
2025-08-09 07:00:00,1754722816.0,0.0095
2025-08-09 08:00:00,1754726411.0,0.0095
2025-08-09 09:00:00,1754730009.0,0.009
2025-08-09 10:00:00,1754733609.0,0.0095
2025-08-09 11:00:00,1754737202.0,0.0095
2025-08-09 12:00:00,1754740820.0,0.0095
2025-08-09 13:00:00,1754744408.0,0.0095
2025-08-09 14:00:00,1754748002.0,0.009
2025-08-09 15:00:00,1754751611.0,0.0095
2025-08-09 16:00:00,1754755209.0,0.0095
2025-08-09 17:00:00,1754758812.0,0.0095
2025-08-09 18:00:00,1754762415.0,0.0095
2025-08-09 19:00:00,1754766013.0,0.0095
2025-08-09 20:00:00,1754769608.0,0.0095
2025-08-09 21:00:00,1754773216.0,0.008
2025-08-09 22:00:00,1754776808.0,0.0085
2025-08-09 23:00:00,1754780405.0,0.0085
2025-08-10 00:00:00,1754784006.0,0.0085
2025-08-10 01:00:00,1754787607.0,0.0085
2025-08-10 02:00:00,1754791211.0,0.0085
2025-08-10 03:00:00,1754794804.0,0.0085
2025-08-10 04:00:00,1754798403.0,0.0085
2025-08-10 05:00:00,1754802014.0,0.0085
2025-08-10 06:00:00,1754805608.0,0.0085
2025-08-10 07:00:00,1754809216.0,0.0085
2025-08-10 08:00:00,1754812815.0,0.0085
2025-08-10 09:00:00,1754816421.0,0.008
2025-08-10 10:00:00,1754820003.0,0.0085
2025-08-10 11:00:00,1754823605.0,0.0085
2025-08-10 12:00:00,1754827205.0,0.0085
2025-08-10 13:00:00,1754830810.0,0.0085
2025-08-10 14:00:00,1754834412.0,0.008
2025-08-10 15:00:00,1754838009.0,0.0085
2025-08-10 16:00:00,1754841610.0,0.008
2025-08-10 17:00:00,1754845212.0,0.0085
2025-08-10 18:00:00,1754848816.0,0.0085
2025-08-10 19:00:00,1754852414.0,0.0085
2025-08-10 20:00:00,1754856009.0,0.0085
2025-08-10 21:00:00,1754859608.0,0.007
2025-08-10 22:00:00,1754863214.0,0.007
2025-08-10 23:00:00,1754866803.0,0.007
2025-08-11 00:00:00,1754870407.0,0.007
2025-08-11 01:00:00,1754874011.0,0.007
2025-08-11 02:00:00,1754877611.0,0.007
2025-08-11 03:00:00,1754881213.0,0.007
2025-08-11 04:00:00,1754884812.0,0.007
2025-08-11 05:00:00,1754888403.0,0.007
2025-08-11 06:00:00,1754892007.0,0.007
2025-08-11 07:00:00,1754895617.0,0.007
2025-08-11 08:00:00,1754899212.0,0.007
2025-08-11 09:00:00,1754902818.0,0.007
2025-08-11 10:00:00,1754906407.0,0.007
2025-08-11 11:00:00,1754910008.0,0.007
2025-08-11 12:00:00,1754913602.0,0.007
2025-08-11 13:00:00,1754917202.0,0.007
2025-08-11 14:00:00,1754920814.0,0.007
2025-08-11 15:00:00,1754924415.0,0.007
2025-08-11 16:00:00,1754928004.0,0.007
2025-08-11 17:00:00,1754931608.0,0.007
2025-08-11 18:00:00,1754935212.0,0.007
2025-08-11 19:00:00,1754938806.0,0.007
2025-08-11 20:00:00,1754942408.0,0.007
2025-08-11 21:00:00,1754946012.0,0.007
2025-08-11 22:00:00,1754949607.0,0.007
2025-08-11 23:00:00,1754953210.0,0.007
2025-08-12 00:00:00,1754956806.0,0.007
2025-08-12 01:00:00,1754960406.0,0.007
2025-08-12 02:00:00,1754964004.0,0.007
2025-08-12 03:00:00,1754967612.0,0.007
2025-08-12 04:00:00,1754971213.0,0.007
2025-08-12 05:00:00,1754974812.0,0.007
2025-08-12 06:00:00,1754978416.0,0.007
2025-08-12 07:00:00,1754982013.0,0.007
2025-08-12 08:00:00,1754985609.0,0.007
2025-08-12 09:00:00,1754989213.0,0.007
2025-08-12 10:00:00,1754992811.0,0.007
2025-08-12 11:00:00,1754996412.0,0.007
2025-08-12 12:00:00,1755000005.0,0.007
2025-08-12 13:00:00,1755003604.0,0.007
2025-08-12 14:00:00,1755007204.0,0.007
2025-08-12 15:00:00,1755010802.0,0.007
2025-08-12 16:00:00,1755014407.0,0.007
2025-08-12 17:00:00,1755018005.0,0.007
2026-02-01 04:00:00,1769921296.0,0.0015
2025-08-12 18:00:00,1755021616.0,0.007
2025-08-12 19:00:00,1755025212.0,0.0065
2025-08-12 20:00:00,1755028809.0,0.0065
2025-08-12 21:00:00,1755032416.0,0.007
2025-08-12 22:00:00,1755036013.0,0.007
2025-08-12 23:00:00,1755039606.0,0.006
2025-08-13 00:00:00,1755043205.0,0.006
2025-08-13 01:00:00,1755046802.0,0.006
2025-08-13 02:00:00,1755050413.0,0.006
2025-08-13 03:00:00,1755054014.0,0.006
2025-08-13 04:00:00,1755057613.0,0.006
2025-08-13 05:00:00,1755061211.0,0.006
2025-08-13 06:00:00,1755064808.0,0.006
2025-08-13 07:00:00,1755068409.0,0.006
2025-08-13 08:00:00,1755072003.0,0.006
2025-08-13 09:00:00,1755075614.0,0.006
2025-08-13 10:00:00,1755079203.0,0.006
2025-08-13 11:00:00,1755082805.0,0.006
2025-08-13 12:00:00,1755086415.0,0.006
2025-08-13 13:00:00,1755090018.0,0.006
2025-08-13 14:00:00,1755093606.0,0.006
2025-08-13 15:00:00,1755097208.0,0.006
2025-08-13 16:00:00,1755100807.0,0.006
2025-08-13 17:00:00,1755104402.0,0.006
2025-08-13 18:00:00,1755108009.0,0.006
2025-08-13 19:00:00,1755111610.0,0.006
2025-08-13 20:00:00,1755115213.0,0.006
2025-08-13 21:00:00,1755118815.0,0.006
2025-08-13 22:00:00,1755122414.0,0.006
2025-08-13 23:00:00,1755126006.0,0.006
2025-08-14 00:00:00,1755129606.0,0.006
2025-08-14 01:00:00,1755133204.0,0.006
2025-08-14 02:00:00,1755136804.0,0.006
2025-08-14 03:00:00,1755140415.0,0.006
2025-08-14 04:00:00,1755144004.0,0.006
2025-08-14 05:00:00,1755147612.0,0.006
2025-08-14 06:00:00,1755151203.0,0.006
2025-08-14 07:00:00,1755154811.0,0.006
2025-08-14 08:00:00,1755158406.0,0.006
2025-08-14 09:00:00,1755162011.0,0.006
2025-08-14 10:00:00,1755165609.0,0.006
2025-08-14 11:00:00,1755169209.0,0.006
2025-08-14 12:00:00,1755172817.0,0.006
2025-08-14 13:00:00,1755176405.0,0.006
2025-08-14 14:00:00,1755180014.0,0.006
2025-08-14 15:00:00,1755183617.0,0.006
2025-08-14 16:00:00,1755187205.0,0.006
2025-08-14 17:00:00,1755190807.0,0.006
2025-08-14 18:00:00,1755194405.0,0.006
2025-08-14 19:00:00,1755198013.0,0.006
2025-08-14 20:00:00,1755201609.0,0.006
2025-08-14 21:00:00,1755205217.0,0.006
2025-08-14 22:00:00,1755208808.0,0.0055
2025-08-14 23:00:00,1755212415.0,0.006
2025-08-15 00:00:00,1755216008.0,0.0055
2025-08-15 01:00:00,1755219609.0,0.006
2025-08-15 02:00:00,1755223211.0,0.006
2025-08-15 03:00:00,1755226816.0,0.006
2025-08-15 04:00:00,1755230412.0,0.006
2025-08-15 05:00:00,1755234010.0,0.006
2025-08-15 06:00:00,1755237612.0,0.006
2025-08-15 07:00:00,1755241211.0,0.006
2025-08-15 08:00:00,1755244804.0,0.006
2025-08-15 09:00:00,1755248403.0,0.006
2025-08-15 10:00:00,1755252010.0,0.0055
2025-08-15 11:00:00,1755255607.0,0.006
2025-08-15 12:00:00,1755259217.0,0.006
2025-08-15 13:00:00,1755262806.0,0.006
2025-08-15 14:00:00,1755266406.0,0.006
2025-08-15 15:00:00,1755270013.0,0.0055
2025-08-15 16:00:00,1755273606.0,0.006
2025-08-15 17:00:00,1755277202.0,0.006
2025-08-15 18:00:00,1755280806.0,0.0055
2025-08-15 19:00:00,1755284404.0,0.0055
2025-08-15 20:00:00,1755288003.0,0.005
2025-08-15 21:00:00,1755291609.0,0.005
2025-08-15 22:00:00,1755295213.0,0.005
2025-08-15 23:00:00,1755298803.0,0.005
2025-08-16 00:00:00,1755302404.0,0.005
2025-08-16 01:00:00,1755306002.0,0.005
2025-08-16 02:00:00,1755309613.0,0.005
2025-08-16 03:00:00,1755313204.0,0.005
2025-08-16 04:00:00,1755316812.0,0.005
2025-08-16 05:00:00,1755320412.0,0.005
2025-08-16 06:00:00,1755324004.0,0.005
2025-08-16 07:00:00,1755327617.0,0.005
2025-08-16 08:00:00,1755331204.0,0.005
2025-08-16 09:00:00,1755334814.0,0.005
2025-08-16 10:00:00,1755338416.0,0.005
2025-08-16 11:00:00,1755342005.0,0.005
2025-08-16 12:00:00,1755345605.0,0.005
2025-08-16 13:00:00,1755349203.0,0.005
2025-08-16 14:00:00,1755352810.0,0.003
2025-08-16 15:00:00,1755356408.0,0.003
2025-08-16 16:00:00,1755360013.0,0.003
2025-08-16 17:00:00,1755363604.0,0.003
2025-08-16 18:00:00,1755367204.0,0.003
2025-08-16 19:00:00,1755370812.0,0.003
2025-08-16 20:00:00,1755374414.0,0.003
2025-08-16 21:00:00,1755378005.0,0.003
2025-08-16 22:00:00,1755381604.0,0.003
2025-08-16 23:00:00,1755385210.0,0.003
2025-08-17 00:00:00,1755388805.0,0.003
2025-08-17 01:00:00,1755392402.0,0.003
2025-08-17 02:00:00,1755396012.0,0.003
2025-08-17 03:00:00,1755399616.0,0.003
2025-08-17 04:00:00,1755403214.0,0.003
2025-08-17 05:00:00,1755406806.0,0.003
2025-08-17 06:00:00,1755410412.0,0.003
2025-08-17 07:00:00,1755414012.0,0.003
2025-08-17 08:00:00,1755417603.0,0.003
2025-08-17 09:00:00,1755421214.0,0.003
2025-08-17 10:00:00,1755424808.0,0.003
2025-08-17 11:00:00,1755428414.0,0.003
2025-08-17 12:00:00,1755432010.0,0.003
2025-08-17 13:00:00,1755435613.0,0.003
2025-08-17 14:00:00,1755439202.0,0.003
2025-08-17 15:00:00,1755442803.0,0.003
2025-08-17 16:00:00,1755446412.0,0.003
2025-08-17 17:00:00,1755450009.0,0.003
2025-08-17 18:00:00,1755453618.0,0.003
2025-08-17 19:00:00,1755457202.0,0.003
2025-08-17 20:00:00,1755460802.0,0.003
2025-08-17 21:00:00,1755464410.0,0.003
2025-08-17 22:00:00,1755468007.0,0.003
2025-08-17 23:00:00,1755471613.0,0.003
2025-08-18 00:00:00,1755475209.0,0.003
2025-08-18 01:00:00,1755478805.0,0.003
2025-08-18 02:00:00,1755482404.0,0.003
2025-08-18 03:00:00,1755486005.0,0.003
2025-08-18 04:00:00,1755489610.0,0.003
2025-08-18 05:00:00,1755493202.0,0.003
2025-08-18 06:00:00,1755496811.0,0.003
2025-08-18 07:00:00,1755500410.0,0.003
2025-08-18 08:00:00,1755504010.0,0.003
2025-08-18 09:00:00,1755507611.0,0.003
2025-08-18 10:00:00,1755511206.0,0.003
2025-08-18 11:00:00,1755514808.0,0.003
2025-08-18 12:00:00,1755518414.0,0.003
2025-08-18 13:00:00,1755522008.0,0.003
2025-08-18 14:00:00,1755525607.0,0.003
2025-08-18 15:00:00,1755529212.0,0.003
2025-08-18 16:00:00,1755532817.0,0.003
2025-08-18 17:00:00,1755536413.0,0.003
2025-08-18 18:00:00,1755540013.0,0.0025
2025-08-18 19:00:00,1755543609.0,0.0025
2025-08-18 20:00:00,1755547214.0,0.0025
2025-08-18 21:00:00,1755550813.0,0.0025
2025-08-18 22:00:00,1755554411.0,0.0025
2025-08-18 23:00:00,1755558010.0,0.0025
2025-08-19 00:00:00,1755561606.0,0.0025
2025-08-19 01:00:00,1755565214.0,0.0025
2025-08-19 02:00:00,1755568813.0,0.0025
2025-08-19 03:00:00,1755572418.0,0.0025
2025-08-19 04:00:00,1755576003.0,0.0025
2025-08-19 05:00:00,1755579605.0,0.0025
2025-08-19 06:00:00,1755583209.0,0.0025
2025-08-19 07:00:00,1755586802.0,0.0025
2025-08-19 08:00:00,1755590413.0,0.0025
2025-08-19 09:00:00,1755594022.0,0.0025
2025-08-19 10:00:00,1755597610.0,0.0025
2025-08-19 11:00:00,1755601218.0,0.0025
2025-08-19 12:00:00,1755604812.0,0.0025
2025-08-19 13:00:00,1755608411.0,0.0025
2025-08-19 14:00:00,1755612016.0,0.0025
2025-08-19 15:00:00,1755615615.0,0.0025
2025-08-19 16:00:00,1755619209.0,0.0025
2025-08-19 17:00:00,1755622817.0,0.0025
2025-08-19 18:00:00,1755626413.0,0.0025
2025-08-19 19:00:00,1755630012.0,0.0025
2025-08-19 20:00:00,1755633604.0,0.0025
2025-08-19 21:00:00,1755637208.0,0.0025
2025-08-19 22:00:00,1755640812.0,0.005
2025-08-19 23:00:00,1755644416.0,0.006
2025-08-20 00:00:00,1755648004.0,0.0055
2025-08-20 01:00:00,1755651605.0,0.006
2025-08-20 02:00:00,1755655211.0,0.0065
2025-08-20 03:00:00,1755658812.0,0.0065
2025-08-20 04:00:00,1755662413.0,0.0065
2025-08-20 05:00:00,1755666007.0,0.0065
2025-08-20 06:00:00,1755669608.0,0.0065
2025-08-20 07:00:00,1755673203.0,0.0065
2025-08-20 08:00:00,1755676805.0,0.0065
2025-08-20 09:00:00,1755680413.0,0.006
2025-08-20 10:00:00,1755684004.0,0.006
2025-08-20 11:00:00,1755687605.0,0.007
2025-08-20 12:00:00,1755691202.0,0.007
2025-08-20 13:00:00,1755694804.0,0.007
2025-08-20 14:00:00,1755698405.0,0.007
2025-08-20 15:00:00,1755702014.0,0.007
2025-08-20 16:00:00,1755705612.0,0.007
2025-08-20 17:00:00,1755709202.0,0.007
2025-08-20 18:00:00,1755712804.0,0.007
2025-08-20 19:00:00,1755716405.0,0.007
2025-08-20 20:00:00,1755720004.0,0.007
2025-08-20 21:00:00,1755723614.0,0.007
2025-08-20 22:00:00,1755727208.0,0.007
2025-08-20 23:00:00,1755730807.0,0.007
2025-08-21 00:00:00,1755734408.0,0.0065
2025-08-21 01:00:00,1755738003.0,0.007
2025-08-21 02:00:00,1755741610.0,0.007
2025-08-21 03:00:00,1755745211.0,0.007
2025-08-21 04:00:00,1755748812.0,0.007
2025-08-21 05:00:00,1755752402.0,0.007
2025-08-21 06:00:00,1755756006.0,0.007
2025-08-21 07:00:00,1755759614.0,0.007
2025-08-21 08:00:00,1755763214.0,0.007
2025-08-21 09:00:00,1755766816.0,0.007
2025-08-21 10:00:00,1755770413.0,0.007
2025-08-21 11:00:00,1755774011.0,0.007
2025-08-21 12:00:00,1755777604.0,0.007
2025-08-21 13:00:00,1755781207.0,0.007
2025-08-21 14:00:00,1755784817.0,0.007
2025-08-21 15:00:00,1755788415.0,0.007
2025-08-21 16:00:00,1755792008.0,0.0065
2025-08-21 17:00:00,1755795614.0,0.0065
2025-08-21 18:00:00,1755799214.0,0.0065
2025-08-21 19:00:00,1755802811.0,0.0065
2025-08-21 20:00:00,1755806407.0,0.0065
2025-08-21 21:00:00,1755810009.0,0.0065
2025-08-21 22:00:00,1755813604.0,0.0065
2025-08-21 23:00:00,1755817206.0,0.0065
2025-08-22 00:00:00,1755820804.0,0.0065
2025-08-22 01:00:00,1755824407.0,0.0065
2025-08-22 02:00:00,1755828012.0,0.0065
2025-08-22 03:00:00,1755831603.0,0.0065
2025-08-22 04:00:00,1755835202.0,0.0065
2025-08-22 05:00:00,1755838813.0,0.006
2025-08-22 06:00:00,1755842413.0,0.006
2025-08-22 07:00:00,1755846003.0,0.006
2025-08-22 08:00:00,1755849608.0,0.006
2025-08-22 09:00:00,1755853202.0,0.006
2025-08-22 10:00:00,1755856805.0,0.006
2025-08-22 11:00:00,1755860403.0,0.006
2025-08-22 12:00:00,1755864013.0,0.006
2025-08-22 13:00:00,1755867614.0,0.006
2025-08-22 14:00:00,1755871206.0,0.006
2025-08-22 15:00:00,1755874804.0,0.006
2025-08-22 16:00:00,1755878415.0,0.006
2025-08-22 17:00:00,1755882005.0,0.006
2025-08-22 18:00:00,1755885611.0,0.006
2025-08-22 19:00:00,1755889209.0,0.006
2025-08-22 20:00:00,1755892809.0,0.006
2025-08-22 21:00:00,1755896417.0,0.0055
2025-08-22 22:00:00,1755900006.0,0.0055
2025-08-22 23:00:00,1755903617.0,0.0055
2025-08-23 00:00:00,1755907213.0,0.0055
2025-08-23 01:00:00,1755910812.0,0.0055
2025-08-23 02:00:00,1755914409.0,0.0055
2025-08-23 03:00:00,1755918013.0,0.0055
2025-08-23 04:00:00,1755921614.0,0.0055
2025-08-23 05:00:00,1755925217.0,0.0055
2025-08-23 06:00:00,1755928805.0,0.0055
2025-08-23 07:00:00,1755932405.0,0.0055
2025-08-23 08:00:00,1755936005.0,0.0055
2025-08-23 09:00:00,1755939604.0,0.0055
2025-08-23 10:00:00,1755943209.0,0.0055
2025-08-23 11:00:00,1755946802.0,0.0055
2025-08-23 12:00:00,1755950411.0,0.0055
2025-08-23 13:00:00,1755954007.0,0.0055
2025-08-23 14:00:00,1755957610.0,0.0055
2025-08-23 15:00:00,1755961213.0,0.0055
2025-08-23 16:00:00,1755964811.0,0.0055
2025-08-23 17:00:00,1755968413.0,0.0055
2025-08-23 18:00:00,1755972018.0,0.0055
2025-08-23 19:00:00,1755975602.0,0.0055
2025-08-23 20:00:00,1755979209.0,0.0055
2025-08-23 21:00:00,1755982818.0,0.0055
2025-08-23 22:00:00,1755986414.0,0.0055
2025-08-23 23:00:00,1755990014.0,0.0055
2025-08-24 00:00:00,1755993604.0,0.0055
2025-08-24 01:00:00,1755997210.0,0.0055
2025-08-24 02:00:00,1756000810.0,0.0055
2025-08-24 03:00:00,1756004408.0,0.0055
2025-08-24 04:00:00,1756008010.0,0.0055
2025-08-24 05:00:00,1756011613.0,0.0055
2025-08-24 06:00:00,1756015203.0,0.0055
2025-08-24 07:00:00,1756018806.0,0.0055
2025-08-24 08:00:00,1756022414.0,0.0035
2025-08-24 09:00:00,1756026005.0,0.0035
2025-08-24 10:00:00,1756029614.0,0.0035
2025-08-24 11:00:00,1756033205.0,0.0035
2025-08-24 12:00:00,1756036819.0,0.0035
2025-08-24 13:00:00,1756040408.0,0.0035
2025-08-24 14:00:00,1756044005.0,0.0035
2025-08-24 15:00:00,1756047615.0,0.0035
2025-08-24 16:00:00,1756051211.0,0.0035
2025-08-24 17:00:00,1756054809.0,0.0035
2025-08-24 18:00:00,1756058419.0,0.0035
2025-08-24 19:00:00,1756062014.0,0.003
2025-08-24 20:00:00,1756065609.0,0.003
2025-08-24 21:00:00,1756069213.0,0.003
2025-08-24 22:00:00,1756072808.0,0.003
2025-08-24 23:00:00,1756076402.0,0.003
2025-08-25 00:00:00,1756080008.0,0.003
2025-08-25 01:00:00,1756083610.0,0.003
2025-08-25 02:00:00,1756087202.0,0.003
2025-08-25 03:00:00,1756090810.0,0.003
2025-08-25 04:00:00,1756094403.0,0.003
2025-08-25 05:00:00,1756098002.0,0.003
2025-08-25 06:00:00,1756101602.0,0.003
2025-08-25 07:00:00,1756105209.0,0.003
2025-08-25 08:00:00,1756108809.0,0.003
2025-08-25 09:00:00,1756112412.0,0.003
2025-08-25 10:00:00,1756116013.0,0.003
2025-08-25 11:00:00,1756119609.0,0.003
2025-08-25 12:00:00,1756123218.0,0.003
2025-08-25 13:00:00,1756126808.0,0.003
2025-08-25 14:00:00,1756130411.0,0.003
2025-08-25 15:00:00,1756134017.0,0.003
2025-08-25 16:00:00,1756137613.0,0.003
2025-08-25 17:00:00,1756141212.0,0.003
2025-08-25 18:00:00,1756144805.0,0.003
2025-08-25 19:00:00,1756148404.0,0.003
2025-08-25 20:00:00,1756152013.0,0.003
2025-08-25 21:00:00,1756155612.0,0.003
2025-08-25 22:00:00,1756159202.0,0.003
2025-08-25 23:00:00,1756162804.0,0.003
2025-08-26 00:00:00,1756166402.0,0.003
2025-08-26 01:00:00,1756170010.0,0.003
2025-08-26 02:00:00,1756173605.0,0.003
2025-08-26 03:00:00,1756177207.0,0.003
2025-08-26 04:00:00,1756180815.0,0.003
2025-08-26 05:00:00,1756184411.0,0.003
2025-08-26 06:00:00,1756188018.0,0.003
2025-08-26 07:00:00,1756191617.0,0.003
2025-08-26 08:00:00,1756195202.0,0.003
2025-08-26 09:00:00,1756198802.0,0.003
2025-08-26 10:00:00,1756202405.0,0.003
2025-08-26 11:00:00,1756206013.0,0.003
2025-08-26 12:00:00,1756209609.0,0.003
2025-08-26 13:00:00,1756213210.0,0.003
2025-08-26 14:00:00,1756216802.0,0.003
2025-08-26 15:00:00,1756220417.0,0.003
2025-08-26 16:00:00,1756224010.0,0.003
2025-08-26 17:00:00,1756227612.0,0.003
2025-08-26 18:00:00,1756231217.0,0.003
2025-08-26 19:00:00,1756234802.0,0.003
2025-08-26 20:00:00,1756238410.0,0.003
2025-08-26 21:00:00,1756242016.0,0.003
2025-08-26 22:00:00,1756245614.0,0.003
2025-08-26 23:00:00,1756249206.0,0.003
2025-08-27 00:00:00,1756252807.0,0.003
2025-08-27 01:00:00,1756256402.0,0.003
2025-08-27 02:00:00,1756260002.0,0.003
2025-08-27 03:00:00,1756263607.0,0.003
2025-08-27 04:00:00,1756267213.0,0.003
2025-08-27 05:00:00,1756270805.0,0.003
2025-08-27 06:00:00,1756274419.0,0.003
2025-08-27 07:00:00,1756278008.0,0.003
2025-08-27 08:00:00,1756281617.0,0.003
2025-08-27 09:00:00,1756285204.0,0.003
2025-08-27 10:00:00,1756288813.0,0.003
2025-08-27 11:00:00,1756292403.0,0.003
2025-08-27 12:00:00,1756296010.0,0.003
2025-08-27 13:00:00,1756299605.0,0.003
2025-08-27 14:00:00,1756303220.0,0.003
2025-08-27 15:00:00,1756306809.0,0.003
2025-08-27 16:00:00,1756310408.0,0.003
2025-08-27 17:00:00,1756314015.0,0.003
2025-08-27 18:00:00,1756317618.0,0.003
2025-08-27 19:00:00,1756321213.0,0.003
2025-08-27 20:00:00,1756324814.0,0.003
2025-08-27 21:00:00,1756328413.0,0.003
2025-08-27 22:00:00,1756332002.0,0.003
2025-08-27 23:00:00,1756335603.0,0.003
2025-08-28 00:00:00,1756339208.0,0.003
2025-08-28 01:00:00,1756342802.0,0.003
2025-08-28 02:00:00,1756346402.0,0.003
2025-08-28 03:00:00,1756350016.0,0.003
2025-08-28 04:00:00,1756353606.0,0.003
2025-08-28 05:00:00,1756357209.0,0.003
2025-08-28 06:00:00,1756360802.0,0.003
2025-08-28 07:00:00,1756364415.0,0.003
2025-08-28 08:00:00,1756368009.0,0.003
2025-08-28 09:00:00,1756371613.0,0.003
2025-08-28 10:00:00,1756375213.0,0.003
2025-08-28 11:00:00,1756378807.0,0.003
2025-08-28 12:00:00,1756382419.0,0.003
2025-08-28 13:00:00,1756386012.0,0.003
2025-08-28 14:00:00,1756389611.0,0.003
2025-08-28 15:00:00,1756393209.0,0.003
2025-08-28 16:00:00,1756396811.0,0.003
2025-08-28 17:00:00,1756400408.0,0.0025
2025-08-28 18:00:00,1756404006.0,0.0025
2025-08-28 19:00:00,1756407620.0,0.0025
2025-08-28 20:00:00,1756411211.0,0.0025
2025-08-28 21:00:00,1756414809.0,0.0025
2025-08-28 22:00:00,1756418414.0,0.0025
2025-08-28 23:00:00,1756422011.0,0.0025
2025-08-29 00:00:00,1756425610.0,0.0025
2025-08-29 01:00:00,1756429203.0,0.0025
2025-08-29 02:00:00,1756432811.0,0.0025
2025-08-29 03:00:00,1756436402.0,0.0025
2025-08-29 04:00:00,1756440018.0,0.0025
2025-08-29 05:00:00,1756443609.0,0.0025
2025-08-29 06:00:00,1756447216.0,0.0025
2025-08-29 07:00:00,1756450818.0,0.0025
2025-08-29 08:00:00,1756454403.0,0.0025
2025-08-29 09:00:00,1756458015.0,0.0025
2025-08-29 10:00:00,1756461618.0,0.0025
2025-08-29 11:00:00,1756465215.0,0.0025
2025-08-29 12:00:00,1756468824.0,0.0025
2025-08-29 13:00:00,1756472405.0,0.0025
2025-08-29 14:00:00,1756476018.0,0.0025
2025-08-29 15:00:00,1756479607.0,0.0025
2025-08-29 16:00:00,1756483206.0,0.0025
2025-08-29 17:00:00,1756486808.0,0.0025
2025-08-29 18:00:00,1756490420.0,0.0025
2025-08-29 19:00:00,1756494016.0,0.0025
2025-08-29 20:00:00,1756497622.0,0.0025
2025-08-29 21:00:00,1756501202.0,0.0025
2025-08-29 22:00:00,1756504807.0,0.0035
2025-08-29 23:00:00,1756508417.0,0.0035
2025-08-30 00:00:00,1756512010.0,0.0035
2025-08-30 01:00:00,1756515608.0,0.0035
2025-08-30 02:00:00,1756519212.0,0.0035
2025-08-30 03:00:00,1756522806.0,0.0035
2025-08-30 04:00:00,1756526408.0,0.0035
2025-08-30 05:00:00,1756530005.0,0.0035
2025-08-30 06:00:00,1756533604.0,0.0035
2025-08-30 07:00:00,1756537216.0,0.0035
2025-08-30 08:00:00,1756540802.0,0.0035
2025-08-30 09:00:00,1756544423.0,0.0035
2025-08-30 10:00:00,1756548018.0,0.0035
2025-08-30 11:00:00,1756551620.0,0.0035
2025-08-30 12:00:00,1756555226.0,0.0035
2025-08-30 13:00:00,1756558820.0,0.0035
2025-08-30 14:00:00,1756562412.0,0.0035
2025-08-30 15:00:00,1756566022.0,0.0035
2025-08-30 16:00:00,1756569621.0,0.0035
2025-08-30 17:00:00,1756573221.0,0.0035
2025-08-30 18:00:00,1756576809.0,0.0035
2025-08-30 19:00:00,1756580415.0,0.0035
2025-08-30 20:00:00,1756584014.0,0.0035
2025-08-30 21:00:00,1756587622.0,0.0035
2025-08-30 22:00:00,1756591215.0,0.0035
2025-08-30 23:00:00,1756594802.0,0.0035
2025-08-31 00:00:00,1756598409.0,0.0035
2025-08-31 01:00:00,1756602006.0,0.0035
2025-08-31 02:00:00,1756605610.0,0.0035
2025-08-31 03:00:00,1756609211.0,0.0035
2025-08-31 04:00:00,1756612816.0,0.0035
2025-08-31 05:00:00,1756616413.0,0.0035
2025-08-31 06:00:00,1756620007.0,0.0035
2025-08-31 07:00:00,1756623615.0,0.0035
2025-08-31 08:00:00,1756627222.0,0.0035
2025-08-31 09:00:00,1756630802.0,0.0035
2025-08-31 10:00:00,1756634414.0,0.0035
2025-08-31 11:00:00,1756638028.0,0.0035
2025-08-31 12:00:00,1756641637.0,0.0035
2025-08-31 13:00:00,1756645225.0,0.0035
2025-08-31 14:00:00,1756648809.0,0.0035
2025-08-31 15:00:00,1756652412.0,0.0035
2025-08-31 16:00:00,1756656019.0,0.0035
2025-08-31 17:00:00,1756659604.0,0.0035
2025-08-31 18:00:00,1756663219.0,0.0035
2025-08-31 19:00:00,1756666809.0,0.0035
2025-08-31 20:00:00,1756670421.0,0.0035
2025-08-31 21:00:00,1756674007.0,0.0035
2025-08-31 22:00:00,1756677606.0,0.0035
2025-08-31 23:00:00,1756681219.0,0.0035
2025-09-01 00:00:00,1756684804.0,0.0035
2025-09-01 01:00:00,1756688408.0,0.0035
2025-09-01 02:00:00,1756692005.0,0.0035
2025-09-01 03:00:00,1756695611.0,0.0035
2025-09-01 04:00:00,1756699216.0,0.0035
2025-09-01 05:00:00,1756702807.0,0.0035
2025-09-01 06:00:00,1756706422.0,0.0035
2025-09-01 07:00:00,1756710014.0,0.0035
2025-09-01 08:00:00,1756713608.0,0.0035
2025-09-01 09:00:00,1756717212.0,0.0035
2025-09-01 10:00:00,1756720816.0,0.0035
2025-09-01 11:00:00,1756724418.0,0.0035
2025-09-01 12:00:00,1756728017.0,0.0035
2025-09-01 13:00:00,1756731616.0,0.0035
2025-09-01 14:00:00,1756735215.0,0.0035
2025-09-01 15:00:00,1756738810.0,0.0035
2025-09-01 16:00:00,1756742409.0,0.0035
2025-09-01 17:00:00,1756746024.0,0.0035
2025-09-01 18:00:00,1756749616.0,0.0035
2025-09-01 19:00:00,1756753211.0,0.0035
2025-09-01 20:00:00,1756756809.0,0.0035
2025-09-01 21:00:00,1756760412.0,0.0035
2025-09-01 22:00:00,1756764012.0,0.0035
2025-09-01 23:00:00,1756767618.0,0.0035
2025-09-02 00:00:00,1756771213.0,0.0035
2025-09-02 01:00:00,1756774810.0,0.0035
2025-09-02 02:00:00,1756778410.0,0.0035
2025-09-02 03:00:00,1756782004.0,0.0035
2025-09-02 04:00:00,1756785607.0,0.0035
2025-09-02 05:00:00,1756789215.0,0.0035
2025-09-02 06:00:00,1756792815.0,0.0035
2025-09-02 07:00:00,1756796419.0,0.0035
2025-09-02 08:00:00,1756800011.0,0.0035
2025-09-02 09:00:00,1756803618.0,0.0035
2025-09-02 10:00:00,1756807222.0,0.0035
2025-09-02 11:00:00,1756810810.0,0.0035
2025-09-02 12:00:00,1756814411.0,0.0035
2025-09-02 13:00:00,1756818007.0,0.0035
2025-09-02 14:00:00,1756821616.0,0.0035
2025-09-02 15:00:00,1756825217.0,0.0035
2025-09-02 16:00:00,1756828810.0,0.0035
2025-09-02 17:00:00,1756832406.0,0.0035
2025-09-02 18:00:00,1756836008.0,0.0035
2025-09-02 19:00:00,1756839621.0,0.0035
2025-09-02 20:00:00,1756843205.0,0.0035
2025-09-02 21:00:00,1756846816.0,0.0035
2025-09-02 22:00:00,1756850420.0,0.0035
2025-09-02 23:00:00,1756854005.0,0.0035
2025-09-03 00:00:00,1756857616.0,0.0035
2025-09-03 01:00:00,1756861212.0,0.0035
2025-09-03 02:00:00,1756864806.0,0.0035
2025-09-03 03:00:00,1756868404.0,0.0035
2025-09-03 04:00:00,1756872019.0,0.0035
2025-09-03 05:00:00,1756875613.0,0.0035
2025-09-03 06:00:00,1756879209.0,0.0035
2025-09-03 07:00:00,1756882815.0,0.0035
2025-09-03 08:00:00,1756886417.0,0.0035
2025-09-03 09:00:00,1756890016.0,0.0035
2025-09-03 10:00:00,1756893614.0,0.0035
2025-09-03 11:00:00,1756897212.0,0.0035
2025-09-03 12:00:00,1756900825.0,0.0035
2025-09-03 13:00:00,1756904416.0,0.0035
2025-09-03 14:00:00,1756908014.0,0.0035
2025-09-03 15:00:00,1756911622.0,0.0035
2025-09-03 16:00:00,1756915219.0,0.0035
2025-09-03 17:00:00,1756918807.0,0.0035
2025-09-03 18:00:00,1756922420.0,0.0035
2025-09-03 19:00:00,1756926015.0,0.0035
2025-09-03 20:00:00,1756929606.0,0.0035
2025-09-03 21:00:00,1756933204.0,0.0035
2025-09-03 22:00:00,1756936806.0,0.0035
2025-09-03 23:00:00,1756940411.0,0.0035
2025-09-04 00:00:00,1756944012.0,0.0035
2025-09-04 01:00:00,1756947611.0,0.0035
2025-09-04 02:00:00,1756951217.0,0.0035
2025-09-04 03:00:00,1756954812.0,0.0035
2025-09-04 04:00:00,1756958409.0,0.0035
2025-09-04 05:00:00,1756962007.0,0.0035
2025-09-04 06:00:00,1756965605.0,0.0035
2025-09-04 07:00:00,1756969208.0,0.0035
2025-09-04 08:00:00,1756972808.0,0.0035
2025-09-04 09:00:00,1756976404.0,0.0035
2025-09-04 10:00:00,1756980016.0,0.0035
2025-09-04 11:00:00,1756983616.0,0.0035
2025-09-04 12:00:00,1756987231.0,0.0035
2025-09-04 13:00:00,1756990810.0,0.0035
2025-09-04 14:00:00,1756994416.0,0.0035
2025-09-04 15:00:00,1756998016.0,0.0035
2025-09-04 16:00:00,1757001619.0,0.0035
2025-09-04 17:00:00,1757005226.0,0.0035
2025-09-04 18:00:00,1757008807.0,0.0035
2025-09-04 19:00:00,1757012416.0,0.0035
2025-09-04 20:00:00,1757016016.0,0.0035
2025-09-04 21:00:00,1757019625.0,0.0035
2025-09-04 22:00:00,1757023211.0,0.0035
2025-09-04 23:00:00,1757026816.0,0.0035
2025-09-05 00:00:00,1757030405.0,0.0035
2025-09-05 01:00:00,1757034009.0,0.0035
2025-09-05 02:00:00,1757037603.0,0.0035
2025-09-05 03:00:00,1757041204.0,0.0035
2025-09-05 04:00:00,1757044816.0,0.0035
2025-09-05 05:00:00,1757048406.0,0.0035
2025-09-05 06:00:00,1757052012.0,0.0035
2025-09-05 07:00:00,1757055618.0,0.0035
2025-09-05 08:00:00,1757059207.0,0.0035
2025-09-05 09:00:00,1757062811.0,0.0035
2025-09-05 10:00:00,1757066420.0,0.0035
2025-09-05 11:00:00,1757070011.0,0.0035
2025-09-05 12:00:00,1757073618.0,0.0035
2025-09-05 13:00:00,1757077211.0,0.0035
2025-09-05 14:00:00,1757080804.0,0.0035
2025-09-05 15:00:00,1757084410.0,0.0035
2025-09-05 16:00:00,1757088016.0,0.0035
2025-09-05 17:00:00,1757091602.0,0.0035
2025-09-05 18:00:00,1757095207.0,0.0035
2025-09-05 19:00:00,1757098813.0,0.0035
2025-09-05 20:00:00,1757102404.0,0.0035
2025-09-05 21:00:00,1757106018.0,0.0035
2025-09-05 22:00:00,1757109618.0,0.0035
2025-09-05 23:00:00,1757113208.0,0.0035
2025-09-06 00:00:00,1757116805.0,0.0035
2025-09-06 01:00:00,1757120404.0,0.0035
2025-09-06 02:00:00,1757124008.0,0.0035
2025-09-06 03:00:00,1757127623.0,0.0035
2025-09-06 04:00:00,1757131211.0,0.0035
2025-09-06 05:00:00,1757134820.0,0.0035
2025-09-06 06:00:00,1757138419.0,0.0035
2025-09-06 07:00:00,1757142006.0,0.0035
2025-09-06 08:00:00,1757145619.0,0.0035
2025-09-06 09:00:00,1757149211.0,0.0035
2025-09-06 10:00:00,1757152810.0,0.0035
2025-09-06 11:00:00,1757156419.0,0.0035
2025-09-06 12:00:00,1757160027.0,0.0035
2025-09-06 13:00:00,1757163617.0,0.0035
2025-09-06 14:00:00,1757167209.0,0.0035
2025-09-06 15:00:00,1757170804.0,0.0035
2025-09-06 16:00:00,1757174416.0,0.0035
2025-09-06 17:00:00,1757178021.0,0.0035
2025-09-06 18:00:00,1757181621.0,0.0035
2025-09-06 19:00:00,1757185207.0,0.0035
2025-09-06 20:00:00,1757188811.0,0.0035
2025-09-06 21:00:00,1757192417.0,0.0035
2025-09-06 22:00:00,1757196017.0,0.0035
2025-09-06 23:00:00,1757199605.0,0.0035
2025-09-07 00:00:00,1757203213.0,0.0035
2025-09-07 01:00:00,1757206805.0,0.0035
2025-09-07 02:00:00,1757210405.0,0.0035
2025-09-07 03:00:00,1757214014.0,0.0035
2025-09-07 04:00:00,1757217611.0,0.0035
2025-09-07 05:00:00,1757221218.0,0.0035
2025-09-07 06:00:00,1757224825.0,0.0035
2025-09-07 07:00:00,1757228414.0,0.0035
2025-09-07 08:00:00,1757232014.0,0.0035
2025-09-07 09:00:00,1757235621.0,0.0035
2025-09-07 10:00:00,1757239211.0,0.0035
2025-09-07 11:00:00,1757242821.0,0.0035
2025-09-07 12:00:00,1757246427.0,0.0035
2025-09-07 13:00:00,1757250017.0,0.0035
2025-09-07 14:00:00,1757253618.0,0.0035
2025-09-07 15:00:00,1757257218.0,0.0035
2025-09-07 16:00:00,1757260816.0,0.0035
2025-09-07 17:00:00,1757264406.0,0.0035
2025-09-07 18:00:00,1757268011.0,0.0035
2025-09-07 19:00:00,1757271620.0,0.0035
2025-09-07 20:00:00,1757275214.0,0.0035
2025-09-07 21:00:00,1757278816.0,0.0035
2025-09-07 22:00:00,1757282410.0,0.0035
2025-09-07 23:00:00,1757286018.0,0.0035
2025-09-08 00:00:00,1757289608.0,0.0035
2025-09-08 01:00:00,1757293210.0,0.0035
2025-09-08 02:00:00,1757296815.0,0.0035
2025-09-08 03:00:00,1757300410.0,0.0035
2025-09-08 04:00:00,1757304021.0,0.0035
2025-09-08 05:00:00,1757307604.0,0.0035
2025-09-08 06:00:00,1757311219.0,0.0035
2025-09-08 07:00:00,1757314816.0,0.0035
2025-09-08 08:00:00,1757318410.0,0.0035
2025-09-08 09:00:00,1757322020.0,0.0035
2025-09-08 10:00:00,1757325612.0,0.0035
2025-09-08 11:00:00,1757329218.0,0.0035
2025-09-08 12:00:00,1757332826.0,0.0035
2025-09-08 13:00:00,1757336406.0,0.0035
2025-09-08 14:00:00,1757340021.0,0.0035
2025-09-08 15:00:00,1757343615.0,0.0035
2025-09-08 16:00:00,1757347208.0,0.0035
2025-09-08 17:00:00,1757350810.0,0.0035
2025-09-08 18:00:00,1757354413.0,0.0035
2025-09-08 19:00:00,1757358011.0,0.0035
2025-09-08 20:00:00,1757361604.0,0.0035
2025-09-08 21:00:00,1757365223.0,0.0035
2025-09-08 22:00:00,1757368816.0,0.0035
2025-09-08 23:00:00,1757372402.0,0.0035
2025-09-09 00:00:00,1757376011.0,0.0035
2025-09-09 01:00:00,1757379604.0,0.0035
2025-09-09 02:00:00,1757383216.0,0.0035
2025-09-09 03:00:00,1757386813.0,0.0035
2025-09-09 04:00:00,1757390402.0,0.0035
2025-09-09 05:00:00,1757394005.0,0.0035
2025-09-09 06:00:00,1757397617.0,0.0035
2025-09-09 07:00:00,1757401209.0,0.0035
2025-09-09 08:00:00,1757404811.0,0.0035
2025-09-09 09:00:00,1757408423.0,0.0035
2025-09-09 10:00:00,1757412015.0,0.0035
2025-09-09 11:00:00,1757415613.0,0.0035
2025-09-09 12:00:00,1757419222.0,0.0035
2025-09-09 13:00:00,1757422810.0,0.0035
2025-09-09 14:00:00,1757426412.0,0.0035
2025-09-09 15:00:00,1757430005.0,0.0035
2025-09-09 16:00:00,1757433603.0,0.0035
2025-09-09 17:00:00,1757437220.0,0.0035
2025-09-09 18:00:00,1757440809.0,0.0035
2025-09-09 19:00:00,1757444410.0,0.0035
2025-09-09 20:00:00,1757448005.0,0.0035
2025-09-09 21:00:00,1757451622.0,0.0035
2025-09-09 22:00:00,1757455214.0,0.0035
2025-09-09 23:00:00,1757458818.0,0.0035
2025-09-10 00:00:00,1757462407.0,0.0035
2025-09-10 01:00:00,1757466012.0,0.0035
2025-09-10 02:00:00,1757469606.0,0.0035
2025-09-10 03:00:00,1757473218.0,0.0035
2025-09-10 04:00:00,1757476806.0,0.0035
2025-09-10 05:00:00,1757480410.0,0.0035
2025-09-10 06:00:00,1757484024.0,0.0035
2025-09-10 07:00:00,1757487614.0,0.0035
2025-09-10 08:00:00,1757491207.0,0.0035
2025-09-10 09:00:00,1757494814.0,0.0035
2025-09-10 10:00:00,1757498413.0,0.0035
2025-09-10 11:00:00,1757502014.0,0.0035
2025-09-10 12:00:00,1757505612.0,0.0035
2025-09-10 13:00:00,1757509212.0,0.0035
2025-09-10 14:00:00,1757512814.0,0.0035
2025-09-10 15:00:00,1757516421.0,0.0035
2025-09-10 16:00:00,1757520011.0,0.0035
2025-09-10 17:00:00,1757523618.0,0.0035
2025-09-10 18:00:00,1757527212.0,0.0035
2025-09-10 19:00:00,1757530813.0,0.0035
2025-09-10 20:00:00,1757534418.0,0.0035
2025-09-10 21:00:00,1757538012.0,0.0035
2025-09-10 22:00:00,1757541602.0,0.0035
2025-09-10 23:00:00,1757545204.0,0.0035
2025-09-11 00:00:00,1757548811.0,0.0035
2025-09-11 01:00:00,1757552406.0,0.0035
2025-09-11 02:00:00,1757556004.0,0.0035
2025-09-11 03:00:00,1757559619.0,0.0035
2025-09-11 04:00:00,1757563203.0,0.0035
2025-09-11 05:00:00,1757566811.0,0.0035
2025-09-11 06:00:00,1757570407.0,0.0035
2025-09-11 07:00:00,1757574013.0,0.0035
2025-09-11 08:00:00,1757577621.0,0.0035
2025-09-11 09:00:00,1757581212.0,0.0035
2025-09-11 10:00:00,1757584819.0,0.0035
2025-09-11 11:00:00,1757588423.0,0.0035
2025-09-11 12:00:00,1757592002.0,0.0035
2025-09-11 13:00:00,1757595606.0,0.0035
2025-09-11 14:00:00,1757599209.0,0.0035
2025-09-11 15:00:00,1757602804.0,0.0035
2025-09-11 16:00:00,1757606406.0,0.0035
2025-09-11 17:00:00,1757610022.0,0.0035
2025-09-11 18:00:00,1757613612.0,0.0035
2025-09-11 19:00:00,1757617206.0,0.0035
2025-09-11 20:00:00,1757620815.0,0.0035
2025-09-11 21:00:00,1757624420.0,0.0035
2025-09-11 22:00:00,1757628007.0,0.0035
2025-09-11 23:00:00,1757631618.0,0.0035
2025-09-12 00:00:00,1757635221.0,0.0035
2025-09-12 01:00:00,1757638807.0,0.0035
2025-09-12 02:00:00,1757642415.0,0.0035
2025-09-12 03:00:00,1757646022.0,0.0035
2025-09-12 04:00:00,1757649607.0,0.0035
2025-09-12 05:00:00,1757653204.0,0.0035
2025-09-12 06:00:00,1757656822.0,0.0035
2025-09-12 07:00:00,1757660424.0,0.0035
2025-09-12 08:00:00,1757664004.0,0.0035
2025-09-12 09:00:00,1757667622.0,0.0035
2025-09-12 10:00:00,1757671213.0,0.0035
2025-09-12 11:00:00,1757674826.0,0.0035
2025-09-12 12:00:00,1757678427.0,0.0035
2025-09-12 13:00:00,1757682004.0,0.0035
2025-09-12 14:00:00,1757685608.0,0.0035
2025-09-12 15:00:00,1757689222.0,0.0035
2025-09-12 16:00:00,1757692821.0,0.0035
2025-09-12 17:00:00,1757696421.0,0.0035
2025-09-12 18:00:00,1757700011.0,0.0035
2025-09-12 19:00:00,1757703620.0,0.0035
2025-09-12 20:00:00,1757707206.0,0.0035
2025-09-12 21:00:00,1757710811.0,0.0035
2025-09-12 22:00:00,1757714422.0,0.0035
2025-09-12 23:00:00,1757718015.0,0.0035
2025-09-13 00:00:00,1757721607.0,0.0035
2025-09-13 01:00:00,1757725210.0,0.0035
2025-09-13 02:00:00,1757728812.0,0.0035
2025-09-13 03:00:00,1757732418.0,0.0035
2025-09-13 04:00:00,1757736008.0,0.0035
2025-09-13 05:00:00,1757739612.0,0.0035
2025-09-13 06:00:00,1757743209.0,0.0035
2025-09-13 07:00:00,1757746818.0,0.0035
2025-09-13 08:00:00,1757750409.0,0.0035
2025-09-13 09:00:00,1757754013.0,0.0035
2025-09-13 10:00:00,1757757619.0,0.0035
2025-09-13 11:00:00,1757761221.0,0.0035
2025-09-13 12:00:00,1757764826.0,0.0035
2025-09-13 13:00:00,1757768419.0,0.0035
2025-09-13 14:00:00,1757772006.0,0.0035
2025-09-13 15:00:00,1757775624.0,0.0035
2025-09-13 16:00:00,1757779211.0,0.0035
2025-09-13 17:00:00,1757782814.0,0.0035
2025-09-13 18:00:00,1757786418.0,0.0035
2025-09-13 19:00:00,1757790003.0,0.0035
2025-09-13 20:00:00,1757793621.0,0.0035
2025-09-13 21:00:00,1757797208.0,0.0035
2025-09-13 22:00:00,1757800815.0,0.0035
2025-09-13 23:00:00,1757804418.0,0.0035
2025-09-14 00:00:00,1757808015.0,0.0035
2025-09-14 01:00:00,1757811605.0,0.0035
2025-09-14 02:00:00,1757815211.0,0.0035
2025-09-14 03:00:00,1757818821.0,0.0035
2025-09-14 04:00:00,1757822419.0,0.0035
2025-09-14 05:00:00,1757826021.0,0.0035
2025-09-14 06:00:00,1757829603.0,0.0035
2025-09-14 07:00:00,1757833220.0,0.0035
2025-09-14 08:00:00,1757836809.0,0.0035
2025-09-14 09:00:00,1757840429.0,0.0035
2025-09-14 10:00:00,1757844012.0,0.0035
2025-09-14 11:00:00,1757847621.0,0.0035
2025-09-14 12:00:00,1757851202.0,0.0035
2025-09-14 13:00:00,1757854807.0,0.0035
2025-09-14 14:00:00,1757858418.0,0.0035
2025-09-14 15:00:00,1757862014.0,0.0035
2025-09-14 16:00:00,1757865620.0,0.0035
2025-09-14 17:00:00,1757869220.0,0.0035
2025-09-14 18:00:00,1757872802.0,0.0035
2025-09-14 19:00:00,1757876411.0,0.0035
2025-09-14 20:00:00,1757880009.0,0.0035
2025-09-14 21:00:00,1757883624.0,0.0035
2025-09-14 22:00:00,1757887204.0,0.0035
2025-09-14 23:00:00,1757890815.0,0.0035
2025-09-15 00:00:00,1757894406.0,0.0035
2025-09-15 01:00:00,1757898007.0,0.0035
2025-09-15 02:00:00,1757901611.0,0.0035
2025-09-15 03:00:00,1757905207.0,0.0035
2025-09-15 04:00:00,1757908810.0,0.0035
2025-09-15 05:00:00,1757912409.0,0.0035
2025-09-15 06:00:00,1757916013.0,0.0035
2025-09-15 07:00:00,1757919613.0,0.0035
2025-09-15 08:00:00,1757923215.0,0.0035
2025-09-15 09:00:00,1757926809.0,0.0035
2025-09-15 10:00:00,1757930415.0,0.0035
2025-09-15 11:00:00,1757934007.0,0.0035
2025-09-15 12:00:00,1757937621.0,0.0035
2025-09-15 13:00:00,1757941218.0,0.0035
2025-09-15 14:00:00,1757944819.0,0.0035
2025-09-15 15:00:00,1757948409.0,0.0035
2025-09-15 16:00:00,1757952021.0,0.0035
2025-09-15 17:00:00,1757955622.0,0.0035
2025-09-15 18:00:00,1757959215.0,0.0035
2025-09-15 19:00:00,1757962815.0,0.0035
2025-09-15 20:00:00,1757966408.0,0.0035
2025-09-15 21:00:00,1757970008.0,0.0035
2025-09-15 22:00:00,1757973614.0,0.0035
2025-09-15 23:00:00,1757977210.0,0.0035
2025-09-16 00:00:00,1757980820.0,0.0035
2025-09-16 01:00:00,1757984416.0,0.0035
2025-09-16 02:00:00,1757988005.0,0.0035
2025-09-16 03:00:00,1757991609.0,0.0035
2025-09-16 04:00:00,1757995209.0,0.0035
2025-09-16 05:00:00,1757998806.0,0.0035
2025-09-16 06:00:00,1758002426.0,0.0035
2025-09-16 07:00:00,1758006014.0,0.0035
2025-09-16 08:00:00,1758009612.0,0.004
2025-09-16 09:00:00,1758013230.0,0.004
2025-09-16 10:00:00,1758016819.0,0.004
2025-09-16 11:00:00,1758020418.0,0.004
2025-09-16 12:00:00,1758024018.0,0.004
2025-09-16 13:00:00,1758027615.0,0.004
2025-09-16 14:00:00,1758031213.0,0.004
2025-09-16 15:00:00,1758034816.0,0.004
2025-09-16 16:00:00,1758038420.0,0.004
2025-09-16 17:00:00,1758042012.0,0.004
2025-09-16 18:00:00,1758045607.0,0.004
2025-09-16 19:00:00,1758049217.0,0.004
2025-09-16 20:00:00,1758052828.0,0.004
2025-09-16 21:00:00,1758056412.0,0.004
2025-09-16 22:00:00,1758060005.0,0.004
2025-09-16 23:00:00,1758063604.0,0.004
2025-09-17 00:00:00,1758067210.0,0.004
2025-09-17 01:00:00,1758070803.0,0.004
2025-09-17 02:00:00,1758074416.0,0.004
2025-09-17 03:00:00,1758078011.0,0.004
2025-09-17 04:00:00,1758081610.0,0.004
2025-09-17 05:00:00,1758085219.0,0.004
2025-09-17 06:00:00,1758088816.0,0.004
2025-09-17 07:00:00,1758092403.0,0.004
2025-09-17 08:00:00,1758096020.0,0.004
2025-09-17 09:00:00,1758099621.0,0.004
2025-09-17 10:00:00,1758103209.0,0.004
2025-09-17 11:00:00,1758106804.0,0.004
2025-09-17 12:00:00,1758110414.0,0.004
2025-09-17 13:00:00,1758114009.0,0.004
2025-09-17 14:00:00,1758117613.0,0.004
2025-09-17 15:00:00,1758121211.0,0.004
2025-09-17 16:00:00,1758124817.0,0.004
2025-09-17 17:00:00,1758128410.0,0.004
2025-09-17 18:00:00,1758132235.0,0.004
2025-09-17 19:00:00,1758135611.0,0.004
2025-09-17 20:00:00,1758139211.0,0.0035
2025-09-17 21:00:00,1758142815.0,0.0035
2025-09-17 22:00:00,1758146410.0,0.0035
2025-09-17 23:00:00,1758150007.0,0.0035
2025-09-18 00:00:00,1758153606.0,0.0035
2025-09-18 01:00:00,1758157204.0,0.0035
2025-09-18 02:00:00,1758160813.0,0.0035
2025-09-18 03:00:00,1758164422.0,0.0035
2025-09-18 04:00:00,1758168004.0,0.0035
2025-09-18 05:00:00,1758171615.0,0.0035
2025-09-18 06:00:00,1758175225.0,0.0035
2025-09-18 07:00:00,1758178803.0,0.0035
2025-09-18 08:00:00,1758182411.0,0.0035
2025-09-18 09:00:00,1758186006.0,0.0035
2025-09-18 10:00:00,1758189610.0,0.0035
2025-09-18 11:00:00,1758193217.0,0.0035
2025-09-18 12:00:00,1758196834.0,0.0035
2025-09-18 13:00:00,1758200406.0,0.0035
2025-09-18 14:00:00,1758204006.0,0.0035
2025-09-18 15:00:00,1758207612.0,0.0035
2025-09-18 16:00:00,1758211216.0,0.0035
2025-09-18 17:00:00,1758214816.0,0.0035
2025-09-18 18:00:00,1758218415.0,0.0035
2025-09-18 19:00:00,1758222023.0,0.0035
2025-09-18 20:00:00,1758225607.0,0.0035
2025-09-18 21:00:00,1758229217.0,0.0035
2025-09-18 22:00:00,1758232814.0,0.0035
2025-09-18 23:00:00,1758236421.0,0.0035
2025-09-19 00:00:00,1758240009.0,0.0035
2025-09-19 01:00:00,1758243606.0,0.0035
2025-09-19 02:00:00,1758247213.0,0.0035
2025-09-19 03:00:00,1758250822.0,0.0035
2025-09-19 04:00:00,1758254402.0,0.0035
2025-09-19 05:00:00,1758258004.0,0.0035
2025-09-19 06:00:00,1758261603.0,0.0035
2025-09-19 07:00:00,1758265220.0,0.0035
2025-09-19 08:00:00,1758268805.0,0.0035
2025-09-19 09:00:00,1758272416.0,0.0035
2025-09-19 10:00:00,1758276023.0,0.0035
2025-09-19 11:00:00,1758279607.0,0.0035
2025-09-19 12:00:00,1758283219.0,0.0035
2025-09-19 13:00:00,1758286822.0,0.0055
2025-09-19 14:00:00,1758290404.0,0.0055
2025-09-19 15:00:00,1758294016.0,0.0055
2025-09-19 16:00:00,1758297603.0,0.0055
2025-09-19 17:00:00,1758301219.0,0.0035
2025-09-19 18:00:00,1758304824.0,0.0035
2025-09-19 19:00:00,1758308425.0,0.0035
2025-09-19 20:00:00,1758312009.0,0.0035
2025-09-19 21:00:00,1758315619.0,0.0035
2025-09-19 22:00:00,1758319211.0,0.0035
2025-09-19 23:00:00,1758322822.0,0.0035
2025-09-20 00:00:00,1758326409.0,0.0035
2025-09-20 01:00:00,1758330014.0,0.0035
2025-09-20 02:00:00,1758333602.0,0.0035
2025-09-20 03:00:00,1758337211.0,0.0035
2025-09-20 04:00:00,1758340808.0,0.0035
2025-09-20 05:00:00,1758344406.0,0.0035
2025-09-20 06:00:00,1758348026.0,0.0035
2025-09-20 07:00:00,1758351604.0,0.0035
2025-09-20 08:00:00,1758355209.0,0.0035
2025-09-20 09:00:00,1758358814.0,0.0035
2025-09-20 10:00:00,1758362408.0,0.0035
2025-09-20 11:00:00,1758366016.0,0.0035
2025-09-20 12:00:00,1758369605.0,0.0035
2025-09-20 13:00:00,1758373222.0,0.0035
2025-09-20 14:00:00,1758376821.0,0.0035
2025-09-20 15:00:00,1758380411.0,0.0035
2025-09-20 16:00:00,1758384009.0,0.0035
2025-09-20 17:00:00,1758387610.0,0.0035
2025-09-20 18:00:00,1758391222.0,0.0035
2025-09-20 19:00:00,1758394817.0,0.0035
2025-09-20 20:00:00,1758398405.0,0.0035
2025-09-20 21:00:00,1758402004.0,0.0035
2025-09-20 22:00:00,1758405605.0,0.0035
2025-09-20 23:00:00,1758409208.0,0.0035
2025-09-21 00:00:00,1758412811.0,0.0035
2025-09-21 01:00:00,1758416408.0,0.0035
2025-09-21 02:00:00,1758420015.0,0.0035
2025-09-21 03:00:00,1758423618.0,0.0035
2025-09-21 04:00:00,1758427215.0,0.0035
2025-09-21 05:00:00,1758430814.0,0.0035
2025-09-21 06:00:00,1758434408.0,0.0035
2025-09-21 07:00:00,1758438002.0,0.0035
2025-09-21 08:00:00,1758441605.0,0.0035
2025-09-21 09:00:00,1758445206.0,0.0035
2025-09-21 10:00:00,1758448804.0,0.0035
2025-09-21 11:00:00,1758452404.0,0.0035
2025-09-21 12:00:00,1758456020.0,0.0035
2025-09-21 13:00:00,1758459610.0,0.0035
2025-09-21 14:00:00,1758463221.0,0.0035
2025-09-21 15:00:00,1758466817.0,0.0035
2025-09-21 16:00:00,1758470423.0,0.0035
2025-09-21 17:00:00,1758474012.0,0.0035
2025-09-21 18:00:00,1758477623.0,0.0035
2025-09-21 19:00:00,1758481202.0,0.0035
2025-09-21 20:00:00,1758484820.0,0.0035
2025-09-21 21:00:00,1758488402.0,0.0035
2025-09-21 22:00:00,1758492004.0,0.0035
2025-09-21 23:00:00,1758495620.0,0.0035
2025-09-22 00:00:00,1758499215.0,0.0035
2025-09-22 01:00:00,1758502804.0,0.0035
2025-09-22 02:00:00,1758506416.0,0.0035
2025-09-22 03:00:00,1758510013.0,0.0035
2025-09-22 04:00:00,1758513620.0,0.0035
2025-09-22 05:00:00,1758517208.0,0.0035
2025-09-22 06:00:00,1758520820.0,0.0035
2025-09-22 07:00:00,1758524421.0,0.0035
2025-09-22 08:00:00,1758528012.0,0.0035
2025-09-22 09:00:00,1758531618.0,0.0035
2025-09-22 10:00:00,1758535223.0,0.0035
2025-09-22 11:00:00,1758538804.0,0.0035
2025-09-22 12:00:00,1758542406.0,0.0035
2025-09-22 13:00:00,1758546013.0,0.0035
2025-09-22 14:00:00,1758549619.0,0.0035
2025-09-22 15:00:00,1758553213.0,0.0035
2025-09-22 16:00:00,1758556805.0,0.0035
2025-09-22 17:00:00,1758560419.0,0.0035
2025-09-22 18:00:00,1758564014.0,0.0035
2025-09-22 19:00:00,1758567618.0,0.0035
2025-09-22 20:00:00,1758571207.0,0.0035
2025-09-22 21:00:00,1758574823.0,0.0035
2025-09-22 22:00:00,1758578419.0,0.0035
2025-09-22 23:00:00,1758582008.0,0.0035
2025-09-23 00:00:00,1758585605.0,0.0035
2025-09-23 01:00:00,1758589205.0,0.0035
2025-09-23 02:00:00,1758592805.0,0.0035
2025-09-23 03:00:00,1758596417.0,0.0035
2025-09-23 04:00:00,1758600023.0,0.0035
2025-09-23 05:00:00,1758603614.0,0.0035
2025-09-23 06:00:00,1758607210.0,0.0035
2025-09-23 07:00:00,1758610822.0,0.0035
2025-09-23 08:00:00,1758614402.0,0.0035
2025-09-23 09:00:00,1758618022.0,0.0035
2025-09-23 10:00:00,1758621622.0,0.0035
2025-09-23 11:00:00,1758625220.0,0.0035
2025-09-23 12:00:00,1758628805.0,0.0035
2025-09-23 13:00:00,1758632415.0,0.0035
2025-09-23 14:00:00,1758636004.0,0.0035
2025-09-23 15:00:00,1758639605.0,0.0035
2025-09-23 16:00:00,1758643217.0,0.0035
2025-09-23 17:00:00,1758646812.0,0.0035
2025-09-23 18:00:00,1758650421.0,0.0035
2025-09-23 19:00:00,1758654010.0,0.0035
2025-09-23 20:00:00,1758657605.0,0.0035
2025-09-23 21:00:00,1758661210.0,0.0035
2025-09-23 22:00:00,1758664813.0,0.0035
2025-09-23 23:00:00,1758668403.0,0.0035
2025-09-24 00:00:00,1758672003.0,0.0035
2025-09-24 01:00:00,1758675607.0,0.0035
2025-09-24 02:00:00,1758679203.0,0.0035
2025-09-24 03:00:00,1758682817.0,0.0035
2025-09-24 04:00:00,1758686410.0,0.0035
2025-09-24 05:00:00,1758690015.0,0.0035
2025-09-24 06:00:00,1758693602.0,0.0035
2025-09-24 07:00:00,1758697204.0,0.0035
2025-09-24 08:00:00,1758700812.0,0.0035
2025-09-24 09:00:00,1758704412.0,0.0035
2025-09-24 10:00:00,1758708009.0,0.0035
2025-09-24 11:00:00,1758711609.0,0.0035
2025-09-24 12:00:00,1758715215.0,0.0035
2025-09-24 13:00:00,1758718810.0,0.0035
2025-09-24 14:00:00,1758722405.0,0.0035
2025-09-24 15:00:00,1758726006.0,0.0035
2025-09-24 16:00:00,1758729615.0,0.0035
2025-09-24 17:00:00,1758733204.0,0.0035
2025-09-24 18:00:00,1758736803.0,0.0035
2025-09-24 19:00:00,1758740407.0,0.0035
2025-09-24 20:00:00,1758744002.0,0.0035
2025-09-24 21:00:00,1758747602.0,0.0035
2025-09-24 22:00:00,1758751204.0,0.0035
2025-09-24 23:00:00,1758754810.0,0.0035
2025-09-25 00:00:00,1758758407.0,0.0035
2025-09-25 01:00:00,1758762007.0,0.0035
2025-09-25 02:00:00,1758765609.0,0.0035
2025-09-25 03:00:00,1758769207.0,0.0035
2025-09-25 04:00:00,1758772810.0,0.0035
2025-09-25 05:00:00,1758776406.0,0.0035
2025-09-25 06:00:00,1758780012.0,0.0035
2025-09-25 07:00:00,1758783608.0,0.0035
2025-09-25 08:00:00,1758787206.0,0.0035
2025-09-25 09:00:00,1758790810.0,0.0035
2025-09-25 10:00:00,1758794411.0,0.0035
2025-09-25 11:00:00,1758798006.0,0.0035
2025-09-25 12:00:00,1758801605.0,0.0035
2025-09-25 13:00:00,1758805209.0,0.0035
2025-09-25 14:00:00,1758808810.0,0.0035
2025-09-25 15:00:00,1758812405.0,0.0035
2025-09-25 16:00:00,1758816014.0,0.0035
2025-09-25 17:00:00,1758819611.0,0.0035
2025-09-25 18:00:00,1758823209.0,0.0035
2025-09-25 19:00:00,1758826802.0,0.0035
2025-09-25 20:00:00,1758830414.0,0.0035
2025-09-25 21:00:00,1758834011.0,0.0035
2025-09-25 22:00:00,1758837613.0,0.0035
2025-09-25 23:00:00,1758841206.0,0.0035
2025-09-26 00:00:00,1758844815.0,0.0035
2025-09-26 01:00:00,1758848403.0,0.0035
2025-09-26 02:00:00,1758852014.0,0.0035
2025-09-26 03:00:00,1758855606.0,0.0035
2025-09-26 04:00:00,1758859214.0,0.0035
2025-09-26 05:00:00,1758862814.0,0.0035
2025-09-26 06:00:00,1758866404.0,0.0035
2025-09-26 07:00:00,1758870011.0,0.0035
2025-09-26 08:00:00,1758873605.0,0.0035
2025-09-26 09:00:00,1758877209.0,0.0035
2025-09-26 10:00:00,1758880816.0,0.0035
2025-09-26 11:00:00,1758884407.0,0.0035
2025-09-26 12:00:00,1758888013.0,0.0035
2025-09-26 13:00:00,1758891614.0,0.0035
2025-09-26 14:00:00,1758895213.0,0.0035
2025-09-26 15:00:00,1758898813.0,0.0035
2025-09-26 16:00:00,1758902409.0,0.0035
2025-09-26 17:00:00,1758906009.0,0.0035
2025-09-26 18:00:00,1758909614.0,0.0035
2025-09-26 19:00:00,1758913205.0,0.0035
2025-09-26 20:00:00,1758916815.0,0.0035
2025-09-26 21:00:00,1758920416.0,0.0035
2025-09-26 22:00:00,1758924010.0,0.0035
2025-09-26 23:00:00,1758927612.0,0.0035
2025-09-27 00:00:00,1758931208.0,0.0035
2025-09-27 01:00:00,1758934806.0,0.0035
2025-09-27 02:00:00,1758938404.0,0.0035
2025-09-27 03:00:00,1758942013.0,0.0035
2025-09-27 04:00:00,1758945609.0,0.0035
2025-09-27 05:00:00,1758949207.0,0.0035
2025-09-27 06:00:00,1758952806.0,0.0035
2025-09-27 07:00:00,1758956403.0,0.0035
2025-09-27 08:00:00,1758960015.0,0.0035
2025-09-27 09:00:00,1758963616.0,0.0035
2025-09-27 10:00:00,1758967207.0,0.0035
2025-09-27 11:00:00,1758970814.0,0.0035
2025-09-27 12:00:00,1758974404.0,0.0035
2025-09-27 13:00:00,1758978011.0,0.0035
2025-09-27 14:00:00,1758981607.0,0.0035
2025-09-27 15:00:00,1758985210.0,0.0035
2025-09-27 16:00:00,1758988810.0,0.0035
2025-09-27 17:00:00,1758992417.0,0.0035
2025-09-27 18:00:00,1758996008.0,0.0035
2025-09-27 19:00:00,1758999613.0,0.0035
2025-09-27 20:00:00,1759003213.0,0.0035
2025-09-27 21:00:00,1759006811.0,0.0035
2025-09-27 22:00:00,1759010415.0,0.0035
2025-09-27 23:00:00,1759014013.0,0.0035
2025-09-28 00:00:00,1759017605.0,0.0035
2025-09-28 01:00:00,1759021208.0,0.0035
2025-09-28 02:00:00,1759024805.0,0.0035
2025-09-28 03:00:00,1759028403.0,0.0035
2025-09-28 04:00:00,1759032010.0,0.0035
2025-09-28 05:00:00,1759035608.0,0.0035
2025-09-28 06:00:00,1759039208.0,0.0035
2025-09-28 07:00:00,1759042805.0,0.0035
2025-09-28 08:00:00,1759046414.0,0.0035
2025-09-28 09:00:00,1759050013.0,0.0035
2025-09-28 10:00:00,1759053604.0,0.0035
2025-09-28 11:00:00,1759057217.0,0.0035
2025-09-28 12:00:00,1759060815.0,0.0035
2025-09-28 13:00:00,1759064409.0,0.0035
2025-09-28 14:00:00,1759068006.0,0.0035
2025-09-28 15:00:00,1759071606.0,0.0035
2025-09-28 16:00:00,1759075214.0,0.0035
2025-09-28 17:00:00,1759078816.0,0.0035
2025-09-28 18:00:00,1759082415.0,0.0035
2025-09-28 19:00:00,1759086013.0,0.0035
2025-09-28 20:00:00,1759089616.0,0.0035
2025-09-28 21:00:00,1759093207.0,0.0035
2025-09-28 22:00:00,1759096803.0,0.0035
2025-09-28 23:00:00,1759100409.0,0.0035
2025-09-29 00:00:00,1759104009.0,0.0035
2025-09-29 01:00:00,1759107606.0,0.0035
2025-09-29 02:00:00,1759111207.0,0.0035
2025-09-29 03:00:00,1759114803.0,0.0035
2025-09-29 04:00:00,1759118407.0,0.0035
2025-09-29 05:00:00,1759122013.0,0.0035
2025-09-29 06:00:00,1759125607.0,0.0035
2025-09-29 07:00:00,1759129213.0,0.0035
2025-09-29 08:00:00,1759132809.0,0.0035
2025-09-29 09:00:00,1759136415.0,0.0035
2025-09-29 10:00:00,1759140015.0,0.0035
2025-09-29 11:00:00,1759143609.0,0.0035
2025-09-29 12:00:00,1759147211.0,0.0035
2025-09-29 13:00:00,1759150808.0,0.0035
2025-09-29 14:00:00,1759154404.0,0.0035
2025-09-29 15:00:00,1759158002.0,0.003
2025-09-29 16:00:00,1759161604.0,0.003
2025-09-29 17:00:00,1759165203.0,0.0025
2025-09-29 18:00:00,1759168803.0,0.0025
2025-09-29 19:00:00,1759172413.0,0.0025
2025-09-29 20:00:00,1759176009.0,0.0035
2025-09-29 21:00:00,1759179605.0,0.0035
2025-09-29 22:00:00,1759183213.0,0.0035
2025-09-29 23:00:00,1759186809.0,0.0035
2025-09-30 00:00:00,1759190407.0,0.0035
2025-09-30 01:00:00,1759194011.0,0.0035
2025-09-30 02:00:00,1759197604.0,0.0035
2025-09-30 03:00:00,1759201209.0,0.0035
2025-09-30 04:00:00,1759204803.0,0.0035
2025-09-30 05:00:00,1759208408.0,0.0035
2025-09-30 06:00:00,1759212002.0,0.0035
2025-09-30 07:00:00,1759215606.0,0.0035
2025-09-30 08:00:00,1759219205.0,0.0035
2025-09-30 09:00:00,1759222810.0,0.0035
2025-09-30 10:00:00,1759226404.0,0.0035
2025-09-30 11:00:00,1759230007.0,0.0035
2025-09-30 12:00:00,1759233606.0,0.0035
2025-09-30 13:00:00,1759237204.0,0.0035
2025-09-30 14:00:00,1759240813.0,0.0035
2025-09-30 15:00:00,1759244410.0,0.0035
2025-09-30 16:00:00,1759248003.0,0.0035
2025-09-30 17:00:00,1759251612.0,0.0035
2025-09-30 18:00:00,1759255205.0,0.0035
2025-09-30 19:00:00,1759258812.0,0.0035
2025-09-30 20:00:00,1759262405.0,0.0035
2025-09-30 21:00:00,1759266013.0,0.0035
2025-09-30 22:00:00,1759269615.0,0.0035
2025-09-30 23:00:00,1759273214.0,0.0035
2025-10-01 00:00:00,1759276806.0,0.0035
2025-10-01 01:00:00,1759280402.0,0.0035
2025-10-01 02:00:00,1759284007.0,0.0035
2025-10-01 03:00:00,1759287610.0,0.0035
2025-10-01 04:00:00,1759291204.0,0.0035
2025-10-01 05:00:00,1759294807.0,0.0035
2025-10-01 06:00:00,1759298403.0,0.0035
2025-10-01 07:00:00,1759302002.0,0.0035
2025-10-01 08:00:00,1759305607.0,0.0035
2025-10-01 09:00:00,1759309207.0,0.0035
2025-10-01 10:00:00,1759312806.0,0.0035
2025-10-01 11:00:00,1759316405.0,0.0035
2025-10-01 12:00:00,1759320003.0,0.0035
2025-10-01 13:00:00,1759323603.0,0.0035
2025-10-01 14:00:00,1759327204.0,0.0035
2025-10-01 15:00:00,1759330802.0,0.0035
2025-10-01 16:00:00,1759334412.0,0.0035
2025-10-01 17:00:00,1759338006.0,0.0035
2025-10-01 18:00:00,1759341615.0,0.0035
2025-10-01 19:00:00,1759345204.0,0.0035
2025-10-01 20:00:00,1759348806.0,0.0035
2025-10-01 21:00:00,1759352407.0,0.0035
2025-10-01 22:00:00,1759356005.0,0.0035
2025-10-01 23:00:00,1759359604.0,0.0035
2025-10-02 00:00:00,1759363210.0,0.0035
2025-10-02 01:00:00,1759366810.0,0.0035
2025-10-02 02:00:00,1759370402.0,0.0035
2025-10-02 03:00:00,1759374015.0,0.0035
2025-10-02 04:00:00,1759377605.0,0.0035
2025-10-02 05:00:00,1759381203.0,0.0035
2025-10-02 06:00:00,1759384804.0,0.0035
2025-10-02 07:00:00,1759388404.0,0.0035
2025-10-02 08:00:00,1759392006.0,0.0035
2025-10-02 09:00:00,1759395605.0,0.0035
2025-10-02 10:00:00,1759399208.0,0.0035
2025-10-02 11:00:00,1759402804.0,0.0035
2025-10-02 12:00:00,1759406413.0,0.0035
2025-10-02 13:00:00,1759410002.0,0.0035
2025-10-02 14:00:00,1759413608.0,0.0035
2025-10-02 15:00:00,1759417206.0,0.0035
2025-10-02 16:00:00,1759420804.0,0.0035
2025-10-02 17:00:00,1759424410.0,0.0035
2025-10-02 18:00:00,1759428015.0,0.0035
2025-10-02 19:00:00,1759431612.0,0.0035
2025-10-02 20:00:00,1759435203.0,0.0035
2025-10-02 21:00:00,1759438814.0,0.0035
2025-10-02 22:00:00,1759442411.0,0.0035
2025-10-02 23:00:00,1759446003.0,0.0035
2025-10-03 00:00:00,1759449604.0,0.0035
2025-10-03 01:00:00,1759453205.0,0.0035
2025-10-03 02:00:00,1759456803.0,0.0035
2025-10-03 03:00:00,1759460408.0,0.0035
2025-10-03 04:00:00,1759464006.0,0.0035
2025-10-03 05:00:00,1759467613.0,0.0035
2025-10-03 06:00:00,1759471213.0,0.0035
2025-10-03 07:00:00,1759474803.0,0.0035
2025-10-03 08:00:00,1759478404.0,0.0035
2025-10-03 09:00:00,1759482007.0,0.0035
2025-10-03 10:00:00,1759485607.0,0.0035
2025-10-03 11:00:00,1759489206.0,0.0035
2025-10-03 12:00:00,1759492806.0,0.0035
2025-10-03 13:00:00,1759496407.0,0.0035
2025-10-03 14:00:00,1759500008.0,0.0035
2025-10-03 15:00:00,1759503607.0,0.0035
2025-10-03 16:00:00,1759507208.0,0.0035
2025-10-03 17:00:00,1759510808.0,0.0035
2025-10-03 18:00:00,1759514404.0,0.0035
2025-10-03 19:00:00,1759518006.0,0.0035
2025-10-03 20:00:00,1759521607.0,0.0035
2025-10-03 21:00:00,1759525204.0,0.0035
2025-10-03 22:00:00,1759528808.0,0.0035
2025-10-03 23:00:00,1759532403.0,0.0035
2025-10-04 00:00:00,1759536003.0,0.0035
2025-10-04 01:00:00,1759539603.0,0.0035
2025-10-04 02:00:00,1759543203.0,0.0035
2025-10-04 03:00:00,1759546802.0,0.0035
2025-10-04 04:00:00,1759550407.0,0.0035
2025-10-04 05:00:00,1759554007.0,0.0035
2025-10-04 06:00:00,1759557610.0,0.0035
2025-10-04 07:00:00,1759561204.0,0.0035
2025-10-04 08:00:00,1759564803.0,0.0035
2025-10-04 09:00:00,1759568406.0,0.0035
2025-10-04 10:00:00,1759572005.0,0.0035
2025-10-04 11:00:00,1759575604.0,0.0035
2025-10-04 12:00:00,1759579205.0,0.0035
2025-10-04 13:00:00,1759582804.0,0.0035
2025-10-04 14:00:00,1759586403.0,0.0035
2025-10-04 15:00:00,1759590007.0,0.0035
2025-10-04 16:00:00,1759593604.0,0.0035
2025-10-04 17:00:00,1759597204.0,0.0035
2025-10-04 18:00:00,1759600807.0,0.0035
2025-10-04 19:00:00,1759604405.0,0.0035
2025-10-04 20:00:00,1759608002.0,0.0035
2025-10-04 21:00:00,1759611608.0,0.0035
2025-10-04 22:00:00,1759615204.0,0.0035
2025-10-04 23:00:00,1759618803.0,0.0035
2025-10-05 00:00:00,1759622407.0,0.0035
2025-10-05 01:00:00,1759626003.0,0.0035
2025-10-05 02:00:00,1759629605.0,0.0035
2025-10-05 03:00:00,1759633207.0,0.0035
2025-10-05 04:00:00,1759636805.0,0.0035
2025-10-05 05:00:00,1759640403.0,0.0035
2025-10-05 06:00:00,1759644007.0,0.0035
2025-10-05 07:00:00,1759647606.0,0.0035
2025-10-05 08:00:00,1759651205.0,0.0035
2025-10-05 09:00:00,1759654807.0,0.0035
2025-10-05 10:00:00,1759658403.0,0.0035
2025-10-05 11:00:00,1759662006.0,0.0035
2025-10-05 12:00:00,1759665607.0,0.0035
2025-10-05 13:00:00,1759669205.0,0.0035
2025-10-05 14:00:00,1759672807.0,0.0035
2025-10-05 15:00:00,1759676406.0,0.0035
2025-10-05 16:00:00,1759680005.0,0.0035
2025-10-05 17:00:00,1759683606.0,0.0035
2025-10-05 18:00:00,1759687204.0,0.0035
2025-10-05 19:00:00,1759690805.0,0.0035
2025-10-05 20:00:00,1759694402.0,0.0035
2025-10-05 21:00:00,1759698003.0,0.0035
2025-10-05 22:00:00,1759701604.0,0.0035
2025-10-05 23:00:00,1759705202.0,0.0035
2025-10-06 00:00:00,1759708803.0,0.0035
2025-10-06 01:00:00,1759712405.0,0.0035
2025-10-06 02:00:00,1759716006.0,0.0035
2025-10-06 03:00:00,1759719606.0,0.0035
2025-10-06 04:00:00,1759723206.0,0.0035
2025-10-06 05:00:00,1759726803.0,0.0035
2025-10-06 06:00:00,1759730407.0,0.0035
2025-10-06 07:00:00,1759734008.0,0.0035
2025-10-06 08:00:00,1759737605.0,0.0035
2025-10-06 09:00:00,1759741206.0,0.0035
2025-10-06 10:00:00,1759744802.0,0.0035
2025-10-06 11:00:00,1759748407.0,0.0035
2025-10-06 12:00:00,1759752002.0,0.0035
2025-10-06 13:00:00,1759755604.0,0.004
2025-10-06 14:00:00,1759759202.0,0.004
2025-10-06 15:00:00,1759762804.0,0.004
2025-10-06 16:00:00,1759766403.0,0.02
2025-10-06 17:00:00,1759770004.0,0.0205
2025-10-06 18:00:00,1759773604.0,0.02
2025-10-06 19:00:00,1759777208.0,0.02
2025-10-06 20:00:00,1759780813.0,0.0205
2025-10-06 21:00:00,1759784402.0,0.0205
2025-10-06 22:00:00,1759788008.0,0.0185
2025-10-06 23:00:00,1759791614.0,0.018
2025-10-07 00:00:00,1759795209.0,0.018
2025-10-07 01:00:00,1759798802.0,0.02
2025-10-07 02:00:00,1759802404.0,0.019
2025-10-07 03:00:00,1759806011.0,0.019
2025-10-07 04:00:00,1759809604.0,0.019
2025-10-07 05:00:00,1759813205.0,0.019
2025-10-07 06:00:00,1759816805.0,0.019
2025-10-07 07:00:00,1759820415.0,0.019
2025-10-07 08:00:00,1759824011.0,0.019
2025-10-07 09:00:00,1759827611.0,0.019
2025-10-07 10:00:00,1759831207.0,0.019
2025-10-07 11:00:00,1759834803.0,0.0195
2025-10-07 12:00:00,1759838416.0,0.0065
2025-10-07 13:00:00,1759842011.0,0.0065
2025-10-07 14:00:00,1759845607.0,0.0065
2025-10-07 15:00:00,1759849211.0,0.0065
2025-10-07 16:00:00,1759852814.0,0.0065
2025-10-07 17:00:00,1759856413.0,0.0065
2025-10-07 18:00:00,1759860009.0,0.0065
2025-10-07 19:00:00,1759863611.0,0.0065
2025-10-07 20:00:00,1759867211.0,0.0065
2025-10-07 21:00:00,1759870816.0,0.0065
2025-10-07 22:00:00,1759874414.0,0.0055
2025-10-07 23:00:00,1759878007.0,0.0055
2025-10-08 00:00:00,1759881607.0,0.0055
2025-10-08 01:00:00,1759885209.0,0.0055
2025-10-08 02:00:00,1759888810.0,0.0055
2025-10-08 03:00:00,1759892416.0,0.0055
2025-10-08 04:00:00,1759896014.0,0.0055
2025-10-08 05:00:00,1759899612.0,0.0055
2025-10-08 06:00:00,1759903207.0,0.0055
2025-10-08 07:00:00,1759906810.0,0.0055
2025-10-08 08:00:00,1759910414.0,0.0055
2025-10-08 09:00:00,1759914011.0,0.0055
2025-10-08 10:00:00,1759917613.0,0.0055
2025-10-08 11:00:00,1759921204.0,0.0055
2025-10-08 12:00:00,1759924808.0,0.0055
2025-10-08 13:00:00,1759928412.0,0.0055
2025-10-08 14:00:00,1759932005.0,0.0055
2025-10-08 15:00:00,1759935610.0,0.0055
2025-10-08 16:00:00,1759939202.0,0.0055
2025-10-08 17:00:00,1759942809.0,0.0055
2025-10-08 18:00:00,1759946405.0,0.0055
2025-10-08 19:00:00,1759950013.0,0.0055
2025-10-08 20:00:00,1759953603.0,0.0055
2025-10-08 21:00:00,1759957210.0,0.0055
2025-10-08 22:00:00,1759960812.0,0.0055
2025-10-08 23:00:00,1759964403.0,0.0055
2025-10-09 00:00:00,1759968012.0,0.0055
2025-10-09 01:00:00,1759971607.0,0.0055
2025-10-09 02:00:00,1759975204.0,0.0055
2025-10-09 03:00:00,1759978802.0,0.0055
2025-10-09 04:00:00,1759982406.0,0.0055
2025-10-09 05:00:00,1759986003.0,0.0055
2025-10-09 06:00:00,1759989621.0,0.0055
2025-10-09 07:00:00,1759993208.0,0.0055
2025-10-09 08:00:00,1759996804.0,0.0055
2025-10-09 09:00:00,1760000414.0,0.0055
2025-10-09 10:00:00,1760004006.0,0.0055
2025-10-09 11:00:00,1760007607.0,0.0055
2025-10-09 12:00:00,1760011208.0,0.0055
2025-10-09 13:00:00,1760014807.0,0.0055
2025-10-09 14:00:00,1760018412.0,0.0055
2025-10-09 15:00:00,1760022003.0,0.005
2025-10-09 16:00:00,1760025619.0,0.005
2025-10-09 17:00:00,1760029218.0,0.005
2025-10-09 18:00:00,1760032809.0,0.005
2025-10-09 19:00:00,1760036411.0,0.005
2025-10-09 20:00:00,1760040010.0,0.005
2025-10-09 21:00:00,1760043622.0,0.005
2025-10-09 22:00:00,1760047209.0,0.005
2025-10-09 23:00:00,1760050810.0,0.005
2025-10-10 00:00:00,1760054410.0,0.005
2025-10-10 01:00:00,1760058005.0,0.005
2025-10-10 02:00:00,1760061615.0,0.005
2025-10-10 03:00:00,1760065214.0,0.005
2025-10-10 04:00:00,1760068819.0,0.005
2025-10-10 05:00:00,1760072416.0,0.005
2025-10-10 06:00:00,1760076021.0,0.005
2025-10-10 07:00:00,1760079608.0,0.005
2025-10-10 08:00:00,1760083210.0,0.005
2025-10-10 09:00:00,1760086816.0,0.005
2025-10-10 10:00:00,1760090414.0,0.005
2025-10-10 11:00:00,1760094006.0,0.005
2025-10-10 12:00:00,1760097620.0,0.005
2025-10-10 13:00:00,1760101206.0,0.0065
2025-10-10 14:00:00,1760104804.0,0.006
2025-10-10 15:00:00,1760108421.0,0.007
2025-10-10 16:00:00,1760112019.0,0.007
2025-10-10 17:00:00,1760115607.0,0.007
2025-10-10 18:00:00,1760119216.0,0.007
2025-10-10 19:00:00,1760122808.0,0.007
2025-10-10 20:00:00,1760126417.0,0.007
2025-10-10 21:00:00,1760130003.0,0.007
2025-10-10 22:00:00,1760133613.0,0.0065
2025-10-10 23:00:00,1760137209.0,0.0065
2025-10-11 00:00:00,1760140810.0,0.0065
2025-10-11 01:00:00,1760144411.0,0.0065
2025-10-11 02:00:00,1760148004.0,0.0065
2025-10-11 03:00:00,1760151612.0,0.0065
2025-10-11 04:00:00,1760155217.0,0.0065
2025-10-11 05:00:00,1760158814.0,0.0065
2025-10-11 06:00:00,1760162409.0,0.0065
2025-10-11 07:00:00,1760166009.0,0.0065
2025-10-11 08:00:00,1760169602.0,0.0065
2025-10-11 09:00:00,1760173220.0,0.006
2025-10-11 10:00:00,1760176812.0,0.006
2025-10-11 11:00:00,1760180413.0,0.0055
2025-10-11 12:00:00,1760184018.0,0.0055
2025-10-11 13:00:00,1760187611.0,0.0055
2025-10-11 14:00:00,1760191217.0,0.0055
2025-10-11 15:00:00,1760194812.0,0.0055
2025-10-11 16:00:00,1760198408.0,0.0055
2025-10-11 17:00:00,1760202015.0,0.0055
2025-10-11 18:00:00,1760205612.0,0.0055
2025-10-11 19:00:00,1760209221.0,0.0055
2025-10-11 20:00:00,1760212818.0,0.0055
2025-10-11 21:00:00,1760216409.0,0.0055
2025-10-11 22:00:00,1760220012.0,0.0055
2025-10-11 23:00:00,1760223614.0,0.0055
2025-10-12 00:00:00,1760227215.0,0.0055
2025-10-12 01:00:00,1760230803.0,0.0055
2025-10-12 02:00:00,1760234404.0,0.0055
2025-10-12 03:00:00,1760238003.0,0.0055
2025-10-12 04:00:00,1760241609.0,0.0055
2025-10-12 05:00:00,1760245211.0,0.0055
2025-10-12 06:00:00,1760248815.0,0.0055
2025-10-12 07:00:00,1760252415.0,0.0055
2025-10-12 08:00:00,1760256008.0,0.0055
2025-10-12 09:00:00,1760259617.0,0.0055
2025-10-12 10:00:00,1760263208.0,0.0055
2025-10-12 11:00:00,1760266806.0,0.0055
2025-10-12 12:00:00,1760270413.0,0.0055
2025-10-12 13:00:00,1760274008.0,0.0055
2025-10-12 14:00:00,1760277616.0,0.0055
2025-10-12 15:00:00,1760281217.0,0.0055
2025-10-12 16:00:00,1760284816.0,0.0055
2025-10-12 17:00:00,1760288412.0,0.0055
2025-10-12 18:00:00,1760292008.0,0.0055
2025-10-12 19:00:00,1760295617.0,0.0055
2025-10-12 20:00:00,1760299202.0,0.0055
2025-10-12 21:00:00,1760302813.0,0.0055
2025-10-12 22:00:00,1760306418.0,0.0055
2025-10-12 23:00:00,1760310012.0,0.0055
2025-10-13 00:00:00,1760313606.0,0.0055
2025-10-13 01:00:00,1760317206.0,0.0055
2025-10-13 02:00:00,1760320812.0,0.0055
2025-10-13 03:00:00,1760324412.0,0.0055
2025-10-13 04:00:00,1760328013.0,0.0055
2025-10-13 05:00:00,1760331604.0,0.0055
2025-10-13 06:00:00,1760335216.0,0.0055
2025-10-13 07:00:00,1760338819.0,0.0055
2025-10-13 08:00:00,1760342416.0,0.0055
2025-10-13 09:00:00,1760346018.0,0.0055
2025-10-13 10:00:00,1760349610.0,0.0055
2025-10-13 11:00:00,1760353205.0,0.0055
2025-10-13 12:00:00,1760356820.0,0.0055
2025-10-13 13:00:00,1760360414.0,0.0055
2025-10-13 14:00:00,1760364007.0,0.0055
2025-10-13 15:00:00,1760367617.0,0.0055
2025-10-13 16:00:00,1760371212.0,0.0055
2025-10-13 17:00:00,1760374807.0,0.0055
2025-10-13 18:00:00,1760378417.0,0.0055
2025-10-13 19:00:00,1760382006.0,0.0055
2025-10-13 20:00:00,1760385606.0,0.0055
2025-10-13 21:00:00,1760389221.0,0.0055
2025-10-13 22:00:00,1760392814.0,0.0055
2025-10-13 23:00:00,1760396405.0,0.0055
2025-10-14 00:00:00,1760400018.0,0.0055
2025-10-14 01:00:00,1760403608.0,0.0055
2025-10-14 02:00:00,1760407208.0,0.0055
2025-10-14 03:00:00,1760410820.0,0.0055
2025-10-14 04:00:00,1760414411.0,0.0055
2025-10-14 05:00:00,1760418012.0,0.0055
2025-10-14 06:00:00,1760421614.0,0.0055
2025-10-14 07:00:00,1760425209.0,0.0055
2025-10-14 08:00:00,1760428808.0,0.0055
2025-10-14 09:00:00,1760432413.0,0.0055
2025-10-14 10:00:00,1760436007.0,0.0055
2025-10-14 11:00:00,1760439610.0,0.0055
2025-10-14 12:00:00,1760443220.0,0.0055
2025-10-14 13:00:00,1760446809.0,0.0055
2025-10-14 14:00:00,1760450409.0,0.0055
2025-10-14 15:00:00,1760454018.0,0.0055
2025-10-14 16:00:00,1760457607.0,0.0055
2025-10-14 17:00:00,1760461215.0,0.0055
2025-10-14 18:00:00,1760464805.0,0.0055
2025-10-14 19:00:00,1760468406.0,0.0055
2025-10-14 20:00:00,1760472007.0,0.0055
2025-10-14 21:00:00,1760475613.0,0.0055
2025-10-14 22:00:00,1760479217.0,0.0185
2025-10-14 23:00:00,1760482814.0,0.018
2025-10-15 00:00:00,1760486414.0,0.018
2025-10-15 01:00:00,1760490011.0,0.018
2025-10-15 02:00:00,1760493610.0,0.018
2025-10-15 03:00:00,1760497214.0,0.018
2025-10-15 04:00:00,1760500813.0,0.018
2025-10-15 05:00:00,1760504414.0,0.018
2025-10-15 06:00:00,1760508020.0,0.018
2025-10-15 07:00:00,1760511613.0,0.018
2025-10-15 08:00:00,1760515205.0,0.018
2025-10-15 09:00:00,1760518808.0,0.018
2025-10-15 10:00:00,1760522404.0,0.018
2025-10-15 11:00:00,1760526012.0,0.018
2025-10-15 12:00:00,1760529620.0,0.018
2025-10-15 13:00:00,1760533208.0,0.018
2025-10-15 14:00:00,1760536810.0,0.018
2025-10-15 15:00:00,1760540407.0,0.018
2025-10-15 16:00:00,1760544012.0,0.018
2025-10-15 17:00:00,1760547613.0,0.018
2025-10-15 18:00:00,1760551208.0,0.018
2025-10-15 19:00:00,1760554807.0,0.018
2025-10-15 20:00:00,1760558410.0,0.018
2025-10-15 21:00:00,1760562016.0,0.018
2025-10-15 22:00:00,1760565613.0,0.018
2025-10-15 23:00:00,1760569211.0,0.018
2025-10-16 00:00:00,1760572821.0,0.018
2025-10-16 01:00:00,1760576411.0,0.018
2025-10-16 02:00:00,1760580008.0,0.018
2025-10-16 03:00:00,1760583630.0,0.018
2025-10-16 04:00:00,1760587208.0,0.018
2025-10-16 05:00:00,1760590808.0,0.018
2025-10-16 06:00:00,1760594419.0,0.018
2025-10-16 07:00:00,1760598011.0,0.018
2025-10-16 08:00:00,1760601606.0,0.018
2025-10-16 09:00:00,1760605219.0,0.018
2025-10-16 10:00:00,1760608810.0,0.018
2025-10-16 11:00:00,1760612403.0,0.018
2025-10-16 12:00:00,1760616015.0,0.018
2025-10-16 13:00:00,1760619603.0,0.018
2025-10-16 14:00:00,1760623211.0,0.018
2025-10-16 15:00:00,1760626815.0,0.018
2025-10-16 16:00:00,1760630421.0,0.018
2025-10-16 17:00:00,1760634021.0,0.018
2025-10-16 18:00:00,1760637610.0,0.018
2025-10-16 19:00:00,1760641210.0,0.016
2025-10-16 20:00:00,1760644813.0,0.016
2025-10-16 21:00:00,1760648411.0,0.016
2025-10-16 22:00:00,1760652021.0,0.016
2025-10-16 23:00:00,1760655618.0,0.016
2025-10-17 00:00:00,1760659208.0,0.016
2025-10-17 01:00:00,1760662803.0,0.016
2025-10-17 02:00:00,1760666415.0,0.016
2025-10-17 03:00:00,1760670021.0,0.016
2025-10-17 04:00:00,1760673605.0,0.016
2025-10-17 05:00:00,1760677211.0,0.016
2025-10-17 06:00:00,1760680807.0,0.016
2025-10-17 07:00:00,1760684411.0,0.016
2025-10-17 08:00:00,1760688016.0,0.016
2025-10-17 09:00:00,1760691613.0,0.016
2025-10-17 10:00:00,1760695206.0,0.016
2025-10-17 11:00:00,1760698815.0,0.016
2025-10-17 12:00:00,1760702417.0,0.016
2025-10-17 13:00:00,1760706007.0,0.016
2025-10-17 14:00:00,1760709605.0,0.016
2025-10-17 15:00:00,1760713221.0,0.016
2025-10-17 16:00:00,1760716810.0,0.016
2025-10-17 17:00:00,1760720421.0,0.016
2025-10-17 18:00:00,1760724011.0,0.016
2025-10-17 19:00:00,1760727608.0,0.016
2025-10-17 20:00:00,1760731221.0,0.016
2025-10-17 21:00:00,1760734821.0,0.016
2025-10-17 22:00:00,1760738420.0,0.016
2025-10-17 23:00:00,1760742020.0,0.016
2025-10-18 00:00:00,1760745621.0,0.016
2025-10-18 01:00:00,1760749217.0,0.0165
2025-10-18 02:00:00,1760752818.0,0.0165
2025-10-18 03:00:00,1760756420.0,0.0165
2025-10-18 04:00:00,1760760007.0,0.0165
2025-10-18 05:00:00,1760763615.0,0.0165
2025-10-18 06:00:00,1760767219.0,0.0165
2025-10-18 07:00:00,1760770812.0,0.0165
2025-10-18 08:00:00,1760774403.0,0.0165
2025-10-18 09:00:00,1760778014.0,0.0165
2025-10-18 10:00:00,1760781620.0,0.0165
2025-10-18 11:00:00,1760785216.0,0.0165
2025-10-18 12:00:00,1760788811.0,0.0165
2025-10-18 13:00:00,1760792420.0,0.0165
2025-10-18 14:00:00,1760796018.0,0.0165
2025-10-18 15:00:00,1760799626.0,0.0165
2025-10-18 16:00:00,1760803208.0,0.0165
2025-10-18 17:00:00,1760806818.0,0.0165
2025-10-18 18:00:00,1760810409.0,0.0165
2025-10-18 19:00:00,1760814005.0,0.0165
2025-10-18 20:00:00,1760817611.0,0.0165
2025-10-18 21:00:00,1760821226.0,0.0165
2025-10-18 22:00:00,1760824811.0,0.0165
2025-10-18 23:00:00,1760828412.0,0.0165
2025-10-19 00:00:00,1760832021.0,0.0165
2025-10-19 01:00:00,1760835608.0,0.0165
2025-10-19 02:00:00,1760839216.0,0.0165
2025-10-19 03:00:00,1760842810.0,0.0165
2025-10-19 04:00:00,1760846408.0,0.0165
2025-10-19 05:00:00,1760850005.0,0.0165
2025-10-19 06:00:00,1760853616.0,0.0165
2025-10-19 07:00:00,1760857216.0,0.0165
2025-10-19 08:00:00,1760860817.0,0.009
2025-10-19 09:00:00,1760864417.0,0.0095
2025-10-19 10:00:00,1760868003.0,0.0095
2025-10-19 11:00:00,1760871620.0,0.0095
2025-10-19 12:00:00,1760875213.0,0.007
2025-10-19 13:00:00,1760878812.0,0.0065
2025-10-19 14:00:00,1760882421.0,0.006
2025-10-19 15:00:00,1760886025.0,0.006
2025-10-19 16:00:00,1760889619.0,0.0145
2025-10-19 17:00:00,1760893221.0,0.0145
2025-10-19 18:00:00,1760896817.0,0.0145
2025-10-19 19:00:00,1760900403.0,0.0145
2025-10-19 20:00:00,1760904016.0,0.015
2025-10-19 21:00:00,1760907624.0,0.0145
2025-10-19 22:00:00,1760911218.0,0.0115
2025-10-19 23:00:00,1760914812.0,0.0065
2025-10-20 00:00:00,1760918417.0,0.0065
2025-10-20 01:00:00,1760922009.0,0.0065
2025-10-20 02:00:00,1760925613.0,0.0065
2025-10-20 03:00:00,1760929204.0,0.0065
2025-10-20 04:00:00,1760932815.0,0.007
2025-10-20 05:00:00,1760936407.0,0.007
2025-10-20 06:00:00,1760940017.0,0.007
2025-10-20 07:00:00,1760943605.0,0.007
2025-10-20 08:00:00,1760947209.0,0.007
2025-10-20 09:00:00,1760950814.0,0.009
2025-10-20 10:00:00,1760954411.0,0.0095
2025-10-20 11:00:00,1760958016.0,0.0095
2025-10-20 12:00:00,1760961627.0,0.009
2025-10-20 13:00:00,1760965204.0,0.009
2025-10-20 14:00:00,1760968804.0,0.009
2025-10-20 15:00:00,1760972406.0,0.009
2025-10-20 16:00:00,1760976010.0,0.009
2025-10-20 17:00:00,1760979617.0,0.009
2025-10-20 18:00:00,1760983219.0,0.009
2025-10-20 19:00:00,1760986809.0,0.009
2025-10-20 20:00:00,1760990416.0,0.0095
2025-10-20 21:00:00,1760994022.0,0.0095
2025-10-20 22:00:00,1760997614.0,0.0095
2025-10-20 23:00:00,1761001215.0,0.0095
2025-10-21 00:00:00,1761004808.0,0.0095
2025-10-21 01:00:00,1761008413.0,0.009
2025-10-21 02:00:00,1761012008.0,0.0105
2025-10-21 03:00:00,1761015618.0,0.012
2025-10-21 04:00:00,1761019212.0,0.011
2025-10-21 05:00:00,1761022809.0,0.0115
2025-10-21 06:00:00,1761026409.0,0.0115
2025-10-21 07:00:00,1761030012.0,0.0115
2025-10-21 08:00:00,1761033604.0,0.0115
2025-10-21 09:00:00,1761037226.0,0.0115
2025-10-21 10:00:00,1761040819.0,0.0115
2025-10-21 11:00:00,1761044411.0,0.0115
2025-10-21 12:00:00,1761048027.0,0.0115
2025-10-21 13:00:00,1761051617.0,0.0115
2025-10-21 14:00:00,1761055207.0,0.0115
2025-10-21 15:00:00,1761058825.0,0.0115
2025-10-21 16:00:00,1761062408.0,0.012
2025-10-21 17:00:00,1761066005.0,0.011
2025-10-21 18:00:00,1761069630.0,0.011
2025-10-21 19:00:00,1761073212.0,0.011
2025-10-21 20:00:00,1761076811.0,0.011
2025-10-21 21:00:00,1761080415.0,0.011
2025-10-21 22:00:00,1761084014.0,0.011
2025-10-21 23:00:00,1761087617.0,0.011
2025-10-22 00:00:00,1761091223.0,0.0095
2025-10-22 01:00:00,1761094817.0,0.0095
2025-10-22 02:00:00,1761098416.0,0.0095
2025-10-22 03:00:00,1761102032.0,0.0095
2025-10-22 04:00:00,1761105623.0,0.009
2025-10-22 05:00:00,1761109224.0,0.009
2025-10-22 06:00:00,1761112825.0,0.009
2025-10-22 07:00:00,1761116415.0,0.009
2025-10-22 08:00:00,1761120017.0,0.009
2025-10-22 09:00:00,1761123624.0,0.009
2025-10-22 10:00:00,1761127222.0,0.009
2025-10-22 11:00:00,1761130816.0,0.009
2025-10-22 12:00:00,1761134433.0,0.009
2025-10-22 13:00:00,1761138024.0,0.009
2025-10-22 14:00:00,1761141621.0,0.009
2025-10-22 15:00:00,1761145232.0,0.009
2025-10-22 16:00:00,1761148826.0,0.009
2025-10-22 17:00:00,1761152427.0,0.009
2025-10-22 18:00:00,1761156038.0,0.009
2025-10-22 19:00:00,1761159625.0,0.009
2025-10-22 20:00:00,1761163226.0,0.009
2025-10-22 21:00:00,1761166832.0,0.009
2025-10-22 22:00:00,1761170426.0,0.009
2025-10-22 23:00:00,1761174027.0,0.009
2025-10-23 00:00:00,1761177612.0,0.0095
2025-10-23 01:00:00,1761181211.0,0.0095
2025-10-23 02:00:00,1761184813.0,0.0095
2025-10-23 03:00:00,1761188416.0,0.0095
2025-10-23 04:00:00,1761192014.0,0.0095
2025-10-23 05:00:00,1761195616.0,0.0095
2025-10-23 06:00:00,1761199218.0,0.018
2025-10-23 07:00:00,1761202813.0,0.0185
2025-10-23 08:00:00,1761206418.0,0.0185
2025-10-23 09:00:00,1761210016.0,0.0185
2025-10-23 10:00:00,1761213616.0,0.015
2025-10-23 11:00:00,1761217219.0,0.0135
2025-10-23 12:00:00,1761220822.0,0.0125
2025-10-23 13:00:00,1761224418.0,0.011
2025-10-23 14:00:00,1761228048.0,0.01
2025-10-23 15:00:00,1761231618.0,0.0085
2025-10-23 16:00:00,1761235219.0,0.0075
2025-10-23 17:00:00,1761238821.0,0.006
2025-10-23 18:00:00,1761242420.0,0.0055
2025-10-23 19:00:00,1761246020.0,0.0055
2025-10-23 20:00:00,1761249620.0,0.006
2025-10-23 21:00:00,1761253222.0,0.0055
2025-10-23 22:00:00,1761256820.0,0.0055
2025-10-23 23:00:00,1761260420.0,0.006
2025-10-24 00:00:00,1761264019.0,0.0145
2025-10-24 01:00:00,1761267616.0,0.0115
2025-10-24 02:00:00,1761271219.0,0.007
2025-10-24 03:00:00,1761274821.0,0.0145
2025-10-24 04:00:00,1761278421.0,0.011
2025-10-24 05:00:00,1761282021.0,0.008
2025-10-24 06:00:00,1761285622.0,0.0125
2025-10-24 07:00:00,1761289222.0,0.0085
2025-10-24 08:00:00,1761292822.0,0.0075
2025-10-24 09:00:00,1761296423.0,0.0125
2025-10-24 10:00:00,1761300022.0,0.011
2025-10-24 11:00:00,1761303622.0,0.012
2025-10-24 12:00:00,1761307226.0,0.008
2025-10-24 13:00:00,1761310821.0,0.014
2025-10-24 14:00:00,1761314423.0,0.01
2025-10-24 15:00:00,1761318024.0,0.0075
2025-10-24 16:00:00,1761321621.0,0.011
2025-10-24 17:00:00,1761325223.0,0.0095
2025-10-24 18:00:00,1761328822.0,0.013
2025-10-24 19:00:00,1761332423.0,0.0115
2025-10-24 20:00:00,1761336022.0,0.008
2025-10-24 21:00:00,1761339624.0,0.014
2025-10-24 22:00:00,1761343222.0,0.0135
2025-10-24 23:00:00,1761346821.0,0.0095
2025-10-25 00:00:00,1761350418.0,0.014
2025-10-25 01:00:00,1761354014.0,0.0115
2025-10-25 02:00:00,1761357617.0,0.0095
2025-10-25 03:00:00,1761361221.0,0.0145
2025-10-25 04:00:00,1761364821.0,0.0115
2025-10-25 05:00:00,1761368421.0,0.0085
2025-10-25 06:00:00,1761372022.0,0.01
2025-10-25 07:00:00,1761375623.0,0.008
2025-10-25 08:00:00,1761379220.0,0.008
2025-10-25 09:00:00,1761382824.0,0.0095
2025-10-25 10:00:00,1761386423.0,0.008
2025-10-25 11:00:00,1761390021.0,0.0055
2025-10-25 12:00:00,1761393626.0,0.0095
2025-10-25 13:00:00,1761397221.0,0.009
2025-10-25 14:00:00,1761400822.0,0.0115
2025-10-25 15:00:00,1761404423.0,0.01
2025-10-25 16:00:00,1761408021.0,0.0085
2025-10-25 17:00:00,1761411626.0,0.0085
2025-10-25 18:00:00,1761415224.0,0.0065
2025-10-25 19:00:00,1761418822.0,0.0055
2025-10-25 20:00:00,1761422422.0,0.0055
2025-10-25 21:00:00,1761426024.0,0.005
2025-10-25 22:00:00,1761429622.0,0.005
2025-10-25 23:00:00,1761433222.0,0.005
2025-10-26 00:00:00,1761436821.0,0.005
2025-10-26 01:00:00,1761440416.0,0.005
2025-10-26 02:00:00,1761444019.0,0.005
2025-10-26 03:00:00,1761447623.0,0.005
2025-10-26 04:00:00,1761451221.0,0.005
2025-10-26 05:00:00,1761454821.0,0.005
2025-10-26 06:00:00,1761458423.0,0.005
2025-10-26 07:00:00,1761462022.0,0.005
2025-10-26 08:00:00,1761465621.0,0.005
2025-10-26 09:00:00,1761469223.0,0.005
2025-10-26 10:00:00,1761472821.0,0.005
2025-10-26 11:00:00,1761476420.0,0.005
2025-10-26 12:00:00,1761480028.0,0.005
2025-10-26 13:00:00,1761483620.0,0.005
2025-10-26 14:00:00,1761487222.0,0.005
2025-10-26 15:00:00,1761490820.0,0.005
2025-10-26 16:00:00,1761494419.0,0.005
2025-10-26 17:00:00,1761498020.0,0.005
2025-10-26 18:00:00,1761501622.0,0.005
2025-10-26 19:00:00,1761505217.0,0.005
2025-10-26 20:00:00,1761508820.0,0.005
2025-10-26 21:00:00,1761512422.0,0.005
2025-10-26 22:00:00,1761516019.0,0.005
2025-10-26 23:00:00,1761519619.0,0.005
2025-10-27 00:00:00,1761523218.0,0.005
2025-10-27 01:00:00,1761526814.0,0.005
2025-10-27 02:00:00,1761530418.0,0.005
2025-10-27 03:00:00,1761534020.0,0.005
2025-10-27 04:00:00,1761537617.0,0.005
2025-10-27 05:00:00,1761541218.0,0.005
2025-10-27 06:00:00,1761544820.0,0.005
2025-10-27 07:00:00,1761548416.0,0.005
2025-10-27 08:00:00,1761552019.0,0.005
2025-10-27 09:00:00,1761555620.0,0.005
2025-10-27 10:00:00,1761559218.0,0.0055
2025-10-27 11:00:00,1761562817.0,0.0055
2025-10-27 12:00:00,1761566424.0,0.0045
2025-10-27 13:00:00,1761570020.0,0.004
2025-10-27 14:00:00,1761573617.0,0.004
2025-10-27 15:00:00,1761577222.0,0.004
2025-10-27 16:00:00,1761580820.0,0.004
2025-10-27 17:00:00,1761584421.0,0.004
2025-10-27 18:00:00,1761588021.0,0.004
2025-10-27 19:00:00,1761591619.0,0.004
2025-10-27 20:00:00,1761595221.0,0.004
2025-10-27 21:00:00,1761598823.0,0.004
2025-10-27 22:00:00,1761602419.0,0.004
2025-10-27 23:00:00,1761606020.0,0.004
2025-10-28 00:00:00,1761609623.0,0.004
2025-10-28 01:00:00,1761613219.0,0.004
2025-10-28 02:00:00,1761616819.0,0.004
2025-10-28 03:00:00,1761620432.0,0.004
2025-10-28 04:00:00,1761624028.0,0.004
2025-10-28 05:00:00,1761627620.0,0.004
2025-10-28 06:00:00,1761631224.0,0.004
2025-10-28 07:00:00,1761634819.0,0.004
2025-10-28 08:00:00,1761638421.0,0.0035
2025-10-28 09:00:00,1761642021.0,0.0045
2025-10-28 10:00:00,1761645626.0,0.0035
2025-10-28 11:00:00,1761649227.0,0.0045
2025-10-28 12:00:00,1761652823.0,0.0035
2025-10-28 13:00:00,1761656429.0,0.0045
2025-10-28 14:00:00,1761660027.0,0.0045
2025-10-28 15:00:00,1761663630.0,0.0045
2025-10-28 16:00:00,1761667230.0,0.005
2025-10-28 17:00:00,1761670831.0,0.0075
2025-10-28 18:00:00,1761674431.0,0.005
2025-10-28 19:00:00,1761678030.0,0.005
2025-10-28 20:00:00,1761681631.0,0.005
2025-10-28 21:00:00,1761685230.0,0.005
2025-10-28 22:00:00,1761688828.0,0.005
2025-10-28 23:00:00,1761692430.0,0.005
2025-10-29 00:00:00,1761696022.0,0.005
2025-10-29 01:00:00,1761699616.0,0.005
2025-10-29 02:00:00,1761703216.0,0.005
2025-10-29 03:00:00,1761706828.0,0.005
2025-10-29 04:00:00,1761710425.0,0.005
2025-10-29 05:00:00,1761714028.0,0.005
2025-10-29 06:00:00,1761717622.0,0.005
2025-10-29 07:00:00,1761721219.0,0.005
2025-10-29 08:00:00,1761724828.0,0.0055
2025-10-29 09:00:00,1761728429.0,0.0055
2025-10-29 12:00:00,1761740242.0,0.005
2025-10-29 13:00:00,1761743357.0,0.005
2025-10-29 14:00:00,1761746420.0,0.005
2025-10-29 15:00:00,1761750021.0,0.005
2025-10-29 16:00:00,1761753620.0,0.005
2025-10-29 17:00:00,1761757223.0,0.005
2025-10-29 18:00:00,1761760823.0,0.005
2025-10-29 19:00:00,1761764422.0,0.0045
2025-10-29 20:00:00,1761768023.0,0.004
2025-10-29 21:00:00,1761771623.0,0.0045
2025-10-29 22:00:00,1761775223.0,0.0045
2025-10-29 23:00:00,1761778822.0,0.0045
2025-10-30 00:00:00,1761782422.0,0.004
2025-10-30 01:00:00,1761786018.0,0.004
2025-10-30 02:00:00,1761789620.0,0.004
2025-10-30 03:00:00,1761793224.0,0.0045
2025-10-30 04:00:00,1761796824.0,0.0045
2025-10-30 05:00:00,1761800424.0,0.0045
2025-10-30 06:00:00,1761804024.0,0.0045
2025-10-30 07:00:00,1761807624.0,0.0045
2025-10-30 08:00:00,1761811222.0,0.0045
2025-10-30 09:00:00,1761814825.0,0.0045
2025-10-30 10:00:00,1761818420.0,0.0045
2025-10-30 11:00:00,1761822024.0,0.0045
2025-10-30 12:00:00,1761825626.0,0.0045
2025-10-30 13:00:00,1761829222.0,0.0045
2025-10-30 14:00:00,1761832823.0,0.0025
2025-10-30 15:00:00,1761836424.0,0.0025
2025-10-30 16:00:00,1761840023.0,0.0025
2025-10-30 17:00:00,1761843625.0,0.0025
2025-10-30 18:00:00,1761847225.0,0.0025
2025-10-30 19:00:00,1761850823.0,0.0025
2025-10-30 20:00:00,1761854423.0,0.0025
2025-10-30 21:00:00,1761858026.0,0.0025
2025-10-30 22:00:00,1761861624.0,0.0025
2025-10-30 23:00:00,1761865225.0,0.0025
2025-10-31 00:00:00,1761868814.0,0.0025
2025-10-31 01:00:00,1761872414.0,0.0025
2025-10-31 02:00:00,1761876017.0,0.0025
2025-10-31 03:00:00,1761879620.0,0.0025
2025-10-31 04:00:00,1761883221.0,0.0025
2025-10-31 05:00:00,1761886822.0,0.0025
2025-10-31 06:00:00,1761890422.0,0.0025
2025-10-31 07:00:00,1761894022.0,0.0025
2025-10-31 08:00:00,1761897626.0,0.0025
2025-10-31 09:00:00,1761901222.0,0.0025
2025-10-31 10:00:00,1761904823.0,0.0025
2025-10-31 11:00:00,1761908421.0,0.0025
2025-10-31 12:00:00,1761912025.0,0.004
2025-10-31 13:00:00,1761915621.0,0.0045
2025-10-31 14:00:00,1761919222.0,0.0045
2025-10-31 15:00:00,1761922822.0,0.0045
2025-10-31 16:00:00,1761926423.0,0.0045
2025-10-31 17:00:00,1761930025.0,0.0045
2025-10-31 18:00:00,1761933624.0,0.0045
2025-10-31 19:00:00,1761937223.0,0.0045
2025-10-31 20:00:00,1761940822.0,0.0045
2025-10-31 21:00:00,1761944425.0,0.0045
2025-10-31 22:00:00,1761948023.0,0.0045
2025-10-31 23:00:00,1761951623.0,0.0045
2025-11-01 00:00:00,1761955221.0,0.0045
2025-11-01 01:00:00,1761958819.0,0.0045
2025-11-01 02:00:00,1761962421.0,0.0045
2025-11-01 03:00:00,1761966024.0,0.0045
2025-11-01 04:00:00,1761969623.0,0.0045
2025-11-01 05:00:00,1761973223.0,0.0045
2025-11-01 06:00:00,1761976825.0,0.0045
2025-11-01 07:00:00,1761980424.0,0.0045
2025-11-01 08:00:00,1761984023.0,0.0045
2025-11-01 09:00:00,1761987625.0,0.0045
2025-11-01 10:00:00,1761991225.0,0.0045
2025-11-01 11:00:00,1761994823.0,0.0045
2025-11-01 12:00:00,1761998429.0,0.0045
2025-11-01 13:00:00,1762002022.0,0.0045
2025-11-01 14:00:00,1762005624.0,0.0045
2025-11-01 15:00:00,1762009225.0,0.0045
2025-11-01 16:00:00,1762012823.0,0.0045
2025-11-01 17:00:00,1762016427.0,0.0045
2025-11-01 18:00:00,1762020024.0,0.0045
2025-11-01 19:00:00,1762023624.0,0.0045
2025-11-01 20:00:00,1762027224.0,0.0045
2025-11-01 21:00:00,1762030826.0,0.0045
2025-11-01 22:00:00,1762034424.0,0.0045
2025-11-01 23:00:00,1762038023.0,0.0045
2025-11-02 00:00:00,1762041617.0,0.0045
2025-11-02 01:00:00,1762045215.0,0.0045
2025-11-02 02:00:00,1762048818.0,0.0045
2025-11-02 03:00:00,1762052422.0,0.0045
2025-11-02 04:00:00,1762056021.0,0.0045
2025-11-02 05:00:00,1762059622.0,0.0045
2025-11-02 06:00:00,1762063223.0,0.0045
2025-11-02 07:00:00,1762066823.0,0.0045
2025-11-02 08:00:00,1762070421.0,0.0045
2025-11-02 09:00:00,1762074022.0,0.0045
2025-11-02 10:00:00,1762077622.0,0.0045
2025-11-02 11:00:00,1762081223.0,0.0045
2025-11-02 12:00:00,1762084825.0,0.0045
2025-11-02 13:00:00,1762088421.0,0.0055
2025-11-02 14:00:00,1762092022.0,0.0055
2025-11-02 15:00:00,1762095622.0,0.0055
2025-11-02 16:00:00,1762099221.0,0.0055
2025-11-02 17:00:00,1762102824.0,0.0055
2025-11-02 18:00:00,1762106425.0,0.0055
2025-11-02 19:00:00,1762110023.0,0.0065
2025-11-02 20:00:00,1762113622.0,0.0065
2025-11-02 21:00:00,1762117225.0,0.0065
2025-11-02 22:00:00,1762120823.0,0.0065
2025-11-02 23:00:00,1762124422.0,0.0065
2025-11-03 00:00:00,1762128020.0,0.007
2025-11-03 01:00:00,1762131619.0,0.007
2025-11-03 02:00:00,1762135220.0,0.007
2025-11-03 03:00:00,1762138823.0,0.007
2025-11-03 04:00:00,1762142422.0,0.007
2025-11-03 05:00:00,1762146022.0,0.007
2025-11-03 06:00:00,1762149624.0,0.007
2025-11-03 07:00:00,1762153223.0,0.007
2025-11-03 08:00:00,1762156822.0,0.0075
2025-11-03 09:00:00,1762160423.0,0.0075
2025-11-03 10:00:00,1762164022.0,0.0075
2025-11-03 11:00:00,1762167622.0,0.0075
2025-11-03 12:00:00,1762171225.0,0.0055
2025-11-03 13:00:00,1762174821.0,0.0055
2025-11-03 14:00:00,1762178421.0,0.006
2025-11-03 15:00:00,1762182023.0,0.0055
2025-11-03 16:00:00,1762185622.0,0.0055
2025-11-03 17:00:00,1762189223.0,0.006
2025-11-03 18:00:00,1762192824.0,0.006
2025-11-03 19:00:00,1762196423.0,0.006
2025-11-03 20:00:00,1762200023.0,0.006
2025-11-03 21:00:00,1762203627.0,0.006
2025-11-03 22:00:00,1762207224.0,0.006
2025-11-03 23:00:00,1762210824.0,0.0055
2025-11-04 00:00:00,1762214420.0,0.005
2025-11-04 01:00:00,1762218016.0,0.005
2025-11-04 02:00:00,1762221619.0,0.005
2025-11-04 03:00:00,1762225223.0,0.005
2025-11-04 04:00:00,1762228824.0,0.0045
2025-11-04 05:00:00,1762232422.0,0.0045
2025-11-04 06:00:00,1762236025.0,0.0045
2025-11-04 07:00:00,1762239624.0,0.004
2025-11-04 08:00:00,1762243223.0,0.004
2025-11-04 09:00:00,1762246826.0,0.0035
2025-11-04 10:00:00,1762250424.0,0.0035
2025-11-04 11:00:00,1762254024.0,0.0035
2025-11-04 12:00:00,1762257628.0,0.0035
2025-11-04 13:00:00,1762261223.0,0.0035
2025-11-04 14:00:00,1762264825.0,0.0035
2025-11-04 15:00:00,1762268425.0,0.0035
2025-11-04 16:00:00,1762272025.0,0.0035
2025-11-04 17:00:00,1762275626.0,0.0035
2025-11-04 18:00:00,1762279227.0,0.0035
2025-11-04 19:00:00,1762282825.0,0.0035
2025-11-04 20:00:00,1762286425.0,0.0035
2025-11-04 21:00:00,1762290028.0,0.0035
2025-11-04 22:00:00,1762293625.0,0.0035
2025-11-04 23:00:00,1762297224.0,0.0035
2025-11-05 00:00:00,1762300822.0,0.0035
2025-11-05 01:00:00,1762304420.0,0.0035
2025-11-05 02:00:00,1762308022.0,0.0035
2025-11-05 03:00:00,1762311625.0,0.0035
2025-11-05 04:00:00,1762315224.0,0.003
2025-11-05 05:00:00,1762318825.0,0.003
2025-11-05 06:00:00,1762322427.0,0.003
2025-11-05 07:00:00,1762326025.0,0.003
2025-11-05 08:00:00,1762329625.0,0.003
2025-11-05 09:00:00,1762333227.0,0.003
2025-11-05 10:00:00,1762336824.0,0.003
2025-11-05 11:00:00,1762340425.0,0.003
2025-11-05 12:00:00,1762344029.0,0.003
2025-11-05 13:00:00,1762347623.0,0.003
2025-11-05 14:00:00,1762351225.0,0.006
2025-11-05 15:00:00,1762354826.0,0.0055
2025-11-05 16:00:00,1762358424.0,0.0055
2025-11-05 17:00:00,1762362025.0,0.0055
2025-11-05 18:00:00,1762365625.0,0.0055
2025-11-05 19:00:00,1762369226.0,0.0055
2025-11-05 20:00:00,1762372824.0,0.0055
2025-11-05 21:00:00,1762376427.0,0.0055
2025-11-05 22:00:00,1762380024.0,0.0055
2025-11-05 23:00:00,1762383624.0,0.0055
2025-11-06 00:00:00,1762387214.0,0.0055
2025-11-06 01:00:00,1762390814.0,0.0055
2025-11-06 02:00:00,1762394418.0,0.0055
2025-11-06 03:00:00,1762398024.0,0.0055
2025-11-06 04:00:00,1762401623.0,0.0055
2025-11-06 05:00:00,1762405222.0,0.0055
2025-11-06 06:00:00,1762408825.0,0.0055
2025-11-06 07:00:00,1762412424.0,0.0055
2025-11-06 08:00:00,1762416021.0,0.0055
2025-11-06 09:00:00,1762419625.0,0.0055
2025-11-06 10:00:00,1762423218.0,0.0055
2025-11-06 11:00:00,1762426823.0,0.005
2025-11-06 12:00:00,1762430430.0,0.005
2025-11-06 13:00:00,1762434021.0,0.005
2025-11-06 14:00:00,1762437623.0,0.005
2025-11-06 15:00:00,1762441223.0,0.005
2025-11-06 16:00:00,1762444824.0,0.005
2025-11-06 17:00:00,1762448427.0,0.005
2025-11-06 18:00:00,1762452025.0,0.005
2025-11-06 19:00:00,1762455625.0,0.005
2025-11-06 20:00:00,1762459226.0,0.005
2025-11-06 21:00:00,1762462829.0,0.005
2025-11-06 22:00:00,1762466424.0,0.005
2025-11-06 23:00:00,1762470024.0,0.005
2025-11-07 00:00:00,1762473622.0,0.005
2025-11-07 01:00:00,1762477219.0,0.005
2025-11-07 02:00:00,1762480825.0,0.005
2025-11-07 03:00:00,1762484426.0,0.005
2025-11-07 04:00:00,1762488024.0,0.005
2025-11-07 05:00:00,1762491626.0,0.005
2025-11-07 06:00:00,1762495228.0,0.0045
2025-11-07 07:00:00,1762498825.0,0.0045
2025-11-07 08:00:00,1762502424.0,0.005
2025-11-07 09:00:00,1762506025.0,0.005
2025-11-07 10:00:00,1762509625.0,0.005
2025-11-07 11:00:00,1762513224.0,0.005
2025-11-07 12:00:00,1762516830.0,0.005
2025-11-07 13:00:00,1762520425.0,0.005
2025-11-07 14:00:00,1762524027.0,0.005
2025-11-07 15:00:00,1762527636.0,0.005
2025-11-07 16:00:00,1762531226.0,0.005
2025-11-07 17:00:00,1762534844.0,0.004
2025-11-07 18:00:00,1762538428.0,0.005
2025-11-07 19:00:00,1762542027.0,0.005
2025-11-07 20:00:00,1762545637.0,0.005
2025-11-07 21:00:00,1762549227.0,0.005
2025-11-07 22:00:00,1762552825.0,0.0045
2025-11-07 23:00:00,1762556440.0,0.0055
2025-11-08 00:00:00,1762560014.0,0.0055
2025-11-08 01:00:00,1762563615.0,0.0055
2025-11-08 02:00:00,1762567209.0,0.0055
2025-11-08 03:00:00,1762570822.0,0.0055
2025-11-08 04:00:00,1762574422.0,0.0055
2025-11-08 05:00:00,1762578009.0,0.0055
2025-11-08 06:00:00,1762581624.0,0.0055
2025-11-08 07:00:00,1762585223.0,0.0055
2025-11-08 08:00:00,1762588819.0,0.0055
2025-11-08 09:00:00,1762592423.0,0.0055
2025-11-08 10:00:00,1762596022.0,0.0055
2025-11-08 11:00:00,1762599634.0,0.0075
2025-11-08 12:00:00,1762603240.0,0.0055
2025-11-08 13:00:00,1762606822.0,0.0055
2025-11-08 14:00:00,1762610423.0,0.005
2025-11-08 15:00:00,1762614024.0,0.005
2025-11-08 16:00:00,1762617623.0,0.005
2025-11-08 17:00:00,1762621226.0,0.005
2025-11-08 18:00:00,1762624824.0,0.005
2025-11-08 19:00:00,1762628424.0,0.005
2025-11-08 20:00:00,1762632022.0,0.005
2025-11-08 21:00:00,1762635625.0,0.005
2025-11-08 22:00:00,1762639223.0,0.005
2025-11-08 23:00:00,1762642823.0,0.005
2025-11-09 00:00:00,1762646434.0,0.005
2025-11-09 01:00:00,1762650018.0,0.005
2025-11-09 02:00:00,1762653621.0,0.005
2025-11-09 03:00:00,1762657223.0,0.005
2025-11-09 04:00:00,1762660834.0,0.0055
2025-11-09 05:00:00,1762664422.0,0.0055
2025-11-09 06:00:00,1762668024.0,0.0055
2025-11-09 07:00:00,1762671623.0,0.0055
2025-11-09 08:00:00,1762675222.0,0.0055
2025-11-09 09:00:00,1762678824.0,0.0055
2025-11-09 10:00:00,1762682422.0,0.005
2025-11-09 11:00:00,1762686022.0,0.0045
2025-11-09 12:00:00,1762689626.0,0.0045
2025-11-09 13:00:00,1762693221.0,0.0045
2025-11-09 14:00:00,1762696822.0,0.0045
2025-11-09 15:00:00,1762700423.0,0.003
2025-11-09 16:00:00,1762704022.0,0.003
2025-11-09 17:00:00,1762707624.0,0.003
2025-11-09 18:00:00,1762711224.0,0.003
2025-11-09 19:00:00,1762714822.0,0.003
2025-11-09 20:00:00,1762718422.0,0.003
2025-11-09 21:00:00,1762722024.0,0.0035
2025-11-09 22:00:00,1762725623.0,0.0035
2025-11-09 23:00:00,1762729222.0,0.0035
2025-11-10 00:00:00,1762732814.0,0.0035
2025-11-10 01:00:00,1762736427.0,0.0035
2025-11-10 02:00:00,1762740017.0,0.0035
2025-11-10 03:00:00,1762743620.0,0.0035
2025-11-10 04:00:00,1762747222.0,0.004
2025-11-10 05:00:00,1762750822.0,0.004
2025-11-10 06:00:00,1762754423.0,0.004
2025-11-10 07:00:00,1762758022.0,0.004
2025-11-10 08:00:00,1762761620.0,0.004
2025-11-10 09:00:00,1762765234.0,0.004
2025-11-10 10:00:00,1762768823.0,0.004
2025-11-10 11:00:00,1762772421.0,0.004
2025-11-10 12:00:00,1762776025.0,0.004
2025-11-10 13:00:00,1762779622.0,0.004
2025-11-10 14:00:00,1762783223.0,0.004
2025-11-10 15:00:00,1762786825.0,0.004
2025-11-10 16:00:00,1762790425.0,0.004
2025-11-10 17:00:00,1762794024.0,0.004
2025-11-10 18:00:00,1762797625.0,0.004
2025-11-10 19:00:00,1762801223.0,0.004
2025-11-10 20:00:00,1762804824.0,0.004
2025-11-10 21:00:00,1762808426.0,0.004
2025-11-10 22:00:00,1762812023.0,0.004
2025-11-10 23:00:00,1762815624.0,0.004
2025-11-11 00:00:00,1762819223.0,0.0035
2025-11-11 01:00:00,1762822822.0,0.004
2025-11-11 02:00:00,1762826424.0,0.004
2025-11-11 03:00:00,1762830027.0,0.004
2025-11-11 04:00:00,1762833627.0,0.004
2025-11-11 05:00:00,1762837224.0,0.004
2025-11-11 06:00:00,1762840833.0,0.004
2025-11-11 07:00:00,1762844426.0,0.004
2025-11-11 08:00:00,1762848037.0,0.004
2025-11-11 09:00:00,1762851626.0,0.004
2025-11-11 10:00:00,1762855225.0,0.004
2025-11-11 11:00:00,1762858840.0,0.004
2025-11-11 12:00:00,1762862443.0,0.004
2025-11-11 13:00:00,1762866023.0,0.004
2025-11-11 14:00:00,1762869626.0,0.004
2025-11-11 15:00:00,1762873239.0,0.004
2025-11-11 16:00:00,1762876825.0,0.004
2025-11-11 17:00:00,1762880426.0,0.004
2025-11-11 18:00:00,1762884026.0,0.004
2025-11-11 19:00:00,1762887625.0,0.0035
2025-11-11 20:00:00,1762891226.0,0.0035
2025-11-11 21:00:00,1762894828.0,0.0035
2025-11-11 22:00:00,1762898424.0,0.0035
2025-11-11 23:00:00,1762902026.0,0.008
2025-11-12 00:00:00,1762905620.0,0.008
2025-11-12 01:00:00,1762909217.0,0.008
2025-11-12 02:00:00,1762912819.0,0.008
2025-11-12 03:00:00,1762916425.0,0.008
2025-11-12 04:00:00,1762920026.0,0.008
2025-11-12 05:00:00,1762923623.0,0.008
2025-11-12 06:00:00,1762927226.0,0.008
2025-11-12 07:00:00,1762930826.0,0.008
2025-11-12 08:00:00,1762934422.0,0.008
2025-11-12 09:00:00,1762938027.0,0.008
2025-11-12 10:00:00,1762941623.0,0.0085
2025-11-12 11:00:00,1762945224.0,0.0085
2025-11-12 12:00:00,1762948829.0,0.0085
2025-11-12 13:00:00,1762952423.0,0.0085
2025-11-12 14:00:00,1762956026.0,0.0085
2025-11-12 15:00:00,1762959626.0,0.008
2025-11-12 16:00:00,1762963226.0,0.008
2025-11-12 17:00:00,1762966842.0,0.008
2025-11-12 18:00:00,1762970428.0,0.008
2025-11-12 19:00:00,1762974027.0,0.008
2025-11-12 20:00:00,1762977625.0,0.008
2025-11-12 21:00:00,1762981229.0,0.008
2025-11-12 22:00:00,1762984825.0,0.008
2025-11-12 23:00:00,1762988426.0,0.008
2025-11-13 00:00:00,1762992021.0,0.0075
2025-11-13 01:00:00,1762995620.0,0.0075
2025-11-13 02:00:00,1762999212.0,0.0075
2025-11-13 03:00:00,1763002827.0,0.0075
2025-11-13 04:00:00,1763006427.0,0.0075
2025-11-13 05:00:00,1763010026.0,0.007
2025-11-13 06:00:00,1763013629.0,0.007
2025-11-13 07:00:00,1763017228.0,0.007
2025-11-13 08:00:00,1763020825.0,0.007
2025-11-13 09:00:00,1763024429.0,0.007
2025-11-13 10:00:00,1763028024.0,0.007
2025-11-13 11:00:00,1763031626.0,0.006
2025-11-13 12:00:00,1763035232.0,0.0055
2025-11-13 13:00:00,1763038825.0,0.0055
2025-11-13 14:00:00,1763042427.0,0.0055
2025-11-13 15:00:00,1763046028.0,0.0055
2025-11-13 16:00:00,1763049628.0,0.0055
2025-11-13 17:00:00,1763053232.0,0.0055
2025-11-13 18:00:00,1763056829.0,0.0055
2025-11-13 19:00:00,1763060443.0,0.0055
2025-11-13 20:00:00,1763064027.0,0.0035
2025-11-13 21:00:00,1763067630.0,0.0035
2025-11-13 22:00:00,1763071227.0,0.0035
2025-11-13 23:00:00,1763074828.0,0.0035
2025-11-14 00:00:00,1763078420.0,0.0035
2025-11-14 01:00:00,1763082018.0,0.0035
2025-11-14 02:00:00,1763085622.0,0.0035
2025-11-14 03:00:00,1763089225.0,0.0035
2025-11-14 04:00:00,1763092827.0,0.0035
2025-11-14 05:00:00,1763096425.0,0.0035
2025-11-14 06:00:00,1763100028.0,0.0035
2025-11-14 07:00:00,1763103628.0,0.0035
2025-11-14 08:00:00,1763107225.0,0.0035
2025-11-14 09:00:00,1763110828.0,0.0035
2025-11-14 10:00:00,1763114426.0,0.0035
2025-11-14 11:00:00,1763118027.0,0.0035
2025-11-14 12:00:00,1763121632.0,0.0035
2025-11-14 13:00:00,1763125238.0,0.0035
2025-11-14 14:00:00,1763128828.0,0.0035
2025-11-14 15:00:00,1763132427.0,0.0035
2025-11-14 16:00:00,1763136026.0,0.0035
2025-11-14 17:00:00,1763139630.0,0.0035
2025-11-14 18:00:00,1763143229.0,0.0035
2025-11-14 19:00:00,1763146829.0,0.0035
2025-11-14 20:00:00,1763150428.0,0.0035
2025-11-14 21:00:00,1763154043.0,0.0035
2025-11-14 22:00:00,1763157628.0,0.0035
2025-11-14 23:00:00,1763161226.0,0.0035
2025-11-15 00:00:00,1763164825.0,0.0035
2025-11-15 01:00:00,1763168422.0,0.0035
2025-11-15 02:00:00,1763172024.0,0.0035
2025-11-15 03:00:00,1763175629.0,0.0035
2025-11-15 04:00:00,1763179228.0,0.0035
2025-11-15 05:00:00,1763182827.0,0.0035
2025-11-15 06:00:00,1763186428.0,0.0035
2025-11-15 07:00:00,1763190029.0,0.0035
2025-11-15 08:00:00,1763193626.0,0.0035
2025-11-15 09:00:00,1763197230.0,0.0035
2025-11-15 10:00:00,1763200828.0,0.0035
2025-11-15 11:00:00,1763204427.0,0.0035
2025-11-15 12:00:00,1763208034.0,0.0035
2025-11-15 13:00:00,1763211626.0,0.0035
2025-11-15 14:00:00,1763215228.0,0.003
2025-11-15 15:00:00,1763218829.0,0.003
2025-11-15 16:00:00,1763222426.0,0.003
2025-11-15 17:00:00,1763226030.0,0.003
2025-11-15 18:00:00,1763229630.0,0.003
2025-11-15 19:00:00,1763233230.0,0.003
2025-11-15 20:00:00,1763236828.0,0.003
2025-11-15 21:00:00,1763240431.0,0.003
2025-11-15 22:00:00,1763244029.0,0.003
2025-11-15 23:00:00,1763247628.0,0.003
2025-11-16 00:00:00,1763251216.0,0.003
2025-11-16 01:00:00,1763254826.0,0.003
2025-11-16 02:00:00,1763258419.0,0.003
2025-11-16 03:00:00,1763262023.0,0.003
2025-11-16 04:00:00,1763265623.0,0.003
2025-11-16 05:00:00,1763269222.0,0.003
2025-11-16 06:00:00,1763272824.0,0.003
2025-11-16 07:00:00,1763276423.0,0.003
2025-11-16 08:00:00,1763280022.0,0.003
2025-11-16 09:00:00,1763283625.0,0.003
2025-11-16 10:00:00,1763287223.0,0.003
2025-11-16 11:00:00,1763290823.0,0.003
2025-11-16 12:00:00,1763294429.0,0.003
2025-11-16 13:00:00,1763298023.0,0.003
2025-11-16 14:00:00,1763301623.0,0.0035
2025-11-16 15:00:00,1763305225.0,0.0035
2025-11-16 16:00:00,1763308823.0,0.0035
2025-11-16 17:00:00,1763312428.0,0.0035
2025-11-16 18:00:00,1763316030.0,0.0035
2025-11-16 19:00:00,1763319625.0,0.0035
2025-11-16 20:00:00,1763323225.0,0.0035
2025-11-16 21:00:00,1763326829.0,0.0035
2025-11-16 22:00:00,1763330424.0,0.0035
2025-11-16 23:00:00,1763334024.0,0.0035
2025-11-17 00:00:00,1763337622.0,0.0035
2025-11-17 01:00:00,1763341219.0,0.0035
2025-11-17 02:00:00,1763344822.0,0.0035
2025-11-17 03:00:00,1763348425.0,0.0035
2025-11-17 04:00:00,1763352024.0,0.0035
2025-11-17 05:00:00,1763355624.0,0.0035
2025-11-17 06:00:00,1763359225.0,0.0035
2025-11-17 07:00:00,1763362825.0,0.0035
2025-11-17 08:00:00,1763366438.0,0.0035
2025-11-17 09:00:00,1763370045.0,0.0035
2025-11-17 10:00:00,1763373628.0,0.0035
2025-11-17 11:00:00,1763377224.0,0.0035
2025-11-17 12:00:00,1763380827.0,0.0035
2025-11-17 13:00:00,1763384423.0,0.0035
2025-11-17 14:00:00,1763388023.0,0.0035
2025-11-17 15:00:00,1763391641.0,0.0035
2025-11-17 16:00:00,1763395223.0,0.0035
2025-11-17 17:00:00,1763398827.0,0.0035
2025-11-17 18:00:00,1763402427.0,0.003
2025-11-17 19:00:00,1763406026.0,0.003
2025-11-17 20:00:00,1763409625.0,0.003
2025-11-17 21:00:00,1763413227.0,0.003
2025-11-17 22:00:00,1763416828.0,0.003
2025-11-17 23:00:00,1763420427.0,0.003
2025-11-18 00:00:00,1763424017.0,0.003
2025-11-18 01:00:00,1763427616.0,0.003
2025-11-18 02:00:00,1763431218.0,0.003
2025-11-18 03:00:00,1763434823.0,0.003
2025-11-18 04:00:00,1763438424.0,0.003
2025-11-18 05:00:00,1763442023.0,0.003
2025-11-18 06:00:00,1763445626.0,0.003
2025-11-18 07:00:00,1763449225.0,0.003
2025-11-18 08:00:00,1763452823.0,0.003
2025-11-18 09:00:00,1763456426.0,0.003
2025-11-18 10:00:00,1763460024.0,0.003
2025-11-18 11:00:00,1763463622.0,0.003
2025-11-18 12:00:00,1763467229.0,0.003
2025-11-18 13:00:00,1763470826.0,0.003
2025-11-18 14:00:00,1763474424.0,0.003
2025-11-18 15:00:00,1763478026.0,0.003
2025-11-18 16:00:00,1763481626.0,0.003
2025-11-18 17:00:00,1763485227.0,0.0025
2025-11-18 18:00:00,1763488828.0,0.0025
2025-11-18 19:00:00,1763492428.0,0.0025
2025-11-18 20:00:00,1763496026.0,0.0025
2025-11-18 21:00:00,1763499631.0,0.0025
2025-11-18 22:00:00,1763503227.0,0.0025
2025-11-18 23:00:00,1763506842.0,0.0025
2025-11-19 00:00:00,1763510425.0,0.0025
2025-11-19 01:00:00,1763514023.0,0.0025
2025-11-19 02:00:00,1763517625.0,0.0025
2025-11-19 03:00:00,1763521228.0,0.0025
2025-11-19 04:00:00,1763524828.0,0.0025
2025-11-19 05:00:00,1763528427.0,0.0025
2025-11-19 06:00:00,1763532030.0,0.0025
2025-11-19 07:00:00,1763535627.0,0.0025
2025-11-19 08:00:00,1763539227.0,0.0025
2025-11-19 09:00:00,1763542830.0,0.0025
2025-11-19 10:00:00,1763546427.0,0.0025
2025-11-19 11:00:00,1763550027.0,0.0025
2025-11-19 12:00:00,1763553633.0,0.0025
2025-11-19 13:00:00,1763557225.0,0.0025
2025-11-19 14:00:00,1763560839.0,0.0025
2025-11-19 15:00:00,1763564429.0,0.0025
2025-11-19 16:00:00,1763568039.0,0.0025
2025-11-19 17:00:00,1763571630.0,0.0025
2025-11-19 18:00:00,1763575237.0,0.0025
2025-11-19 19:00:00,1763578829.0,0.0025
2025-11-19 20:00:00,1763582426.0,0.0025
2025-11-19 21:00:00,1763586031.0,0.0025
2025-11-19 22:00:00,1763589628.0,0.0025
2025-11-19 23:00:00,1763593242.0,0.0025
2025-11-20 00:00:00,1763596816.0,0.0025
2025-11-20 01:00:00,1763600416.0,0.0025
2025-11-20 02:00:00,1763604021.0,0.0025
2025-11-20 03:00:00,1763607626.0,0.0025
2025-11-20 04:00:00,1763611228.0,0.0025
2025-11-20 05:00:00,1763614824.0,0.0025
2025-11-20 06:00:00,1763618430.0,0.0025
2025-11-20 07:00:00,1763622036.0,0.0025
2025-11-20 08:00:00,1763625625.0,0.0025
2025-11-20 09:00:00,1763629230.0,0.0025
2025-11-20 10:00:00,1763632825.0,0.0025
2025-11-20 11:00:00,1763636427.0,0.003
2025-11-20 12:00:00,1763640018.0,0.003
2025-11-20 13:00:00,1763643613.0,0.003
2025-11-20 14:00:00,1763647213.0,0.003
2025-11-20 15:00:00,1763650815.0,0.003
2025-11-20 16:00:00,1763654413.0,0.003
2025-11-20 17:00:00,1763658019.0,0.003
2025-11-20 18:00:00,1763661618.0,0.003
2025-11-20 19:00:00,1763665213.0,0.003
2025-11-20 20:00:00,1763668815.0,0.003
2025-11-20 21:00:00,1763672420.0,0.003
2025-11-20 22:00:00,1763676028.0,0.003
2025-11-20 23:00:00,1763679614.0,0.003
2025-11-21 00:00:00,1763683228.0,0.003
2025-11-21 01:00:00,1763686813.0,0.003
2025-11-21 02:00:00,1763690413.0,0.003
2025-11-21 03:00:00,1763694016.0,0.003
2025-11-21 04:00:00,1763697627.0,0.003
2025-11-21 05:00:00,1763701219.0,0.003
2025-11-21 06:00:00,1763704816.0,0.003
2025-11-21 07:00:00,1763708414.0,0.003
2025-11-21 08:00:00,1763712013.0,0.003
2025-11-21 09:00:00,1763715615.0,0.003
2025-11-21 10:00:00,1763719213.0,0.003
2025-11-21 11:00:00,1763722817.0,0.003
2025-11-21 12:00:00,1763726418.0,0.003
2025-11-21 13:00:00,1763730027.0,0.003
2025-11-21 14:00:00,1763733616.0,0.003
2025-11-21 15:00:00,1763737216.0,0.003
2025-11-21 16:00:00,1763740815.0,0.003
2025-11-21 17:00:00,1763744433.0,0.003
2025-11-21 18:00:00,1763748016.0,0.003
2025-11-21 19:00:00,1763751614.0,0.003
2025-11-21 20:00:00,1763755215.0,0.003
2025-11-21 21:00:00,1763758816.0,0.003
2025-11-21 22:00:00,1763762414.0,0.003
2025-11-21 23:00:00,1763766020.0,0.003
2025-11-22 00:00:00,1763769617.0,0.003
2025-11-22 01:00:00,1763773214.0,0.003
2025-11-22 02:00:00,1763776813.0,0.0035
2025-11-22 03:00:00,1763780416.0,0.0035
2025-11-22 04:00:00,1763784029.0,0.0035
2025-11-22 05:00:00,1763787619.0,0.0035
2025-11-22 06:00:00,1763791230.0,0.0035
2025-11-22 07:00:00,1763794813.0,0.0045
2025-11-22 08:00:00,1763798412.0,0.0045
2025-11-22 09:00:00,1763802016.0,0.0045
2025-11-22 10:00:00,1763805614.0,0.0045
2025-11-22 11:00:00,1763809215.0,0.005
2025-11-22 12:00:00,1763812817.0,0.005
2025-11-22 13:00:00,1763816426.0,0.005
2025-11-22 14:00:00,1763820015.0,0.005
2025-11-22 15:00:00,1763823614.0,0.0045
2025-11-22 16:00:00,1763827213.0,0.0045
2025-11-22 17:00:00,1763830832.0,0.004
2025-11-22 18:00:00,1763834415.0,0.004
2025-11-22 19:00:00,1763838013.0,0.004
2025-11-22 20:00:00,1763841614.0,0.004
2025-11-22 21:00:00,1763845216.0,0.004
2025-11-22 22:00:00,1763848812.0,0.004
2025-11-22 23:00:00,1763852413.0,0.004
2025-11-23 00:00:00,1763856019.0,0.004
2025-11-23 01:00:00,1763859625.0,0.004
2025-11-23 02:00:00,1763863213.0,0.004
2025-11-23 03:00:00,1763866818.0,0.004
2025-11-23 04:00:00,1763870412.0,0.004
2025-11-23 05:00:00,1763874012.0,0.004
2025-11-23 06:00:00,1763877629.0,0.004
2025-11-23 07:00:00,1763881212.0,0.004
2025-11-23 08:00:00,1763884812.0,0.004
2025-11-23 09:00:00,1763888415.0,0.0035
2025-11-23 10:00:00,1763892012.0,0.0035
2025-11-23 11:00:00,1763895615.0,0.0035
2025-11-23 12:00:00,1763899217.0,0.0035
2025-11-23 13:00:00,1763902812.0,0.0035
2025-11-23 14:00:00,1763906415.0,0.0035
2025-11-23 15:00:00,1763910015.0,0.0035
2025-11-23 16:00:00,1763913612.0,0.0035
2025-11-23 17:00:00,1763917235.0,0.0035
2025-11-23 18:00:00,1763920817.0,0.003
2025-11-23 19:00:00,1763924413.0,0.0025
2025-11-23 20:00:00,1763928014.0,0.0025
2025-11-23 21:00:00,1763931631.0,0.0025
2025-11-23 22:00:00,1763935213.0,0.0025
2025-11-23 23:00:00,1763938813.0,0.0025
2025-11-24 00:00:00,1763942416.0,0.0025
2025-11-24 01:00:00,1763946010.0,0.0025
2025-11-24 02:00:00,1763949609.0,0.0025
2025-11-24 03:00:00,1763953211.0,0.0025
2025-11-24 04:00:00,1763956809.0,0.0025
2025-11-24 05:00:00,1763960409.0,0.0025
2025-11-24 06:00:00,1763964023.0,0.0025
2025-11-24 07:00:00,1763967610.0,0.0025
2025-11-24 08:00:00,1763971209.0,0.0025
2025-11-24 09:00:00,1763974811.0,0.0025
2025-11-24 10:00:00,1763978410.0,0.0025
2025-11-24 11:00:00,1763982009.0,0.0025
2025-11-24 12:00:00,1763985612.0,0.0025
2025-11-24 13:00:00,1763989210.0,0.0025
2025-11-24 14:00:00,1763992812.0,0.0025
2025-11-24 15:00:00,1763996411.0,0.0025
2025-11-24 16:00:00,1764000010.0,0.0025
2025-11-24 17:00:00,1764003617.0,0.0025
2025-11-24 18:00:00,1764007212.0,0.0025
2025-11-24 19:00:00,1764010811.0,0.0025
2025-11-24 20:00:00,1764014412.0,0.0025
2025-11-24 21:00:00,1764018027.0,0.0025
2025-11-24 22:00:00,1764021626.0,0.0025
2025-11-24 23:00:00,1764025227.0,0.0025
2025-11-25 00:00:00,1764028823.0,0.0025
2025-11-25 01:00:00,1764032422.0,0.0025
2025-11-25 02:00:00,1764036024.0,0.0025
2025-11-25 03:00:00,1764039626.0,0.0025
2025-11-25 04:00:00,1764043228.0,0.0025
2025-11-25 05:00:00,1764046827.0,0.0025
2025-11-25 06:00:00,1764050428.0,0.0025
2025-11-25 07:00:00,1764054027.0,0.0025
2025-11-25 08:00:00,1764057626.0,0.0025
2025-11-25 09:00:00,1764061229.0,0.0025
2025-11-25 10:00:00,1764064827.0,0.0025
2025-11-25 11:00:00,1764068428.0,0.0025
2025-11-25 12:00:00,1764072031.0,0.0025
2025-11-25 13:00:00,1764075626.0,0.0025
2025-11-25 14:00:00,1764079228.0,0.002
2025-11-25 15:00:00,1764082827.0,0.002
2025-11-25 16:00:00,1764086428.0,0.002
2025-11-25 17:00:00,1764090030.0,0.002
2025-11-25 18:00:00,1764093629.0,0.0015
2025-11-25 19:00:00,1764097228.0,0.0015
2025-11-25 20:00:00,1764100829.0,0.0015
2025-11-25 21:00:00,1764104431.0,0.0015
2025-11-25 22:00:00,1764108029.0,0.0015
2025-11-25 23:00:00,1764111628.0,0.0015
2025-11-26 00:00:00,1764115218.0,0.0015
2025-11-26 01:00:00,1764118819.0,0.0015
2025-11-26 02:00:00,1764122421.0,0.0015
2025-11-26 03:00:00,1764126026.0,0.0015
2025-11-26 04:00:00,1764129628.0,0.003
2025-11-26 05:00:00,1764133226.0,0.003
2025-11-26 06:00:00,1764136841.0,0.003
2025-11-26 07:00:00,1764140428.0,0.003
2025-11-26 08:00:00,1764144029.0,0.0025
2025-11-26 09:00:00,1764147629.0,0.0025
2025-11-26 10:00:00,1764151226.0,0.0025
2025-11-26 11:00:00,1764154828.0,0.0025
2025-11-26 12:00:00,1764158446.0,0.002
2025-11-26 13:00:00,1764162026.0,0.002
2025-11-26 14:00:00,1764165630.0,0.002
2025-11-26 15:00:00,1764169227.0,0.002
2025-11-26 16:00:00,1764172829.0,0.002
2025-11-26 17:00:00,1764176433.0,0.002
2025-11-26 18:00:00,1764180031.0,0.002
2025-11-26 19:00:00,1764183633.0,0.002
2025-11-26 20:00:00,1764187229.0,0.002
2025-11-26 21:00:00,1764190833.0,0.002
2025-11-26 22:00:00,1764194429.0,0.002
2025-11-26 23:00:00,1764198030.0,0.002
2025-11-27 00:00:00,1764201623.0,0.0015
2025-11-27 01:00:00,1764205233.0,0.0015
2025-11-27 02:00:00,1764208826.0,0.0015
2025-11-27 03:00:00,1764212429.0,0.0015
2025-11-27 04:00:00,1764216030.0,0.0015
2025-11-27 05:00:00,1764219629.0,0.0015
2025-11-27 06:00:00,1764223231.0,0.002
2025-11-27 07:00:00,1764226832.0,0.002
2025-11-27 08:00:00,1764230428.0,0.002
2025-11-27 09:00:00,1764234032.0,0.002
2025-11-27 10:00:00,1764237630.0,0.002
2025-11-27 11:00:00,1764241230.0,0.002
2025-11-27 12:00:00,1764244837.0,0.002
2025-11-27 13:00:00,1764248427.0,0.002
2025-11-27 14:00:00,1764252030.0,0.002
2025-11-27 15:00:00,1764255629.0,0.0015
2025-11-27 16:00:00,1764259230.0,0.0015
2025-11-27 17:00:00,1764262834.0,0.0015
2025-11-27 18:00:00,1764266430.0,0.0015
2025-11-27 19:00:00,1764270031.0,0.0015
2025-11-27 20:00:00,1764273630.0,0.0015
2025-11-27 21:00:00,1764277233.0,0.0015
2025-11-27 22:00:00,1764280830.0,0.0015
2025-11-27 23:00:00,1764284432.0,0.0015
2025-11-28 00:00:00,1764288022.0,0.0015
2025-11-28 01:00:00,1764291621.0,0.0015
2025-11-28 02:00:00,1764295224.0,0.0015
2025-11-28 03:00:00,1764298827.0,0.0015
2025-11-28 04:00:00,1764302429.0,0.0015
2025-11-28 05:00:00,1764306027.0,0.0005
2025-11-28 06:00:00,1764309630.0,0.0005
2025-11-28 07:00:00,1764313231.0,0.0005
2025-11-28 08:00:00,1764316828.0,0.0005
2025-11-28 09:00:00,1764320432.0,0.0005
2025-11-28 10:00:00,1764324029.0,0.0005
2025-11-28 11:00:00,1764327629.0,0.0005
2025-11-28 12:00:00,1764331235.0,0.0005
2025-11-28 13:00:00,1764334829.0,0.0005
2025-11-28 14:00:00,1764338431.0,0.0005
2025-11-28 15:00:00,1764342030.0,0.0005
2025-11-28 16:00:00,1764345645.0,0.0005
2025-11-28 17:00:00,1764349236.0,0.0005
2025-11-28 18:00:00,1764352832.0,0.0015
2025-11-28 19:00:00,1764356433.0,0.001
2025-11-28 20:00:00,1764360030.0,0.001
2025-11-28 21:00:00,1764363636.0,0.001
2025-11-28 22:00:00,1764367233.0,0.001
2025-11-28 23:00:00,1764370830.0,0.001
2025-11-29 00:00:00,1764374430.0,0.001
2025-11-29 01:00:00,1764378026.0,0.001
2025-11-29 02:00:00,1764381630.0,0.001
2025-11-29 03:00:00,1764385216.0,0.001
2025-11-29 04:00:00,1764388831.0,0.001
2025-11-29 05:00:00,1764392430.0,0.001
2025-11-29 06:00:00,1764396031.0,0.001
2025-11-29 07:00:00,1764399633.0,0.001
2025-11-29 08:00:00,1764403230.0,0.001
2025-11-29 09:00:00,1764406834.0,0.001
2025-11-29 10:00:00,1764410446.0,0.001
2025-11-29 11:00:00,1764414031.0,0.0015
2025-11-29 12:00:00,1764417637.0,0.0015
2025-11-29 13:00:00,1764421229.0,0.0015
2025-11-29 14:00:00,1764424832.0,0.0015
2025-11-29 15:00:00,1764428432.0,0.0015
2025-11-29 16:00:00,1764432031.0,0.0015
2025-11-29 17:00:00,1764435634.0,0.0015
2025-11-29 18:00:00,1764439233.0,0.0015
2025-11-29 19:00:00,1764442833.0,0.0015
2025-11-29 20:00:00,1764446431.0,0.0005
2025-11-29 21:00:00,1764450035.0,0.0005
2025-11-29 22:00:00,1764453619.0,0.0005
2025-11-29 23:00:00,1764457230.0,0.0005
2025-11-30 00:00:00,1764460822.0,0.0005
2025-11-30 01:00:00,1764464422.0,0.0005
2025-11-30 02:00:00,1764468024.0,0.0005
2025-11-30 03:00:00,1764471628.0,0.0005
2025-11-30 04:00:00,1764475228.0,0.0005
2025-11-30 05:00:00,1764478826.0,0.0005
2025-11-30 06:00:00,1764482428.0,0.0005
2025-11-30 07:00:00,1764486032.0,0.0005
2025-11-30 08:00:00,1764489614.0,0.0005
2025-11-30 09:00:00,1764493231.0,0.0005
2025-11-30 10:00:00,1764496842.0,0.0005
2025-11-30 11:00:00,1764500428.0,0.0005
2025-11-30 12:00:00,1764504060.0,0.0005
2025-11-30 13:00:00,1764507613.0,0.0005
2025-11-30 14:00:00,1764511229.0,0.0005
2025-11-30 15:00:00,1764514841.0,0.0005
2025-11-30 16:00:00,1764518441.0,0.0005
2025-11-30 17:00:00,1764522032.0,0.0005
2025-11-30 18:00:00,1764525631.0,0.0005
2025-11-30 19:00:00,1764529231.0,0.0005
2025-11-30 20:00:00,1764532830.0,0.0005
2025-11-30 21:00:00,1764536432.0,0.0005
2025-11-30 22:00:00,1764540029.0,0.0015
2025-11-30 23:00:00,1764543634.0,0.0015
2025-12-01 00:00:00,1764547226.0,0.0015
2025-12-01 01:00:00,1764550824.0,0.0015
2025-12-01 02:00:00,1764554425.0,0.0015
2025-12-01 03:00:00,1764558040.0,0.0015
2025-12-01 04:00:00,1764561628.0,0.0015
2025-12-01 05:00:00,1764565229.0,0.001
2025-12-01 06:00:00,1764568829.0,0.0005
2025-12-01 07:00:00,1764572429.0,0.0005
2025-12-01 08:00:00,1764576026.0,0.0005
2025-12-01 09:00:00,1764579642.0,0.0005
2025-12-01 10:00:00,1764583241.0,0.0005
2025-12-01 11:00:00,1764586827.0,0.0015
2025-12-01 12:00:00,1764590442.0,0.0015
2025-12-01 13:00:00,1764594026.0,0.001
2025-12-01 14:00:00,1764597627.0,0.001
2025-12-01 15:00:00,1764601240.0,0.0015
2025-12-01 16:00:00,1764604839.0,0.0015
2025-12-01 17:00:00,1764608429.0,0.0015
2025-12-01 18:00:00,1764612042.0,0.0015
2025-12-01 19:00:00,1764615629.0,0.001
2025-12-01 20:00:00,1764619228.0,0.001
2025-12-01 21:00:00,1764622830.0,0.0015
2025-12-01 22:00:00,1764626428.0,0.0015
2025-12-01 23:00:00,1764630028.0,0.0015
2025-12-02 00:00:00,1764633617.0,0.0015
2025-12-02 01:00:00,1764637216.0,0.0015
2025-12-02 02:00:00,1764640820.0,0.0015
2025-12-02 03:00:00,1764644424.0,0.0015
2025-12-02 04:00:00,1764648026.0,0.0015
2025-12-02 05:00:00,1764651623.0,0.0015
2025-12-02 06:00:00,1764655227.0,0.0015
2025-12-02 07:00:00,1764658826.0,0.0015
2025-12-02 08:00:00,1764662423.0,0.0015
2025-12-02 09:00:00,1764666026.0,0.0015
2025-12-02 10:00:00,1764669624.0,0.002
2025-12-02 11:00:00,1764673227.0,0.0015
2025-12-02 12:00:00,1764676832.0,0.0015
2025-12-02 13:00:00,1764680424.0,0.002
2025-12-02 14:00:00,1764684027.0,0.0015
2025-12-02 15:00:00,1764687626.0,0.0015
2025-12-02 16:00:00,1764691211.0,0.0015
2025-12-02 17:00:00,1764694830.0,0.001
2025-12-02 18:00:00,1764698429.0,0.0015
2025-12-02 19:00:00,1764702028.0,0.0015
2025-12-02 20:00:00,1764705627.0,0.0005
2025-12-02 21:00:00,1764709230.0,0.0005
2025-12-02 22:00:00,1764712827.0,0.0005
2025-12-02 23:00:00,1764716428.0,0.0005
2025-12-03 00:00:00,1764720026.0,0.0015
2025-12-03 01:00:00,1764723622.0,0.0015
2025-12-03 02:00:00,1764727224.0,0.0015
2025-12-03 03:00:00,1764730828.0,0.0015
2025-12-03 04:00:00,1764734429.0,0.0015
2025-12-03 05:00:00,1764738027.0,0.0015
2025-12-03 06:00:00,1764741629.0,0.0015
2025-12-03 07:00:00,1764745230.0,0.0015
2025-12-03 08:00:00,1764748827.0,0.0015
2025-12-03 09:00:00,1764752431.0,0.0015
2025-12-03 10:00:00,1764756028.0,0.0015
2025-12-03 11:00:00,1764759629.0,0.0015
2025-12-03 12:00:00,1764763235.0,0.0015
2025-12-03 13:00:00,1764766827.0,0.0015
2025-12-03 14:00:00,1764770430.0,0.0015
2025-12-03 15:00:00,1764774014.0,0.0015
2025-12-03 16:00:00,1764777629.0,0.0015
2025-12-03 17:00:00,1764781231.0,0.0015
2025-12-03 18:00:00,1764784830.0,0.0015
2025-12-03 19:00:00,1764788431.0,0.0015
2025-12-03 20:00:00,1764792028.0,0.0015
2025-12-03 21:00:00,1764795633.0,0.0015
2025-12-03 22:00:00,1764799229.0,0.0015
2025-12-03 23:00:00,1764802829.0,0.0015
2025-12-04 00:00:00,1764806417.0,0.0005
2025-12-04 01:00:00,1764810016.0,0.0005
2025-12-04 02:00:00,1764813620.0,0.0005
2025-12-04 03:00:00,1764817226.0,0.0005
2025-12-04 04:00:00,1764820828.0,0.0005
2025-12-04 05:00:00,1764824425.0,0.0005
2025-12-04 06:00:00,1764828029.0,0.0005
2025-12-04 07:00:00,1764831629.0,0.0015
2025-12-04 08:00:00,1764835224.0,0.0015
2025-12-04 09:00:00,1764838835.0,0.0015
2025-12-04 10:00:00,1764842426.0,0.0015
2025-12-04 11:00:00,1764846027.0,0.0015
2025-12-04 12:00:00,1764849635.0,0.0015
2025-12-04 13:00:00,1764853225.0,0.003
2025-12-04 14:00:00,1764856827.0,0.003
2025-12-04 15:00:00,1764860427.0,0.003
2025-12-04 16:00:00,1764864012.0,0.0035
2025-12-04 17:00:00,1764867618.0,0.0035
2025-12-04 18:00:00,1764871217.0,0.0035
2025-12-04 19:00:00,1764874813.0,0.0025
2025-12-04 20:00:00,1764878413.0,0.003
2025-12-04 21:00:00,1764882015.0,0.0025
2025-12-04 22:00:00,1764885612.0,0.0025
2025-12-04 23:00:00,1764889213.0,0.0025
2025-12-05 00:00:00,1764892819.0,0.0025
2025-12-05 01:00:00,1764896413.0,0.0025
2025-12-05 02:00:00,1764900013.0,0.0025
2025-12-05 03:00:00,1764903618.0,0.0025
2025-12-05 04:00:00,1764907214.0,0.0025
2025-12-05 05:00:00,1764910813.0,0.004
2025-12-05 06:00:00,1764914415.0,0.004
2025-12-05 07:00:00,1764918013.0,0.003
2025-12-05 08:00:00,1764921614.0,0.004
2025-12-05 09:00:00,1764925216.0,0.004
2025-12-05 10:00:00,1764928814.0,0.004
2025-12-05 11:00:00,1764932413.0,0.004
2025-12-05 12:00:00,1764936022.0,0.004
2025-12-05 13:00:00,1764939613.0,0.004
2025-12-05 14:00:00,1764943214.0,0.004
2025-12-05 15:00:00,1764946816.0,0.0035
2025-12-05 16:00:00,1764950414.0,0.003
2025-12-05 17:00:00,1764954017.0,0.003
2025-12-05 18:00:00,1764957616.0,0.003
2025-12-05 19:00:00,1764961219.0,0.003
2025-12-05 20:00:00,1764964815.0,0.0025
2025-12-05 21:00:00,1764968419.0,0.0025
2025-12-05 22:00:00,1764972014.0,0.0025
2025-12-05 23:00:00,1764975614.0,0.0025
2025-12-06 00:00:00,1764979220.0,0.0025
2025-12-06 01:00:00,1764982815.0,0.0025
2025-12-06 02:00:00,1764986415.0,0.0025
2025-12-06 03:00:00,1764990017.0,0.0025
2025-12-06 04:00:00,1764993615.0,0.0025
2025-12-06 05:00:00,1764997214.0,0.002
2025-12-06 06:00:00,1765000817.0,0.002
2025-12-06 07:00:00,1765004433.0,0.002
2025-12-06 08:00:00,1765008015.0,0.002
2025-12-06 09:00:00,1765011620.0,0.002
2025-12-06 10:00:00,1765015217.0,0.002
2025-12-06 11:00:00,1765018816.0,0.0025
2025-12-06 12:00:00,1765022421.0,0.003
2025-12-06 13:00:00,1765026015.0,0.003
2025-12-06 14:00:00,1765029615.0,0.003
2025-12-06 15:00:00,1765033218.0,0.003
2025-12-06 16:00:00,1765036815.0,0.0025
2025-12-06 17:00:00,1765040424.0,0.0025
2025-12-06 18:00:00,1765044018.0,0.0025
2025-12-06 19:00:00,1765047618.0,0.002
2025-12-06 20:00:00,1765051216.0,0.002
2025-12-06 21:00:00,1765054818.0,0.002
2025-12-06 22:00:00,1765058415.0,0.002
2025-12-06 23:00:00,1765062014.0,0.002
2025-12-07 00:00:00,1765065633.0,0.002
2025-12-07 01:00:00,1765069217.0,0.002
2025-12-07 02:00:00,1765072814.0,0.0015
2025-12-07 03:00:00,1765076419.0,0.0025
2025-12-07 04:00:00,1765080014.0,0.0025
2025-12-07 05:00:00,1765083614.0,0.0015
2025-12-07 06:00:00,1765087232.0,0.0015
2025-12-07 07:00:00,1765090815.0,0.0015
2025-12-07 08:00:00,1765094415.0,0.0015
2025-12-07 09:00:00,1765098016.0,0.0015
2025-12-07 10:00:00,1765101614.0,0.0015
2025-12-07 11:00:00,1765105214.0,0.0015
2025-12-07 12:00:00,1765108824.0,0.0015
2025-12-07 13:00:00,1765112414.0,0.0015
2025-12-07 14:00:00,1765116014.0,0.0015
2025-12-07 15:00:00,1765119617.0,0.0015
2025-12-07 16:00:00,1765123214.0,0.0015
2025-12-07 17:00:00,1765126820.0,0.0015
2025-12-07 18:00:00,1765130432.0,0.0015
2025-12-07 19:00:00,1765134015.0,0.0015
2025-12-07 20:00:00,1765137629.0,0.0015
2025-12-07 21:00:00,1765141218.0,0.0015
2025-12-07 22:00:00,1765144814.0,0.0015
2025-12-07 23:00:00,1765148414.0,0.0015
2025-12-08 00:00:00,1765152032.0,0.0015
2025-12-08 01:00:00,1765155627.0,0.002
2025-12-08 02:00:00,1765159213.0,0.002
2025-12-08 03:00:00,1765162814.0,0.002
2025-12-08 04:00:00,1765166413.0,0.002
2025-12-08 05:00:00,1765170012.0,0.002
2025-12-08 06:00:00,1765173616.0,0.002
2025-12-08 07:00:00,1765177213.0,0.002
2025-12-08 08:00:00,1765180814.0,0.002
2025-12-08 09:00:00,1765184416.0,0.002
2025-12-08 10:00:00,1765188012.0,0.002
2025-12-08 11:00:00,1765191612.0,0.002
2025-12-08 12:00:00,1765195233.0,0.002
2025-12-08 13:00:00,1765198816.0,0.002
2025-12-08 14:00:00,1765202412.0,0.002
2025-12-08 15:00:00,1765206014.0,0.002
2025-12-08 16:00:00,1765209626.0,0.002
2025-12-08 17:00:00,1765213215.0,0.002
2025-12-08 18:00:00,1765216814.0,0.002
2025-12-08 19:00:00,1765220413.0,0.002
2025-12-08 20:00:00,1765224016.0,0.002
2025-12-08 21:00:00,1765227629.0,0.002
2025-12-08 22:00:00,1765231213.0,0.002
2025-12-08 23:00:00,1765234816.0,0.002
2025-12-09 00:00:00,1765238429.0,0.002
2025-12-09 01:00:00,1765242023.0,0.002
2025-12-09 02:00:00,1765245617.0,0.002
2025-12-09 03:00:00,1765249215.0,0.002
2025-12-09 04:00:00,1765252813.0,0.002
2025-12-09 05:00:00,1765256413.0,0.002
2025-12-09 06:00:00,1765260019.0,0.0025
2025-12-09 07:00:00,1765263626.0,0.002
2025-12-09 08:00:00,1765267218.0,0.002
2025-12-09 09:00:00,1765270818.0,0.002
2025-12-09 10:00:00,1765274414.0,0.002
2025-12-09 11:00:00,1765278015.0,0.002
2025-12-09 12:00:00,1765281618.0,0.002
2025-12-09 13:00:00,1765285218.0,0.002
2025-12-09 14:00:00,1765288831.0,0.002
2025-12-09 15:00:00,1765292420.0,0.002
2025-12-09 16:00:00,1765296014.0,0.003
2025-12-09 17:00:00,1765299619.0,0.004
2025-12-09 18:00:00,1765303216.0,0.0035
2025-12-09 19:00:00,1765306814.0,0.0035
2025-12-09 20:00:00,1765310416.0,0.0035
2025-12-09 21:00:00,1765314020.0,0.005
2025-12-09 22:00:00,1765317615.0,0.004
2025-12-09 23:00:00,1765321216.0,0.004
2025-12-10 00:00:00,1765324816.0,0.004
2025-12-10 01:00:00,1765328423.0,0.004
2025-12-10 02:00:00,1765332010.0,0.004
2025-12-10 03:00:00,1765335613.0,0.004
2025-12-10 04:00:00,1765339211.0,0.004
2025-12-10 05:00:00,1765342813.0,0.004
2025-12-10 06:00:00,1765346415.0,0.0055
2025-12-10 07:00:00,1765350011.0,0.004
2025-12-10 08:00:00,1765353612.0,0.004
2025-12-10 09:00:00,1765357227.0,0.004
2025-12-10 10:00:00,1765360810.0,0.005
2025-12-10 11:00:00,1765364411.0,0.005
2025-12-10 12:00:00,1765368033.0,0.005
2025-12-10 13:00:00,1765371611.0,0.005
2025-12-10 14:00:00,1765375210.0,0.006
2025-12-10 15:00:00,1765378815.0,0.0055
2025-12-10 16:00:00,1765382411.0,0.005
2025-12-10 17:00:00,1765386015.0,0.005
2025-12-10 18:00:00,1765389613.0,0.005
2025-12-10 19:00:00,1765393212.0,0.0045
2025-12-10 20:00:00,1765396811.0,0.0045
2025-12-10 21:00:00,1765400414.0,0.004
2025-12-10 22:00:00,1765404011.0,0.004
2025-12-10 23:00:00,1765407611.0,0.0025
2025-12-11 00:00:00,1765411217.0,0.0025
2025-12-11 01:00:00,1765414820.0,0.0025
2025-12-11 02:00:00,1765418423.0,0.0025
2025-12-11 03:00:00,1765422015.0,0.0045
2025-12-11 04:00:00,1765425630.0,0.0035
2025-12-11 05:00:00,1765429228.0,0.0035
2025-12-11 06:00:00,1765432814.0,0.0035
2025-12-11 07:00:00,1765436412.0,0.0035
2025-12-11 08:00:00,1765440013.0,0.003
2025-12-11 09:00:00,1765443615.0,0.0025
2025-12-11 10:00:00,1765447216.0,0.003
2025-12-11 11:00:00,1765450829.0,0.003
2025-12-11 12:00:00,1765454420.0,0.003
2025-12-11 13:00:00,1765458015.0,0.003
2025-12-11 14:00:00,1765461612.0,0.003
2025-12-11 15:00:00,1765465215.0,0.003
2025-12-11 16:00:00,1765468822.0,0.003
2025-12-11 17:00:00,1765472417.0,0.003
2025-12-11 18:00:00,1765476014.0,0.003
2025-12-11 19:00:00,1765479627.0,0.003
2025-12-11 20:00:00,1765483216.0,0.003
2025-12-11 21:00:00,1765486815.0,0.003
2025-12-11 22:00:00,1765490413.0,0.003
2025-12-11 23:00:00,1765494015.0,0.003
2025-12-12 00:00:00,1765497618.0,0.003
2025-12-12 01:00:00,1765501212.0,0.003
2025-12-12 02:00:00,1765504812.0,0.003
2025-12-12 03:00:00,1765508417.0,0.003
2025-12-12 04:00:00,1765512014.0,0.003
2025-12-12 05:00:00,1765515626.0,0.003
2025-12-12 06:00:00,1765519216.0,0.003
2025-12-12 07:00:00,1765522814.0,0.0025
2025-12-12 08:00:00,1765526413.0,0.0025
2025-12-12 09:00:00,1765530015.0,0.0025
2025-12-12 10:00:00,1765533613.0,0.0025
2025-12-12 11:00:00,1765537215.0,0.0025
2025-12-12 12:00:00,1765540820.0,0.0025
2025-12-12 13:00:00,1765544413.0,0.0025
2025-12-12 14:00:00,1765548013.0,0.0025
2025-12-12 15:00:00,1765551616.0,0.0025
2025-12-12 16:00:00,1765555214.0,0.0025
2025-12-12 17:00:00,1765558824.0,0.0025
2025-12-12 18:00:00,1765562417.0,0.0025
2025-12-12 19:00:00,1765566014.0,0.0025
2025-12-12 20:00:00,1765569617.0,0.0025
2025-12-12 21:00:00,1765573218.0,0.0025
2025-12-12 22:00:00,1765576818.0,0.0015
2025-12-12 23:00:00,1765580414.0,0.0015
2025-12-13 00:00:00,1765584020.0,0.0015
2025-12-13 01:00:00,1765587614.0,0.0015
2025-12-13 02:00:00,1765591214.0,0.0015
2025-12-13 03:00:00,1765594817.0,0.0015
2025-12-13 04:00:00,1765598415.0,0.0015
2025-12-13 05:00:00,1765602014.0,0.0015
2025-12-13 06:00:00,1765605633.0,0.0015
2025-12-13 07:00:00,1765609214.0,0.0015
2025-12-13 08:00:00,1765612815.0,0.0015
2025-12-13 09:00:00,1765616418.0,0.0015
2025-12-13 10:00:00,1765620014.0,0.0015
2025-12-13 11:00:00,1765623615.0,0.0015
2025-12-13 12:00:00,1765627222.0,0.0015
2025-12-13 13:00:00,1765630815.0,0.0015
2025-12-13 14:00:00,1765634432.0,0.0015
2025-12-13 15:00:00,1765638018.0,0.0015
2025-12-13 16:00:00,1765641614.0,0.0015
2025-12-13 17:00:00,1765645219.0,0.0015
2025-12-13 18:00:00,1765648819.0,0.0015
2025-12-13 19:00:00,1765652415.0,0.0015
2025-12-13 20:00:00,1765656016.0,0.0015
2025-12-13 21:00:00,1765659618.0,0.0015
2025-12-13 22:00:00,1765663217.0,0.0015
2025-12-13 23:00:00,1765666815.0,0.0015
2025-12-14 00:00:00,1765670421.0,0.002
2025-12-14 01:00:00,1765674015.0,0.0015
2025-12-14 02:00:00,1765677615.0,0.0015
2025-12-14 03:00:00,1765681218.0,0.0015
2025-12-14 04:00:00,1765684814.0,0.002
2025-12-14 05:00:00,1765688414.0,0.002
2025-12-14 06:00:00,1765692018.0,0.0025
2025-12-14 07:00:00,1765695615.0,0.0025
2025-12-14 08:00:00,1765699214.0,0.0025
2025-12-14 09:00:00,1765702818.0,0.0025
2025-12-14 10:00:00,1765706416.0,0.0025
2025-12-14 11:00:00,1765710014.0,0.0025
2025-12-14 12:00:00,1765713621.0,0.0025
2025-12-14 13:00:00,1765717214.0,0.0025
2025-12-14 14:00:00,1765720815.0,0.0025
2025-12-14 15:00:00,1765724419.0,0.0025
2025-12-14 16:00:00,1765728015.0,0.0025
2025-12-14 17:00:00,1765731620.0,0.0025
2025-12-14 18:00:00,1765735218.0,0.0025
2025-12-14 19:00:00,1765738818.0,0.0025
2025-12-14 20:00:00,1765742419.0,0.0025
2025-12-14 21:00:00,1765746019.0,0.0025
2025-12-14 22:00:00,1765749614.0,0.0025
2025-12-14 23:00:00,1765753214.0,0.0025
2025-12-15 00:00:00,1765756824.0,0.0025
2025-12-15 01:00:00,1765760414.0,0.0025
2025-12-15 02:00:00,1765764014.0,0.002
2025-12-15 03:00:00,1765767617.0,0.002
2025-12-15 04:00:00,1765771218.0,0.002
2025-12-15 05:00:00,1765774815.0,0.002
2025-12-15 06:00:00,1765778420.0,0.002
2025-12-15 07:00:00,1765782014.0,0.002
2025-12-15 08:00:00,1765785614.0,0.002
2025-12-15 09:00:00,1765789229.0,0.002
2025-12-15 10:00:00,1765792813.0,0.002
2025-12-15 11:00:00,1765796417.0,0.002
2025-12-15 12:00:00,1765800020.0,0.002
2025-12-15 13:00:00,1765803628.0,0.002
2025-12-15 14:00:00,1765807214.0,0.002
2025-12-15 15:00:00,1765810818.0,0.0015
2025-12-15 16:00:00,1765814414.0,0.0015
2025-12-15 17:00:00,1765818018.0,0.0015
2025-12-15 18:00:00,1765821634.0,0.0015
2025-12-15 19:00:00,1765825214.0,0.0015
2025-12-15 20:00:00,1765828814.0,0.0015
2025-12-15 21:00:00,1765832417.0,0.0015
2025-12-15 22:00:00,1765836030.0,0.0015
2025-12-15 23:00:00,1765839614.0,0.0015
2025-12-16 00:00:00,1765843220.0,0.0015
2025-12-16 01:00:00,1765846821.0,0.0015
2025-12-16 02:00:00,1765850413.0,0.0015
2025-12-16 03:00:00,1765854016.0,0.0015
2025-12-16 04:00:00,1765857613.0,0.0015
2025-12-16 05:00:00,1765861213.0,0.0015
2025-12-16 06:00:00,1765864817.0,0.0015
2025-12-16 07:00:00,1765868420.0,0.0015
2025-12-16 08:00:00,1765872027.0,0.0015
2025-12-16 09:00:00,1765875616.0,0.0015
2025-12-16 10:00:00,1765879213.0,0.0015
2025-12-16 11:00:00,1765882813.0,0.0015
2025-12-16 12:00:00,1765886433.0,0.0015
2025-12-16 13:00:00,1765890013.0,0.0015
2025-12-16 14:00:00,1765893628.0,0.0015
2025-12-16 15:00:00,1765897216.0,0.0015
2025-12-16 16:00:00,1765900830.0,0.0015
2025-12-16 17:00:00,1765904416.0,0.0015
2025-12-16 18:00:00,1765908017.0,0.0015
2025-12-16 19:00:00,1765911617.0,0.0015
2025-12-16 20:00:00,1765915214.0,0.0015
2025-12-16 21:00:00,1765918817.0,0.0015
2025-12-16 22:00:00,1765922414.0,0.0015
2025-12-16 23:00:00,1765926015.0,0.0015
2025-12-17 00:00:00,1765929616.0,0.0015
2025-12-17 01:00:00,1765933214.0,0.0015
2025-12-17 02:00:00,1765936815.0,0.0015
2025-12-17 03:00:00,1765940431.0,0.0015
2025-12-17 04:00:00,1765944014.0,0.0015
2025-12-17 05:00:00,1765947616.0,0.0015
2025-12-17 06:00:00,1765951233.0,0.0015
2025-12-17 07:00:00,1765954816.0,0.0015
2025-12-17 08:00:00,1765958426.0,0.0015
2025-12-17 09:00:00,1765962018.0,0.0015
2025-12-17 10:00:00,1765965616.0,0.0015
2025-12-17 11:00:00,1765969218.0,0.0015
2025-12-17 12:00:00,1765972830.0,0.0015
2025-12-17 13:00:00,1765976415.0,0.0015
2025-12-17 14:00:00,1765980015.0,0.0015
2025-12-17 15:00:00,1765983621.0,0.0015
2025-12-17 16:00:00,1765987216.0,0.0015
2025-12-17 17:00:00,1765990815.0,0.0015
2025-12-17 18:00:00,1765994418.0,0.0015
2025-12-17 19:00:00,1765998019.0,0.0015
2025-12-17 20:00:00,1766001614.0,0.0015
2025-12-17 21:00:00,1766005220.0,0.0015
2025-12-17 22:00:00,1766008815.0,0.0015
2025-12-17 23:00:00,1766012415.0,0.0015
2025-12-18 00:00:00,1766016027.0,0.0015
2025-12-18 01:00:00,1766019611.0,0.0015
2025-12-18 02:00:00,1766023212.0,0.0015
2025-12-18 03:00:00,1766026815.0,0.0015
2025-12-18 04:00:00,1766030411.0,0.0015
2025-12-18 05:00:00,1766034026.0,0.0015
2025-12-18 06:00:00,1766037616.0,0.0015
2025-12-18 07:00:00,1766041213.0,0.0015
2025-12-18 08:00:00,1766044812.0,0.0015
2025-12-18 09:00:00,1766048415.0,0.0015
2025-12-18 10:00:00,1766052028.0,0.0015
2025-12-18 11:00:00,1766055613.0,0.0015
2025-12-18 12:00:00,1766059218.0,0.0015
2025-12-18 13:00:00,1766062815.0,0.0015
2025-12-18 14:00:00,1766066427.0,0.0015
2025-12-18 15:00:00,1766070015.0,0.0015
2025-12-18 16:00:00,1766073630.0,0.0015
2025-12-18 17:00:00,1766077219.0,0.0015
2025-12-18 18:00:00,1766080818.0,0.0015
2025-12-18 19:00:00,1766084417.0,0.0015
2025-12-18 20:00:00,1766088015.0,0.0015
2025-12-18 21:00:00,1766091617.0,0.0015
2025-12-18 22:00:00,1766095215.0,0.0015
2025-12-18 23:00:00,1766098813.0,0.0015
2025-12-19 00:00:00,1766102418.0,0.0015
2025-12-19 01:00:00,1766106013.0,0.0015
2025-12-19 02:00:00,1766109614.0,0.0015
2025-12-19 03:00:00,1766113217.0,0.0015
2025-12-19 04:00:00,1766116815.0,0.0015
2025-12-19 05:00:00,1766120414.0,0.0015
2025-12-19 06:00:00,1766124017.0,0.0015
2025-12-19 07:00:00,1766127615.0,0.0015
2025-12-19 08:00:00,1766131215.0,0.0015
2025-12-19 09:00:00,1766134821.0,0.0015
2025-12-19 10:00:00,1766138414.0,0.0015
2025-12-19 11:00:00,1766142014.0,0.0015
2025-12-19 12:00:00,1766145620.0,0.0015
2025-12-19 13:00:00,1766149215.0,0.0015
2025-12-19 14:00:00,1766152815.0,0.0015
2025-12-19 15:00:00,1766156432.0,0.0015
2025-12-19 16:00:00,1766160029.0,0.0015
2025-12-19 17:00:00,1766163618.0,0.0015
2025-12-19 18:00:00,1766167216.0,0.0015
2025-12-19 19:00:00,1766170813.0,0.0015
2025-12-19 20:00:00,1766174414.0,0.0015
2025-12-19 21:00:00,1766178016.0,0.0015
2025-12-19 22:00:00,1766181613.0,0.0015
2025-12-19 23:00:00,1766185213.0,0.0015
2025-12-20 00:00:00,1766188818.0,0.0015
2025-12-20 01:00:00,1766192415.0,0.0015
2025-12-20 02:00:00,1766196013.0,0.0015
2025-12-20 03:00:00,1766199628.0,0.0015
2025-12-20 04:00:00,1766203214.0,0.0015
2025-12-20 05:00:00,1766206814.0,0.0015
2025-12-20 06:00:00,1766210416.0,0.0015
2025-12-20 07:00:00,1766214015.0,0.0015
2025-12-20 08:00:00,1766217614.0,0.0015
2025-12-20 09:00:00,1766221228.0,0.0015
2025-12-20 10:00:00,1766224814.0,0.0015
2025-12-20 11:00:00,1766228415.0,0.0015
2025-12-20 12:00:00,1766232022.0,0.0015
2025-12-20 13:00:00,1766235614.0,0.0015
2025-12-20 14:00:00,1766239215.0,0.0015
2025-12-20 15:00:00,1766242817.0,0.0015
2025-12-20 16:00:00,1766246415.0,0.0015
2025-12-20 17:00:00,1766250021.0,0.0015
2025-12-20 18:00:00,1766253617.0,0.0015
2025-12-20 19:00:00,1766257216.0,0.0015
2025-12-20 20:00:00,1766260820.0,0.0015
2025-12-20 21:00:00,1766264422.0,0.0015
2025-12-20 22:00:00,1766268016.0,0.0015
2025-12-20 23:00:00,1766271620.0,0.0015
2025-12-21 00:00:00,1766275219.0,0.0015
2025-12-21 01:00:00,1766278814.0,0.0015
2025-12-21 02:00:00,1766282414.0,0.0015
2025-12-21 03:00:00,1766286032.0,0.0015
2025-12-21 04:00:00,1766289630.0,0.0015
2025-12-21 05:00:00,1766293213.0,0.0015
2025-12-21 06:00:00,1766296818.0,0.0015
2025-12-21 07:00:00,1766300414.0,0.0015
2025-12-21 08:00:00,1766304015.0,0.0015
2025-12-21 09:00:00,1766307617.0,0.0015
2025-12-21 10:00:00,1766311214.0,0.0015
2025-12-21 11:00:00,1766314815.0,0.0015
2025-12-21 12:00:00,1766318419.0,0.0015
2025-12-21 13:00:00,1766322015.0,0.0015
2025-12-21 14:00:00,1766325614.0,0.0015
2025-12-21 15:00:00,1766329218.0,0.0015
2025-12-21 16:00:00,1766332814.0,0.0015
2025-12-21 17:00:00,1766336422.0,0.0015
2025-12-21 18:00:00,1766340019.0,0.0015
2025-12-21 19:00:00,1766343614.0,0.0015
2025-12-21 20:00:00,1766347217.0,0.0015
2025-12-21 21:00:00,1766350817.0,0.0015
2025-12-21 22:00:00,1766354414.0,0.0015
2025-12-21 23:00:00,1766358014.0,0.0015
2025-12-22 00:00:00,1766361619.0,0.0015
2025-12-22 01:00:00,1766365214.0,0.0015
2025-12-22 02:00:00,1766368814.0,0.0015
2025-12-22 03:00:00,1766372417.0,0.0015
2025-12-22 04:00:00,1766376021.0,0.0015
2025-12-22 05:00:00,1766379614.0,0.0015
2025-12-22 06:00:00,1766383217.0,0.0015
2025-12-22 07:00:00,1766386814.0,0.0015
2025-12-22 08:00:00,1766390428.0,0.0015
2025-12-22 09:00:00,1766394031.0,0.0015
2025-12-22 10:00:00,1766397615.0,0.0015
2025-12-22 11:00:00,1766401214.0,0.0015
2025-12-22 12:00:00,1766404819.0,0.0015
2025-12-22 13:00:00,1766408413.0,0.0015
2025-12-22 14:00:00,1766412016.0,0.0015
2025-12-22 15:00:00,1766415619.0,0.0015
2025-12-22 16:00:00,1766419214.0,0.0015
2025-12-22 17:00:00,1766422820.0,0.0015
2025-12-22 18:00:00,1766426417.0,0.0015
2025-12-22 19:00:00,1766430015.0,0.0015
2025-12-22 20:00:00,1766433628.0,0.0015
2025-12-22 21:00:00,1766437218.0,0.0015
2025-12-22 22:00:00,1766440827.0,0.0015
2025-12-22 23:00:00,1766444415.0,0.0015
2025-12-23 00:00:00,1766448021.0,0.0015
2025-12-23 01:00:00,1766451617.0,0.0015
2025-12-23 02:00:00,1766455215.0,0.0015
2025-12-23 03:00:00,1766458820.0,0.0015
2025-12-23 04:00:00,1766462428.0,0.0015
2025-12-23 05:00:00,1766466042.0,0.0015
2025-12-23 06:00:00,1766469634.0,0.0015
2025-12-23 07:00:00,1766473216.0,0.0015
2025-12-23 08:00:00,1766476829.0,0.0015
2025-12-23 09:00:00,1766480417.0,0.0015
2025-12-23 10:00:00,1766484016.0,0.0015
2025-12-23 11:00:00,1766487615.0,0.0015
2025-12-23 12:00:00,1766491223.0,0.0015
2025-12-23 13:00:00,1766494816.0,0.0015
2025-12-23 14:00:00,1766498415.0,0.0015
2025-12-23 15:00:00,1766502021.0,0.0015
2025-12-23 16:00:00,1766505615.0,0.0015
2025-12-23 17:00:00,1766509237.0,0.0015
2025-12-23 18:00:00,1766512818.0,0.0015
2025-12-23 19:00:00,1766516416.0,0.0015
2025-12-23 20:00:00,1766520016.0,0.0015
2025-12-23 21:00:00,1766523618.0,0.0015
2025-12-23 22:00:00,1766527218.0,0.0015
2025-12-23 23:00:00,1766530816.0,0.0015
2025-12-24 00:00:00,1766534421.0,0.0015
2025-12-24 01:00:00,1766538017.0,0.0015
2025-12-24 02:00:00,1766541614.0,0.0015
2025-12-24 03:00:00,1766545218.0,0.0015
2025-12-24 04:00:00,1766548815.0,0.0015
2025-12-24 05:00:00,1766552416.0,0.0015
2025-12-24 06:00:00,1766556019.0,0.0015
2025-12-24 07:00:00,1766559615.0,0.0015
2025-12-24 08:00:00,1766563217.0,0.0015
2025-12-24 09:00:00,1766566819.0,0.0015
2025-12-24 10:00:00,1766570417.0,0.0015
2025-12-24 11:00:00,1766574016.0,0.0015
2025-12-24 12:00:00,1766577620.0,0.0015
2025-12-24 13:00:00,1766581217.0,0.0015
2025-12-24 14:00:00,1766584816.0,0.0015
2025-12-24 15:00:00,1766588418.0,0.0015
2025-12-24 16:00:00,1766592015.0,0.0015
2025-12-24 17:00:00,1766595621.0,0.0015
2025-12-24 18:00:00,1766599218.0,0.0015
2025-12-24 19:00:00,1766602819.0,0.0015
2025-12-24 20:00:00,1766606416.0,0.0015
2025-12-24 21:00:00,1766610021.0,0.0015
2025-12-24 22:00:00,1766613618.0,0.0015
2025-12-24 23:00:00,1766617214.0,0.0015
2025-12-25 00:00:00,1766620830.0,0.0015
2025-12-25 01:00:00,1766624414.0,0.0015
2025-12-25 02:00:00,1766628015.0,0.0015
2025-12-25 03:00:00,1766631621.0,0.0015
2025-12-25 04:00:00,1766635217.0,0.0015
2025-12-25 05:00:00,1766638815.0,0.0015
2025-12-25 06:00:00,1766642420.0,0.0015
2025-12-25 07:00:00,1766646016.0,0.0015
2025-12-25 08:00:00,1766649618.0,0.0015
2025-12-25 09:00:00,1766653218.0,0.0015
2025-12-25 10:00:00,1766656815.0,0.0015
2025-12-25 11:00:00,1766660415.0,0.0015
2025-12-25 12:00:00,1766664022.0,0.0015
2025-12-25 13:00:00,1766667616.0,0.0015
2025-12-25 14:00:00,1766671216.0,0.0015
2025-12-25 15:00:00,1766674818.0,0.0015
2025-12-25 16:00:00,1766678415.0,0.0015
2025-12-25 17:00:00,1766682024.0,0.0015
2025-12-25 18:00:00,1766685621.0,0.0015
2025-12-25 19:00:00,1766689216.0,0.0015
2025-12-25 20:00:00,1766692819.0,0.0015
2025-12-25 21:00:00,1766696418.0,0.0015
2025-12-25 22:00:00,1766700019.0,0.0015
2025-12-25 23:00:00,1766703616.0,0.0015
2025-12-26 00:00:00,1766707215.0,0.0015
2025-12-26 01:00:00,1766710811.0,0.0015
2025-12-26 02:00:00,1766714412.0,0.0015
2025-12-26 03:00:00,1766718013.0,0.0015
2025-12-26 04:00:00,1766721612.0,0.0015
2025-12-26 05:00:00,1766725213.0,0.0015
2025-12-26 06:00:00,1766728813.0,0.0015
2025-12-26 07:00:00,1766732412.0,0.0015
2025-12-26 08:00:00,1766736012.0,0.0015
2025-12-26 09:00:00,1766739613.0,0.0015
2025-12-26 10:00:00,1766743212.0,0.0015
2025-12-26 11:00:00,1766746813.0,0.0015
2025-12-26 12:00:00,1766750418.0,0.0015
2025-12-26 13:00:00,1766754012.0,0.0015
2025-12-26 14:00:00,1766757612.0,0.0015
2025-12-26 15:00:00,1766761215.0,0.0015
2025-12-26 16:00:00,1766764813.0,0.0015
2025-12-26 17:00:00,1766768420.0,0.0015
2025-12-26 18:00:00,1766772014.0,0.0015
2025-12-26 19:00:00,1766775613.0,0.0015
2025-12-26 20:00:00,1766779214.0,0.0015
2025-12-26 21:00:00,1766782818.0,0.0015
2025-12-26 22:00:00,1766786413.0,0.0015
2025-12-26 23:00:00,1766790013.0,0.0015
2025-12-27 00:00:00,1766793619.0,0.0015
2025-12-27 01:00:00,1766797214.0,0.0015
2025-12-27 02:00:00,1766800818.0,0.0015
2025-12-27 03:00:00,1766804416.0,0.0015
2025-12-27 04:00:00,1766808017.0,0.0015
2025-12-27 05:00:00,1766811618.0,0.0015
2025-12-27 06:00:00,1766815216.0,0.0015
2025-12-27 07:00:00,1766818833.0,0.0015
2025-12-27 08:00:00,1766822415.0,0.0015
2025-12-27 09:00:00,1766826016.0,0.0015
2025-12-27 10:00:00,1766829615.0,0.0015
2025-12-27 11:00:00,1766833219.0,0.0015
2025-12-27 12:00:00,1766836819.0,0.0015
2025-12-27 13:00:00,1766840415.0,0.0015
2025-12-27 14:00:00,1766844016.0,0.0015
2025-12-27 15:00:00,1766847616.0,0.0015
2025-12-27 16:00:00,1766851215.0,0.0015
2025-12-27 17:00:00,1766854815.0,0.0015
2025-12-27 18:00:00,1766858417.0,0.0015
2025-12-27 19:00:00,1766862015.0,0.0015
2025-12-27 20:00:00,1766865615.0,0.0015
2025-12-27 21:00:00,1766869216.0,0.0015
2025-12-27 22:00:00,1766872816.0,0.0015
2025-12-27 23:00:00,1766876416.0,0.0015
2025-12-28 00:00:00,1766880020.0,0.0015
2025-12-28 01:00:00,1766883688.0,0.0015
2025-12-28 02:00:00,1766887215.0,0.0015
2025-12-28 03:00:00,1766890817.0,0.0015
2025-12-28 04:00:00,1766894416.0,0.0015
2025-12-28 05:00:00,1766898015.0,0.0015
2025-12-28 06:00:00,1766901617.0,0.0015
2025-12-28 07:00:00,1766905215.0,0.0015
2025-12-28 08:00:00,1766908817.0,0.0015
2025-12-28 09:00:00,1766912417.0,0.0015
2025-12-28 10:00:00,1766916018.0,0.0015
2025-12-28 11:00:00,1766919616.0,0.0015
2025-12-28 12:00:00,1766923220.0,0.0015
2025-12-28 13:00:00,1766926815.0,0.0015
2025-12-28 14:00:00,1766930415.0,0.0015
2025-12-28 15:00:00,1766934033.0,0.0015
2025-12-28 16:00:00,1766937631.0,0.0015
2025-12-28 17:00:00,1766941221.0,0.0015
2025-12-28 18:00:00,1766944818.0,0.0015
2025-12-28 19:00:00,1766948415.0,0.0015
2025-12-28 20:00:00,1766952032.0,0.0015
2025-12-28 21:00:00,1766955620.0,0.0015
2025-12-28 22:00:00,1766959217.0,0.0015
2025-12-28 23:00:00,1766962818.0,0.0015
2025-12-29 00:00:00,1766966436.0,0.0015
2025-12-29 01:00:00,1766970087.0,0.0015
2025-12-29 02:00:00,1766973616.0,0.0015
2025-12-29 03:00:00,1766977232.0,0.0015
2025-12-29 04:00:00,1766980815.0,0.0015
2025-12-29 05:00:00,1766984430.0,0.0015
2025-12-29 06:00:00,1766988018.0,0.0015
2025-12-29 07:00:00,1766991620.0,0.0015
2025-12-29 08:00:00,1766995233.0,0.0015
2025-12-29 09:00:00,1766998817.0,0.0015
2025-12-29 10:00:00,1767002419.0,0.0015
2025-12-29 11:00:00,1767006019.0,0.0015
2025-12-29 12:00:00,1767009620.0,0.0015
2025-12-29 13:00:00,1767013216.0,0.0015
2025-12-29 14:00:00,1767016816.0,0.0015
2025-12-29 15:00:00,1767020418.0,0.0015
2025-12-29 16:00:00,1767024015.0,0.0015
2025-12-29 17:00:00,1767027618.0,0.0015
2025-12-29 18:00:00,1767031217.0,0.0015
2025-12-29 19:00:00,1767034819.0,0.0015
2025-12-29 20:00:00,1767038416.0,0.0015
2025-12-29 21:00:00,1767042017.0,0.0015
2025-12-29 22:00:00,1767045619.0,0.0015
2025-12-29 23:00:00,1767049236.0,0.0015
2025-12-30 00:00:00,1767052823.0,0.0015
2025-12-30 01:00:00,1767056415.0,0.0015
2025-12-30 02:00:00,1767060016.0,0.0015
2025-12-30 03:00:00,1767063619.0,0.0015
2025-12-30 04:00:00,1767067216.0,0.0015
2025-12-30 05:00:00,1767070832.0,0.0015
2025-12-30 06:00:00,1767074418.0,0.0015
2025-12-30 07:00:00,1767078024.0,0.0015
2025-12-30 08:00:00,1767081618.0,0.0015
2025-12-30 09:00:00,1767085220.0,0.0015
2025-12-30 10:00:00,1767088816.0,0.0015
2025-12-30 11:00:00,1767092419.0,0.0015
2025-12-30 12:00:00,1767096024.0,0.0015
2025-12-30 13:00:00,1767099616.0,0.0015
2025-12-30 14:00:00,1767103216.0,0.0015
2025-12-30 15:00:00,1767106819.0,0.0015
2025-12-30 16:00:00,1767110417.0,0.0015
2025-12-30 17:00:00,1767114022.0,0.0015
2025-12-30 18:00:00,1767117623.0,0.0015
2025-12-30 19:00:00,1767121217.0,0.0015
2025-12-30 20:00:00,1767124836.0,0.0015
2025-12-30 21:00:00,1767128418.0,0.0015
2025-12-30 22:00:00,1767132018.0,0.0015
2025-12-30 23:00:00,1767135618.0,0.0015
2025-12-31 00:00:00,1767139221.0,0.0015
2025-12-31 01:00:00,1767142817.0,0.0015
2025-12-31 02:00:00,1767146418.0,0.0015
2025-12-31 03:00:00,1767150020.0,0.0015
2025-12-31 04:00:00,1767153638.0,0.0015
2025-12-31 05:00:00,1767157216.0,0.0015
2025-12-31 06:00:00,1767160819.0,0.0015
2025-12-31 07:00:00,1767164417.0,0.0015
2025-12-31 08:00:00,1767168021.0,0.0015
2025-12-31 09:00:00,1767171619.0,0.0015
2025-12-31 10:00:00,1767175217.0,0.0015
2025-12-31 11:00:00,1767178828.0,0.0015
2025-12-31 12:00:00,1767182421.0,0.0015
2025-12-31 13:00:00,1767186017.0,0.0015
2025-12-31 14:00:00,1767189620.0,0.0015
2025-12-31 15:00:00,1767193219.0,0.0015
2025-12-31 16:00:00,1767196821.0,0.0015
2025-12-31 17:00:00,1767200423.0,0.0015
2025-12-31 18:00:00,1767204021.0,0.0015
2025-12-31 19:00:00,1767207648.0,0.0015
2025-12-31 20:00:00,1767211219.0,0.0015
2025-12-31 21:00:00,1767214821.0,0.0015
2025-12-31 22:00:00,1767218419.0,0.0015
2025-12-31 23:00:00,1767222018.0,0.0015
2026-01-01 00:00:00,1767225621.0,0.0015
2026-01-01 01:00:00,1767229217.0,0.0015
2026-01-01 02:00:00,1767232817.0,0.0015
2026-01-01 03:00:00,1767236418.0,0.0015
2026-01-01 04:00:00,1767240032.0,0.0015
2026-01-01 05:00:00,1767243616.0,0.0015
2026-01-01 06:00:00,1767247219.0,0.0015
2026-01-01 07:00:00,1767250817.0,0.0015
2026-01-01 08:00:00,1767254416.0,0.0015
2026-01-01 09:00:00,1767258019.0,0.0015
2026-01-01 10:00:00,1767261618.0,0.0015
2026-01-01 11:00:00,1767265215.0,0.0015
2026-01-01 12:00:00,1767268822.0,0.0015
2026-01-01 13:00:00,1767272441.0,0.0015
2026-01-01 14:00:00,1767276015.0,0.0015
2026-01-01 15:00:00,1767279619.0,0.0015
2026-01-01 16:00:00,1767283215.0,0.0015
2026-01-01 17:00:00,1767286820.0,0.0015
2026-01-01 18:00:00,1767290418.0,0.0015
2026-01-01 19:00:00,1767294015.0,0.0015
2026-01-01 20:00:00,1767297628.0,0.0015
2026-01-01 21:00:00,1767301217.0,0.0015
2026-01-01 22:00:00,1767304832.0,0.0015
2026-01-01 23:00:00,1767308416.0,0.0015
2026-01-02 00:00:00,1767312019.0,0.0015
2026-01-02 01:00:00,1767315615.0,0.0015
2026-01-02 02:00:00,1767319216.0,0.0015
2026-01-02 03:00:00,1767322835.0,0.0015
2026-01-02 04:00:00,1767326415.0,0.0015
2026-01-02 05:00:00,1767330017.0,0.0015
2026-01-02 06:00:00,1767333617.0,0.0015
2026-01-02 07:00:00,1767337216.0,0.0015
2026-01-02 08:00:00,1767340819.0,0.0015
2026-01-02 09:00:00,1767344418.0,0.0015
2026-01-02 10:00:00,1767348018.0,0.0015
2026-01-02 11:00:00,1767351617.0,0.0015
2026-01-02 12:00:00,1767355220.0,0.0015
2026-01-02 13:00:00,1767358815.0,0.0015
2026-01-02 14:00:00,1767362416.0,0.0015
2026-01-02 15:00:00,1767366019.0,0.0015
2026-01-02 16:00:00,1767369617.0,0.0015
2026-01-02 17:00:00,1767373220.0,0.0015
2026-01-02 18:00:00,1767376833.0,0.0015
2026-01-02 19:00:00,1767380419.0,0.0015
2026-01-02 20:00:00,1767384018.0,0.0015
2026-01-02 21:00:00,1767387619.0,0.0015
2026-01-02 22:00:00,1767391220.0,0.0015
2026-01-02 23:00:00,1767394817.0,0.0015
2026-01-03 00:00:00,1767398417.0,0.0015
2026-01-03 01:00:00,1767402089.0,0.0015
2026-01-03 02:00:00,1767405613.0,0.0015
2026-01-03 03:00:00,1767409215.0,0.0015
2026-01-03 04:00:00,1767412822.0,0.0015
2026-01-03 05:00:00,1767416425.0,0.0015
2026-01-03 06:00:00,1767420033.0,0.0015
2026-01-03 07:00:00,1767423614.0,0.0015
2026-01-03 08:00:00,1767427213.0,0.0015
2026-01-03 09:00:00,1767430829.0,0.0015
2026-01-03 10:00:00,1767434414.0,0.0015
2026-01-03 11:00:00,1767438015.0,0.0015
2026-01-03 12:00:00,1767441620.0,0.0015
2026-01-03 13:00:00,1767445214.0,0.0015
2026-01-03 14:00:00,1767448815.0,0.0015
2026-01-03 15:00:00,1767452432.0,0.0015
2026-01-03 16:00:00,1767456015.0,0.0015
2026-01-03 17:00:00,1767459621.0,0.0015
2026-01-03 18:00:00,1767463217.0,0.0015
2026-01-03 19:00:00,1767466814.0,0.0015
2026-01-03 20:00:00,1767470417.0,0.0015
2026-01-03 21:00:00,1767474018.0,0.0015
2026-01-03 22:00:00,1767477615.0,0.0015
2026-01-03 23:00:00,1767481214.0,0.0015
2026-01-04 00:00:00,1767484820.0,0.0015
2026-01-04 01:00:00,1767488417.0,0.0015
2026-01-04 02:00:00,1767492015.0,0.0015
2026-01-04 03:00:00,1767495631.0,0.0015
2026-01-04 04:00:00,1767499218.0,0.0015
2026-01-04 05:00:00,1767502814.0,0.0015
2026-01-04 06:00:00,1767506417.0,0.0015
2026-01-04 07:00:00,1767510016.0,0.0015
2026-01-04 08:00:00,1767513615.0,0.0015
2026-01-04 09:00:00,1767517216.0,0.0015
2026-01-04 10:00:00,1767520814.0,0.0015
2026-01-04 11:00:00,1767524422.0,0.0015
2026-01-04 12:00:00,1767528022.0,0.0015
2026-01-04 13:00:00,1767531614.0,0.0015
2026-01-04 14:00:00,1767535217.0,0.0015
2026-01-04 15:00:00,1767538823.0,0.0015
2026-01-04 16:00:00,1767542433.0,0.0015
2026-01-04 17:00:00,1767546018.0,0.0015
2026-01-04 18:00:00,1767549621.0,0.0015
2026-01-04 19:00:00,1767553215.0,0.0015
2026-01-04 20:00:00,1767556834.0,0.0015
2026-01-04 21:00:00,1767560420.0,0.0015
2026-01-04 22:00:00,1767564016.0,0.0015
2026-01-04 23:00:00,1767567616.0,0.0015
2026-01-05 00:00:00,1767571222.0,0.0015
2026-01-05 01:00:00,1767574815.0,0.0015
2026-01-05 02:00:00,1767578415.0,0.0015
2026-01-05 03:00:00,1767582018.0,0.0015
2026-01-05 04:00:00,1767585615.0,0.0015
2026-01-05 05:00:00,1767589230.0,0.0015
2026-01-05 06:00:00,1767592819.0,0.0015
2026-01-05 07:00:00,1767596416.0,0.0015
2026-01-05 08:00:00,1767600017.0,0.0015
2026-01-05 09:00:00,1767603623.0,0.0015
2026-01-05 10:00:00,1767607215.0,0.0015
2026-01-05 11:00:00,1767610815.0,0.0015
2026-01-05 12:00:00,1767614420.0,0.0015
2026-01-05 13:00:00,1767618015.0,0.0015
2026-01-05 14:00:00,1767621615.0,0.0015
2026-01-05 15:00:00,1767625220.0,0.0015
2026-01-05 16:00:00,1767628816.0,0.0015
2026-01-05 17:00:00,1767632437.0,0.0015
2026-01-05 18:00:00,1767636019.0,0.0015
2026-01-05 19:00:00,1767639616.0,0.0015
2026-01-05 20:00:00,1767643216.0,0.0015
2026-01-05 21:00:00,1767646820.0,0.0015
2026-01-05 22:00:00,1767650433.0,0.0015
2026-01-05 23:00:00,1767654016.0,0.0015
2026-01-06 00:00:00,1767657624.0,0.0015
2026-01-06 01:00:00,1767661223.0,0.0015
2026-01-06 02:00:00,1767664819.0,0.0015
2026-01-06 03:00:00,1767668420.0,0.0015
2026-01-06 04:00:00,1767672021.0,0.0015
2026-01-06 05:00:00,1767675617.0,0.0015
2026-01-06 06:00:00,1767679225.0,0.0015
2026-01-06 07:00:00,1767682823.0,0.0015
2026-01-06 08:00:00,1767686423.0,0.0015
2026-01-06 09:00:00,1767690020.0,0.0015
2026-01-06 10:00:00,1767693617.0,0.0015
2026-01-06 11:00:00,1767697222.0,0.0015
2026-01-06 12:00:00,1767700822.0,0.0015
2026-01-06 13:00:00,1767704436.0,0.0015
2026-01-06 14:00:00,1767708020.0,0.0015
2026-01-06 15:00:00,1767711625.0,0.0015
2026-01-06 16:00:00,1767715217.0,0.0015
2026-01-06 17:00:00,1767718824.0,0.0015
2026-01-06 18:00:00,1767722420.0,0.0015
2026-01-06 19:00:00,1767726018.0,0.0015
2026-01-06 20:00:00,1767729619.0,0.0015
2026-01-06 21:00:00,1767733220.0,0.0015
2026-01-06 22:00:00,1767736818.0,0.0015
2026-01-06 23:00:00,1767740437.0,0.0015
2026-01-07 00:00:00,1767744022.0,0.0015
2026-01-07 01:00:00,1767747617.0,0.0015
2026-01-07 02:00:00,1767751218.0,0.0015
2026-01-07 03:00:00,1767754821.0,0.0015
2026-01-07 04:00:00,1767758417.0,0.0015
2026-01-07 05:00:00,1767762018.0,0.0015
2026-01-07 06:00:00,1767765625.0,0.0015
2026-01-07 07:00:00,1767769218.0,0.0015
2026-01-07 08:00:00,1767772820.0,0.0015
2026-01-07 09:00:00,1767776421.0,0.0015
2026-01-07 10:00:00,1767780023.0,0.0015
2026-01-07 11:00:00,1767783617.0,0.0015
2026-01-07 12:00:00,1767787227.0,0.0015
2026-01-07 13:00:00,1767790820.0,0.0015
2026-01-07 14:00:00,1767794418.0,0.0015
2026-01-07 15:00:00,1767798025.0,0.0015
2026-01-07 16:00:00,1767801619.0,0.0015
2026-01-07 17:00:00,1767805227.0,0.0015
2026-01-07 18:00:00,1767808821.0,0.0015
2026-01-07 19:00:00,1767812420.0,0.0015
2026-01-07 20:00:00,1767816020.0,0.0015
2026-01-07 21:00:00,1767819627.0,0.0015
2026-01-07 22:00:00,1767823223.0,0.0015
2026-01-07 23:00:00,1767826819.0,0.0015
2026-01-08 00:00:00,1767830438.0,0.0015
2026-01-08 01:00:00,1767834034.0,0.0015
2026-01-08 02:00:00,1767837618.0,0.0015
2026-01-08 03:00:00,1767841221.0,0.0015
2026-01-08 04:00:00,1767844818.0,0.0015
2026-01-08 05:00:00,1767848418.0,0.0015
2026-01-08 06:00:00,1767852021.0,0.0015
2026-01-08 07:00:00,1767855619.0,0.0005
2026-01-08 08:00:00,1767859229.0,0.0005
2026-01-08 09:00:00,1767862820.0,0.0005
2026-01-08 10:00:00,1767866438.0,0.0005
2026-01-08 11:00:00,1767870019.0,0.0005
2026-01-08 12:00:00,1767873644.0,0.0005
2026-01-08 13:00:00,1767877218.0,0.0005
2026-01-08 14:00:00,1767880822.0,0.0005
2026-01-08 15:00:00,1767884421.0,0.0005
2026-01-08 16:00:00,1767888033.0,0.0005
2026-01-08 17:00:00,1767891624.0,0.0005
2026-01-08 18:00:00,1767895221.0,0.0005
2026-01-08 19:00:00,1767898819.0,0.0005
2026-01-08 20:00:00,1767902420.0,0.0005
2026-01-08 21:00:00,1767906022.0,0.0005
2026-01-08 22:00:00,1767909622.0,0.0005
2026-01-08 23:00:00,1767913221.0,0.0005
2026-01-09 00:00:00,1767916823.0,0.0005
2026-01-09 01:00:00,1767920419.0,0.0005
2026-01-09 02:00:00,1767924019.0,0.0005
2026-01-09 03:00:00,1767927623.0,0.0015
2026-01-09 04:00:00,1767931219.0,0.0015
2026-01-09 05:00:00,1767934819.0,0.0015
2026-01-09 06:00:00,1767938422.0,0.0015
2026-01-09 07:00:00,1767942018.0,0.0015
2026-01-09 08:00:00,1767945620.0,0.0015
2026-01-09 09:00:00,1767949221.0,0.0015
2026-01-09 10:00:00,1767952820.0,0.0015
2026-01-09 11:00:00,1767956418.0,0.0015
2026-01-09 12:00:00,1767960037.0,0.0015
2026-01-09 13:00:00,1767963619.0,0.0015
2026-01-09 14:00:00,1767967219.0,0.0015
2026-01-09 15:00:00,1767970823.0,0.0015
2026-01-09 16:00:00,1767974421.0,0.0015
2026-01-09 17:00:00,1767978025.0,0.0015
2026-01-09 18:00:00,1767981624.0,0.0015
2026-01-09 19:00:00,1767985220.0,0.0015
2026-01-09 20:00:00,1767988841.0,0.0015
2026-01-09 21:00:00,1767992422.0,0.0015
2026-01-09 22:00:00,1767996021.0,0.0015
2026-01-09 23:00:00,1767999619.0,0.0015
2026-01-10 00:00:00,1768003223.0,0.0015
2026-01-10 01:00:00,1768006821.0,0.0015
2026-01-10 02:00:00,1768010418.0,0.0015
2026-01-10 03:00:00,1768014021.0,0.0015
2026-01-10 04:00:00,1768017618.0,0.0015
2026-01-10 05:00:00,1768021218.0,0.0015
2026-01-10 06:00:00,1768024824.0,0.0015
2026-01-10 07:00:00,1768028419.0,0.0015
2026-01-10 08:00:00,1768032034.0,0.0015
2026-01-10 09:00:00,1768035623.0,0.0015
2026-01-10 10:00:00,1768039223.0,0.0015
2026-01-10 11:00:00,1768042820.0,0.0015
2026-01-10 12:00:00,1768046426.0,0.0015
2026-01-10 13:00:00,1768050021.0,0.0015
2026-01-10 14:00:00,1768053624.0,0.0015
2026-01-10 15:00:00,1768057223.0,0.0015
2026-01-10 16:00:00,1768060831.0,0.0015
2026-01-10 17:00:00,1768064424.0,0.0015
2026-01-10 18:00:00,1768068025.0,0.0015
2026-01-10 19:00:00,1768071619.0,0.0015
2026-01-10 20:00:00,1768075220.0,0.0015
2026-01-10 21:00:00,1768078826.0,0.0015
2026-01-10 22:00:00,1768082420.0,0.0015
2026-01-10 23:00:00,1768086041.0,0.0015
2026-01-11 00:00:00,1768089620.0,0.0015
2026-01-11 01:00:00,1768093217.0,0.0015
2026-01-11 02:00:00,1768096829.0,0.0015
2026-01-11 03:00:00,1768100419.0,0.0015
2026-01-11 04:00:00,1768104017.0,0.0015
2026-01-11 05:00:00,1768107614.0,0.0015
2026-01-11 06:00:00,1768111219.0,0.0015
2026-01-11 07:00:00,1768114817.0,0.0015
2026-01-11 08:00:00,1768118417.0,0.0015
2026-01-11 09:00:00,1768122017.0,0.0015
2026-01-11 10:00:00,1768125614.0,0.0015
2026-01-11 11:00:00,1768129234.0,0.0015
2026-01-11 12:00:00,1768132820.0,0.0015
2026-01-11 13:00:00,1768136417.0,0.0015
2026-01-11 14:00:00,1768140018.0,0.0015
2026-01-11 15:00:00,1768143638.0,0.0015
2026-01-11 16:00:00,1768147215.0,0.0015
2026-01-11 17:00:00,1768150838.0,0.0015
2026-01-11 18:00:00,1768154424.0,0.0015
2026-01-11 19:00:00,1768158018.0,0.0015
2026-01-11 20:00:00,1768161622.0,0.0015
2026-01-11 21:00:00,1768165238.0,0.0015
2026-01-11 22:00:00,1768168821.0,0.0015
2026-01-11 23:00:00,1768172417.0,0.0015
2026-01-12 00:00:00,1768176023.0,0.0015
2026-01-12 01:00:00,1768179617.0,0.0015
2026-01-12 02:00:00,1768183227.0,0.0015
2026-01-12 03:00:00,1768186836.0,0.0015
2026-01-12 04:00:00,1768190419.0,0.0015
2026-01-12 05:00:00,1768194017.0,0.0015
2026-01-12 06:00:00,1768197619.0,0.0015
2026-01-12 07:00:00,1768201219.0,0.0015
2026-01-12 08:00:00,1768204819.0,0.0015
2026-01-12 09:00:00,1768208420.0,0.0015
2026-01-12 10:00:00,1768212016.0,0.0015
2026-01-12 11:00:00,1768215628.0,0.0015
2026-01-12 12:00:00,1768219227.0,0.0015
2026-01-12 13:00:00,1768222818.0,0.0015
2026-01-12 14:00:00,1768226416.0,0.0015
2026-01-12 15:00:00,1768230024.0,0.0015
2026-01-12 16:00:00,1768233616.0,0.0015
2026-01-12 17:00:00,1768237219.0,0.0015
2026-01-12 18:00:00,1768240847.0,0.0015
2026-01-12 19:00:00,1768244418.0,0.0015
2026-01-12 20:00:00,1768248023.0,0.0015
2026-01-12 21:00:00,1768251625.0,0.0015
2026-01-12 22:00:00,1768255246.0,0.0015
2026-01-12 23:00:00,1768258823.0,0.0015
2026-01-13 00:00:00,1768262424.0,0.0015
2026-01-13 01:00:00,1768266089.0,0.0015
2026-01-13 02:00:00,1768269617.0,0.0015
2026-01-13 03:00:00,1768273223.0,0.0015
2026-01-13 04:00:00,1768276818.0,0.0015
2026-01-13 05:00:00,1768280418.0,0.0015
2026-01-13 06:00:00,1768284023.0,0.0015
2026-01-13 07:00:00,1768287641.0,0.0015
2026-01-13 08:00:00,1768291232.0,0.0015
2026-01-13 09:00:00,1768294826.0,0.0015
2026-01-13 10:00:00,1768298418.0,0.0015
2026-01-13 11:00:00,1768302019.0,0.0015
2026-01-13 12:00:00,1768305627.0,0.0015
2026-01-13 13:00:00,1768309261.0,0.0015
2026-01-13 14:00:00,1768312833.0,0.0015
2026-01-13 15:00:00,1768316422.0,0.0015
2026-01-13 16:00:00,1768320038.0,0.0015
2026-01-13 17:00:00,1768323625.0,0.0015
2026-01-13 18:00:00,1768327224.0,0.0015
2026-01-13 19:00:00,1768330866.0,0.0015
2026-01-13 20:00:00,1768334419.0,0.0015
2026-01-13 21:00:00,1768338023.0,0.0015
2026-01-13 22:00:00,1768341623.0,0.0015
2026-01-13 23:00:00,1768345221.0,0.0015
2026-01-14 00:00:00,1768348825.0,0.0015
2026-01-14 01:00:00,1768352420.0,0.0015
2026-01-14 02:00:00,1768356021.0,0.0015
2026-01-14 03:00:00,1768359623.0,0.0015
2026-01-14 04:00:00,1768363223.0,0.0015
2026-01-14 05:00:00,1768366824.0,0.0015
2026-01-14 06:00:00,1768370424.0,0.0015
2026-01-14 07:00:00,1768374021.0,0.0015
2026-01-14 08:00:00,1768377635.0,0.0015
2026-01-14 09:00:00,1768381223.0,0.0015
2026-01-14 10:00:00,1768384819.0,0.0015
2026-01-14 11:00:00,1768388419.0,0.0015
2026-01-14 12:00:00,1768392026.0,0.0015
2026-01-14 13:00:00,1768395623.0,0.0015
2026-01-14 14:00:00,1768399219.0,0.0015
2026-01-14 15:00:00,1768402841.0,0.0015
2026-01-14 16:00:00,1768406434.0,0.0015
2026-01-14 17:00:00,1768410025.0,0.0015
2026-01-14 18:00:00,1768413626.0,0.0015
2026-01-14 19:00:00,1768417221.0,0.0015
2026-01-14 20:00:00,1768420822.0,0.0015
2026-01-14 21:00:00,1768424426.0,0.0015
2026-01-14 22:00:00,1768428024.0,0.0015
2026-01-14 23:00:00,1768431621.0,0.0015
2026-01-15 00:00:00,1768435227.0,0.0015
2026-01-15 01:00:00,1768438819.0,0.0015
2026-01-15 02:00:00,1768442420.0,0.0015
2026-01-15 03:00:00,1768446038.0,0.0015
2026-01-15 04:00:00,1768449621.0,0.0015
2026-01-15 05:00:00,1768453220.0,0.0015
2026-01-15 06:00:00,1768456825.0,0.0015
2026-01-15 07:00:00,1768460422.0,0.0015
2026-01-15 08:00:00,1768464020.0,0.0015
2026-01-15 09:00:00,1768467628.0,0.0015
2026-01-15 10:00:00,1768471221.0,0.0015
2026-01-15 11:00:00,1768474820.0,0.0015
2026-01-15 12:00:00,1768478426.0,0.0015
2026-01-15 13:00:00,1768482022.0,0.0015
2026-01-15 14:00:00,1768485620.0,0.0015
2026-01-15 15:00:00,1768489224.0,0.0015
2026-01-15 16:00:00,1768492820.0,0.0015
2026-01-15 17:00:00,1768496428.0,0.0015
2026-01-15 18:00:00,1768500037.0,0.0015
2026-01-15 19:00:00,1768503627.0,0.0015
2026-01-15 20:00:00,1768507224.0,0.0015
2026-01-15 21:00:00,1768510831.0,0.0015
2026-01-15 22:00:00,1768514422.0,0.0015
2026-01-15 23:00:00,1768518023.0,0.0015
2026-01-16 00:00:00,1768521630.0,0.0015
2026-01-16 01:00:00,1768525226.0,0.0015
2026-01-16 02:00:00,1768528822.0,0.0015
2026-01-16 03:00:00,1768532430.0,0.0015
2026-01-16 04:00:00,1768536022.0,0.0015
2026-01-16 05:00:00,1768539621.0,0.0015
2026-01-16 06:00:00,1768543225.0,0.0015
2026-01-16 07:00:00,1768546822.0,0.0015
2026-01-16 08:00:00,1768550422.0,0.0015
2026-01-16 09:00:00,1768554024.0,0.0015
2026-01-16 10:00:00,1768557621.0,0.0015
2026-01-16 11:00:00,1768561220.0,0.0015
2026-01-16 12:00:00,1768564827.0,0.0015
2026-01-16 13:00:00,1768568422.0,0.0015
2026-01-16 14:00:00,1768572021.0,0.0015
2026-01-16 15:00:00,1768575625.0,0.0015
2026-01-16 16:00:00,1768579221.0,0.0015
2026-01-16 17:00:00,1768582824.0,0.0015
2026-01-16 18:00:00,1768586426.0,0.0015
2026-01-16 19:00:00,1768590026.0,0.0015
2026-01-16 20:00:00,1768593622.0,0.0015
2026-01-16 21:00:00,1768597230.0,0.0015
2026-01-16 22:00:00,1768600845.0,0.0015
2026-01-16 23:00:00,1768604422.0,0.0015
2026-01-17 00:00:00,1768608026.0,0.0015
2026-01-17 01:00:00,1768611622.0,0.0015
2026-01-17 02:00:00,1768615222.0,0.0015
2026-01-17 03:00:00,1768618826.0,0.0015
2026-01-17 04:00:00,1768622421.0,0.0015
2026-01-17 05:00:00,1768626022.0,0.0015
2026-01-17 06:00:00,1768629625.0,0.0015
2026-01-17 07:00:00,1768633224.0,0.0015
2026-01-17 08:00:00,1768636821.0,0.0015
2026-01-17 09:00:00,1768640426.0,0.0015
2026-01-17 10:00:00,1768644036.0,0.0015
2026-01-17 11:00:00,1768647621.0,0.0015
2026-01-17 12:00:00,1768651242.0,0.0015
2026-01-17 13:00:00,1768654823.0,0.0015
2026-01-17 14:00:00,1768658445.0,0.0015
2026-01-17 15:00:00,1768662030.0,0.0015
2026-01-17 16:00:00,1768665621.0,0.0015
2026-01-17 17:00:00,1768669237.0,0.0015
2026-01-17 18:00:00,1768672828.0,0.0015
2026-01-17 19:00:00,1768676425.0,0.0015
2026-01-17 20:00:00,1768680044.0,0.0015
2026-01-17 21:00:00,1768683639.0,0.0015
2026-01-17 22:00:00,1768687222.0,0.0015
2026-01-17 23:00:00,1768690822.0,0.0015
2026-01-18 00:00:00,1768694442.0,0.0015
2026-01-18 01:00:00,1768698020.0,0.0015
2026-01-18 02:00:00,1768701652.0,0.0015
2026-01-18 03:00:00,1768705228.0,0.0015
2026-01-18 04:00:00,1768708825.0,0.0015
2026-01-18 05:00:00,1768712432.0,0.0015
2026-01-18 06:00:00,1768716054.0,0.0015
2026-01-18 07:00:00,1768719621.0,0.0015
2026-01-18 08:00:00,1768723255.0,0.0015
2026-01-18 09:00:00,1768726824.0,0.0015
2026-01-18 10:00:00,1768730420.0,0.0015
2026-01-18 11:00:00,1768734023.0,0.0015
2026-01-18 12:00:00,1768737642.0,0.0015
2026-01-18 13:00:00,1768741234.0,0.0015
2026-01-18 14:00:00,1768744822.0,0.0015
2026-01-18 15:00:00,1768748425.0,0.0015
2026-01-18 16:00:00,1768752020.0,0.0015
2026-01-18 17:00:00,1768755642.0,0.0015
2026-01-18 18:00:00,1768759242.0,0.0015
2026-01-18 19:00:00,1768762821.0,0.0015
2026-01-18 20:00:00,1768766426.0,0.0015
2026-01-18 21:00:00,1768770026.0,0.0015
2026-01-18 22:00:00,1768773620.0,0.0015
2026-01-18 23:00:00,1768777225.0,0.0015
2026-01-19 00:00:00,1768780822.0,0.0015
2026-01-19 01:00:00,1768784510.0,0.0015
2026-01-19 02:00:00,1768788033.0,0.0015
2026-01-19 03:00:00,1768791621.0,0.0015
2026-01-19 04:00:00,1768795222.0,0.0015
2026-01-19 05:00:00,1768798827.0,0.0015
2026-01-19 06:00:00,1768802421.0,0.0015
2026-01-19 07:00:00,1768806035.0,0.0015
2026-01-19 08:00:00,1768809628.0,0.0015
2026-01-19 09:00:00,1768813224.0,0.0015
2026-01-19 10:00:00,1768816816.0,0.0015
2026-01-19 11:00:00,1768820427.0,0.0015
2026-01-19 12:00:00,1768824026.0,0.0015
2026-01-19 13:00:00,1768827616.0,0.0015
2026-01-19 14:00:00,1768831216.0,0.0015
2026-01-19 15:00:00,1768834823.0,0.0015
2026-01-19 16:00:00,1768838417.0,0.0015
2026-01-19 17:00:00,1768842032.0,0.0015
2026-01-19 18:00:00,1768845625.0,0.0015
2026-01-19 19:00:00,1768849219.0,0.0015
2026-01-19 20:00:00,1768852825.0,0.0015
2026-01-19 21:00:00,1768856423.0,0.0015
2026-01-19 22:00:00,1768860022.0,0.0015
2026-01-19 23:00:00,1768863632.0,0.0015
2026-01-20 00:00:00,1768867224.0,0.0015
2026-01-20 01:00:00,1768870817.0,0.0015
2026-01-20 02:00:00,1768874418.0,0.0015
2026-01-20 03:00:00,1768878037.0,0.0015
2026-01-20 04:00:00,1768881640.0,0.0015
2026-01-20 05:00:00,1768885232.0,0.0015
2026-01-20 06:00:00,1768888827.0,0.0015
2026-01-20 07:00:00,1768892419.0,0.0015
2026-01-20 08:00:00,1768896019.0,0.0015
2026-01-20 09:00:00,1768899621.0,0.0015
2026-01-20 10:00:00,1768903222.0,0.0015
2026-01-20 11:00:00,1768906818.0,0.0015
2026-01-20 12:00:00,1768910425.0,0.0015
2026-01-20 13:00:00,1768914019.0,0.0015
2026-01-20 14:00:00,1768917619.0,0.0015
2026-01-20 15:00:00,1768921224.0,0.0015
2026-01-20 16:00:00,1768924817.0,0.0015
2026-01-20 17:00:00,1768928421.0,0.0015
2026-01-20 18:00:00,1768932022.0,0.0015
2026-01-20 19:00:00,1768935618.0,0.0015
2026-01-20 20:00:00,1768939220.0,0.0015
2026-01-20 21:00:00,1768942840.0,0.0015
2026-01-20 22:00:00,1768946419.0,0.0015
2026-01-20 23:00:00,1768950019.0,0.0015
2026-01-21 00:00:00,1768953626.0,0.0015
2026-01-21 01:00:00,1768957218.0,0.0015
2026-01-21 02:00:00,1768960820.0,0.0015
2026-01-21 03:00:00,1768964426.0,0.0015
2026-01-21 04:00:00,1768968018.0,0.0015
2026-01-21 05:00:00,1768971618.0,0.0015
2026-01-21 06:00:00,1768975224.0,0.0015
2026-01-21 07:00:00,1768978821.0,0.0015
2026-01-21 08:00:00,1768982420.0,0.0015
2026-01-21 09:00:00,1768986054.0,0.0015
2026-01-21 10:00:00,1768989621.0,0.0015
2026-01-21 11:00:00,1768993221.0,0.0015
2026-01-21 12:00:00,1768996850.0,0.0015
2026-01-21 13:00:00,1769000419.0,0.0015
2026-01-21 14:00:00,1769004023.0,0.0015
2026-01-21 15:00:00,1769007623.0,0.0015
2026-01-21 16:00:00,1769011223.0,0.0015
2026-01-21 17:00:00,1769014829.0,0.0015
2026-01-21 18:00:00,1769018449.0,0.0015
2026-01-21 19:00:00,1769022035.0,0.0015
2026-01-21 20:00:00,1769025623.0,0.0015
2026-01-21 21:00:00,1769029260.0,0.0015
2026-01-21 22:00:00,1769032822.0,0.0015
2026-01-21 23:00:00,1769036422.0,0.0015
2026-01-22 00:00:00,1769040037.0,0.0015
2026-01-22 01:00:00,1769043620.0,0.0015
2026-01-22 02:00:00,1769047224.0,0.0015
2026-01-22 03:00:00,1769050832.0,0.0015
2026-01-22 04:00:00,1769054420.0,0.0015
2026-01-22 05:00:00,1769058020.0,0.0015
2026-01-22 06:00:00,1769061624.0,0.0015
2026-01-22 07:00:00,1769065222.0,0.0015
2026-01-22 08:00:00,1769068825.0,0.0015
2026-01-22 09:00:00,1769072433.0,0.0015
2026-01-22 10:00:00,1769076021.0,0.0015
2026-01-22 11:00:00,1769079621.0,0.0015
2026-01-22 12:00:00,1769083256.0,0.0015
2026-01-22 13:00:00,1769086821.0,0.0015
2026-01-22 14:00:00,1769090424.0,0.0015
2026-01-22 15:00:00,1769094044.0,0.0015
2026-01-22 16:00:00,1769097621.0,0.0015
2026-01-22 17:00:00,1769101225.0,0.0015
2026-01-22 18:00:00,1769104846.0,0.0015
2026-01-22 19:00:00,1769108421.0,0.0015
2026-01-22 20:00:00,1769112023.0,0.0015
2026-01-22 21:00:00,1769115635.0,0.0015
2026-01-22 22:00:00,1769119222.0,0.0015
2026-01-22 23:00:00,1769122822.0,0.0015
2026-01-23 00:00:00,1769126443.0,0.0015
2026-01-23 01:00:00,1769130021.0,0.0015
2026-01-23 02:00:00,1769133622.0,0.0015
2026-01-23 03:00:00,1769137238.0,0.0015
2026-01-23 04:00:00,1769140822.0,0.0015
2026-01-23 05:00:00,1769144419.0,0.0015
2026-01-23 06:00:00,1769148026.0,0.0015
2026-01-23 07:00:00,1769151622.0,0.0015
2026-01-23 08:00:00,1769155223.0,0.0015
2026-01-23 09:00:00,1769158827.0,0.0015
2026-01-23 10:00:00,1769162443.0,0.0015
2026-01-23 11:00:00,1769166023.0,0.0015
2026-01-23 12:00:00,1769169661.0,0.0015
2026-01-23 13:00:00,1769173220.0,0.0015
2026-01-23 14:00:00,1769176821.0,0.0015
2026-01-23 15:00:00,1769180425.0,0.0015
2026-01-23 16:00:00,1769184020.0,0.0015
2026-01-23 17:00:00,1769187642.0,0.0015
2026-01-23 18:00:00,1769191251.0,0.0015
2026-01-23 19:00:00,1769194824.0,0.0015
2026-01-23 20:00:00,1769198423.0,0.0015
2026-01-23 21:00:00,1769202026.0,0.0015
2026-01-23 22:00:00,1769205626.0,0.0015
2026-01-23 23:00:00,1769209227.0,0.0015
2026-01-24 00:00:00,1769212841.0,0.0015
2026-01-24 01:00:00,1769216423.0,0.0015
2026-01-24 02:00:00,1769220026.0,0.0015
2026-01-24 03:00:00,1769223656.0,0.0015
2026-01-24 04:00:00,1769227221.0,0.0015
2026-01-24 05:00:00,1769230845.0,0.0015
2026-01-24 06:00:00,1769234456.0,0.0015
2026-01-24 07:00:00,1769238023.0,0.0015
2026-01-24 08:00:00,1769241625.0,0.0015
2026-01-24 09:00:00,1769245236.0,0.0015
2026-01-24 10:00:00,1769248836.0,0.0015
2026-01-24 11:00:00,1769252428.0,0.0015
2026-01-24 12:00:00,1769256040.0,0.0015
2026-01-24 13:00:00,1769259622.0,0.0015
2026-01-24 14:00:00,1769263232.0,0.0015
2026-01-24 15:00:00,1769266831.0,0.0015
2026-01-24 16:00:00,1769270423.0,0.0015
2026-01-24 17:00:00,1769274028.0,0.0015
2026-01-24 18:00:00,1769277628.0,0.0015
2026-01-24 19:00:00,1769281224.0,0.0015
2026-01-24 20:00:00,1769284823.0,0.0015
2026-01-24 21:00:00,1769288437.0,0.0015
2026-01-24 22:00:00,1769292022.0,0.0015
2026-01-24 23:00:00,1769295622.0,0.0015
2026-01-25 00:00:00,1769299246.0,0.0015
2026-01-25 01:00:00,1769302822.0,0.0015
2026-01-25 02:00:00,1769306421.0,0.0015
2026-01-25 03:00:00,1769310033.0,0.0015
2026-01-25 04:00:00,1769313620.0,0.0015
2026-01-25 05:00:00,1769317220.0,0.0015
2026-01-25 06:00:00,1769320823.0,0.0015
2026-01-25 07:00:00,1769324425.0,0.0015
2026-01-25 08:00:00,1769328022.0,0.0015
2026-01-25 09:00:00,1769331655.0,0.0015
2026-01-25 10:00:00,1769335243.0,0.0015
2026-01-25 11:00:00,1769338821.0,0.0015
2026-01-25 12:00:00,1769342462.0,0.0015
2026-01-25 13:00:00,1769346034.0,0.0015
2026-01-25 14:00:00,1769349624.0,0.0015
2026-01-25 15:00:00,1769353227.0,0.0015
2026-01-25 16:00:00,1769356843.0,0.0015
2026-01-25 17:00:00,1769360436.0,0.0015
2026-01-25 18:00:00,1769364033.0,0.0015
2026-01-25 19:00:00,1769367621.0,0.0015
2026-01-25 20:00:00,1769371222.0,0.0015
2026-01-25 21:00:00,1769374832.0,0.0015
2026-01-25 22:00:00,1769378426.0,0.0015
2026-01-25 23:00:00,1769382022.0,0.0015
2026-01-26 00:00:00,1769385645.0,0.0015
2026-01-26 01:00:00,1769389221.0,0.0015
2026-01-26 02:00:00,1769392825.0,0.0015
2026-01-26 03:00:00,1769396425.0,0.0015
2026-01-26 04:00:00,1769400022.0,0.0015
2026-01-26 05:00:00,1769403620.0,0.0015
2026-01-26 06:00:00,1769407236.0,0.0015
2026-01-26 07:00:00,1769410823.0,0.0015
2026-01-26 08:00:00,1769414422.0,0.0015
2026-01-26 09:00:00,1769418036.0,0.0015
2026-01-26 10:00:00,1769421621.0,0.0015
2026-01-26 11:00:00,1769425226.0,0.0015
2026-01-26 12:00:00,1769428839.0,0.0015
2026-01-26 13:00:00,1769432425.0,0.0015
2026-01-26 14:00:00,1769436022.0,0.0015
2026-01-26 15:00:00,1769439627.0,0.0015
2026-01-26 16:00:00,1769443222.0,0.0015
2026-01-26 17:00:00,1769446830.0,0.0015
2026-01-26 18:00:00,1769450433.0,0.0015
2026-01-26 19:00:00,1769454023.0,0.0015
2026-01-26 20:00:00,1769457628.0,0.0015
2026-01-26 21:00:00,1769461229.0,0.0015
2026-01-26 22:00:00,1769464823.0,0.0015
2026-01-26 23:00:00,1769468423.0,0.0015
2026-01-27 00:00:00,1769472038.0,0.0015
2026-01-27 01:00:00,1769475618.0,0.0015
2026-01-27 02:00:00,1769479217.0,0.0015
2026-01-27 03:00:00,1769482827.0,0.0015
2026-01-27 04:00:00,1769486420.0,0.0015
2026-01-27 05:00:00,1769490018.0,0.0015
2026-01-27 06:00:00,1769493620.0,0.0015
2026-01-27 07:00:00,1769497226.0,0.0015
2026-01-27 08:00:00,1769500820.0,0.0015
2026-01-27 09:00:00,1769504421.0,0.0015
2026-01-27 10:00:00,1769508027.0,0.0015
2026-01-27 11:00:00,1769511619.0,0.0015
2026-01-27 12:00:00,1769515226.0,0.0015
2026-01-27 13:00:00,1769518832.0,0.0015
2026-01-27 14:00:00,1769522419.0,0.0015
2026-01-27 15:00:00,1769526021.0,0.0015
2026-01-27 16:00:00,1769529619.0,0.0015
2026-01-27 17:00:00,1769533219.0,0.0015
2026-01-27 18:00:00,1769536821.0,0.0015
2026-01-27 19:00:00,1769540420.0,0.0015
2026-01-27 20:00:00,1769544019.0,0.0015
2026-01-27 21:00:00,1769547622.0,0.0015
2026-01-27 22:00:00,1769551219.0,0.0015
2026-01-27 23:00:00,1769554820.0,0.0015
2026-01-28 00:00:00,1769558428.0,0.0015
2026-01-28 01:00:00,1769562035.0,0.0015
2026-01-28 02:00:00,1769565624.0,0.0015
2026-01-28 03:00:00,1769569225.0,0.0015
2026-01-28 04:00:00,1769572844.0,0.0015
2026-01-28 05:00:00,1769576420.0,0.0015
2026-01-28 06:00:00,1769580021.0,0.0015
2026-01-28 07:00:00,1769583621.0,0.0015
2026-01-28 08:00:00,1769587220.0,0.0015
2026-01-28 09:00:00,1769590827.0,0.0015
2026-01-28 10:00:00,1769594449.0,0.0015
2026-01-28 11:00:00,1769598020.0,0.0015
2026-01-28 12:00:00,1769601629.0,0.0015
2026-01-28 13:00:00,1769605243.0,0.0015
2026-01-28 14:00:00,1769608820.0,0.0015
2026-01-28 15:00:00,1769612423.0,0.0015
2026-01-28 16:00:00,1769616021.0,0.0015
2026-01-28 17:00:00,1769619624.0,0.0015
2026-01-28 18:00:00,1769623247.0,0.0015
2026-01-28 19:00:00,1769626821.0,0.0015
2026-01-28 20:00:00,1769630427.0,0.0015
2026-01-28 21:00:00,1769634022.0,0.0015
2026-01-28 22:00:00,1769637622.0,0.0015
2026-01-28 23:00:00,1769641222.0,0.0015
2026-01-29 00:00:00,1769644843.0,0.0015
2026-01-29 01:00:00,1769648421.0,0.0015
2026-01-29 02:00:00,1769652021.0,0.0015
2026-01-29 03:00:00,1769655626.0,0.0015
2026-01-29 04:00:00,1769659222.0,0.0015
2026-01-29 05:00:00,1769662822.0,0.0015
2026-01-29 06:00:00,1769666425.0,0.0015
2026-01-29 07:00:00,1769670024.0,0.0015
2026-01-29 08:00:00,1769673622.0,0.0015
2026-01-29 09:00:00,1769677226.0,0.0015
2026-01-29 10:00:00,1769680826.0,0.0015
2026-01-29 11:00:00,1769684423.0,0.0015
2026-01-29 12:00:00,1769688034.0,0.0015
2026-01-29 13:00:00,1769691623.0,0.0015
2026-01-29 14:00:00,1769695223.0,0.0015
2026-01-29 15:00:00,1769698825.0,0.0015
2026-01-29 16:00:00,1769702423.0,0.0015
2026-01-29 17:00:00,1769706023.0,0.0015
2026-01-29 18:00:00,1769709626.0,0.0015
2026-01-29 19:00:00,1769713224.0,0.0015
2026-01-29 20:00:00,1769716834.0,0.0015
2026-01-29 21:00:00,1769720427.0,0.0015
2026-01-29 22:00:00,1769724024.0,0.0015
2026-01-29 23:00:00,1769727624.0,0.0015
2026-01-30 00:00:00,1769731232.0,0.0015
2026-01-30 01:00:00,1769734823.0,0.0015
2026-01-30 02:00:00,1769738424.0,0.0005
2026-01-30 03:00:00,1769742026.0,0.0005
2026-01-30 04:00:00,1769745624.0,0.0005
2026-01-30 05:00:00,1769749224.0,0.0005
2026-01-30 06:00:00,1769752825.0,0.0005
2026-01-30 07:00:00,1769756423.0,0.0005
2026-01-30 08:00:00,1769760023.0,0.0005
2026-01-30 09:00:00,1769763653.0,0.0005
2026-01-30 10:00:00,1769767223.0,0.0005
2026-01-30 11:00:00,1769770850.0,0.0005
2026-01-30 12:00:00,1769774448.0,0.0005
2026-01-30 13:00:00,1769778024.0,0.0005
2026-01-30 14:00:00,1769781624.0,0.0005
2026-01-30 15:00:00,1769785228.0,0.0005
2026-01-30 16:00:00,1769788825.0,0.0005
2026-01-30 17:00:00,1769792428.0,0.0005
2026-01-30 18:00:00,1769796027.0,0.0005
2026-01-30 19:00:00,1769799625.0,0.0005
2026-01-30 20:00:00,1769803225.0,0.0005
2026-01-30 21:00:00,1769806828.0,0.0005
2026-01-30 22:00:00,1769810430.0,0.0005
2026-01-30 23:00:00,1769814024.0,0.0005
2026-01-31 00:00:00,1769817632.0,0.0005
2026-01-31 01:00:00,1769821224.0,0.0005
2026-01-31 02:00:00,1769824824.0,0.0005
2026-01-31 03:00:00,1769828426.0,0.0005
2026-01-31 04:00:00,1769832026.0,0.0005
2026-01-31 05:00:00,1769835625.0,0.0005
2026-01-31 06:00:00,1769839227.0,0.0005
2026-01-31 07:00:00,1769842826.0,0.0015
2026-01-31 08:00:00,1769846425.0,0.0015
2026-01-31 09:00:00,1769850054.0,0.0015
2026-01-31 10:00:00,1769853626.0,0.0015
2026-01-31 11:00:00,1769857224.0,0.0015
2026-01-31 12:00:00,1769860838.0,0.0015
2026-01-31 13:00:00,1769864427.0,0.0015
2026-01-31 14:00:00,1769868024.0,0.0015
2026-01-31 15:00:00,1769871630.0,0.0015
2026-01-31 16:00:00,1769875224.0,0.0015
2026-01-31 17:00:00,1769878846.0,0.0015
2026-01-31 18:00:00,1769882431.0,0.0015
2026-01-31 19:00:00,1769886028.0,0.0015
2026-01-31 20:00:00,1769889625.0,0.0015
2026-01-31 21:00:00,1769893245.0,0.0015
2026-01-31 22:00:00,1769896849.0,0.0015
2026-01-31 23:00:00,1769900424.0,0.0015
2026-02-01 00:00:00,1769904039.0,0.0015
2026-02-01 01:00:00,1769907754.0,0.0015
2026-02-01 02:00:00,1769911222.0,0.0015
2026-02-01 03:00:00,1769914828.0,0.0015
