time_utc,t,p
2025-08-05 17:00:00,1754415789.0,0.495
2025-08-05 18:00:00,1754416808.0,0.485
2025-08-05 19:00:00,1754420409.0,0.35
2025-08-05 20:00:00,1754424009.0,0.03
2025-08-05 21:00:00,1754427610.0,0.03
2025-08-05 22:00:00,1754431209.0,0.03
2025-08-05 23:00:00,1754434808.0,0.026
2025-08-06 00:00:00,1754438409.0,0.026
2025-08-06 01:00:00,1754442009.0,0.026
2025-08-06 02:00:00,1754445610.0,0.0265
2025-08-06 03:00:00,1754449209.0,0.023
2025-08-06 04:00:00,1754452810.0,0.0235
2025-08-06 05:00:00,1754456410.0,0.024
2025-08-06 06:00:00,1754460009.0,0.024
2025-08-06 07:00:00,1754463609.0,0.026
2025-08-06 08:00:00,1754467209.0,0.0265
2025-08-06 09:00:00,1754470809.0,0.028
2025-08-06 10:00:00,1754474409.0,0.029
2025-08-06 11:00:00,1754478009.0,0.03
2025-08-06 12:00:00,1754481608.0,0.03
2025-08-06 13:00:00,1754485209.0,0.0305
2025-08-06 14:00:00,1754488809.0,0.031
2025-08-06 15:00:00,1754492410.0,0.0305
2025-08-06 16:00:00,1754496009.0,0.0305
2025-08-06 17:00:00,1754499608.0,0.03
2025-08-06 18:00:00,1754503209.0,0.0275
2025-08-06 19:00:00,1754506806.0,0.027
2025-08-06 20:00:00,1754510405.0,0.0265
2025-08-06 21:00:00,1754514009.0,0.031
2025-08-06 22:00:00,1754517602.0,0.0215
2025-08-06 23:00:00,1754521202.0,0.019
2025-08-07 00:00:00,1754524807.0,0.019
2025-08-07 01:00:00,1754528406.0,0.019
2025-08-07 02:00:00,1754532009.0,0.019
2025-08-07 03:00:00,1754535613.0,0.0185
2025-08-07 04:00:00,1754539217.0,0.019
2025-08-07 05:00:00,1754542805.0,0.019
2025-08-07 06:00:00,1754546416.0,0.019
2025-08-07 07:00:00,1754550002.0,0.0195
2025-08-07 08:00:00,1754553606.0,0.0205
2025-08-07 09:00:00,1754557224.0,0.021
2025-08-07 10:00:00,1754560808.0,0.021
2025-08-07 11:00:00,1754564414.0,0.021
2025-08-07 12:00:00,1754568015.0,0.0215
2025-08-07 13:00:00,1754571604.0,0.021
2025-08-07 14:00:00,1754575214.0,0.0215
2025-08-07 15:00:00,1754578815.0,0.016
2025-08-07 16:00:00,1754582406.0,0.0165
2025-08-07 17:00:00,1754586012.0,0.016
2025-08-07 18:00:00,1754589609.0,0.016
2025-08-07 19:00:00,1754593206.0,0.016
2025-08-07 20:00:00,1754596804.0,0.016
2025-08-07 21:00:00,1754600414.0,0.016
2025-08-07 22:00:00,1754604009.0,0.016
2025-08-07 23:00:00,1754607605.0,0.016
2025-08-08 00:00:00,1754611206.0,0.016
2025-08-08 01:00:00,1754614806.0,0.0155
2025-08-08 02:00:00,1754618402.0,0.0155
2025-08-08 03:00:00,1754622007.0,0.0155
2025-08-08 04:00:00,1754625609.0,0.015
2025-08-08 05:00:00,1754629208.0,0.015
2025-08-08 06:00:00,1754632807.0,0.015
2025-08-08 07:00:00,1754636405.0,0.015
2025-08-08 08:00:00,1754640003.0,0.015
2025-08-08 09:00:00,1754643615.0,0.0145
2025-08-08 10:00:00,1754647208.0,0.0155
2025-08-08 11:00:00,1754650810.0,0.0155
2025-08-08 12:00:00,1754654415.0,0.0155
2025-08-08 13:00:00,1754658011.0,0.015
2025-08-08 14:00:00,1754661615.0,0.015
2025-08-08 15:00:00,1754665209.0,0.0135
2025-08-08 16:00:00,1754668805.0,0.0145
2025-08-08 17:00:00,1754672408.0,0.015
2025-08-08 18:00:00,1754676009.0,0.0145
2025-08-08 19:00:00,1754679611.0,0.0155
2025-08-08 20:00:00,1754683202.0,0.015
2025-08-08 21:00:00,1754686811.0,0.015
2025-08-08 22:00:00,1754690405.0,0.015
2025-08-08 23:00:00,1754694011.0,0.015
2025-08-09 00:00:00,1754697602.0,0.015
2025-08-09 01:00:00,1754701212.0,0.0155
2025-08-09 02:00:00,1754704813.0,0.0135
2025-08-09 03:00:00,1754708410.0,0.0135
2025-08-09 04:00:00,1754712011.0,0.0135
2025-08-09 05:00:00,1754715606.0,0.0135
2025-08-09 06:00:00,1754719214.0,0.0135
2025-08-09 07:00:00,1754722805.0,0.0135
2025-08-09 08:00:00,1754726416.0,0.0135
2025-08-09 09:00:00,1754730012.0,0.0135
2025-08-09 10:00:00,1754733610.0,0.0135
2025-08-09 11:00:00,1754737204.0,0.0135
2025-08-09 12:00:00,1754740823.0,0.0135
2025-08-09 13:00:00,1754744411.0,0.015
2025-08-09 14:00:00,1754748005.0,0.014
2025-08-09 15:00:00,1754751614.0,0.015
2025-08-09 16:00:00,1754755212.0,0.015
2025-08-09 17:00:00,1754758814.0,0.015
2025-08-09 18:00:00,1754762418.0,0.015
2025-08-09 19:00:00,1754766016.0,0.015
2025-08-09 20:00:00,1754769610.0,0.015
2025-08-09 21:00:00,1754773219.0,0.0125
2025-08-09 22:00:00,1754776811.0,0.0125
2025-08-09 23:00:00,1754780405.0,0.0125
2025-08-10 00:00:00,1754784007.0,0.01
2025-08-10 01:00:00,1754787608.0,0.01
2025-08-10 02:00:00,1754791212.0,0.0095
2025-08-10 03:00:00,1754794805.0,0.0095
2025-08-10 04:00:00,1754798405.0,0.0095
2025-08-10 05:00:00,1754802002.0,0.0095
2025-08-10 06:00:00,1754805609.0,0.0095
2025-08-10 07:00:00,1754809204.0,0.0095
2025-08-10 08:00:00,1754812802.0,0.0095
2025-08-10 09:00:00,1754816404.0,0.0095
2025-08-10 10:00:00,1754820006.0,0.0095
2025-08-10 11:00:00,1754823608.0,0.0095
2025-08-10 12:00:00,1754827209.0,0.0095
2025-08-10 13:00:00,1754830812.0,0.0095
2025-08-10 14:00:00,1754834415.0,0.0095
2025-08-10 15:00:00,1754838012.0,0.0095
2025-08-10 16:00:00,1754841613.0,0.0095
2025-08-10 17:00:00,1754845214.0,0.0095
2025-08-10 18:00:00,1754848802.0,0.0095
2025-08-10 19:00:00,1754852417.0,0.0095
2025-08-10 20:00:00,1754856012.0,0.008
2025-08-10 21:00:00,1754859611.0,0.007
2025-08-10 22:00:00,1754863202.0,0.007
2025-08-10 23:00:00,1754866806.0,0.007
2025-08-11 00:00:00,1754870410.0,0.007
2025-08-11 01:00:00,1754874013.0,0.007
2025-08-11 02:00:00,1754877613.0,0.007
2025-08-11 03:00:00,1754881215.0,0.007
2025-08-11 04:00:00,1754884815.0,0.007
2025-08-11 05:00:00,1754888406.0,0.007
2025-08-11 06:00:00,1754892010.0,0.007
2025-08-11 07:00:00,1754895620.0,0.007
2025-08-11 08:00:00,1754899215.0,0.007
2025-08-11 09:00:00,1754902809.0,0.007
2025-08-11 10:00:00,1754906416.0,0.007
2025-08-11 11:00:00,1754910002.0,0.007
2025-08-11 12:00:00,1754913614.0,0.007
2025-08-11 13:00:00,1754917214.0,0.006
2025-08-11 14:00:00,1754920809.0,0.006
2025-08-11 15:00:00,1754924407.0,0.006
2025-08-11 16:00:00,1754928003.0,0.006
2025-08-11 17:00:00,1754931602.0,0.006
2025-08-11 18:00:00,1754935206.0,0.006
2025-08-11 19:00:00,1754938802.0,0.0055
2025-08-11 20:00:00,1754942402.0,0.0055
2025-08-11 21:00:00,1754946005.0,0.0055
2025-08-11 22:00:00,1754949602.0,0.0055
2025-08-11 23:00:00,1754953206.0,0.0085
2025-08-12 00:00:00,1754956804.0,0.0085
2025-08-12 01:00:00,1754960405.0,0.008
2025-08-12 02:00:00,1754964009.0,0.0085
2025-08-12 03:00:00,1754967607.0,0.007
2025-08-12 04:00:00,1754971209.0,0.0075
2025-08-12 05:00:00,1754974809.0,0.0085
2025-08-12 06:00:00,1754978411.0,0.009
2025-08-12 07:00:00,1754982009.0,0.0105
2025-08-12 08:00:00,1754985605.0,0.0105
2025-08-12 09:00:00,1754989202.0,0.0105
2025-08-12 10:00:00,1754992806.0,0.0105
2025-08-12 11:00:00,1754996406.0,0.0105
2025-08-12 12:00:00,1755000012.0,0.0105
2025-08-12 13:00:00,1755003611.0,0.0105
2025-08-12 14:00:00,1755007203.0,0.0105
2025-08-12 15:00:00,1755010810.0,0.0115
2025-08-12 16:00:00,1755014415.0,0.0115
2025-08-12 17:00:00,1755018011.0,0.0115
2026-02-01 04:00:00,1769921188.0,0.011
2025-08-12 18:00:00,1755021605.0,0.0115
2025-08-12 19:00:00,1755025216.0,0.0115
2025-08-12 20:00:00,1755028813.0,0.0115
2025-08-12 21:00:00,1755032404.0,0.0115
2025-08-12 22:00:00,1755036004.0,0.0115
2025-08-12 23:00:00,1755039610.0,0.0115
2025-08-13 00:00:00,1755043213.0,0.0115
2025-08-13 01:00:00,1755046809.0,0.0115
2025-08-13 02:00:00,1755050409.0,0.011
2025-08-13 03:00:00,1755054009.0,0.0115
2025-08-13 04:00:00,1755057614.0,0.0115
2025-08-13 05:00:00,1755061211.0,0.0115
2025-08-13 06:00:00,1755064808.0,0.011
2025-08-13 07:00:00,1755068410.0,0.0115
2025-08-13 08:00:00,1755072004.0,0.011
2025-08-13 09:00:00,1755075614.0,0.0115
2025-08-13 10:00:00,1755079203.0,0.0115
2025-08-13 11:00:00,1755082805.0,0.011
2025-08-13 12:00:00,1755086415.0,0.0095
2025-08-13 13:00:00,1755090016.0,0.0125
2025-08-13 14:00:00,1755093606.0,0.0125
2025-08-13 15:00:00,1755097208.0,0.0125
2025-08-13 16:00:00,1755100806.0,0.015
2025-08-13 17:00:00,1755104402.0,0.015
2025-08-13 18:00:00,1755108007.0,0.014
2025-08-13 19:00:00,1755111609.0,0.015
2025-08-13 20:00:00,1755115213.0,0.0145
2025-08-13 21:00:00,1755118814.0,0.0135
2025-08-13 22:00:00,1755122413.0,0.0135
2025-08-13 23:00:00,1755126005.0,0.0115
2025-08-14 00:00:00,1755129605.0,0.0115
2025-08-14 01:00:00,1755133204.0,0.0115
2025-08-14 02:00:00,1755136804.0,0.0115
2025-08-14 03:00:00,1755140415.0,0.0115
2025-08-14 04:00:00,1755144002.0,0.0115
2025-08-14 05:00:00,1755147611.0,0.0115
2025-08-14 06:00:00,1755151202.0,0.0115
2025-08-14 07:00:00,1755154809.0,0.011
2025-08-14 08:00:00,1755158405.0,0.011
2025-08-14 09:00:00,1755162014.0,0.0115
2025-08-14 10:00:00,1755165611.0,0.0105
2025-08-14 11:00:00,1755169210.0,0.009
2025-08-14 12:00:00,1755172802.0,0.009
2025-08-14 13:00:00,1755176406.0,0.009
2025-08-14 14:00:00,1755180015.0,0.009
2025-08-14 15:00:00,1755183604.0,0.009
2025-08-14 16:00:00,1755187207.0,0.009
2025-08-14 17:00:00,1755190808.0,0.009
2025-08-14 18:00:00,1755194407.0,0.009
2025-08-14 19:00:00,1755198016.0,0.009
2025-08-14 20:00:00,1755201610.0,0.009
2025-08-14 21:00:00,1755205204.0,0.009
2025-08-14 22:00:00,1755208811.0,0.009
2025-08-14 23:00:00,1755212402.0,0.009
2025-08-15 00:00:00,1755216011.0,0.009
2025-08-15 01:00:00,1755219610.0,0.009
2025-08-15 02:00:00,1755223212.0,0.009
2025-08-15 03:00:00,1755226802.0,0.009
2025-08-15 04:00:00,1755230413.0,0.009
2025-08-15 05:00:00,1755234013.0,0.009
2025-08-15 06:00:00,1755237615.0,0.009
2025-08-15 07:00:00,1755241212.0,0.0085
2025-08-15 08:00:00,1755244805.0,0.0085
2025-08-15 09:00:00,1755248414.0,0.0085
2025-08-15 10:00:00,1755252004.0,0.007
2025-08-15 11:00:00,1755255616.0,0.007
2025-08-15 12:00:00,1755259209.0,0.007
2025-08-15 13:00:00,1755262814.0,0.007
2025-08-15 14:00:00,1755266416.0,0.007
2025-08-15 15:00:00,1755270007.0,0.007
2025-08-15 16:00:00,1755273615.0,0.007
2025-08-15 17:00:00,1755277211.0,0.007
2025-08-15 18:00:00,1755280815.0,0.007
2025-08-15 19:00:00,1755284414.0,0.007
2025-08-15 20:00:00,1755288012.0,0.007
2025-08-15 21:00:00,1755291603.0,0.007
2025-08-15 22:00:00,1755295206.0,0.0065
2025-08-15 23:00:00,1755298812.0,0.0065
2025-08-16 00:00:00,1755302410.0,0.0065
2025-08-16 01:00:00,1755306008.0,0.0065
2025-08-16 02:00:00,1755309609.0,0.0065
2025-08-16 03:00:00,1755313215.0,0.0065
2025-08-16 04:00:00,1755316806.0,0.0065
2025-08-16 05:00:00,1755320406.0,0.0065
2025-08-16 06:00:00,1755324014.0,0.0065
2025-08-16 07:00:00,1755327611.0,0.0065
2025-08-16 08:00:00,1755331214.0,0.0065
2025-08-16 09:00:00,1755334811.0,0.0065
2025-08-16 10:00:00,1755338414.0,0.0065
2025-08-16 11:00:00,1755342002.0,0.0065
2025-08-16 12:00:00,1755345604.0,0.0065
2025-08-16 13:00:00,1755349202.0,0.0065
2025-08-16 14:00:00,1755352807.0,0.0065
2025-08-16 15:00:00,1755356407.0,0.0065
2025-08-16 16:00:00,1755360010.0,0.0065
2025-08-16 17:00:00,1755363618.0,0.0065
2025-08-16 18:00:00,1755367202.0,0.0065
2025-08-16 19:00:00,1755370809.0,0.0065
2025-08-16 20:00:00,1755374412.0,0.0065
2025-08-16 21:00:00,1755378004.0,0.0065
2025-08-16 22:00:00,1755381602.0,0.0065
2025-08-16 23:00:00,1755385209.0,0.0065
2025-08-17 00:00:00,1755388802.0,0.0065
2025-08-17 01:00:00,1755392412.0,0.0065
2025-08-17 02:00:00,1755396011.0,0.0065
2025-08-17 03:00:00,1755399614.0,0.0065
2025-08-17 04:00:00,1755403211.0,0.0065
2025-08-17 05:00:00,1755406805.0,0.0065
2025-08-17 06:00:00,1755410411.0,0.0065
2025-08-17 07:00:00,1755414009.0,0.0065
2025-08-17 08:00:00,1755417602.0,0.0065
2025-08-17 09:00:00,1755421207.0,0.0065
2025-08-17 10:00:00,1755424804.0,0.0065
2025-08-17 11:00:00,1755428410.0,0.0065
2025-08-17 12:00:00,1755432006.0,0.0065
2025-08-17 13:00:00,1755435609.0,0.0065
2025-08-17 14:00:00,1755439214.0,0.0065
2025-08-17 15:00:00,1755442815.0,0.0065
2025-08-17 16:00:00,1755446407.0,0.0065
2025-08-17 17:00:00,1755450004.0,0.0065
2025-08-17 18:00:00,1755453612.0,0.0065
2025-08-17 19:00:00,1755457213.0,0.007
2025-08-17 20:00:00,1755460813.0,0.016
2025-08-17 21:00:00,1755464405.0,0.0135
2025-08-17 22:00:00,1755468004.0,0.011
2025-08-17 23:00:00,1755471609.0,0.007
2025-08-18 00:00:00,1755475206.0,0.007
2025-08-18 01:00:00,1755478802.0,0.007
2025-08-18 02:00:00,1755482411.0,0.007
2025-08-18 03:00:00,1755486015.0,0.007
2025-08-18 04:00:00,1755489606.0,0.007
2025-08-18 05:00:00,1755493212.0,0.007
2025-08-18 06:00:00,1755496807.0,0.007
2025-08-18 07:00:00,1755500406.0,0.007
2025-08-18 08:00:00,1755504006.0,0.007
2025-08-18 09:00:00,1755507618.0,0.007
2025-08-18 10:00:00,1755511211.0,0.007
2025-08-18 11:00:00,1755514813.0,0.007
2025-08-18 12:00:00,1755518403.0,0.0065
2025-08-18 13:00:00,1755522013.0,0.0065
2025-08-18 14:00:00,1755525612.0,0.0065
2025-08-18 15:00:00,1755529217.0,0.0055
2025-08-18 16:00:00,1755532806.0,0.0055
2025-08-18 17:00:00,1755536403.0,0.0065
2025-08-18 18:00:00,1755540002.0,0.0065
2025-08-18 19:00:00,1755543615.0,0.0065
2025-08-18 20:00:00,1755547203.0,0.0065
2025-08-18 21:00:00,1755550819.0,0.0065
2025-08-18 22:00:00,1755554416.0,0.0065
2025-08-18 23:00:00,1755558015.0,0.006
2025-08-19 00:00:00,1755561611.0,0.007
2025-08-19 01:00:00,1755565206.0,0.006
2025-08-19 02:00:00,1755568803.0,0.006
2025-08-19 03:00:00,1755572406.0,0.006
2025-08-19 04:00:00,1755576009.0,0.007
2025-08-19 05:00:00,1755579610.0,0.007
2025-08-19 06:00:00,1755583215.0,0.0075
2025-08-19 07:00:00,1755586808.0,0.007
2025-08-19 08:00:00,1755590402.0,0.007
2025-08-19 09:00:00,1755594019.0,0.007
2025-08-19 10:00:00,1755597609.0,0.007
2025-08-19 11:00:00,1755601216.0,0.007
2025-08-19 12:00:00,1755604811.0,0.007
2025-08-19 13:00:00,1755608409.0,0.007
2025-08-19 14:00:00,1755612015.0,0.007
2025-08-19 15:00:00,1755615614.0,0.007
2025-08-19 16:00:00,1755619208.0,0.004
2025-08-19 17:00:00,1755622814.0,0.004
2025-08-19 18:00:00,1755626412.0,0.004
2025-08-19 19:00:00,1755630011.0,0.004
2025-08-19 20:00:00,1755633602.0,0.004
2025-08-19 21:00:00,1755637207.0,0.004
2025-08-19 22:00:00,1755640811.0,0.004
2025-08-19 23:00:00,1755644414.0,0.004
2025-08-20 00:00:00,1755648004.0,0.004
2025-08-20 01:00:00,1755651605.0,0.004
2025-08-20 02:00:00,1755655210.0,0.004
2025-08-20 03:00:00,1755658811.0,0.004
2025-08-20 04:00:00,1755662412.0,0.004
2025-08-20 05:00:00,1755666006.0,0.004
2025-08-20 06:00:00,1755669605.0,0.004
2025-08-20 07:00:00,1755673203.0,0.004
2025-08-20 08:00:00,1755676804.0,0.004
2025-08-20 09:00:00,1755680405.0,0.004
2025-08-20 10:00:00,1755684012.0,0.004
2025-08-20 11:00:00,1755687613.0,0.004
2025-08-20 12:00:00,1755691211.0,0.004
2025-08-20 13:00:00,1755694803.0,0.004
2025-08-20 14:00:00,1755698413.0,0.004
2025-08-20 15:00:00,1755702008.0,0.004
2025-08-20 16:00:00,1755705605.0,0.004
2025-08-20 17:00:00,1755709211.0,0.004
2025-08-20 18:00:00,1755712812.0,0.004
2025-08-20 19:00:00,1755716413.0,0.004
2025-08-20 20:00:00,1755720012.0,0.0035
2025-08-20 21:00:00,1755723607.0,0.0035
2025-08-20 22:00:00,1755727215.0,0.0035
2025-08-20 23:00:00,1755730814.0,0.0035
2025-08-21 00:00:00,1755734404.0,0.0035
2025-08-21 01:00:00,1755738008.0,0.0035
2025-08-21 02:00:00,1755741604.0,0.0035
2025-08-21 03:00:00,1755745205.0,0.0035
2025-08-21 04:00:00,1755748804.0,0.0035
2025-08-21 05:00:00,1755752411.0,0.0035
2025-08-21 06:00:00,1755756006.0,0.0035
2025-08-21 07:00:00,1755759614.0,0.0035
2025-08-21 08:00:00,1755763214.0,0.0035
2025-08-21 09:00:00,1755766802.0,0.0035
2025-08-21 10:00:00,1755770416.0,0.0035
2025-08-21 11:00:00,1755774014.0,0.0035
2025-08-21 12:00:00,1755777605.0,0.0035
2025-08-21 13:00:00,1755781209.0,0.004
2025-08-21 14:00:00,1755784803.0,0.0035
2025-08-21 15:00:00,1755788417.0,0.0035
2025-08-21 16:00:00,1755792010.0,0.0035
2025-08-21 17:00:00,1755795617.0,0.0035
2025-08-21 18:00:00,1755799215.0,0.0035
2025-08-21 19:00:00,1755802814.0,0.0035
2025-08-21 20:00:00,1755806408.0,0.0035
2025-08-21 21:00:00,1755810012.0,0.0035
2025-08-21 22:00:00,1755813607.0,0.0035
2025-08-21 23:00:00,1755817207.0,0.0035
2025-08-22 00:00:00,1755820805.0,0.0035
2025-08-22 01:00:00,1755824408.0,0.0035
2025-08-22 02:00:00,1755828004.0,0.0035
2025-08-22 03:00:00,1755831606.0,0.0035
2025-08-22 04:00:00,1755835202.0,0.0035
2025-08-22 05:00:00,1755838814.0,0.0035
2025-08-22 06:00:00,1755842416.0,0.0035
2025-08-22 07:00:00,1755846011.0,0.0035
2025-08-22 08:00:00,1755849616.0,0.0035
2025-08-22 09:00:00,1755853207.0,0.0035
2025-08-22 10:00:00,1755856806.0,0.0035
2025-08-22 11:00:00,1755860404.0,0.0055
2025-08-22 12:00:00,1755864014.0,0.0055
2025-08-22 13:00:00,1755867615.0,0.0055
2025-08-22 14:00:00,1755871208.0,0.005
2025-08-22 15:00:00,1755874805.0,0.0055
2025-08-22 16:00:00,1755878417.0,0.0055
2025-08-22 17:00:00,1755882006.0,0.006
2025-08-22 18:00:00,1755885613.0,0.006
2025-08-22 19:00:00,1755889211.0,0.006
2025-08-22 20:00:00,1755892810.0,0.006
2025-08-22 21:00:00,1755896418.0,0.0055
2025-08-22 22:00:00,1755900008.0,0.0055
2025-08-22 23:00:00,1755903602.0,0.0055
2025-08-23 00:00:00,1755907214.0,0.0055
2025-08-23 01:00:00,1755910813.0,0.0055
2025-08-23 02:00:00,1755914410.0,0.0055
2025-08-23 03:00:00,1755918014.0,0.0055
2025-08-23 04:00:00,1755921617.0,0.0055
2025-08-23 05:00:00,1755925219.0,0.0055
2025-08-23 06:00:00,1755928806.0,0.0055
2025-08-23 07:00:00,1755932407.0,0.0055
2025-08-23 08:00:00,1755936006.0,0.0055
2025-08-23 09:00:00,1755939619.0,0.0055
2025-08-23 10:00:00,1755943206.0,0.0055
2025-08-23 11:00:00,1755946816.0,0.0055
2025-08-23 12:00:00,1755950407.0,0.0055
2025-08-23 13:00:00,1755954005.0,0.005
2025-08-23 14:00:00,1755957606.0,0.005
2025-08-23 15:00:00,1755961210.0,0.005
2025-08-23 16:00:00,1755964809.0,0.005
2025-08-23 17:00:00,1755968409.0,0.005
2025-08-23 18:00:00,1755972014.0,0.0125
2025-08-23 19:00:00,1755975616.0,0.0125
2025-08-23 20:00:00,1755979207.0,0.015
2025-08-23 21:00:00,1755982814.0,0.016
2025-08-23 22:00:00,1755986410.0,0.0145
2025-08-23 23:00:00,1755990012.0,0.016
2025-08-24 00:00:00,1755993602.0,0.0155
2025-08-24 01:00:00,1755997208.0,0.0155
2025-08-24 02:00:00,1756000809.0,0.016
2025-08-24 03:00:00,1756004406.0,0.016
2025-08-24 04:00:00,1756008007.0,0.016
2025-08-24 05:00:00,1756011611.0,0.015
2025-08-24 06:00:00,1756015218.0,0.0145
2025-08-24 07:00:00,1756018804.0,0.0145
2025-08-24 08:00:00,1756022411.0,0.0125
2025-08-24 09:00:00,1756026012.0,0.011
2025-08-24 10:00:00,1756029603.0,0.011
2025-08-24 11:00:00,1756033210.0,0.011
2025-08-24 12:00:00,1756036807.0,0.011
2025-08-24 13:00:00,1756040414.0,0.011
2025-08-24 14:00:00,1756044010.0,0.0085
2025-08-24 15:00:00,1756047604.0,0.0085
2025-08-24 16:00:00,1756051218.0,0.0085
2025-08-24 17:00:00,1756054816.0,0.0085
2025-08-24 18:00:00,1756058408.0,0.007
2025-08-24 19:00:00,1756062002.0,0.007
2025-08-24 20:00:00,1756065615.0,0.007
2025-08-24 21:00:00,1756069202.0,0.007
2025-08-24 22:00:00,1756072814.0,0.007
2025-08-24 23:00:00,1756076409.0,0.007
2025-08-25 00:00:00,1756080013.0,0.007
2025-08-25 01:00:00,1756083603.0,0.007
2025-08-25 02:00:00,1756087208.0,0.007
2025-08-25 03:00:00,1756090815.0,0.007
2025-08-25 04:00:00,1756094410.0,0.007
2025-08-25 05:00:00,1756098008.0,0.007
2025-08-25 06:00:00,1756101609.0,0.007
2025-08-25 07:00:00,1756105215.0,0.007
2025-08-25 08:00:00,1756108815.0,0.007
2025-08-25 09:00:00,1756112404.0,0.007
2025-08-25 10:00:00,1756116004.0,0.007
2025-08-25 11:00:00,1756119602.0,0.007
2025-08-25 12:00:00,1756123210.0,0.007
2025-08-25 13:00:00,1756126802.0,0.007
2025-08-25 14:00:00,1756130405.0,0.007
2025-08-25 15:00:00,1756134009.0,0.007
2025-08-25 16:00:00,1756137607.0,0.008
2025-08-25 17:00:00,1756141205.0,0.008
2025-08-25 18:00:00,1756144814.0,0.008
2025-08-25 19:00:00,1756148413.0,0.008
2025-08-25 20:00:00,1756152006.0,0.008
2025-08-25 21:00:00,1756155604.0,0.008
2025-08-25 22:00:00,1756159211.0,0.008
2025-08-25 23:00:00,1756162813.0,0.008
2025-08-26 00:00:00,1756166407.0,0.008
2025-08-26 01:00:00,1756170007.0,0.008
2025-08-26 02:00:00,1756173611.0,0.008
2025-08-26 03:00:00,1756177207.0,0.008
2025-08-26 04:00:00,1756180813.0,0.008
2025-08-26 05:00:00,1756184410.0,0.008
2025-08-26 06:00:00,1756188016.0,0.008
2025-08-26 07:00:00,1756191616.0,0.008
2025-08-26 08:00:00,1756195202.0,0.008
2025-08-26 09:00:00,1756198802.0,0.008
2025-08-26 10:00:00,1756202405.0,0.008
2025-08-26 11:00:00,1756206013.0,0.008
2025-08-26 12:00:00,1756209609.0,0.0075
2025-08-26 13:00:00,1756213210.0,0.008
2025-08-26 14:00:00,1756216802.0,0.0075
2025-08-26 15:00:00,1756220402.0,0.008
2025-08-26 16:00:00,1756224012.0,0.008
2025-08-26 17:00:00,1756227613.0,0.008
2025-08-26 18:00:00,1756231218.0,0.008
2025-08-26 19:00:00,1756234802.0,0.008
2025-08-26 20:00:00,1756238411.0,0.008
2025-08-26 21:00:00,1756242016.0,0.0065
2025-08-26 22:00:00,1756245615.0,0.0065
2025-08-26 23:00:00,1756249206.0,0.0065
2025-08-27 00:00:00,1756252814.0,0.0065
2025-08-27 01:00:00,1756256406.0,0.0065
2025-08-27 02:00:00,1756260006.0,0.0065
2025-08-27 03:00:00,1756263612.0,0.0065
2025-08-27 04:00:00,1756267218.0,0.0075
2025-08-27 05:00:00,1756270809.0,0.0075
2025-08-27 06:00:00,1756274405.0,0.0075
2025-08-27 07:00:00,1756278013.0,0.0075
2025-08-27 08:00:00,1756281605.0,0.0075
2025-08-27 09:00:00,1756285208.0,0.0075
2025-08-27 10:00:00,1756288818.0,0.0075
2025-08-27 11:00:00,1756292406.0,0.0075
2025-08-27 12:00:00,1756296012.0,0.0075
2025-08-27 13:00:00,1756299606.0,0.0075
2025-08-27 14:00:00,1756303202.0,0.0075
2025-08-27 15:00:00,1756306810.0,0.0075
2025-08-27 16:00:00,1756310410.0,0.0075
2025-08-27 17:00:00,1756314018.0,0.0075
2025-08-27 18:00:00,1756317621.0,0.0075
2025-08-27 19:00:00,1756321214.0,0.0075
2025-08-27 20:00:00,1756324817.0,0.0075
2025-08-27 21:00:00,1756328415.0,0.0075
2025-08-27 22:00:00,1756332004.0,0.0075
2025-08-27 23:00:00,1756335605.0,0.0075
2025-08-28 00:00:00,1756339209.0,0.0075
2025-08-28 01:00:00,1756342803.0,0.0075
2025-08-28 02:00:00,1756346404.0,0.0075
2025-08-28 03:00:00,1756350002.0,0.0075
2025-08-28 04:00:00,1756353607.0,0.0075
2025-08-28 05:00:00,1756357218.0,0.0075
2025-08-28 06:00:00,1756360813.0,0.0075
2025-08-28 07:00:00,1756364411.0,0.0075
2025-08-28 08:00:00,1756368004.0,0.0075
2025-08-28 09:00:00,1756371604.0,0.0075
2025-08-28 10:00:00,1756375205.0,0.0075
2025-08-28 11:00:00,1756378816.0,0.0075
2025-08-28 12:00:00,1756382407.0,0.0075
2025-08-28 13:00:00,1756386002.0,0.0075
2025-08-28 14:00:00,1756389613.0,0.0075
2025-08-28 15:00:00,1756393214.0,0.0075
2025-08-28 16:00:00,1756396819.0,0.0075
2025-08-28 17:00:00,1756400415.0,0.0075
2025-08-28 18:00:00,1756404013.0,0.0075
2025-08-28 19:00:00,1756407608.0,0.0075
2025-08-28 20:00:00,1756411217.0,0.0075
2025-08-28 21:00:00,1756414817.0,0.0075
2025-08-28 22:00:00,1756418402.0,0.0075
2025-08-28 23:00:00,1756422017.0,0.0075
2025-08-29 00:00:00,1756425616.0,0.0075
2025-08-29 01:00:00,1756429209.0,0.0075
2025-08-29 02:00:00,1756432817.0,0.01
2025-08-29 03:00:00,1756436411.0,0.01
2025-08-29 04:00:00,1756440007.0,0.0105
2025-08-29 05:00:00,1756443618.0,0.01
2025-08-29 06:00:00,1756447202.0,0.01
2025-08-29 07:00:00,1756450807.0,0.0095
2025-08-29 08:00:00,1756454411.0,0.01
2025-08-29 09:00:00,1756458024.0,0.0105
2025-08-29 10:00:00,1756461606.0,0.0095
2025-08-29 11:00:00,1756465204.0,0.0095
2025-08-29 12:00:00,1756468811.0,0.01
2025-08-29 13:00:00,1756472413.0,0.0105
2025-08-29 14:00:00,1756476006.0,0.0125
2025-08-29 15:00:00,1756479615.0,0.0125
2025-08-29 16:00:00,1756483222.0,0.0125
2025-08-29 17:00:00,1756486804.0,0.0125
2025-08-29 18:00:00,1756490416.0,0.0125
2025-08-29 19:00:00,1756494013.0,0.0125
2025-08-29 20:00:00,1756497618.0,0.0125
2025-08-29 21:00:00,1756501220.0,0.0125
2025-08-29 22:00:00,1756504821.0,0.0125
2025-08-29 23:00:00,1756508411.0,0.0125
2025-08-30 00:00:00,1756512008.0,0.0125
2025-08-30 01:00:00,1756515604.0,0.0125
2025-08-30 02:00:00,1756519207.0,0.0125
2025-08-30 03:00:00,1756522819.0,0.0125
2025-08-30 04:00:00,1756526410.0,0.0125
2025-08-30 05:00:00,1756530006.0,0.0125
2025-08-30 06:00:00,1756533606.0,0.0125
2025-08-30 07:00:00,1756537217.0,0.0125
2025-08-30 08:00:00,1756540804.0,0.0125
2025-08-30 09:00:00,1756544419.0,0.0125
2025-08-30 10:00:00,1756548013.0,0.0105
2025-08-30 11:00:00,1756551617.0,0.0125
2025-08-30 12:00:00,1756555221.0,0.0105
2025-08-30 13:00:00,1756558817.0,0.0105
2025-08-30 14:00:00,1756562408.0,0.0105
2025-08-30 15:00:00,1756566018.0,0.0105
2025-08-30 16:00:00,1756569617.0,0.0105
2025-08-30 17:00:00,1756573217.0,0.0105
2025-08-30 18:00:00,1756576804.0,0.011
2025-08-30 19:00:00,1756580411.0,0.0105
2025-08-30 20:00:00,1756584010.0,0.011
2025-08-30 21:00:00,1756587618.0,0.0105
2025-08-30 22:00:00,1756591211.0,0.0105
2025-08-30 23:00:00,1756594819.0,0.0105
2025-08-31 00:00:00,1756598404.0,0.01
2025-08-31 01:00:00,1756602002.0,0.0105
2025-08-31 02:00:00,1756605606.0,0.011
2025-08-31 03:00:00,1756609207.0,0.0105
2025-08-31 04:00:00,1756612812.0,0.012
2025-08-31 05:00:00,1756616408.0,0.012
2025-08-31 06:00:00,1756620002.0,0.012
2025-08-31 07:00:00,1756623611.0,0.012
2025-08-31 08:00:00,1756627218.0,0.012
2025-08-31 09:00:00,1756630812.0,0.012
2025-08-31 10:00:00,1756634421.0,0.0125
2025-08-31 11:00:00,1756638009.0,0.0115
2025-08-31 12:00:00,1756641613.0,0.0125
2025-08-31 13:00:00,1756645204.0,0.0125
2025-08-31 14:00:00,1756648814.0,0.0125
2025-08-31 15:00:00,1756652419.0,0.0125
2025-08-31 16:00:00,1756656004.0,0.0125
2025-08-31 17:00:00,1756659611.0,0.0125
2025-08-31 18:00:00,1756663203.0,0.0125
2025-08-31 19:00:00,1756666813.0,0.0125
2025-08-31 20:00:00,1756670407.0,0.0125
2025-08-31 21:00:00,1756674014.0,0.0125
2025-08-31 22:00:00,1756677612.0,0.0125
2025-08-31 23:00:00,1756681204.0,0.0125
2025-09-01 00:00:00,1756684806.0,0.0125
2025-09-01 01:00:00,1756688411.0,0.0125
2025-09-01 02:00:00,1756692008.0,0.0125
2025-09-01 03:00:00,1756695615.0,0.0125
2025-09-01 04:00:00,1756699220.0,0.0125
2025-09-01 05:00:00,1756702812.0,0.0125
2025-09-01 06:00:00,1756706405.0,0.0125
2025-09-01 07:00:00,1756710019.0,0.0125
2025-09-01 08:00:00,1756713612.0,0.0125
2025-09-01 09:00:00,1756717210.0,0.0125
2025-09-01 10:00:00,1756720816.0,0.012
2025-09-01 11:00:00,1756724416.0,0.012
2025-09-01 12:00:00,1756728015.0,0.012
2025-09-01 13:00:00,1756731614.0,0.012
2025-09-01 14:00:00,1756735215.0,0.012
2025-09-01 15:00:00,1756738809.0,0.012
2025-09-01 16:00:00,1756742407.0,0.012
2025-09-01 17:00:00,1756746022.0,0.012
2025-09-01 18:00:00,1756749615.0,0.0125
2025-09-01 19:00:00,1756753211.0,0.0125
2025-09-01 20:00:00,1756756808.0,0.0125
2025-09-01 21:00:00,1756760410.0,0.0125
2025-09-01 22:00:00,1756764010.0,0.0125
2025-09-01 23:00:00,1756767617.0,0.0125
2025-09-02 00:00:00,1756771213.0,0.0125
2025-09-02 01:00:00,1756774809.0,0.0125
2025-09-02 02:00:00,1756778410.0,0.0125
2025-09-02 03:00:00,1756782004.0,0.0125
2025-09-02 04:00:00,1756785606.0,0.0125
2025-09-02 05:00:00,1756789215.0,0.0125
2025-09-02 06:00:00,1756792815.0,0.0125
2025-09-02 07:00:00,1756796418.0,0.0125
2025-09-02 08:00:00,1756800009.0,0.0125
2025-09-02 09:00:00,1756803618.0,0.013
2025-09-02 10:00:00,1756807220.0,0.0125
2025-09-02 11:00:00,1756810809.0,0.013
2025-09-02 12:00:00,1756814409.0,0.013
2025-09-02 13:00:00,1756818005.0,0.0105
2025-09-02 14:00:00,1756821615.0,0.0105
2025-09-02 15:00:00,1756825217.0,0.011
2025-09-02 16:00:00,1756828808.0,0.011
2025-09-02 17:00:00,1756832404.0,0.0115
2025-09-02 18:00:00,1756836006.0,0.0115
2025-09-02 19:00:00,1756839619.0,0.0115
2025-09-02 20:00:00,1756843205.0,0.0115
2025-09-02 21:00:00,1756846815.0,0.0115
2025-09-02 22:00:00,1756850419.0,0.011
2025-09-02 23:00:00,1756854004.0,0.0105
2025-09-03 00:00:00,1756857615.0,0.0105
2025-09-03 01:00:00,1756861212.0,0.0105
2025-09-03 02:00:00,1756864805.0,0.0105
2025-09-03 03:00:00,1756868402.0,0.0105
2025-09-03 04:00:00,1756872021.0,0.0105
2025-09-03 05:00:00,1756875615.0,0.0105
2025-09-03 06:00:00,1756879212.0,0.0105
2025-09-03 07:00:00,1756882816.0,0.0105
2025-09-03 08:00:00,1756886418.0,0.0105
2025-09-03 09:00:00,1756890024.0,0.011
2025-09-03 10:00:00,1756893622.0,0.0105
2025-09-03 11:00:00,1756897220.0,0.0105
2025-09-03 12:00:00,1756900809.0,0.0105
2025-09-03 13:00:00,1756904404.0,0.0105
2025-09-03 14:00:00,1756908022.0,0.0105
2025-09-03 15:00:00,1756911608.0,0.011
2025-09-03 16:00:00,1756915206.0,0.011
2025-09-03 17:00:00,1756918814.0,0.011
2025-09-03 18:00:00,1756922403.0,0.011
2025-09-03 19:00:00,1756926004.0,0.0125
2025-09-03 20:00:00,1756929613.0,0.011
2025-09-03 21:00:00,1756933212.0,0.012
2025-09-03 22:00:00,1756936813.0,0.0115
2025-09-03 23:00:00,1756940418.0,0.0115
2025-09-04 00:00:00,1756944016.0,0.0115
2025-09-04 01:00:00,1756947616.0,0.0115
2025-09-04 02:00:00,1756951207.0,0.0115
2025-09-04 03:00:00,1756954819.0,0.0115
2025-09-04 04:00:00,1756958416.0,0.0115
2025-09-04 05:00:00,1756962014.0,0.0115
2025-09-04 06:00:00,1756965616.0,0.0115
2025-09-04 07:00:00,1756969214.0,0.0115
2025-09-04 08:00:00,1756972816.0,0.0115
2025-09-04 09:00:00,1756976411.0,0.0115
2025-09-04 10:00:00,1756980021.0,0.0115
2025-09-04 11:00:00,1756983620.0,0.011
2025-09-04 12:00:00,1756987202.0,0.011
2025-09-04 13:00:00,1756990815.0,0.011
2025-09-04 14:00:00,1756994420.0,0.011
2025-09-04 15:00:00,1756998022.0,0.011
2025-09-04 16:00:00,1757001603.0,0.011
2025-09-04 17:00:00,1757005226.0,0.011
2025-09-04 18:00:00,1757008807.0,0.011
2025-09-04 19:00:00,1757012416.0,0.011
2025-09-04 20:00:00,1757016016.0,0.011
2025-09-04 21:00:00,1757019625.0,0.011
2025-09-04 22:00:00,1757023211.0,0.011
2025-09-04 23:00:00,1757026816.0,0.011
2025-09-05 00:00:00,1757030405.0,0.011
2025-09-05 01:00:00,1757034008.0,0.011
2025-09-05 02:00:00,1757037603.0,0.011
2025-09-05 03:00:00,1757041209.0,0.011
2025-09-05 04:00:00,1757044804.0,0.011
2025-09-05 05:00:00,1757048412.0,0.011
2025-09-05 06:00:00,1757052004.0,0.011
2025-09-05 07:00:00,1757055612.0,0.011
2025-09-05 08:00:00,1757059219.0,0.011
2025-09-05 09:00:00,1757062823.0,0.011
2025-09-05 10:00:00,1757066410.0,0.011
2025-09-05 11:00:00,1757070021.0,0.011
2025-09-05 12:00:00,1757073603.0,0.011
2025-09-05 13:00:00,1757077204.0,0.012
2025-09-05 14:00:00,1757080816.0,0.0115
2025-09-05 15:00:00,1757084422.0,0.0115
2025-09-05 16:00:00,1757088007.0,0.012
2025-09-05 17:00:00,1757091617.0,0.0115
2025-09-05 18:00:00,1757095221.0,0.012
2025-09-05 19:00:00,1757098804.0,0.012
2025-09-05 20:00:00,1757102415.0,0.012
2025-09-05 21:00:00,1757106007.0,0.012
2025-09-05 22:00:00,1757109610.0,0.003
2025-09-05 23:00:00,1757113218.0,0.003
2025-09-06 00:00:00,1757116817.0,0.0035
2025-09-06 01:00:00,1757120413.0,0.0035
2025-09-06 02:00:00,1757124018.0,0.0035
2025-09-06 03:00:00,1757127615.0,0.0035
2025-09-06 04:00:00,1757131202.0,0.0035
2025-09-06 05:00:00,1757134810.0,0.0035
2025-09-06 06:00:00,1757138418.0,0.0035
2025-09-06 07:00:00,1757142004.0,0.0035
2025-09-06 08:00:00,1757145618.0,0.0035
2025-09-06 09:00:00,1757149223.0,0.0035
2025-09-06 10:00:00,1757152823.0,0.0035
2025-09-06 11:00:00,1757156411.0,0.0035
2025-09-06 12:00:00,1757160016.0,0.0035
2025-09-06 13:00:00,1757163609.0,0.0035
2025-09-06 14:00:00,1757167221.0,0.0035
2025-09-06 15:00:00,1757170816.0,0.0035
2025-09-06 16:00:00,1757174407.0,0.0035
2025-09-06 17:00:00,1757178013.0,0.0035
2025-09-06 18:00:00,1757181613.0,0.0035
2025-09-06 19:00:00,1757185220.0,0.0035
2025-09-06 20:00:00,1757188802.0,0.0035
2025-09-06 21:00:00,1757192404.0,0.0035
2025-09-06 22:00:00,1757196010.0,0.0035
2025-09-06 23:00:00,1757199616.0,0.0035
2025-09-07 00:00:00,1757203208.0,0.0035
2025-09-07 01:00:00,1757206811.0,0.0035
2025-09-07 02:00:00,1757210414.0,0.0035
2025-09-07 03:00:00,1757214003.0,0.0035
2025-09-07 04:00:00,1757217621.0,0.0035
2025-09-07 05:00:00,1757221210.0,0.0035
2025-09-07 06:00:00,1757224816.0,0.0035
2025-09-07 07:00:00,1757228405.0,0.003
2025-09-07 08:00:00,1757232004.0,0.003
2025-09-07 09:00:00,1757235630.0,0.003
2025-09-07 10:00:00,1757239220.0,0.003
2025-09-07 11:00:00,1757242808.0,0.003
2025-09-07 12:00:00,1757246405.0,0.003
2025-09-07 13:00:00,1757250004.0,0.003
2025-09-07 14:00:00,1757253605.0,0.003
2025-09-07 15:00:00,1757257207.0,0.003
2025-09-07 16:00:00,1757260806.0,0.003
2025-09-07 17:00:00,1757264416.0,0.003
2025-09-07 18:00:00,1757268021.0,0.003
2025-09-07 19:00:00,1757271610.0,0.003
2025-09-07 20:00:00,1757275204.0,0.003
2025-09-07 21:00:00,1757278804.0,0.003
2025-09-07 22:00:00,1757282418.0,0.003
2025-09-07 23:00:00,1757286009.0,0.003
2025-09-08 00:00:00,1757289616.0,0.003
2025-09-08 01:00:00,1757293202.0,0.003
2025-09-08 02:00:00,1757296807.0,0.003
2025-09-08 03:00:00,1757300420.0,0.003
2025-09-08 04:00:00,1757304014.0,0.003
2025-09-08 05:00:00,1757307619.0,0.003
2025-09-08 06:00:00,1757311216.0,0.003
2025-09-08 07:00:00,1757314816.0,0.003
2025-09-08 08:00:00,1757318412.0,0.003
2025-09-08 09:00:00,1757322013.0,0.003
2025-09-08 10:00:00,1757325606.0,0.003
2025-09-08 11:00:00,1757329212.0,0.003
2025-09-08 12:00:00,1757332816.0,0.003
2025-09-08 13:00:00,1757336419.0,0.003
2025-09-08 14:00:00,1757340014.0,0.003
2025-09-08 15:00:00,1757343609.0,0.003
2025-09-08 16:00:00,1757347202.0,0.003
2025-09-08 17:00:00,1757350802.0,0.0025
2025-09-08 18:00:00,1757354407.0,0.0025
2025-09-08 19:00:00,1757358005.0,0.0025
2025-09-08 20:00:00,1757361618.0,0.0025
2025-09-08 21:00:00,1757365217.0,0.0025
2025-09-08 22:00:00,1757368811.0,0.0025
2025-09-08 23:00:00,1757372415.0,0.0025
2025-09-09 00:00:00,1757376007.0,0.0025
2025-09-09 01:00:00,1757379612.0,0.0025
2025-09-09 02:00:00,1757383213.0,0.0025
2025-09-09 03:00:00,1757386806.0,0.0025
2025-09-09 04:00:00,1757390417.0,0.0025
2025-09-09 05:00:00,1757394018.0,0.0025
2025-09-09 06:00:00,1757397611.0,0.0025
2025-09-09 07:00:00,1757401204.0,0.0025
2025-09-09 08:00:00,1757404807.0,0.0025
2025-09-09 09:00:00,1757408419.0,0.0025
2025-09-09 10:00:00,1757412012.0,0.0025
2025-09-09 11:00:00,1757415610.0,0.0025
2025-09-09 12:00:00,1757419216.0,0.0025
2025-09-09 13:00:00,1757422805.0,0.0025
2025-09-09 14:00:00,1757426407.0,0.0025
2025-09-09 15:00:00,1757430022.0,0.0025
2025-09-09 16:00:00,1757433619.0,0.0025
2025-09-09 17:00:00,1757437216.0,0.0025
2025-09-09 18:00:00,1757440805.0,0.0025
2025-09-09 19:00:00,1757444407.0,0.0025
2025-09-09 20:00:00,1757448002.0,0.0025
2025-09-09 21:00:00,1757451619.0,0.0025
2025-09-09 22:00:00,1757455212.0,0.0025
2025-09-09 23:00:00,1757458815.0,0.0025
2025-09-10 00:00:00,1757462404.0,0.0025
2025-09-10 01:00:00,1757466011.0,0.0025
2025-09-10 02:00:00,1757469603.0,0.0025
2025-09-10 03:00:00,1757473213.0,0.0025
2025-09-10 04:00:00,1757476822.0,0.0025
2025-09-10 05:00:00,1757480407.0,0.0025
2025-09-10 06:00:00,1757484019.0,0.0025
2025-09-10 07:00:00,1757487611.0,0.0025
2025-09-10 08:00:00,1757491203.0,0.0025
2025-09-10 09:00:00,1757494811.0,0.0025
2025-09-10 10:00:00,1757498410.0,0.0025
2025-09-10 11:00:00,1757502012.0,0.0025
2025-09-10 12:00:00,1757505609.0,0.0025
2025-09-10 13:00:00,1757509209.0,0.0025
2025-09-10 14:00:00,1757512811.0,0.0025
2025-09-10 15:00:00,1757516414.0,0.0025
2025-09-10 16:00:00,1757520005.0,0.0025
2025-09-10 17:00:00,1757523613.0,0.0025
2025-09-10 18:00:00,1757527202.0,0.0025
2025-09-10 19:00:00,1757530808.0,0.0025
2025-09-10 20:00:00,1757534412.0,0.0025
2025-09-10 21:00:00,1757538004.0,0.0025
2025-09-10 22:00:00,1757541612.0,0.0025
2025-09-10 23:00:00,1757545214.0,0.0025
2025-09-11 00:00:00,1757548807.0,0.0025
2025-09-11 01:00:00,1757552411.0,0.0025
2025-09-11 02:00:00,1757556013.0,0.0025
2025-09-11 03:00:00,1757559612.0,0.0025
2025-09-11 04:00:00,1757563212.0,0.0025
2025-09-11 05:00:00,1757566806.0,0.0025
2025-09-11 06:00:00,1757570424.0,0.0025
2025-09-11 07:00:00,1757574009.0,0.003
2025-09-11 08:00:00,1757577615.0,0.003
2025-09-11 09:00:00,1757581208.0,0.003
2025-09-11 10:00:00,1757584816.0,0.003
2025-09-11 11:00:00,1757588421.0,0.003
2025-09-11 12:00:00,1757592031.0,0.003
2025-09-11 13:00:00,1757595603.0,0.003
2025-09-11 14:00:00,1757599208.0,0.003
2025-09-11 15:00:00,1757602821.0,0.003
2025-09-11 16:00:00,1757606403.0,0.003
2025-09-11 17:00:00,1757610019.0,0.003
2025-09-11 18:00:00,1757613611.0,0.003
2025-09-11 19:00:00,1757617202.0,0.003
2025-09-11 20:00:00,1757620813.0,0.003
2025-09-11 21:00:00,1757624416.0,0.0025
2025-09-11 22:00:00,1757628004.0,0.0025
2025-09-11 23:00:00,1757631615.0,0.0025
2025-09-12 00:00:00,1757635218.0,0.0025
2025-09-12 01:00:00,1757638804.0,0.0025
2025-09-12 02:00:00,1757642413.0,0.0025
2025-09-12 03:00:00,1757646021.0,0.0025
2025-09-12 04:00:00,1757649604.0,0.0025
2025-09-12 05:00:00,1757653225.0,0.0025
2025-09-12 06:00:00,1757656819.0,0.0025
2025-09-12 07:00:00,1757660421.0,0.0025
2025-09-12 08:00:00,1757664027.0,0.0025
2025-09-12 09:00:00,1757667618.0,0.0025
2025-09-12 10:00:00,1757671210.0,0.0025
2025-09-12 11:00:00,1757674823.0,0.0025
2025-09-12 12:00:00,1757678423.0,0.0025
2025-09-12 13:00:00,1757682023.0,0.0025
2025-09-12 14:00:00,1757685604.0,0.0025
2025-09-12 15:00:00,1757689219.0,0.0025
2025-09-12 16:00:00,1757692818.0,0.0025
2025-09-12 17:00:00,1757696418.0,0.0025
2025-09-12 18:00:00,1757700007.0,0.0025
2025-09-12 19:00:00,1757703617.0,0.0025
2025-09-12 20:00:00,1757707205.0,0.0025
2025-09-12 21:00:00,1757710808.0,0.0025
2025-09-12 22:00:00,1757714420.0,0.0025
2025-09-12 23:00:00,1757718012.0,0.0025
2025-09-13 00:00:00,1757721606.0,0.0025
2025-09-13 01:00:00,1757725209.0,0.0025
2025-09-13 02:00:00,1757728811.0,0.0025
2025-09-13 03:00:00,1757732415.0,0.0025
2025-09-13 04:00:00,1757736006.0,0.0025
2025-09-13 05:00:00,1757739610.0,0.0025
2025-09-13 06:00:00,1757743206.0,0.0025
2025-09-13 07:00:00,1757746816.0,0.0025
2025-09-13 08:00:00,1757750407.0,0.0025
2025-09-13 09:00:00,1757754011.0,0.0025
2025-09-13 10:00:00,1757757618.0,0.0025
2025-09-13 11:00:00,1757761220.0,0.0025
2025-09-13 12:00:00,1757764826.0,0.0025
2025-09-13 13:00:00,1757768418.0,0.0025
2025-09-13 14:00:00,1757772006.0,0.0025
2025-09-13 15:00:00,1757775624.0,0.0025
2025-09-13 16:00:00,1757779210.0,0.0025
2025-09-13 17:00:00,1757782812.0,0.0025
2025-09-13 18:00:00,1757786416.0,0.0025
2025-09-13 19:00:00,1757790024.0,0.0025
2025-09-13 20:00:00,1757793620.0,0.0025
2025-09-13 21:00:00,1757797206.0,0.0025
2025-09-13 22:00:00,1757800822.0,0.0025
2025-09-13 23:00:00,1757804404.0,0.0025
2025-09-14 00:00:00,1757808021.0,0.0025
2025-09-14 01:00:00,1757811611.0,0.0025
2025-09-14 02:00:00,1757815217.0,0.0025
2025-09-14 03:00:00,1757818807.0,0.0025
2025-09-14 04:00:00,1757822403.0,0.0025
2025-09-14 05:00:00,1757826006.0,0.0025
2025-09-14 06:00:00,1757829606.0,0.0025
2025-09-14 07:00:00,1757833203.0,0.0025
2025-09-14 08:00:00,1757836816.0,0.0025
2025-09-14 09:00:00,1757840432.0,0.0025
2025-09-14 10:00:00,1757844015.0,0.0025
2025-09-14 11:00:00,1757847603.0,0.0025
2025-09-14 12:00:00,1757851208.0,0.0025
2025-09-14 13:00:00,1757854810.0,0.0025
2025-09-14 14:00:00,1757858420.0,0.0025
2025-09-14 15:00:00,1757862017.0,0.0025
2025-09-14 16:00:00,1757865602.0,0.0025
2025-09-14 17:00:00,1757869223.0,0.0025
2025-09-14 18:00:00,1757872806.0,0.0025
2025-09-14 19:00:00,1757876414.0,0.0025
2025-09-14 20:00:00,1757880011.0,0.0025
2025-09-14 21:00:00,1757883627.0,0.0025
2025-09-14 22:00:00,1757887207.0,0.0025
2025-09-14 23:00:00,1757890817.0,0.0025
2025-09-15 00:00:00,1757894407.0,0.0025
2025-09-15 01:00:00,1757898008.0,0.0025
2025-09-15 02:00:00,1757901613.0,0.0025
2025-09-15 03:00:00,1757905211.0,0.0025
2025-09-15 04:00:00,1757908813.0,0.0025
2025-09-15 05:00:00,1757912412.0,0.0025
2025-09-15 06:00:00,1757916016.0,0.0025
2025-09-15 07:00:00,1757919616.0,0.0025
2025-09-15 08:00:00,1757923217.0,0.0025
2025-09-15 09:00:00,1757926803.0,0.0025
2025-09-15 10:00:00,1757930410.0,0.0025
2025-09-15 11:00:00,1757934002.0,0.0025
2025-09-15 12:00:00,1757937614.0,0.0025
2025-09-15 13:00:00,1757941213.0,0.0025
2025-09-15 14:00:00,1757944814.0,0.0025
2025-09-15 15:00:00,1757948405.0,0.0025
2025-09-15 16:00:00,1757952016.0,0.0025
2025-09-15 17:00:00,1757955617.0,0.0025
2025-09-15 18:00:00,1757959208.0,0.0025
2025-09-15 19:00:00,1757962812.0,0.002
2025-09-15 20:00:00,1757966403.0,0.002
2025-09-15 21:00:00,1757970002.0,0.002
2025-09-15 22:00:00,1757973610.0,0.002
2025-09-15 23:00:00,1757977205.0,0.002
2025-09-16 00:00:00,1757980816.0,0.002
2025-09-16 01:00:00,1757984414.0,0.002
2025-09-16 02:00:00,1757988020.0,0.002
2025-09-16 03:00:00,1757991604.0,0.002
2025-09-16 04:00:00,1757995222.0,0.002
2025-09-16 05:00:00,1757998816.0,0.002
2025-09-16 06:00:00,1758002413.0,0.002
2025-09-16 07:00:00,1758006013.0,0.002
2025-09-16 08:00:00,1758009610.0,0.002
2025-09-16 09:00:00,1758013230.0,0.002
2025-09-16 10:00:00,1758016819.0,0.002
2025-09-16 11:00:00,1758020418.0,0.002
2025-09-16 12:00:00,1758024018.0,0.002
2025-09-16 13:00:00,1758027616.0,0.002
2025-09-16 14:00:00,1758031215.0,0.002
2025-09-16 15:00:00,1758034816.0,0.002
2025-09-16 16:00:00,1758038421.0,0.002
2025-09-16 17:00:00,1758042007.0,0.002
2025-09-16 18:00:00,1758045627.0,0.002
2025-09-16 19:00:00,1758049212.0,0.002
2025-09-16 20:00:00,1758052820.0,0.002
2025-09-16 21:00:00,1758056402.0,0.002
2025-09-16 22:00:00,1758060017.0,0.002
2025-09-16 23:00:00,1758063617.0,0.002
2025-09-17 00:00:00,1758067204.0,0.002
2025-09-17 01:00:00,1758070813.0,0.002
2025-09-17 02:00:00,1758074410.0,0.002
2025-09-17 03:00:00,1758078030.0,0.002
2025-09-17 04:00:00,1758081605.0,0.002
2025-09-17 05:00:00,1758085214.0,0.002
2025-09-17 06:00:00,1758088809.0,0.002
2025-09-17 07:00:00,1758092413.0,0.002
2025-09-17 08:00:00,1758096014.0,0.002
2025-09-17 09:00:00,1758099609.0,0.002
2025-09-17 10:00:00,1758103222.0,0.002
2025-09-17 11:00:00,1758106815.0,0.002
2025-09-17 12:00:00,1758110402.0,0.002
2025-09-17 13:00:00,1758114022.0,0.002
2025-09-17 14:00:00,1758117607.0,0.002
2025-09-17 15:00:00,1758121203.0,0.002
2025-09-17 16:00:00,1758124809.0,0.0015
2025-09-17 17:00:00,1758128424.0,0.0015
2025-09-17 18:00:00,1758132249.0,0.0015
2025-09-17 19:00:00,1758135613.0,0.0015
2025-09-17 20:00:00,1758139205.0,0.0015
2025-09-17 21:00:00,1758142806.0,0.0015
2025-09-17 22:00:00,1758146403.0,0.0015
2025-09-17 23:00:00,1758150020.0,0.0015
2025-09-18 00:00:00,1758153615.0,0.0015
2025-09-18 01:00:00,1758157212.0,0.0015
2025-09-18 02:00:00,1758160808.0,0.0015
2025-09-18 03:00:00,1758164413.0,0.0015
2025-09-18 04:00:00,1758168015.0,0.0015
2025-09-18 05:00:00,1758171610.0,0.0015
2025-09-18 06:00:00,1758175216.0,0.0015
2025-09-18 07:00:00,1758178811.0,0.0015
2025-09-18 08:00:00,1758182405.0,0.0015
2025-09-18 09:00:00,1758186019.0,0.0015
2025-09-18 10:00:00,1758189604.0,0.0015
2025-09-18 11:00:00,1758193210.0,0.0015
2025-09-18 12:00:00,1758196834.0,0.0015
2025-09-18 13:00:00,1758200406.0,0.0015
2025-09-18 14:00:00,1758204004.0,0.0015
2025-09-18 15:00:00,1758207610.0,0.0015
2025-09-18 16:00:00,1758211215.0,0.0015
2025-09-18 17:00:00,1758214817.0,0.0015
2025-09-18 18:00:00,1758218415.0,0.0015
2025-09-18 19:00:00,1758222024.0,0.0015
2025-09-18 20:00:00,1758225609.0,0.0015
2025-09-18 21:00:00,1758229218.0,0.0015
2025-09-18 22:00:00,1758232815.0,0.0015
2025-09-18 23:00:00,1758236402.0,0.0015
2025-09-19 00:00:00,1758240010.0,0.0015
2025-09-19 01:00:00,1758243606.0,0.0015
2025-09-19 02:00:00,1758247214.0,0.0015
2025-09-19 03:00:00,1758250822.0,0.0015
2025-09-19 04:00:00,1758254402.0,0.0015
2025-09-19 05:00:00,1758258004.0,0.0015
2025-09-19 06:00:00,1758261603.0,0.0015
2025-09-19 07:00:00,1758265220.0,0.0015
2025-09-19 08:00:00,1758268806.0,0.0015
2025-09-19 09:00:00,1758272420.0,0.0015
2025-09-19 10:00:00,1758276003.0,0.0015
2025-09-19 11:00:00,1758279609.0,0.001
2025-09-19 12:00:00,1758283221.0,0.001
2025-09-19 13:00:00,1758286802.0,0.001
2025-09-19 14:00:00,1758290406.0,0.001
2025-09-19 15:00:00,1758294019.0,0.001
2025-09-19 16:00:00,1758297604.0,0.001
2025-09-19 17:00:00,1758301221.0,0.001
2025-09-19 18:00:00,1758304825.0,0.001
2025-09-19 19:00:00,1758308402.0,0.001
2025-09-19 20:00:00,1758312011.0,0.001
2025-09-19 21:00:00,1758315621.0,0.001
2025-09-19 22:00:00,1758319214.0,0.001
2025-09-19 23:00:00,1758322802.0,0.001
2025-09-20 00:00:00,1758326410.0,0.001
2025-09-20 01:00:00,1758330015.0,0.001
2025-09-20 02:00:00,1758333606.0,0.001
2025-09-20 03:00:00,1758337212.0,0.001
2025-09-20 04:00:00,1758340808.0,0.001
2025-09-20 05:00:00,1758344407.0,0.001
2025-09-20 06:00:00,1758348027.0,0.001
2025-09-20 07:00:00,1758351606.0,0.001
2025-09-20 08:00:00,1758355210.0,0.001
2025-09-20 09:00:00,1758358811.0,0.001
2025-09-20 10:00:00,1758362404.0,0.001
2025-09-20 11:00:00,1758366014.0,0.001
2025-09-20 12:00:00,1758369639.0,0.001
2025-09-20 13:00:00,1758373220.0,0.001
2025-09-20 14:00:00,1758376818.0,0.001
2025-09-20 15:00:00,1758380409.0,0.001
2025-09-20 16:00:00,1758384006.0,0.001
2025-09-20 17:00:00,1758387607.0,0.001
2025-09-20 18:00:00,1758391220.0,0.001
2025-09-20 19:00:00,1758394814.0,0.001
2025-09-20 20:00:00,1758398404.0,0.001
2025-09-20 21:00:00,1758402002.0,0.001
2025-09-20 22:00:00,1758405602.0,0.001
2025-09-20 23:00:00,1758409205.0,0.001
2025-09-21 00:00:00,1758412810.0,0.001
2025-09-21 01:00:00,1758416407.0,0.001
2025-09-21 02:00:00,1758420014.0,0.001
2025-09-21 03:00:00,1758423615.0,0.001
2025-09-21 04:00:00,1758427212.0,0.001
2025-09-21 05:00:00,1758430811.0,0.001
2025-09-21 06:00:00,1758434405.0,0.001
2025-09-21 07:00:00,1758438023.0,0.001
2025-09-21 08:00:00,1758441604.0,0.001
2025-09-21 09:00:00,1758445206.0,0.001
2025-09-21 10:00:00,1758448804.0,0.001
2025-09-21 11:00:00,1758452404.0,0.001
2025-09-21 12:00:00,1758456020.0,0.001
2025-09-21 13:00:00,1758459610.0,0.001
2025-09-21 14:00:00,1758463221.0,0.001
2025-09-21 15:00:00,1758466817.0,0.001
2025-09-21 16:00:00,1758470423.0,0.001
2025-09-21 17:00:00,1758474012.0,0.001
2025-09-21 18:00:00,1758477624.0,0.001
2025-09-21 19:00:00,1758481202.0,0.001
2025-09-21 20:00:00,1758484820.0,0.001
2025-09-21 21:00:00,1758488402.0,0.001
2025-09-21 22:00:00,1758492004.0,0.001
2025-09-21 23:00:00,1758495620.0,0.001
2025-09-22 00:00:00,1758499215.0,0.001
2025-09-22 01:00:00,1758502804.0,0.001
2025-09-22 02:00:00,1758506416.0,0.001
2025-09-22 03:00:00,1758510013.0,0.001
2025-09-22 04:00:00,1758513620.0,0.001
2025-09-22 05:00:00,1758517208.0,0.001
2025-09-22 06:00:00,1758520820.0,0.001
2025-09-22 07:00:00,1758524422.0,0.001
2025-09-22 08:00:00,1758528012.0,0.001
2025-09-22 09:00:00,1758531623.0,0.001
2025-09-22 10:00:00,1758535206.0,0.001
2025-09-22 11:00:00,1758538809.0,0.001
2025-09-22 12:00:00,1758542412.0,0.001
2025-09-22 13:00:00,1758546017.0,0.001
2025-09-22 14:00:00,1758549602.0,0.001
2025-09-22 15:00:00,1758553217.0,0.001
2025-09-22 16:00:00,1758556809.0,0.001
2025-09-22 17:00:00,1758560423.0,0.001
2025-09-22 18:00:00,1758564018.0,0.001
2025-09-22 19:00:00,1758567622.0,0.001
2025-09-22 20:00:00,1758571211.0,0.001
2025-09-22 21:00:00,1758574806.0,0.001
2025-09-22 22:00:00,1758578402.0,0.001
2025-09-22 23:00:00,1758582011.0,0.001
2025-09-23 00:00:00,1758585607.0,0.001
2025-09-23 01:00:00,1758589208.0,0.001
2025-09-23 02:00:00,1758592810.0,0.001
2025-09-23 03:00:00,1758596421.0,0.001
2025-09-23 04:00:00,1758600007.0,0.001
2025-09-23 05:00:00,1758603617.0,0.001
2025-09-23 06:00:00,1758607216.0,0.001
2025-09-23 07:00:00,1758610804.0,0.001
2025-09-23 08:00:00,1758614407.0,0.001
2025-09-23 09:00:00,1758618006.0,0.001
2025-09-23 10:00:00,1758621606.0,0.001
2025-09-23 11:00:00,1758625202.0,0.001
2025-09-23 12:00:00,1758628815.0,0.001
2025-09-23 13:00:00,1758632422.0,0.001
2025-09-23 14:00:00,1758636010.0,0.001
2025-09-23 15:00:00,1758639612.0,0.001
2025-09-23 16:00:00,1758643224.0,0.001
2025-09-23 17:00:00,1758646820.0,0.001
2025-09-23 18:00:00,1758650404.0,0.001
2025-09-23 19:00:00,1758654017.0,0.001
2025-09-23 20:00:00,1758657611.0,0.001
2025-09-23 21:00:00,1758661217.0,0.001
2025-09-23 22:00:00,1758664818.0,0.001
2025-09-23 23:00:00,1758668407.0,0.001
2025-09-24 00:00:00,1758672007.0,0.001
2025-09-24 01:00:00,1758675610.0,0.001
2025-09-24 02:00:00,1758679207.0,0.001
2025-09-24 03:00:00,1758682821.0,0.001
2025-09-24 04:00:00,1758686415.0,0.001
2025-09-24 05:00:00,1758690019.0,0.001
2025-09-24 06:00:00,1758693608.0,0.001
2025-09-24 07:00:00,1758697209.0,0.001
2025-09-24 08:00:00,1758700816.0,0.001
2025-09-24 09:00:00,1758704402.0,0.001
2025-09-24 10:00:00,1758708005.0,0.001
2025-09-24 11:00:00,1758711605.0,0.001
2025-09-24 12:00:00,1758715211.0,0.001
2025-09-24 13:00:00,1758718806.0,0.001
2025-09-24 14:00:00,1758722413.0,0.001
2025-09-24 15:00:00,1758726015.0,0.001
2025-09-24 16:00:00,1758729611.0,0.001
2025-09-24 17:00:00,1758733211.0,0.001
2025-09-24 18:00:00,1758736812.0,0.001
2025-09-24 19:00:00,1758740404.0,0.001
2025-09-24 20:00:00,1758744010.0,0.001
2025-09-24 21:00:00,1758747612.0,0.001
2025-09-24 22:00:00,1758751212.0,0.001
2025-09-24 23:00:00,1758754806.0,0.001
2025-09-25 00:00:00,1758758405.0,0.001
2025-09-25 01:00:00,1758762005.0,0.001
2025-09-25 02:00:00,1758765605.0,0.001
2025-09-25 03:00:00,1758769215.0,0.001
2025-09-25 04:00:00,1758772807.0,0.001
2025-09-25 05:00:00,1758776402.0,0.001
2025-09-25 06:00:00,1758780008.0,0.001
2025-09-25 07:00:00,1758783606.0,0.001
2025-09-25 08:00:00,1758787214.0,0.001
2025-09-25 09:00:00,1758790808.0,0.001
2025-09-25 10:00:00,1758794409.0,0.001
2025-09-25 11:00:00,1758798003.0,0.001
2025-09-25 12:00:00,1758801618.0,0.001
2025-09-25 13:00:00,1758805207.0,0.001
2025-09-25 14:00:00,1758808809.0,0.001
2025-09-25 15:00:00,1758812403.0,0.001
2025-09-25 16:00:00,1758816012.0,0.001
2025-09-25 17:00:00,1758819609.0,0.001
2025-09-25 18:00:00,1758823206.0,0.001
2025-09-25 19:00:00,1758826815.0,0.001
2025-09-25 20:00:00,1758830411.0,0.001
2025-09-25 21:00:00,1758834009.0,0.001
2025-09-25 22:00:00,1758837611.0,0.001
2025-09-25 23:00:00,1758841203.0,0.001
2025-09-26 00:00:00,1758844813.0,0.001
2025-09-26 01:00:00,1758848411.0,0.001
2025-09-26 02:00:00,1758852012.0,0.001
2025-09-26 03:00:00,1758855603.0,0.001
2025-09-26 04:00:00,1758859212.0,0.001
2025-09-26 05:00:00,1758862811.0,0.001
2025-09-26 06:00:00,1758866416.0,0.001
2025-09-26 07:00:00,1758870008.0,0.001
2025-09-26 08:00:00,1758873604.0,0.001
2025-09-26 09:00:00,1758877212.0,0.001
2025-09-26 10:00:00,1758880804.0,0.001
2025-09-26 11:00:00,1758884409.0,0.001
2025-09-26 12:00:00,1758888016.0,0.001
2025-09-26 13:00:00,1758891604.0,0.001
2025-09-26 14:00:00,1758895215.0,0.001
2025-09-26 15:00:00,1758898815.0,0.001
2025-09-26 16:00:00,1758902411.0,0.001
2025-09-26 17:00:00,1758906012.0,0.001
2025-09-26 18:00:00,1758909617.0,0.001
2025-09-26 19:00:00,1758913209.0,0.001
2025-09-26 20:00:00,1758916804.0,0.001
2025-09-26 21:00:00,1758920403.0,0.001
2025-09-26 22:00:00,1758924013.0,0.001
2025-09-26 23:00:00,1758927614.0,0.001
2025-09-27 00:00:00,1758931209.0,0.001
2025-09-27 01:00:00,1758934808.0,0.001
2025-09-27 02:00:00,1758938407.0,0.001
2025-09-27 03:00:00,1758942015.0,0.001
2025-09-27 04:00:00,1758945611.0,0.001
2025-09-27 05:00:00,1758949209.0,0.001
2025-09-27 06:00:00,1758952809.0,0.001
2025-09-27 07:00:00,1758956407.0,0.001
2025-09-27 08:00:00,1758960004.0,0.001
2025-09-27 09:00:00,1758963614.0,0.001
2025-09-27 10:00:00,1758967207.0,0.001
2025-09-27 11:00:00,1758970812.0,0.001
2025-09-27 12:00:00,1758974402.0,0.001
2025-09-27 13:00:00,1758978009.0,0.001
2025-09-27 14:00:00,1758981606.0,0.001
2025-09-27 15:00:00,1758985208.0,0.001
2025-09-27 16:00:00,1758988809.0,0.001
2025-09-27 17:00:00,1758992415.0,0.001
2025-09-27 18:00:00,1758996006.0,0.001
2025-09-27 19:00:00,1758999612.0,0.001
2025-09-27 20:00:00,1759003211.0,0.001
2025-09-27 21:00:00,1759006810.0,0.001
2025-09-27 22:00:00,1759010414.0,0.001
2025-09-27 23:00:00,1759014012.0,0.001
2025-09-28 00:00:00,1759017603.0,0.001
2025-09-28 01:00:00,1759021207.0,0.001
2025-09-28 02:00:00,1759024803.0,0.001
2025-09-28 03:00:00,1759028416.0,0.001
2025-09-28 04:00:00,1759032008.0,0.001
2025-09-28 05:00:00,1759035606.0,0.001
2025-09-28 06:00:00,1759039206.0,0.001
2025-09-28 07:00:00,1759042802.0,0.001
2025-09-28 08:00:00,1759046412.0,0.001
2025-09-28 09:00:00,1759050009.0,0.001
2025-09-28 10:00:00,1759053615.0,0.001
2025-09-28 11:00:00,1759057212.0,0.001
2025-09-28 12:00:00,1759060809.0,0.001
2025-09-28 13:00:00,1759064406.0,0.001
2025-09-28 14:00:00,1759068015.0,0.001
2025-09-28 15:00:00,1759071616.0,0.001
2025-09-28 16:00:00,1759075210.0,0.001
2025-09-28 17:00:00,1759078811.0,0.001
2025-09-28 18:00:00,1759082411.0,0.001
2025-09-28 19:00:00,1759086009.0,0.001
2025-09-28 20:00:00,1759089612.0,0.001
2025-09-28 21:00:00,1759093202.0,0.006
2025-09-28 22:00:00,1759096812.0,0.006
2025-09-28 23:00:00,1759100405.0,0.006
2025-09-29 00:00:00,1759104007.0,0.006
2025-09-29 01:00:00,1759107604.0,0.006
2025-09-29 02:00:00,1759111203.0,0.006
2025-09-29 03:00:00,1759114811.0,0.006
2025-09-29 04:00:00,1759118403.0,0.006
2025-09-29 05:00:00,1759122009.0,0.006
2025-09-29 06:00:00,1759125603.0,0.006
2025-09-29 07:00:00,1759129209.0,0.006
2025-09-29 08:00:00,1759132806.0,0.006
2025-09-29 09:00:00,1759136411.0,0.006
2025-09-29 10:00:00,1759140011.0,0.006
2025-09-29 11:00:00,1759143606.0,0.006
2025-09-29 12:00:00,1759147206.0,0.006
2025-09-29 13:00:00,1759150804.0,0.006
2025-09-29 14:00:00,1759154402.0,0.006
2025-09-29 15:00:00,1759158009.0,0.001
2025-09-29 16:00:00,1759161602.0,0.001
2025-09-29 17:00:00,1759165213.0,0.001
2025-09-29 18:00:00,1759168813.0,0.001
2025-09-29 19:00:00,1759172409.0,0.001
2025-09-29 20:00:00,1759176006.0,0.001
2025-09-29 21:00:00,1759179614.0,0.001
2025-09-29 22:00:00,1759183209.0,0.001
2025-09-29 23:00:00,1759186805.0,0.001
2025-09-30 00:00:00,1759190409.0,0.001
2025-09-30 01:00:00,1759194008.0,0.001
2025-09-30 02:00:00,1759197602.0,0.001
2025-09-30 03:00:00,1759201204.0,0.001
2025-09-30 04:00:00,1759204812.0,0.001
2025-09-30 05:00:00,1759208404.0,0.001
2025-09-30 06:00:00,1759212012.0,0.001
2025-09-30 07:00:00,1759215616.0,0.001
2025-09-30 08:00:00,1759219214.0,0.001
2025-09-30 09:00:00,1759222805.0,0.001
2025-09-30 10:00:00,1759226402.0,0.001
2025-09-30 11:00:00,1759230003.0,0.001
2025-09-30 12:00:00,1759233616.0,0.001
2025-09-30 13:00:00,1759237212.0,0.001
2025-09-30 14:00:00,1759240808.0,0.001
2025-09-30 15:00:00,1759244405.0,0.001
2025-09-30 16:00:00,1759248011.0,0.001
2025-09-30 17:00:00,1759251607.0,0.001
2025-09-30 18:00:00,1759255215.0,0.001
2025-09-30 19:00:00,1759258807.0,0.001
2025-09-30 20:00:00,1759262414.0,0.001
2025-09-30 21:00:00,1759266008.0,0.001
2025-09-30 22:00:00,1759269610.0,0.001
2025-09-30 23:00:00,1759273210.0,0.001
2025-10-01 00:00:00,1759276804.0,0.001
2025-10-01 01:00:00,1759280409.0,0.001
2025-10-01 02:00:00,1759284013.0,0.001
2025-10-01 03:00:00,1759287603.0,0.001
2025-10-01 04:00:00,1759291211.0,0.001
2025-10-01 05:00:00,1759294803.0,0.001
2025-10-01 06:00:00,1759298410.0,0.001
2025-10-01 07:00:00,1759302007.0,0.001
2025-10-01 08:00:00,1759305605.0,0.001
2025-10-01 09:00:00,1759309203.0,0.001
2025-10-01 10:00:00,1759312803.0,0.001
2025-10-01 11:00:00,1759316411.0,0.001
2025-10-01 12:00:00,1759320011.0,0.001
2025-10-01 13:00:00,1759323608.0,0.001
2025-10-01 14:00:00,1759327208.0,0.001
2025-10-01 15:00:00,1759330806.0,0.001
2025-10-01 16:00:00,1759334406.0,0.001
2025-10-01 17:00:00,1759338014.0,0.001
2025-10-01 18:00:00,1759341609.0,0.001
2025-10-01 19:00:00,1759345210.0,0.001
2025-10-01 20:00:00,1759348813.0,0.001
2025-10-01 21:00:00,1759352413.0,0.001
2025-10-01 22:00:00,1759356011.0,0.001
2025-10-01 23:00:00,1759359610.0,0.001
2025-10-02 00:00:00,1759363206.0,0.001
2025-10-02 01:00:00,1759366807.0,0.001
2025-10-02 02:00:00,1759370407.0,0.001
2025-10-02 03:00:00,1759374003.0,0.001
2025-10-02 04:00:00,1759377606.0,0.001
2025-10-02 05:00:00,1759381203.0,0.001
2025-10-02 06:00:00,1759384806.0,0.001
2025-10-02 07:00:00,1759388405.0,0.001
2025-10-02 08:00:00,1759392008.0,0.001
2025-10-02 09:00:00,1759395610.0,0.001
2025-10-02 10:00:00,1759399202.0,0.001
2025-10-02 11:00:00,1759402802.0,0.001
2025-10-02 12:00:00,1759406403.0,0.001
2025-10-02 13:00:00,1759410007.0,0.001
2025-10-02 14:00:00,1759413615.0,0.001
2025-10-02 15:00:00,1759417212.0,0.001
2025-10-02 16:00:00,1759420811.0,0.001
2025-10-02 17:00:00,1759424402.0,0.001
2025-10-02 18:00:00,1759428008.0,0.001
2025-10-02 19:00:00,1759431604.0,0.001
2025-10-02 20:00:00,1759435209.0,0.001
2025-10-02 21:00:00,1759438806.0,0.001
2025-10-02 22:00:00,1759442403.0,0.001
2025-10-02 23:00:00,1759446007.0,0.001
2025-10-03 00:00:00,1759449609.0,0.001
2025-10-03 01:00:00,1759453202.0,0.001
2025-10-03 02:00:00,1759456808.0,0.001
2025-10-03 03:00:00,1759460405.0,0.001
2025-10-03 04:00:00,1759464012.0,0.001
2025-10-03 05:00:00,1759467606.0,0.001
2025-10-03 06:00:00,1759471205.0,0.001
2025-10-03 07:00:00,1759474810.0,0.001
2025-10-03 08:00:00,1759478406.0,0.001
2025-10-03 09:00:00,1759482006.0,0.001
2025-10-03 10:00:00,1759485607.0,0.001
2025-10-03 11:00:00,1759489206.0,0.001
2025-10-03 12:00:00,1759492805.0,0.001
2025-10-03 13:00:00,1759496407.0,0.001
2025-10-03 14:00:00,1759500007.0,0.0015
2025-10-03 15:00:00,1759503607.0,0.0015
2025-10-03 16:00:00,1759507207.0,0.0015
2025-10-03 17:00:00,1759510808.0,0.0015
2025-10-03 18:00:00,1759514404.0,0.0015
2025-10-03 19:00:00,1759518005.0,0.0015
2025-10-03 20:00:00,1759521606.0,0.001
2025-10-03 21:00:00,1759525203.0,0.001
2025-10-03 22:00:00,1759528808.0,0.001
2025-10-03 23:00:00,1759532408.0,0.001
2025-10-04 00:00:00,1759536011.0,0.001
2025-10-04 01:00:00,1759539603.0,0.001
2025-10-04 02:00:00,1759543202.0,0.001
2025-10-04 03:00:00,1759546809.0,0.001
2025-10-04 04:00:00,1759550407.0,0.001
2025-10-04 05:00:00,1759554007.0,0.001
2025-10-04 06:00:00,1759557609.0,0.001
2025-10-04 07:00:00,1759561202.0,0.001
2025-10-04 08:00:00,1759564803.0,0.001
2025-10-04 09:00:00,1759568410.0,0.001
2025-10-04 10:00:00,1759572007.0,0.001
2025-10-04 11:00:00,1759575605.0,0.001
2025-10-04 12:00:00,1759579209.0,0.001
2025-10-04 13:00:00,1759582807.0,0.001
2025-10-04 14:00:00,1759586404.0,0.001
2025-10-04 15:00:00,1759590009.0,0.001
2025-10-04 16:00:00,1759593606.0,0.001
2025-10-04 17:00:00,1759597207.0,0.001
2025-10-04 18:00:00,1759600809.0,0.001
2025-10-04 19:00:00,1759604406.0,0.001
2025-10-04 20:00:00,1759608004.0,0.001
2025-10-04 21:00:00,1759611610.0,0.001
2025-10-04 22:00:00,1759615205.0,0.001
2025-10-04 23:00:00,1759618805.0,0.001
2025-10-05 00:00:00,1759622409.0,0.005
2025-10-05 01:00:00,1759626004.0,0.0055
2025-10-05 02:00:00,1759629602.0,0.0055
2025-10-05 03:00:00,1759633203.0,0.0055
2025-10-05 04:00:00,1759636806.0,0.0055
2025-10-05 05:00:00,1759640405.0,0.0055
2025-10-05 06:00:00,1759644009.0,0.005
2025-10-05 07:00:00,1759647607.0,0.005
2025-10-05 08:00:00,1759651206.0,0.0055
2025-10-05 09:00:00,1759654802.0,0.005
2025-10-05 10:00:00,1759658406.0,0.0055
2025-10-05 11:00:00,1759662002.0,0.005
2025-10-05 12:00:00,1759665610.0,0.005
2025-10-05 13:00:00,1759669207.0,0.005
2025-10-05 14:00:00,1759672803.0,0.005
2025-10-05 15:00:00,1759676409.0,0.005
2025-10-05 16:00:00,1759680007.0,0.005
2025-10-05 17:00:00,1759683612.0,0.0055
2025-10-05 18:00:00,1759687210.0,0.0055
2025-10-05 19:00:00,1759690809.0,0.0055
2025-10-05 20:00:00,1759694405.0,0.0055
2025-10-05 21:00:00,1759698006.0,0.005
2025-10-05 22:00:00,1759701607.0,0.0055
2025-10-05 23:00:00,1759705205.0,0.0055
2025-10-06 00:00:00,1759708807.0,0.0055
2025-10-06 01:00:00,1759712402.0,0.0055
2025-10-06 02:00:00,1759716003.0,0.0055
2025-10-06 03:00:00,1759719611.0,0.0055
2025-10-06 04:00:00,1759723208.0,0.0055
2025-10-06 05:00:00,1759726806.0,0.0055
2025-10-06 06:00:00,1759730402.0,0.0055
2025-10-06 07:00:00,1759734013.0,0.0055
2025-10-06 08:00:00,1759737607.0,0.0055
2025-10-06 09:00:00,1759741204.0,0.0055
2025-10-06 10:00:00,1759744807.0,0.0055
2025-10-06 11:00:00,1759748405.0,0.0055
2025-10-06 12:00:00,1759752010.0,0.0055
2025-10-06 13:00:00,1759755602.0,0.0055
2025-10-06 14:00:00,1759759206.0,0.0055
2025-10-06 15:00:00,1759762809.0,0.005
2025-10-06 16:00:00,1759766407.0,0.005
2025-10-06 17:00:00,1759770002.0,0.0055
2025-10-06 18:00:00,1759773609.0,0.005
2025-10-06 19:00:00,1759777206.0,0.005
2025-10-06 20:00:00,1759780808.0,0.0055
2025-10-06 21:00:00,1759784413.0,0.005
2025-10-06 22:00:00,1759788004.0,0.005
2025-10-06 23:00:00,1759791610.0,0.0055
2025-10-07 00:00:00,1759795206.0,0.005
2025-10-07 01:00:00,1759798808.0,0.005
2025-10-07 02:00:00,1759802410.0,0.005
2025-10-07 03:00:00,1759806008.0,0.005
2025-10-07 04:00:00,1759809613.0,0.005
2025-10-07 05:00:00,1759813213.0,0.005
2025-10-07 06:00:00,1759816816.0,0.005
2025-10-07 07:00:00,1759820411.0,0.005
2025-10-07 08:00:00,1759824009.0,0.005
2025-10-07 09:00:00,1759827602.0,0.005
2025-10-07 10:00:00,1759831213.0,0.005
2025-10-07 11:00:00,1759834810.0,0.005
2025-10-07 12:00:00,1759838408.0,0.0045
2025-10-07 13:00:00,1759842005.0,0.0045
2025-10-07 14:00:00,1759845613.0,0.0045
2025-10-07 15:00:00,1759849202.0,0.0045
2025-10-07 16:00:00,1759852806.0,0.0045
2025-10-07 17:00:00,1759856405.0,0.0045
2025-10-07 18:00:00,1759860017.0,0.0045
2025-10-07 19:00:00,1759863603.0,0.0045
2025-10-07 20:00:00,1759867205.0,0.0045
2025-10-07 21:00:00,1759870806.0,0.0045
2025-10-07 22:00:00,1759874407.0,0.0035
2025-10-07 23:00:00,1759878014.0,0.0035
2025-10-08 00:00:00,1759881613.0,0.0035
2025-10-08 01:00:00,1759885203.0,0.0035
2025-10-08 02:00:00,1759888803.0,0.0035
2025-10-08 03:00:00,1759892407.0,0.0035
2025-10-08 04:00:00,1759896006.0,0.0035
2025-10-08 05:00:00,1759899605.0,0.0035
2025-10-08 06:00:00,1759903216.0,0.0035
2025-10-08 07:00:00,1759906804.0,0.0035
2025-10-08 08:00:00,1759910406.0,0.0035
2025-10-08 09:00:00,1759914003.0,0.0035
2025-10-08 10:00:00,1759917607.0,0.0035
2025-10-08 11:00:00,1759921210.0,0.0035
2025-10-08 12:00:00,1759924815.0,0.0035
2025-10-08 13:00:00,1759928406.0,0.0035
2025-10-08 14:00:00,1759932009.0,0.0035
2025-10-08 15:00:00,1759935614.0,0.0035
2025-10-08 16:00:00,1759939207.0,0.0035
2025-10-08 17:00:00,1759942814.0,0.0035
2025-10-08 18:00:00,1759946411.0,0.0035
2025-10-08 19:00:00,1759950003.0,0.0035
2025-10-08 20:00:00,1759953608.0,0.0035
2025-10-08 21:00:00,1759957214.0,0.0035
2025-10-08 22:00:00,1759960802.0,0.0035
2025-10-08 23:00:00,1759964408.0,0.0035
2025-10-09 00:00:00,1759968014.0,0.0035
2025-10-09 01:00:00,1759971609.0,0.0035
2025-10-09 02:00:00,1759975207.0,0.0035
2025-10-09 03:00:00,1759978810.0,0.0035
2025-10-09 04:00:00,1759982410.0,0.0035
2025-10-09 05:00:00,1759986008.0,0.0035
2025-10-09 06:00:00,1759989608.0,0.0035
2025-10-09 07:00:00,1759993211.0,0.0035
2025-10-09 08:00:00,1759996809.0,0.0035
2025-10-09 09:00:00,1760000408.0,0.0035
2025-10-09 10:00:00,1760004014.0,0.0035
2025-10-09 11:00:00,1760007617.0,0.0035
2025-10-09 12:00:00,1760011221.0,0.0035
2025-10-09 13:00:00,1760014816.0,0.0035
2025-10-09 14:00:00,1760018406.0,0.0035
2025-10-09 15:00:00,1760022015.0,0.0035
2025-10-09 16:00:00,1760025613.0,0.0035
2025-10-09 17:00:00,1760029212.0,0.0035
2025-10-09 18:00:00,1760032822.0,0.0035
2025-10-09 19:00:00,1760036404.0,0.0035
2025-10-09 20:00:00,1760040004.0,0.0035
2025-10-09 21:00:00,1760043615.0,0.0035
2025-10-09 22:00:00,1760047203.0,0.0035
2025-10-09 23:00:00,1760050803.0,0.0035
2025-10-10 00:00:00,1760054404.0,0.0035
2025-10-10 01:00:00,1760058014.0,0.0035
2025-10-10 02:00:00,1760061610.0,0.0035
2025-10-10 03:00:00,1760065208.0,0.0035
2025-10-10 04:00:00,1760068813.0,0.0035
2025-10-10 05:00:00,1760072411.0,0.0035
2025-10-10 06:00:00,1760076014.0,0.0035
2025-10-10 07:00:00,1760079621.0,0.0035
2025-10-10 08:00:00,1760083204.0,0.0035
2025-10-10 09:00:00,1760086808.0,0.0035
2025-10-10 10:00:00,1760090408.0,0.0035
2025-10-10 11:00:00,1760094018.0,0.0015
2025-10-10 12:00:00,1760097612.0,0.0015
2025-10-10 13:00:00,1760101213.0,0.0015
2025-10-10 14:00:00,1760104814.0,0.0015
2025-10-10 15:00:00,1760108412.0,0.0015
2025-10-10 16:00:00,1760112018.0,0.0015
2025-10-10 17:00:00,1760115606.0,0.0015
2025-10-10 18:00:00,1760119214.0,0.0015
2025-10-10 19:00:00,1760122806.0,0.0015
2025-10-10 20:00:00,1760126416.0,0.0015
2025-10-10 21:00:00,1760130023.0,0.0015
2025-10-10 22:00:00,1760133612.0,0.0045
2025-10-10 23:00:00,1760137208.0,0.0045
2025-10-11 00:00:00,1760140812.0,0.005
2025-10-11 01:00:00,1760144402.0,0.005
2025-10-11 02:00:00,1760148007.0,0.005
2025-10-11 03:00:00,1760151616.0,0.005
2025-10-11 04:00:00,1760155204.0,0.0045
2025-10-11 05:00:00,1760158817.0,0.0045
2025-10-11 06:00:00,1760162414.0,0.0045
2025-10-11 07:00:00,1760166013.0,0.0045
2025-10-11 08:00:00,1760169606.0,0.0045
2025-10-11 09:00:00,1760173210.0,0.004
2025-10-11 10:00:00,1760176803.0,0.004
2025-10-11 11:00:00,1760180404.0,0.0035
2025-10-11 12:00:00,1760184005.0,0.0035
2025-10-11 13:00:00,1760187602.0,0.0035
2025-10-11 14:00:00,1760191208.0,0.0065
2025-10-11 15:00:00,1760194802.0,0.0065
2025-10-11 16:00:00,1760198417.0,0.0065
2025-10-11 17:00:00,1760202004.0,0.0065
2025-10-11 18:00:00,1760205621.0,0.0065
2025-10-11 19:00:00,1760209211.0,0.0065
2025-10-11 20:00:00,1760212809.0,0.007
2025-10-11 21:00:00,1760216420.0,0.007
2025-10-11 22:00:00,1760220003.0,0.007
2025-10-11 23:00:00,1760223605.0,0.007
2025-10-12 00:00:00,1760227207.0,0.007
2025-10-12 01:00:00,1760230810.0,0.0065
2025-10-12 02:00:00,1760234412.0,0.0065
2025-10-12 03:00:00,1760238014.0,0.0065
2025-10-12 04:00:00,1760241617.0,0.0065
2025-10-12 05:00:00,1760245202.0,0.007
2025-10-12 06:00:00,1760248804.0,0.007
2025-10-12 07:00:00,1760252405.0,0.007
2025-10-12 08:00:00,1760256016.0,0.0065
2025-10-12 09:00:00,1760259604.0,0.0065
2025-10-12 10:00:00,1760263217.0,0.0065
2025-10-12 11:00:00,1760266814.0,0.0065
2025-10-12 12:00:00,1760270422.0,0.0065
2025-10-12 13:00:00,1760274016.0,0.0065
2025-10-12 14:00:00,1760277607.0,0.007
2025-10-12 15:00:00,1760281205.0,0.0065
2025-10-12 16:00:00,1760284806.0,0.007
2025-10-12 17:00:00,1760288420.0,0.006
2025-10-12 18:00:00,1760292017.0,0.006
2025-10-12 19:00:00,1760295609.0,0.0065
2025-10-12 20:00:00,1760299210.0,0.0065
2025-10-12 21:00:00,1760302823.0,0.0065
2025-10-12 22:00:00,1760306410.0,0.0065
2025-10-12 23:00:00,1760310004.0,0.0065
2025-10-13 00:00:00,1760313613.0,0.0065
2025-10-13 01:00:00,1760317211.0,0.0065
2025-10-13 02:00:00,1760320806.0,0.0065
2025-10-13 03:00:00,1760324421.0,0.0065
2025-10-13 04:00:00,1760328004.0,0.006
2025-10-13 05:00:00,1760331611.0,0.006
2025-10-13 06:00:00,1760335202.0,0.006
2025-10-13 07:00:00,1760338810.0,0.006
2025-10-13 08:00:00,1760342408.0,0.006
2025-10-13 09:00:00,1760346015.0,0.0065
2025-10-13 10:00:00,1760349607.0,0.0065
2025-10-13 11:00:00,1760353219.0,0.0065
2025-10-13 12:00:00,1760356816.0,0.006
2025-10-13 13:00:00,1760360410.0,0.006
2025-10-13 14:00:00,1760364003.0,0.0055
2025-10-13 15:00:00,1760367613.0,0.0065
2025-10-13 16:00:00,1760371210.0,0.0065
2025-10-13 17:00:00,1760374803.0,0.0065
2025-10-13 18:00:00,1760378413.0,0.0065
2025-10-13 19:00:00,1760382003.0,0.0065
2025-10-13 20:00:00,1760385619.0,0.006
2025-10-13 21:00:00,1760389217.0,0.006
2025-10-13 22:00:00,1760392811.0,0.006
2025-10-13 23:00:00,1760396420.0,0.006
2025-10-14 00:00:00,1760400015.0,0.006
2025-10-14 01:00:00,1760403604.0,0.006
2025-10-14 02:00:00,1760407204.0,0.006
2025-10-14 03:00:00,1760410817.0,0.006
2025-10-14 04:00:00,1760414409.0,0.006
2025-10-14 05:00:00,1760418009.0,0.006
2025-10-14 06:00:00,1760421609.0,0.006
2025-10-14 07:00:00,1760425206.0,0.006
2025-10-14 08:00:00,1760428805.0,0.006
2025-10-14 09:00:00,1760432423.0,0.006
2025-10-14 10:00:00,1760436015.0,0.006
2025-10-14 11:00:00,1760439603.0,0.006
2025-10-14 12:00:00,1760443210.0,0.006
2025-10-14 13:00:00,1760446817.0,0.006
2025-10-14 14:00:00,1760450415.0,0.006
2025-10-14 15:00:00,1760454005.0,0.006
2025-10-14 16:00:00,1760457616.0,0.006
2025-10-14 17:00:00,1760461206.0,0.006
2025-10-14 18:00:00,1760464819.0,0.006
2025-10-14 19:00:00,1760468414.0,0.006
2025-10-14 20:00:00,1760472005.0,0.006
2025-10-14 21:00:00,1760475611.0,0.006
2025-10-14 22:00:00,1760479216.0,0.0055
2025-10-14 23:00:00,1760482813.0,0.0055
2025-10-15 00:00:00,1760486403.0,0.0055
2025-10-15 01:00:00,1760490006.0,0.0055
2025-10-15 02:00:00,1760493606.0,0.005
2025-10-15 03:00:00,1760497205.0,0.0055
2025-10-15 04:00:00,1760500810.0,0.0055
2025-10-15 05:00:00,1760504408.0,0.0055
2025-10-15 06:00:00,1760508013.0,0.0055
2025-10-15 07:00:00,1760511609.0,0.0055
2025-10-15 08:00:00,1760515215.0,0.0055
2025-10-15 09:00:00,1760518803.0,0.0055
2025-10-15 10:00:00,1760522416.0,0.0055
2025-10-15 11:00:00,1760526010.0,0.0055
2025-10-15 12:00:00,1760529616.0,0.0055
2025-10-15 13:00:00,1760533205.0,0.0055
2025-10-15 14:00:00,1760536809.0,0.0055
2025-10-15 15:00:00,1760540424.0,0.0055
2025-10-15 16:00:00,1760544009.0,0.0055
2025-10-15 17:00:00,1760547610.0,0.0055
2025-10-15 18:00:00,1760551228.0,0.0055
2025-10-15 19:00:00,1760554821.0,0.0055
2025-10-15 20:00:00,1760558406.0,0.0055
2025-10-15 21:00:00,1760562012.0,0.0055
2025-10-15 22:00:00,1760565611.0,0.0055
2025-10-15 23:00:00,1760569209.0,0.0055
2025-10-16 00:00:00,1760572819.0,0.0055
2025-10-16 01:00:00,1760576415.0,0.0055
2025-10-16 02:00:00,1760580013.0,0.0055
2025-10-16 03:00:00,1760583630.0,0.0055
2025-10-16 04:00:00,1760587208.0,0.0055
2025-10-16 05:00:00,1760590807.0,0.0055
2025-10-16 06:00:00,1760594419.0,0.0055
2025-10-16 07:00:00,1760598011.0,0.0055
2025-10-16 08:00:00,1760601604.0,0.0055
2025-10-16 09:00:00,1760605209.0,0.0055
2025-10-16 10:00:00,1760608803.0,0.0055
2025-10-16 11:00:00,1760612412.0,0.0055
2025-10-16 12:00:00,1760616028.0,0.0055
2025-10-16 13:00:00,1760619613.0,0.0055
2025-10-16 14:00:00,1760623221.0,0.0055
2025-10-16 15:00:00,1760626806.0,0.0055
2025-10-16 16:00:00,1760630413.0,0.0055
2025-10-16 17:00:00,1760634012.0,0.0055
2025-10-16 18:00:00,1760637621.0,0.0055
2025-10-16 19:00:00,1760641220.0,0.0045
2025-10-16 20:00:00,1760644804.0,0.0045
2025-10-16 21:00:00,1760648425.0,0.0045
2025-10-16 22:00:00,1760652014.0,0.0045
2025-10-16 23:00:00,1760655610.0,0.0045
2025-10-17 00:00:00,1760659214.0,0.0035
2025-10-17 01:00:00,1760662809.0,0.003
2025-10-17 02:00:00,1760666408.0,0.003
2025-10-17 03:00:00,1760670007.0,0.003
2025-10-17 04:00:00,1760673603.0,0.003
2025-10-17 05:00:00,1760677210.0,0.003
2025-10-17 06:00:00,1760680803.0,0.003
2025-10-17 07:00:00,1760684410.0,0.003
2025-10-17 08:00:00,1760688014.0,0.003
2025-10-17 09:00:00,1760691614.0,0.003
2025-10-17 10:00:00,1760695207.0,0.003
2025-10-17 11:00:00,1760698816.0,0.003
2025-10-17 12:00:00,1760702418.0,0.003
2025-10-17 13:00:00,1760706008.0,0.003
2025-10-17 14:00:00,1760709606.0,0.003
2025-10-17 15:00:00,1760713222.0,0.003
2025-10-17 16:00:00,1760716811.0,0.003
2025-10-17 17:00:00,1760720422.0,0.003
2025-10-17 18:00:00,1760724012.0,0.003
2025-10-17 19:00:00,1760727609.0,0.003
2025-10-17 20:00:00,1760731222.0,0.003
2025-10-17 21:00:00,1760734823.0,0.003
2025-10-17 22:00:00,1760738420.0,0.003
2025-10-17 23:00:00,1760742020.0,0.003
2025-10-18 00:00:00,1760745622.0,0.003
2025-10-18 01:00:00,1760749218.0,0.003
2025-10-18 02:00:00,1760752819.0,0.003
2025-10-18 03:00:00,1760756421.0,0.003
2025-10-18 04:00:00,1760760008.0,0.003
2025-10-18 05:00:00,1760763615.0,0.003
2025-10-18 06:00:00,1760767220.0,0.003
2025-10-18 07:00:00,1760770813.0,0.003
2025-10-18 08:00:00,1760774404.0,0.003
2025-10-18 09:00:00,1760778019.0,0.003
2025-10-18 10:00:00,1760781604.0,0.003
2025-10-18 11:00:00,1760785220.0,0.003
2025-10-18 12:00:00,1760788817.0,0.003
2025-10-18 13:00:00,1760792404.0,0.0045
2025-10-18 14:00:00,1760796022.0,0.0045
2025-10-18 15:00:00,1760799606.0,0.004
2025-10-18 16:00:00,1760803211.0,0.0045
2025-10-18 17:00:00,1760806823.0,0.0045
2025-10-18 18:00:00,1760810415.0,0.0045
2025-10-18 19:00:00,1760814009.0,0.0045
2025-10-18 20:00:00,1760817615.0,0.004
2025-10-18 21:00:00,1760821203.0,0.0045
2025-10-18 22:00:00,1760824815.0,0.0045
2025-10-18 23:00:00,1760828415.0,0.0045
2025-10-19 00:00:00,1760832008.0,0.0045
2025-10-19 01:00:00,1760835610.0,0.0045
2025-10-19 02:00:00,1760839205.0,0.0045
2025-10-19 03:00:00,1760842814.0,0.0045
2025-10-19 04:00:00,1760846412.0,0.0045
2025-10-19 05:00:00,1760850009.0,0.004
2025-10-19 06:00:00,1760853620.0,0.0045
2025-10-19 07:00:00,1760857220.0,0.0045
2025-10-19 08:00:00,1760860803.0,0.004
2025-10-19 09:00:00,1760864419.0,0.0045
2025-10-19 10:00:00,1760868004.0,0.003
2025-10-19 11:00:00,1760871603.0,0.003
2025-10-19 12:00:00,1760875214.0,0.0035
2025-10-19 13:00:00,1760878814.0,0.003
2025-10-19 14:00:00,1760882404.0,0.0025
2025-10-19 15:00:00,1760886026.0,0.002
2025-10-19 16:00:00,1760889620.0,0.0015
2025-10-19 17:00:00,1760893222.0,0.0015
2025-10-19 18:00:00,1760896818.0,0.0015
2025-10-19 19:00:00,1760900404.0,0.0015
2025-10-19 20:00:00,1760904017.0,0.0015
2025-10-19 21:00:00,1760907625.0,0.0015
2025-10-19 22:00:00,1760911219.0,0.0015
2025-10-19 23:00:00,1760914814.0,0.0015
2025-10-20 00:00:00,1760918419.0,0.0015
2025-10-20 01:00:00,1760922009.0,0.0015
2025-10-20 02:00:00,1760925615.0,0.0015
2025-10-20 03:00:00,1760929206.0,0.0015
2025-10-20 04:00:00,1760932816.0,0.0015
2025-10-20 05:00:00,1760936408.0,0.0015
2025-10-20 06:00:00,1760940018.0,0.0015
2025-10-20 07:00:00,1760943606.0,0.0015
2025-10-20 08:00:00,1760947210.0,0.0015
2025-10-20 09:00:00,1760950816.0,0.0015
2025-10-20 10:00:00,1760954413.0,0.0015
2025-10-20 11:00:00,1760958017.0,0.0015
2025-10-20 12:00:00,1760961628.0,0.0015
2025-10-20 13:00:00,1760965206.0,0.0015
2025-10-20 14:00:00,1760968805.0,0.0015
2025-10-20 15:00:00,1760972407.0,0.0015
2025-10-20 16:00:00,1760976011.0,0.0015
2025-10-20 17:00:00,1760979618.0,0.0015
2025-10-20 18:00:00,1760983221.0,0.0015
2025-10-20 19:00:00,1760986811.0,0.0015
2025-10-20 20:00:00,1760990416.0,0.0015
2025-10-20 21:00:00,1760994023.0,0.0015
2025-10-20 22:00:00,1760997615.0,0.0015
2025-10-20 23:00:00,1761001216.0,0.0015
2025-10-21 00:00:00,1761004809.0,0.0015
2025-10-21 01:00:00,1761008403.0,0.0015
2025-10-21 02:00:00,1761012009.0,0.0015
2025-10-21 03:00:00,1761015620.0,0.0015
2025-10-21 04:00:00,1761019214.0,0.0015
2025-10-21 05:00:00,1761022811.0,0.0015
2025-10-21 06:00:00,1761026412.0,0.0015
2025-10-21 07:00:00,1761030014.0,0.0015
2025-10-21 08:00:00,1761033605.0,0.0015
2025-10-21 09:00:00,1761037203.0,0.0015
2025-10-21 10:00:00,1761040807.0,0.0015
2025-10-21 11:00:00,1761044415.0,0.0015
2025-10-21 12:00:00,1761048011.0,0.0015
2025-10-21 13:00:00,1761051603.0,0.0015
2025-10-21 14:00:00,1761055211.0,0.0015
2025-10-21 15:00:00,1761058805.0,0.0015
2025-10-21 16:00:00,1761062413.0,0.0015
2025-10-21 17:00:00,1761066012.0,0.0015
2025-10-21 18:00:00,1761069609.0,0.0015
2025-10-21 19:00:00,1761073217.0,0.0015
2025-10-21 20:00:00,1761076816.0,0.0015
2025-10-21 21:00:00,1761080421.0,0.0015
2025-10-21 22:00:00,1761084013.0,0.0015
2025-10-21 23:00:00,1761087607.0,0.0015
2025-10-22 00:00:00,1761091211.0,0.0015
2025-10-22 01:00:00,1761094808.0,0.0015
2025-10-22 02:00:00,1761098407.0,0.0015
2025-10-22 03:00:00,1761102013.0,0.0015
2025-10-22 04:00:00,1761105610.0,0.002
2025-10-22 05:00:00,1761109210.0,0.002
2025-10-22 06:00:00,1761112811.0,0.002
2025-10-22 07:00:00,1761116407.0,0.002
2025-10-22 08:00:00,1761120008.0,0.002
2025-10-22 09:00:00,1761123610.0,0.002
2025-10-22 10:00:00,1761127209.0,0.002
2025-10-22 11:00:00,1761130807.0,0.002
2025-10-22 12:00:00,1761134414.0,0.002
2025-10-22 13:00:00,1761138011.0,0.002
2025-10-22 14:00:00,1761141609.0,0.002
2025-10-22 15:00:00,1761145214.0,0.002
2025-10-22 16:00:00,1761148810.0,0.002
2025-10-22 17:00:00,1761152412.0,0.0015
2025-10-22 18:00:00,1761156015.0,0.0015
2025-10-22 19:00:00,1761159611.0,0.0015
2025-10-22 20:00:00,1761163211.0,0.0015
2025-10-22 21:00:00,1761166814.0,0.0015
2025-10-22 22:00:00,1761170411.0,0.0015
2025-10-22 23:00:00,1761174010.0,0.0015
2025-10-23 00:00:00,1761177608.0,0.0015
2025-10-23 01:00:00,1761181207.0,0.0015
2025-10-23 02:00:00,1761184807.0,0.0015
2025-10-23 03:00:00,1761188408.0,0.0015
2025-10-23 04:00:00,1761192008.0,0.0025
2025-10-23 05:00:00,1761195608.0,0.0025
2025-10-23 06:00:00,1761199209.0,0.0025
2025-10-23 07:00:00,1761202807.0,0.0025
2025-10-23 08:00:00,1761206408.0,0.0025
2025-10-23 09:00:00,1761210008.0,0.0025
2025-10-23 10:00:00,1761213608.0,0.0025
2025-10-23 11:00:00,1761217209.0,0.0025
2025-10-23 12:00:00,1761220810.0,0.0025
2025-10-23 13:00:00,1761224409.0,0.0025
2025-10-23 14:00:00,1761228038.0,0.0025
2025-10-23 15:00:00,1761231608.0,0.0025
2025-10-23 16:00:00,1761235209.0,0.0025
2025-10-23 17:00:00,1761238810.0,0.0025
2025-10-23 18:00:00,1761242409.0,0.0025
2025-10-23 19:00:00,1761246009.0,0.0025
2025-10-23 20:00:00,1761249610.0,0.0025
2025-10-23 21:00:00,1761253210.0,0.0025
2025-10-23 22:00:00,1761256809.0,0.0025
2025-10-23 23:00:00,1761260409.0,0.0025
2025-10-24 00:00:00,1761264010.0,0.0025
2025-10-24 01:00:00,1761267608.0,0.0025
2025-10-24 02:00:00,1761271209.0,0.0025
2025-10-24 03:00:00,1761274810.0,0.0025
2025-10-24 04:00:00,1761278409.0,0.0025
2025-10-24 05:00:00,1761282009.0,0.0025
2025-10-24 06:00:00,1761285610.0,0.0025
2025-10-24 07:00:00,1761289209.0,0.0025
2025-10-24 08:00:00,1761292810.0,0.0025
2025-10-24 09:00:00,1761296410.0,0.0025
2025-10-24 10:00:00,1761300010.0,0.0025
2025-10-24 11:00:00,1761303610.0,0.0025
2025-10-24 12:00:00,1761307211.0,0.0025
2025-10-24 13:00:00,1761310809.0,0.0025
2025-10-24 14:00:00,1761314410.0,0.0025
2025-10-24 15:00:00,1761318012.0,0.0025
2025-10-24 16:00:00,1761321609.0,0.0025
2025-10-24 17:00:00,1761325211.0,0.0025
2025-10-24 18:00:00,1761328811.0,0.0025
2025-10-24 19:00:00,1761332410.0,0.0025
2025-10-24 20:00:00,1761336010.0,0.0025
2025-10-24 21:00:00,1761339611.0,0.0025
2025-10-24 22:00:00,1761343210.0,0.0025
2025-10-24 23:00:00,1761346809.0,0.0025
2025-10-25 00:00:00,1761350410.0,0.0025
2025-10-25 01:00:00,1761354008.0,0.0025
2025-10-25 02:00:00,1761357609.0,0.0025
2025-10-25 03:00:00,1761361211.0,0.0025
2025-10-25 04:00:00,1761364809.0,0.0025
2025-10-25 05:00:00,1761368410.0,0.0025
2025-10-25 06:00:00,1761372011.0,0.0025
2025-10-25 07:00:00,1761375611.0,0.0025
2025-10-25 08:00:00,1761379209.0,0.0065
2025-10-25 09:00:00,1761382811.0,0.0065
2025-10-25 10:00:00,1761386410.0,0.0065
2025-10-25 11:00:00,1761390011.0,0.0065
2025-10-25 12:00:00,1761393613.0,0.0065
2025-10-25 13:00:00,1761397209.0,0.0065
2025-10-25 14:00:00,1761400809.0,0.0065
2025-10-25 15:00:00,1761404411.0,0.0065
2025-10-25 16:00:00,1761408009.0,0.0065
2025-10-25 17:00:00,1761411611.0,0.005
2025-10-25 18:00:00,1761415212.0,0.004
2025-10-25 19:00:00,1761418810.0,0.0045
2025-10-25 20:00:00,1761422410.0,0.004
2025-10-25 21:00:00,1761426011.0,0.003
2025-10-25 22:00:00,1761429610.0,0.003
2025-10-25 23:00:00,1761433210.0,0.003
2025-10-26 00:00:00,1761436811.0,0.003
2025-10-26 01:00:00,1761440408.0,0.003
2025-10-26 02:00:00,1761444009.0,0.003
2025-10-26 03:00:00,1761447611.0,0.003
2025-10-26 04:00:00,1761451209.0,0.003
2025-10-26 05:00:00,1761454809.0,0.003
2025-10-26 06:00:00,1761458411.0,0.003
2025-10-26 07:00:00,1761462009.0,0.003
2025-10-26 08:00:00,1761465609.0,0.003
2025-10-26 09:00:00,1761469211.0,0.003
2025-10-26 10:00:00,1761472810.0,0.003
2025-10-26 11:00:00,1761476409.0,0.003
2025-10-26 12:00:00,1761480013.0,0.003
2025-10-26 13:00:00,1761483609.0,0.003
2025-10-26 14:00:00,1761487209.0,0.003
2025-10-26 15:00:00,1761490810.0,0.0035
2025-10-26 16:00:00,1761494409.0,0.0035
2025-10-26 17:00:00,1761498009.0,0.003
2025-10-26 18:00:00,1761501611.0,0.004
2025-10-26 19:00:00,1761505208.0,0.004
2025-10-26 20:00:00,1761508809.0,0.004
2025-10-26 21:00:00,1761512411.0,0.004
2025-10-26 22:00:00,1761516009.0,0.004
2025-10-26 23:00:00,1761519608.0,0.004
2025-10-27 00:00:00,1761523210.0,0.004
2025-10-27 01:00:00,1761526808.0,0.004
2025-10-27 02:00:00,1761530409.0,0.004
2025-10-27 03:00:00,1761534010.0,0.004
2025-10-27 04:00:00,1761537608.0,0.004
2025-10-27 05:00:00,1761541209.0,0.004
2025-10-27 06:00:00,1761544810.0,0.004
2025-10-27 07:00:00,1761548407.0,0.004
2025-10-27 08:00:00,1761552008.0,0.004
2025-10-27 09:00:00,1761555610.0,0.004
2025-10-27 10:00:00,1761559208.0,0.004
2025-10-27 11:00:00,1761562808.0,0.004
2025-10-27 12:00:00,1761566412.0,0.004
2025-10-27 13:00:00,1761570009.0,0.004
2025-10-27 14:00:00,1761573608.0,0.004
2025-10-27 15:00:00,1761577211.0,0.004
2025-10-27 16:00:00,1761580809.0,0.004
2025-10-27 17:00:00,1761584409.0,0.004
2025-10-27 18:00:00,1761588010.0,0.004
2025-10-27 19:00:00,1761591609.0,0.004
2025-10-27 20:00:00,1761595210.0,0.004
2025-10-27 21:00:00,1761598811.0,0.004
2025-10-27 22:00:00,1761602409.0,0.004
2025-10-27 23:00:00,1761606009.0,0.004
2025-10-28 00:00:00,1761609612.0,0.004
2025-10-28 01:00:00,1761613209.0,0.004
2025-10-28 02:00:00,1761616809.0,0.004
2025-10-28 03:00:00,1761620416.0,0.004
2025-10-28 04:00:00,1761624012.0,0.004
2025-10-28 05:00:00,1761627609.0,0.004
2025-10-28 06:00:00,1761631211.0,0.004
2025-10-28 07:00:00,1761634808.0,0.004
2025-10-28 08:00:00,1761638410.0,0.004
2025-10-28 09:00:00,1761642010.0,0.004
2025-10-28 10:00:00,1761645613.0,0.004
2025-10-28 11:00:00,1761649212.0,0.004
2025-10-28 12:00:00,1761652811.0,0.004
2025-10-28 13:00:00,1761656412.0,0.004
2025-10-28 14:00:00,1761660012.0,0.004
2025-10-28 15:00:00,1761663612.0,0.004
2025-10-28 16:00:00,1761667213.0,0.004
2025-10-28 17:00:00,1761670814.0,0.004
2025-10-28 18:00:00,1761674413.0,0.004
2025-10-28 19:00:00,1761678012.0,0.004
2025-10-28 20:00:00,1761681612.0,0.004
2025-10-28 21:00:00,1761685213.0,0.004
2025-10-28 22:00:00,1761688813.0,0.004
2025-10-28 23:00:00,1761692412.0,0.004
2025-10-29 00:00:00,1761696012.0,0.004
2025-10-29 01:00:00,1761699609.0,0.004
2025-10-29 02:00:00,1761703208.0,0.004
2025-10-29 03:00:00,1761706813.0,0.004
2025-10-29 04:00:00,1761710412.0,0.004
2025-10-29 05:00:00,1761714011.0,0.004
2025-10-29 06:00:00,1761717610.0,0.004
2025-10-29 07:00:00,1761721209.0,0.004
2025-10-29 08:00:00,1761724812.0,0.004
2025-10-29 09:00:00,1761728412.0,0.004
2025-10-29 11:00:00,1761737235.0,0.004
2025-10-29 13:00:00,1761743330.0,0.004
2025-10-29 14:00:00,1761746409.0,0.004
2025-10-29 15:00:00,1761750012.0,0.004
2025-10-29 16:00:00,1761753609.0,0.004
2025-10-29 17:00:00,1761757211.0,0.004
2025-10-29 18:00:00,1761760811.0,0.004
2025-10-29 19:00:00,1761764410.0,0.004
2025-10-29 20:00:00,1761768011.0,0.004
2025-10-29 21:00:00,1761771611.0,0.004
2025-10-29 22:00:00,1761775210.0,0.004
2025-10-29 23:00:00,1761778810.0,0.004
2025-10-30 00:00:00,1761782411.0,0.004
2025-10-30 01:00:00,1761786009.0,0.004
2025-10-30 02:00:00,1761789609.0,0.004
2025-10-30 03:00:00,1761793211.0,0.004
2025-10-30 04:00:00,1761796811.0,0.004
2025-10-30 05:00:00,1761800411.0,0.004
2025-10-30 06:00:00,1761804011.0,0.004
2025-10-30 07:00:00,1761807611.0,0.004
2025-10-30 08:00:00,1761811210.0,0.004
2025-10-30 09:00:00,1761814812.0,0.004
2025-10-30 10:00:00,1761818407.0,0.004
2025-10-30 11:00:00,1761822011.0,0.004
2025-10-30 12:00:00,1761825611.0,0.004
2025-10-30 13:00:00,1761829211.0,0.004
2025-10-30 14:00:00,1761832811.0,0.004
2025-10-30 15:00:00,1761836411.0,0.004
2025-10-30 16:00:00,1761840010.0,0.004
2025-10-30 17:00:00,1761843611.0,0.004
2025-10-30 18:00:00,1761847211.0,0.004
2025-10-30 19:00:00,1761850811.0,0.004
2025-10-30 20:00:00,1761854410.0,0.004
2025-10-30 21:00:00,1761858012.0,0.004
2025-10-30 22:00:00,1761861611.0,0.004
2025-10-30 23:00:00,1761865211.0,0.004
2025-10-31 00:00:00,1761868808.0,0.004
2025-10-31 01:00:00,1761872408.0,0.004
2025-10-31 02:00:00,1761876009.0,0.004
2025-10-31 03:00:00,1761879609.0,0.004
2025-10-31 04:00:00,1761883210.0,0.004
2025-10-31 05:00:00,1761886810.0,0.004
2025-10-31 06:00:00,1761890411.0,0.004
2025-10-31 07:00:00,1761894011.0,0.004
2025-10-31 08:00:00,1761897616.0,0.004
2025-10-31 09:00:00,1761901211.0,0.004
2025-10-31 10:00:00,1761904811.0,0.004
2025-10-31 11:00:00,1761908410.0,0.004
2025-10-31 12:00:00,1761912012.0,0.004
2025-10-31 13:00:00,1761915610.0,0.004
2025-10-31 14:00:00,1761919211.0,0.004
2025-10-31 15:00:00,1761922811.0,0.004
2025-10-31 16:00:00,1761926411.0,0.004
2025-10-31 17:00:00,1761930011.0,0.004
2025-10-31 18:00:00,1761933611.0,0.004
2025-10-31 19:00:00,1761937211.0,0.004
2025-10-31 20:00:00,1761940810.0,0.004
2025-10-31 21:00:00,1761944411.0,0.004
2025-10-31 22:00:00,1761948011.0,0.004
2025-10-31 23:00:00,1761951611.0,0.004
2025-11-01 00:00:00,1761955211.0,0.004
2025-11-01 01:00:00,1761958810.0,0.004
2025-11-01 02:00:00,1761962410.0,0.0045
2025-11-01 03:00:00,1761966011.0,0.0045
2025-11-01 04:00:00,1761969610.0,0.0045
2025-11-01 05:00:00,1761973211.0,0.0045
2025-11-01 06:00:00,1761976811.0,0.0045
2025-11-01 07:00:00,1761980411.0,0.0045
2025-11-01 08:00:00,1761984011.0,0.0045
2025-11-01 09:00:00,1761987611.0,0.0045
2025-11-01 10:00:00,1761991212.0,0.0045
2025-11-01 11:00:00,1761994810.0,0.0045
2025-11-01 12:00:00,1761998413.0,0.002
2025-11-01 13:00:00,1762002010.0,0.002
2025-11-01 14:00:00,1762005611.0,0.002
2025-11-01 15:00:00,1762009212.0,0.002
2025-11-01 16:00:00,1762012811.0,0.002
2025-11-01 17:00:00,1762016412.0,0.002
2025-11-01 18:00:00,1762020011.0,0.002
2025-11-01 19:00:00,1762023611.0,0.002
2025-11-01 20:00:00,1762027211.0,0.002
2025-11-01 21:00:00,1762030812.0,0.002
2025-11-01 22:00:00,1762034411.0,0.002
2025-11-01 23:00:00,1762038011.0,0.002
2025-11-02 00:00:00,1762041610.0,0.002
2025-11-02 01:00:00,1762045209.0,0.008
2025-11-02 02:00:00,1762048810.0,0.009
2025-11-02 03:00:00,1762052410.0,0.009
2025-11-02 04:00:00,1762056010.0,0.009
2025-11-02 05:00:00,1762059610.0,0.009
2025-11-02 06:00:00,1762063210.0,0.009
2025-11-02 07:00:00,1762066811.0,0.009
2025-11-02 08:00:00,1762070410.0,0.009
2025-11-02 09:00:00,1762074011.0,0.009
2025-11-02 10:00:00,1762077610.0,0.009
2025-11-02 11:00:00,1762081212.0,0.009
2025-11-02 12:00:00,1762084812.0,0.009
2025-11-02 13:00:00,1762088410.0,0.008
2025-11-02 14:00:00,1762092010.0,0.008
2025-11-02 15:00:00,1762095611.0,0.008
2025-11-02 16:00:00,1762099209.0,0.008
2025-11-02 17:00:00,1762102810.0,0.008
2025-11-02 18:00:00,1762106412.0,0.008
2025-11-02 19:00:00,1762110011.0,0.007
2025-11-02 20:00:00,1762113610.0,0.007
2025-11-02 21:00:00,1762117211.0,0.007
2025-11-02 22:00:00,1762120810.0,0.008
2025-11-02 23:00:00,1762124410.0,0.008
2025-11-03 00:00:00,1762128009.0,0.008
2025-11-03 01:00:00,1762131609.0,0.008
2025-11-03 02:00:00,1762135209.0,0.008
2025-11-03 03:00:00,1762138810.0,0.008
2025-11-03 04:00:00,1762142410.0,0.008
2025-11-03 05:00:00,1762146010.0,0.008
2025-11-03 06:00:00,1762149611.0,0.008
2025-11-03 07:00:00,1762153210.0,0.008
2025-11-03 08:00:00,1762156810.0,0.008
2025-11-03 09:00:00,1762160410.0,0.007
2025-11-03 10:00:00,1762164010.0,0.007
2025-11-03 11:00:00,1762167609.0,0.007
2025-11-03 12:00:00,1762171211.0,0.007
2025-11-03 13:00:00,1762174810.0,0.008
2025-11-03 14:00:00,1762178409.0,0.007
2025-11-03 15:00:00,1762182009.0,0.008
2025-11-03 16:00:00,1762185610.0,0.008
2025-11-03 17:00:00,1762189211.0,0.007
2025-11-03 18:00:00,1762192810.0,0.008
2025-11-03 19:00:00,1762196410.0,0.008
2025-11-03 20:00:00,1762200010.0,0.008
2025-11-03 21:00:00,1762203612.0,0.008
2025-11-03 22:00:00,1762207210.0,0.006
2025-11-03 23:00:00,1762210811.0,0.005
2025-11-04 00:00:00,1762214410.0,0.0045
2025-11-04 01:00:00,1762218009.0,0.0045
2025-11-04 02:00:00,1762221609.0,0.0045
2025-11-04 03:00:00,1762225210.0,0.0045
2025-11-04 04:00:00,1762228811.0,0.0045
2025-11-04 05:00:00,1762232410.0,0.0045
2025-11-04 06:00:00,1762236012.0,0.0045
2025-11-04 07:00:00,1762239611.0,0.0045
2025-11-04 08:00:00,1762243211.0,0.0045
2025-11-04 09:00:00,1762246811.0,0.0045
2025-11-04 10:00:00,1762250411.0,0.0045
2025-11-04 11:00:00,1762254010.0,0.0045
2025-11-04 12:00:00,1762257612.0,0.0045
2025-11-04 13:00:00,1762261211.0,0.0045
2025-11-04 14:00:00,1762264811.0,0.0045
2025-11-04 15:00:00,1762268411.0,0.0025
2025-11-04 16:00:00,1762272011.0,0.0025
2025-11-04 17:00:00,1762275611.0,0.005
2025-11-04 18:00:00,1762279211.0,0.005
2025-11-04 19:00:00,1762282811.0,0.005
2025-11-04 20:00:00,1762286411.0,0.005
2025-11-04 21:00:00,1762290012.0,0.005
2025-11-04 22:00:00,1762293612.0,0.005
2025-11-04 23:00:00,1762297210.0,0.005
2025-11-05 00:00:00,1762300810.0,0.005
2025-11-05 01:00:00,1762304410.0,0.005
2025-11-05 02:00:00,1762308010.0,0.005
2025-11-05 03:00:00,1762311611.0,0.005
2025-11-05 04:00:00,1762315210.0,0.005
2025-11-05 05:00:00,1762318811.0,0.005
2025-11-05 06:00:00,1762322412.0,0.005
2025-11-05 07:00:00,1762326012.0,0.005
2025-11-05 08:00:00,1762329611.0,0.005
2025-11-05 09:00:00,1762333212.0,0.005
2025-11-05 10:00:00,1762336811.0,0.005
2025-11-05 11:00:00,1762340411.0,0.0055
2025-11-05 12:00:00,1762344013.0,0.0055
2025-11-05 13:00:00,1762347611.0,0.005
2025-11-05 14:00:00,1762351212.0,0.0055
2025-11-05 15:00:00,1762354812.0,0.0055
2025-11-05 16:00:00,1762358411.0,0.0055
2025-11-05 17:00:00,1762362011.0,0.0055
2025-11-05 18:00:00,1762365611.0,0.0055
2025-11-05 19:00:00,1762369211.0,0.0055
2025-11-05 20:00:00,1762372811.0,0.0055
2025-11-05 21:00:00,1762376411.0,0.0055
2025-11-05 22:00:00,1762380011.0,0.0055
2025-11-05 23:00:00,1762383610.0,0.0055
2025-11-06 00:00:00,1762387207.0,0.0055
2025-11-06 01:00:00,1762390808.0,0.0055
2025-11-06 02:00:00,1762394409.0,0.0055
2025-11-06 03:00:00,1762398011.0,0.0055
2025-11-06 04:00:00,1762401610.0,0.0055
2025-11-06 05:00:00,1762405210.0,0.0055
2025-11-06 06:00:00,1762408811.0,0.0055
2025-11-06 07:00:00,1762412410.0,0.0055
2025-11-06 08:00:00,1762416009.0,0.0055
2025-11-06 09:00:00,1762419611.0,0.0055
2025-11-06 10:00:00,1762423206.0,0.0055
2025-11-06 11:00:00,1762426810.0,0.005
2025-11-06 12:00:00,1762430414.0,0.005
2025-11-06 13:00:00,1762434010.0,0.005
2025-11-06 14:00:00,1762437610.0,0.005
2025-11-06 15:00:00,1762441211.0,0.005
2025-11-06 16:00:00,1762444811.0,0.005
2025-11-06 17:00:00,1762448411.0,0.005
2025-11-06 18:00:00,1762452011.0,0.005
2025-11-06 19:00:00,1762455611.0,0.005
2025-11-06 20:00:00,1762459213.0,0.005
2025-11-06 21:00:00,1762462814.0,0.005
2025-11-06 22:00:00,1762466410.0,0.005
2025-11-06 23:00:00,1762470011.0,0.005
2025-11-07 00:00:00,1762473610.0,0.005
2025-11-07 01:00:00,1762477209.0,0.005
2025-11-07 02:00:00,1762480813.0,0.005
2025-11-07 03:00:00,1762484412.0,0.005
2025-11-07 04:00:00,1762488011.0,0.005
2025-11-07 05:00:00,1762491612.0,0.005
2025-11-07 06:00:00,1762495214.0,0.005
2025-11-07 07:00:00,1762498811.0,0.005
2025-11-07 08:00:00,1762502410.0,0.005
2025-11-07 09:00:00,1762506011.0,0.005
2025-11-07 10:00:00,1762509611.0,0.0045
2025-11-07 11:00:00,1762513210.0,0.0045
2025-11-07 12:00:00,1762516813.0,0.0045
2025-11-07 13:00:00,1762520412.0,0.0045
2025-11-07 14:00:00,1762524013.0,0.0045
2025-11-07 15:00:00,1762527622.0,0.0045
2025-11-07 16:00:00,1762531212.0,0.0045
2025-11-07 17:00:00,1762534829.0,0.0045
2025-11-07 18:00:00,1762538414.0,0.0045
2025-11-07 19:00:00,1762542013.0,0.0045
2025-11-07 20:00:00,1762545624.0,0.0045
2025-11-07 21:00:00,1762549212.0,0.005
2025-11-07 22:00:00,1762552811.0,0.005
2025-11-07 23:00:00,1762556426.0,0.005
2025-11-08 00:00:00,1762560008.0,0.005
2025-11-08 01:00:00,1762563609.0,0.005
2025-11-08 02:00:00,1762567206.0,0.005
2025-11-08 03:00:00,1762570811.0,0.005
2025-11-08 04:00:00,1762574411.0,0.0055
2025-11-08 05:00:00,1762578007.0,0.0055
2025-11-08 06:00:00,1762581611.0,0.0055
2025-11-08 07:00:00,1762585211.0,0.0055
2025-11-08 08:00:00,1762588809.0,0.006
2025-11-08 09:00:00,1762592411.0,0.006
2025-11-08 10:00:00,1762596011.0,0.006
2025-11-08 11:00:00,1762599623.0,0.006
2025-11-08 12:00:00,1762603226.0,0.006
2025-11-08 13:00:00,1762606811.0,0.006
2025-11-08 14:00:00,1762610411.0,0.0055
2025-11-08 15:00:00,1762614011.0,0.0055
2025-11-08 16:00:00,1762617611.0,0.0055
2025-11-08 17:00:00,1762621211.0,0.0055
2025-11-08 18:00:00,1762624811.0,0.0055
2025-11-08 19:00:00,1762628411.0,0.0055
2025-11-08 20:00:00,1762632010.0,0.0055
2025-11-08 21:00:00,1762635611.0,0.0055
2025-11-08 22:00:00,1762639211.0,0.0055
2025-11-08 23:00:00,1762642811.0,0.0055
2025-11-09 00:00:00,1762646423.0,0.0055
2025-11-09 01:00:00,1762650009.0,0.0055
2025-11-09 02:00:00,1762653610.0,0.0055
2025-11-09 03:00:00,1762657211.0,0.0055
2025-11-09 04:00:00,1762660822.0,0.0055
2025-11-09 05:00:00,1762664410.0,0.0055
2025-11-09 06:00:00,1762668011.0,0.0055
2025-11-09 07:00:00,1762671611.0,0.0055
2025-11-09 08:00:00,1762675210.0,0.0055
2025-11-09 09:00:00,1762678810.0,0.0055
2025-11-09 10:00:00,1762682410.0,0.0055
2025-11-09 11:00:00,1762686009.0,0.0055
2025-11-09 12:00:00,1762689610.0,0.0055
2025-11-09 13:00:00,1762693210.0,0.0055
2025-11-09 14:00:00,1762696810.0,0.0055
2025-11-09 15:00:00,1762700411.0,0.0055
2025-11-09 16:00:00,1762704010.0,0.0055
2025-11-09 17:00:00,1762707610.0,0.0055
2025-11-09 18:00:00,1762711211.0,0.0055
2025-11-09 19:00:00,1762714809.0,0.0055
2025-11-09 20:00:00,1762718410.0,0.0055
2025-11-09 21:00:00,1762722011.0,0.0055
2025-11-09 22:00:00,1762725610.0,0.0055
2025-11-09 23:00:00,1762729210.0,0.0055
2025-11-10 00:00:00,1762732808.0,0.0055
2025-11-10 01:00:00,1762736421.0,0.0055
2025-11-10 02:00:00,1762740009.0,0.0055
2025-11-10 03:00:00,1762743609.0,0.0055
2025-11-10 04:00:00,1762747211.0,0.0055
2025-11-10 05:00:00,1762750811.0,0.0055
2025-11-10 06:00:00,1762754410.0,0.0055
2025-11-10 07:00:00,1762758009.0,0.0055
2025-11-10 08:00:00,1762761610.0,0.0055
2025-11-10 09:00:00,1762765222.0,0.0055
2025-11-10 10:00:00,1762768811.0,0.0055
2025-11-10 11:00:00,1762772410.0,0.0055
2025-11-10 12:00:00,1762776011.0,0.0055
2025-11-10 13:00:00,1762779611.0,0.0055
2025-11-10 14:00:00,1762783210.0,0.0055
2025-11-10 15:00:00,1762786811.0,0.0055
2025-11-10 16:00:00,1762790412.0,0.0055
2025-11-10 17:00:00,1762794010.0,0.0045
2025-11-10 18:00:00,1762797612.0,0.004
2025-11-10 19:00:00,1762801211.0,0.004
2025-11-10 20:00:00,1762804811.0,0.004
2025-11-10 21:00:00,1762808412.0,0.004
2025-11-10 22:00:00,1762812010.0,0.0055
2025-11-10 23:00:00,1762815611.0,0.0055
2025-11-11 00:00:00,1762819212.0,0.0055
2025-11-11 01:00:00,1762822811.0,0.0055
2025-11-11 02:00:00,1762826412.0,0.0055
2025-11-11 03:00:00,1762830013.0,0.0055
2025-11-11 04:00:00,1762833614.0,0.0055
2025-11-11 05:00:00,1762837211.0,0.0055
2025-11-11 06:00:00,1762840818.0,0.0055
2025-11-11 07:00:00,1762844412.0,0.0055
2025-11-11 08:00:00,1762848024.0,0.0055
2025-11-11 09:00:00,1762851611.0,0.0055
2025-11-11 10:00:00,1762855212.0,0.0055
2025-11-11 11:00:00,1762858826.0,0.0055
2025-11-11 12:00:00,1762862427.0,0.0055
2025-11-11 13:00:00,1762866010.0,0.0055
2025-11-11 14:00:00,1762869612.0,0.0055
2025-11-11 15:00:00,1762873225.0,0.0055
2025-11-11 16:00:00,1762876811.0,0.0055
2025-11-11 17:00:00,1762880412.0,0.0055
2025-11-11 18:00:00,1762884012.0,0.0055
2025-11-11 19:00:00,1762887611.0,0.005
2025-11-11 20:00:00,1762891212.0,0.0045
2025-11-11 21:00:00,1762894813.0,0.0045
2025-11-11 22:00:00,1762898411.0,0.0045
2025-11-11 23:00:00,1762902011.0,0.0045
2025-11-12 00:00:00,1762905611.0,0.0045
2025-11-12 01:00:00,1762909208.0,0.0045
2025-11-12 02:00:00,1762912809.0,0.0045
2025-11-12 03:00:00,1762916412.0,0.0045
2025-11-12 04:00:00,1762920012.0,0.0045
2025-11-12 05:00:00,1762923610.0,0.0045
2025-11-12 06:00:00,1762927212.0,0.0045
2025-11-12 07:00:00,1762930812.0,0.0045
2025-11-12 08:00:00,1762934410.0,0.0045
2025-11-12 09:00:00,1762938012.0,0.0045
2025-11-12 10:00:00,1762941609.0,0.0055
2025-11-12 11:00:00,1762945211.0,0.005
2025-11-12 12:00:00,1762948813.0,0.005
2025-11-12 13:00:00,1762952411.0,0.005
2025-11-12 14:00:00,1762956012.0,0.0055
2025-11-12 15:00:00,1762959611.0,0.0055
2025-11-12 16:00:00,1762963212.0,0.0055
2025-11-12 17:00:00,1762966826.0,0.0055
2025-11-12 18:00:00,1762970412.0,0.0055
2025-11-12 19:00:00,1762974012.0,0.0055
2025-11-12 20:00:00,1762977612.0,0.0055
2025-11-12 21:00:00,1762981212.0,0.0055
2025-11-12 22:00:00,1762984811.0,0.0055
2025-11-12 23:00:00,1762988412.0,0.0055
2025-11-13 00:00:00,1762992010.0,0.0055
2025-11-13 01:00:00,1762995610.0,0.0055
2025-11-13 02:00:00,1762999207.0,0.0055
2025-11-13 03:00:00,1763002811.0,0.0055
2025-11-13 04:00:00,1763006411.0,0.0055
2025-11-13 05:00:00,1763010011.0,0.0055
2025-11-13 06:00:00,1763013613.0,0.0055
2025-11-13 07:00:00,1763017211.0,0.0055
2025-11-13 08:00:00,1763020811.0,0.0055
2025-11-13 09:00:00,1763024412.0,0.0055
2025-11-13 10:00:00,1763028009.0,0.0055
2025-11-13 11:00:00,1763031611.0,0.006
2025-11-13 12:00:00,1763035213.0,0.0055
2025-11-13 13:00:00,1763038811.0,0.0055
2025-11-13 14:00:00,1763042411.0,0.0055
2025-11-13 15:00:00,1763046012.0,0.0055
2025-11-13 16:00:00,1763049613.0,0.0055
2025-11-13 17:00:00,1763053215.0,0.0055
2025-11-13 18:00:00,1763056813.0,0.0055
2025-11-13 19:00:00,1763060426.0,0.0055
2025-11-13 20:00:00,1763064013.0,0.0055
2025-11-13 21:00:00,1763067612.0,0.0045
2025-11-13 22:00:00,1763071212.0,0.0045
2025-11-13 23:00:00,1763074813.0,0.0045
2025-11-14 00:00:00,1763078410.0,0.0045
2025-11-14 01:00:00,1763082010.0,0.0045
2025-11-14 02:00:00,1763085611.0,0.0045
2025-11-14 03:00:00,1763089212.0,0.0045
2025-11-14 04:00:00,1763092813.0,0.0045
2025-11-14 05:00:00,1763096411.0,0.0045
2025-11-14 06:00:00,1763100013.0,0.0045
2025-11-14 07:00:00,1763103613.0,0.0045
2025-11-14 08:00:00,1763107212.0,0.0045
2025-11-14 09:00:00,1763110812.0,0.0045
2025-11-14 10:00:00,1763114411.0,0.0045
2025-11-14 11:00:00,1763118012.0,0.0045
2025-11-14 12:00:00,1763121613.0,0.0045
2025-11-14 13:00:00,1763125224.0,0.0045
2025-11-14 14:00:00,1763128813.0,0.0045
2025-11-14 15:00:00,1763132411.0,0.0045
2025-11-14 16:00:00,1763136012.0,0.0045
2025-11-14 17:00:00,1763139614.0,0.0045
2025-11-14 18:00:00,1763143213.0,0.0045
2025-11-14 19:00:00,1763146813.0,0.0045
2025-11-14 20:00:00,1763150413.0,0.0045
2025-11-14 21:00:00,1763154026.0,0.0045
2025-11-14 22:00:00,1763157613.0,0.0045
2025-11-14 23:00:00,1763161212.0,0.0045
2025-11-15 00:00:00,1763164812.0,0.0045
2025-11-15 01:00:00,1763168411.0,0.0045
2025-11-15 02:00:00,1763172012.0,0.0045
2025-11-15 03:00:00,1763175613.0,0.0045
2025-11-15 04:00:00,1763179212.0,0.0045
2025-11-15 05:00:00,1763182812.0,0.0045
2025-11-15 06:00:00,1763186413.0,0.0045
2025-11-15 07:00:00,1763190013.0,0.0045
2025-11-15 08:00:00,1763193612.0,0.0045
2025-11-15 09:00:00,1763197213.0,0.0045
2025-11-15 10:00:00,1763200813.0,0.0045
2025-11-15 11:00:00,1763204412.0,0.0045
2025-11-15 12:00:00,1763208015.0,0.0045
2025-11-15 13:00:00,1763211611.0,0.0045
2025-11-15 14:00:00,1763215211.0,0.0055
2025-11-15 15:00:00,1763218813.0,0.0055
2025-11-15 16:00:00,1763222412.0,0.0055
2025-11-15 17:00:00,1763226013.0,0.0055
2025-11-15 18:00:00,1763229613.0,0.0055
2025-11-15 19:00:00,1763233214.0,0.0055
2025-11-15 20:00:00,1763236813.0,0.0055
2025-11-15 21:00:00,1763240413.0,0.0055
2025-11-15 22:00:00,1763244013.0,0.0055
2025-11-15 23:00:00,1763247612.0,0.0055
2025-11-16 00:00:00,1763251209.0,0.0055
2025-11-16 01:00:00,1763254820.0,0.0055
2025-11-16 02:00:00,1763258410.0,0.0055
2025-11-16 03:00:00,1763262010.0,0.0055
2025-11-16 04:00:00,1763265611.0,0.0055
2025-11-16 05:00:00,1763269210.0,0.0055
2025-11-16 06:00:00,1763272811.0,0.0055
2025-11-16 07:00:00,1763276411.0,0.0055
2025-11-16 08:00:00,1763280011.0,0.0055
2025-11-16 09:00:00,1763283612.0,0.0055
2025-11-16 10:00:00,1763287212.0,0.0055
2025-11-16 11:00:00,1763290812.0,0.0055
2025-11-16 12:00:00,1763294412.0,0.0055
2025-11-16 13:00:00,1763298011.0,0.0055
2025-11-16 14:00:00,1763301611.0,0.0055
2025-11-16 15:00:00,1763305211.0,0.0055
2025-11-16 16:00:00,1763308811.0,0.0055
2025-11-16 17:00:00,1763312413.0,0.0055
2025-11-16 18:00:00,1763316014.0,0.0055
2025-11-16 19:00:00,1763319611.0,0.0055
2025-11-16 20:00:00,1763323211.0,0.0055
2025-11-16 21:00:00,1763326814.0,0.0055
2025-11-16 22:00:00,1763330411.0,0.0055
2025-11-16 23:00:00,1763334010.0,0.0055
2025-11-17 00:00:00,1763337610.0,0.0055
2025-11-17 01:00:00,1763341209.0,0.004
2025-11-17 02:00:00,1763344810.0,0.004
2025-11-17 03:00:00,1763348411.0,0.004
2025-11-17 04:00:00,1763352010.0,0.004
2025-11-17 05:00:00,1763355611.0,0.004
2025-11-17 06:00:00,1763359211.0,0.004
2025-11-17 07:00:00,1763362812.0,0.004
2025-11-17 08:00:00,1763366425.0,0.004
2025-11-17 09:00:00,1763370029.0,0.004
2025-11-17 10:00:00,1763373615.0,0.0045
2025-11-17 11:00:00,1763377211.0,0.0045
2025-11-17 12:00:00,1763380811.0,0.0045
2025-11-17 13:00:00,1763384411.0,0.0045
2025-11-17 14:00:00,1763388010.0,0.0045
2025-11-17 15:00:00,1763391627.0,0.0045
2025-11-17 16:00:00,1763395210.0,0.0045
2025-11-17 17:00:00,1763398812.0,0.0045
2025-11-17 18:00:00,1763402412.0,0.0035
2025-11-17 19:00:00,1763406012.0,0.0035
2025-11-17 20:00:00,1763409612.0,0.0035
2025-11-17 21:00:00,1763413212.0,0.0035
2025-11-17 22:00:00,1763416814.0,0.0035
2025-11-17 23:00:00,1763420414.0,0.0035
2025-11-18 00:00:00,1763424009.0,0.0035
2025-11-18 01:00:00,1763427609.0,0.0035
2025-11-18 02:00:00,1763431210.0,0.0035
2025-11-18 03:00:00,1763434811.0,0.0035
2025-11-18 04:00:00,1763438411.0,0.0035
2025-11-18 05:00:00,1763442010.0,0.0035
2025-11-18 06:00:00,1763445612.0,0.0035
2025-11-18 07:00:00,1763449211.0,0.0035
2025-11-18 08:00:00,1763452811.0,0.0035
2025-11-18 09:00:00,1763456411.0,0.0035
2025-11-18 10:00:00,1763460011.0,0.0035
2025-11-18 11:00:00,1763463608.0,0.0035
2025-11-18 12:00:00,1763467213.0,0.0025
2025-11-18 13:00:00,1763470814.0,0.0025
2025-11-18 14:00:00,1763474412.0,0.0025
2025-11-18 15:00:00,1763478011.0,0.0025
2025-11-18 16:00:00,1763481612.0,0.0025
2025-11-18 17:00:00,1763485212.0,0.0025
2025-11-18 18:00:00,1763488812.0,0.0025
2025-11-18 19:00:00,1763492413.0,0.0025
2025-11-18 20:00:00,1763496013.0,0.0025
2025-11-18 21:00:00,1763499614.0,0.0025
2025-11-18 22:00:00,1763503212.0,0.0025
2025-11-18 23:00:00,1763506827.0,0.03
2025-11-19 00:00:00,1763510412.0,0.038
2025-11-19 01:00:00,1763514012.0,0.011
2025-11-19 02:00:00,1763517612.0,0.011
2025-11-19 03:00:00,1763521213.0,0.011
2025-11-19 04:00:00,1763524812.0,0.0115
2025-11-19 05:00:00,1763528412.0,0.0085
2025-11-19 06:00:00,1763532014.0,0.0085
2025-11-19 07:00:00,1763535612.0,0.0085
2025-11-19 08:00:00,1763539213.0,0.009
2025-11-19 09:00:00,1763542813.0,0.0095
2025-11-19 10:00:00,1763546412.0,0.0095
2025-11-19 11:00:00,1763550012.0,0.011
2025-11-19 12:00:00,1763553615.0,0.011
2025-11-19 13:00:00,1763557212.0,0.011
2025-11-19 14:00:00,1763560824.0,0.0115
2025-11-19 15:00:00,1763564413.0,0.0115
2025-11-19 16:00:00,1763568024.0,0.011
2025-11-19 17:00:00,1763571613.0,0.011
2025-11-19 18:00:00,1763575220.0,0.011
2025-11-19 19:00:00,1763578812.0,0.011
2025-11-19 20:00:00,1763582412.0,0.011
2025-11-19 21:00:00,1763586013.0,0.011
2025-11-19 22:00:00,1763589612.0,0.011
2025-11-19 23:00:00,1763593228.0,0.011
2025-11-20 00:00:00,1763596809.0,0.01
2025-11-20 01:00:00,1763600409.0,0.01
2025-11-20 02:00:00,1763604010.0,0.01
2025-11-20 03:00:00,1763607613.0,0.01
2025-11-20 04:00:00,1763611212.0,0.01
2025-11-20 05:00:00,1763614811.0,0.01
2025-11-20 06:00:00,1763618412.0,0.01
2025-11-20 07:00:00,1763622019.0,0.01
2025-11-20 08:00:00,1763625612.0,0.01
2025-11-20 09:00:00,1763629213.0,0.01
2025-11-20 10:00:00,1763632811.0,0.01
2025-11-20 11:00:00,1763636412.0,0.0095
2025-11-20 12:00:00,1763640010.0,0.0095
2025-11-20 13:00:00,1763643608.0,0.0095
2025-11-20 14:00:00,1763647207.0,0.0095
2025-11-20 15:00:00,1763650808.0,0.0095
2025-11-20 16:00:00,1763654407.0,0.0095
2025-11-20 17:00:00,1763658009.0,0.0095
2025-11-20 18:00:00,1763661610.0,0.0095
2025-11-20 19:00:00,1763665208.0,0.0095
2025-11-20 20:00:00,1763668809.0,0.0095
2025-11-20 21:00:00,1763672410.0,0.0095
2025-11-20 22:00:00,1763676023.0,0.0095
2025-11-20 23:00:00,1763679609.0,0.0095
2025-11-21 00:00:00,1763683212.0,0.0095
2025-11-21 01:00:00,1763686808.0,0.0095
2025-11-21 02:00:00,1763690407.0,0.0085
2025-11-21 03:00:00,1763694009.0,0.0085
2025-11-21 04:00:00,1763697621.0,0.008
2025-11-21 05:00:00,1763701214.0,0.008
2025-11-21 06:00:00,1763704809.0,0.008
2025-11-21 07:00:00,1763708408.0,0.008
2025-11-21 08:00:00,1763712008.0,0.008
2025-11-21 09:00:00,1763715608.0,0.008
2025-11-21 10:00:00,1763719207.0,0.008
2025-11-21 11:00:00,1763722809.0,0.0085
2025-11-21 12:00:00,1763726409.0,0.0085
2025-11-21 13:00:00,1763730022.0,0.0085
2025-11-21 14:00:00,1763733609.0,0.0085
2025-11-21 15:00:00,1763737209.0,0.0085
2025-11-21 16:00:00,1763740809.0,0.0085
2025-11-21 17:00:00,1763744415.0,0.0085
2025-11-21 18:00:00,1763748009.0,0.0085
2025-11-21 19:00:00,1763751608.0,0.0085
2025-11-21 20:00:00,1763755209.0,0.0085
2025-11-21 21:00:00,1763758809.0,0.0085
2025-11-21 22:00:00,1763762408.0,0.0085
2025-11-21 23:00:00,1763766014.0,0.0085
2025-11-22 00:00:00,1763769610.0,0.0085
2025-11-22 01:00:00,1763773208.0,0.0085
2025-11-22 02:00:00,1763776808.0,0.0085
2025-11-22 03:00:00,1763780409.0,0.0085
2025-11-22 04:00:00,1763784024.0,0.0085
2025-11-22 05:00:00,1763787614.0,0.008
2025-11-22 06:00:00,1763791213.0,0.0085
2025-11-22 07:00:00,1763794807.0,0.0085
2025-11-22 08:00:00,1763798407.0,0.0085
2025-11-22 09:00:00,1763802009.0,0.008
2025-11-22 10:00:00,1763805608.0,0.008
2025-11-22 11:00:00,1763809209.0,0.008
2025-11-22 12:00:00,1763812810.0,0.008
2025-11-22 13:00:00,1763816421.0,0.011
2025-11-22 14:00:00,1763820008.0,0.013
2025-11-22 15:00:00,1763823608.0,0.013
2025-11-22 16:00:00,1763827208.0,0.013
2025-11-22 17:00:00,1763830814.0,0.013
2025-11-22 18:00:00,1763834408.0,0.013
2025-11-22 19:00:00,1763838008.0,0.013
2025-11-22 20:00:00,1763841608.0,0.013
2025-11-22 21:00:00,1763845209.0,0.013
2025-11-22 22:00:00,1763848807.0,0.013
2025-11-22 23:00:00,1763852408.0,0.013
2025-11-23 00:00:00,1763856010.0,0.013
2025-11-23 01:00:00,1763859620.0,0.01
2025-11-23 02:00:00,1763863208.0,0.0125
2025-11-23 03:00:00,1763866810.0,0.0115
2025-11-23 04:00:00,1763870407.0,0.011
2025-11-23 05:00:00,1763874007.0,0.012
2025-11-23 06:00:00,1763877612.0,0.0125
2025-11-23 07:00:00,1763881207.0,0.0125
2025-11-23 08:00:00,1763884807.0,0.0125
2025-11-23 09:00:00,1763888408.0,0.0105
2025-11-23 10:00:00,1763892007.0,0.0065
2025-11-23 11:00:00,1763895608.0,0.007
2025-11-23 12:00:00,1763899209.0,0.007
2025-11-23 13:00:00,1763902807.0,0.0065
2025-11-23 14:00:00,1763906408.0,0.011
2025-11-23 15:00:00,1763910008.0,0.011
2025-11-23 16:00:00,1763913607.0,0.0105
2025-11-23 17:00:00,1763917219.0,0.0105
2025-11-23 18:00:00,1763920809.0,0.009
2025-11-23 19:00:00,1763924408.0,0.009
2025-11-23 20:00:00,1763928008.0,0.008
2025-11-23 21:00:00,1763931624.0,0.008
2025-11-23 22:00:00,1763935207.0,0.008
2025-11-23 23:00:00,1763938807.0,0.008
2025-11-24 00:00:00,1763942411.0,0.008
2025-11-24 01:00:00,1763946007.0,0.008
2025-11-24 02:00:00,1763949606.0,0.008
2025-11-24 03:00:00,1763953207.0,0.008
2025-11-24 04:00:00,1763956806.0,0.008
2025-11-24 05:00:00,1763960406.0,0.007
2025-11-24 06:00:00,1763964011.0,0.007
2025-11-24 07:00:00,1763967607.0,0.007
2025-11-24 08:00:00,1763971206.0,0.007
2025-11-24 09:00:00,1763974807.0,0.0065
2025-11-24 10:00:00,1763978406.0,0.006
2025-11-24 11:00:00,1763982006.0,0.006
2025-11-24 12:00:00,1763985607.0,0.004
2025-11-24 13:00:00,1763989206.0,0.0035
2025-11-24 14:00:00,1763992808.0,0.0035
2025-11-24 15:00:00,1763996407.0,0.0035
2025-11-24 16:00:00,1764000006.0,0.0025
2025-11-24 17:00:00,1764003609.0,0.0025
2025-11-24 18:00:00,1764007208.0,0.0025
2025-11-24 19:00:00,1764010807.0,0.0025
2025-11-24 20:00:00,1764014408.0,0.004
2025-11-24 21:00:00,1764018013.0,0.004
2025-11-24 22:00:00,1764021612.0,0.0035
2025-11-24 23:00:00,1764025212.0,0.0035
2025-11-25 00:00:00,1764028811.0,0.0035
2025-11-25 01:00:00,1764032411.0,0.0035
2025-11-25 02:00:00,1764036011.0,0.0035
2025-11-25 03:00:00,1764039612.0,0.004
2025-11-25 04:00:00,1764043212.0,0.004
2025-11-25 05:00:00,1764046812.0,0.0035
2025-11-25 06:00:00,1764050412.0,0.0035
2025-11-25 07:00:00,1764054012.0,0.0035
2025-11-25 08:00:00,1764057612.0,0.003
2025-11-25 09:00:00,1764061213.0,0.0025
2025-11-25 10:00:00,1764064812.0,0.0025
2025-11-25 11:00:00,1764068412.0,0.0025
2025-11-25 12:00:00,1764072014.0,0.002
2025-11-25 13:00:00,1764075612.0,0.002
2025-11-25 14:00:00,1764079214.0,0.002
2025-11-25 15:00:00,1764082813.0,0.0015
2025-11-25 16:00:00,1764086412.0,0.0015
2025-11-25 17:00:00,1764090014.0,0.0015
2025-11-25 18:00:00,1764093612.0,0.0015
2025-11-25 19:00:00,1764097213.0,0.0015
2025-11-25 20:00:00,1764100814.0,0.0015
2025-11-25 21:00:00,1764104414.0,0.0015
2025-11-25 22:00:00,1764108013.0,0.0015
2025-11-25 23:00:00,1764111613.0,0.0015
2025-11-26 00:00:00,1764115211.0,0.0015
2025-11-26 01:00:00,1764118810.0,0.0015
2025-11-26 02:00:00,1764122411.0,0.0015
2025-11-26 03:00:00,1764126013.0,0.0015
2025-11-26 04:00:00,1764129613.0,0.0015
2025-11-26 05:00:00,1764133213.0,0.0015
2025-11-26 06:00:00,1764136825.0,0.0015
2025-11-26 07:00:00,1764140412.0,0.0015
2025-11-26 08:00:00,1764144015.0,0.0015
2025-11-26 09:00:00,1764147613.0,0.0015
2025-11-26 10:00:00,1764151212.0,0.0015
2025-11-26 11:00:00,1764154813.0,0.0015
2025-11-26 12:00:00,1764158429.0,0.0015
2025-11-26 13:00:00,1764162012.0,0.0015
2025-11-26 14:00:00,1764165613.0,0.0015
2025-11-26 15:00:00,1764169212.0,0.0015
2025-11-26 16:00:00,1764172813.0,0.0015
2025-11-26 17:00:00,1764176415.0,0.0015
2025-11-26 18:00:00,1764180014.0,0.0015
2025-11-26 19:00:00,1764183615.0,0.0015
2025-11-26 20:00:00,1764187213.0,0.0015
2025-11-26 21:00:00,1764190815.0,0.0015
2025-11-26 22:00:00,1764194413.0,0.0015
2025-11-26 23:00:00,1764198014.0,0.0015
2025-11-27 00:00:00,1764201612.0,0.0015
2025-11-27 01:00:00,1764205223.0,0.0015
2025-11-27 02:00:00,1764208813.0,0.0015
2025-11-27 03:00:00,1764212414.0,0.0015
2025-11-27 04:00:00,1764216013.0,0.0015
2025-11-27 05:00:00,1764219614.0,0.0015
2025-11-27 06:00:00,1764223214.0,0.0015
2025-11-27 07:00:00,1764226814.0,0.0015
2025-11-27 08:00:00,1764230412.0,0.001
2025-11-27 09:00:00,1764234013.0,0.001
2025-11-27 10:00:00,1764237614.0,0.0005
2025-11-27 11:00:00,1764241214.0,0.0005
2025-11-27 12:00:00,1764244816.0,0.0005
2025-11-27 13:00:00,1764248412.0,0.0005
2025-11-27 14:00:00,1764252014.0,0.0005
2025-11-27 15:00:00,1764255613.0,0.0005
2025-11-27 16:00:00,1764259214.0,0.0005
2025-11-27 17:00:00,1764262815.0,0.0005
2025-11-27 18:00:00,1764266414.0,0.0005
2025-11-27 19:00:00,1764270014.0,0.0005
2025-11-27 20:00:00,1764273614.0,0.0005
2025-11-27 21:00:00,1764277215.0,0.0005
2025-11-27 22:00:00,1764280814.0,0.0005
2025-11-27 23:00:00,1764284415.0,0.0005
2025-11-28 00:00:00,1764288012.0,0.0005
2025-11-28 01:00:00,1764291612.0,0.0005
2025-11-28 02:00:00,1764295212.0,0.0005
2025-11-28 03:00:00,1764298813.0,0.0005
2025-11-28 04:00:00,1764302413.0,0.0015
2025-11-28 05:00:00,1764306013.0,0.0015
2025-11-28 06:00:00,1764309614.0,0.0015
2025-11-28 07:00:00,1764313214.0,0.0015
2025-11-28 08:00:00,1764316813.0,0.0015
2025-11-28 09:00:00,1764320413.0,0.001
2025-11-28 10:00:00,1764324012.0,0.0005
2025-11-28 11:00:00,1764327613.0,0.0005
2025-11-28 12:00:00,1764331215.0,0.0005
2025-11-28 13:00:00,1764334813.0,0.0005
2025-11-28 14:00:00,1764338415.0,0.0005
2025-11-28 15:00:00,1764342014.0,0.0005
2025-11-28 16:00:00,1764345627.0,0.0005
2025-11-28 17:00:00,1764349216.0,0.0005
2025-11-28 18:00:00,1764352814.0,0.0005
2025-11-28 19:00:00,1764356415.0,0.0005
2025-11-28 20:00:00,1764360014.0,0.0005
2025-11-28 21:00:00,1764363617.0,0.0005
2025-11-28 22:00:00,1764367217.0,0.0005
2025-11-28 23:00:00,1764370814.0,0.0005
2025-11-29 00:00:00,1764374414.0,0.0005
2025-11-29 01:00:00,1764378013.0,0.0005
2025-11-29 02:00:00,1764381614.0,0.0005
2025-11-29 03:00:00,1764385209.0,0.0005
2025-11-29 04:00:00,1764388814.0,0.0005
2025-11-29 05:00:00,1764392413.0,0.0005
2025-11-29 06:00:00,1764396014.0,0.0005
2025-11-29 07:00:00,1764399614.0,0.0005
2025-11-29 08:00:00,1764403214.0,0.0005
2025-11-29 09:00:00,1764406816.0,0.0005
2025-11-29 10:00:00,1764410428.0,0.0005
2025-11-29 11:00:00,1764414014.0,0.0005
2025-11-29 12:00:00,1764417616.0,0.0005
2025-11-29 13:00:00,1764421212.0,0.0005
2025-11-29 14:00:00,1764424813.0,0.0005
2025-11-29 15:00:00,1764428415.0,0.0005
2025-11-29 16:00:00,1764432014.0,0.0005
2025-11-29 17:00:00,1764435615.0,0.0005
2025-11-29 18:00:00,1764439215.0,0.0005
2025-11-29 19:00:00,1764442815.0,0.0005
2025-11-29 20:00:00,1764446413.0,0.0005
2025-11-29 21:00:00,1764450016.0,0.0005
2025-11-29 22:00:00,1764453609.0,0.0005
2025-11-29 23:00:00,1764457214.0,0.0005
2025-11-30 00:00:00,1764460812.0,0.0005
2025-11-30 01:00:00,1764464412.0,0.0005
2025-11-30 02:00:00,1764468013.0,0.0005
2025-11-30 03:00:00,1764471613.0,0.0005
2025-11-30 04:00:00,1764475213.0,0.0005
2025-11-30 05:00:00,1764478812.0,0.0005
2025-11-30 06:00:00,1764482412.0,0.0005
2025-11-30 07:00:00,1764486015.0,0.0005
2025-11-30 08:00:00,1764489609.0,0.0005
2025-11-30 09:00:00,1764493215.0,0.001
2025-11-30 10:00:00,1764496827.0,0.001
2025-11-30 11:00:00,1764500413.0,0.001
2025-11-30 12:00:00,1764504042.0,0.001
2025-11-30 13:00:00,1764507608.0,0.001
2025-11-30 14:00:00,1764511213.0,0.001
2025-11-30 15:00:00,1764514825.0,0.001
2025-11-30 16:00:00,1764518425.0,0.0005
2025-11-30 17:00:00,1764522013.0,0.0005
2025-11-30 18:00:00,1764525615.0,0.0005
2025-11-30 19:00:00,1764529213.0,0.0005
2025-11-30 20:00:00,1764532814.0,0.0005
2025-11-30 21:00:00,1764536415.0,0.0005
2025-11-30 22:00:00,1764540013.0,0.0005
2025-11-30 23:00:00,1764543618.0,0.0005
2025-12-01 00:00:00,1764547212.0,0.0005
2025-12-01 01:00:00,1764550813.0,0.0005
2025-12-01 02:00:00,1764554412.0,0.0025
2025-12-01 03:00:00,1764558024.0,0.0025
2025-12-01 04:00:00,1764561612.0,0.0025
2025-12-01 05:00:00,1764565214.0,0.0025
2025-12-01 06:00:00,1764568813.0,0.0025
2025-12-01 07:00:00,1764572413.0,0.0025
2025-12-01 08:00:00,1764576011.0,0.0025
2025-12-01 09:00:00,1764579626.0,0.0025
2025-12-01 10:00:00,1764583226.0,0.0025
2025-12-01 11:00:00,1764586812.0,0.0025
2025-12-01 12:00:00,1764590424.0,0.0025
2025-12-01 13:00:00,1764594012.0,0.0025
2025-12-01 14:00:00,1764597613.0,0.0025
2025-12-01 15:00:00,1764601226.0,0.0025
2025-12-01 16:00:00,1764604824.0,0.0025
2025-12-01 17:00:00,1764608413.0,0.0025
2025-12-01 18:00:00,1764612026.0,0.0025
2025-12-01 19:00:00,1764615613.0,0.0015
2025-12-01 20:00:00,1764619212.0,0.0005
2025-12-01 21:00:00,1764622813.0,0.0005
2025-12-01 22:00:00,1764626412.0,0.0005
2025-12-01 23:00:00,1764630012.0,0.0005
2025-12-02 00:00:00,1764633609.0,0.0005
2025-12-02 01:00:00,1764637210.0,0.0005
2025-12-02 02:00:00,1764640810.0,0.0005
2025-12-02 03:00:00,1764644411.0,0.0015
2025-12-02 04:00:00,1764648012.0,0.0015
2025-12-02 05:00:00,1764651611.0,0.0015
2025-12-02 06:00:00,1764655212.0,0.0015
2025-12-02 07:00:00,1764658812.0,0.0015
2025-12-02 08:00:00,1764662411.0,0.0015
2025-12-02 09:00:00,1764666012.0,0.0025
2025-12-02 10:00:00,1764669612.0,0.0025
2025-12-02 11:00:00,1764673212.0,0.0025
2025-12-02 12:00:00,1764676815.0,0.002
2025-12-02 13:00:00,1764680411.0,0.0015
2025-12-02 14:00:00,1764684012.0,0.0015
2025-12-02 15:00:00,1764687612.0,0.0015
2025-12-02 16:00:00,1764691207.0,0.0015
2025-12-02 17:00:00,1764694813.0,0.0015
2025-12-02 18:00:00,1764698413.0,0.0015
2025-12-02 19:00:00,1764702013.0,0.0015
2025-12-02 20:00:00,1764705613.0,0.001
2025-12-02 21:00:00,1764709214.0,0.0005
2025-12-02 22:00:00,1764712812.0,0.0005
2025-12-02 23:00:00,1764716414.0,0.0005
2025-12-03 00:00:00,1764720013.0,0.0005
2025-12-03 01:00:00,1764723612.0,0.0005
2025-12-03 02:00:00,1764727213.0,0.0005
2025-12-03 03:00:00,1764730813.0,0.001
2025-12-03 04:00:00,1764734413.0,0.001
2025-12-03 05:00:00,1764738014.0,0.001
2025-12-03 06:00:00,1764741613.0,0.001
2025-12-03 07:00:00,1764745214.0,0.0005
2025-12-03 08:00:00,1764748812.0,0.0005
2025-12-03 09:00:00,1764752414.0,0.0005
2025-12-03 10:00:00,1764756013.0,0.0005
2025-12-03 11:00:00,1764759614.0,0.0005
2025-12-03 12:00:00,1764763216.0,0.0005
2025-12-03 13:00:00,1764766812.0,0.0005
2025-12-03 14:00:00,1764770414.0,0.0005
2025-12-03 15:00:00,1764774009.0,0.0005
2025-12-03 16:00:00,1764777613.0,0.0005
2025-12-03 17:00:00,1764781215.0,0.0005
2025-12-03 18:00:00,1764784815.0,0.0005
2025-12-03 19:00:00,1764788414.0,0.0005
2025-12-03 20:00:00,1764792013.0,0.0005
2025-12-03 21:00:00,1764795615.0,0.0005
2025-12-03 22:00:00,1764799214.0,0.0005
2025-12-03 23:00:00,1764802813.0,0.0005
2025-12-04 00:00:00,1764806410.0,0.0005
2025-12-04 01:00:00,1764810010.0,0.0005
2025-12-04 02:00:00,1764813611.0,0.001
2025-12-04 03:00:00,1764817212.0,0.001
2025-12-04 04:00:00,1764820814.0,0.001
2025-12-04 05:00:00,1764824412.0,0.001
2025-12-04 06:00:00,1764828013.0,0.001
2025-12-04 07:00:00,1764831613.0,0.0015
2025-12-04 08:00:00,1764835211.0,0.0015
2025-12-04 09:00:00,1764838819.0,0.0015
2025-12-04 10:00:00,1764842412.0,0.0015
2025-12-04 11:00:00,1764846012.0,0.001
2025-12-04 12:00:00,1764849616.0,0.001
2025-12-04 13:00:00,1764853212.0,0.001
2025-12-04 14:00:00,1764856812.0,0.001
2025-12-04 15:00:00,1764860412.0,0.001
2025-12-04 16:00:00,1764864008.0,0.001
2025-12-04 17:00:00,1764867610.0,0.0015
2025-12-04 18:00:00,1764871209.0,0.0015
2025-12-04 19:00:00,1764874808.0,0.001
2025-12-04 20:00:00,1764878408.0,0.001
2025-12-04 21:00:00,1764882008.0,0.001
2025-12-04 22:00:00,1764885608.0,0.001
2025-12-04 23:00:00,1764889208.0,0.001
2025-12-05 00:00:00,1764892811.0,0.001
2025-12-05 01:00:00,1764896408.0,0.001
2025-12-05 02:00:00,1764900009.0,0.001
2025-12-05 03:00:00,1764903609.0,0.001
2025-12-05 04:00:00,1764907209.0,0.001
2025-12-05 05:00:00,1764910808.0,0.001
2025-12-05 06:00:00,1764914409.0,0.001
2025-12-05 07:00:00,1764918008.0,0.001
2025-12-05 08:00:00,1764921608.0,0.0015
2025-12-05 09:00:00,1764925209.0,0.0015
2025-12-05 10:00:00,1764928809.0,0.0015
2025-12-05 11:00:00,1764932408.0,0.0015
2025-12-05 12:00:00,1764936012.0,0.0015
2025-12-05 13:00:00,1764939608.0,0.0015
2025-12-05 14:00:00,1764943209.0,0.0015
2025-12-05 15:00:00,1764946810.0,0.001
2025-12-05 16:00:00,1764950409.0,0.0025
2025-12-05 17:00:00,1764954010.0,0.0025
2025-12-05 18:00:00,1764957609.0,0.0025
2025-12-05 19:00:00,1764961212.0,0.0015
2025-12-05 20:00:00,1764964809.0,0.0015
2025-12-05 21:00:00,1764968410.0,0.0015
2025-12-05 22:00:00,1764972009.0,0.0015
2025-12-05 23:00:00,1764975608.0,0.0015
2025-12-06 00:00:00,1764979212.0,0.0015
2025-12-06 01:00:00,1764982809.0,0.0015
2025-12-06 02:00:00,1764986409.0,0.0015
2025-12-06 03:00:00,1764990010.0,0.0015
2025-12-06 04:00:00,1764993609.0,0.0015
2025-12-06 05:00:00,1764997209.0,0.0015
2025-12-06 06:00:00,1765000810.0,0.0015
2025-12-06 07:00:00,1765004415.0,0.0015
2025-12-06 08:00:00,1765008009.0,0.0015
2025-12-06 09:00:00,1765011611.0,0.0015
2025-12-06 10:00:00,1765015210.0,0.0015
2025-12-06 11:00:00,1765018810.0,0.0015
2025-12-06 12:00:00,1765022412.0,0.0015
2025-12-06 13:00:00,1765026009.0,0.0015
2025-12-06 14:00:00,1765029609.0,0.0015
2025-12-06 15:00:00,1765033210.0,0.0015
2025-12-06 16:00:00,1765036809.0,0.0015
2025-12-06 17:00:00,1765040412.0,0.0015
2025-12-06 18:00:00,1765044010.0,0.0015
2025-12-06 19:00:00,1765047610.0,0.0015
2025-12-06 20:00:00,1765051210.0,0.0015
2025-12-06 21:00:00,1765054810.0,0.0015
2025-12-06 22:00:00,1765058409.0,0.0015
2025-12-06 23:00:00,1765062009.0,0.0015
2025-12-07 00:00:00,1765065624.0,0.0015
2025-12-07 01:00:00,1765069210.0,0.0015
2025-12-07 02:00:00,1765072809.0,0.0015
2025-12-07 03:00:00,1765076410.0,0.0015
2025-12-07 04:00:00,1765080008.0,0.001
2025-12-07 05:00:00,1765083608.0,0.0005
2025-12-07 06:00:00,1765087215.0,0.0005
2025-12-07 07:00:00,1765090809.0,0.0005
2025-12-07 08:00:00,1765094409.0,0.0005
2025-12-07 09:00:00,1765098009.0,0.0005
2025-12-07 10:00:00,1765101608.0,0.0005
2025-12-07 11:00:00,1765105208.0,0.0005
2025-12-07 12:00:00,1765108812.0,0.0005
2025-12-07 13:00:00,1765112408.0,0.0005
2025-12-07 14:00:00,1765116009.0,0.0005
2025-12-07 15:00:00,1765119609.0,0.0005
2025-12-07 16:00:00,1765123208.0,0.0005
2025-12-07 17:00:00,1765126810.0,0.0005
2025-12-07 18:00:00,1765130415.0,0.0005
2025-12-07 19:00:00,1765134010.0,0.0005
2025-12-07 20:00:00,1765137624.0,0.0005
2025-12-07 21:00:00,1765141210.0,0.0005
2025-12-07 22:00:00,1765144808.0,0.0005
2025-12-07 23:00:00,1765148408.0,0.0005
2025-12-08 00:00:00,1765152023.0,0.0005
2025-12-08 01:00:00,1765155622.0,0.0005
2025-12-08 02:00:00,1765159208.0,0.0005
2025-12-08 03:00:00,1765162808.0,0.0005
2025-12-08 04:00:00,1765166408.0,0.0005
2025-12-08 05:00:00,1765170007.0,0.0005
2025-12-08 06:00:00,1765173609.0,0.0005
2025-12-08 07:00:00,1765177208.0,0.0005
2025-12-08 08:00:00,1765180808.0,0.0005
2025-12-08 09:00:00,1765184409.0,0.0005
2025-12-08 10:00:00,1765188007.0,0.0005
2025-12-08 11:00:00,1765191607.0,0.0005
2025-12-08 12:00:00,1765195224.0,0.0005
2025-12-08 13:00:00,1765198810.0,0.0005
2025-12-08 14:00:00,1765202407.0,0.0005
2025-12-08 15:00:00,1765206008.0,0.0005
2025-12-08 16:00:00,1765209622.0,0.0005
2025-12-08 17:00:00,1765213209.0,0.0005
2025-12-08 18:00:00,1765216808.0,0.0005
2025-12-08 19:00:00,1765220408.0,0.0005
2025-12-08 20:00:00,1765224009.0,0.0005
2025-12-08 21:00:00,1765227623.0,0.0005
2025-12-08 22:00:00,1765231208.0,0.0005
2025-12-08 23:00:00,1765234809.0,0.0005
2025-12-09 00:00:00,1765238422.0,0.0005
2025-12-09 01:00:00,1765242011.0,0.0005
2025-12-09 02:00:00,1765245610.0,0.0005
2025-12-09 03:00:00,1765249209.0,0.0005
2025-12-09 04:00:00,1765252808.0,0.0005
2025-12-09 05:00:00,1765256408.0,0.0005
2025-12-09 06:00:00,1765260010.0,0.0005
2025-12-09 07:00:00,1765263610.0,0.0005
2025-12-09 08:00:00,1765267210.0,0.0005
2025-12-09 09:00:00,1765270810.0,0.0005
2025-12-09 10:00:00,1765274408.0,0.0005
2025-12-09 11:00:00,1765278010.0,0.0005
2025-12-09 12:00:00,1765281610.0,0.0005
2025-12-09 13:00:00,1765285211.0,0.0005
2025-12-09 14:00:00,1765288824.0,0.0005
2025-12-09 15:00:00,1765292412.0,0.0005
2025-12-09 16:00:00,1765296008.0,0.0005
2025-12-09 17:00:00,1765299610.0,0.0005
2025-12-09 18:00:00,1765303209.0,0.0005
2025-12-09 19:00:00,1765306808.0,0.0005
2025-12-09 20:00:00,1765310410.0,0.0005
2025-12-09 21:00:00,1765314010.0,0.001
2025-12-09 22:00:00,1765317609.0,0.0005
2025-12-09 23:00:00,1765321210.0,0.0005
2025-12-10 00:00:00,1765324810.0,0.0005
2025-12-10 01:00:00,1765328420.0,0.0005
2025-12-10 02:00:00,1765332007.0,0.0005
2025-12-10 03:00:00,1765335608.0,0.0005
2025-12-10 04:00:00,1765339208.0,0.0005
2025-12-10 05:00:00,1765342810.0,0.0005
2025-12-10 06:00:00,1765346409.0,0.0005
2025-12-10 07:00:00,1765350007.0,0.0005
2025-12-10 08:00:00,1765353609.0,0.0005
2025-12-10 09:00:00,1765357222.0,0.0005
2025-12-10 10:00:00,1765360807.0,0.0005
2025-12-10 11:00:00,1765364408.0,0.0005
2025-12-10 12:00:00,1765368015.0,0.0005
2025-12-10 13:00:00,1765371607.0,0.0005
2025-12-10 14:00:00,1765375207.0,0.0005
2025-12-10 15:00:00,1765378810.0,0.0005
2025-12-10 16:00:00,1765382407.0,0.0005
2025-12-10 17:00:00,1765386009.0,0.0005
2025-12-10 18:00:00,1765389608.0,0.0005
2025-12-10 19:00:00,1765393208.0,0.0005
2025-12-10 20:00:00,1765396807.0,0.0015
2025-12-10 21:00:00,1765400408.0,0.0015
2025-12-10 22:00:00,1765404008.0,0.0015
2025-12-10 23:00:00,1765407608.0,0.0015
2025-12-11 00:00:00,1765411211.0,0.0015
2025-12-11 01:00:00,1765414811.0,0.0015
2025-12-11 02:00:00,1765418420.0,0.0015
2025-12-11 03:00:00,1765422009.0,0.0045
2025-12-11 04:00:00,1765425624.0,0.004
2025-12-11 05:00:00,1765429213.0,0.004
2025-12-11 06:00:00,1765432809.0,0.004
2025-12-11 07:00:00,1765436408.0,0.004
2025-12-11 08:00:00,1765440009.0,0.0025
2025-12-11 09:00:00,1765443609.0,0.002
2025-12-11 10:00:00,1765447209.0,0.0025
2025-12-11 11:00:00,1765450813.0,0.002
2025-12-11 12:00:00,1765454412.0,0.002
2025-12-11 13:00:00,1765458009.0,0.002
2025-12-11 14:00:00,1765461608.0,0.002
2025-12-11 15:00:00,1765465209.0,0.002
2025-12-11 16:00:00,1765468818.0,0.002
2025-12-11 17:00:00,1765472410.0,0.002
2025-12-11 18:00:00,1765476008.0,0.002
2025-12-11 19:00:00,1765479621.0,0.002
2025-12-11 20:00:00,1765483210.0,0.002
2025-12-11 21:00:00,1765486809.0,0.002
2025-12-11 22:00:00,1765490408.0,0.002
2025-12-11 23:00:00,1765494010.0,0.002
2025-12-12 00:00:00,1765497611.0,0.002
2025-12-12 01:00:00,1765501208.0,0.002
2025-12-12 02:00:00,1765504808.0,0.002
2025-12-12 03:00:00,1765508411.0,0.002
2025-12-12 04:00:00,1765512009.0,0.002
2025-12-12 05:00:00,1765515621.0,0.002
2025-12-12 06:00:00,1765519210.0,0.002
2025-12-12 07:00:00,1765522809.0,0.0015
2025-12-12 08:00:00,1765526408.0,0.0015
2025-12-12 09:00:00,1765530009.0,0.002
2025-12-12 10:00:00,1765533608.0,0.002
2025-12-12 11:00:00,1765537209.0,0.002
2025-12-12 12:00:00,1765540811.0,0.002
2025-12-12 13:00:00,1765544408.0,0.002
2025-12-12 14:00:00,1765548009.0,0.0015
2025-12-12 15:00:00,1765551609.0,0.0015
2025-12-12 16:00:00,1765555209.0,0.0015
2025-12-12 17:00:00,1765558813.0,0.0015
2025-12-12 18:00:00,1765562411.0,0.0015
2025-12-12 19:00:00,1765566009.0,0.0015
2025-12-12 20:00:00,1765569610.0,0.0015
2025-12-12 21:00:00,1765573210.0,0.0005
2025-12-12 22:00:00,1765576811.0,0.0005
2025-12-12 23:00:00,1765580409.0,0.0005
2025-12-13 00:00:00,1765584012.0,0.0005
2025-12-13 01:00:00,1765587609.0,0.0015
2025-12-13 02:00:00,1765591209.0,0.0015
2025-12-13 03:00:00,1765594810.0,0.0015
2025-12-13 04:00:00,1765598410.0,0.0015
2025-12-13 05:00:00,1765602009.0,0.0015
2025-12-13 06:00:00,1765605615.0,0.0015
2025-12-13 07:00:00,1765609209.0,0.0015
2025-12-13 08:00:00,1765612809.0,0.0015
2025-12-13 09:00:00,1765616410.0,0.0005
2025-12-13 10:00:00,1765620009.0,0.0005
2025-12-13 11:00:00,1765623609.0,0.0015
2025-12-13 12:00:00,1765627213.0,0.0015
2025-12-13 13:00:00,1765630809.0,0.0015
2025-12-13 14:00:00,1765634415.0,0.0015
2025-12-13 15:00:00,1765638010.0,0.0015
2025-12-13 16:00:00,1765641609.0,0.0015
2025-12-13 17:00:00,1765645211.0,0.0015
2025-12-13 18:00:00,1765648810.0,0.0015
2025-12-13 19:00:00,1765652409.0,0.0015
2025-12-13 20:00:00,1765656010.0,0.0015
2025-12-13 21:00:00,1765659610.0,0.0015
2025-12-13 22:00:00,1765663210.0,0.0015
2025-12-13 23:00:00,1765666810.0,0.0015
2025-12-14 00:00:00,1765670412.0,0.0015
2025-12-14 01:00:00,1765674009.0,0.0015
2025-12-14 02:00:00,1765677609.0,0.0015
2025-12-14 03:00:00,1765681211.0,0.0015
2025-12-14 04:00:00,1765684809.0,0.0015
2025-12-14 05:00:00,1765688409.0,0.0015
2025-12-14 06:00:00,1765692010.0,0.0015
2025-12-14 07:00:00,1765695608.0,0.0015
2025-12-14 08:00:00,1765699209.0,0.0015
2025-12-14 09:00:00,1765702810.0,0.0015
2025-12-14 10:00:00,1765706410.0,0.001
2025-12-14 11:00:00,1765710008.0,0.0005
2025-12-14 12:00:00,1765713612.0,0.0005
2025-12-14 13:00:00,1765717209.0,0.0005
2025-12-14 14:00:00,1765720808.0,0.0005
2025-12-14 15:00:00,1765724410.0,0.0005
2025-12-14 16:00:00,1765728009.0,0.0005
2025-12-14 17:00:00,1765731610.0,0.0005
2025-12-14 18:00:00,1765735210.0,0.0005
2025-12-14 19:00:00,1765738810.0,0.0005
2025-12-14 20:00:00,1765742411.0,0.0005
2025-12-14 21:00:00,1765746011.0,0.0005
2025-12-14 22:00:00,1765749608.0,0.0005
2025-12-14 23:00:00,1765753209.0,0.0005
2025-12-15 00:00:00,1765756813.0,0.0005
2025-12-15 01:00:00,1765760408.0,0.0005
2025-12-15 02:00:00,1765764008.0,0.0005
2025-12-15 03:00:00,1765767609.0,0.0005
2025-12-15 04:00:00,1765771210.0,0.0015
2025-12-15 05:00:00,1765774809.0,0.0015
2025-12-15 06:00:00,1765778410.0,0.0015
2025-12-15 07:00:00,1765782008.0,0.0015
2025-12-15 08:00:00,1765785608.0,0.0015
2025-12-15 09:00:00,1765789211.0,0.0015
2025-12-15 10:00:00,1765792808.0,0.0015
2025-12-15 11:00:00,1765796411.0,0.0005
2025-12-15 12:00:00,1765800011.0,0.0005
2025-12-15 13:00:00,1765803621.0,0.0005
2025-12-15 14:00:00,1765807208.0,0.0005
2025-12-15 15:00:00,1765810810.0,0.0005
2025-12-15 16:00:00,1765814408.0,0.0005
2025-12-15 17:00:00,1765818010.0,0.0005
2025-12-15 18:00:00,1765821625.0,0.0015
2025-12-15 19:00:00,1765825208.0,0.0015
2025-12-15 20:00:00,1765828808.0,0.0015
2025-12-15 21:00:00,1765832409.0,0.0015
2025-12-15 22:00:00,1765836024.0,0.0015
2025-12-15 23:00:00,1765839608.0,0.0015
2025-12-16 00:00:00,1765843210.0,0.0015
2025-12-16 01:00:00,1765846811.0,0.0015
2025-12-16 02:00:00,1765850408.0,0.0015
2025-12-16 03:00:00,1765854009.0,0.002
2025-12-16 04:00:00,1765857608.0,0.002
2025-12-16 05:00:00,1765861208.0,0.0015
2025-12-16 06:00:00,1765864809.0,0.0045
2025-12-16 07:00:00,1765868415.0,0.004
2025-12-16 08:00:00,1765872013.0,0.004
2025-12-16 09:00:00,1765875609.0,0.005
2025-12-16 10:00:00,1765879208.0,0.005
2025-12-16 11:00:00,1765882808.0,0.005
2025-12-16 12:00:00,1765886423.0,0.005
2025-12-16 13:00:00,1765890008.0,0.0035
2025-12-16 14:00:00,1765893623.0,0.0035
2025-12-16 15:00:00,1765897209.0,0.0035
2025-12-16 16:00:00,1765900825.0,0.0035
2025-12-16 17:00:00,1765904409.0,0.002
2025-12-16 18:00:00,1765908010.0,0.0005
2025-12-16 19:00:00,1765911609.0,0.001
2025-12-16 20:00:00,1765915209.0,0.0005
2025-12-16 21:00:00,1765918810.0,0.0015
2025-12-16 22:00:00,1765922408.0,0.0025
2025-12-16 23:00:00,1765926010.0,0.0005
2025-12-17 00:00:00,1765929607.0,0.0015
2025-12-17 01:00:00,1765933209.0,0.001
2025-12-17 02:00:00,1765936809.0,0.0005
2025-12-17 03:00:00,1765940422.0,0.0015
2025-12-17 04:00:00,1765944009.0,0.001
2025-12-17 05:00:00,1765947609.0,0.0005
2025-12-17 06:00:00,1765951215.0,0.0005
2025-12-17 07:00:00,1765954811.0,0.001
2025-12-17 08:00:00,1765958420.0,0.001
2025-12-17 09:00:00,1765962010.0,0.0005
2025-12-17 10:00:00,1765965610.0,0.0005
2025-12-17 11:00:00,1765969210.0,0.0005
2025-12-17 12:00:00,1765972812.0,0.0005
2025-12-17 13:00:00,1765976409.0,0.0005
2025-12-17 14:00:00,1765980009.0,0.0005
2025-12-17 15:00:00,1765983611.0,0.001
2025-12-17 16:00:00,1765987210.0,0.0005
2025-12-17 17:00:00,1765990809.0,0.0005
2025-12-17 18:00:00,1765994410.0,0.0015
2025-12-17 19:00:00,1765998012.0,0.0015
2025-12-17 20:00:00,1766001609.0,0.0015
2025-12-17 21:00:00,1766005211.0,0.0015
2025-12-17 22:00:00,1766008809.0,0.0015
2025-12-17 23:00:00,1766012409.0,0.0015
2025-12-18 00:00:00,1766016021.0,0.0015
2025-12-18 01:00:00,1766019608.0,0.0015
2025-12-18 02:00:00,1766023208.0,0.0015
2025-12-18 03:00:00,1766026809.0,0.0015
2025-12-18 04:00:00,1766030408.0,0.0015
2025-12-18 05:00:00,1766034013.0,0.0015
2025-12-18 06:00:00,1766037610.0,0.0015
2025-12-18 07:00:00,1766041209.0,0.0025
2025-12-18 08:00:00,1766044808.0,0.0025
2025-12-18 09:00:00,1766048409.0,0.0025
2025-12-18 10:00:00,1766052014.0,0.0025
2025-12-18 11:00:00,1766055609.0,0.0025
2025-12-18 12:00:00,1766059211.0,0.0025
2025-12-18 13:00:00,1766062810.0,0.0015
2025-12-18 14:00:00,1766066423.0,0.0015
2025-12-18 15:00:00,1766070009.0,0.0015
2025-12-18 16:00:00,1766073614.0,0.0015
2025-12-18 17:00:00,1766077211.0,0.002
2025-12-18 18:00:00,1766080811.0,0.0015
2025-12-18 19:00:00,1766084413.0,0.0015
2025-12-18 20:00:00,1766088011.0,0.0015
2025-12-18 21:00:00,1766091611.0,0.0015
2025-12-18 22:00:00,1766095211.0,0.0015
2025-12-18 23:00:00,1766098809.0,0.002
2025-12-19 00:00:00,1766102411.0,0.0015
2025-12-19 01:00:00,1766106009.0,0.002
2025-12-19 02:00:00,1766109610.0,0.002
2025-12-19 03:00:00,1766113210.0,0.002
2025-12-19 04:00:00,1766116811.0,0.003
2025-12-19 05:00:00,1766120410.0,0.004
2025-12-19 06:00:00,1766124011.0,0.004
2025-12-19 07:00:00,1766127610.0,0.0035
2025-12-19 08:00:00,1766131210.0,0.0025
2025-12-19 09:00:00,1766134812.0,0.0025
2025-12-19 10:00:00,1766138410.0,0.003
2025-12-19 11:00:00,1766142010.0,0.003
2025-12-19 12:00:00,1766145612.0,0.0015
2025-12-19 13:00:00,1766149210.0,0.0015
2025-12-19 14:00:00,1766152810.0,0.0015
2025-12-19 15:00:00,1766156425.0,0.0015
2025-12-19 16:00:00,1766160025.0,0.0015
2025-12-19 17:00:00,1766163611.0,0.0015
2025-12-19 18:00:00,1766167210.0,0.0015
2025-12-19 19:00:00,1766170809.0,0.0015
2025-12-19 20:00:00,1766174409.0,0.0015
2025-12-19 21:00:00,1766178010.0,0.0015
2025-12-19 22:00:00,1766181609.0,0.0015
2025-12-19 23:00:00,1766185209.0,0.0015
2025-12-20 00:00:00,1766188811.0,0.0015
2025-12-20 01:00:00,1766192410.0,0.0015
2025-12-20 02:00:00,1766196009.0,0.0045
2025-12-20 03:00:00,1766199621.0,0.003
2025-12-20 04:00:00,1766203210.0,0.003
2025-12-20 05:00:00,1766206810.0,0.002
2025-12-20 06:00:00,1766210410.0,0.002
2025-12-20 07:00:00,1766214010.0,0.0015
2025-12-20 08:00:00,1766217609.0,0.0015
2025-12-20 09:00:00,1766221210.0,0.0045
2025-12-20 10:00:00,1766224809.0,0.005
2025-12-20 11:00:00,1766228410.0,0.005
2025-12-20 12:00:00,1766232012.0,0.003
2025-12-20 13:00:00,1766235609.0,0.003
2025-12-20 14:00:00,1766239210.0,0.003
2025-12-20 15:00:00,1766242810.0,0.003
2025-12-20 16:00:00,1766246410.0,0.0035
2025-12-20 17:00:00,1766250012.0,0.003
2025-12-20 18:00:00,1766253610.0,0.003
2025-12-20 19:00:00,1766257211.0,0.003
2025-12-20 20:00:00,1766260812.0,0.0025
2025-12-20 21:00:00,1766264412.0,0.0025
2025-12-20 22:00:00,1766268011.0,0.003
2025-12-20 23:00:00,1766271613.0,0.003
2025-12-21 00:00:00,1766275211.0,0.003
2025-12-21 01:00:00,1766278809.0,0.0035
2025-12-21 02:00:00,1766282408.0,0.0035
2025-12-21 03:00:00,1766286015.0,0.0035
2025-12-21 04:00:00,1766289614.0,0.003
2025-12-21 05:00:00,1766293208.0,0.003
2025-12-21 06:00:00,1766296811.0,0.003
2025-12-21 07:00:00,1766300408.0,0.003
2025-12-21 08:00:00,1766304009.0,0.003
2025-12-21 09:00:00,1766307610.0,0.003
2025-12-21 10:00:00,1766311209.0,0.003
2025-12-21 11:00:00,1766314809.0,0.003
2025-12-21 12:00:00,1766318411.0,0.003
2025-12-21 13:00:00,1766322010.0,0.003
2025-12-21 14:00:00,1766325609.0,0.003
2025-12-21 15:00:00,1766329211.0,0.003
2025-12-21 16:00:00,1766332808.0,0.003
2025-12-21 17:00:00,1766336412.0,0.003
2025-12-21 18:00:00,1766340010.0,0.003
2025-12-21 19:00:00,1766343609.0,0.003
2025-12-21 20:00:00,1766347211.0,0.003
2025-12-21 21:00:00,1766350810.0,0.003
2025-12-21 22:00:00,1766354408.0,0.003
2025-12-21 23:00:00,1766358009.0,0.003
2025-12-22 00:00:00,1766361610.0,0.003
2025-12-22 01:00:00,1766365209.0,0.0025
2025-12-22 02:00:00,1766368809.0,0.002
2025-12-22 03:00:00,1766372410.0,0.002
2025-12-22 04:00:00,1766376014.0,0.0025
2025-12-22 05:00:00,1766379608.0,0.002
2025-12-22 06:00:00,1766383209.0,0.0025
2025-12-22 07:00:00,1766386809.0,0.002
2025-12-22 08:00:00,1766390422.0,0.0015
2025-12-22 09:00:00,1766394023.0,0.0015
2025-12-22 10:00:00,1766397609.0,0.0025
2025-12-22 11:00:00,1766401209.0,0.0015
2025-12-22 12:00:00,1766404810.0,0.0015
2025-12-22 13:00:00,1766408408.0,0.0015
2025-12-22 14:00:00,1766412009.0,0.0015
2025-12-22 15:00:00,1766415610.0,0.0015
2025-12-22 16:00:00,1766419208.0,0.0015
2025-12-22 17:00:00,1766422810.0,0.0015
2025-12-22 18:00:00,1766426410.0,0.005
2025-12-22 19:00:00,1766430010.0,0.019
2025-12-22 20:00:00,1766433621.0,0.0265
2025-12-22 21:00:00,1766437210.0,0.014
2025-12-22 22:00:00,1766440821.0,0.0285
2025-12-22 23:00:00,1766444409.0,0.018
2025-12-23 00:00:00,1766448012.0,0.0065
2025-12-23 01:00:00,1766451609.0,0.006
2025-12-23 02:00:00,1766455209.0,0.0045
2025-12-23 03:00:00,1766458811.0,0.005
2025-12-23 04:00:00,1766462422.0,0.0045
2025-12-23 05:00:00,1766466026.0,0.004
2025-12-23 06:00:00,1766469626.0,0.004
2025-12-23 07:00:00,1766473210.0,0.0045
2025-12-23 08:00:00,1766476823.0,0.0045
2025-12-23 09:00:00,1766480410.0,0.0045
2025-12-23 10:00:00,1766484009.0,0.004
2025-12-23 11:00:00,1766487609.0,0.003
2025-12-23 12:00:00,1766491212.0,0.003
2025-12-23 13:00:00,1766494810.0,0.003
2025-12-23 14:00:00,1766498409.0,0.003
2025-12-23 15:00:00,1766502011.0,0.0025
2025-12-23 16:00:00,1766505609.0,0.0065
2025-12-23 17:00:00,1766509227.0,0.005
2025-12-23 18:00:00,1766512811.0,0.0045
2025-12-23 19:00:00,1766516410.0,0.0035
2025-12-23 20:00:00,1766520009.0,0.0045
2025-12-23 21:00:00,1766523610.0,0.0045
2025-12-23 22:00:00,1766527210.0,0.012
2025-12-23 23:00:00,1766530810.0,0.006
2025-12-24 00:00:00,1766534412.0,0.004
2025-12-24 01:00:00,1766538011.0,0.005
2025-12-24 02:00:00,1766541609.0,0.014
2025-12-24 03:00:00,1766545210.0,0.0125
2025-12-24 04:00:00,1766548810.0,0.0105
2025-12-24 05:00:00,1766552410.0,0.01
2025-12-24 06:00:00,1766556012.0,0.0095
2025-12-24 07:00:00,1766559609.0,0.012
2025-12-24 08:00:00,1766563211.0,0.012
2025-12-24 09:00:00,1766566812.0,0.012
2025-12-24 10:00:00,1766570410.0,0.0125
2025-12-24 11:00:00,1766574011.0,0.0125
2025-12-24 12:00:00,1766577611.0,0.01
2025-12-24 13:00:00,1766581210.0,0.004
2025-12-24 14:00:00,1766584810.0,0.0055
2025-12-24 15:00:00,1766588411.0,0.005
2025-12-24 16:00:00,1766592010.0,0.0055
2025-12-24 17:00:00,1766595612.0,0.0055
2025-12-24 18:00:00,1766599211.0,0.0055
2025-12-24 19:00:00,1766602811.0,0.0055
2025-12-24 20:00:00,1766606410.0,0.0055
2025-12-24 21:00:00,1766610011.0,0.0055
2025-12-24 22:00:00,1766613610.0,0.005
2025-12-24 23:00:00,1766617209.0,0.006
2025-12-25 00:00:00,1766620822.0,0.005
2025-12-25 01:00:00,1766624409.0,0.006
2025-12-25 02:00:00,1766628010.0,0.005
2025-12-25 03:00:00,1766631611.0,0.006
2025-12-25 04:00:00,1766635210.0,0.0125
2025-12-25 05:00:00,1766638810.0,0.028
2025-12-25 06:00:00,1766642411.0,0.027
2025-12-25 07:00:00,1766646010.0,0.0165
2025-12-25 08:00:00,1766649610.0,0.017
2025-12-25 09:00:00,1766653210.0,0.015
2025-12-25 10:00:00,1766656809.0,0.015
2025-12-25 11:00:00,1766660410.0,0.0315
2025-12-25 12:00:00,1766664012.0,0.025
2025-12-25 13:00:00,1766667610.0,0.017
2025-12-25 14:00:00,1766671210.0,0.014
2025-12-25 15:00:00,1766674810.0,0.0145
2025-12-25 16:00:00,1766678409.0,0.0115
2025-12-25 17:00:00,1766682012.0,0.0115
2025-12-25 18:00:00,1766685611.0,0.0185
2025-12-25 19:00:00,1766689210.0,0.0115
2025-12-25 20:00:00,1766692811.0,0.0115
2025-12-25 21:00:00,1766696410.0,0.015
2025-12-25 22:00:00,1766700011.0,0.012
2025-12-25 23:00:00,1766703610.0,0.0115
2025-12-26 00:00:00,1766707209.0,0.0115
2025-12-26 01:00:00,1766710808.0,0.0115
2025-12-26 02:00:00,1766714408.0,0.0115
2025-12-26 03:00:00,1766718009.0,0.0265
2025-12-26 04:00:00,1766721609.0,0.0285
2025-12-26 05:00:00,1766725210.0,0.0315
2025-12-26 06:00:00,1766728809.0,0.0275
2025-12-26 07:00:00,1766732408.0,0.026
2025-12-26 08:00:00,1766736008.0,0.021
2025-12-26 09:00:00,1766739609.0,0.0215
2025-12-26 10:00:00,1766743209.0,0.0175
2025-12-26 11:00:00,1766746809.0,0.017
2025-12-26 12:00:00,1766750411.0,0.017
2025-12-26 13:00:00,1766754009.0,0.0185
2025-12-26 14:00:00,1766757608.0,0.0175
2025-12-26 15:00:00,1766761210.0,0.018
2025-12-26 16:00:00,1766764809.0,0.0165
2025-12-26 17:00:00,1766768412.0,0.0115
2025-12-26 18:00:00,1766772009.0,0.011
2025-12-26 19:00:00,1766775609.0,0.0125
2025-12-26 20:00:00,1766779209.0,0.014
2025-12-26 21:00:00,1766782811.0,0.0175
2025-12-26 22:00:00,1766786409.0,0.0185
2025-12-26 23:00:00,1766790009.0,0.022
2025-12-27 00:00:00,1766793613.0,0.018
2025-12-27 01:00:00,1766797210.0,0.0175
2025-12-27 02:00:00,1766800809.0,0.0135
2025-12-27 03:00:00,1766804411.0,0.0155
2025-12-27 04:00:00,1766808011.0,0.022
2025-12-27 05:00:00,1766811611.0,0.0195
2025-12-27 06:00:00,1766815211.0,0.0185
2025-12-27 07:00:00,1766818816.0,0.018
2025-12-27 08:00:00,1766822410.0,0.025
2025-12-27 09:00:00,1766826011.0,0.0285
2025-12-27 10:00:00,1766829610.0,0.022
2025-12-27 11:00:00,1766833212.0,0.0295
2025-12-27 12:00:00,1766836812.0,0.0185
2025-12-27 13:00:00,1766840410.0,0.02
2025-12-27 14:00:00,1766844010.0,0.0305
2025-12-27 15:00:00,1766847610.0,0.03
2025-12-27 16:00:00,1766851210.0,0.03
2025-12-27 17:00:00,1766854810.0,0.0285
2025-12-27 18:00:00,1766858412.0,0.022
2025-12-27 19:00:00,1766862010.0,0.016
2025-12-27 20:00:00,1766865610.0,0.018
2025-12-27 21:00:00,1766869210.0,0.0305
2025-12-27 22:00:00,1766872811.0,0.0265
2025-12-27 23:00:00,1766876411.0,0.0275
2025-12-28 00:00:00,1766880012.0,0.0215
2025-12-28 01:00:00,1766883685.0,0.0205
2025-12-28 02:00:00,1766887210.0,0.02
2025-12-28 03:00:00,1766890811.0,0.02
2025-12-28 04:00:00,1766894411.0,0.0405
2025-12-28 05:00:00,1766898010.0,0.034
2025-12-28 06:00:00,1766901610.0,0.0375
2025-12-28 07:00:00,1766905210.0,0.0555
2025-12-28 08:00:00,1766908811.0,0.0345
2025-12-28 09:00:00,1766912411.0,0.0485
2025-12-28 10:00:00,1766916011.0,0.0555
2025-12-28 11:00:00,1766919610.0,0.049
2025-12-28 12:00:00,1766923212.0,0.0315
2025-12-28 13:00:00,1766926810.0,0.0265
2025-12-28 14:00:00,1766930410.0,0.023
2025-12-28 15:00:00,1766934017.0,0.021
2025-12-28 16:00:00,1766937624.0,0.0295
2025-12-28 17:00:00,1766941212.0,0.027
2025-12-28 18:00:00,1766944812.0,0.03
2025-12-28 19:00:00,1766948410.0,0.03
2025-12-28 20:00:00,1766952024.0,0.0305
2025-12-28 21:00:00,1766955612.0,0.0295
2025-12-28 22:00:00,1766959211.0,0.028
2025-12-28 23:00:00,1766962812.0,0.028
2025-12-29 00:00:00,1766966429.0,0.026
2025-12-29 01:00:00,1766970085.0,0.034
2025-12-29 02:00:00,1766973611.0,0.031
2025-12-29 03:00:00,1766977225.0,0.0325
2025-12-29 04:00:00,1766980810.0,0.0285
2025-12-29 05:00:00,1766984415.0,0.029
2025-12-29 06:00:00,1766988012.0,0.027
2025-12-29 07:00:00,1766991612.0,0.027
2025-12-29 08:00:00,1766995215.0,0.0315
2025-12-29 09:00:00,1766998811.0,0.0285
2025-12-29 10:00:00,1767002412.0,0.028
2025-12-29 11:00:00,1767006011.0,0.028
2025-12-29 12:00:00,1767009612.0,0.028
2025-12-29 13:00:00,1767013211.0,0.0295
2025-12-29 14:00:00,1767016810.0,0.0295
2025-12-29 15:00:00,1767020411.0,0.0295
2025-12-29 16:00:00,1767024009.0,0.0305
2025-12-29 17:00:00,1767027611.0,0.024
2025-12-29 18:00:00,1767031210.0,0.02
2025-12-29 19:00:00,1767034811.0,0.0175
2025-12-29 20:00:00,1767038410.0,0.026
2025-12-29 21:00:00,1767042010.0,0.0255
2025-12-29 22:00:00,1767045611.0,0.018
2025-12-29 23:00:00,1767049217.0,0.0235
2025-12-30 00:00:00,1767052815.0,0.023
2025-12-30 01:00:00,1767056410.0,0.03
2025-12-30 02:00:00,1767060011.0,0.024
2025-12-30 03:00:00,1767063612.0,0.0195
2025-12-30 04:00:00,1767067210.0,0.028
2025-12-30 05:00:00,1767070815.0,0.025
2025-12-30 06:00:00,1767074411.0,0.0235
2025-12-30 07:00:00,1767078015.0,0.0235
2025-12-30 08:00:00,1767081611.0,0.021
2025-12-30 09:00:00,1767085213.0,0.0205
2025-12-30 10:00:00,1767088810.0,0.0195
2025-12-30 11:00:00,1767092412.0,0.0195
2025-12-30 12:00:00,1767096013.0,0.0195
2025-12-30 13:00:00,1767099610.0,0.0185
2025-12-30 14:00:00,1767103210.0,0.018
2025-12-30 15:00:00,1767106811.0,0.018
2025-12-30 16:00:00,1767110411.0,0.018
2025-12-30 17:00:00,1767114012.0,0.018
2025-12-30 18:00:00,1767117615.0,0.016
2025-12-30 19:00:00,1767121210.0,0.025
2025-12-30 20:00:00,1767124817.0,0.0225
2025-12-30 21:00:00,1767128411.0,0.013
2025-12-30 22:00:00,1767132011.0,0.013
2025-12-30 23:00:00,1767135611.0,0.013
2025-12-31 00:00:00,1767139212.0,0.0255
2025-12-31 01:00:00,1767142811.0,0.023
2025-12-31 02:00:00,1767146411.0,0.0235
2025-12-31 03:00:00,1767150013.0,0.0255
2025-12-31 04:00:00,1767153618.0,0.0335
2025-12-31 05:00:00,1767157210.0,0.0295
2025-12-31 06:00:00,1767160811.0,0.027
2025-12-31 07:00:00,1767164410.0,0.0265
2025-12-31 08:00:00,1767168011.0,0.0265
2025-12-31 09:00:00,1767171611.0,0.024
2025-12-31 10:00:00,1767175211.0,0.0255
2025-12-31 11:00:00,1767178821.0,0.034
2025-12-31 12:00:00,1767182412.0,0.023
2025-12-31 13:00:00,1767186010.0,0.0275
2025-12-31 14:00:00,1767189611.0,0.0275
2025-12-31 15:00:00,1767193211.0,0.027
2025-12-31 16:00:00,1767196812.0,0.0245
2025-12-31 17:00:00,1767200413.0,0.024
2025-12-31 18:00:00,1767204013.0,0.02
2025-12-31 19:00:00,1767207634.0,0.0225
2025-12-31 20:00:00,1767211211.0,0.0225
2025-12-31 21:00:00,1767214813.0,0.0235
2025-12-31 22:00:00,1767218412.0,0.0235
2025-12-31 23:00:00,1767222011.0,0.0235
2026-01-01 00:00:00,1767225612.0,0.0225
2026-01-01 01:00:00,1767229211.0,0.0225
2026-01-01 02:00:00,1767232811.0,0.0225
2026-01-01 03:00:00,1767236411.0,0.0225
2026-01-01 04:00:00,1767240026.0,0.0225
2026-01-01 05:00:00,1767243611.0,0.0225
2026-01-01 06:00:00,1767247212.0,0.021
2026-01-01 07:00:00,1767250810.0,0.022
2026-01-01 08:00:00,1767254410.0,0.022
2026-01-01 09:00:00,1767258012.0,0.0215
2026-01-01 10:00:00,1767261611.0,0.0215
2026-01-01 11:00:00,1767265210.0,0.0215
2026-01-01 12:00:00,1767268813.0,0.0215
2026-01-01 13:00:00,1767272425.0,0.0205
2026-01-01 14:00:00,1767276009.0,0.018
2026-01-01 15:00:00,1767279611.0,0.0175
2026-01-01 16:00:00,1767283209.0,0.017
2026-01-01 17:00:00,1767286811.0,0.0175
2026-01-01 18:00:00,1767290411.0,0.02
2026-01-01 19:00:00,1767294009.0,0.02
2026-01-01 20:00:00,1767297621.0,0.02
2026-01-01 21:00:00,1767301210.0,0.02
2026-01-01 22:00:00,1767304815.0,0.017
2026-01-01 23:00:00,1767308410.0,0.018
2026-01-02 00:00:00,1767312012.0,0.017
2026-01-02 01:00:00,1767315610.0,0.017
2026-01-02 02:00:00,1767319210.0,0.0175
2026-01-02 03:00:00,1767322818.0,0.0165
2026-01-02 04:00:00,1767326409.0,0.016
2026-01-02 05:00:00,1767330011.0,0.0165
2026-01-02 06:00:00,1767333610.0,0.0185
2026-01-02 07:00:00,1767337209.0,0.0185
2026-01-02 08:00:00,1767340811.0,0.0185
2026-01-02 09:00:00,1767344411.0,0.0175
2026-01-02 10:00:00,1767348012.0,0.016
2026-01-02 11:00:00,1767351611.0,0.016
2026-01-02 12:00:00,1767355212.0,0.0125
2026-01-02 13:00:00,1767358809.0,0.0125
2026-01-02 14:00:00,1767362410.0,0.013
2026-01-02 15:00:00,1767366012.0,0.015
2026-01-02 16:00:00,1767369611.0,0.014
2026-01-02 17:00:00,1767373212.0,0.013
2026-01-02 18:00:00,1767376826.0,0.017
2026-01-02 19:00:00,1767380411.0,0.018
2026-01-02 20:00:00,1767384012.0,0.026
2026-01-02 21:00:00,1767387612.0,0.03
2026-01-02 22:00:00,1767391211.0,0.0305
2026-01-02 23:00:00,1767394810.0,0.0305
2026-01-03 00:00:00,1767398411.0,0.031
2026-01-03 01:00:00,1767402083.0,0.0295
2026-01-03 02:00:00,1767405609.0,0.0285
2026-01-03 03:00:00,1767409210.0,0.0265
2026-01-03 04:00:00,1767412811.0,0.0265
2026-01-03 05:00:00,1767416422.0,0.0265
2026-01-03 06:00:00,1767420017.0,0.0265
2026-01-03 07:00:00,1767423610.0,0.027
2026-01-03 08:00:00,1767427209.0,0.027
2026-01-03 09:00:00,1767430823.0,0.035
2026-01-03 10:00:00,1767434410.0,0.0265
2026-01-03 11:00:00,1767438010.0,0.0275
2026-01-03 12:00:00,1767441612.0,0.0265
2026-01-03 13:00:00,1767445210.0,0.027
2026-01-03 14:00:00,1767448811.0,0.027
2026-01-03 15:00:00,1767452426.0,0.032
2026-01-03 16:00:00,1767456011.0,0.0315
2026-01-03 17:00:00,1767459612.0,0.0295
2026-01-03 18:00:00,1767463211.0,0.0285
2026-01-03 19:00:00,1767466810.0,0.027
2026-01-03 20:00:00,1767470412.0,0.029
2026-01-03 21:00:00,1767474012.0,0.0265
2026-01-03 22:00:00,1767477610.0,0.024
2026-01-03 23:00:00,1767481210.0,0.024
2026-01-04 00:00:00,1767484812.0,0.022
2026-01-04 01:00:00,1767488411.0,0.0225
2026-01-04 02:00:00,1767492010.0,0.0235
2026-01-04 03:00:00,1767495625.0,0.023
2026-01-04 04:00:00,1767499212.0,0.0235
2026-01-04 05:00:00,1767502810.0,0.023
2026-01-04 06:00:00,1767506411.0,0.024
2026-01-04 07:00:00,1767510011.0,0.0225
2026-01-04 08:00:00,1767513610.0,0.0215
2026-01-04 09:00:00,1767517211.0,0.0205
2026-01-04 10:00:00,1767520809.0,0.0205
2026-01-04 11:00:00,1767524415.0,0.022
2026-01-04 12:00:00,1767528014.0,0.022
2026-01-04 13:00:00,1767531610.0,0.022
2026-01-04 14:00:00,1767535211.0,0.0235
2026-01-04 15:00:00,1767538817.0,0.0205
2026-01-04 16:00:00,1767542416.0,0.018
2026-01-04 17:00:00,1767546011.0,0.018
2026-01-04 18:00:00,1767549612.0,0.0165
2026-01-04 19:00:00,1767553210.0,0.017
2026-01-04 20:00:00,1767556828.0,0.017
2026-01-04 21:00:00,1767560413.0,0.022
2026-01-04 22:00:00,1767564011.0,0.022
2026-01-04 23:00:00,1767567610.0,0.0255
2026-01-05 00:00:00,1767571214.0,0.026
2026-01-05 01:00:00,1767574810.0,0.0235
2026-01-05 02:00:00,1767578410.0,0.02
2026-01-05 03:00:00,1767582012.0,0.0185
2026-01-05 04:00:00,1767585610.0,0.0175
2026-01-05 05:00:00,1767589225.0,0.0185
2026-01-05 06:00:00,1767592812.0,0.0185
2026-01-05 07:00:00,1767596411.0,0.018
2026-01-05 08:00:00,1767600011.0,0.0165
2026-01-05 09:00:00,1767603616.0,0.0165
2026-01-05 10:00:00,1767607210.0,0.0165
2026-01-05 11:00:00,1767610810.0,0.016
2026-01-05 12:00:00,1767614411.0,0.0205
2026-01-05 13:00:00,1767618010.0,0.0195
2026-01-05 14:00:00,1767621610.0,0.0195
2026-01-05 15:00:00,1767625211.0,0.019
2026-01-05 16:00:00,1767628811.0,0.0215
2026-01-05 17:00:00,1767632418.0,0.021
2026-01-05 18:00:00,1767636012.0,0.022
2026-01-05 19:00:00,1767639611.0,0.018
2026-01-05 20:00:00,1767643210.0,0.0185
2026-01-05 21:00:00,1767646813.0,0.0175
2026-01-05 22:00:00,1767650428.0,0.0175
2026-01-05 23:00:00,1767654011.0,0.0185
2026-01-06 00:00:00,1767657616.0,0.0185
2026-01-06 01:00:00,1767661217.0,0.017
2026-01-06 02:00:00,1767664811.0,0.0195
2026-01-06 03:00:00,1767668412.0,0.0175
2026-01-06 04:00:00,1767672013.0,0.0195
2026-01-06 05:00:00,1767675611.0,0.021
2026-01-06 06:00:00,1767679215.0,0.021
2026-01-06 07:00:00,1767682815.0,0.023
2026-01-06 08:00:00,1767686414.0,0.019
2026-01-06 09:00:00,1767690013.0,0.019
2026-01-06 10:00:00,1767693611.0,0.0185
2026-01-06 11:00:00,1767697216.0,0.0175
2026-01-06 12:00:00,1767700813.0,0.0175
2026-01-06 13:00:00,1767704418.0,0.0175
2026-01-06 14:00:00,1767708012.0,0.0175
2026-01-06 15:00:00,1767711617.0,0.018
2026-01-06 16:00:00,1767715211.0,0.019
2026-01-06 17:00:00,1767718813.0,0.018
2026-01-06 18:00:00,1767722412.0,0.019
2026-01-06 19:00:00,1767726011.0,0.018
2026-01-06 20:00:00,1767729612.0,0.0165
2026-01-06 21:00:00,1767733211.0,0.0165
2026-01-06 22:00:00,1767736811.0,0.0255
2026-01-06 23:00:00,1767740417.0,0.024
2026-01-07 00:00:00,1767744013.0,0.027
2026-01-07 01:00:00,1767747611.0,0.0245
2026-01-07 02:00:00,1767751212.0,0.0245
2026-01-07 03:00:00,1767754813.0,0.0225
2026-01-07 04:00:00,1767758411.0,0.019
2026-01-07 05:00:00,1767762011.0,0.0195
2026-01-07 06:00:00,1767765617.0,0.0195
2026-01-07 07:00:00,1767769211.0,0.0195
2026-01-07 08:00:00,1767772812.0,0.0195
2026-01-07 09:00:00,1767776413.0,0.0195
2026-01-07 10:00:00,1767780017.0,0.018
2026-01-07 11:00:00,1767783610.0,0.018
2026-01-07 12:00:00,1767787217.0,0.0185
2026-01-07 13:00:00,1767790812.0,0.0185
2026-01-07 14:00:00,1767794411.0,0.017
2026-01-07 15:00:00,1767798014.0,0.0175
2026-01-07 16:00:00,1767801612.0,0.016
2026-01-07 17:00:00,1767805214.0,0.0145
2026-01-07 18:00:00,1767808812.0,0.0155
2026-01-07 19:00:00,1767812413.0,0.013
2026-01-07 20:00:00,1767816012.0,0.014
2026-01-07 21:00:00,1767819618.0,0.011
2026-01-07 22:00:00,1767823216.0,0.0115
2026-01-07 23:00:00,1767826812.0,0.0085
2026-01-08 00:00:00,1767830428.0,0.0205
2026-01-08 01:00:00,1767834025.0,0.011
2026-01-08 02:00:00,1767837611.0,0.012
2026-01-08 03:00:00,1767841212.0,0.0105
2026-01-08 04:00:00,1767844811.0,0.0105
2026-01-08 05:00:00,1767848411.0,0.0125
2026-01-08 06:00:00,1767852013.0,0.0105
2026-01-08 07:00:00,1767855611.0,0.0105
2026-01-08 08:00:00,1767859222.0,0.011
2026-01-08 09:00:00,1767862812.0,0.011
2026-01-08 10:00:00,1767866419.0,0.012
2026-01-08 11:00:00,1767870012.0,0.012
2026-01-08 12:00:00,1767873620.0,0.012
2026-01-08 13:00:00,1767877211.0,0.01
2026-01-08 14:00:00,1767880815.0,0.0105
2026-01-08 15:00:00,1767884412.0,0.0155
2026-01-08 16:00:00,1767888026.0,0.0165
2026-01-08 17:00:00,1767891615.0,0.016
2026-01-08 18:00:00,1767895212.0,0.0165
2026-01-08 19:00:00,1767898812.0,0.0165
2026-01-08 20:00:00,1767902413.0,0.019
2026-01-08 21:00:00,1767906014.0,0.024
2026-01-08 22:00:00,1767909613.0,0.019
2026-01-08 23:00:00,1767913214.0,0.018
2026-01-09 00:00:00,1767916813.0,0.021
2026-01-09 01:00:00,1767920412.0,0.0195
2026-01-09 02:00:00,1767924012.0,0.019
2026-01-09 03:00:00,1767927614.0,0.0165
2026-01-09 04:00:00,1767931212.0,0.0175
2026-01-09 05:00:00,1767934812.0,0.0175
2026-01-09 06:00:00,1767938414.0,0.0175
2026-01-09 07:00:00,1767942011.0,0.0185
2026-01-09 08:00:00,1767945613.0,0.02
2026-01-09 09:00:00,1767949213.0,0.0175
2026-01-09 10:00:00,1767952813.0,0.0165
2026-01-09 11:00:00,1767956412.0,0.0165
2026-01-09 12:00:00,1767960027.0,0.0165
2026-01-09 13:00:00,1767963613.0,0.019
2026-01-09 14:00:00,1767967212.0,0.018
2026-01-09 15:00:00,1767970814.0,0.018
2026-01-09 16:00:00,1767974415.0,0.014
2026-01-09 17:00:00,1767978015.0,0.0195
2026-01-09 18:00:00,1767981616.0,0.017
2026-01-09 19:00:00,1767985214.0,0.0155
2026-01-09 20:00:00,1767988821.0,0.0175
2026-01-09 21:00:00,1767992414.0,0.0175
2026-01-09 22:00:00,1767996014.0,0.019
2026-01-09 23:00:00,1767999612.0,0.0195
2026-01-10 00:00:00,1768003214.0,0.0185
2026-01-10 01:00:00,1768006814.0,0.0175
2026-01-10 02:00:00,1768010411.0,0.017
2026-01-10 03:00:00,1768014013.0,0.017
2026-01-10 04:00:00,1768017611.0,0.0165
2026-01-10 05:00:00,1768021211.0,0.0155
2026-01-10 06:00:00,1768024815.0,0.0155
2026-01-10 07:00:00,1768028412.0,0.02
2026-01-10 08:00:00,1768032026.0,0.019
2026-01-10 09:00:00,1768035615.0,0.0195
2026-01-10 10:00:00,1768039213.0,0.019
2026-01-10 11:00:00,1768042814.0,0.0165
2026-01-10 12:00:00,1768046414.0,0.017
2026-01-10 13:00:00,1768050014.0,0.017
2026-01-10 14:00:00,1768053616.0,0.018
2026-01-10 15:00:00,1768057214.0,0.0185
2026-01-10 16:00:00,1768060824.0,0.0175
2026-01-10 17:00:00,1768064415.0,0.016
2026-01-10 18:00:00,1768068016.0,0.0175
2026-01-10 19:00:00,1768071613.0,0.0155
2026-01-10 20:00:00,1768075212.0,0.0155
2026-01-10 21:00:00,1768078817.0,0.0155
2026-01-10 22:00:00,1768082413.0,0.016
2026-01-10 23:00:00,1768086020.0,0.016
2026-01-11 00:00:00,1768089613.0,0.016
2026-01-11 01:00:00,1768093213.0,0.018
2026-01-11 02:00:00,1768096825.0,0.0175
2026-01-11 03:00:00,1768100413.0,0.0175
2026-01-11 04:00:00,1768104013.0,0.017
2026-01-11 05:00:00,1768107610.0,0.017
2026-01-11 06:00:00,1768111213.0,0.017
2026-01-11 07:00:00,1768114813.0,0.016
2026-01-11 08:00:00,1768118412.0,0.016
2026-01-11 09:00:00,1768122011.0,0.016
2026-01-11 10:00:00,1768125610.0,0.0165
2026-01-11 11:00:00,1768129217.0,0.0165
2026-01-11 12:00:00,1768132813.0,0.017
2026-01-11 13:00:00,1768136412.0,0.0175
2026-01-11 14:00:00,1768140011.0,0.021
2026-01-11 15:00:00,1768143618.0,0.0205
2026-01-11 16:00:00,1768147210.0,0.0205
2026-01-11 17:00:00,1768150818.0,0.0205
2026-01-11 18:00:00,1768154414.0,0.0165
2026-01-11 19:00:00,1768158013.0,0.0155
2026-01-11 20:00:00,1768161613.0,0.014
2026-01-11 21:00:00,1768165231.0,0.0145
2026-01-11 22:00:00,1768168814.0,0.0145
2026-01-11 23:00:00,1768172412.0,0.014
2026-01-12 00:00:00,1768176015.0,0.014
2026-01-12 01:00:00,1768179612.0,0.014
2026-01-12 02:00:00,1768183222.0,0.0155
2026-01-12 03:00:00,1768186828.0,0.0145
2026-01-12 04:00:00,1768190412.0,0.016
2026-01-12 05:00:00,1768194012.0,0.014
2026-01-12 06:00:00,1768197612.0,0.0145
2026-01-12 07:00:00,1768201213.0,0.0125
2026-01-12 08:00:00,1768204813.0,0.0135
2026-01-12 09:00:00,1768208412.0,0.013
2026-01-12 10:00:00,1768212011.0,0.0125
2026-01-12 11:00:00,1768215622.0,0.0125
2026-01-12 12:00:00,1768219219.0,0.0125
2026-01-12 13:00:00,1768222813.0,0.016
2026-01-12 14:00:00,1768226411.0,0.015
2026-01-12 15:00:00,1768230014.0,0.0165
2026-01-12 16:00:00,1768233611.0,0.0165
2026-01-12 17:00:00,1768237212.0,0.0145
2026-01-12 18:00:00,1768240839.0,0.0155
2026-01-12 19:00:00,1768244412.0,0.014
2026-01-12 20:00:00,1768248014.0,0.014
2026-01-12 21:00:00,1768251615.0,0.0145
2026-01-12 22:00:00,1768255240.0,0.0145
2026-01-12 23:00:00,1768258817.0,0.0145
2026-01-13 00:00:00,1768262415.0,0.0245
2026-01-13 01:00:00,1768266086.0,0.0185
2026-01-13 02:00:00,1768269612.0,0.0175
2026-01-13 03:00:00,1768273215.0,0.0215
2026-01-13 04:00:00,1768276813.0,0.0195
2026-01-13 05:00:00,1768280412.0,0.018
2026-01-13 06:00:00,1768284014.0,0.0185
2026-01-13 07:00:00,1768287621.0,0.017
2026-01-13 08:00:00,1768291226.0,0.0175
2026-01-13 09:00:00,1768294816.0,0.0175
2026-01-13 10:00:00,1768298413.0,0.0175
2026-01-13 11:00:00,1768302013.0,0.017
2026-01-13 12:00:00,1768305617.0,0.0165
2026-01-13 13:00:00,1768309257.0,0.017
2026-01-13 14:00:00,1768312828.0,0.017
2026-01-13 15:00:00,1768316414.0,0.018
2026-01-13 16:00:00,1768320018.0,0.0185
2026-01-13 17:00:00,1768323614.0,0.019
2026-01-13 18:00:00,1768327215.0,0.0185
2026-01-13 19:00:00,1768330848.0,0.0185
2026-01-13 20:00:00,1768334413.0,0.0185
2026-01-13 21:00:00,1768338015.0,0.0185
2026-01-13 22:00:00,1768341613.0,0.0185
2026-01-13 23:00:00,1768345214.0,0.019
2026-01-14 00:00:00,1768348814.0,0.0185
2026-01-14 01:00:00,1768352413.0,0.0185
2026-01-14 02:00:00,1768356015.0,0.0185
2026-01-14 03:00:00,1768359614.0,0.018
2026-01-14 04:00:00,1768363214.0,0.0175
2026-01-14 05:00:00,1768366815.0,0.0175
2026-01-14 06:00:00,1768370414.0,0.0175
2026-01-14 07:00:00,1768374014.0,0.0175
2026-01-14 08:00:00,1768377628.0,0.0175
2026-01-14 09:00:00,1768381214.0,0.0175
2026-01-14 10:00:00,1768384813.0,0.017
2026-01-14 11:00:00,1768388413.0,0.018
2026-01-14 12:00:00,1768392016.0,0.0175
2026-01-14 13:00:00,1768395614.0,0.017
2026-01-14 14:00:00,1768399213.0,0.019
2026-01-14 15:00:00,1768402821.0,0.0205
2026-01-14 16:00:00,1768406427.0,0.0175
2026-01-14 17:00:00,1768410016.0,0.0215
2026-01-14 18:00:00,1768413616.0,0.0205
2026-01-14 19:00:00,1768417214.0,0.017
2026-01-14 20:00:00,1768420814.0,0.0175
2026-01-14 21:00:00,1768424417.0,0.0205
2026-01-14 22:00:00,1768428015.0,0.0175
2026-01-14 23:00:00,1768431614.0,0.0175
2026-01-15 00:00:00,1768435216.0,0.0155
2026-01-15 01:00:00,1768438813.0,0.0185
2026-01-15 02:00:00,1768442413.0,0.017
2026-01-15 03:00:00,1768446019.0,0.018
2026-01-15 04:00:00,1768449614.0,0.018
2026-01-15 05:00:00,1768453213.0,0.0245
2026-01-15 06:00:00,1768456815.0,0.0185
2026-01-15 07:00:00,1768460414.0,0.016
2026-01-15 08:00:00,1768464013.0,0.0155
2026-01-15 09:00:00,1768467616.0,0.015
2026-01-15 10:00:00,1768471214.0,0.0155
2026-01-15 11:00:00,1768474813.0,0.0155
2026-01-15 12:00:00,1768478415.0,0.0165
2026-01-15 13:00:00,1768482015.0,0.019
2026-01-15 14:00:00,1768485614.0,0.0145
2026-01-15 15:00:00,1768489214.0,0.0135
2026-01-15 16:00:00,1768492814.0,0.014
2026-01-15 17:00:00,1768496418.0,0.014
2026-01-15 18:00:00,1768500018.0,0.0115
2026-01-15 19:00:00,1768503617.0,0.0095
2026-01-15 20:00:00,1768507216.0,0.0115
2026-01-15 21:00:00,1768510818.0,0.0115
2026-01-15 22:00:00,1768514415.0,0.0105
2026-01-15 23:00:00,1768518016.0,0.0105
2026-01-16 00:00:00,1768521618.0,0.0105
2026-01-16 01:00:00,1768525217.0,0.0115
2026-01-16 02:00:00,1768528815.0,0.0115
2026-01-16 03:00:00,1768532417.0,0.0105
2026-01-16 04:00:00,1768536015.0,0.0115
2026-01-16 05:00:00,1768539614.0,0.01
2026-01-16 06:00:00,1768543216.0,0.0095
2026-01-16 07:00:00,1768546814.0,0.0115
2026-01-16 08:00:00,1768550414.0,0.01
2026-01-16 09:00:00,1768554015.0,0.0105
2026-01-16 10:00:00,1768557613.0,0.013
2026-01-16 11:00:00,1768561213.0,0.0125
2026-01-16 12:00:00,1768564816.0,0.0125
2026-01-16 13:00:00,1768568414.0,0.0125
2026-01-16 14:00:00,1768572014.0,0.0125
2026-01-16 15:00:00,1768575615.0,0.0125
2026-01-16 16:00:00,1768579214.0,0.01
2026-01-16 17:00:00,1768582815.0,0.0085
2026-01-16 18:00:00,1768586417.0,0.01
2026-01-16 19:00:00,1768590016.0,0.0095
2026-01-16 20:00:00,1768593614.0,0.0115
2026-01-16 21:00:00,1768597218.0,0.0075
2026-01-16 22:00:00,1768600822.0,0.0075
2026-01-16 23:00:00,1768604414.0,0.0075
2026-01-17 00:00:00,1768608016.0,0.009
2026-01-17 01:00:00,1768611615.0,0.0075
2026-01-17 02:00:00,1768615214.0,0.0035
2026-01-17 03:00:00,1768618817.0,0.005
2026-01-17 04:00:00,1768622413.0,0.013
2026-01-17 05:00:00,1768626014.0,0.015
2026-01-17 06:00:00,1768629615.0,0.0125
2026-01-17 07:00:00,1768633215.0,0.0135
2026-01-17 08:00:00,1768636814.0,0.0115
2026-01-17 09:00:00,1768640415.0,0.0115
2026-01-17 10:00:00,1768644027.0,0.0115
2026-01-17 11:00:00,1768647614.0,0.011
2026-01-17 12:00:00,1768651217.0,0.0115
2026-01-17 13:00:00,1768654815.0,0.0105
2026-01-17 14:00:00,1768658423.0,0.0105
2026-01-17 15:00:00,1768662018.0,0.01
2026-01-17 16:00:00,1768665614.0,0.01
2026-01-17 17:00:00,1768669227.0,0.0105
2026-01-17 18:00:00,1768672818.0,0.0115
2026-01-17 19:00:00,1768676415.0,0.0105
2026-01-17 20:00:00,1768680021.0,0.0115
2026-01-17 21:00:00,1768683628.0,0.012
2026-01-17 22:00:00,1768687214.0,0.011
2026-01-17 23:00:00,1768690814.0,0.011
2026-01-18 00:00:00,1768694421.0,0.0115
2026-01-18 01:00:00,1768698013.0,0.01
2026-01-18 02:00:00,1768701645.0,0.0135
2026-01-18 03:00:00,1768705216.0,0.015
2026-01-18 04:00:00,1768708816.0,0.024
2026-01-18 05:00:00,1768712425.0,0.018
2026-01-18 06:00:00,1768716042.0,0.0165
2026-01-18 07:00:00,1768719613.0,0.016
2026-01-18 08:00:00,1768723233.0,0.016
2026-01-18 09:00:00,1768726814.0,0.014
2026-01-18 10:00:00,1768730413.0,0.011
2026-01-18 11:00:00,1768734016.0,0.011
2026-01-18 12:00:00,1768737631.0,0.0115
2026-01-18 13:00:00,1768741227.0,0.0115
2026-01-18 14:00:00,1768744814.0,0.0125
2026-01-18 15:00:00,1768748414.0,0.0125
2026-01-18 16:00:00,1768752013.0,0.0125
2026-01-18 17:00:00,1768755631.0,0.016
2026-01-18 18:00:00,1768759230.0,0.0185
2026-01-18 19:00:00,1768762814.0,0.015
2026-01-18 20:00:00,1768766415.0,0.013
2026-01-18 21:00:00,1768770015.0,0.0155
2026-01-18 22:00:00,1768773613.0,0.018
2026-01-18 23:00:00,1768777215.0,0.017
2026-01-19 00:00:00,1768780814.0,0.0195
2026-01-19 01:00:00,1768784507.0,0.016
2026-01-19 02:00:00,1768788020.0,0.013
2026-01-19 03:00:00,1768791613.0,0.0135
2026-01-19 04:00:00,1768795218.0,0.0135
2026-01-19 05:00:00,1768798822.0,0.012
2026-01-19 06:00:00,1768802413.0,0.01
2026-01-19 07:00:00,1768806024.0,0.012
2026-01-19 08:00:00,1768809624.0,0.0115
2026-01-19 09:00:00,1768813214.0,0.011
2026-01-19 10:00:00,1768816812.0,0.011
2026-01-19 11:00:00,1768820422.0,0.0095
2026-01-19 12:00:00,1768824016.0,0.011
2026-01-19 13:00:00,1768827611.0,0.0075
2026-01-19 14:00:00,1768831211.0,0.0085
2026-01-19 15:00:00,1768834814.0,0.0085
2026-01-19 16:00:00,1768838412.0,0.0075
2026-01-19 17:00:00,1768842025.0,0.0085
2026-01-19 18:00:00,1768845615.0,0.0085
2026-01-19 19:00:00,1768849214.0,0.0115
2026-01-19 20:00:00,1768852816.0,0.0125
2026-01-19 21:00:00,1768856415.0,0.0105
2026-01-19 22:00:00,1768860015.0,0.0065
2026-01-19 23:00:00,1768863619.0,0.0075
2026-01-20 00:00:00,1768867215.0,0.0095
2026-01-20 01:00:00,1768870813.0,0.0105
2026-01-20 02:00:00,1768874413.0,0.0155
2026-01-20 03:00:00,1768878029.0,0.014
2026-01-20 04:00:00,1768881620.0,0.0095
2026-01-20 05:00:00,1768885227.0,0.0145
2026-01-20 06:00:00,1768888816.0,0.0175
2026-01-20 07:00:00,1768892413.0,0.0175
2026-01-20 08:00:00,1768896014.0,0.0145
2026-01-20 09:00:00,1768899613.0,0.013
2026-01-20 10:00:00,1768903214.0,0.014
2026-01-20 11:00:00,1768906813.0,0.0125
2026-01-20 12:00:00,1768910415.0,0.013
2026-01-20 13:00:00,1768914013.0,0.0125
2026-01-20 14:00:00,1768917613.0,0.0135
2026-01-20 15:00:00,1768921215.0,0.0145
2026-01-20 16:00:00,1768924812.0,0.0135
2026-01-20 17:00:00,1768928413.0,0.0165
2026-01-20 18:00:00,1768932014.0,0.0205
2026-01-20 19:00:00,1768935612.0,0.018
2026-01-20 20:00:00,1768939213.0,0.0205
2026-01-20 21:00:00,1768942831.0,0.0215
2026-01-20 22:00:00,1768946413.0,0.022
2026-01-20 23:00:00,1768950013.0,0.0225
2026-01-21 00:00:00,1768953616.0,0.0235
2026-01-21 01:00:00,1768957212.0,0.0205
2026-01-21 02:00:00,1768960814.0,0.02
2026-01-21 03:00:00,1768964415.0,0.022
2026-01-21 04:00:00,1768968012.0,0.0235
2026-01-21 05:00:00,1768971612.0,0.0245
2026-01-21 06:00:00,1768975214.0,0.0235
2026-01-21 07:00:00,1768978814.0,0.025
2026-01-21 08:00:00,1768982413.0,0.0225
2026-01-21 09:00:00,1768986025.0,0.0215
2026-01-21 10:00:00,1768989613.0,0.0215
2026-01-21 11:00:00,1768993213.0,0.0215
2026-01-21 12:00:00,1768996830.0,0.0225
2026-01-21 13:00:00,1769000413.0,0.0215
2026-01-21 14:00:00,1769004015.0,0.021
2026-01-21 15:00:00,1769007615.0,0.0105
2026-01-21 16:00:00,1769011214.0,0.0055
2026-01-21 17:00:00,1769014817.0,0.0065
2026-01-21 18:00:00,1769018432.0,0.0085
2026-01-21 19:00:00,1769022027.0,0.0085
2026-01-21 20:00:00,1769025615.0,0.0105
2026-01-21 21:00:00,1769029245.0,0.0085
2026-01-21 22:00:00,1769032814.0,0.0065
2026-01-21 23:00:00,1769036415.0,0.0095
2026-01-22 00:00:00,1769040020.0,0.0105
2026-01-22 01:00:00,1769043613.0,0.0135
2026-01-22 02:00:00,1769047217.0,0.0125
2026-01-22 03:00:00,1769050818.0,0.0135
2026-01-22 04:00:00,1769054413.0,0.013
2026-01-22 05:00:00,1769058013.0,0.0145
2026-01-22 06:00:00,1769061615.0,0.0135
2026-01-22 07:00:00,1769065214.0,0.0105
2026-01-22 08:00:00,1769068814.0,0.0105
2026-01-22 09:00:00,1769072417.0,0.0105
2026-01-22 10:00:00,1769076014.0,0.0105
2026-01-22 11:00:00,1769079613.0,0.0115
2026-01-22 12:00:00,1769083236.0,0.011
2026-01-22 13:00:00,1769086814.0,0.0125
2026-01-22 14:00:00,1769090413.0,0.0125
2026-01-22 15:00:00,1769094021.0,0.0115
2026-01-22 16:00:00,1769097614.0,0.0125
2026-01-22 17:00:00,1769101216.0,0.0115
2026-01-22 18:00:00,1769104822.0,0.0105
2026-01-22 19:00:00,1769108414.0,0.0135
2026-01-22 20:00:00,1769112015.0,0.0125
2026-01-22 21:00:00,1769115619.0,0.0105
2026-01-22 22:00:00,1769119215.0,0.0115
2026-01-22 23:00:00,1769122815.0,0.0125
2026-01-23 00:00:00,1769126432.0,0.0115
2026-01-23 01:00:00,1769130014.0,0.0115
2026-01-23 02:00:00,1769133615.0,0.0125
2026-01-23 03:00:00,1769137222.0,0.0125
2026-01-23 04:00:00,1769140815.0,0.0145
2026-01-23 05:00:00,1769144412.0,0.0155
2026-01-23 06:00:00,1769148015.0,0.0135
2026-01-23 07:00:00,1769151614.0,0.0135
2026-01-23 08:00:00,1769155214.0,0.013
2026-01-23 09:00:00,1769158816.0,0.0135
2026-01-23 10:00:00,1769162421.0,0.0135
2026-01-23 11:00:00,1769166015.0,0.0135
2026-01-23 12:00:00,1769169629.0,0.0135
2026-01-23 13:00:00,1769173213.0,0.0115
2026-01-23 14:00:00,1769176813.0,0.0115
2026-01-23 15:00:00,1769180415.0,0.0115
2026-01-23 16:00:00,1769184013.0,0.014
2026-01-23 17:00:00,1769187629.0,0.0135
2026-01-23 18:00:00,1769191221.0,0.0115
2026-01-23 19:00:00,1769194816.0,0.013
2026-01-23 20:00:00,1769198414.0,0.0105
2026-01-23 21:00:00,1769202016.0,0.0125
2026-01-23 22:00:00,1769205616.0,0.0115
2026-01-23 23:00:00,1769209217.0,0.0135
2026-01-24 00:00:00,1769212823.0,0.014
2026-01-24 01:00:00,1769216415.0,0.013
2026-01-24 02:00:00,1769220018.0,0.012
2026-01-24 03:00:00,1769223626.0,0.0115
2026-01-24 04:00:00,1769227213.0,0.0115
2026-01-24 05:00:00,1769230834.0,0.0105
2026-01-24 06:00:00,1769234426.0,0.0135
2026-01-24 07:00:00,1769238015.0,0.0145
2026-01-24 08:00:00,1769241617.0,0.0145
2026-01-24 09:00:00,1769245218.0,0.0145
2026-01-24 10:00:00,1769248822.0,0.0145
2026-01-24 11:00:00,1769252417.0,0.012
2026-01-24 12:00:00,1769256022.0,0.0115
2026-01-24 13:00:00,1769259614.0,0.0115
2026-01-24 14:00:00,1769263222.0,0.0115
2026-01-24 15:00:00,1769266821.0,0.0115
2026-01-24 16:00:00,1769270415.0,0.0115
2026-01-24 17:00:00,1769274018.0,0.0115
2026-01-24 18:00:00,1769277617.0,0.012
2026-01-24 19:00:00,1769281216.0,0.0115
2026-01-24 20:00:00,1769284815.0,0.013
2026-01-24 21:00:00,1769288419.0,0.014
2026-01-24 22:00:00,1769292014.0,0.015
2026-01-24 23:00:00,1769295614.0,0.0135
2026-01-25 00:00:00,1769299234.0,0.0155
2026-01-25 01:00:00,1769302814.0,0.0155
2026-01-25 02:00:00,1769306413.0,0.015
2026-01-25 03:00:00,1769310017.0,0.015
2026-01-25 04:00:00,1769313613.0,0.013
2026-01-25 05:00:00,1769317213.0,0.0125
2026-01-25 06:00:00,1769320814.0,0.0125
2026-01-25 07:00:00,1769324416.0,0.012
2026-01-25 08:00:00,1769328014.0,0.012
2026-01-25 09:00:00,1769331627.0,0.012
2026-01-25 10:00:00,1769335222.0,0.0115
2026-01-25 11:00:00,1769338813.0,0.011
2026-01-25 12:00:00,1769342430.0,0.0115
2026-01-25 13:00:00,1769346026.0,0.0125
2026-01-25 14:00:00,1769349615.0,0.012
2026-01-25 15:00:00,1769353216.0,0.0115
2026-01-25 16:00:00,1769356821.0,0.0115
2026-01-25 17:00:00,1769360426.0,0.0135
2026-01-25 18:00:00,1769364019.0,0.014
2026-01-25 19:00:00,1769367614.0,0.0145
2026-01-25 20:00:00,1769371214.0,0.015
2026-01-25 21:00:00,1769374818.0,0.0155
2026-01-25 22:00:00,1769378416.0,0.0145
2026-01-25 23:00:00,1769382014.0,0.017
2026-01-26 00:00:00,1769385632.0,0.0165
2026-01-26 01:00:00,1769389214.0,0.015
2026-01-26 02:00:00,1769392816.0,0.0185
2026-01-26 03:00:00,1769396415.0,0.0185
2026-01-26 04:00:00,1769400014.0,0.0165
2026-01-26 05:00:00,1769403613.0,0.019
2026-01-26 06:00:00,1769407219.0,0.0165
2026-01-26 07:00:00,1769410815.0,0.0165
2026-01-26 08:00:00,1769414414.0,0.017
2026-01-26 09:00:00,1769418020.0,0.017
2026-01-26 10:00:00,1769421613.0,0.017
2026-01-26 11:00:00,1769425216.0,0.017
2026-01-26 12:00:00,1769428821.0,0.023
2026-01-26 13:00:00,1769432418.0,0.027
2026-01-26 14:00:00,1769436014.0,0.019
2026-01-26 15:00:00,1769439616.0,0.041
2026-01-26 16:00:00,1769443214.0,0.034
2026-01-26 17:00:00,1769446820.0,0.0265
2026-01-26 18:00:00,1769450418.0,0.023
2026-01-26 19:00:00,1769454015.0,0.0235
2026-01-26 20:00:00,1769457616.0,0.023
2026-01-26 21:00:00,1769461216.0,0.0225
2026-01-26 22:00:00,1769464815.0,0.0235
2026-01-26 23:00:00,1769468415.0,0.023
2026-01-27 00:00:00,1769472028.0,0.0305
2026-01-27 01:00:00,1769475613.0,0.0255
2026-01-27 02:00:00,1769479213.0,0.026
2026-01-27 03:00:00,1769482821.0,0.0225
2026-01-27 04:00:00,1769486414.0,0.023
2026-01-27 05:00:00,1769490013.0,0.0235
2026-01-27 06:00:00,1769493614.0,0.0275
2026-01-27 07:00:00,1769497220.0,0.027
2026-01-27 08:00:00,1769500814.0,0.0255
2026-01-27 09:00:00,1769504415.0,0.0275
2026-01-27 10:00:00,1769508022.0,0.027
2026-01-27 11:00:00,1769511614.0,0.027
2026-01-27 12:00:00,1769515217.0,0.0275
2026-01-27 13:00:00,1769518827.0,0.0275
2026-01-27 14:00:00,1769522414.0,0.0305
2026-01-27 15:00:00,1769526015.0,0.0295
2026-01-27 16:00:00,1769529613.0,0.0295
2026-01-27 17:00:00,1769533214.0,0.0305
2026-01-27 18:00:00,1769536815.0,0.0235
2026-01-27 19:00:00,1769540415.0,0.0315
2026-01-27 20:00:00,1769544013.0,0.0315
2026-01-27 21:00:00,1769547615.0,0.0285
2026-01-27 22:00:00,1769551214.0,0.0355
2026-01-27 23:00:00,1769554815.0,0.0425
2026-01-28 00:00:00,1769558419.0,0.036
2026-01-28 01:00:00,1769562019.0,0.0415
2026-01-28 02:00:00,1769565616.0,0.0395
2026-01-28 03:00:00,1769569216.0,0.0335
2026-01-28 04:00:00,1769572823.0,0.0385
2026-01-28 05:00:00,1769576414.0,0.0405
2026-01-28 06:00:00,1769580014.0,0.0385
2026-01-28 07:00:00,1769583614.0,0.0345
2026-01-28 08:00:00,1769587214.0,0.0465
2026-01-28 09:00:00,1769590817.0,0.0455
2026-01-28 10:00:00,1769594427.0,0.0465
2026-01-28 11:00:00,1769598014.0,0.047
2026-01-28 12:00:00,1769601620.0,0.0475
2026-01-28 13:00:00,1769605222.0,0.0405
2026-01-28 14:00:00,1769608814.0,0.0415
2026-01-28 15:00:00,1769612415.0,0.0425
2026-01-28 16:00:00,1769616014.0,0.044
2026-01-28 17:00:00,1769619615.0,0.0435
2026-01-28 18:00:00,1769623222.0,0.0385
2026-01-28 19:00:00,1769626815.0,0.039
2026-01-28 20:00:00,1769630416.0,0.0285
2026-01-28 21:00:00,1769634015.0,0.031
2026-01-28 22:00:00,1769637615.0,0.0275
2026-01-28 23:00:00,1769641215.0,0.0185
2026-01-29 00:00:00,1769644833.0,0.023
2026-01-29 01:00:00,1769648415.0,0.0285
2026-01-29 02:00:00,1769652015.0,0.0285
2026-01-29 03:00:00,1769655618.0,0.029
2026-01-29 04:00:00,1769659216.0,0.0285
2026-01-29 05:00:00,1769662815.0,0.0295
2026-01-29 06:00:00,1769666416.0,0.0305
2026-01-29 07:00:00,1769670016.0,0.0315
2026-01-29 08:00:00,1769673615.0,0.0305
2026-01-29 09:00:00,1769677218.0,0.0265
2026-01-29 10:00:00,1769680817.0,0.0305
2026-01-29 11:00:00,1769684417.0,0.0255
2026-01-29 12:00:00,1769688021.0,0.032
2026-01-29 13:00:00,1769691616.0,0.029
2026-01-29 14:00:00,1769695216.0,0.0305
2026-01-29 15:00:00,1769698817.0,0.0345
2026-01-29 16:00:00,1769702415.0,0.0375
2026-01-29 17:00:00,1769706016.0,0.034
2026-01-29 18:00:00,1769709617.0,0.0385
2026-01-29 19:00:00,1769713216.0,0.0325
2026-01-29 20:00:00,1769716827.0,0.0325
2026-01-29 21:00:00,1769720419.0,0.0325
2026-01-29 22:00:00,1769724017.0,0.0335
2026-01-29 23:00:00,1769727616.0,0.036
2026-01-30 00:00:00,1769731221.0,0.024
2026-01-30 01:00:00,1769734816.0,0.0115
2026-01-30 02:00:00,1769738416.0,0.0245
2026-01-30 03:00:00,1769742017.0,0.013
2026-01-30 04:00:00,1769745617.0,0.0165
2026-01-30 05:00:00,1769749216.0,0.021
2026-01-30 06:00:00,1769752816.0,0.0175
2026-01-30 07:00:00,1769756416.0,0.02
2026-01-30 08:00:00,1769760016.0,0.022
2026-01-30 09:00:00,1769763626.0,0.0225
2026-01-30 10:00:00,1769767215.0,0.025
2026-01-30 11:00:00,1769770824.0,0.027
2026-01-30 12:00:00,1769774430.0,0.0015
2026-01-30 13:00:00,1769778016.0,0.0035
2026-01-30 14:00:00,1769781616.0,0.004
2026-01-30 15:00:00,1769785219.0,0.0035
2026-01-30 16:00:00,1769788817.0,0.0065
2026-01-30 17:00:00,1769792418.0,0.006
2026-01-30 18:00:00,1769796017.0,0.0055
2026-01-30 19:00:00,1769799617.0,0.0045
2026-01-30 20:00:00,1769803216.0,0.0055
2026-01-30 21:00:00,1769806819.0,0.0065
2026-01-30 22:00:00,1769810419.0,0.0085
2026-01-30 23:00:00,1769814016.0,0.012
2026-01-31 00:00:00,1769817621.0,0.0145
2026-01-31 01:00:00,1769821216.0,0.016
2026-01-31 02:00:00,1769824816.0,0.0185
2026-01-31 03:00:00,1769828418.0,0.0185
2026-01-31 04:00:00,1769832017.0,0.0175
2026-01-31 05:00:00,1769835616.0,0.0165
2026-01-31 06:00:00,1769839218.0,0.0065
2026-01-31 07:00:00,1769842817.0,0.0115
2026-01-31 08:00:00,1769846417.0,0.0105
2026-01-31 09:00:00,1769850028.0,0.0125
2026-01-31 10:00:00,1769853617.0,0.0135
2026-01-31 11:00:00,1769857216.0,0.0145
2026-01-31 12:00:00,1769860823.0,0.0155
2026-01-31 13:00:00,1769864419.0,0.0145
2026-01-31 14:00:00,1769868016.0,0.013
2026-01-31 15:00:00,1769871620.0,0.0165
2026-01-31 16:00:00,1769875217.0,0.018
2026-01-31 17:00:00,1769878824.0,0.017
2026-01-31 18:00:00,1769882421.0,0.018
2026-01-31 19:00:00,1769886018.0,0.018
2026-01-31 20:00:00,1769889617.0,0.0145
2026-01-31 21:00:00,1769893235.0,0.014
2026-01-31 22:00:00,1769896824.0,0.012
2026-01-31 23:00:00,1769900416.0,0.016
2026-02-01 00:00:00,1769904025.0,0.017
2026-02-01 01:00:00,1769907751.0,0.0165
2026-02-01 02:00:00,1769911215.0,0.0175
2026-02-01 03:00:00,1769914818.0,0.0175
