time_utc,t,p
2025-08-05 17:00:00,1754415789.0,0.505
2025-08-05 18:00:00,1754416808.0,0.31
2025-08-05 19:00:00,1754420409.0,0.32
2025-08-05 20:00:00,1754424009.0,0.345
2025-08-05 21:00:00,1754427610.0,0.21
2025-08-05 22:00:00,1754431209.0,0.315
2025-08-05 23:00:00,1754434808.0,0.31
2025-08-06 00:00:00,1754438409.0,0.31
2025-08-06 01:00:00,1754442009.0,0.31
2025-08-06 02:00:00,1754445610.0,0.315
2025-08-06 03:00:00,1754449209.0,0.315
2025-08-06 04:00:00,1754452810.0,0.315
2025-08-06 05:00:00,1754456410.0,0.315
2025-08-06 06:00:00,1754460009.0,0.315
2025-08-06 07:00:00,1754463609.0,0.315
2025-08-06 08:00:00,1754467209.0,0.315
2025-08-06 09:00:00,1754470809.0,0.315
2025-08-06 10:00:00,1754474409.0,0.315
2025-08-06 11:00:00,1754478009.0,0.315
2025-08-06 12:00:00,1754481608.0,0.315
2025-08-06 13:00:00,1754485209.0,0.315
2025-08-06 14:00:00,1754488809.0,0.305
2025-08-06 15:00:00,1754492410.0,0.305
2025-08-06 16:00:00,1754496009.0,0.305
2025-08-06 17:00:00,1754499608.0,0.325
2025-08-06 18:00:00,1754503209.0,0.375
2025-08-06 19:00:00,1754506806.0,0.375
2025-08-06 20:00:00,1754510411.0,0.375
2025-08-06 21:00:00,1754514015.0,0.375
2025-08-06 22:00:00,1754517608.0,0.345
2025-08-06 23:00:00,1754521207.0,0.375
2025-08-07 00:00:00,1754524811.0,0.385
2025-08-07 01:00:00,1754528409.0,0.425
2025-08-07 02:00:00,1754532004.0,0.385
2025-08-07 03:00:00,1754535607.0,0.395
2025-08-07 04:00:00,1754539212.0,0.385
2025-08-07 05:00:00,1754542812.0,0.395
2025-08-07 06:00:00,1754546411.0,0.385
2025-08-07 07:00:00,1754550013.0,0.39
2025-08-07 08:00:00,1754553613.0,0.385
2025-08-07 09:00:00,1754557224.0,0.375
2025-08-07 10:00:00,1754560810.0,0.365
2025-08-07 11:00:00,1754564414.0,0.365
2025-08-07 12:00:00,1754568015.0,0.365
2025-08-07 13:00:00,1754571604.0,0.37
2025-08-07 14:00:00,1754575214.0,0.365
2025-08-07 15:00:00,1754578802.0,0.3
2025-08-07 16:00:00,1754582406.0,0.27
2025-08-07 17:00:00,1754586014.0,0.27
2025-08-07 18:00:00,1754589609.0,0.27
2025-08-07 19:00:00,1754593206.0,0.305
2025-08-07 20:00:00,1754596805.0,0.3
2025-08-07 21:00:00,1754600414.0,0.27
2025-08-07 22:00:00,1754604009.0,0.25
2025-08-07 23:00:00,1754607605.0,0.235
2025-08-08 00:00:00,1754611206.0,0.275
2025-08-08 01:00:00,1754614806.0,0.255
2025-08-08 02:00:00,1754618402.0,0.265
2025-08-08 03:00:00,1754622013.0,0.265
2025-08-08 04:00:00,1754625611.0,0.275
2025-08-08 05:00:00,1754629210.0,0.27
2025-08-08 06:00:00,1754632808.0,0.26
2025-08-08 07:00:00,1754636405.0,0.23
2025-08-08 08:00:00,1754640003.0,0.23
2025-08-08 09:00:00,1754643616.0,0.225
2025-08-08 10:00:00,1754647209.0,0.255
2025-08-08 11:00:00,1754650811.0,0.23
2025-08-08 12:00:00,1754654417.0,0.225
2025-08-08 13:00:00,1754658012.0,0.255
2025-08-08 14:00:00,1754661602.0,0.255
2025-08-08 15:00:00,1754665210.0,0.255
2025-08-08 16:00:00,1754668805.0,0.255
2025-08-08 17:00:00,1754672409.0,0.21
2025-08-08 18:00:00,1754676010.0,0.245
2025-08-08 19:00:00,1754679612.0,0.235
2025-08-08 20:00:00,1754683203.0,0.22
2025-08-08 21:00:00,1754686812.0,0.185
2025-08-08 22:00:00,1754690405.0,0.185
2025-08-08 23:00:00,1754694013.0,0.2
2025-08-09 00:00:00,1754697604.0,0.2
2025-08-09 01:00:00,1754701213.0,0.19
2025-08-09 02:00:00,1754704813.0,0.185
2025-08-09 03:00:00,1754708410.0,0.2
2025-08-09 04:00:00,1754712011.0,0.185
2025-08-09 05:00:00,1754715607.0,0.2
2025-08-09 06:00:00,1754719214.0,0.205
2025-08-09 07:00:00,1754722807.0,0.195
2025-08-09 08:00:00,1754726402.0,0.2
2025-08-09 09:00:00,1754730012.0,0.205
2025-08-09 10:00:00,1754733611.0,0.22
2025-08-09 11:00:00,1754737204.0,0.195
2025-08-09 12:00:00,1754740803.0,0.19
2025-08-09 13:00:00,1754744411.0,0.19
2025-08-09 14:00:00,1754748005.0,0.185
2025-08-09 15:00:00,1754751614.0,0.185
2025-08-09 16:00:00,1754755212.0,0.185
2025-08-09 17:00:00,1754758814.0,0.185
2025-08-09 18:00:00,1754762402.0,0.19
2025-08-09 19:00:00,1754766016.0,0.19
2025-08-09 20:00:00,1754769610.0,0.19
2025-08-09 21:00:00,1754773219.0,0.18
2025-08-09 22:00:00,1754776812.0,0.185
2025-08-09 23:00:00,1754780405.0,0.185
2025-08-10 00:00:00,1754784007.0,0.185
2025-08-10 01:00:00,1754787609.0,0.185
2025-08-10 02:00:00,1754791212.0,0.185
2025-08-10 03:00:00,1754794806.0,0.185
2025-08-10 04:00:00,1754798406.0,0.185
2025-08-10 05:00:00,1754802004.0,0.185
2025-08-10 06:00:00,1754805610.0,0.185
2025-08-10 07:00:00,1754809204.0,0.185
2025-08-10 08:00:00,1754812802.0,0.185
2025-08-10 09:00:00,1754816402.0,0.185
2025-08-10 10:00:00,1754820005.0,0.185
2025-08-10 11:00:00,1754823606.0,0.185
2025-08-10 12:00:00,1754827207.0,0.185
2025-08-10 13:00:00,1754830811.0,0.185
2025-08-10 14:00:00,1754834413.0,0.18
2025-08-10 15:00:00,1754838010.0,0.18
2025-08-10 16:00:00,1754841612.0,0.175
2025-08-10 17:00:00,1754845213.0,0.175
2025-08-10 18:00:00,1754848819.0,0.175
2025-08-10 19:00:00,1754852415.0,0.175
2025-08-10 20:00:00,1754856011.0,0.165
2025-08-10 21:00:00,1754859610.0,0.175
2025-08-10 22:00:00,1754863216.0,0.165
2025-08-10 23:00:00,1754866804.0,0.165
2025-08-11 00:00:00,1754870408.0,0.165
2025-08-11 01:00:00,1754874012.0,0.165
2025-08-11 02:00:00,1754877612.0,0.165
2025-08-11 03:00:00,1754881214.0,0.165
2025-08-11 04:00:00,1754884813.0,0.165
2025-08-11 05:00:00,1754888404.0,0.165
2025-08-11 06:00:00,1754892009.0,0.165
2025-08-11 07:00:00,1754895618.0,0.165
2025-08-11 08:00:00,1754899213.0,0.165
2025-08-11 09:00:00,1754902809.0,0.165
2025-08-11 10:00:00,1754906415.0,0.175
2025-08-11 11:00:00,1754910002.0,0.175
2025-08-11 12:00:00,1754913613.0,0.175
2025-08-11 13:00:00,1754917212.0,0.17
2025-08-11 14:00:00,1754920807.0,0.17
2025-08-11 15:00:00,1754924407.0,0.165
2025-08-11 16:00:00,1754928006.0,0.165
2025-08-11 17:00:00,1754931602.0,0.165
2025-08-11 18:00:00,1754935205.0,0.165
2025-08-11 19:00:00,1754938816.0,0.17
2025-08-11 20:00:00,1754942402.0,0.17
2025-08-11 21:00:00,1754946005.0,0.17
2025-08-11 22:00:00,1754949615.0,0.17
2025-08-11 23:00:00,1754953205.0,0.17
2025-08-12 00:00:00,1754956803.0,0.17
2025-08-12 01:00:00,1754960404.0,0.17
2025-08-12 02:00:00,1754964009.0,0.17
2025-08-12 03:00:00,1754967607.0,0.17
2025-08-12 04:00:00,1754971208.0,0.17
2025-08-12 05:00:00,1754974809.0,0.17
2025-08-12 06:00:00,1754978410.0,0.17
2025-08-12 07:00:00,1754982008.0,0.17
2025-08-12 08:00:00,1754985604.0,0.17
2025-08-12 09:00:00,1754989219.0,0.17
2025-08-12 10:00:00,1754992805.0,0.17
2025-08-12 11:00:00,1754996405.0,0.17
2025-08-12 12:00:00,1755000011.0,0.17
2025-08-12 13:00:00,1755003610.0,0.17
2025-08-12 14:00:00,1755007203.0,0.175
2025-08-12 15:00:00,1755010809.0,0.175
2025-08-12 16:00:00,1755014412.0,0.175
2025-08-12 17:00:00,1755018010.0,0.175
2026-02-01 04:00:00,1769921051.0,0.0005
2025-08-12 18:00:00,1755021616.0,0.18
2025-08-12 19:00:00,1755025212.0,0.18
2025-08-12 20:00:00,1755028809.0,0.175
2025-08-12 21:00:00,1755032416.0,0.175
2025-08-12 22:00:00,1755036013.0,0.185
2025-08-12 23:00:00,1755039606.0,0.185
2025-08-13 00:00:00,1755043208.0,0.175
2025-08-13 01:00:00,1755046805.0,0.185
2025-08-13 02:00:00,1755050403.0,0.185
2025-08-13 03:00:00,1755054002.0,0.185
2025-08-13 04:00:00,1755057604.0,0.185
2025-08-13 05:00:00,1755061203.0,0.185
2025-08-13 06:00:00,1755064813.0,0.185
2025-08-13 07:00:00,1755068414.0,0.185
2025-08-13 08:00:00,1755072007.0,0.185
2025-08-13 09:00:00,1755075602.0,0.175
2025-08-13 10:00:00,1755079207.0,0.175
2025-08-13 11:00:00,1755082809.0,0.185
2025-08-13 12:00:00,1755086404.0,0.175
2025-08-13 13:00:00,1755090023.0,0.185
2025-08-13 14:00:00,1755093611.0,0.185
2025-08-13 15:00:00,1755097213.0,0.175
2025-08-13 16:00:00,1755100812.0,0.18
2025-08-13 17:00:00,1755104408.0,0.185
2025-08-13 18:00:00,1755108014.0,0.18
2025-08-13 19:00:00,1755111615.0,0.185
2025-08-13 20:00:00,1755115205.0,0.175
2025-08-13 21:00:00,1755118805.0,0.175
2025-08-13 22:00:00,1755122406.0,0.175
2025-08-13 23:00:00,1755126010.0,0.175
2025-08-14 00:00:00,1755129608.0,0.175
2025-08-14 01:00:00,1755133206.0,0.175
2025-08-14 02:00:00,1755136807.0,0.175
2025-08-14 03:00:00,1755140404.0,0.17
2025-08-14 04:00:00,1755144008.0,0.175
2025-08-14 05:00:00,1755147605.0,0.175
2025-08-14 06:00:00,1755151205.0,0.175
2025-08-14 07:00:00,1755154816.0,0.175
2025-08-14 08:00:00,1755158411.0,0.175
2025-08-14 09:00:00,1755162003.0,0.175
2025-08-14 10:00:00,1755165603.0,0.17
2025-08-14 11:00:00,1755169202.0,0.175
2025-08-14 12:00:00,1755172810.0,0.175
2025-08-14 13:00:00,1755176412.0,0.175
2025-08-14 14:00:00,1755180006.0,0.17
2025-08-14 15:00:00,1755183610.0,0.17
2025-08-14 16:00:00,1755187212.0,0.17
2025-08-14 17:00:00,1755190815.0,0.17
2025-08-14 18:00:00,1755194414.0,0.17
2025-08-14 19:00:00,1755198006.0,0.17
2025-08-14 20:00:00,1755201616.0,0.17
2025-08-14 21:00:00,1755205210.0,0.17
2025-08-14 22:00:00,1755208802.0,0.165
2025-08-14 23:00:00,1755212407.0,0.165
2025-08-15 00:00:00,1755216002.0,0.165
2025-08-15 01:00:00,1755219603.0,0.165
2025-08-15 02:00:00,1755223205.0,0.165
2025-08-15 03:00:00,1755226809.0,0.165
2025-08-15 04:00:00,1755230405.0,0.17
2025-08-15 05:00:00,1755234004.0,0.165
2025-08-15 06:00:00,1755237605.0,0.165
2025-08-15 07:00:00,1755241204.0,0.175
2025-08-15 08:00:00,1755244811.0,0.17
2025-08-15 09:00:00,1755248415.0,0.165
2025-08-15 10:00:00,1755252005.0,0.165
2025-08-15 11:00:00,1755255602.0,0.175
2025-08-15 12:00:00,1755259211.0,0.17
2025-08-15 13:00:00,1755262816.0,0.175
2025-08-15 14:00:00,1755266417.0,0.175
2025-08-15 15:00:00,1755270009.0,0.175
2025-08-15 16:00:00,1755273617.0,0.175
2025-08-15 17:00:00,1755277213.0,0.175
2025-08-15 18:00:00,1755280817.0,0.175
2025-08-15 19:00:00,1755284415.0,0.16
2025-08-15 20:00:00,1755288014.0,0.17
2025-08-15 21:00:00,1755291605.0,0.17
2025-08-15 22:00:00,1755295207.0,0.18
2025-08-15 23:00:00,1755298813.0,0.175
2025-08-16 00:00:00,1755302410.0,0.175
2025-08-16 01:00:00,1755306008.0,0.175
2025-08-16 02:00:00,1755309610.0,0.175
2025-08-16 03:00:00,1755313216.0,0.175
2025-08-16 04:00:00,1755316808.0,0.175
2025-08-16 05:00:00,1755320407.0,0.18
2025-08-16 06:00:00,1755324015.0,0.18
2025-08-16 07:00:00,1755327612.0,0.18
2025-08-16 08:00:00,1755331215.0,0.18
2025-08-16 09:00:00,1755334808.0,0.18
2025-08-16 10:00:00,1755338410.0,0.18
2025-08-16 11:00:00,1755342015.0,0.18
2025-08-16 12:00:00,1755345617.0,0.18
2025-08-16 13:00:00,1755349213.0,0.18
2025-08-16 14:00:00,1755352805.0,0.175
2025-08-16 15:00:00,1755356402.0,0.165
2025-08-16 16:00:00,1755360007.0,0.165
2025-08-16 17:00:00,1755363613.0,0.165
2025-08-16 18:00:00,1755367215.0,0.16
2025-08-16 19:00:00,1755370806.0,0.165
2025-08-16 20:00:00,1755374408.0,0.165
2025-08-16 21:00:00,1755378017.0,0.165
2025-08-16 22:00:00,1755381613.0,0.17
2025-08-16 23:00:00,1755385205.0,0.17
2025-08-17 00:00:00,1755388815.0,0.155
2025-08-17 01:00:00,1755392410.0,0.17
2025-08-17 02:00:00,1755396008.0,0.16
2025-08-17 03:00:00,1755399610.0,0.16
2025-08-17 04:00:00,1755403208.0,0.16
2025-08-17 05:00:00,1755406817.0,0.155
2025-08-17 06:00:00,1755410407.0,0.155
2025-08-17 07:00:00,1755414007.0,0.155
2025-08-17 08:00:00,1755417614.0,0.155
2025-08-17 09:00:00,1755421218.0,0.155
2025-08-17 10:00:00,1755424813.0,0.155
2025-08-17 11:00:00,1755428402.0,0.155
2025-08-17 12:00:00,1755432015.0,0.155
2025-08-17 13:00:00,1755435615.0,0.16
2025-08-17 14:00:00,1755439206.0,0.165
2025-08-17 15:00:00,1755442806.0,0.165
2025-08-17 16:00:00,1755446414.0,0.165
2025-08-17 17:00:00,1755450012.0,0.165
2025-08-17 18:00:00,1755453605.0,0.165
2025-08-17 19:00:00,1755457206.0,0.165
2025-08-17 20:00:00,1755460805.0,0.155
2025-08-17 21:00:00,1755464414.0,0.155
2025-08-17 22:00:00,1755468010.0,0.155
2025-08-17 23:00:00,1755471616.0,0.155
2025-08-18 00:00:00,1755475202.0,0.155
2025-08-18 01:00:00,1755478808.0,0.155
2025-08-18 02:00:00,1755482407.0,0.155
2025-08-18 03:00:00,1755486009.0,0.155
2025-08-18 04:00:00,1755489613.0,0.155
2025-08-18 05:00:00,1755493205.0,0.16
2025-08-18 06:00:00,1755496813.0,0.16
2025-08-18 07:00:00,1755500413.0,0.16
2025-08-18 08:00:00,1755504012.0,0.16
2025-08-18 09:00:00,1755507615.0,0.165
2025-08-18 10:00:00,1755511209.0,0.16
2025-08-18 11:00:00,1755514810.0,0.16
2025-08-18 12:00:00,1755518416.0,0.165
2025-08-18 13:00:00,1755522010.0,0.16
2025-08-18 14:00:00,1755525611.0,0.17
2025-08-18 15:00:00,1755529214.0,0.165
2025-08-18 16:00:00,1755532805.0,0.165
2025-08-18 17:00:00,1755536417.0,0.165
2025-08-18 18:00:00,1755540017.0,0.165
2025-08-18 19:00:00,1755543614.0,0.165
2025-08-18 20:00:00,1755547218.0,0.165
2025-08-18 21:00:00,1755550818.0,0.17
2025-08-18 22:00:00,1755554415.0,0.165
2025-08-18 23:00:00,1755558014.0,0.165
2025-08-19 00:00:00,1755561610.0,0.165
2025-08-19 01:00:00,1755565205.0,0.165
2025-08-19 02:00:00,1755568815.0,0.17
2025-08-19 03:00:00,1755572404.0,0.17
2025-08-19 04:00:00,1755576006.0,0.17
2025-08-19 05:00:00,1755579609.0,0.17
2025-08-19 06:00:00,1755583212.0,0.17
2025-08-19 07:00:00,1755586805.0,0.17
2025-08-19 08:00:00,1755590417.0,0.17
2025-08-19 09:00:00,1755594006.0,0.17
2025-08-19 10:00:00,1755597614.0,0.17
2025-08-19 11:00:00,1755601205.0,0.17
2025-08-19 12:00:00,1755604817.0,0.165
2025-08-19 13:00:00,1755608415.0,0.165
2025-08-19 14:00:00,1755612005.0,0.165
2025-08-19 15:00:00,1755615603.0,0.165
2025-08-19 16:00:00,1755619213.0,0.16
2025-08-19 17:00:00,1755622803.0,0.165
2025-08-19 18:00:00,1755626417.0,0.165
2025-08-19 19:00:00,1755630017.0,0.165
2025-08-19 20:00:00,1755633608.0,0.165
2025-08-19 21:00:00,1755637213.0,0.165
2025-08-19 22:00:00,1755640816.0,0.165
2025-08-19 23:00:00,1755644405.0,0.155
2025-08-20 00:00:00,1755648006.0,0.155
2025-08-20 01:00:00,1755651607.0,0.155
2025-08-20 02:00:00,1755655204.0,0.155
2025-08-20 03:00:00,1755658803.0,0.155
2025-08-20 04:00:00,1755662402.0,0.16
2025-08-20 05:00:00,1755666011.0,0.16
2025-08-20 06:00:00,1755669610.0,0.16
2025-08-20 07:00:00,1755673205.0,0.16
2025-08-20 08:00:00,1755676808.0,0.15
2025-08-20 09:00:00,1755680414.0,0.15
2025-08-20 10:00:00,1755684005.0,0.16
2025-08-20 11:00:00,1755687607.0,0.16
2025-08-20 12:00:00,1755691204.0,0.15
2025-08-20 13:00:00,1755694805.0,0.155
2025-08-20 14:00:00,1755698407.0,0.16
2025-08-20 15:00:00,1755702015.0,0.155
2025-08-20 16:00:00,1755705614.0,0.155
2025-08-20 17:00:00,1755709204.0,0.155
2025-08-20 18:00:00,1755712805.0,0.155
2025-08-20 19:00:00,1755716407.0,0.155
2025-08-20 20:00:00,1755720006.0,0.15
2025-08-20 21:00:00,1755723616.0,0.15
2025-08-20 22:00:00,1755727209.0,0.15
2025-08-20 23:00:00,1755730808.0,0.15
2025-08-21 00:00:00,1755734409.0,0.15
2025-08-21 01:00:00,1755738008.0,0.145
2025-08-21 02:00:00,1755741606.0,0.15
2025-08-21 03:00:00,1755745206.0,0.15
2025-08-21 04:00:00,1755748807.0,0.15
2025-08-21 05:00:00,1755752413.0,0.15
2025-08-21 06:00:00,1755756015.0,0.155
2025-08-21 07:00:00,1755759608.0,0.15
2025-08-21 08:00:00,1755763209.0,0.155
2025-08-21 09:00:00,1755766814.0,0.155
2025-08-21 10:00:00,1755770411.0,0.155
2025-08-21 11:00:00,1755774009.0,0.145
2025-08-21 12:00:00,1755777617.0,0.15
2025-08-21 13:00:00,1755781204.0,0.145
2025-08-21 14:00:00,1755784813.0,0.145
2025-08-21 15:00:00,1755788412.0,0.145
2025-08-21 16:00:00,1755792005.0,0.145
2025-08-21 17:00:00,1755795611.0,0.145
2025-08-21 18:00:00,1755799210.0,0.145
2025-08-21 19:00:00,1755802809.0,0.145
2025-08-21 20:00:00,1755806403.0,0.145
2025-08-21 21:00:00,1755810007.0,0.145
2025-08-21 22:00:00,1755813602.0,0.145
2025-08-21 23:00:00,1755817202.0,0.145
2025-08-22 00:00:00,1755820802.0,0.145
2025-08-22 01:00:00,1755824406.0,0.15
2025-08-22 02:00:00,1755828011.0,0.15
2025-08-22 03:00:00,1755831615.0,0.15
2025-08-22 04:00:00,1755835205.0,0.15
2025-08-22 05:00:00,1755838810.0,0.15
2025-08-22 06:00:00,1755842411.0,0.15
2025-08-22 07:00:00,1755846013.0,0.15
2025-08-22 08:00:00,1755849602.0,0.15
2025-08-22 09:00:00,1755853213.0,0.15
2025-08-22 10:00:00,1755856818.0,0.15
2025-08-22 11:00:00,1755860416.0,0.15
2025-08-22 12:00:00,1755864008.0,0.15
2025-08-22 13:00:00,1755867611.0,0.15
2025-08-22 14:00:00,1755871203.0,0.15
2025-08-22 15:00:00,1755874817.0,0.15
2025-08-22 16:00:00,1755878412.0,0.15
2025-08-22 17:00:00,1755882002.0,0.15
2025-08-22 18:00:00,1755885609.0,0.15
2025-08-22 19:00:00,1755889205.0,0.15
2025-08-22 20:00:00,1755892806.0,0.15
2025-08-22 21:00:00,1755896412.0,0.15
2025-08-22 22:00:00,1755900002.0,0.15
2025-08-22 23:00:00,1755903615.0,0.15
2025-08-23 00:00:00,1755907210.0,0.15
2025-08-23 01:00:00,1755910811.0,0.15
2025-08-23 02:00:00,1755914405.0,0.15
2025-08-23 03:00:00,1755918009.0,0.15
2025-08-23 04:00:00,1755921611.0,0.15
2025-08-23 05:00:00,1755925215.0,0.15
2025-08-23 06:00:00,1755928802.0,0.15
2025-08-23 07:00:00,1755932419.0,0.15
2025-08-23 08:00:00,1755936018.0,0.15
2025-08-23 09:00:00,1755939616.0,0.15
2025-08-23 10:00:00,1755943203.0,0.15
2025-08-23 11:00:00,1755946814.0,0.15
2025-08-23 12:00:00,1755950404.0,0.15
2025-08-23 13:00:00,1755954002.0,0.15
2025-08-23 14:00:00,1755957603.0,0.15
2025-08-23 15:00:00,1755961208.0,0.15
2025-08-23 16:00:00,1755964806.0,0.155
2025-08-23 17:00:00,1755968406.0,0.155
2025-08-23 18:00:00,1755972011.0,0.155
2025-08-23 19:00:00,1755975613.0,0.155
2025-08-23 20:00:00,1755979204.0,0.155
2025-08-23 21:00:00,1755982811.0,0.155
2025-08-23 22:00:00,1755986409.0,0.155
2025-08-23 23:00:00,1755990009.0,0.16
2025-08-24 00:00:00,1755993610.0,0.16
2025-08-24 01:00:00,1755997208.0,0.16
2025-08-24 02:00:00,1756000807.0,0.16
2025-08-24 03:00:00,1756004403.0,0.16
2025-08-24 04:00:00,1756008005.0,0.16
2025-08-24 05:00:00,1756011608.0,0.16
2025-08-24 06:00:00,1756015215.0,0.16
2025-08-24 07:00:00,1756018817.0,0.16
2025-08-24 08:00:00,1756022409.0,0.165
2025-08-24 09:00:00,1756026008.0,0.165
2025-08-24 10:00:00,1756029615.0,0.16
2025-08-24 11:00:00,1756033206.0,0.16
2025-08-24 12:00:00,1756036802.0,0.16
2025-08-24 13:00:00,1756040411.0,0.16
2025-08-24 14:00:00,1756044006.0,0.16
2025-08-24 15:00:00,1756047616.0,0.16
2025-08-24 16:00:00,1756051212.0,0.16
2025-08-24 17:00:00,1756054810.0,0.16
2025-08-24 18:00:00,1756058421.0,0.16
2025-08-24 19:00:00,1756062016.0,0.16
2025-08-24 20:00:00,1756065610.0,0.16
2025-08-24 21:00:00,1756069214.0,0.16
2025-08-24 22:00:00,1756072809.0,0.16
2025-08-24 23:00:00,1756076405.0,0.16
2025-08-25 00:00:00,1756080009.0,0.16
2025-08-25 01:00:00,1756083612.0,0.165
2025-08-25 02:00:00,1756087203.0,0.16
2025-08-25 03:00:00,1756090811.0,0.16
2025-08-25 04:00:00,1756094405.0,0.16
2025-08-25 05:00:00,1756098003.0,0.155
2025-08-25 06:00:00,1756101604.0,0.16
2025-08-25 07:00:00,1756105211.0,0.16
2025-08-25 08:00:00,1756108810.0,0.16
2025-08-25 09:00:00,1756112415.0,0.16
2025-08-25 10:00:00,1756116015.0,0.16
2025-08-25 11:00:00,1756119611.0,0.16
2025-08-25 12:00:00,1756123202.0,0.16
2025-08-25 13:00:00,1756126811.0,0.16
2025-08-25 14:00:00,1756130414.0,0.16
2025-08-25 15:00:00,1756134002.0,0.16
2025-08-25 16:00:00,1756137616.0,0.16
2025-08-25 17:00:00,1756141215.0,0.16
2025-08-25 18:00:00,1756144808.0,0.16
2025-08-25 19:00:00,1756148405.0,0.16
2025-08-25 20:00:00,1756152015.0,0.155
2025-08-25 21:00:00,1756155614.0,0.16
2025-08-25 22:00:00,1756159204.0,0.165
2025-08-25 23:00:00,1756162807.0,0.165
2025-08-26 00:00:00,1756166404.0,0.165
2025-08-26 01:00:00,1756170011.0,0.165
2025-08-26 02:00:00,1756173607.0,0.165
2025-08-26 03:00:00,1756177207.0,0.165
2025-08-26 04:00:00,1756180815.0,0.165
2025-08-26 05:00:00,1756184411.0,0.165
2025-08-26 06:00:00,1756188002.0,0.165
2025-08-26 07:00:00,1756191617.0,0.165
2025-08-26 08:00:00,1756195202.0,0.165
2025-08-26 09:00:00,1756198815.0,0.165
2025-08-26 10:00:00,1756202404.0,0.165
2025-08-26 11:00:00,1756206009.0,0.165
2025-08-26 12:00:00,1756209605.0,0.165
2025-08-26 13:00:00,1756213207.0,0.165
2025-08-26 14:00:00,1756216815.0,0.165
2025-08-26 15:00:00,1756220415.0,0.165
2025-08-26 16:00:00,1756224008.0,0.165
2025-08-26 17:00:00,1756227609.0,0.165
2025-08-26 18:00:00,1756231214.0,0.165
2025-08-26 19:00:00,1756234815.0,0.155
2025-08-26 20:00:00,1756238407.0,0.155
2025-08-26 21:00:00,1756242012.0,0.155
2025-08-26 22:00:00,1756245612.0,0.155
2025-08-26 23:00:00,1756249202.0,0.155
2025-08-27 00:00:00,1756252806.0,0.155
2025-08-27 01:00:00,1756256408.0,0.155
2025-08-27 02:00:00,1756260009.0,0.155
2025-08-27 03:00:00,1756263615.0,0.155
2025-08-27 04:00:00,1756267203.0,0.155
2025-08-27 05:00:00,1756270813.0,0.155
2025-08-27 06:00:00,1756274410.0,0.155
2025-08-27 07:00:00,1756278016.0,0.155
2025-08-27 08:00:00,1756281608.0,0.155
2025-08-27 09:00:00,1756285207.0,0.155
2025-08-27 10:00:00,1756288816.0,0.155
2025-08-27 11:00:00,1756292405.0,0.155
2025-08-27 12:00:00,1756296022.0,0.155
2025-08-27 13:00:00,1756299614.0,0.155
2025-08-27 14:00:00,1756303211.0,0.155
2025-08-27 15:00:00,1756306821.0,0.155
2025-08-27 16:00:00,1756310418.0,0.16
2025-08-27 17:00:00,1756314013.0,0.16
2025-08-27 18:00:00,1756317617.0,0.16
2025-08-27 19:00:00,1756321210.0,0.16
2025-08-27 20:00:00,1756324813.0,0.16
2025-08-27 21:00:00,1756328412.0,0.16
2025-08-27 22:00:00,1756332019.0,0.16
2025-08-27 23:00:00,1756335619.0,0.16
2025-08-28 00:00:00,1756339207.0,0.16
2025-08-28 01:00:00,1756342808.0,0.16
2025-08-28 02:00:00,1756346412.0,0.16
2025-08-28 03:00:00,1756350015.0,0.16
2025-08-28 04:00:00,1756353604.0,0.16
2025-08-28 05:00:00,1756357208.0,0.16
2025-08-28 06:00:00,1756360819.0,0.16
2025-08-28 07:00:00,1756364414.0,0.16
2025-08-28 08:00:00,1756368008.0,0.16
2025-08-28 09:00:00,1756371604.0,0.155
2025-08-28 10:00:00,1756375204.0,0.16
2025-08-28 11:00:00,1756378814.0,0.16
2025-08-28 12:00:00,1756382405.0,0.16
2025-08-28 13:00:00,1756386018.0,0.16
2025-08-28 14:00:00,1756389618.0,0.16
2025-08-28 15:00:00,1756393203.0,0.16
2025-08-28 16:00:00,1756396805.0,0.16
2025-08-28 17:00:00,1756400402.0,0.16
2025-08-28 18:00:00,1756404019.0,0.16
2025-08-28 19:00:00,1756407615.0,0.16
2025-08-28 20:00:00,1756411205.0,0.16
2025-08-28 21:00:00,1756414803.0,0.16
2025-08-28 22:00:00,1756418408.0,0.16
2025-08-28 23:00:00,1756422006.0,0.155
2025-08-29 00:00:00,1756425605.0,0.155
2025-08-29 01:00:00,1756429212.0,0.155
2025-08-29 02:00:00,1756432805.0,0.16
2025-08-29 03:00:00,1756436417.0,0.16
2025-08-29 04:00:00,1756440013.0,0.16
2025-08-29 05:00:00,1756443604.0,0.16
2025-08-29 06:00:00,1756447209.0,0.16
2025-08-29 07:00:00,1756450812.0,0.16
2025-08-29 08:00:00,1756454416.0,0.16
2025-08-29 09:00:00,1756458024.0,0.16
2025-08-29 10:00:00,1756461604.0,0.16
2025-08-29 11:00:00,1756465204.0,0.16
2025-08-29 12:00:00,1756468811.0,0.16
2025-08-29 13:00:00,1756472412.0,0.16
2025-08-29 14:00:00,1756476006.0,0.16
2025-08-29 15:00:00,1756479615.0,0.16
2025-08-29 16:00:00,1756483220.0,0.16
2025-08-29 17:00:00,1756486802.0,0.16
2025-08-29 18:00:00,1756490414.0,0.16
2025-08-29 19:00:00,1756494010.0,0.16
2025-08-29 20:00:00,1756497617.0,0.16
2025-08-29 21:00:00,1756501220.0,0.16
2025-08-29 22:00:00,1756504822.0,0.16
2025-08-29 23:00:00,1756508411.0,0.16
2025-08-30 00:00:00,1756512008.0,0.16
2025-08-30 01:00:00,1756515605.0,0.16
2025-08-30 02:00:00,1756519207.0,0.16
2025-08-30 03:00:00,1756522819.0,0.16
2025-08-30 04:00:00,1756526415.0,0.16
2025-08-30 05:00:00,1756530012.0,0.16
2025-08-30 06:00:00,1756533612.0,0.16
2025-08-30 07:00:00,1756537222.0,0.16
2025-08-30 08:00:00,1756540809.0,0.16
2025-08-30 09:00:00,1756544414.0,0.16
2025-08-30 10:00:00,1756548009.0,0.165
2025-08-30 11:00:00,1756551611.0,0.165
2025-08-30 12:00:00,1756555214.0,0.165
2025-08-30 13:00:00,1756558812.0,0.165
2025-08-30 14:00:00,1756562402.0,0.165
2025-08-30 15:00:00,1756566012.0,0.165
2025-08-30 16:00:00,1756569613.0,0.165
2025-08-30 17:00:00,1756573210.0,0.165
2025-08-30 18:00:00,1756576820.0,0.165
2025-08-30 19:00:00,1756580405.0,0.16
2025-08-30 20:00:00,1756584004.0,0.16
2025-08-30 21:00:00,1756587612.0,0.16
2025-08-30 22:00:00,1756591207.0,0.16
2025-08-30 23:00:00,1756594814.0,0.16
2025-08-31 00:00:00,1756598417.0,0.16
2025-08-31 01:00:00,1756602013.0,0.16
2025-08-31 02:00:00,1756605618.0,0.16
2025-08-31 03:00:00,1756609221.0,0.16
2025-08-31 04:00:00,1756612805.0,0.16
2025-08-31 05:00:00,1756616402.0,0.16
2025-08-31 06:00:00,1756620018.0,0.16
2025-08-31 07:00:00,1756623604.0,0.16
2025-08-31 08:00:00,1756627211.0,0.16
2025-08-31 09:00:00,1756630810.0,0.16
2025-08-31 10:00:00,1756634419.0,0.16
2025-08-31 11:00:00,1756638007.0,0.16
2025-08-31 12:00:00,1756641609.0,0.16
2025-08-31 13:00:00,1756645202.0,0.16
2025-08-31 14:00:00,1756648813.0,0.16
2025-08-31 15:00:00,1756652417.0,0.16
2025-08-31 16:00:00,1756656002.0,0.16
2025-08-31 17:00:00,1756659609.0,0.16
2025-08-31 18:00:00,1756663223.0,0.16
2025-08-31 19:00:00,1756666812.0,0.16
2025-08-31 20:00:00,1756670406.0,0.16
2025-08-31 21:00:00,1756674012.0,0.16
2025-08-31 22:00:00,1756677610.0,0.16
2025-08-31 23:00:00,1756681202.0,0.16
2025-09-01 00:00:00,1756684805.0,0.16
2025-09-01 01:00:00,1756688410.0,0.16
2025-09-01 02:00:00,1756692007.0,0.16
2025-09-01 03:00:00,1756695615.0,0.16
2025-09-01 04:00:00,1756699218.0,0.16
2025-09-01 05:00:00,1756702811.0,0.16
2025-09-01 06:00:00,1756706405.0,0.16
2025-09-01 07:00:00,1756710018.0,0.16
2025-09-01 08:00:00,1756713612.0,0.16
2025-09-01 09:00:00,1756717221.0,0.16
2025-09-01 10:00:00,1756720806.0,0.16
2025-09-01 11:00:00,1756724407.0,0.16
2025-09-01 12:00:00,1756728027.0,0.16
2025-09-01 13:00:00,1756731605.0,0.16
2025-09-01 14:00:00,1756735205.0,0.16
2025-09-01 15:00:00,1756738819.0,0.16
2025-09-01 16:00:00,1756742417.0,0.16
2025-09-01 17:00:00,1756746011.0,0.16
2025-09-01 18:00:00,1756749604.0,0.16
2025-09-01 19:00:00,1756753221.0,0.16
2025-09-01 20:00:00,1756756816.0,0.16
2025-09-01 21:00:00,1756760420.0,0.16
2025-09-01 22:00:00,1756764019.0,0.16
2025-09-01 23:00:00,1756767608.0,0.16
2025-09-02 00:00:00,1756771205.0,0.16
2025-09-02 01:00:00,1756774802.0,0.16
2025-09-02 02:00:00,1756778418.0,0.16
2025-09-02 03:00:00,1756782015.0,0.16
2025-09-02 04:00:00,1756785617.0,0.16
2025-09-02 05:00:00,1756789204.0,0.16
2025-09-02 06:00:00,1756792804.0,0.16
2025-09-02 07:00:00,1756796407.0,0.16
2025-09-02 08:00:00,1756800019.0,0.16
2025-09-02 09:00:00,1756803616.0,0.16
2025-09-02 10:00:00,1756807220.0,0.16
2025-09-02 11:00:00,1756810809.0,0.16
2025-09-02 12:00:00,1756814409.0,0.16
2025-09-02 13:00:00,1756818005.0,0.16
2025-09-02 14:00:00,1756821615.0,0.16
2025-09-02 15:00:00,1756825215.0,0.16
2025-09-02 16:00:00,1756828808.0,0.16
2025-09-02 17:00:00,1756832404.0,0.16
2025-09-02 18:00:00,1756836006.0,0.16
2025-09-02 19:00:00,1756839619.0,0.16
2025-09-02 20:00:00,1756843203.0,0.16
2025-09-02 21:00:00,1756846815.0,0.16
2025-09-02 22:00:00,1756850419.0,0.16
2025-09-02 23:00:00,1756854004.0,0.16
2025-09-03 00:00:00,1756857615.0,0.16
2025-09-03 01:00:00,1756861212.0,0.16
2025-09-03 02:00:00,1756864805.0,0.16
2025-09-03 03:00:00,1756868402.0,0.16
2025-09-03 04:00:00,1756872014.0,0.16
2025-09-03 05:00:00,1756875613.0,0.16
2025-09-03 06:00:00,1756879209.0,0.16
2025-09-03 07:00:00,1756882813.0,0.16
2025-09-03 08:00:00,1756886417.0,0.16
2025-09-03 09:00:00,1756890002.0,0.16
2025-09-03 10:00:00,1756893604.0,0.16
2025-09-03 11:00:00,1756897223.0,0.16
2025-09-03 12:00:00,1756900814.0,0.16
2025-09-03 13:00:00,1756904407.0,0.16
2025-09-03 14:00:00,1756908004.0,0.16
2025-09-03 15:00:00,1756911611.0,0.16
2025-09-03 16:00:00,1756915210.0,0.16
2025-09-03 17:00:00,1756918817.0,0.16
2025-09-03 18:00:00,1756922409.0,0.16
2025-09-03 19:00:00,1756926006.0,0.16
2025-09-03 20:00:00,1756929616.0,0.16
2025-09-03 21:00:00,1756933214.0,0.165
2025-09-03 22:00:00,1756936815.0,0.165
2025-09-03 23:00:00,1756940402.0,0.165
2025-09-04 00:00:00,1756944004.0,0.165
2025-09-04 01:00:00,1756947604.0,0.165
2025-09-04 02:00:00,1756951209.0,0.165
2025-09-04 03:00:00,1756954823.0,0.165
2025-09-04 04:00:00,1756958418.0,0.165
2025-09-04 05:00:00,1756962016.0,0.165
2025-09-04 06:00:00,1756965619.0,0.165
2025-09-04 07:00:00,1756969217.0,0.165
2025-09-04 08:00:00,1756972819.0,0.165
2025-09-04 09:00:00,1756976417.0,0.165
2025-09-04 10:00:00,1756980008.0,0.165
2025-09-04 11:00:00,1756983607.0,0.165
2025-09-04 12:00:00,1756987218.0,0.165
2025-09-04 13:00:00,1756990823.0,0.165
2025-09-04 14:00:00,1756994407.0,0.165
2025-09-04 15:00:00,1756998007.0,0.17
2025-09-04 16:00:00,1757001610.0,0.175
2025-09-04 17:00:00,1757005221.0,0.175
2025-09-04 18:00:00,1757008825.0,0.175
2025-09-04 19:00:00,1757012411.0,0.175
2025-09-04 20:00:00,1757016012.0,0.17
2025-09-04 21:00:00,1757019620.0,0.17
2025-09-04 22:00:00,1757023206.0,0.17
2025-09-04 23:00:00,1757026811.0,0.16
2025-09-05 00:00:00,1757030403.0,0.16
2025-09-05 01:00:00,1757034007.0,0.16
2025-09-05 02:00:00,1757037603.0,0.16
2025-09-05 03:00:00,1757041212.0,0.16
2025-09-05 04:00:00,1757044805.0,0.16
2025-09-05 05:00:00,1757048415.0,0.16
2025-09-05 06:00:00,1757052011.0,0.16
2025-09-05 07:00:00,1757055617.0,0.16
2025-09-05 08:00:00,1757059206.0,0.16
2025-09-05 09:00:00,1757062823.0,0.16
2025-09-05 10:00:00,1757066411.0,0.16
2025-09-05 11:00:00,1757070002.0,0.16
2025-09-05 12:00:00,1757073606.0,0.16
2025-09-05 13:00:00,1757077204.0,0.16
2025-09-05 14:00:00,1757080817.0,0.165
2025-09-05 15:00:00,1757084423.0,0.165
2025-09-05 16:00:00,1757088008.0,0.165
2025-09-05 17:00:00,1757091617.0,0.16
2025-09-05 18:00:00,1757095221.0,0.16
2025-09-05 19:00:00,1757098804.0,0.16
2025-09-05 20:00:00,1757102415.0,0.16
2025-09-05 21:00:00,1757106009.0,0.16
2025-09-05 22:00:00,1757109610.0,0.25
2025-09-05 23:00:00,1757113220.0,0.25
2025-09-06 00:00:00,1757116817.0,0.245
2025-09-06 01:00:00,1757120413.0,0.24
2025-09-06 02:00:00,1757124018.0,0.255
2025-09-06 03:00:00,1757127615.0,0.24
2025-09-06 04:00:00,1757131202.0,0.26
2025-09-06 05:00:00,1757134823.0,0.26
2025-09-06 06:00:00,1757138422.0,0.275
2025-09-06 07:00:00,1757142009.0,0.26
2025-09-06 08:00:00,1757145602.0,0.26
2025-09-06 09:00:00,1757149206.0,0.26
2025-09-06 10:00:00,1757152806.0,0.26
2025-09-06 11:00:00,1757156415.0,0.265
2025-09-06 12:00:00,1757160022.0,0.27
2025-09-06 13:00:00,1757163614.0,0.275
2025-09-06 14:00:00,1757167205.0,0.275
2025-09-06 15:00:00,1757170821.0,0.275
2025-09-06 16:00:00,1757174412.0,0.27
2025-09-06 17:00:00,1757178017.0,0.265
2025-09-06 18:00:00,1757181617.0,0.23
2025-09-06 19:00:00,1757185204.0,0.245
2025-09-06 20:00:00,1757188808.0,0.245
2025-09-06 21:00:00,1757192412.0,0.245
2025-09-06 22:00:00,1757196014.0,0.245
2025-09-06 23:00:00,1757199621.0,0.245
2025-09-07 00:00:00,1757203211.0,0.245
2025-09-07 01:00:00,1757206802.0,0.245
2025-09-07 02:00:00,1757210417.0,0.265
2025-09-07 03:00:00,1757214009.0,0.265
2025-09-07 04:00:00,1757217607.0,0.265
2025-09-07 05:00:00,1757221214.0,0.265
2025-09-07 06:00:00,1757224822.0,0.265
2025-09-07 07:00:00,1757228410.0,0.265
2025-09-07 08:00:00,1757232011.0,0.265
2025-09-07 09:00:00,1757235623.0,0.265
2025-09-07 10:00:00,1757239213.0,0.265
2025-09-07 11:00:00,1757242802.0,0.26
2025-09-07 12:00:00,1757246429.0,0.265
2025-09-07 13:00:00,1757250018.0,0.26
2025-09-07 14:00:00,1757253620.0,0.26
2025-09-07 15:00:00,1757257202.0,0.26
2025-09-07 16:00:00,1757260820.0,0.26
2025-09-07 17:00:00,1757264411.0,0.26
2025-09-07 18:00:00,1757268015.0,0.26
2025-09-07 19:00:00,1757271604.0,0.26
2025-09-07 20:00:00,1757275217.0,0.26
2025-09-07 21:00:00,1757278820.0,0.26
2025-09-07 22:00:00,1757282413.0,0.26
2025-09-07 23:00:00,1757286004.0,0.26
2025-09-08 00:00:00,1757289611.0,0.26
2025-09-08 01:00:00,1757293213.0,0.26
2025-09-08 02:00:00,1757296802.0,0.26
2025-09-08 03:00:00,1757300414.0,0.26
2025-09-08 04:00:00,1757304002.0,0.26
2025-09-08 05:00:00,1757307607.0,0.26
2025-09-08 06:00:00,1757311209.0,0.26
2025-09-08 07:00:00,1757314817.0,0.26
2025-09-08 08:00:00,1757318413.0,0.26
2025-09-08 09:00:00,1757322007.0,0.26
2025-09-08 10:00:00,1757325622.0,0.26
2025-09-08 11:00:00,1757329208.0,0.26
2025-09-08 12:00:00,1757332810.0,0.26
2025-09-08 13:00:00,1757336416.0,0.26
2025-09-08 14:00:00,1757340010.0,0.26
2025-09-08 15:00:00,1757343604.0,0.26
2025-09-08 16:00:00,1757347220.0,0.26
2025-09-08 17:00:00,1757350821.0,0.26
2025-09-08 18:00:00,1757354402.0,0.25
2025-09-08 19:00:00,1757358020.0,0.255
2025-09-08 20:00:00,1757361615.0,0.255
2025-09-08 21:00:00,1757365212.0,0.26
2025-09-08 22:00:00,1757368807.0,0.26
2025-09-08 23:00:00,1757372411.0,0.255
2025-09-09 00:00:00,1757376003.0,0.255
2025-09-09 01:00:00,1757379610.0,0.25
2025-09-09 02:00:00,1757383210.0,0.245
2025-09-09 03:00:00,1757386802.0,0.25
2025-09-09 04:00:00,1757390413.0,0.245
2025-09-09 05:00:00,1757394014.0,0.245
2025-09-09 06:00:00,1757397606.0,0.245
2025-09-09 07:00:00,1757401212.0,0.245
2025-09-09 08:00:00,1757404813.0,0.24
2025-09-09 09:00:00,1757408426.0,0.245
2025-09-09 10:00:00,1757412018.0,0.24
2025-09-09 11:00:00,1757415616.0,0.235
2025-09-09 12:00:00,1757419226.0,0.24
2025-09-09 13:00:00,1757422812.0,0.24
2025-09-09 14:00:00,1757426415.0,0.24
2025-09-09 15:00:00,1757430008.0,0.24
2025-09-09 16:00:00,1757433606.0,0.24
2025-09-09 17:00:00,1757437223.0,0.24
2025-09-09 18:00:00,1757440813.0,0.24
2025-09-09 19:00:00,1757444413.0,0.24
2025-09-09 20:00:00,1757448008.0,0.24
2025-09-09 21:00:00,1757451602.0,0.24
2025-09-09 22:00:00,1757455217.0,0.24
2025-09-09 23:00:00,1757458804.0,0.24
2025-09-10 00:00:00,1757462409.0,0.245
2025-09-10 01:00:00,1757466014.0,0.245
2025-09-10 02:00:00,1757469608.0,0.245
2025-09-10 03:00:00,1757473221.0,0.245
2025-09-10 04:00:00,1757476809.0,0.245
2025-09-10 05:00:00,1757480413.0,0.245
2025-09-10 06:00:00,1757484028.0,0.245
2025-09-10 07:00:00,1757487616.0,0.245
2025-09-10 08:00:00,1757491210.0,0.245
2025-09-10 09:00:00,1757494817.0,0.245
2025-09-10 10:00:00,1757498416.0,0.245
2025-09-10 11:00:00,1757502018.0,0.245
2025-09-10 12:00:00,1757505617.0,0.245
2025-09-10 13:00:00,1757509215.0,0.245
2025-09-10 14:00:00,1757512816.0,0.24
2025-09-10 15:00:00,1757516411.0,0.24
2025-09-10 16:00:00,1757520003.0,0.225
2025-09-10 17:00:00,1757523609.0,0.225
2025-09-10 18:00:00,1757527223.0,0.225
2025-09-10 19:00:00,1757530805.0,0.225
2025-09-10 20:00:00,1757534408.0,0.225
2025-09-10 21:00:00,1757538021.0,0.225
2025-09-10 22:00:00,1757541610.0,0.225
2025-09-10 23:00:00,1757545210.0,0.225
2025-09-11 00:00:00,1757548804.0,0.225
2025-09-11 01:00:00,1757552410.0,0.225
2025-09-11 02:00:00,1757556011.0,0.225
2025-09-11 03:00:00,1757559609.0,0.225
2025-09-11 04:00:00,1757563209.0,0.225
2025-09-11 05:00:00,1757566803.0,0.225
2025-09-11 06:00:00,1757570418.0,0.225
2025-09-11 07:00:00,1757574006.0,0.225
2025-09-11 08:00:00,1757577611.0,0.225
2025-09-11 09:00:00,1757581203.0,0.225
2025-09-11 10:00:00,1757584814.0,0.225
2025-09-11 11:00:00,1757588416.0,0.225
2025-09-11 12:00:00,1757592027.0,0.225
2025-09-11 13:00:00,1757595620.0,0.225
2025-09-11 14:00:00,1757599203.0,0.23
2025-09-11 15:00:00,1757602818.0,0.21
2025-09-11 16:00:00,1757606420.0,0.215
2025-09-11 17:00:00,1757610016.0,0.21
2025-09-11 18:00:00,1757613606.0,0.215
2025-09-11 19:00:00,1757617221.0,0.205
2025-09-11 20:00:00,1757620809.0,0.21
2025-09-11 21:00:00,1757624412.0,0.22
2025-09-11 22:00:00,1757628022.0,0.21
2025-09-11 23:00:00,1757631612.0,0.21
2025-09-12 00:00:00,1757635214.0,0.21
2025-09-12 01:00:00,1757638818.0,0.21
2025-09-12 02:00:00,1757642409.0,0.21
2025-09-12 03:00:00,1757646016.0,0.21
2025-09-12 04:00:00,1757649625.0,0.205
2025-09-12 05:00:00,1757653222.0,0.205
2025-09-12 06:00:00,1757656815.0,0.205
2025-09-12 07:00:00,1757660417.0,0.205
2025-09-12 08:00:00,1757664022.0,0.205
2025-09-12 09:00:00,1757667629.0,0.205
2025-09-12 10:00:00,1757671220.0,0.205
2025-09-12 11:00:00,1757674806.0,0.205
2025-09-12 12:00:00,1757678435.0,0.205
2025-09-12 13:00:00,1757682010.0,0.205
2025-09-12 14:00:00,1757685614.0,0.205
2025-09-12 15:00:00,1757689202.0,0.205
2025-09-12 16:00:00,1757692802.0,0.205
2025-09-12 17:00:00,1757696402.0,0.205
2025-09-12 18:00:00,1757700019.0,0.2
2025-09-12 19:00:00,1757703626.0,0.2
2025-09-12 20:00:00,1757707208.0,0.21
2025-09-12 21:00:00,1757710818.0,0.21
2025-09-12 22:00:00,1757714405.0,0.205
2025-09-12 23:00:00,1757718021.0,0.205
2025-09-13 00:00:00,1757721610.0,0.205
2025-09-13 01:00:00,1757725212.0,0.205
2025-09-13 02:00:00,1757728815.0,0.205
2025-09-13 03:00:00,1757732424.0,0.205
2025-09-13 04:00:00,1757736013.0,0.205
2025-09-13 05:00:00,1757739617.0,0.205
2025-09-13 06:00:00,1757743215.0,0.205
2025-09-13 07:00:00,1757746802.0,0.205
2025-09-13 08:00:00,1757750414.0,0.205
2025-09-13 09:00:00,1757754002.0,0.205
2025-09-13 10:00:00,1757757612.0,0.205
2025-09-13 11:00:00,1757761216.0,0.205
2025-09-13 12:00:00,1757764816.0,0.22
2025-09-13 13:00:00,1757768413.0,0.205
2025-09-13 14:00:00,1757772021.0,0.205
2025-09-13 15:00:00,1757775617.0,0.205
2025-09-13 16:00:00,1757779204.0,0.2
2025-09-13 17:00:00,1757782806.0,0.2
2025-09-13 18:00:00,1757786411.0,0.2
2025-09-13 19:00:00,1757790018.0,0.2
2025-09-13 20:00:00,1757793615.0,0.2
2025-09-13 21:00:00,1757797224.0,0.19
2025-09-13 22:00:00,1757800804.0,0.19
2025-09-13 23:00:00,1757804406.0,0.19
2025-09-14 00:00:00,1757808022.0,0.19
2025-09-14 01:00:00,1757811612.0,0.2
2025-09-14 02:00:00,1757815218.0,0.2
2025-09-14 03:00:00,1757818808.0,0.2
2025-09-14 04:00:00,1757822406.0,0.2
2025-09-14 05:00:00,1757826009.0,0.2
2025-09-14 06:00:00,1757829607.0,0.2
2025-09-14 07:00:00,1757833206.0,0.2
2025-09-14 08:00:00,1757836817.0,0.2
2025-09-14 09:00:00,1757840423.0,0.2
2025-09-14 10:00:00,1757844007.0,0.2
2025-09-14 11:00:00,1757847616.0,0.2
2025-09-14 12:00:00,1757851230.0,0.2
2025-09-14 13:00:00,1757854803.0,0.2
2025-09-14 14:00:00,1757858414.0,0.2
2025-09-14 15:00:00,1757862008.0,0.195
2025-09-14 16:00:00,1757865615.0,0.195
2025-09-14 17:00:00,1757869214.0,0.195
2025-09-14 18:00:00,1757872819.0,0.205
2025-09-14 19:00:00,1757876405.0,0.205
2025-09-14 20:00:00,1757880004.0,0.195
2025-09-14 21:00:00,1757883617.0,0.205
2025-09-14 22:00:00,1757887219.0,0.215
2025-09-14 23:00:00,1757890810.0,0.215
2025-09-15 00:00:00,1757894414.0,0.2
2025-09-15 01:00:00,1757898003.0,0.195
2025-09-15 02:00:00,1757901608.0,0.195
2025-09-15 03:00:00,1757905228.0,0.195
2025-09-15 04:00:00,1757908804.0,0.215
2025-09-15 05:00:00,1757912404.0,0.215
2025-09-15 06:00:00,1757916006.0,0.215
2025-09-15 07:00:00,1757919609.0,0.2
2025-09-15 08:00:00,1757923210.0,0.2
2025-09-15 09:00:00,1757926819.0,0.195
2025-09-15 10:00:00,1757930422.0,0.215
2025-09-15 11:00:00,1757934014.0,0.215
2025-09-15 12:00:00,1757937631.0,0.215
2025-09-15 13:00:00,1757941204.0,0.215
2025-09-15 14:00:00,1757944805.0,0.21
2025-09-15 15:00:00,1757948416.0,0.21
2025-09-15 16:00:00,1757952007.0,0.21
2025-09-15 17:00:00,1757955607.0,0.21
2025-09-15 18:00:00,1757959222.0,0.21
2025-09-15 19:00:00,1757962821.0,0.195
2025-09-15 20:00:00,1757966414.0,0.2
2025-09-15 21:00:00,1757970016.0,0.2
2025-09-15 22:00:00,1757973621.0,0.2
2025-09-15 23:00:00,1757977216.0,0.19
2025-09-16 00:00:00,1757980824.0,0.19
2025-09-16 01:00:00,1757984402.0,0.195
2025-09-16 02:00:00,1757988009.0,0.195
2025-09-16 03:00:00,1757991614.0,0.195
2025-09-16 04:00:00,1757995210.0,0.195
2025-09-16 05:00:00,1757998807.0,0.195
2025-09-16 06:00:00,1758002402.0,0.195
2025-09-16 07:00:00,1758006013.0,0.2
2025-09-16 08:00:00,1758009612.0,0.2
2025-09-16 09:00:00,1758013234.0,0.2
2025-09-16 10:00:00,1758016822.0,0.2
2025-09-16 11:00:00,1758020423.0,0.2
2025-09-16 12:00:00,1758024023.0,0.2
2025-09-16 13:00:00,1758027619.0,0.2
2025-09-16 14:00:00,1758031218.0,0.2
2025-09-16 15:00:00,1758034819.0,0.2
2025-09-16 16:00:00,1758038402.0,0.2
2025-09-16 17:00:00,1758042012.0,0.2
2025-09-16 18:00:00,1758045604.0,0.2
2025-09-16 19:00:00,1758049217.0,0.2
2025-09-16 20:00:00,1758052828.0,0.2
2025-09-16 21:00:00,1758056412.0,0.2
2025-09-16 22:00:00,1758060005.0,0.195
2025-09-16 23:00:00,1758063604.0,0.195
2025-09-17 00:00:00,1758067210.0,0.19
2025-09-17 01:00:00,1758070803.0,0.195
2025-09-17 02:00:00,1758074416.0,0.19
2025-09-17 03:00:00,1758078011.0,0.19
2025-09-17 04:00:00,1758081610.0,0.195
2025-09-17 05:00:00,1758085219.0,0.19
2025-09-17 06:00:00,1758088816.0,0.19
2025-09-17 07:00:00,1758092403.0,0.19
2025-09-17 08:00:00,1758096018.0,0.19
2025-09-17 09:00:00,1758099619.0,0.19
2025-09-17 10:00:00,1758103208.0,0.19
2025-09-17 11:00:00,1758106804.0,0.19
2025-09-17 12:00:00,1758110412.0,0.19
2025-09-17 13:00:00,1758114008.0,0.19
2025-09-17 14:00:00,1758117612.0,0.19
2025-09-17 15:00:00,1758121210.0,0.19
2025-09-17 16:00:00,1758124816.0,0.195
2025-09-17 17:00:00,1758128408.0,0.195
2025-09-17 18:00:00,1758132004.0,0.19
2025-09-17 19:00:00,1758135613.0,0.21
2025-09-17 20:00:00,1758139219.0,0.19
2025-09-17 21:00:00,1758142825.0,0.19
2025-09-17 22:00:00,1758146417.0,0.19
2025-09-17 23:00:00,1758150015.0,0.19
2025-09-18 00:00:00,1758153612.0,0.19
2025-09-18 01:00:00,1758157210.0,0.195
2025-09-18 02:00:00,1758160802.0,0.195
2025-09-18 03:00:00,1758164406.0,0.195
2025-09-18 04:00:00,1758168011.0,0.195
2025-09-18 05:00:00,1758171606.0,0.19
2025-09-18 06:00:00,1758175208.0,0.19
2025-09-18 07:00:00,1758178808.0,0.19
2025-09-18 08:00:00,1758182419.0,0.19
2025-09-18 09:00:00,1758186015.0,0.19
2025-09-18 10:00:00,1758189616.0,0.19
2025-09-18 11:00:00,1758193205.0,0.175
2025-09-18 12:00:00,1758196825.0,0.175
2025-09-18 13:00:00,1758200420.0,0.17
2025-09-18 14:00:00,1758204019.0,0.17
2025-09-18 15:00:00,1758207604.0,0.185
2025-09-18 16:00:00,1758211209.0,0.185
2025-09-18 17:00:00,1758214811.0,0.185
2025-09-18 18:00:00,1758218411.0,0.185
2025-09-18 19:00:00,1758222019.0,0.185
2025-09-18 20:00:00,1758225603.0,0.185
2025-09-18 21:00:00,1758229212.0,0.185
2025-09-18 22:00:00,1758232810.0,0.185
2025-09-18 23:00:00,1758236417.0,0.185
2025-09-19 00:00:00,1758240005.0,0.18
2025-09-19 01:00:00,1758243602.0,0.18
2025-09-19 02:00:00,1758247210.0,0.18
2025-09-19 03:00:00,1758250818.0,0.185
2025-09-19 04:00:00,1758254419.0,0.185
2025-09-19 05:00:00,1758258019.0,0.185
2025-09-19 06:00:00,1758261622.0,0.185
2025-09-19 07:00:00,1758265214.0,0.185
2025-09-19 08:00:00,1758268821.0,0.185
2025-09-19 09:00:00,1758272418.0,0.185
2025-09-19 10:00:00,1758276025.0,0.185
2025-09-19 11:00:00,1758279609.0,0.185
2025-09-19 12:00:00,1758283221.0,0.185
2025-09-19 13:00:00,1758286802.0,0.185
2025-09-19 14:00:00,1758290406.0,0.185
2025-09-19 15:00:00,1758294017.0,0.185
2025-09-19 16:00:00,1758297604.0,0.205
2025-09-19 17:00:00,1758301221.0,0.225
2025-09-19 18:00:00,1758304825.0,0.22
2025-09-19 19:00:00,1758308402.0,0.22
2025-09-19 20:00:00,1758312011.0,0.21
2025-09-19 21:00:00,1758315621.0,0.22
2025-09-19 22:00:00,1758319212.0,0.22
2025-09-19 23:00:00,1758322824.0,0.22
2025-09-20 00:00:00,1758326410.0,0.22
2025-09-20 01:00:00,1758330015.0,0.22
2025-09-20 02:00:00,1758333604.0,0.22
2025-09-20 03:00:00,1758337212.0,0.22
2025-09-20 04:00:00,1758340808.0,0.22
2025-09-20 05:00:00,1758344407.0,0.22
2025-09-20 06:00:00,1758348027.0,0.22
2025-09-20 07:00:00,1758351606.0,0.22
2025-09-20 08:00:00,1758355210.0,0.22
2025-09-20 09:00:00,1758358816.0,0.22
2025-09-20 10:00:00,1758362409.0,0.21
2025-09-20 11:00:00,1758366017.0,0.215
2025-09-20 12:00:00,1758369608.0,0.22
2025-09-20 13:00:00,1758373223.0,0.22
2025-09-20 14:00:00,1758376821.0,0.21
2025-09-20 15:00:00,1758380411.0,0.21
2025-09-20 16:00:00,1758384009.0,0.215
2025-09-20 17:00:00,1758387612.0,0.215
2025-09-20 18:00:00,1758391223.0,0.215
2025-09-20 19:00:00,1758394819.0,0.215
2025-09-20 20:00:00,1758398407.0,0.215
2025-09-20 21:00:00,1758402006.0,0.205
2025-09-20 22:00:00,1758405607.0,0.205
2025-09-20 23:00:00,1758409209.0,0.205
2025-09-21 00:00:00,1758412811.0,0.205
2025-09-21 01:00:00,1758416409.0,0.205
2025-09-21 02:00:00,1758420015.0,0.205
2025-09-21 03:00:00,1758423618.0,0.205
2025-09-21 04:00:00,1758427216.0,0.215
2025-09-21 05:00:00,1758430814.0,0.215
2025-09-21 06:00:00,1758434410.0,0.215
2025-09-21 07:00:00,1758438002.0,0.215
2025-09-21 08:00:00,1758441607.0,0.215
2025-09-21 09:00:00,1758445206.0,0.215
2025-09-21 10:00:00,1758448804.0,0.215
2025-09-21 11:00:00,1758452404.0,0.215
2025-09-21 12:00:00,1758456020.0,0.215
2025-09-21 13:00:00,1758459610.0,0.215
2025-09-21 14:00:00,1758463221.0,0.215
2025-09-21 15:00:00,1758466817.0,0.215
2025-09-21 16:00:00,1758470402.0,0.215
2025-09-21 17:00:00,1758474012.0,0.215
2025-09-21 18:00:00,1758477624.0,0.215
2025-09-21 19:00:00,1758481204.0,0.215
2025-09-21 20:00:00,1758484821.0,0.215
2025-09-21 21:00:00,1758488402.0,0.215
2025-09-21 22:00:00,1758492004.0,0.215
2025-09-21 23:00:00,1758495620.0,0.215
2025-09-22 00:00:00,1758499215.0,0.215
2025-09-22 01:00:00,1758502804.0,0.215
2025-09-22 02:00:00,1758506416.0,0.215
2025-09-22 03:00:00,1758510013.0,0.215
2025-09-22 04:00:00,1758513621.0,0.215
2025-09-22 05:00:00,1758517208.0,0.215
2025-09-22 06:00:00,1758520821.0,0.215
2025-09-22 07:00:00,1758524422.0,0.215
2025-09-22 08:00:00,1758528012.0,0.215
2025-09-22 09:00:00,1758531619.0,0.215
2025-09-22 10:00:00,1758535225.0,0.215
2025-09-22 11:00:00,1758538804.0,0.215
2025-09-22 12:00:00,1758542406.0,0.215
2025-09-22 13:00:00,1758546014.0,0.215
2025-09-22 14:00:00,1758549619.0,0.215
2025-09-22 15:00:00,1758553214.0,0.215
2025-09-22 16:00:00,1758556805.0,0.215
2025-09-22 17:00:00,1758560419.0,0.215
2025-09-22 18:00:00,1758564015.0,0.215
2025-09-22 19:00:00,1758567619.0,0.215
2025-09-22 20:00:00,1758571207.0,0.215
2025-09-22 21:00:00,1758574803.0,0.215
2025-09-22 22:00:00,1758578420.0,0.215
2025-09-22 23:00:00,1758582008.0,0.215
2025-09-23 00:00:00,1758585606.0,0.215
2025-09-23 01:00:00,1758589205.0,0.215
2025-09-23 02:00:00,1758592806.0,0.215
2025-09-23 03:00:00,1758596417.0,0.215
2025-09-23 04:00:00,1758600002.0,0.215
2025-09-23 05:00:00,1758603614.0,0.215
2025-09-23 06:00:00,1758607212.0,0.215
2025-09-23 07:00:00,1758610822.0,0.215
2025-09-23 08:00:00,1758614404.0,0.215
2025-09-23 09:00:00,1758618019.0,0.215
2025-09-23 10:00:00,1758621620.0,0.215
2025-09-23 11:00:00,1758625216.0,0.215
2025-09-23 12:00:00,1758628830.0,0.215
2025-09-23 13:00:00,1758632412.0,0.215
2025-09-23 14:00:00,1758636023.0,0.215
2025-09-23 15:00:00,1758639602.0,0.215
2025-09-23 16:00:00,1758643214.0,0.215
2025-09-23 17:00:00,1758646809.0,0.215
2025-09-23 18:00:00,1758650417.0,0.215
2025-09-23 19:00:00,1758654007.0,0.215
2025-09-23 20:00:00,1758657602.0,0.215
2025-09-23 21:00:00,1758661207.0,0.215
2025-09-23 22:00:00,1758664809.0,0.215
2025-09-23 23:00:00,1758668407.0,0.215
2025-09-24 00:00:00,1758672008.0,0.215
2025-09-24 01:00:00,1758675610.0,0.215
2025-09-24 02:00:00,1758679208.0,0.215
2025-09-24 03:00:00,1758682822.0,0.215
2025-09-24 04:00:00,1758686415.0,0.215
2025-09-24 05:00:00,1758690019.0,0.215
2025-09-24 06:00:00,1758693608.0,0.215
2025-09-24 07:00:00,1758697210.0,0.215
2025-09-24 08:00:00,1758700817.0,0.215
2025-09-24 09:00:00,1758704417.0,0.215
2025-09-24 10:00:00,1758708011.0,0.215
2025-09-24 11:00:00,1758711612.0,0.215
2025-09-24 12:00:00,1758715204.0,0.215
2025-09-24 13:00:00,1758718812.0,0.215
2025-09-24 14:00:00,1758722408.0,0.215
2025-09-24 15:00:00,1758726008.0,0.215
2025-09-24 16:00:00,1758729604.0,0.215
2025-09-24 17:00:00,1758733206.0,0.215
2025-09-24 18:00:00,1758736806.0,0.215
2025-09-24 19:00:00,1758740410.0,0.215
2025-09-24 20:00:00,1758744004.0,0.215
2025-09-24 21:00:00,1758747606.0,0.215
2025-09-24 22:00:00,1758751206.0,0.215
2025-09-24 23:00:00,1758754812.0,0.215
2025-09-25 00:00:00,1758758408.0,0.215
2025-09-25 01:00:00,1758762008.0,0.215
2025-09-25 02:00:00,1758765610.0,0.215
2025-09-25 03:00:00,1758769209.0,0.215
2025-09-25 04:00:00,1758772803.0,0.215
2025-09-25 05:00:00,1758776408.0,0.215
2025-09-25 06:00:00,1758780014.0,0.215
2025-09-25 07:00:00,1758783610.0,0.215
2025-09-25 08:00:00,1758787208.0,0.215
2025-09-25 09:00:00,1758790804.0,0.215
2025-09-25 10:00:00,1758794404.0,0.215
2025-09-25 11:00:00,1758798012.0,0.215
2025-09-25 12:00:00,1758801612.0,0.215
2025-09-25 13:00:00,1758805202.0,0.215
2025-09-25 14:00:00,1758808802.0,0.215
2025-09-25 15:00:00,1758812411.0,0.215
2025-09-25 16:00:00,1758816007.0,0.215
2025-09-25 17:00:00,1758819618.0,0.215
2025-09-25 18:00:00,1758823215.0,0.215
2025-09-25 19:00:00,1758826808.0,0.22
2025-09-25 20:00:00,1758830407.0,0.22
2025-09-25 21:00:00,1758834002.0,0.22
2025-09-25 22:00:00,1758837605.0,0.22
2025-09-25 23:00:00,1758841212.0,0.22
2025-09-26 00:00:00,1758844808.0,0.22
2025-09-26 01:00:00,1758848408.0,0.22
2025-09-26 02:00:00,1758852008.0,0.22
2025-09-26 03:00:00,1758855612.0,0.22
2025-09-26 04:00:00,1758859207.0,0.22
2025-09-26 05:00:00,1758862806.0,0.22
2025-09-26 06:00:00,1758866411.0,0.22
2025-09-26 07:00:00,1758870017.0,0.22
2025-09-26 08:00:00,1758873611.0,0.22
2025-09-26 09:00:00,1758877217.0,0.22
2025-09-26 10:00:00,1758880808.0,0.22
2025-09-26 11:00:00,1758884413.0,0.22
2025-09-26 12:00:00,1758888004.0,0.22
2025-09-26 13:00:00,1758891609.0,0.22
2025-09-26 14:00:00,1758895206.0,0.225
2025-09-26 15:00:00,1758898806.0,0.225
2025-09-26 16:00:00,1758902402.0,0.225
2025-09-26 17:00:00,1758906017.0,0.225
2025-09-26 18:00:00,1758909607.0,0.225
2025-09-26 19:00:00,1758913213.0,0.225
2025-09-26 20:00:00,1758916809.0,0.225
2025-09-26 21:00:00,1758920409.0,0.225
2025-09-26 22:00:00,1758924003.0,0.225
2025-09-26 23:00:00,1758927605.0,0.22
2025-09-27 00:00:00,1758931203.0,0.22
2025-09-27 01:00:00,1758934810.0,0.22
2025-09-27 02:00:00,1758938410.0,0.22
2025-09-27 03:00:00,1758942006.0,0.22
2025-09-27 04:00:00,1758945615.0,0.22
2025-09-27 05:00:00,1758949214.0,0.22
2025-09-27 06:00:00,1758952814.0,0.22
2025-09-27 07:00:00,1758956411.0,0.22
2025-09-27 08:00:00,1758960009.0,0.22
2025-09-27 09:00:00,1758963611.0,0.22
2025-09-27 10:00:00,1758967202.0,0.22
2025-09-27 11:00:00,1758970808.0,0.22
2025-09-27 12:00:00,1758974416.0,0.22
2025-09-27 13:00:00,1758978007.0,0.22
2025-09-27 14:00:00,1758981603.0,0.22
2025-09-27 15:00:00,1758985204.0,0.22
2025-09-27 16:00:00,1758988806.0,0.22
2025-09-27 17:00:00,1758992412.0,0.22
2025-09-27 18:00:00,1758996018.0,0.22
2025-09-27 19:00:00,1758999609.0,0.22
2025-09-27 20:00:00,1759003209.0,0.22
2025-09-27 21:00:00,1759006806.0,0.22
2025-09-27 22:00:00,1759010411.0,0.22
2025-09-27 23:00:00,1759014008.0,0.22
2025-09-28 00:00:00,1759017614.0,0.225
2025-09-28 01:00:00,1759021204.0,0.225
2025-09-28 02:00:00,1759024814.0,0.225
2025-09-28 03:00:00,1759028414.0,0.225
2025-09-28 04:00:00,1759032006.0,0.225
2025-09-28 05:00:00,1759035617.0,0.225
2025-09-28 06:00:00,1759039203.0,0.225
2025-09-28 07:00:00,1759042815.0,0.225
2025-09-28 08:00:00,1759046409.0,0.225
2025-09-28 09:00:00,1759050017.0,0.225
2025-09-28 10:00:00,1759053608.0,0.225
2025-09-28 11:00:00,1759057205.0,0.225
2025-09-28 12:00:00,1759060819.0,0.225
2025-09-28 13:00:00,1759064413.0,0.225
2025-09-28 14:00:00,1759068010.0,0.225
2025-09-28 15:00:00,1759071610.0,0.225
2025-09-28 16:00:00,1759075204.0,0.225
2025-09-28 17:00:00,1759078805.0,0.225
2025-09-28 18:00:00,1759082404.0,0.225
2025-09-28 19:00:00,1759086017.0,0.22
2025-09-28 20:00:00,1759089606.0,0.22
2025-09-28 21:00:00,1759093210.0,0.22
2025-09-28 22:00:00,1759096807.0,0.22
2025-09-28 23:00:00,1759100412.0,0.225
2025-09-29 00:00:00,1759104005.0,0.225
2025-09-29 01:00:00,1759107608.0,0.23
2025-09-29 02:00:00,1759111209.0,0.23
2025-09-29 03:00:00,1759114807.0,0.23
2025-09-29 04:00:00,1759118409.0,0.23
2025-09-29 05:00:00,1759122004.0,0.23
2025-09-29 06:00:00,1759125611.0,0.23
2025-09-29 07:00:00,1759129205.0,0.23
2025-09-29 08:00:00,1759132811.0,0.23
2025-09-29 09:00:00,1759136406.0,0.23
2025-09-29 10:00:00,1759140006.0,0.23
2025-09-29 11:00:00,1759143612.0,0.23
2025-09-29 12:00:00,1759147214.0,0.23
2025-09-29 13:00:00,1759150810.0,0.225
2025-09-29 14:00:00,1759154406.0,0.225
2025-09-29 15:00:00,1759158004.0,0.225
2025-09-29 16:00:00,1759161608.0,0.225
2025-09-29 17:00:00,1759165207.0,0.215
2025-09-29 18:00:00,1759168808.0,0.215
2025-09-29 19:00:00,1759172404.0,0.225
2025-09-29 20:00:00,1759176012.0,0.225
2025-09-29 21:00:00,1759179609.0,0.225
2025-09-29 22:00:00,1759183204.0,0.225
2025-09-29 23:00:00,1759186812.0,0.23
2025-09-30 00:00:00,1759190406.0,0.23
2025-09-30 01:00:00,1759194005.0,0.23
2025-09-30 02:00:00,1759197609.0,0.23
2025-09-30 03:00:00,1759201214.0,0.23
2025-09-30 04:00:00,1759204808.0,0.23
2025-09-30 05:00:00,1759208414.0,0.23
2025-09-30 06:00:00,1759212009.0,0.23
2025-09-30 07:00:00,1759215611.0,0.23
2025-09-30 08:00:00,1759219211.0,0.23
2025-09-30 09:00:00,1759222802.0,0.23
2025-09-30 10:00:00,1759226410.0,0.23
2025-09-30 11:00:00,1759230013.0,0.23
2025-09-30 12:00:00,1759233613.0,0.245
2025-09-30 13:00:00,1759237209.0,0.245
2025-09-30 14:00:00,1759240805.0,0.245
2025-09-30 15:00:00,1759244402.0,0.245
2025-09-30 16:00:00,1759248008.0,0.245
2025-09-30 17:00:00,1759251602.0,0.245
2025-09-30 18:00:00,1759255211.0,0.245
2025-09-30 19:00:00,1759258803.0,0.245
2025-09-30 20:00:00,1759262410.0,0.245
2025-09-30 21:00:00,1759266003.0,0.245
2025-09-30 22:00:00,1759269607.0,0.245
2025-09-30 23:00:00,1759273205.0,0.245
2025-10-01 00:00:00,1759276808.0,0.245
2025-10-01 01:00:00,1759280406.0,0.245
2025-10-01 02:00:00,1759284009.0,0.245
2025-10-01 03:00:00,1759287611.0,0.245
2025-10-01 04:00:00,1759291206.0,0.245
2025-10-01 05:00:00,1759294809.0,0.245
2025-10-01 06:00:00,1759298404.0,0.245
2025-10-01 07:00:00,1759302004.0,0.245
2025-10-01 08:00:00,1759305603.0,0.245
2025-10-01 09:00:00,1759309207.0,0.245
2025-10-01 10:00:00,1759312806.0,0.245
2025-10-01 11:00:00,1759316405.0,0.245
2025-10-01 12:00:00,1759320003.0,0.245
2025-10-01 13:00:00,1759323603.0,0.245
2025-10-01 14:00:00,1759327204.0,0.245
2025-10-01 15:00:00,1759330802.0,0.245
2025-10-01 16:00:00,1759334412.0,0.245
2025-10-01 17:00:00,1759338007.0,0.245
2025-10-01 18:00:00,1759341616.0,0.225
2025-10-01 19:00:00,1759345204.0,0.23
2025-10-01 20:00:00,1759348806.0,0.23
2025-10-01 21:00:00,1759352407.0,0.23
2025-10-01 22:00:00,1759356005.0,0.23
2025-10-01 23:00:00,1759359604.0,0.23
2025-10-02 00:00:00,1759363210.0,0.23
2025-10-02 01:00:00,1759366810.0,0.23
2025-10-02 02:00:00,1759370402.0,0.23
2025-10-02 03:00:00,1759374003.0,0.23
2025-10-02 04:00:00,1759377606.0,0.23
2025-10-02 05:00:00,1759381203.0,0.23
2025-10-02 06:00:00,1759384806.0,0.23
2025-10-02 07:00:00,1759388405.0,0.23
2025-10-02 08:00:00,1759392008.0,0.23
2025-10-02 09:00:00,1759395610.0,0.23
2025-10-02 10:00:00,1759399202.0,0.23
2025-10-02 11:00:00,1759402802.0,0.23
2025-10-02 12:00:00,1759406403.0,0.23
2025-10-02 13:00:00,1759410007.0,0.23
2025-10-02 14:00:00,1759413615.0,0.23
2025-10-02 15:00:00,1759417212.0,0.23
2025-10-02 16:00:00,1759420811.0,0.23
2025-10-02 17:00:00,1759424402.0,0.23
2025-10-02 18:00:00,1759428008.0,0.23
2025-10-02 19:00:00,1759431604.0,0.23
2025-10-02 20:00:00,1759435209.0,0.23
2025-10-02 21:00:00,1759438805.0,0.23
2025-10-02 22:00:00,1759442403.0,0.23
2025-10-02 23:00:00,1759446007.0,0.23
2025-10-03 00:00:00,1759449609.0,0.23
2025-10-03 01:00:00,1759453202.0,0.24
2025-10-03 02:00:00,1759456808.0,0.24
2025-10-03 03:00:00,1759460405.0,0.24
2025-10-03 04:00:00,1759464012.0,0.24
2025-10-03 05:00:00,1759467606.0,0.24
2025-10-03 06:00:00,1759471205.0,0.24
2025-10-03 07:00:00,1759474810.0,0.24
2025-10-03 08:00:00,1759478406.0,0.24
2025-10-03 09:00:00,1759482008.0,0.24
2025-10-03 10:00:00,1759485603.0,0.24
2025-10-03 11:00:00,1759489207.0,0.24
2025-10-03 12:00:00,1759492809.0,0.24
2025-10-03 13:00:00,1759496402.0,0.24
2025-10-03 14:00:00,1759500003.0,0.24
2025-10-03 15:00:00,1759503609.0,0.24
2025-10-03 16:00:00,1759507203.0,0.24
2025-10-03 17:00:00,1759510811.0,0.24
2025-10-03 18:00:00,1759514406.0,0.24
2025-10-03 19:00:00,1759518007.0,0.24
2025-10-03 20:00:00,1759521602.0,0.24
2025-10-03 21:00:00,1759525206.0,0.24
2025-10-03 22:00:00,1759528804.0,0.24
2025-10-03 23:00:00,1759532404.0,0.24
2025-10-04 00:00:00,1759536005.0,0.24
2025-10-04 01:00:00,1759539605.0,0.24
2025-10-04 02:00:00,1759543204.0,0.24
2025-10-04 03:00:00,1759546804.0,0.24
2025-10-04 04:00:00,1759550403.0,0.24
2025-10-04 05:00:00,1759554003.0,0.24
2025-10-04 06:00:00,1759557603.0,0.24
2025-10-04 07:00:00,1759561208.0,0.24
2025-10-04 08:00:00,1759564805.0,0.24
2025-10-04 09:00:00,1759568411.0,0.24
2025-10-04 10:00:00,1759572007.0,0.24
2025-10-04 11:00:00,1759575606.0,0.245
2025-10-04 12:00:00,1759579211.0,0.245
2025-10-04 13:00:00,1759582808.0,0.245
2025-10-04 14:00:00,1759586405.0,0.245
2025-10-04 15:00:00,1759590010.0,0.245
2025-10-04 16:00:00,1759593606.0,0.245
2025-10-04 17:00:00,1759597208.0,0.245
2025-10-04 18:00:00,1759600810.0,0.245
2025-10-04 19:00:00,1759604407.0,0.245
2025-10-04 20:00:00,1759608005.0,0.245
2025-10-04 21:00:00,1759611603.0,0.245
2025-10-04 22:00:00,1759615206.0,0.245
2025-10-04 23:00:00,1759618806.0,0.245
2025-10-05 00:00:00,1759622403.0,0.245
2025-10-05 01:00:00,1759626004.0,0.245
2025-10-05 02:00:00,1759629603.0,0.245
2025-10-05 03:00:00,1759633204.0,0.245
2025-10-05 04:00:00,1759636806.0,0.245
2025-10-05 05:00:00,1759640405.0,0.245
2025-10-05 06:00:00,1759644003.0,0.245
2025-10-05 07:00:00,1759647602.0,0.24
2025-10-05 08:00:00,1759651207.0,0.24
2025-10-05 09:00:00,1759654804.0,0.24
2025-10-05 10:00:00,1759658407.0,0.24
2025-10-05 11:00:00,1759662003.0,0.24
2025-10-05 12:00:00,1759665604.0,0.24
2025-10-05 13:00:00,1759669202.0,0.24
2025-10-05 14:00:00,1759672804.0,0.24
2025-10-05 15:00:00,1759676403.0,0.24
2025-10-05 16:00:00,1759680002.0,0.24
2025-10-05 17:00:00,1759683603.0,0.24
2025-10-05 18:00:00,1759687215.0,0.24
2025-10-05 19:00:00,1759690802.0,0.24
2025-10-05 20:00:00,1759694406.0,0.24
2025-10-05 21:00:00,1759698008.0,0.24
2025-10-05 22:00:00,1759701602.0,0.24
2025-10-05 23:00:00,1759705206.0,0.24
2025-10-06 00:00:00,1759708808.0,0.24
2025-10-06 01:00:00,1759712403.0,0.24
2025-10-06 02:00:00,1759716004.0,0.24
2025-10-06 03:00:00,1759719603.0,0.24
2025-10-06 04:00:00,1759723203.0,0.24
2025-10-06 05:00:00,1759726807.0,0.24
2025-10-06 06:00:00,1759730404.0,0.24
2025-10-06 07:00:00,1759734002.0,0.24
2025-10-06 08:00:00,1759737603.0,0.24
2025-10-06 09:00:00,1759741205.0,0.24
2025-10-06 10:00:00,1759744808.0,0.24
2025-10-06 11:00:00,1759748406.0,0.24
2025-10-06 12:00:00,1759752011.0,0.24
2025-10-06 13:00:00,1759755603.0,0.24
2025-10-06 14:00:00,1759759207.0,0.24
2025-10-06 15:00:00,1759762803.0,0.24
2025-10-06 16:00:00,1759766407.0,0.24
2025-10-06 17:00:00,1759770003.0,0.24
2025-10-06 18:00:00,1759773602.0,0.24
2025-10-06 19:00:00,1759777206.0,0.24
2025-10-06 20:00:00,1759780810.0,0.24
2025-10-06 21:00:00,1759784416.0,0.24
2025-10-06 22:00:00,1759788006.0,0.24
2025-10-06 23:00:00,1759791613.0,0.24
2025-10-07 00:00:00,1759795208.0,0.24
2025-10-07 01:00:00,1759798809.0,0.24
2025-10-07 02:00:00,1759802402.0,0.24
2025-10-07 03:00:00,1759806010.0,0.24
2025-10-07 04:00:00,1759809602.0,0.24
2025-10-07 05:00:00,1759813204.0,0.24
2025-10-07 06:00:00,1759816803.0,0.24
2025-10-07 07:00:00,1759820414.0,0.24
2025-10-07 08:00:00,1759824010.0,0.24
2025-10-07 09:00:00,1759827606.0,0.24
2025-10-07 10:00:00,1759831202.0,0.24
2025-10-07 11:00:00,1759834813.0,0.24
2025-10-07 12:00:00,1759838411.0,0.24
2025-10-07 13:00:00,1759842008.0,0.24
2025-10-07 14:00:00,1759845602.0,0.24
2025-10-07 15:00:00,1759849206.0,0.24
2025-10-07 16:00:00,1759852810.0,0.24
2025-10-07 17:00:00,1759856409.0,0.24
2025-10-07 18:00:00,1759860005.0,0.245
2025-10-07 19:00:00,1759863606.0,0.245
2025-10-07 20:00:00,1759867208.0,0.245
2025-10-07 21:00:00,1759870811.0,0.245
2025-10-07 22:00:00,1759874410.0,0.245
2025-10-07 23:00:00,1759878003.0,0.245
2025-10-08 00:00:00,1759881603.0,0.24
2025-10-08 01:00:00,1759885206.0,0.24
2025-10-08 02:00:00,1759888806.0,0.24
2025-10-08 03:00:00,1759892411.0,0.24
2025-10-08 04:00:00,1759896010.0,0.24
2025-10-08 05:00:00,1759899608.0,0.24
2025-10-08 06:00:00,1759903220.0,0.24
2025-10-08 07:00:00,1759906806.0,0.24
2025-10-08 08:00:00,1759910409.0,0.24
2025-10-08 09:00:00,1759914009.0,0.24
2025-10-08 10:00:00,1759917611.0,0.24
2025-10-08 11:00:00,1759921203.0,0.24
2025-10-08 12:00:00,1759924805.0,0.24
2025-10-08 13:00:00,1759928411.0,0.24
2025-10-08 14:00:00,1759932003.0,0.24
2025-10-08 15:00:00,1759935606.0,0.24
2025-10-08 16:00:00,1759939213.0,0.24
2025-10-08 17:00:00,1759942805.0,0.24
2025-10-08 18:00:00,1759946419.0,0.24
2025-10-08 19:00:00,1759950010.0,0.245
2025-10-08 20:00:00,1759953614.0,0.245
2025-10-08 21:00:00,1759957205.0,0.245
2025-10-08 22:00:00,1759960809.0,0.245
2025-10-08 23:00:00,1759964414.0,0.24
2025-10-09 00:00:00,1759968009.0,0.24
2025-10-09 01:00:00,1759971603.0,0.24
2025-10-09 02:00:00,1759975211.0,0.24
2025-10-09 03:00:00,1759978817.0,0.24
2025-10-09 04:00:00,1759982403.0,0.24
2025-10-09 05:00:00,1759986014.0,0.24
2025-10-09 06:00:00,1759989617.0,0.24
2025-10-09 07:00:00,1759993205.0,0.24
2025-10-09 08:00:00,1759996816.0,0.24
2025-10-09 09:00:00,1760000411.0,0.24
2025-10-09 10:00:00,1760004003.0,0.24
2025-10-09 11:00:00,1760007604.0,0.24
2025-10-09 12:00:00,1760011204.0,0.24
2025-10-09 13:00:00,1760014804.0,0.24
2025-10-09 14:00:00,1760018409.0,0.235
2025-10-09 15:00:00,1760022018.0,0.23
2025-10-09 16:00:00,1760025616.0,0.235
2025-10-09 17:00:00,1760029215.0,0.235
2025-10-09 18:00:00,1760032805.0,0.235
2025-10-09 19:00:00,1760036408.0,0.235
2025-10-09 20:00:00,1760040007.0,0.235
2025-10-09 21:00:00,1760043619.0,0.235
2025-10-09 22:00:00,1760047206.0,0.235
2025-10-09 23:00:00,1760050806.0,0.235
2025-10-10 00:00:00,1760054408.0,0.235
2025-10-10 01:00:00,1760058003.0,0.235
2025-10-10 02:00:00,1760061613.0,0.235
2025-10-10 03:00:00,1760065211.0,0.235
2025-10-10 04:00:00,1760068817.0,0.235
2025-10-10 05:00:00,1760072413.0,0.235
2025-10-10 06:00:00,1760076018.0,0.235
2025-10-10 07:00:00,1760079605.0,0.235
2025-10-10 08:00:00,1760083207.0,0.235
2025-10-10 09:00:00,1760086816.0,0.235
2025-10-10 10:00:00,1760090414.0,0.235
2025-10-10 11:00:00,1760094005.0,0.235
2025-10-10 12:00:00,1760097619.0,0.275
2025-10-10 13:00:00,1760101206.0,0.275
2025-10-10 14:00:00,1760104811.0,0.28
2025-10-10 15:00:00,1760108410.0,0.28
2025-10-10 16:00:00,1760112009.0,0.28
2025-10-10 17:00:00,1760115616.0,0.28
2025-10-10 18:00:00,1760119203.0,0.28
2025-10-10 19:00:00,1760122816.0,0.28
2025-10-10 20:00:00,1760126407.0,0.285
2025-10-10 21:00:00,1760130012.0,0.285
2025-10-10 22:00:00,1760133602.0,0.285
2025-10-10 23:00:00,1760137217.0,0.26
2025-10-11 00:00:00,1760140809.0,0.275
2025-10-11 01:00:00,1760144410.0,0.275
2025-10-11 02:00:00,1760148003.0,0.29
2025-10-11 03:00:00,1760151611.0,0.29
2025-10-11 04:00:00,1760155215.0,0.29
2025-10-11 05:00:00,1760158812.0,0.29
2025-10-11 06:00:00,1760162407.0,0.315
2025-10-11 07:00:00,1760166006.0,0.335
2025-10-11 08:00:00,1760169616.0,0.325
2025-10-11 09:00:00,1760173217.0,0.33
2025-10-11 10:00:00,1760176811.0,0.33
2025-10-11 11:00:00,1760180411.0,0.325
2025-10-11 12:00:00,1760184014.0,0.325
2025-10-11 13:00:00,1760187608.0,0.325
2025-10-11 14:00:00,1760191215.0,0.325
2025-10-11 15:00:00,1760194810.0,0.325
2025-10-11 16:00:00,1760198405.0,0.325
2025-10-11 17:00:00,1760202013.0,0.325
2025-10-11 18:00:00,1760205609.0,0.325
2025-10-11 19:00:00,1760209218.0,0.325
2025-10-11 20:00:00,1760212816.0,0.325
2025-10-11 21:00:00,1760216405.0,0.325
2025-10-11 22:00:00,1760220010.0,0.325
2025-10-11 23:00:00,1760223611.0,0.325
2025-10-12 00:00:00,1760227213.0,0.325
2025-10-12 01:00:00,1760230814.0,0.325
2025-10-12 02:00:00,1760234417.0,0.325
2025-10-12 03:00:00,1760238021.0,0.335
2025-10-12 04:00:00,1760241607.0,0.305
2025-10-12 05:00:00,1760245209.0,0.305
2025-10-12 06:00:00,1760248812.0,0.305
2025-10-12 07:00:00,1760252412.0,0.305
2025-10-12 08:00:00,1760256006.0,0.305
2025-10-12 09:00:00,1760259619.0,0.305
2025-10-12 10:00:00,1760263211.0,0.305
2025-10-12 11:00:00,1760266809.0,0.305
2025-10-12 12:00:00,1760270415.0,0.305
2025-10-12 13:00:00,1760274011.0,0.315
2025-10-12 14:00:00,1760277619.0,0.315
2025-10-12 15:00:00,1760281219.0,0.315
2025-10-12 16:00:00,1760284818.0,0.315
2025-10-12 17:00:00,1760288413.0,0.315
2025-10-12 18:00:00,1760292010.0,0.305
2025-10-12 19:00:00,1760295604.0,0.315
2025-10-12 20:00:00,1760299205.0,0.315
2025-10-12 21:00:00,1760302816.0,0.32
2025-10-12 22:00:00,1760306403.0,0.32
2025-10-12 23:00:00,1760310015.0,0.32
2025-10-13 00:00:00,1760313608.0,0.32
2025-10-13 01:00:00,1760317208.0,0.32
2025-10-13 02:00:00,1760320814.0,0.32
2025-10-13 03:00:00,1760324415.0,0.315
2025-10-13 04:00:00,1760328015.0,0.315
2025-10-13 05:00:00,1760331607.0,0.315
2025-10-13 06:00:00,1760335219.0,0.315
2025-10-13 07:00:00,1760338805.0,0.315
2025-10-13 08:00:00,1760342418.0,0.31
2025-10-13 09:00:00,1760346011.0,0.31
2025-10-13 10:00:00,1760349604.0,0.31
2025-10-13 11:00:00,1760353216.0,0.31
2025-10-13 12:00:00,1760356812.0,0.315
2025-10-13 13:00:00,1760360408.0,0.315
2025-10-13 14:00:00,1760364018.0,0.315
2025-10-13 15:00:00,1760367610.0,0.315
2025-10-13 16:00:00,1760371206.0,0.315
2025-10-13 17:00:00,1760374820.0,0.315
2025-10-13 18:00:00,1760378409.0,0.315
2025-10-13 19:00:00,1760382018.0,0.325
2025-10-13 20:00:00,1760385617.0,0.33
2025-10-13 21:00:00,1760389214.0,0.345
2025-10-13 22:00:00,1760392808.0,0.355
2025-10-13 23:00:00,1760396418.0,0.355
2025-10-14 00:00:00,1760400013.0,0.335
2025-10-14 01:00:00,1760403616.0,0.345
2025-10-14 02:00:00,1760407218.0,0.34
2025-10-14 03:00:00,1760410813.0,0.345
2025-10-14 04:00:00,1760414407.0,0.345
2025-10-14 05:00:00,1760418007.0,0.345
2025-10-14 06:00:00,1760421605.0,0.345
2025-10-14 07:00:00,1760425204.0,0.335
2025-10-14 08:00:00,1760428803.0,0.345
2025-10-14 09:00:00,1760432407.0,0.34
2025-10-14 10:00:00,1760436003.0,0.34
2025-10-14 11:00:00,1760439606.0,0.34
2025-10-14 12:00:00,1760443214.0,0.34
2025-10-14 13:00:00,1760446804.0,0.35
2025-10-14 14:00:00,1760450405.0,0.35
2025-10-14 15:00:00,1760454010.0,0.35
2025-10-14 16:00:00,1760457619.0,0.34
2025-10-14 17:00:00,1760461210.0,0.34
2025-10-14 18:00:00,1760464823.0,0.35
2025-10-14 19:00:00,1760468417.0,0.345
2025-10-14 20:00:00,1760472018.0,0.335
2025-10-14 21:00:00,1760475604.0,0.345
2025-10-14 22:00:00,1760479212.0,0.35
2025-10-14 23:00:00,1760482808.0,0.35
2025-10-15 00:00:00,1760486412.0,0.35
2025-10-15 01:00:00,1760490010.0,0.35
2025-10-15 02:00:00,1760493612.0,0.35
2025-10-15 03:00:00,1760497220.0,0.35
2025-10-15 04:00:00,1760500805.0,0.345
2025-10-15 05:00:00,1760504418.0,0.345
2025-10-15 06:00:00,1760508005.0,0.345
2025-10-15 07:00:00,1760511605.0,0.345
2025-10-15 08:00:00,1760515211.0,0.345
2025-10-15 09:00:00,1760518820.0,0.34
2025-10-15 10:00:00,1760522413.0,0.34
2025-10-15 11:00:00,1760526007.0,0.33
2025-10-15 12:00:00,1760529611.0,0.34
2025-10-15 13:00:00,1760533217.0,0.35
2025-10-15 14:00:00,1760536806.0,0.35
2025-10-15 15:00:00,1760540420.0,0.35
2025-10-15 16:00:00,1760544006.0,0.35
2025-10-15 17:00:00,1760547606.0,0.35
2025-10-15 18:00:00,1760551223.0,0.35
2025-10-15 19:00:00,1760554817.0,0.355
2025-10-15 20:00:00,1760558419.0,0.34
2025-10-15 21:00:00,1760562006.0,0.34
2025-10-15 22:00:00,1760565607.0,0.34
2025-10-15 23:00:00,1760569205.0,0.335
2025-10-16 00:00:00,1760572816.0,0.325
2025-10-16 01:00:00,1760576412.0,0.335
2025-10-16 02:00:00,1760580010.0,0.33
2025-10-16 03:00:00,1760583607.0,0.305
2025-10-16 04:00:00,1760587211.0,0.335
2025-10-16 05:00:00,1760590811.0,0.335
2025-10-16 06:00:00,1760594424.0,0.325
2025-10-16 07:00:00,1760598013.0,0.335
2025-10-16 08:00:00,1760601609.0,0.34
2025-10-16 09:00:00,1760605217.0,0.325
2025-10-16 10:00:00,1760608808.0,0.32
2025-10-16 11:00:00,1760612417.0,0.335
2025-10-16 12:00:00,1760616010.0,0.31
2025-10-16 13:00:00,1760619618.0,0.31
2025-10-16 14:00:00,1760623208.0,0.325
2025-10-16 15:00:00,1760626811.0,0.325
2025-10-16 16:00:00,1760630418.0,0.325
2025-10-16 17:00:00,1760634018.0,0.335
2025-10-16 18:00:00,1760637607.0,0.335
2025-10-16 19:00:00,1760641207.0,0.335
2025-10-16 20:00:00,1760644810.0,0.335
2025-10-16 21:00:00,1760648407.0,0.335
2025-10-16 22:00:00,1760652008.0,0.335
2025-10-16 23:00:00,1760655605.0,0.335
2025-10-17 00:00:00,1760659211.0,0.33
2025-10-17 01:00:00,1760662810.0,0.33
2025-10-17 02:00:00,1760666410.0,0.32
2025-10-17 03:00:00,1760670012.0,0.33
2025-10-17 04:00:00,1760673611.0,0.33
2025-10-17 05:00:00,1760677216.0,0.33
2025-10-17 06:00:00,1760680814.0,0.33
2025-10-17 07:00:00,1760684417.0,0.33
2025-10-17 08:00:00,1760688004.0,0.33
2025-10-17 09:00:00,1760691628.0,0.33
2025-10-17 10:00:00,1760695218.0,0.33
2025-10-17 11:00:00,1760698808.0,0.33
2025-10-17 12:00:00,1760702409.0,0.33
2025-10-17 13:00:00,1760706017.0,0.33
2025-10-17 14:00:00,1760709617.0,0.33
2025-10-17 15:00:00,1760713210.0,0.33
2025-10-17 16:00:00,1760716821.0,0.345
2025-10-17 17:00:00,1760720414.0,0.34
2025-10-17 18:00:00,1760724024.0,0.34
2025-10-17 19:00:00,1760727620.0,0.355
2025-10-17 20:00:00,1760731213.0,0.355
2025-10-17 21:00:00,1760734811.0,0.355
2025-10-17 22:00:00,1760738412.0,0.355
2025-10-17 23:00:00,1760742012.0,0.355
2025-10-18 00:00:00,1760745614.0,0.355
2025-10-18 01:00:00,1760749212.0,0.355
2025-10-18 02:00:00,1760752812.0,0.355
2025-10-18 03:00:00,1760756409.0,0.355
2025-10-18 04:00:00,1760760019.0,0.355
2025-10-18 05:00:00,1760763606.0,0.355
2025-10-18 06:00:00,1760767209.0,0.355
2025-10-18 07:00:00,1760770804.0,0.355
2025-10-18 08:00:00,1760774414.0,0.355
2025-10-18 09:00:00,1760778026.0,0.355
2025-10-18 10:00:00,1760781610.0,0.355
2025-10-18 11:00:00,1760785205.0,0.355
2025-10-18 12:00:00,1760788825.0,0.335
2025-10-18 13:00:00,1760792409.0,0.335
2025-10-18 14:00:00,1760796006.0,0.34
2025-10-18 15:00:00,1760799614.0,0.345
2025-10-18 16:00:00,1760803217.0,0.345
2025-10-18 17:00:00,1760806807.0,0.345
2025-10-18 18:00:00,1760810422.0,0.345
2025-10-18 19:00:00,1760814015.0,0.345
2025-10-18 20:00:00,1760817621.0,0.345
2025-10-18 21:00:00,1760821212.0,0.345
2025-10-18 22:00:00,1760824820.0,0.345
2025-10-18 23:00:00,1760828420.0,0.345
2025-10-19 00:00:00,1760832013.0,0.345
2025-10-19 01:00:00,1760835613.0,0.345
2025-10-19 02:00:00,1760839209.0,0.345
2025-10-19 03:00:00,1760842821.0,0.345
2025-10-19 04:00:00,1760846417.0,0.355
2025-10-19 05:00:00,1760850014.0,0.355
2025-10-19 06:00:00,1760853627.0,0.36
2025-10-19 07:00:00,1760857206.0,0.4
2025-10-19 08:00:00,1760860808.0,0.36
2025-10-19 09:00:00,1760864410.0,0.37
2025-10-19 10:00:00,1760868016.0,0.375
2025-10-19 11:00:00,1760871615.0,0.39
2025-10-19 12:00:00,1760875205.0,0.385
2025-10-19 13:00:00,1760878808.0,0.385
2025-10-19 14:00:00,1760882416.0,0.39
2025-10-19 15:00:00,1760886018.0,0.39
2025-10-19 16:00:00,1760889614.0,0.385
2025-10-19 17:00:00,1760893216.0,0.385
2025-10-19 18:00:00,1760896810.0,0.38
2025-10-19 19:00:00,1760900416.0,0.38
2025-10-19 20:00:00,1760904011.0,0.375
2025-10-19 21:00:00,1760907619.0,0.385
2025-10-19 22:00:00,1760911213.0,0.385
2025-10-19 23:00:00,1760914808.0,0.375
2025-10-20 00:00:00,1760918411.0,0.375
2025-10-20 01:00:00,1760922005.0,0.375
2025-10-20 02:00:00,1760925610.0,0.395
2025-10-20 03:00:00,1760929222.0,0.395
2025-10-20 04:00:00,1760932810.0,0.395
2025-10-20 05:00:00,1760936403.0,0.395
2025-10-20 06:00:00,1760940009.0,0.395
2025-10-20 07:00:00,1760943619.0,0.395
2025-10-20 08:00:00,1760947204.0,0.395
2025-10-20 09:00:00,1760950807.0,0.395
2025-10-20 10:00:00,1760954407.0,0.395
2025-10-20 11:00:00,1760958012.0,0.395
2025-10-20 12:00:00,1760961621.0,0.395
2025-10-20 13:00:00,1760965217.0,0.395
2025-10-20 14:00:00,1760968813.0,0.395
2025-10-20 15:00:00,1760972423.0,0.4
2025-10-20 16:00:00,1760976006.0,0.39
2025-10-20 17:00:00,1760979613.0,0.39
2025-10-20 18:00:00,1760983214.0,0.385
2025-10-20 19:00:00,1760986805.0,0.385
2025-10-20 20:00:00,1760990412.0,0.385
2025-10-20 21:00:00,1760994017.0,0.385
2025-10-20 22:00:00,1760997610.0,0.385
2025-10-20 23:00:00,1761001211.0,0.385
2025-10-21 00:00:00,1761004820.0,0.385
2025-10-21 01:00:00,1761008411.0,0.385
2025-10-21 02:00:00,1761012003.0,0.385
2025-10-21 03:00:00,1761015607.0,0.385
2025-10-21 04:00:00,1761019207.0,0.385
2025-10-21 05:00:00,1761022819.0,0.385
2025-10-21 06:00:00,1761026423.0,0.385
2025-10-21 07:00:00,1761030003.0,0.395
2025-10-21 08:00:00,1761033613.0,0.395
2025-10-21 09:00:00,1761037208.0,0.395
2025-10-21 10:00:00,1761040808.0,0.395
2025-10-21 11:00:00,1761044416.0,0.395
2025-10-21 12:00:00,1761048012.0,0.395
2025-10-21 13:00:00,1761051605.0,0.395
2025-10-21 14:00:00,1761055212.0,0.39
2025-10-21 15:00:00,1761058808.0,0.395
2025-10-21 16:00:00,1761062415.0,0.4
2025-10-21 17:00:00,1761066014.0,0.395
2025-10-21 18:00:00,1761069612.0,0.395
2025-10-21 19:00:00,1761073219.0,0.395
2025-10-21 20:00:00,1761076818.0,0.395
2025-10-21 21:00:00,1761080423.0,0.395
2025-10-21 22:00:00,1761084003.0,0.405
2025-10-21 23:00:00,1761087603.0,0.395
2025-10-22 00:00:00,1761091203.0,0.395
2025-10-22 01:00:00,1761094804.0,0.395
2025-10-22 02:00:00,1761098403.0,0.395
2025-10-22 03:00:00,1761102003.0,0.395
2025-10-22 04:00:00,1761105603.0,0.395
2025-10-22 05:00:00,1761109203.0,0.395
2025-10-22 06:00:00,1761112803.0,0.395
2025-10-22 07:00:00,1761116403.0,0.395
2025-10-22 08:00:00,1761120003.0,0.375
2025-10-22 09:00:00,1761123603.0,0.37
2025-10-22 10:00:00,1761127203.0,0.38
2025-10-22 11:00:00,1761130803.0,0.385
2025-10-22 12:00:00,1761134404.0,0.385
2025-10-22 13:00:00,1761138004.0,0.385
2025-10-22 14:00:00,1761141604.0,0.385
2025-10-22 15:00:00,1761145204.0,0.385
2025-10-22 16:00:00,1761148804.0,0.385
2025-10-22 17:00:00,1761152404.0,0.385
2025-10-22 18:00:00,1761156004.0,0.385
2025-10-22 19:00:00,1761159604.0,0.385
2025-10-22 20:00:00,1761163204.0,0.385
2025-10-22 21:00:00,1761166803.0,0.385
2025-10-22 22:00:00,1761170404.0,0.385
2025-10-22 23:00:00,1761174003.0,0.385
2025-10-23 00:00:00,1761177605.0,0.385
2025-10-23 01:00:00,1761181204.0,0.385
2025-10-23 02:00:00,1761184804.0,0.385
2025-10-23 03:00:00,1761188404.0,0.385
2025-10-23 04:00:00,1761192004.0,0.385
2025-10-23 05:00:00,1761195603.0,0.385
2025-10-23 06:00:00,1761199205.0,0.385
2025-10-23 07:00:00,1761202803.0,0.385
2025-10-23 08:00:00,1761206403.0,0.385
2025-10-23 09:00:00,1761210004.0,0.385
2025-10-23 10:00:00,1761213604.0,0.385
2025-10-23 11:00:00,1761217204.0,0.385
2025-10-23 12:00:00,1761220804.0,0.39
2025-10-23 13:00:00,1761224404.0,0.385
2025-10-23 14:00:00,1761228033.0,0.38
2025-10-23 15:00:00,1761231603.0,0.38
2025-10-23 16:00:00,1761235204.0,0.375
2025-10-23 17:00:00,1761238804.0,0.355
2025-10-23 18:00:00,1761242404.0,0.355
2025-10-23 19:00:00,1761246004.0,0.355
2025-10-23 20:00:00,1761249604.0,0.355
2025-10-23 21:00:00,1761253204.0,0.355
2025-10-23 22:00:00,1761256804.0,0.355
2025-10-23 23:00:00,1761260404.0,0.355
2025-10-24 00:00:00,1761264004.0,0.355
2025-10-24 01:00:00,1761267604.0,0.36
2025-10-24 02:00:00,1761271204.0,0.355
2025-10-24 03:00:00,1761274804.0,0.355
2025-10-24 04:00:00,1761278404.0,0.355
2025-10-24 05:00:00,1761282004.0,0.355
2025-10-24 06:00:00,1761285604.0,0.345
2025-10-24 07:00:00,1761289204.0,0.355
2025-10-24 08:00:00,1761292804.0,0.345
2025-10-24 09:00:00,1761296404.0,0.345
2025-10-24 10:00:00,1761300004.0,0.345
2025-10-24 11:00:00,1761303604.0,0.345
2025-10-24 12:00:00,1761307204.0,0.35
2025-10-24 13:00:00,1761310804.0,0.345
2025-10-24 14:00:00,1761314405.0,0.345
2025-10-24 15:00:00,1761318004.0,0.355
2025-10-24 16:00:00,1761321604.0,0.355
2025-10-24 17:00:00,1761325204.0,0.355
2025-10-24 18:00:00,1761328804.0,0.35
2025-10-24 19:00:00,1761332404.0,0.35
2025-10-24 20:00:00,1761336004.0,0.355
2025-10-24 21:00:00,1761339605.0,0.345
2025-10-24 22:00:00,1761343204.0,0.345
2025-10-24 23:00:00,1761346804.0,0.345
2025-10-25 00:00:00,1761350405.0,0.345
2025-10-25 01:00:00,1761354004.0,0.355
2025-10-25 02:00:00,1761357604.0,0.355
2025-10-25 03:00:00,1761361204.0,0.355
2025-10-25 04:00:00,1761364804.0,0.355
2025-10-25 05:00:00,1761368404.0,0.355
2025-10-25 06:00:00,1761372004.0,0.35
2025-10-25 07:00:00,1761375604.0,0.34
2025-10-25 08:00:00,1761379204.0,0.34
2025-10-25 09:00:00,1761382804.0,0.345
2025-10-25 10:00:00,1761386404.0,0.34
2025-10-25 11:00:00,1761390004.0,0.345
2025-10-25 12:00:00,1761393604.0,0.34
2025-10-25 13:00:00,1761397204.0,0.35
2025-10-25 14:00:00,1761400804.0,0.355
2025-10-25 15:00:00,1761404404.0,0.36
2025-10-25 16:00:00,1761408004.0,0.36
2025-10-25 17:00:00,1761411604.0,0.37
2025-10-25 18:00:00,1761415205.0,0.375
2025-10-25 19:00:00,1761418804.0,0.37
2025-10-25 20:00:00,1761422404.0,0.37
2025-10-25 21:00:00,1761426005.0,0.365
2025-10-25 22:00:00,1761429604.0,0.36
2025-10-25 23:00:00,1761433205.0,0.36
2025-10-26 00:00:00,1761436804.0,0.36
2025-10-26 01:00:00,1761440403.0,0.36
2025-10-26 02:00:00,1761444004.0,0.335
2025-10-26 03:00:00,1761447603.0,0.335
2025-10-26 04:00:00,1761451203.0,0.345
2025-10-26 05:00:00,1761454803.0,0.365
2025-10-26 06:00:00,1761458403.0,0.365
2025-10-26 07:00:00,1761462003.0,0.365
2025-10-26 08:00:00,1761465604.0,0.365
2025-10-26 09:00:00,1761469203.0,0.365
2025-10-26 10:00:00,1761472804.0,0.365
2025-10-26 11:00:00,1761476404.0,0.365
2025-10-26 12:00:00,1761480004.0,0.365
2025-10-26 13:00:00,1761483604.0,0.365
2025-10-26 14:00:00,1761487204.0,0.365
2025-10-26 15:00:00,1761490804.0,0.365
2025-10-26 16:00:00,1761494404.0,0.365
2025-10-26 17:00:00,1761498004.0,0.365
2025-10-26 18:00:00,1761501604.0,0.365
2025-10-26 19:00:00,1761505204.0,0.365
2025-10-26 20:00:00,1761508803.0,0.365
2025-10-26 21:00:00,1761512404.0,0.365
2025-10-26 22:00:00,1761516004.0,0.365
2025-10-26 23:00:00,1761519603.0,0.365
2025-10-27 00:00:00,1761523204.0,0.365
2025-10-27 01:00:00,1761526804.0,0.365
2025-10-27 02:00:00,1761530404.0,0.365
2025-10-27 03:00:00,1761534004.0,0.365
2025-10-27 04:00:00,1761537604.0,0.365
2025-10-27 05:00:00,1761541204.0,0.365
2025-10-27 06:00:00,1761544803.0,0.365
2025-10-27 07:00:00,1761548404.0,0.365
2025-10-27 08:00:00,1761552003.0,0.365
2025-10-27 09:00:00,1761555604.0,0.365
2025-10-27 10:00:00,1761559203.0,0.365
2025-10-27 11:00:00,1761562803.0,0.365
2025-10-27 12:00:00,1761566404.0,0.365
2025-10-27 13:00:00,1761570004.0,0.365
2025-10-27 14:00:00,1761573604.0,0.35
2025-10-27 15:00:00,1761577204.0,0.355
2025-10-27 16:00:00,1761580804.0,0.355
2025-10-27 17:00:00,1761584403.0,0.355
2025-10-27 18:00:00,1761588003.0,0.355
2025-10-27 19:00:00,1761591604.0,0.355
2025-10-27 20:00:00,1761595204.0,0.35
2025-10-27 21:00:00,1761598804.0,0.355
2025-10-27 22:00:00,1761602404.0,0.355
2025-10-27 23:00:00,1761606004.0,0.35
2025-10-28 00:00:00,1761609604.0,0.355
2025-10-28 01:00:00,1761613204.0,0.355
2025-10-28 02:00:00,1761616804.0,0.355
2025-10-28 03:00:00,1761620405.0,0.345
2025-10-28 04:00:00,1761624005.0,0.345
2025-10-28 05:00:00,1761627604.0,0.345
2025-10-28 06:00:00,1761631204.0,0.345
2025-10-28 07:00:00,1761634804.0,0.355
2025-10-28 08:00:00,1761638404.0,0.355
2025-10-28 09:00:00,1761642004.0,0.345
2025-10-28 10:00:00,1761645604.0,0.37
2025-10-28 11:00:00,1761649205.0,0.37
2025-10-28 12:00:00,1761652805.0,0.375
2025-10-28 13:00:00,1761656404.0,0.37
2025-10-28 14:00:00,1761660004.0,0.37
2025-10-28 15:00:00,1761663604.0,0.36
2025-10-28 16:00:00,1761667204.0,0.36
2025-10-28 17:00:00,1761670804.0,0.37
2025-10-28 18:00:00,1761674404.0,0.37
2025-10-28 19:00:00,1761678004.0,0.365
2025-10-28 20:00:00,1761681605.0,0.355
2025-10-28 21:00:00,1761685204.0,0.37
2025-10-28 22:00:00,1761688804.0,0.37
2025-10-28 23:00:00,1761692404.0,0.37
2025-10-29 00:00:00,1761696004.0,0.36
2025-10-29 01:00:00,1761699605.0,0.365
2025-10-29 02:00:00,1761703204.0,0.365
2025-10-29 03:00:00,1761706804.0,0.365
2025-10-29 04:00:00,1761710404.0,0.365
2025-10-29 05:00:00,1761714004.0,0.365
2025-10-29 06:00:00,1761717604.0,0.365
2025-10-29 07:00:00,1761721204.0,0.365
2025-10-29 08:00:00,1761724805.0,0.37
2025-10-29 09:00:00,1761728404.0,0.375
2025-10-29 11:00:00,1761735871.0,0.38
2025-10-29 12:00:00,1761741827.0,0.385
2025-10-29 13:00:00,1761743309.0,0.38
2025-10-29 14:00:00,1761746404.0,0.385
2025-10-29 15:00:00,1761750004.0,0.385
2025-10-29 16:00:00,1761753604.0,0.375
2025-10-29 17:00:00,1761757204.0,0.375
2025-10-29 18:00:00,1761760805.0,0.375
2025-10-29 19:00:00,1761764404.0,0.385
2025-10-29 20:00:00,1761768004.0,0.395
2025-10-29 21:00:00,1761771604.0,0.395
2025-10-29 22:00:00,1761775204.0,0.395
2025-10-29 23:00:00,1761778804.0,0.395
2025-10-30 00:00:00,1761782404.0,0.395
2025-10-30 01:00:00,1761786004.0,0.395
2025-10-30 02:00:00,1761789604.0,0.395
2025-10-30 03:00:00,1761793204.0,0.36
2025-10-30 04:00:00,1761796804.0,0.365
2025-10-30 05:00:00,1761800404.0,0.365
2025-10-30 06:00:00,1761804004.0,0.365
2025-10-30 07:00:00,1761807604.0,0.365
2025-10-30 08:00:00,1761811205.0,0.365
2025-10-30 09:00:00,1761814804.0,0.365
2025-10-30 10:00:00,1761818404.0,0.365
2025-10-30 11:00:00,1761822004.0,0.32
2025-10-30 12:00:00,1761825604.0,0.32
2025-10-30 13:00:00,1761829204.0,0.32
2025-10-30 14:00:00,1761832805.0,0.345
2025-10-30 15:00:00,1761836405.0,0.365
2025-10-30 16:00:00,1761840004.0,0.36
2025-10-30 17:00:00,1761843604.0,0.36
2025-10-30 18:00:00,1761847204.0,0.36
2025-10-30 19:00:00,1761850804.0,0.36
2025-10-30 20:00:00,1761854404.0,0.36
2025-10-30 21:00:00,1761858005.0,0.36
2025-10-30 22:00:00,1761861605.0,0.36
2025-10-30 23:00:00,1761865205.0,0.36
2025-10-31 00:00:00,1761868804.0,0.36
2025-10-31 01:00:00,1761872404.0,0.36
2025-10-31 02:00:00,1761876005.0,0.355
2025-10-31 03:00:00,1761879604.0,0.355
2025-10-31 04:00:00,1761883204.0,0.36
2025-10-31 05:00:00,1761886805.0,0.36
2025-10-31 06:00:00,1761890405.0,0.36
2025-10-31 07:00:00,1761894005.0,0.36
2025-10-31 08:00:00,1761897610.0,0.36
2025-10-31 09:00:00,1761901205.0,0.36
2025-10-31 10:00:00,1761904805.0,0.365
2025-10-31 11:00:00,1761908404.0,0.365
2025-10-31 12:00:00,1761912005.0,0.365
2025-10-31 13:00:00,1761915605.0,0.365
2025-10-31 14:00:00,1761919204.0,0.36
2025-10-31 15:00:00,1761922805.0,0.36
2025-10-31 16:00:00,1761926405.0,0.365
2025-10-31 17:00:00,1761930005.0,0.365
2025-10-31 18:00:00,1761933605.0,0.365
2025-10-31 19:00:00,1761937205.0,0.365
2025-10-31 20:00:00,1761940804.0,0.365
2025-10-31 21:00:00,1761944405.0,0.36
2025-10-31 22:00:00,1761948005.0,0.36
2025-10-31 23:00:00,1761951605.0,0.365
2025-11-01 00:00:00,1761955205.0,0.36
2025-11-01 01:00:00,1761958805.0,0.365
2025-11-01 02:00:00,1761962404.0,0.36
2025-11-01 03:00:00,1761966005.0,0.36
2025-11-01 04:00:00,1761969604.0,0.36
2025-11-01 05:00:00,1761973204.0,0.36
2025-11-01 06:00:00,1761976805.0,0.36
2025-11-01 07:00:00,1761980405.0,0.36
2025-11-01 08:00:00,1761984005.0,0.36
2025-11-01 09:00:00,1761987604.0,0.36
2025-11-01 10:00:00,1761991205.0,0.36
2025-11-01 11:00:00,1761994804.0,0.36
2025-11-01 12:00:00,1761998405.0,0.36
2025-11-01 13:00:00,1762002004.0,0.36
2025-11-01 14:00:00,1762005604.0,0.36
2025-11-01 15:00:00,1762009205.0,0.36
2025-11-01 16:00:00,1762012804.0,0.365
2025-11-01 17:00:00,1762016405.0,0.365
2025-11-01 18:00:00,1762020004.0,0.365
2025-11-01 19:00:00,1762023604.0,0.37
2025-11-01 20:00:00,1762027205.0,0.365
2025-11-01 21:00:00,1762030805.0,0.365
2025-11-01 22:00:00,1762034405.0,0.365
2025-11-01 23:00:00,1762038005.0,0.365
2025-11-02 00:00:00,1762041605.0,0.365
2025-11-02 01:00:00,1762045204.0,0.365
2025-11-02 02:00:00,1762048805.0,0.365
2025-11-02 03:00:00,1762052404.0,0.365
2025-11-02 04:00:00,1762056004.0,0.365
2025-11-02 05:00:00,1762059604.0,0.365
2025-11-02 06:00:00,1762063204.0,0.365
2025-11-02 07:00:00,1762066804.0,0.365
2025-11-02 08:00:00,1762070404.0,0.365
2025-11-02 09:00:00,1762074004.0,0.365
2025-11-02 10:00:00,1762077604.0,0.36
2025-11-02 11:00:00,1762081205.0,0.36
2025-11-02 12:00:00,1762084804.0,0.36
2025-11-02 13:00:00,1762088404.0,0.355
2025-11-02 14:00:00,1762092004.0,0.355
2025-11-02 15:00:00,1762095604.0,0.355
2025-11-02 16:00:00,1762099204.0,0.355
2025-11-02 17:00:00,1762102804.0,0.355
2025-11-02 18:00:00,1762106405.0,0.355
2025-11-02 19:00:00,1762110005.0,0.355
2025-11-02 20:00:00,1762113604.0,0.355
2025-11-02 21:00:00,1762117205.0,0.355
2025-11-02 22:00:00,1762120804.0,0.355
2025-11-02 23:00:00,1762124404.0,0.355
2025-11-03 00:00:00,1762128004.0,0.355
2025-11-03 01:00:00,1762131604.0,0.355
2025-11-03 02:00:00,1762135204.0,0.355
2025-11-03 03:00:00,1762138804.0,0.355
2025-11-03 04:00:00,1762142404.0,0.355
2025-11-03 05:00:00,1762146004.0,0.355
2025-11-03 06:00:00,1762149604.0,0.355
2025-11-03 07:00:00,1762153204.0,0.355
2025-11-03 08:00:00,1762156804.0,0.355
2025-11-03 09:00:00,1762160403.0,0.355
2025-11-03 10:00:00,1762164004.0,0.355
2025-11-03 11:00:00,1762167604.0,0.36
2025-11-03 12:00:00,1762171204.0,0.36
2025-11-03 13:00:00,1762174804.0,0.36
2025-11-03 14:00:00,1762178404.0,0.36
2025-11-03 15:00:00,1762182003.0,0.36
2025-11-03 16:00:00,1762185604.0,0.36
2025-11-03 17:00:00,1762189204.0,0.36
2025-11-03 18:00:00,1762192804.0,0.36
2025-11-03 19:00:00,1762196404.0,0.36
2025-11-03 20:00:00,1762200004.0,0.355
2025-11-03 21:00:00,1762203604.0,0.355
2025-11-03 22:00:00,1762207204.0,0.355
2025-11-03 23:00:00,1762210805.0,0.355
2025-11-04 00:00:00,1762214404.0,0.355
2025-11-04 01:00:00,1762218004.0,0.355
2025-11-04 02:00:00,1762221604.0,0.355
2025-11-04 03:00:00,1762225204.0,0.355
2025-11-04 04:00:00,1762228804.0,0.355
2025-11-04 05:00:00,1762232404.0,0.355
2025-11-04 06:00:00,1762236005.0,0.355
2025-11-04 07:00:00,1762239604.0,0.355
2025-11-04 08:00:00,1762243204.0,0.355
2025-11-04 09:00:00,1762246804.0,0.355
2025-11-04 10:00:00,1762250404.0,0.355
2025-11-04 11:00:00,1762254004.0,0.355
2025-11-04 12:00:00,1762257604.0,0.35
2025-11-04 13:00:00,1762261204.0,0.35
2025-11-04 14:00:00,1762264804.0,0.35
2025-11-04 15:00:00,1762268404.0,0.35
2025-11-04 16:00:00,1762272004.0,0.35
2025-11-04 17:00:00,1762275604.0,0.35
2025-11-04 18:00:00,1762279204.0,0.345
2025-11-04 19:00:00,1762282804.0,0.35
2025-11-04 20:00:00,1762286404.0,0.345
2025-11-04 21:00:00,1762290004.0,0.345
2025-11-04 22:00:00,1762293605.0,0.35
2025-11-04 23:00:00,1762297204.0,0.35
2025-11-05 00:00:00,1762300804.0,0.345
2025-11-05 01:00:00,1762304404.0,0.345
2025-11-05 02:00:00,1762308004.0,0.345
2025-11-05 03:00:00,1762311604.0,0.35
2025-11-05 04:00:00,1762315203.0,0.345
2025-11-05 05:00:00,1762318804.0,0.35
2025-11-05 06:00:00,1762322405.0,0.35
2025-11-05 07:00:00,1762326005.0,0.345
2025-11-05 08:00:00,1762329605.0,0.36
2025-11-05 09:00:00,1762333204.0,0.355
2025-11-05 10:00:00,1762336804.0,0.355
2025-11-05 11:00:00,1762340405.0,0.355
2025-11-05 12:00:00,1762344005.0,0.355
2025-11-05 13:00:00,1762347605.0,0.355
2025-11-05 14:00:00,1762351205.0,0.355
2025-11-05 15:00:00,1762354805.0,0.355
2025-11-05 16:00:00,1762358404.0,0.355
2025-11-05 17:00:00,1762362003.0,0.36
2025-11-05 18:00:00,1762365604.0,0.36
2025-11-05 19:00:00,1762369204.0,0.36
2025-11-05 20:00:00,1762372804.0,0.355
2025-11-05 21:00:00,1762376403.0,0.355
2025-11-05 22:00:00,1762380004.0,0.355
2025-11-05 23:00:00,1762383604.0,0.355
2025-11-06 00:00:00,1762387203.0,0.355
2025-11-06 01:00:00,1762390804.0,0.355
2025-11-06 02:00:00,1762394404.0,0.355
2025-11-06 03:00:00,1762398004.0,0.355
2025-11-06 04:00:00,1762401604.0,0.355
2025-11-06 05:00:00,1762405204.0,0.355
2025-11-06 06:00:00,1762408804.0,0.355
2025-11-06 07:00:00,1762412404.0,0.355
2025-11-06 08:00:00,1762416003.0,0.355
2025-11-06 09:00:00,1762419604.0,0.355
2025-11-06 10:00:00,1762423203.0,0.355
2025-11-06 11:00:00,1762426803.0,0.355
2025-11-06 12:00:00,1762430404.0,0.35
2025-11-06 13:00:00,1762434003.0,0.35
2025-11-06 14:00:00,1762437604.0,0.35
2025-11-06 15:00:00,1762441204.0,0.35
2025-11-06 16:00:00,1762444804.0,0.35
2025-11-06 17:00:00,1762448404.0,0.35
2025-11-06 18:00:00,1762452004.0,0.35
2025-11-06 19:00:00,1762455604.0,0.35
2025-11-06 20:00:00,1762459206.0,0.35
2025-11-06 21:00:00,1762462806.0,0.35
2025-11-06 22:00:00,1762466404.0,0.35
2025-11-06 23:00:00,1762470004.0,0.35
2025-11-07 00:00:00,1762473604.0,0.35
2025-11-07 01:00:00,1762477204.0,0.35
2025-11-07 02:00:00,1762480807.0,0.35
2025-11-07 03:00:00,1762484405.0,0.355
2025-11-07 04:00:00,1762488004.0,0.355
2025-11-07 05:00:00,1762491606.0,0.355
2025-11-07 06:00:00,1762495207.0,0.35
2025-11-07 07:00:00,1762498804.0,0.355
2025-11-07 08:00:00,1762502404.0,0.345
2025-11-07 09:00:00,1762506004.0,0.345
2025-11-07 10:00:00,1762509604.0,0.345
2025-11-07 11:00:00,1762513203.0,0.355
2025-11-07 12:00:00,1762516805.0,0.35
2025-11-07 13:00:00,1762520406.0,0.345
2025-11-07 14:00:00,1762524006.0,0.34
2025-11-07 15:00:00,1762527615.0,0.34
2025-11-07 16:00:00,1762531205.0,0.34
2025-11-07 17:00:00,1762534821.0,0.34
2025-11-07 18:00:00,1762538407.0,0.34
2025-11-07 19:00:00,1762542006.0,0.345
2025-11-07 20:00:00,1762545617.0,0.345
2025-11-07 21:00:00,1762549205.0,0.345
2025-11-07 22:00:00,1762552804.0,0.35
2025-11-07 23:00:00,1762556420.0,0.35
2025-11-08 00:00:00,1762560005.0,0.35
2025-11-08 01:00:00,1762563606.0,0.35
2025-11-08 02:00:00,1762567205.0,0.35
2025-11-08 03:00:00,1762570805.0,0.345
2025-11-08 04:00:00,1762574405.0,0.345
2025-11-08 05:00:00,1762578005.0,0.345
2025-11-08 06:00:00,1762581605.0,0.345
2025-11-08 07:00:00,1762585205.0,0.345
2025-11-08 08:00:00,1762588804.0,0.345
2025-11-08 09:00:00,1762592404.0,0.345
2025-11-08 10:00:00,1762596005.0,0.345
2025-11-08 11:00:00,1762599617.0,0.345
2025-11-08 12:00:00,1762603219.0,0.345
2025-11-08 13:00:00,1762606805.0,0.345
2025-11-08 14:00:00,1762610405.0,0.345
2025-11-08 15:00:00,1762614005.0,0.345
2025-11-08 16:00:00,1762617605.0,0.345
2025-11-08 17:00:00,1762621204.0,0.345
2025-11-08 18:00:00,1762624805.0,0.345
2025-11-08 19:00:00,1762628405.0,0.345
2025-11-08 20:00:00,1762632004.0,0.345
2025-11-08 21:00:00,1762635605.0,0.345
2025-11-08 22:00:00,1762639205.0,0.345
2025-11-08 23:00:00,1762642805.0,0.345
2025-11-09 00:00:00,1762646417.0,0.345
2025-11-09 01:00:00,1762650004.0,0.345
2025-11-09 02:00:00,1762653605.0,0.35
2025-11-09 03:00:00,1762657205.0,0.345
2025-11-09 04:00:00,1762660816.0,0.345
2025-11-09 05:00:00,1762664404.0,0.345
2025-11-09 06:00:00,1762668004.0,0.355
2025-11-09 07:00:00,1762671604.0,0.355
2025-11-09 08:00:00,1762675204.0,0.355
2025-11-09 09:00:00,1762678804.0,0.35
2025-11-09 10:00:00,1762682404.0,0.35
2025-11-09 11:00:00,1762686004.0,0.35
2025-11-09 12:00:00,1762689604.0,0.35
2025-11-09 13:00:00,1762693204.0,0.35
2025-11-09 14:00:00,1762696804.0,0.35
2025-11-09 15:00:00,1762700404.0,0.355
2025-11-09 16:00:00,1762704004.0,0.355
2025-11-09 17:00:00,1762707604.0,0.355
2025-11-09 18:00:00,1762711204.0,0.355
2025-11-09 19:00:00,1762714804.0,0.355
2025-11-09 20:00:00,1762718404.0,0.365
2025-11-09 21:00:00,1762722004.0,0.355
2025-11-09 22:00:00,1762725604.0,0.355
2025-11-09 23:00:00,1762729204.0,0.355
2025-11-10 00:00:00,1762732804.0,0.355
2025-11-10 01:00:00,1762736416.0,0.36
2025-11-10 02:00:00,1762740004.0,0.355
2025-11-10 03:00:00,1762743604.0,0.355
2025-11-10 04:00:00,1762747205.0,0.355
2025-11-10 05:00:00,1762750805.0,0.355
2025-11-10 06:00:00,1762754404.0,0.355
2025-11-10 07:00:00,1762758003.0,0.355
2025-11-10 08:00:00,1762761604.0,0.355
2025-11-10 09:00:00,1762765215.0,0.355
2025-11-10 10:00:00,1762768805.0,0.36
2025-11-10 11:00:00,1762772403.0,0.36
2025-11-10 12:00:00,1762776004.0,0.355
2025-11-10 13:00:00,1762779605.0,0.355
2025-11-10 14:00:00,1762783204.0,0.355
2025-11-10 15:00:00,1762786806.0,0.355
2025-11-10 16:00:00,1762790406.0,0.355
2025-11-10 17:00:00,1762794003.0,0.345
2025-11-10 18:00:00,1762797605.0,0.35
2025-11-10 19:00:00,1762801204.0,0.35
2025-11-10 20:00:00,1762804805.0,0.345
2025-11-10 21:00:00,1762808404.0,0.355
2025-11-10 22:00:00,1762812004.0,0.355
2025-11-10 23:00:00,1762815604.0,0.355
2025-11-11 00:00:00,1762819206.0,0.365
2025-11-11 01:00:00,1762822806.0,0.365
2025-11-11 02:00:00,1762826406.0,0.385
2025-11-11 03:00:00,1762830006.0,0.395
2025-11-11 04:00:00,1762833607.0,0.375
2025-11-11 05:00:00,1762837205.0,0.365
2025-11-11 06:00:00,1762840811.0,0.365
2025-11-11 07:00:00,1762844405.0,0.365
2025-11-11 08:00:00,1762848017.0,0.365
2025-11-11 09:00:00,1762851604.0,0.365
2025-11-11 10:00:00,1762855205.0,0.365
2025-11-11 11:00:00,1762858820.0,0.365
2025-11-11 12:00:00,1762862419.0,0.365
2025-11-11 13:00:00,1762866004.0,0.365
2025-11-11 14:00:00,1762869605.0,0.365
2025-11-11 15:00:00,1762873218.0,0.38
2025-11-11 16:00:00,1762876804.0,0.38
2025-11-11 17:00:00,1762880405.0,0.38
2025-11-11 18:00:00,1762884005.0,0.38
2025-11-11 19:00:00,1762887604.0,0.38
2025-11-11 20:00:00,1762891205.0,0.375
2025-11-11 21:00:00,1762894806.0,0.41
2025-11-11 22:00:00,1762898405.0,0.39
2025-11-11 23:00:00,1762902005.0,0.385
2025-11-12 00:00:00,1762905608.0,0.385
2025-11-12 01:00:00,1762909204.0,0.385
2025-11-12 02:00:00,1762912804.0,0.385
2025-11-12 03:00:00,1762916406.0,0.385
2025-11-12 04:00:00,1762920005.0,0.415
2025-11-12 05:00:00,1762923604.0,0.405
2025-11-12 06:00:00,1762927206.0,0.39
2025-11-12 07:00:00,1762930806.0,0.41
2025-11-12 08:00:00,1762934404.0,0.395
2025-11-12 09:00:00,1762938005.0,0.395
2025-11-12 10:00:00,1762941604.0,0.395
2025-11-12 11:00:00,1762945204.0,0.395
2025-11-12 12:00:00,1762948805.0,0.395
2025-11-12 13:00:00,1762952404.0,0.395
2025-11-12 14:00:00,1762956005.0,0.395
2025-11-12 15:00:00,1762959604.0,0.39
2025-11-12 16:00:00,1762963205.0,0.395
2025-11-12 17:00:00,1762966819.0,0.395
2025-11-12 18:00:00,1762970404.0,0.395
2025-11-12 19:00:00,1762974004.0,0.39
2025-11-12 20:00:00,1762977605.0,0.395
2025-11-12 21:00:00,1762981205.0,0.395
2025-11-12 22:00:00,1762984804.0,0.395
2025-11-12 23:00:00,1762988405.0,0.395
2025-11-13 00:00:00,1762992004.0,0.395
2025-11-13 01:00:00,1762995604.0,0.395
2025-11-13 02:00:00,1762999204.0,0.395
2025-11-13 03:00:00,1763002804.0,0.395
2025-11-13 04:00:00,1763006404.0,0.395
2025-11-13 05:00:00,1763010004.0,0.395
2025-11-13 06:00:00,1763013605.0,0.395
2025-11-13 07:00:00,1763017204.0,0.395
2025-11-13 08:00:00,1763020804.0,0.395
2025-11-13 09:00:00,1763024404.0,0.395
2025-11-13 10:00:00,1763028004.0,0.39
2025-11-13 11:00:00,1763031604.0,0.385
2025-11-13 12:00:00,1763035204.0,0.385
2025-11-13 13:00:00,1763038804.0,0.385
2025-11-13 14:00:00,1763042404.0,0.38
2025-11-13 15:00:00,1763046005.0,0.38
2025-11-13 16:00:00,1763049606.0,0.38
2025-11-13 17:00:00,1763053207.0,0.38
2025-11-13 18:00:00,1763056806.0,0.38
2025-11-13 19:00:00,1763060419.0,0.38
2025-11-13 20:00:00,1763064005.0,0.375
2025-11-13 21:00:00,1763067604.0,0.375
2025-11-13 22:00:00,1763071204.0,0.375
2025-11-13 23:00:00,1763074805.0,0.375
2025-11-14 00:00:00,1763078405.0,0.375
2025-11-14 01:00:00,1763082004.0,0.375
2025-11-14 02:00:00,1763085605.0,0.38
2025-11-14 03:00:00,1763089205.0,0.38
2025-11-14 04:00:00,1763092805.0,0.385
2025-11-14 05:00:00,1763096404.0,0.39
2025-11-14 06:00:00,1763100005.0,0.39
2025-11-14 07:00:00,1763103606.0,0.39
2025-11-14 08:00:00,1763107205.0,0.39
2025-11-14 09:00:00,1763110804.0,0.39
2025-11-14 10:00:00,1763114404.0,0.39
2025-11-14 11:00:00,1763118006.0,0.39
2025-11-14 12:00:00,1763121605.0,0.39
2025-11-14 13:00:00,1763125218.0,0.39
2025-11-14 14:00:00,1763128805.0,0.39
2025-11-14 15:00:00,1763132404.0,0.39
2025-11-14 16:00:00,1763136005.0,0.38
2025-11-14 17:00:00,1763139605.0,0.38
2025-11-14 18:00:00,1763143205.0,0.38
2025-11-14 19:00:00,1763146805.0,0.38
2025-11-14 20:00:00,1763150406.0,0.38
2025-11-14 21:00:00,1763154017.0,0.4
2025-11-14 22:00:00,1763157606.0,0.395
2025-11-14 23:00:00,1763161205.0,0.4
2025-11-15 00:00:00,1763164805.0,0.4
2025-11-15 01:00:00,1763168404.0,0.4
2025-11-15 02:00:00,1763172005.0,0.4
2025-11-15 03:00:00,1763175605.0,0.4
2025-11-15 04:00:00,1763179205.0,0.4
2025-11-15 05:00:00,1763182805.0,0.4
2025-11-15 06:00:00,1763186405.0,0.4
2025-11-15 07:00:00,1763190005.0,0.4
2025-11-15 08:00:00,1763193605.0,0.4
2025-11-15 09:00:00,1763197204.0,0.4
2025-11-15 10:00:00,1763200805.0,0.4
2025-11-15 11:00:00,1763204405.0,0.4
2025-11-15 12:00:00,1763208005.0,0.41
2025-11-15 13:00:00,1763211605.0,0.405
2025-11-15 14:00:00,1763215205.0,0.405
2025-11-15 15:00:00,1763218805.0,0.41
2025-11-15 16:00:00,1763222404.0,0.41
2025-11-15 17:00:00,1763226005.0,0.4
2025-11-15 18:00:00,1763229605.0,0.385
2025-11-15 19:00:00,1763233206.0,0.38
2025-11-15 20:00:00,1763236805.0,0.385
2025-11-15 21:00:00,1763240405.0,0.385
2025-11-15 22:00:00,1763244005.0,0.385
2025-11-15 23:00:00,1763247605.0,0.4
2025-11-16 00:00:00,1763251205.0,0.4
2025-11-16 01:00:00,1763254816.0,0.4
2025-11-16 02:00:00,1763258405.0,0.4
2025-11-16 03:00:00,1763262004.0,0.4
2025-11-16 04:00:00,1763265604.0,0.4
2025-11-16 05:00:00,1763269205.0,0.4
2025-11-16 06:00:00,1763272804.0,0.4
2025-11-16 07:00:00,1763276404.0,0.4
2025-11-16 08:00:00,1763280004.0,0.395
2025-11-16 09:00:00,1763283605.0,0.395
2025-11-16 10:00:00,1763287205.0,0.39
2025-11-16 11:00:00,1763290805.0,0.395
2025-11-16 12:00:00,1763294404.0,0.395
2025-11-16 13:00:00,1763298005.0,0.395
2025-11-16 14:00:00,1763301604.0,0.395
2025-11-16 15:00:00,1763305205.0,0.395
2025-11-16 16:00:00,1763308804.0,0.39
2025-11-16 17:00:00,1763312405.0,0.395
2025-11-16 18:00:00,1763316007.0,0.39
2025-11-16 19:00:00,1763319604.0,0.395
2025-11-16 20:00:00,1763323205.0,0.39
2025-11-16 21:00:00,1763326805.0,0.395
2025-11-16 22:00:00,1763330404.0,0.395
2025-11-16 23:00:00,1763334004.0,0.39
2025-11-17 00:00:00,1763337604.0,0.395
2025-11-17 01:00:00,1763341204.0,0.39
2025-11-17 02:00:00,1763344805.0,0.395
2025-11-17 03:00:00,1763348404.0,0.39
2025-11-17 04:00:00,1763352004.0,0.395
2025-11-17 05:00:00,1763355604.0,0.395
2025-11-17 06:00:00,1763359204.0,0.405
2025-11-17 07:00:00,1763362806.0,0.41
2025-11-17 08:00:00,1763366419.0,0.41
2025-11-17 09:00:00,1763370022.0,0.415
2025-11-17 10:00:00,1763373608.0,0.405
2025-11-17 11:00:00,1763377205.0,0.415
2025-11-17 12:00:00,1763380804.0,0.415
2025-11-17 13:00:00,1763384405.0,0.415
2025-11-17 14:00:00,1763388004.0,0.405
2025-11-17 15:00:00,1763391620.0,0.405
2025-11-17 16:00:00,1763395204.0,0.405
2025-11-17 17:00:00,1763398805.0,0.405
2025-11-17 18:00:00,1763402405.0,0.475
2025-11-17 19:00:00,1763406006.0,0.475
2025-11-17 20:00:00,1763409606.0,0.475
2025-11-17 21:00:00,1763413205.0,0.48
2025-11-17 22:00:00,1763416808.0,0.465
2025-11-17 23:00:00,1763420407.0,0.485
2025-11-18 00:00:00,1763424005.0,0.475
2025-11-18 01:00:00,1763427604.0,0.48
2025-11-18 02:00:00,1763431204.0,0.475
2025-11-18 03:00:00,1763434804.0,0.47
2025-11-18 04:00:00,1763438404.0,0.465
2025-11-18 05:00:00,1763442004.0,0.46
2025-11-18 06:00:00,1763445604.0,0.46
2025-11-18 07:00:00,1763449205.0,0.46
2025-11-18 08:00:00,1763452804.0,0.465
2025-11-18 09:00:00,1763456404.0,0.455
2025-11-18 10:00:00,1763460004.0,0.46
2025-11-18 11:00:00,1763463604.0,0.455
2025-11-18 12:00:00,1763467204.0,0.46
2025-11-18 13:00:00,1763470807.0,0.455
2025-11-18 14:00:00,1763474404.0,0.455
2025-11-18 15:00:00,1763478004.0,0.46
2025-11-18 16:00:00,1763481605.0,0.465
2025-11-18 17:00:00,1763485205.0,0.47
2025-11-18 18:00:00,1763488804.0,0.465
2025-11-18 19:00:00,1763492405.0,0.48
2025-11-18 20:00:00,1763496006.0,0.48
2025-11-18 21:00:00,1763499606.0,0.485
2025-11-18 22:00:00,1763503205.0,0.46
2025-11-18 23:00:00,1763506820.0,0.48
2025-11-19 00:00:00,1763510405.0,0.475
2025-11-19 01:00:00,1763514006.0,0.475
2025-11-19 02:00:00,1763517605.0,0.47
2025-11-19 03:00:00,1763521205.0,0.47
2025-11-19 04:00:00,1763524805.0,0.46
2025-11-19 05:00:00,1763528405.0,0.46
2025-11-19 06:00:00,1763532005.0,0.46
2025-11-19 07:00:00,1763535605.0,0.46
2025-11-19 08:00:00,1763539206.0,0.465
2025-11-19 09:00:00,1763542804.0,0.46
2025-11-19 10:00:00,1763546405.0,0.46
2025-11-19 11:00:00,1763550005.0,0.435
2025-11-19 12:00:00,1763553605.0,0.425
2025-11-19 13:00:00,1763557204.0,0.425
2025-11-19 14:00:00,1763560817.0,0.435
2025-11-19 15:00:00,1763564405.0,0.405
2025-11-19 16:00:00,1763568017.0,0.425
2025-11-19 17:00:00,1763571605.0,0.445
2025-11-19 18:00:00,1763575212.0,0.43
2025-11-19 19:00:00,1763578805.0,0.42
2025-11-19 20:00:00,1763582405.0,0.43
2025-11-19 21:00:00,1763586005.0,0.43
2025-11-19 22:00:00,1763589605.0,0.425
2025-11-19 23:00:00,1763593220.0,0.425
2025-11-20 00:00:00,1763596805.0,0.425
2025-11-20 01:00:00,1763600405.0,0.425
2025-11-20 02:00:00,1763604005.0,0.425
2025-11-20 03:00:00,1763607605.0,0.425
2025-11-20 04:00:00,1763611205.0,0.425
2025-11-20 05:00:00,1763614805.0,0.425
2025-11-20 06:00:00,1763618404.0,0.425
2025-11-20 07:00:00,1763622011.0,0.425
2025-11-20 08:00:00,1763625605.0,0.445
2025-11-20 09:00:00,1763629205.0,0.445
2025-11-20 10:00:00,1763632805.0,0.445
2025-11-20 11:00:00,1763636405.0,0.45
2025-11-20 12:00:00,1763640005.0,0.45
2025-11-20 13:00:00,1763643605.0,0.47
2025-11-20 14:00:00,1763647205.0,0.475
2025-11-20 15:00:00,1763650804.0,0.465
2025-11-20 16:00:00,1763654405.0,0.465
2025-11-20 17:00:00,1763658005.0,0.445
2025-11-20 18:00:00,1763661605.0,0.445
2025-11-20 19:00:00,1763665205.0,0.455
2025-11-20 20:00:00,1763668806.0,0.445
2025-11-20 21:00:00,1763672406.0,0.43
2025-11-20 22:00:00,1763676020.0,0.445
2025-11-20 23:00:00,1763679606.0,0.435
2025-11-21 00:00:00,1763683205.0,0.415
2025-11-21 01:00:00,1763686805.0,0.415
2025-11-21 02:00:00,1763690405.0,0.415
2025-11-21 03:00:00,1763694005.0,0.415
2025-11-21 04:00:00,1763697619.0,0.415
2025-11-21 05:00:00,1763701211.0,0.415
2025-11-21 06:00:00,1763704805.0,0.415
2025-11-21 07:00:00,1763708405.0,0.43
2025-11-21 08:00:00,1763712005.0,0.43
2025-11-21 09:00:00,1763715604.0,0.43
2025-11-21 10:00:00,1763719205.0,0.435
2025-11-21 11:00:00,1763722805.0,0.435
2025-11-21 12:00:00,1763726405.0,0.435
2025-11-21 13:00:00,1763730019.0,0.405
2025-11-21 14:00:00,1763733605.0,0.42
2025-11-21 15:00:00,1763737205.0,0.415
2025-11-21 16:00:00,1763740806.0,0.41
2025-11-21 17:00:00,1763744406.0,0.41
2025-11-21 18:00:00,1763748005.0,0.39
2025-11-21 19:00:00,1763751606.0,0.375
2025-11-21 20:00:00,1763755206.0,0.385
2025-11-21 21:00:00,1763758805.0,0.39
2025-11-21 22:00:00,1763762405.0,0.39
2025-11-21 23:00:00,1763766011.0,0.39
2025-11-22 00:00:00,1763769605.0,0.39
2025-11-22 01:00:00,1763773205.0,0.39
2025-11-22 02:00:00,1763776805.0,0.385
2025-11-22 03:00:00,1763780405.0,0.39
2025-11-22 04:00:00,1763784021.0,0.39
2025-11-22 05:00:00,1763787612.0,0.39
2025-11-22 06:00:00,1763791206.0,0.39
2025-11-22 07:00:00,1763794805.0,0.39
2025-11-22 08:00:00,1763798405.0,0.39
2025-11-22 09:00:00,1763802006.0,0.39
2025-11-22 10:00:00,1763805605.0,0.39
2025-11-22 11:00:00,1763809205.0,0.39
2025-11-22 12:00:00,1763812806.0,0.385
2025-11-22 13:00:00,1763816418.0,0.385
2025-11-22 14:00:00,1763820005.0,0.385
2025-11-22 15:00:00,1763823605.0,0.39
2025-11-22 16:00:00,1763827206.0,0.385
2025-11-22 17:00:00,1763830806.0,0.385
2025-11-22 18:00:00,1763834405.0,0.385
2025-11-22 19:00:00,1763838005.0,0.385
2025-11-22 20:00:00,1763841606.0,0.385
2025-11-22 21:00:00,1763845206.0,0.385
2025-11-22 22:00:00,1763848805.0,0.39
2025-11-22 23:00:00,1763852405.0,0.39
2025-11-23 00:00:00,1763856005.0,0.39
2025-11-23 01:00:00,1763859618.0,0.385
2025-11-23 02:00:00,1763863205.0,0.385
2025-11-23 03:00:00,1763866806.0,0.385
2025-11-23 04:00:00,1763870405.0,0.385
2025-11-23 05:00:00,1763874004.0,0.375
2025-11-23 06:00:00,1763877604.0,0.38
2025-11-23 07:00:00,1763881204.0,0.38
2025-11-23 08:00:00,1763884805.0,0.38
2025-11-23 09:00:00,1763888405.0,0.41
2025-11-23 10:00:00,1763892004.0,0.415
2025-11-23 11:00:00,1763895605.0,0.415
2025-11-23 12:00:00,1763899204.0,0.415
2025-11-23 13:00:00,1763902805.0,0.415
2025-11-23 14:00:00,1763906405.0,0.41
2025-11-23 15:00:00,1763910005.0,0.41
2025-11-23 16:00:00,1763913605.0,0.41
2025-11-23 17:00:00,1763917211.0,0.405
2025-11-23 18:00:00,1763920805.0,0.395
2025-11-23 19:00:00,1763924405.0,0.39
2025-11-23 20:00:00,1763928005.0,0.385
2025-11-23 21:00:00,1763931621.0,0.38
2025-11-23 22:00:00,1763935205.0,0.38
2025-11-23 23:00:00,1763938805.0,0.38
2025-11-24 00:00:00,1763942408.0,0.38
2025-11-24 01:00:00,1763946005.0,0.385
2025-11-24 02:00:00,1763949605.0,0.38
2025-11-24 03:00:00,1763953205.0,0.335
2025-11-24 04:00:00,1763956804.0,0.33
2025-11-24 05:00:00,1763960405.0,0.36
2025-11-24 06:00:00,1763964004.0,0.37
2025-11-24 07:00:00,1763967605.0,0.385
2025-11-24 08:00:00,1763971204.0,0.405
2025-11-24 09:00:00,1763974804.0,0.405
2025-11-24 10:00:00,1763978404.0,0.405
2025-11-24 11:00:00,1763982004.0,0.405
2025-11-24 12:00:00,1763985604.0,0.395
2025-11-24 13:00:00,1763989205.0,0.4
2025-11-24 14:00:00,1763992805.0,0.405
2025-11-24 15:00:00,1763996405.0,0.405
2025-11-24 16:00:00,1764000004.0,0.395
2025-11-24 17:00:00,1764003605.0,0.395
2025-11-24 18:00:00,1764007205.0,0.39
2025-11-24 19:00:00,1764010805.0,0.39
2025-11-24 20:00:00,1764014406.0,0.395
2025-11-24 21:00:00,1764018005.0,0.395
2025-11-24 22:00:00,1764021605.0,0.4
2025-11-24 23:00:00,1764025205.0,0.4
2025-11-25 00:00:00,1764028805.0,0.4
2025-11-25 01:00:00,1764032406.0,0.405
2025-11-25 02:00:00,1764036005.0,0.4
2025-11-25 03:00:00,1764039605.0,0.4
2025-11-25 04:00:00,1764043205.0,0.405
2025-11-25 05:00:00,1764046805.0,0.405
2025-11-25 06:00:00,1764050405.0,0.405
2025-11-25 07:00:00,1764054005.0,0.335
2025-11-25 08:00:00,1764057605.0,0.32
2025-11-25 09:00:00,1764061205.0,0.305
2025-11-25 10:00:00,1764064805.0,0.325
2025-11-25 11:00:00,1764068405.0,0.32
2025-11-25 12:00:00,1764072005.0,0.32
2025-11-25 13:00:00,1764075605.0,0.31
2025-11-25 14:00:00,1764079206.0,0.32
2025-11-25 15:00:00,1764082805.0,0.32
2025-11-25 16:00:00,1764086405.0,0.315
2025-11-25 17:00:00,1764090005.0,0.31
2025-11-25 18:00:00,1764093605.0,0.495
2025-11-25 19:00:00,1764097205.0,0.555
2025-11-25 20:00:00,1764100806.0,0.555
2025-11-25 21:00:00,1764104407.0,0.565
2025-11-25 22:00:00,1764108005.0,0.56
2025-11-25 23:00:00,1764111605.0,0.545
2025-11-26 00:00:00,1764115206.0,0.545
2025-11-26 01:00:00,1764118805.0,0.565
2025-11-26 02:00:00,1764122406.0,0.515
2025-11-26 03:00:00,1764126006.0,0.515
2025-11-26 04:00:00,1764129605.0,0.53
2025-11-26 05:00:00,1764133205.0,0.53
2025-11-26 06:00:00,1764136817.0,0.515
2025-11-26 07:00:00,1764140405.0,0.515
2025-11-26 08:00:00,1764144009.0,0.52
2025-11-26 09:00:00,1764147605.0,0.52
2025-11-26 10:00:00,1764151205.0,0.52
2025-11-26 11:00:00,1764154805.0,0.535
2025-11-26 12:00:00,1764158419.0,0.525
2025-11-26 13:00:00,1764162005.0,0.53
2025-11-26 14:00:00,1764165606.0,0.525
2025-11-26 15:00:00,1764169205.0,0.535
2025-11-26 16:00:00,1764172805.0,0.53
2025-11-26 17:00:00,1764176405.0,0.53
2025-11-26 18:00:00,1764180005.0,0.53
2025-11-26 19:00:00,1764183606.0,0.535
2025-11-26 20:00:00,1764187205.0,0.53
2025-11-26 21:00:00,1764190806.0,0.52
2025-11-26 22:00:00,1764194405.0,0.535
2025-11-26 23:00:00,1764198005.0,0.53
2025-11-27 00:00:00,1764201605.0,0.525
2025-11-27 01:00:00,1764205217.0,0.525
2025-11-27 02:00:00,1764208806.0,0.525
2025-11-27 03:00:00,1764212405.0,0.525
2025-11-27 04:00:00,1764216005.0,0.525
2025-11-27 05:00:00,1764219605.0,0.525
2025-11-27 06:00:00,1764223206.0,0.525
2025-11-27 07:00:00,1764226805.0,0.54
2025-11-27 08:00:00,1764230405.0,0.555
2025-11-27 09:00:00,1764234005.0,0.59
2025-11-27 10:00:00,1764237606.0,0.575
2025-11-27 11:00:00,1764241205.0,0.565
2025-11-27 12:00:00,1764244805.0,0.56
2025-11-27 13:00:00,1764248405.0,0.555
2025-11-27 14:00:00,1764252005.0,0.555
2025-11-27 15:00:00,1764255605.0,0.52
2025-11-27 16:00:00,1764259206.0,0.55
2025-11-27 17:00:00,1764262805.0,0.55
2025-11-27 18:00:00,1764266406.0,0.55
2025-11-27 19:00:00,1764270005.0,0.545
2025-11-27 20:00:00,1764273606.0,0.555
2025-11-27 21:00:00,1764277206.0,0.555
2025-11-27 22:00:00,1764280806.0,0.555
2025-11-27 23:00:00,1764284407.0,0.585
2025-11-28 00:00:00,1764288006.0,0.57
2025-11-28 01:00:00,1764291606.0,0.575
2025-11-28 02:00:00,1764295206.0,0.575
2025-11-28 03:00:00,1764298805.0,0.565
2025-11-28 04:00:00,1764302405.0,0.565
2025-11-28 05:00:00,1764306005.0,0.565
2025-11-28 06:00:00,1764309605.0,0.565
2025-11-28 07:00:00,1764313207.0,0.565
2025-11-28 08:00:00,1764316806.0,0.57
2025-11-28 09:00:00,1764320405.0,0.565
2025-11-28 10:00:00,1764324005.0,0.57
2025-11-28 11:00:00,1764327605.0,0.565
2025-11-28 12:00:00,1764331206.0,0.575
2025-11-28 13:00:00,1764334805.0,0.57
2025-11-28 14:00:00,1764338406.0,0.56
2025-11-28 15:00:00,1764342006.0,0.555
2025-11-28 16:00:00,1764345620.0,0.56
2025-11-28 17:00:00,1764349206.0,0.555
2025-11-28 18:00:00,1764352805.0,0.565
2025-11-28 19:00:00,1764356405.0,0.565
2025-11-28 20:00:00,1764360005.0,0.565
2025-11-28 21:00:00,1764363607.0,0.575
2025-11-28 22:00:00,1764367209.0,0.575
2025-11-28 23:00:00,1764370807.0,0.58
2025-11-29 00:00:00,1764374406.0,0.555
2025-11-29 01:00:00,1764378007.0,0.56
2025-11-29 02:00:00,1764381606.0,0.57
2025-11-29 03:00:00,1764385205.0,0.57
2025-11-29 04:00:00,1764388806.0,0.57
2025-11-29 05:00:00,1764392405.0,0.575
2025-11-29 06:00:00,1764396005.0,0.57
2025-11-29 07:00:00,1764399605.0,0.57
2025-11-29 08:00:00,1764403207.0,0.575
2025-11-29 09:00:00,1764406806.0,0.575
2025-11-29 10:00:00,1764410420.0,0.575
2025-11-29 11:00:00,1764414006.0,0.575
2025-11-29 12:00:00,1764417606.0,0.57
2025-11-29 13:00:00,1764421205.0,0.565
2025-11-29 14:00:00,1764424805.0,0.565
2025-11-29 15:00:00,1764428406.0,0.565
2025-11-29 16:00:00,1764432006.0,0.565
2025-11-29 17:00:00,1764435605.0,0.565
2025-11-29 18:00:00,1764439206.0,0.565
2025-11-29 19:00:00,1764442807.0,0.565
2025-11-29 20:00:00,1764446406.0,0.565
2025-11-29 21:00:00,1764450008.0,0.565
2025-11-29 22:00:00,1764453606.0,0.565
2025-11-29 23:00:00,1764457206.0,0.57
2025-11-30 00:00:00,1764460806.0,0.57
2025-11-30 01:00:00,1764464406.0,0.57
2025-11-30 02:00:00,1764468006.0,0.56
2025-11-30 03:00:00,1764471606.0,0.555
2025-11-30 04:00:00,1764475206.0,0.565
2025-11-30 05:00:00,1764478805.0,0.565
2025-11-30 06:00:00,1764482405.0,0.565
2025-11-30 07:00:00,1764486007.0,0.57
2025-11-30 08:00:00,1764489606.0,0.57
2025-11-30 09:00:00,1764493206.0,0.57
2025-11-30 10:00:00,1764496820.0,0.57
2025-11-30 11:00:00,1764500405.0,0.565
2025-11-30 12:00:00,1764504032.0,0.565
2025-11-30 13:00:00,1764507605.0,0.545
2025-11-30 14:00:00,1764511206.0,0.545
2025-11-30 15:00:00,1764514818.0,0.57
2025-11-30 16:00:00,1764518418.0,0.575
2025-11-30 17:00:00,1764522005.0,0.575
2025-11-30 18:00:00,1764525605.0,0.575
2025-11-30 19:00:00,1764529206.0,0.575
2025-11-30 20:00:00,1764532807.0,0.575
2025-11-30 21:00:00,1764536406.0,0.575
2025-11-30 22:00:00,1764540006.0,0.6
2025-11-30 23:00:00,1764543611.0,0.66
2025-12-01 00:00:00,1764547205.0,0.705
2025-12-01 01:00:00,1764550806.0,0.72
2025-12-01 02:00:00,1764554405.0,0.705
2025-12-01 03:00:00,1764558017.0,0.715
2025-12-01 04:00:00,1764561605.0,0.715
2025-12-01 05:00:00,1764565206.0,0.69
2025-12-01 06:00:00,1764568805.0,0.72
2025-12-01 07:00:00,1764572405.0,0.72
2025-12-01 08:00:00,1764576005.0,0.735
2025-12-01 09:00:00,1764579618.0,0.725
2025-12-01 10:00:00,1764583218.0,0.725
2025-12-01 11:00:00,1764586805.0,0.715
2025-12-01 12:00:00,1764590415.0,0.73
2025-12-01 13:00:00,1764594005.0,0.725
2025-12-01 14:00:00,1764597605.0,0.74
2025-12-01 15:00:00,1764601218.0,0.745
2025-12-01 16:00:00,1764604816.0,0.745
2025-12-01 17:00:00,1764608404.0,0.765
2025-12-01 18:00:00,1764612018.0,0.745
2025-12-01 19:00:00,1764615605.0,0.77
2025-12-01 20:00:00,1764619205.0,0.775
2025-12-01 21:00:00,1764622805.0,0.775
2025-12-01 22:00:00,1764626405.0,0.8
2025-12-01 23:00:00,1764630005.0,0.82
2025-12-02 00:00:00,1764633605.0,0.8
2025-12-02 01:00:00,1764637205.0,0.84
2025-12-02 02:00:00,1764640805.0,0.79
2025-12-02 03:00:00,1764644405.0,0.765
2025-12-02 04:00:00,1764648005.0,0.76
2025-12-02 05:00:00,1764651605.0,0.735
2025-12-02 06:00:00,1764655205.0,0.775
2025-12-02 07:00:00,1764658806.0,0.78
2025-12-02 08:00:00,1764662405.0,0.795
2025-12-02 09:00:00,1764666005.0,0.795
2025-12-02 10:00:00,1764669605.0,0.805
2025-12-02 11:00:00,1764673206.0,0.79
2025-12-02 12:00:00,1764676805.0,0.805
2025-12-02 13:00:00,1764680405.0,0.785
2025-12-02 14:00:00,1764684006.0,0.805
2025-12-02 15:00:00,1764687605.0,0.805
2025-12-02 16:00:00,1764691205.0,0.8
2025-12-02 17:00:00,1764694805.0,0.695
2025-12-02 18:00:00,1764698406.0,0.66
2025-12-02 19:00:00,1764702006.0,0.73
2025-12-02 20:00:00,1764705606.0,0.795
2025-12-02 21:00:00,1764709205.0,0.82
2025-12-02 22:00:00,1764712806.0,0.82
2025-12-02 23:00:00,1764716406.0,0.825
2025-12-03 00:00:00,1764720006.0,0.845
2025-12-03 01:00:00,1764723605.0,0.855
2025-12-03 02:00:00,1764727205.0,0.835
2025-12-03 03:00:00,1764730805.0,0.84
2025-12-03 04:00:00,1764734406.0,0.835
2025-12-03 05:00:00,1764738006.0,0.85
2025-12-03 06:00:00,1764741606.0,0.85
2025-12-03 07:00:00,1764745206.0,0.855
2025-12-03 08:00:00,1764748805.0,0.855
2025-12-03 09:00:00,1764752407.0,0.845
2025-12-03 10:00:00,1764756005.0,0.845
2025-12-03 11:00:00,1764759606.0,0.845
2025-12-03 12:00:00,1764763206.0,0.845
2025-12-03 13:00:00,1764766806.0,0.83
2025-12-03 14:00:00,1764770407.0,0.835
2025-12-03 15:00:00,1764774005.0,0.825
2025-12-03 16:00:00,1764777606.0,0.805
2025-12-03 17:00:00,1764781207.0,0.81
2025-12-03 18:00:00,1764784807.0,0.815
2025-12-03 19:00:00,1764788406.0,0.815
2025-12-03 20:00:00,1764792007.0,0.81
2025-12-03 21:00:00,1764795607.0,0.8
2025-12-03 22:00:00,1764799206.0,0.765
2025-12-03 23:00:00,1764802806.0,0.725
2025-12-04 00:00:00,1764806406.0,0.73
2025-12-04 01:00:00,1764810006.0,0.725
2025-12-04 02:00:00,1764813606.0,0.695
2025-12-04 03:00:00,1764817206.0,0.72
2025-12-04 04:00:00,1764820806.0,0.735
2025-12-04 05:00:00,1764824405.0,0.74
2025-12-04 06:00:00,1764828005.0,0.745
2025-12-04 07:00:00,1764831605.0,0.74
2025-12-04 08:00:00,1764835205.0,0.705
2025-12-04 09:00:00,1764838811.0,0.715
2025-12-04 10:00:00,1764842405.0,0.715
2025-12-04 11:00:00,1764846005.0,0.72
2025-12-04 12:00:00,1764849606.0,0.725
2025-12-04 13:00:00,1764853205.0,0.705
2025-12-04 14:00:00,1764856805.0,0.715
2025-12-04 15:00:00,1764860405.0,0.715
2025-12-04 16:00:00,1764864005.0,0.695
2025-12-04 17:00:00,1764867605.0,0.685
2025-12-04 18:00:00,1764871205.0,0.685
2025-12-04 19:00:00,1764874805.0,0.72
2025-12-04 20:00:00,1764878405.0,0.72
2025-12-04 21:00:00,1764882005.0,0.73
2025-12-04 22:00:00,1764885605.0,0.72
2025-12-04 23:00:00,1764889206.0,0.72
2025-12-05 00:00:00,1764892806.0,0.715
2025-12-05 01:00:00,1764896406.0,0.735
2025-12-05 02:00:00,1764900006.0,0.745
2025-12-05 03:00:00,1764903605.0,0.745
2025-12-05 04:00:00,1764907206.0,0.745
2025-12-05 05:00:00,1764910806.0,0.745
2025-12-05 06:00:00,1764914406.0,0.745
2025-12-05 07:00:00,1764918006.0,0.735
2025-12-05 08:00:00,1764921605.0,0.735
2025-12-05 09:00:00,1764925206.0,0.73
2025-12-05 10:00:00,1764928806.0,0.725
2025-12-05 11:00:00,1764932405.0,0.725
2025-12-05 12:00:00,1764936005.0,0.725
2025-12-05 13:00:00,1764939606.0,0.725
2025-12-05 14:00:00,1764943206.0,0.725
2025-12-05 15:00:00,1764946806.0,0.725
2025-12-05 16:00:00,1764950406.0,0.725
2025-12-05 17:00:00,1764954006.0,0.715
2025-12-05 18:00:00,1764957605.0,0.72
2025-12-05 19:00:00,1764961208.0,0.715
2025-12-05 20:00:00,1764964806.0,0.715
2025-12-05 21:00:00,1764968406.0,0.725
2025-12-05 22:00:00,1764972006.0,0.72
2025-12-05 23:00:00,1764975605.0,0.72
2025-12-06 00:00:00,1764979206.0,0.725
2025-12-06 01:00:00,1764982807.0,0.725
2025-12-06 02:00:00,1764986407.0,0.725
2025-12-06 03:00:00,1764990006.0,0.725
2025-12-06 04:00:00,1764993606.0,0.725
2025-12-06 05:00:00,1764997206.0,0.725
2025-12-06 06:00:00,1765000806.0,0.725
2025-12-06 07:00:00,1765004406.0,0.725
2025-12-06 08:00:00,1765008007.0,0.72
2025-12-06 09:00:00,1765011606.0,0.72
2025-12-06 10:00:00,1765015206.0,0.725
2025-12-06 11:00:00,1765018807.0,0.725
2025-12-06 12:00:00,1765022407.0,0.725
2025-12-06 13:00:00,1765026007.0,0.725
2025-12-06 14:00:00,1765029606.0,0.725
2025-12-06 15:00:00,1765033207.0,0.725
2025-12-06 16:00:00,1765036806.0,0.745
2025-12-06 17:00:00,1765040407.0,0.745
2025-12-06 18:00:00,1765044006.0,0.735
2025-12-06 19:00:00,1765047606.0,0.755
2025-12-06 20:00:00,1765051207.0,0.755
2025-12-06 21:00:00,1765054806.0,0.76
2025-12-06 22:00:00,1765058406.0,0.775
2025-12-06 23:00:00,1765062006.0,0.77
2025-12-07 00:00:00,1765065619.0,0.78
2025-12-07 01:00:00,1765069206.0,0.78
2025-12-07 02:00:00,1765072806.0,0.78
2025-12-07 03:00:00,1765076406.0,0.79
2025-12-07 04:00:00,1765080005.0,0.8
2025-12-07 05:00:00,1765083605.0,0.795
2025-12-07 06:00:00,1765087206.0,0.79
2025-12-07 07:00:00,1765090806.0,0.785
2025-12-07 08:00:00,1765094405.0,0.785
2025-12-07 09:00:00,1765098005.0,0.78
2025-12-07 10:00:00,1765101606.0,0.79
2025-12-07 11:00:00,1765105205.0,0.795
2025-12-07 12:00:00,1765108805.0,0.8
2025-12-07 13:00:00,1765112405.0,0.8
2025-12-07 14:00:00,1765116005.0,0.795
2025-12-07 15:00:00,1765119605.0,0.805
2025-12-07 16:00:00,1765123205.0,0.81
2025-12-07 17:00:00,1765126805.0,0.775
2025-12-07 18:00:00,1765130405.0,0.77
2025-12-07 19:00:00,1765134006.0,0.785
2025-12-07 20:00:00,1765137620.0,0.77
2025-12-07 21:00:00,1765141206.0,0.765
2025-12-07 22:00:00,1765144806.0,0.765
2025-12-07 23:00:00,1765148405.0,0.765
2025-12-08 00:00:00,1765152018.0,0.775
2025-12-08 01:00:00,1765155619.0,0.765
2025-12-08 02:00:00,1765159205.0,0.775
2025-12-08 03:00:00,1765162805.0,0.775
2025-12-08 04:00:00,1765166405.0,0.765
2025-12-08 05:00:00,1765170005.0,0.765
2025-12-08 06:00:00,1765173605.0,0.765
2025-12-08 07:00:00,1765177206.0,0.775
2025-12-08 08:00:00,1765180804.0,0.775
2025-12-08 09:00:00,1765184406.0,0.78
2025-12-08 10:00:00,1765188005.0,0.775
2025-12-08 11:00:00,1765191605.0,0.78
2025-12-08 12:00:00,1765195218.0,0.78
2025-12-08 13:00:00,1765198807.0,0.78
2025-12-08 14:00:00,1765202405.0,0.78
2025-12-08 15:00:00,1765206005.0,0.785
2025-12-08 16:00:00,1765209619.0,0.775
2025-12-08 17:00:00,1765213205.0,0.775
2025-12-08 18:00:00,1765216805.0,0.78
2025-12-08 19:00:00,1765220405.0,0.78
2025-12-08 20:00:00,1765224005.0,0.775
2025-12-08 21:00:00,1765227620.0,0.77
2025-12-08 22:00:00,1765231205.0,0.765
2025-12-08 23:00:00,1765234805.0,0.765
2025-12-09 00:00:00,1765238417.0,0.77
2025-12-09 01:00:00,1765242005.0,0.775
2025-12-09 02:00:00,1765245607.0,0.77
2025-12-09 03:00:00,1765249206.0,0.765
2025-12-09 04:00:00,1765252806.0,0.77
2025-12-09 05:00:00,1765256406.0,0.765
2025-12-09 06:00:00,1765260005.0,0.765
2025-12-09 07:00:00,1765263606.0,0.765
2025-12-09 08:00:00,1765267207.0,0.775
2025-12-09 09:00:00,1765270806.0,0.775
2025-12-09 10:00:00,1765274406.0,0.775
2025-12-09 11:00:00,1765278007.0,0.775
2025-12-09 12:00:00,1765281605.0,0.765
2025-12-09 13:00:00,1765285207.0,0.765
2025-12-09 14:00:00,1765288820.0,0.765
2025-12-09 15:00:00,1765292407.0,0.755
2025-12-09 16:00:00,1765296005.0,0.755
2025-12-09 17:00:00,1765299606.0,0.745
2025-12-09 18:00:00,1765303206.0,0.745
2025-12-09 19:00:00,1765306805.0,0.75
2025-12-09 20:00:00,1765310407.0,0.73
2025-12-09 21:00:00,1765314005.0,0.74
2025-12-09 22:00:00,1765317606.0,0.72
2025-12-09 23:00:00,1765321208.0,0.64
2025-12-10 00:00:00,1765324806.0,0.71
2025-12-10 01:00:00,1765328418.0,0.715
2025-12-10 02:00:00,1765332005.0,0.725
2025-12-10 03:00:00,1765335605.0,0.725
2025-12-10 04:00:00,1765339206.0,0.725
2025-12-10 05:00:00,1765342808.0,0.705
2025-12-10 06:00:00,1765346406.0,0.705
2025-12-10 07:00:00,1765350006.0,0.705
2025-12-10 08:00:00,1765353607.0,0.715
2025-12-10 09:00:00,1765357220.0,0.72
2025-12-10 10:00:00,1765360805.0,0.71
2025-12-10 11:00:00,1765364406.0,0.705
2025-12-10 12:00:00,1765368005.0,0.71
2025-12-10 13:00:00,1765371605.0,0.71
2025-12-10 14:00:00,1765375205.0,0.72
2025-12-10 15:00:00,1765378807.0,0.705
2025-12-10 16:00:00,1765382406.0,0.705
2025-12-10 17:00:00,1765386005.0,0.7
2025-12-10 18:00:00,1765389605.0,0.7
2025-12-10 19:00:00,1765393205.0,0.695
2025-12-10 20:00:00,1765396805.0,0.67
2025-12-10 21:00:00,1765400405.0,0.685
2025-12-10 22:00:00,1765404006.0,0.705
2025-12-10 23:00:00,1765407606.0,0.72
2025-12-11 00:00:00,1765411206.0,0.735
2025-12-11 01:00:00,1765414806.0,0.74
2025-12-11 02:00:00,1765418418.0,0.725
2025-12-11 03:00:00,1765422006.0,0.725
2025-12-11 04:00:00,1765425621.0,0.715
2025-12-11 05:00:00,1765429206.0,0.725
2025-12-11 06:00:00,1765432806.0,0.725
2025-12-11 07:00:00,1765436406.0,0.725
2025-12-11 08:00:00,1765440006.0,0.735
2025-12-11 09:00:00,1765443606.0,0.735
2025-12-11 10:00:00,1765447206.0,0.725
2025-12-11 11:00:00,1765450806.0,0.735
2025-12-11 12:00:00,1765454406.0,0.73
2025-12-11 13:00:00,1765458006.0,0.735
2025-12-11 14:00:00,1765461605.0,0.735
2025-12-11 15:00:00,1765465206.0,0.745
2025-12-11 16:00:00,1765468815.0,0.745
2025-12-11 17:00:00,1765472406.0,0.745
2025-12-11 18:00:00,1765476005.0,0.735
2025-12-11 19:00:00,1765479618.0,0.735
2025-12-11 20:00:00,1765483206.0,0.715
2025-12-11 21:00:00,1765486806.0,0.725
2025-12-11 22:00:00,1765490406.0,0.735
2025-12-11 23:00:00,1765494008.0,0.74
2025-12-12 00:00:00,1765497606.0,0.73
2025-12-12 01:00:00,1765501206.0,0.735
2025-12-12 02:00:00,1765504806.0,0.745
2025-12-12 03:00:00,1765508407.0,0.735
2025-12-12 04:00:00,1765512006.0,0.745
2025-12-12 05:00:00,1765515619.0,0.74
2025-12-12 06:00:00,1765519207.0,0.745
2025-12-12 07:00:00,1765522806.0,0.745
2025-12-12 08:00:00,1765526405.0,0.735
2025-12-12 09:00:00,1765530006.0,0.745
2025-12-12 10:00:00,1765533606.0,0.745
2025-12-12 11:00:00,1765537206.0,0.74
2025-12-12 12:00:00,1765540805.0,0.73
2025-12-12 13:00:00,1765544406.0,0.73
2025-12-12 14:00:00,1765548006.0,0.725
2025-12-12 15:00:00,1765551606.0,0.725
2025-12-12 16:00:00,1765555206.0,0.73
2025-12-12 17:00:00,1765558807.0,0.725
2025-12-12 18:00:00,1765562407.0,0.725
2025-12-12 19:00:00,1765566007.0,0.725
2025-12-12 20:00:00,1765569607.0,0.72
2025-12-12 21:00:00,1765573206.0,0.565
2025-12-12 22:00:00,1765576808.0,0.585
2025-12-12 23:00:00,1765580406.0,0.565
2025-12-13 00:00:00,1765584007.0,0.525
2025-12-13 01:00:00,1765587606.0,0.515
2025-12-13 02:00:00,1765591207.0,0.525
2025-12-13 03:00:00,1765594807.0,0.57
2025-12-13 04:00:00,1765598407.0,0.55
2025-12-13 05:00:00,1765602006.0,0.575
2025-12-13 06:00:00,1765605606.0,0.56
2025-12-13 07:00:00,1765609206.0,0.555
2025-12-13 08:00:00,1765612806.0,0.535
2025-12-13 09:00:00,1765616406.0,0.55
2025-12-13 10:00:00,1765620006.0,0.55
2025-12-13 11:00:00,1765623606.0,0.545
2025-12-13 12:00:00,1765627206.0,0.505
2025-12-13 13:00:00,1765630807.0,0.555
2025-12-13 14:00:00,1765634407.0,0.555
2025-12-13 15:00:00,1765638007.0,0.525
2025-12-13 16:00:00,1765641606.0,0.515
2025-12-13 17:00:00,1765645207.0,0.52
2025-12-13 18:00:00,1765648807.0,0.535
2025-12-13 19:00:00,1765652407.0,0.495
2025-12-13 20:00:00,1765656007.0,0.495
2025-12-13 21:00:00,1765659607.0,0.485
2025-12-13 22:00:00,1765663206.0,0.485
2025-12-13 23:00:00,1765666807.0,0.495
2025-12-14 00:00:00,1765670406.0,0.465
2025-12-14 01:00:00,1765674007.0,0.505
2025-12-14 02:00:00,1765677607.0,0.52
2025-12-14 03:00:00,1765681207.0,0.52
2025-12-14 04:00:00,1765684806.0,0.515
2025-12-14 05:00:00,1765688406.0,0.515
2025-12-14 06:00:00,1765692006.0,0.515
2025-12-14 07:00:00,1765695606.0,0.515
2025-12-14 08:00:00,1765699207.0,0.5
2025-12-14 09:00:00,1765702806.0,0.495
2025-12-14 10:00:00,1765706407.0,0.505
2025-12-14 11:00:00,1765710006.0,0.52
2025-12-14 12:00:00,1765713606.0,0.52
2025-12-14 13:00:00,1765717206.0,0.515
2025-12-14 14:00:00,1765720806.0,0.5
2025-12-14 15:00:00,1765724406.0,0.5
2025-12-14 16:00:00,1765728006.0,0.51
2025-12-14 17:00:00,1765731606.0,0.515
2025-12-14 18:00:00,1765735206.0,0.515
2025-12-14 19:00:00,1765738806.0,0.51
2025-12-14 20:00:00,1765742407.0,0.515
2025-12-14 21:00:00,1765746007.0,0.515
2025-12-14 22:00:00,1765749605.0,0.515
2025-12-14 23:00:00,1765753206.0,0.515
2025-12-15 00:00:00,1765756806.0,0.515
2025-12-15 01:00:00,1765760405.0,0.525
2025-12-15 02:00:00,1765764006.0,0.525
2025-12-15 03:00:00,1765767606.0,0.52
2025-12-15 04:00:00,1765771207.0,0.515
2025-12-15 05:00:00,1765774806.0,0.515
2025-12-15 06:00:00,1765778405.0,0.515
2025-12-15 07:00:00,1765782005.0,0.515
2025-12-15 08:00:00,1765785605.0,0.515
2025-12-15 09:00:00,1765789207.0,0.505
2025-12-15 10:00:00,1765792805.0,0.51
2025-12-15 11:00:00,1765796408.0,0.53
2025-12-15 12:00:00,1765800005.0,0.525
2025-12-15 13:00:00,1765803617.0,0.52
2025-12-15 14:00:00,1765807205.0,0.505
2025-12-15 15:00:00,1765810807.0,0.52
2025-12-15 16:00:00,1765814406.0,0.435
2025-12-15 17:00:00,1765818007.0,0.44
2025-12-15 18:00:00,1765821620.0,0.435
2025-12-15 19:00:00,1765825205.0,0.435
2025-12-15 20:00:00,1765828805.0,0.435
2025-12-15 21:00:00,1765832406.0,0.425
2025-12-15 22:00:00,1765836021.0,0.425
2025-12-15 23:00:00,1765839605.0,0.405
2025-12-16 00:00:00,1765843206.0,0.415
2025-12-16 01:00:00,1765846805.0,0.415
2025-12-16 02:00:00,1765850405.0,0.405
2025-12-16 03:00:00,1765854006.0,0.405
2025-12-16 04:00:00,1765857606.0,0.4
2025-12-16 05:00:00,1765861205.0,0.395
2025-12-16 06:00:00,1765864806.0,0.395
2025-12-16 07:00:00,1765868412.0,0.395
2025-12-16 08:00:00,1765872006.0,0.405
2025-12-16 09:00:00,1765875606.0,0.41
2025-12-16 10:00:00,1765879205.0,0.41
2025-12-16 11:00:00,1765882805.0,0.41
2025-12-16 12:00:00,1765886417.0,0.415
2025-12-16 13:00:00,1765890005.0,0.41
2025-12-16 14:00:00,1765893620.0,0.405
2025-12-16 15:00:00,1765897205.0,0.415
2025-12-16 16:00:00,1765900822.0,0.415
2025-12-16 17:00:00,1765904406.0,0.415
2025-12-16 18:00:00,1765908007.0,0.535
2025-12-16 19:00:00,1765911606.0,0.55
2025-12-16 20:00:00,1765915207.0,0.51
2025-12-16 21:00:00,1765918806.0,0.505
2025-12-16 22:00:00,1765922406.0,0.505
2025-12-16 23:00:00,1765926007.0,0.505
2025-12-17 00:00:00,1765929602.0,0.515
2025-12-17 01:00:00,1765933206.0,0.515
2025-12-17 02:00:00,1765936806.0,0.525
2025-12-17 03:00:00,1765940418.0,0.515
2025-12-17 04:00:00,1765944006.0,0.515
2025-12-17 05:00:00,1765947606.0,0.53
2025-12-17 06:00:00,1765951206.0,0.53
2025-12-17 07:00:00,1765954808.0,0.535
2025-12-17 08:00:00,1765958418.0,0.535
2025-12-17 09:00:00,1765962007.0,0.535
2025-12-17 10:00:00,1765965608.0,0.535
2025-12-17 11:00:00,1765969206.0,0.535
2025-12-17 12:00:00,1765972807.0,0.56
2025-12-17 13:00:00,1765976406.0,0.555
2025-12-17 14:00:00,1765980007.0,0.555
2025-12-17 15:00:00,1765983608.0,0.555
2025-12-17 16:00:00,1765987207.0,0.535
2025-12-17 17:00:00,1765990806.0,0.53
2025-12-17 18:00:00,1765994406.0,0.525
2025-12-17 19:00:00,1765998008.0,0.515
2025-12-17 20:00:00,1766001606.0,0.525
2025-12-17 21:00:00,1766005206.0,0.515
2025-12-17 22:00:00,1766008806.0,0.515
2025-12-17 23:00:00,1766012406.0,0.515
2025-12-18 00:00:00,1766016017.0,0.515
2025-12-18 01:00:00,1766019607.0,0.515
2025-12-18 02:00:00,1766023207.0,0.515
2025-12-18 03:00:00,1766026807.0,0.52
2025-12-18 04:00:00,1766030407.0,0.52
2025-12-18 05:00:00,1766034006.0,0.52
2025-12-18 06:00:00,1766037606.0,0.515
2025-12-18 07:00:00,1766041207.0,0.515
2025-12-18 08:00:00,1766044806.0,0.515
2025-12-18 09:00:00,1766048406.0,0.515
2025-12-18 10:00:00,1766052007.0,0.535
2025-12-18 11:00:00,1766055607.0,0.54
2025-12-18 12:00:00,1766059207.0,0.535
2025-12-18 13:00:00,1766062807.0,0.535
2025-12-18 14:00:00,1766066421.0,0.525
2025-12-18 15:00:00,1766070006.0,0.53
2025-12-18 16:00:00,1766073606.0,0.53
2025-12-18 17:00:00,1766077207.0,0.525
2025-12-18 18:00:00,1766080808.0,0.525
2025-12-18 19:00:00,1766084411.0,0.525
2025-12-18 20:00:00,1766088008.0,0.525
2025-12-18 21:00:00,1766091607.0,0.515
2025-12-18 22:00:00,1766095209.0,0.52
2025-12-18 23:00:00,1766098807.0,0.515
2025-12-19 00:00:00,1766102407.0,0.515
2025-12-19 01:00:00,1766106007.0,0.515
2025-12-19 02:00:00,1766109607.0,0.525
2025-12-19 03:00:00,1766113207.0,0.525
2025-12-19 04:00:00,1766116808.0,0.525
2025-12-19 05:00:00,1766120408.0,0.525
2025-12-19 06:00:00,1766124007.0,0.52
2025-12-19 07:00:00,1766127608.0,0.515
2025-12-19 08:00:00,1766131208.0,0.515
2025-12-19 09:00:00,1766134808.0,0.525
2025-12-19 10:00:00,1766138407.0,0.525
2025-12-19 11:00:00,1766142007.0,0.525
2025-12-19 12:00:00,1766145608.0,0.565
2025-12-19 13:00:00,1766149208.0,0.555
2025-12-19 14:00:00,1766152808.0,0.555
2025-12-19 15:00:00,1766156422.0,0.545
2025-12-19 16:00:00,1766160023.0,0.55
2025-12-19 17:00:00,1766163608.0,0.545
2025-12-19 18:00:00,1766167206.0,0.545
2025-12-19 19:00:00,1766170806.0,0.55
2025-12-19 20:00:00,1766174407.0,0.545
2025-12-19 21:00:00,1766178006.0,0.545
2025-12-19 22:00:00,1766181606.0,0.535
2025-12-19 23:00:00,1766185206.0,0.535
2025-12-20 00:00:00,1766188807.0,0.535
2025-12-20 01:00:00,1766192408.0,0.535
2025-12-20 02:00:00,1766196006.0,0.535
2025-12-20 03:00:00,1766199618.0,0.535
2025-12-20 04:00:00,1766203207.0,0.535
2025-12-20 05:00:00,1766206808.0,0.535
2025-12-20 06:00:00,1766210406.0,0.535
2025-12-20 07:00:00,1766214007.0,0.535
2025-12-20 08:00:00,1766217607.0,0.535
2025-12-20 09:00:00,1766221207.0,0.535
2025-12-20 10:00:00,1766224806.0,0.535
2025-12-20 11:00:00,1766228407.0,0.545
2025-12-20 12:00:00,1766232006.0,0.545
2025-12-20 13:00:00,1766235606.0,0.545
2025-12-20 14:00:00,1766239207.0,0.545
2025-12-20 15:00:00,1766242807.0,0.545
2025-12-20 16:00:00,1766246408.0,0.545
2025-12-20 17:00:00,1766250007.0,0.545
2025-12-20 18:00:00,1766253606.0,0.545
2025-12-20 19:00:00,1766257208.0,0.545
2025-12-20 20:00:00,1766260808.0,0.545
2025-12-20 21:00:00,1766264407.0,0.545
2025-12-20 22:00:00,1766268008.0,0.545
2025-12-20 23:00:00,1766271609.0,0.545
2025-12-21 00:00:00,1766275207.0,0.545
2025-12-21 01:00:00,1766278807.0,0.545
2025-12-21 02:00:00,1766282406.0,0.545
2025-12-21 03:00:00,1766286006.0,0.545
2025-12-21 04:00:00,1766289606.0,0.545
2025-12-21 05:00:00,1766293206.0,0.545
2025-12-21 06:00:00,1766296807.0,0.555
2025-12-21 07:00:00,1766300405.0,0.555
2025-12-21 08:00:00,1766304006.0,0.55
2025-12-21 09:00:00,1766307606.0,0.555
2025-12-21 10:00:00,1766311206.0,0.555
2025-12-21 11:00:00,1766314807.0,0.555
2025-12-21 12:00:00,1766318407.0,0.555
2025-12-21 13:00:00,1766322007.0,0.555
2025-12-21 14:00:00,1766325606.0,0.555
2025-12-21 15:00:00,1766329207.0,0.555
2025-12-21 16:00:00,1766332806.0,0.555
2025-12-21 17:00:00,1766336408.0,0.555
2025-12-21 18:00:00,1766340006.0,0.555
2025-12-21 19:00:00,1766343606.0,0.555
2025-12-21 20:00:00,1766347209.0,0.555
2025-12-21 21:00:00,1766350806.0,0.555
2025-12-21 22:00:00,1766354406.0,0.555
2025-12-21 23:00:00,1766358006.0,0.555
2025-12-22 00:00:00,1766361607.0,0.555
2025-12-22 01:00:00,1766365207.0,0.555
2025-12-22 02:00:00,1766368806.0,0.555
2025-12-22 03:00:00,1766372406.0,0.555
2025-12-22 04:00:00,1766376005.0,0.555
2025-12-22 05:00:00,1766379605.0,0.555
2025-12-22 06:00:00,1766383206.0,0.555
2025-12-22 07:00:00,1766386806.0,0.55
2025-12-22 08:00:00,1766390419.0,0.555
2025-12-22 09:00:00,1766394019.0,0.545
2025-12-22 10:00:00,1766397606.0,0.57
2025-12-22 11:00:00,1766401206.0,0.565
2025-12-22 12:00:00,1766404806.0,0.565
2025-12-22 13:00:00,1766408405.0,0.575
2025-12-22 14:00:00,1766412006.0,0.575
2025-12-22 15:00:00,1766415606.0,0.58
2025-12-22 16:00:00,1766419205.0,0.62
2025-12-22 17:00:00,1766422806.0,0.585
2025-12-22 18:00:00,1766426406.0,0.585
2025-12-22 19:00:00,1766430007.0,0.59
2025-12-22 20:00:00,1766433619.0,0.585
2025-12-22 21:00:00,1766437206.0,0.585
2025-12-22 22:00:00,1766440819.0,0.585
2025-12-22 23:00:00,1766444406.0,0.59
2025-12-23 00:00:00,1766448007.0,0.61
2025-12-23 01:00:00,1766451606.0,0.605
2025-12-23 02:00:00,1766455206.0,0.605
2025-12-23 03:00:00,1766458807.0,0.61
2025-12-23 04:00:00,1766462419.0,0.605
2025-12-23 05:00:00,1766466021.0,0.605
2025-12-23 06:00:00,1766469622.0,0.61
2025-12-23 07:00:00,1766473207.0,0.61
2025-12-23 08:00:00,1766476819.0,0.62
2025-12-23 09:00:00,1766480406.0,0.61
2025-12-23 10:00:00,1766484007.0,0.615
2025-12-23 11:00:00,1766487606.0,0.615
2025-12-23 12:00:00,1766491208.0,0.62
2025-12-23 13:00:00,1766494806.0,0.615
2025-12-23 14:00:00,1766498406.0,0.62
2025-12-23 15:00:00,1766502006.0,0.615
2025-12-23 16:00:00,1766505606.0,0.615
2025-12-23 17:00:00,1766509222.0,0.62
2025-12-23 18:00:00,1766512807.0,0.615
2025-12-23 19:00:00,1766516407.0,0.615
2025-12-23 20:00:00,1766520006.0,0.63
2025-12-23 21:00:00,1766523606.0,0.625
2025-12-23 22:00:00,1766527206.0,0.63
2025-12-23 23:00:00,1766530807.0,0.63
2025-12-24 00:00:00,1766534407.0,0.625
2025-12-24 01:00:00,1766538007.0,0.625
2025-12-24 02:00:00,1766541606.0,0.62
2025-12-24 03:00:00,1766545206.0,0.615
2025-12-24 04:00:00,1766548807.0,0.61
2025-12-24 05:00:00,1766552407.0,0.595
2025-12-24 06:00:00,1766556008.0,0.585
2025-12-24 07:00:00,1766559606.0,0.565
2025-12-24 08:00:00,1766563207.0,0.565
2025-12-24 09:00:00,1766566808.0,0.575
2025-12-24 10:00:00,1766570407.0,0.565
2025-12-24 11:00:00,1766574008.0,0.565
2025-12-24 12:00:00,1766577606.0,0.57
2025-12-24 13:00:00,1766581207.0,0.585
2025-12-24 14:00:00,1766584806.0,0.565
2025-12-24 15:00:00,1766588407.0,0.565
2025-12-24 16:00:00,1766592007.0,0.565
2025-12-24 17:00:00,1766595607.0,0.57
2025-12-24 18:00:00,1766599207.0,0.57
2025-12-24 19:00:00,1766602806.0,0.58
2025-12-24 20:00:00,1766606407.0,0.575
2025-12-24 21:00:00,1766610006.0,0.575
2025-12-24 22:00:00,1766613606.0,0.57
2025-12-24 23:00:00,1766617206.0,0.565
2025-12-25 00:00:00,1766620817.0,0.58
2025-12-25 01:00:00,1766624406.0,0.58
2025-12-25 02:00:00,1766628008.0,0.595
2025-12-25 03:00:00,1766631606.0,0.605
2025-12-25 04:00:00,1766635206.0,0.595
2025-12-25 05:00:00,1766638807.0,0.575
2025-12-25 06:00:00,1766642407.0,0.58
2025-12-25 07:00:00,1766646007.0,0.57
2025-12-25 08:00:00,1766649607.0,0.57
2025-12-25 09:00:00,1766653207.0,0.57
2025-12-25 10:00:00,1766656807.0,0.55
2025-12-25 11:00:00,1766660407.0,0.555
2025-12-25 12:00:00,1766664008.0,0.545
2025-12-25 13:00:00,1766667608.0,0.555
2025-12-25 14:00:00,1766671207.0,0.56
2025-12-25 15:00:00,1766674807.0,0.56
2025-12-25 16:00:00,1766678407.0,0.555
2025-12-25 17:00:00,1766682007.0,0.55
2025-12-25 18:00:00,1766685607.0,0.55
2025-12-25 19:00:00,1766689207.0,0.555
2025-12-25 20:00:00,1766692807.0,0.545
2025-12-25 21:00:00,1766696406.0,0.545
2025-12-25 22:00:00,1766700008.0,0.545
2025-12-25 23:00:00,1766703607.0,0.535
2025-12-26 00:00:00,1766707206.0,0.535
2025-12-26 01:00:00,1766710807.0,0.535
2025-12-26 02:00:00,1766714406.0,0.535
2025-12-26 03:00:00,1766718007.0,0.535
2025-12-26 04:00:00,1766721607.0,0.54
2025-12-26 05:00:00,1766725208.0,0.54
2025-12-26 06:00:00,1766728807.0,0.54
2025-12-26 07:00:00,1766732406.0,0.54
2025-12-26 08:00:00,1766736006.0,0.535
2025-12-26 09:00:00,1766739606.0,0.52
2025-12-26 10:00:00,1766743206.0,0.505
2025-12-26 11:00:00,1766746807.0,0.515
2025-12-26 12:00:00,1766750406.0,0.515
2025-12-26 13:00:00,1766754006.0,0.5
2025-12-26 14:00:00,1766757606.0,0.5
2025-12-26 15:00:00,1766761208.0,0.475
2025-12-26 16:00:00,1766764807.0,0.49
2025-12-26 17:00:00,1766768408.0,0.485
2025-12-26 18:00:00,1766772006.0,0.48
2025-12-26 19:00:00,1766775607.0,0.485
2025-12-26 20:00:00,1766779207.0,0.47
2025-12-26 21:00:00,1766782807.0,0.475
2025-12-26 22:00:00,1766786407.0,0.475
2025-12-26 23:00:00,1766790006.0,0.475
2025-12-27 00:00:00,1766793609.0,0.475
2025-12-27 01:00:00,1766797208.0,0.475
2025-12-27 02:00:00,1766800807.0,0.465
2025-12-27 03:00:00,1766804408.0,0.465
2025-12-27 04:00:00,1766808008.0,0.465
2025-12-27 05:00:00,1766811608.0,0.465
2025-12-27 06:00:00,1766815208.0,0.475
2025-12-27 07:00:00,1766818807.0,0.475
2025-12-27 08:00:00,1766822408.0,0.475
2025-12-27 09:00:00,1766826008.0,0.47
2025-12-27 10:00:00,1766829608.0,0.46
2025-12-27 11:00:00,1766833208.0,0.455
2025-12-27 12:00:00,1766836808.0,0.455
2025-12-27 13:00:00,1766840408.0,0.44
2025-12-27 14:00:00,1766844008.0,0.445
2025-12-27 15:00:00,1766847607.0,0.445
2025-12-27 16:00:00,1766851208.0,0.43
2025-12-27 17:00:00,1766854807.0,0.425
2025-12-27 18:00:00,1766858408.0,0.41
2025-12-27 19:00:00,1766862008.0,0.405
2025-12-27 20:00:00,1766865607.0,0.405
2025-12-27 21:00:00,1766869208.0,0.435
2025-12-27 22:00:00,1766872808.0,0.43
2025-12-27 23:00:00,1766876408.0,0.425
2025-12-28 00:00:00,1766880008.0,0.41
2025-12-28 01:00:00,1766883683.0,0.425
2025-12-28 02:00:00,1766887208.0,0.425
2025-12-28 03:00:00,1766890807.0,0.44
2025-12-28 04:00:00,1766894408.0,0.435
2025-12-28 05:00:00,1766898007.0,0.425
2025-12-28 06:00:00,1766901607.0,0.425
2025-12-28 07:00:00,1766905207.0,0.425
2025-12-28 08:00:00,1766908808.0,0.425
2025-12-28 09:00:00,1766912407.0,0.42
2025-12-28 10:00:00,1766916008.0,0.425
2025-12-28 11:00:00,1766919608.0,0.425
2025-12-28 12:00:00,1766923207.0,0.425
2025-12-28 13:00:00,1766926807.0,0.425
2025-12-28 14:00:00,1766930407.0,0.425
2025-12-28 15:00:00,1766934007.0,0.425
2025-12-28 16:00:00,1766937621.0,0.425
2025-12-28 17:00:00,1766941207.0,0.395
2025-12-28 18:00:00,1766944808.0,0.415
2025-12-28 19:00:00,1766948407.0,0.415
2025-12-28 20:00:00,1766952019.0,0.41
2025-12-28 21:00:00,1766955607.0,0.41
2025-12-28 22:00:00,1766959209.0,0.415
2025-12-28 23:00:00,1766962809.0,0.41
2025-12-29 00:00:00,1766966424.0,0.415
2025-12-29 01:00:00,1766970084.0,0.42
2025-12-29 02:00:00,1766973608.0,0.405
2025-12-29 03:00:00,1766977221.0,0.42
2025-12-29 04:00:00,1766980807.0,0.42
2025-12-29 05:00:00,1766984407.0,0.415
2025-12-29 06:00:00,1766988008.0,0.41
2025-12-29 07:00:00,1766991609.0,0.41
2025-12-29 08:00:00,1766995208.0,0.405
2025-12-29 09:00:00,1766998807.0,0.405
2025-12-29 10:00:00,1767002407.0,0.405
2025-12-29 11:00:00,1767006007.0,0.405
2025-12-29 12:00:00,1767009608.0,0.405
2025-12-29 13:00:00,1767013208.0,0.425
2025-12-29 14:00:00,1767016807.0,0.425
2025-12-29 15:00:00,1767020407.0,0.415
2025-12-29 16:00:00,1767024007.0,0.415
2025-12-29 17:00:00,1767027607.0,0.43
2025-12-29 18:00:00,1767031207.0,0.42
2025-12-29 19:00:00,1767034807.0,0.42
2025-12-29 20:00:00,1767038407.0,0.42
2025-12-29 21:00:00,1767042007.0,0.42
2025-12-29 22:00:00,1767045606.0,0.45
2025-12-29 23:00:00,1767049208.0,0.445
2025-12-30 00:00:00,1767052811.0,0.435
2025-12-30 01:00:00,1767056407.0,0.44
2025-12-30 02:00:00,1767060008.0,0.435
2025-12-30 03:00:00,1767063608.0,0.435
2025-12-30 04:00:00,1767067207.0,0.435
2025-12-30 05:00:00,1767070807.0,0.44
2025-12-30 06:00:00,1767074407.0,0.445
2025-12-30 07:00:00,1767078012.0,0.445
2025-12-30 08:00:00,1767081607.0,0.445
2025-12-30 09:00:00,1767085209.0,0.445
2025-12-30 10:00:00,1767088807.0,0.455
2025-12-30 11:00:00,1767092408.0,0.455
2025-12-30 12:00:00,1767096007.0,0.455
2025-12-30 13:00:00,1767099607.0,0.455
2025-12-30 14:00:00,1767103207.0,0.47
2025-12-30 15:00:00,1767106808.0,0.465
2025-12-30 16:00:00,1767110407.0,0.47
2025-12-30 17:00:00,1767114008.0,0.47
2025-12-30 18:00:00,1767117612.0,0.445
2025-12-30 19:00:00,1767121207.0,0.445
2025-12-30 20:00:00,1767124809.0,0.435
2025-12-30 21:00:00,1767128407.0,0.445
2025-12-30 22:00:00,1767132008.0,0.445
2025-12-30 23:00:00,1767135609.0,0.445
2025-12-31 00:00:00,1767139207.0,0.445
2025-12-31 01:00:00,1767142808.0,0.445
2025-12-31 02:00:00,1767146408.0,0.445
2025-12-31 03:00:00,1767150009.0,0.445
2025-12-31 04:00:00,1767153609.0,0.445
2025-12-31 05:00:00,1767157207.0,0.445
2025-12-31 06:00:00,1767160807.0,0.445
2025-12-31 07:00:00,1767164407.0,0.445
2025-12-31 08:00:00,1767168007.0,0.445
2025-12-31 09:00:00,1767171608.0,0.445
2025-12-31 10:00:00,1767175208.0,0.445
2025-12-31 11:00:00,1767178818.0,0.445
2025-12-31 12:00:00,1767182407.0,0.445
2025-12-31 13:00:00,1767186007.0,0.445
2025-12-31 14:00:00,1767189607.0,0.445
2025-12-31 15:00:00,1767193207.0,0.435
2025-12-31 16:00:00,1767196809.0,0.435
2025-12-31 17:00:00,1767200409.0,0.345
2025-12-31 18:00:00,1767204009.0,0.375
2025-12-31 19:00:00,1767207626.0,0.395
2025-12-31 20:00:00,1767211208.0,0.4
2025-12-31 21:00:00,1767214809.0,0.395
2025-12-31 22:00:00,1767218408.0,0.4
2025-12-31 23:00:00,1767222008.0,0.4
2026-01-01 00:00:00,1767225608.0,0.4
2026-01-01 01:00:00,1767229207.0,0.405
2026-01-01 02:00:00,1767232807.0,0.4
2026-01-01 03:00:00,1767236408.0,0.405
2026-01-01 04:00:00,1767240023.0,0.405
2026-01-01 05:00:00,1767243608.0,0.405
2026-01-01 06:00:00,1767247209.0,0.405
2026-01-01 07:00:00,1767250807.0,0.405
2026-01-01 08:00:00,1767254407.0,0.405
2026-01-01 09:00:00,1767258008.0,0.405
2026-01-01 10:00:00,1767261607.0,0.405
2026-01-01 11:00:00,1767265207.0,0.405
2026-01-01 12:00:00,1767268808.0,0.405
2026-01-01 13:00:00,1767272418.0,0.42
2026-01-01 14:00:00,1767276007.0,0.425
2026-01-01 15:00:00,1767279607.0,0.415
2026-01-01 16:00:00,1767283207.0,0.415
2026-01-01 17:00:00,1767286807.0,0.425
2026-01-01 18:00:00,1767290408.0,0.425
2026-01-01 19:00:00,1767294006.0,0.42
2026-01-01 20:00:00,1767297618.0,0.42
2026-01-01 21:00:00,1767301206.0,0.42
2026-01-01 22:00:00,1767304807.0,0.425
2026-01-01 23:00:00,1767308408.0,0.435
2026-01-02 00:00:00,1767312008.0,0.425
2026-01-02 01:00:00,1767315607.0,0.425
2026-01-02 02:00:00,1767319208.0,0.42
2026-01-02 03:00:00,1767322809.0,0.415
2026-01-02 04:00:00,1767326406.0,0.42
2026-01-02 05:00:00,1767330008.0,0.425
2026-01-02 06:00:00,1767333607.0,0.415
2026-01-02 07:00:00,1767337207.0,0.415
2026-01-02 08:00:00,1767340807.0,0.415
2026-01-02 09:00:00,1767344407.0,0.425
2026-01-02 10:00:00,1767348010.0,0.425
2026-01-02 11:00:00,1767351608.0,0.43
2026-01-02 12:00:00,1767355207.0,0.435
2026-01-02 13:00:00,1767358806.0,0.425
2026-01-02 14:00:00,1767362407.0,0.425
2026-01-02 15:00:00,1767366008.0,0.425
2026-01-02 16:00:00,1767369608.0,0.425
2026-01-02 17:00:00,1767373208.0,0.425
2026-01-02 18:00:00,1767376821.0,0.425
2026-01-02 19:00:00,1767380407.0,0.425
2026-01-02 20:00:00,1767384009.0,0.415
2026-01-02 21:00:00,1767387608.0,0.405
2026-01-02 22:00:00,1767391207.0,0.405
2026-01-02 23:00:00,1767394808.0,0.405
2026-01-03 00:00:00,1767398408.0,0.405
2026-01-03 01:00:00,1767402079.0,0.405
2026-01-03 02:00:00,1767405608.0,0.395
2026-01-03 03:00:00,1767409208.0,0.405
2026-01-03 04:00:00,1767412809.0,0.405
2026-01-03 05:00:00,1767416420.0,0.405
2026-01-03 06:00:00,1767420009.0,0.405
2026-01-03 07:00:00,1767423608.0,0.415
2026-01-03 08:00:00,1767427207.0,0.415
2026-01-03 09:00:00,1767430819.0,0.415
2026-01-03 10:00:00,1767434407.0,0.405
2026-01-03 11:00:00,1767438007.0,0.41
2026-01-03 12:00:00,1767441607.0,0.415
2026-01-03 13:00:00,1767445207.0,0.415
2026-01-03 14:00:00,1767448809.0,0.405
2026-01-03 15:00:00,1767452423.0,0.4
2026-01-03 16:00:00,1767456008.0,0.4
2026-01-03 17:00:00,1767459608.0,0.38
2026-01-03 18:00:00,1767463208.0,0.385
2026-01-03 19:00:00,1767466808.0,0.39
2026-01-03 20:00:00,1767470409.0,0.395
2026-01-03 21:00:00,1767474009.0,0.385
2026-01-03 22:00:00,1767477608.0,0.385
2026-01-03 23:00:00,1767481207.0,0.385
2026-01-04 00:00:00,1767484809.0,0.385
2026-01-04 01:00:00,1767488408.0,0.385
2026-01-04 02:00:00,1767492008.0,0.385
2026-01-04 03:00:00,1767495622.0,0.385
2026-01-04 04:00:00,1767499209.0,0.385
2026-01-04 05:00:00,1767502807.0,0.385
2026-01-04 06:00:00,1767506407.0,0.385
2026-01-04 07:00:00,1767510008.0,0.395
2026-01-04 08:00:00,1767513607.0,0.395
2026-01-04 09:00:00,1767517208.0,0.39
2026-01-04 10:00:00,1767520807.0,0.39
2026-01-04 11:00:00,1767524412.0,0.385
2026-01-04 12:00:00,1767528009.0,0.385
2026-01-04 13:00:00,1767531608.0,0.385
2026-01-04 14:00:00,1767535207.0,0.385
2026-01-04 15:00:00,1767538813.0,0.39
2026-01-04 16:00:00,1767542407.0,0.385
2026-01-04 17:00:00,1767546008.0,0.385
2026-01-04 18:00:00,1767549607.0,0.375
2026-01-04 19:00:00,1767553208.0,0.375
2026-01-04 20:00:00,1767556825.0,0.375
2026-01-04 21:00:00,1767560410.0,0.375
2026-01-04 22:00:00,1767564008.0,0.375
2026-01-04 23:00:00,1767567608.0,0.36
2026-01-05 00:00:00,1767571209.0,0.36
2026-01-05 01:00:00,1767574808.0,0.355
2026-01-05 02:00:00,1767578408.0,0.345
2026-01-05 03:00:00,1767582009.0,0.355
2026-01-05 04:00:00,1767585607.0,0.385
2026-01-05 05:00:00,1767589222.0,0.385
2026-01-05 06:00:00,1767592808.0,0.385
2026-01-05 07:00:00,1767596408.0,0.39
2026-01-05 08:00:00,1767600009.0,0.41
2026-01-05 09:00:00,1767603613.0,0.4
2026-01-05 10:00:00,1767607207.0,0.405
2026-01-05 11:00:00,1767610807.0,0.41
2026-01-05 12:00:00,1767614407.0,0.41
2026-01-05 13:00:00,1767618007.0,0.405
2026-01-05 14:00:00,1767621607.0,0.41
2026-01-05 15:00:00,1767625208.0,0.41
2026-01-05 16:00:00,1767628808.0,0.41
2026-01-05 17:00:00,1767632408.0,0.4
2026-01-05 18:00:00,1767636009.0,0.4
2026-01-05 19:00:00,1767639608.0,0.395
2026-01-05 20:00:00,1767643207.0,0.395
2026-01-05 21:00:00,1767646809.0,0.4
2026-01-05 22:00:00,1767650425.0,0.4
2026-01-05 23:00:00,1767654008.0,0.4
2026-01-06 00:00:00,1767657611.0,0.4
2026-01-06 01:00:00,1767661214.0,0.405
2026-01-06 02:00:00,1767664808.0,0.405
2026-01-06 03:00:00,1767668408.0,0.41
2026-01-06 04:00:00,1767672009.0,0.41
2026-01-06 05:00:00,1767675608.0,0.41
2026-01-06 06:00:00,1767679210.0,0.405
2026-01-06 07:00:00,1767682812.0,0.405
2026-01-06 08:00:00,1767686410.0,0.425
2026-01-06 09:00:00,1767690009.0,0.415
2026-01-06 10:00:00,1767693607.0,0.415
2026-01-06 11:00:00,1767697213.0,0.415
2026-01-06 12:00:00,1767700808.0,0.415
2026-01-06 13:00:00,1767704410.0,0.41
2026-01-06 14:00:00,1767708008.0,0.41
2026-01-06 15:00:00,1767711613.0,0.415
2026-01-06 16:00:00,1767715208.0,0.41
2026-01-06 17:00:00,1767718807.0,0.405
2026-01-06 18:00:00,1767722408.0,0.405
2026-01-06 19:00:00,1767726008.0,0.405
2026-01-06 20:00:00,1767729608.0,0.405
2026-01-06 21:00:00,1767733207.0,0.405
2026-01-06 22:00:00,1767736808.0,0.405
2026-01-06 23:00:00,1767740408.0,0.385
2026-01-07 00:00:00,1767744009.0,0.385
2026-01-07 01:00:00,1767747608.0,0.395
2026-01-07 02:00:00,1767751209.0,0.395
2026-01-07 03:00:00,1767754809.0,0.395
2026-01-07 04:00:00,1767758408.0,0.4
2026-01-07 05:00:00,1767762008.0,0.4
2026-01-07 06:00:00,1767765613.0,0.4
2026-01-07 07:00:00,1767769208.0,0.4
2026-01-07 08:00:00,1767772809.0,0.4
2026-01-07 09:00:00,1767776408.0,0.395
2026-01-07 10:00:00,1767780013.0,0.395
2026-01-07 11:00:00,1767783607.0,0.395
2026-01-07 12:00:00,1767787213.0,0.395
2026-01-07 13:00:00,1767790808.0,0.395
2026-01-07 14:00:00,1767794407.0,0.395
2026-01-07 15:00:00,1767798010.0,0.395
2026-01-07 16:00:00,1767801608.0,0.395
2026-01-07 17:00:00,1767805209.0,0.395
2026-01-07 18:00:00,1767808808.0,0.385
2026-01-07 19:00:00,1767812410.0,0.385
2026-01-07 20:00:00,1767816009.0,0.385
2026-01-07 21:00:00,1767819614.0,0.395
2026-01-07 22:00:00,1767823213.0,0.4
2026-01-07 23:00:00,1767826809.0,0.395
2026-01-08 00:00:00,1767830424.0,0.395
2026-01-08 01:00:00,1767834021.0,0.405
2026-01-08 02:00:00,1767837608.0,0.395
2026-01-08 03:00:00,1767841208.0,0.395
2026-01-08 04:00:00,1767844808.0,0.385
2026-01-08 05:00:00,1767848408.0,0.39
2026-01-08 06:00:00,1767852008.0,0.395
2026-01-08 07:00:00,1767855608.0,0.395
2026-01-08 08:00:00,1767859219.0,0.385
2026-01-08 09:00:00,1767862808.0,0.385
2026-01-08 10:00:00,1767866409.0,0.385
2026-01-08 11:00:00,1767870009.0,0.39
2026-01-08 12:00:00,1767873609.0,0.385
2026-01-08 13:00:00,1767877208.0,0.39
2026-01-08 14:00:00,1767880812.0,0.375
2026-01-08 15:00:00,1767884409.0,0.375
2026-01-08 16:00:00,1767888023.0,0.375
2026-01-08 17:00:00,1767891611.0,0.37
2026-01-08 18:00:00,1767895208.0,0.365
2026-01-08 19:00:00,1767898809.0,0.365
2026-01-08 20:00:00,1767902409.0,0.355
2026-01-08 21:00:00,1767906010.0,0.365
2026-01-08 22:00:00,1767909610.0,0.375
2026-01-08 23:00:00,1767913210.0,0.37
2026-01-09 00:00:00,1767916808.0,0.365
2026-01-09 01:00:00,1767920409.0,0.375
2026-01-09 02:00:00,1767924010.0,0.375
2026-01-09 03:00:00,1767927610.0,0.375
2026-01-09 04:00:00,1767931209.0,0.37
2026-01-09 05:00:00,1767934809.0,0.365
2026-01-09 06:00:00,1767938410.0,0.37
2026-01-09 07:00:00,1767942008.0,0.365
2026-01-09 08:00:00,1767945609.0,0.375
2026-01-09 09:00:00,1767949209.0,0.375
2026-01-09 10:00:00,1767952810.0,0.365
2026-01-09 11:00:00,1767956409.0,0.365
2026-01-09 12:00:00,1767960022.0,0.365
2026-01-09 13:00:00,1767963610.0,0.355
2026-01-09 14:00:00,1767967209.0,0.365
2026-01-09 15:00:00,1767970808.0,0.365
2026-01-09 16:00:00,1767974412.0,0.365
2026-01-09 17:00:00,1767978011.0,0.355
2026-01-09 18:00:00,1767981612.0,0.365
2026-01-09 19:00:00,1767985211.0,0.36
2026-01-09 20:00:00,1767988811.0,0.355
2026-01-09 21:00:00,1767992410.0,0.36
2026-01-09 22:00:00,1767996011.0,0.36
2026-01-09 23:00:00,1767999609.0,0.355
2026-01-10 00:00:00,1768003209.0,0.365
2026-01-10 01:00:00,1768006811.0,0.365
2026-01-10 02:00:00,1768010408.0,0.365
2026-01-10 03:00:00,1768014009.0,0.365
2026-01-10 04:00:00,1768017608.0,0.37
2026-01-10 05:00:00,1768021208.0,0.375
2026-01-10 06:00:00,1768024810.0,0.375
2026-01-10 07:00:00,1768028408.0,0.375
2026-01-10 08:00:00,1768032023.0,0.375
2026-01-10 09:00:00,1768035611.0,0.375
2026-01-10 10:00:00,1768039209.0,0.375
2026-01-10 11:00:00,1768042810.0,0.375
2026-01-10 12:00:00,1768046408.0,0.375
2026-01-10 13:00:00,1768050010.0,0.365
2026-01-10 14:00:00,1768053613.0,0.365
2026-01-10 15:00:00,1768057210.0,0.365
2026-01-10 16:00:00,1768060821.0,0.365
2026-01-10 17:00:00,1768064410.0,0.365
2026-01-10 18:00:00,1768068011.0,0.365
2026-01-10 19:00:00,1768071609.0,0.365
2026-01-10 20:00:00,1768075209.0,0.37
2026-01-10 21:00:00,1768078813.0,0.375
2026-01-10 22:00:00,1768082410.0,0.375
2026-01-10 23:00:00,1768086010.0,0.375
2026-01-11 00:00:00,1768089610.0,0.375
2026-01-11 01:00:00,1768093211.0,0.38
2026-01-11 02:00:00,1768096824.0,0.37
2026-01-11 03:00:00,1768100410.0,0.37
2026-01-11 04:00:00,1768104011.0,0.365
2026-01-11 05:00:00,1768107608.0,0.355
2026-01-11 06:00:00,1768111209.0,0.355
2026-01-11 07:00:00,1768114810.0,0.355
2026-01-11 08:00:00,1768118409.0,0.355
2026-01-11 09:00:00,1768122008.0,0.355
2026-01-11 10:00:00,1768125608.0,0.355
2026-01-11 11:00:00,1768129209.0,0.345
2026-01-11 12:00:00,1768132808.0,0.35
2026-01-11 13:00:00,1768136410.0,0.345
2026-01-11 14:00:00,1768140008.0,0.34
2026-01-11 15:00:00,1768143609.0,0.335
2026-01-11 16:00:00,1768147208.0,0.335
2026-01-11 17:00:00,1768150808.0,0.335
2026-01-11 18:00:00,1768154409.0,0.34
2026-01-11 19:00:00,1768158010.0,0.355
2026-01-11 20:00:00,1768161609.0,0.325
2026-01-11 21:00:00,1768165228.0,0.325
2026-01-11 22:00:00,1768168810.0,0.325
2026-01-11 23:00:00,1768172410.0,0.325
2026-01-12 00:00:00,1768176011.0,0.325
2026-01-12 01:00:00,1768179610.0,0.38
2026-01-12 02:00:00,1768183220.0,0.385
2026-01-12 03:00:00,1768186824.0,0.405
2026-01-12 04:00:00,1768190409.0,0.4
2026-01-12 05:00:00,1768194009.0,0.405
2026-01-12 06:00:00,1768197608.0,0.405
2026-01-12 07:00:00,1768201211.0,0.405
2026-01-12 08:00:00,1768204811.0,0.42
2026-01-12 09:00:00,1768208409.0,0.415
2026-01-12 10:00:00,1768212008.0,0.425
2026-01-12 11:00:00,1768215619.0,0.425
2026-01-12 12:00:00,1768219214.0,0.425
2026-01-12 13:00:00,1768222810.0,0.425
2026-01-12 14:00:00,1768226409.0,0.445
2026-01-12 15:00:00,1768230010.0,0.425
2026-01-12 16:00:00,1768233608.0,0.425
2026-01-12 17:00:00,1768237208.0,0.42
2026-01-12 18:00:00,1768240835.0,0.415
2026-01-12 19:00:00,1768244409.0,0.42
2026-01-12 20:00:00,1768248010.0,0.42
2026-01-12 21:00:00,1768251611.0,0.415
2026-01-12 22:00:00,1768255237.0,0.395
2026-01-12 23:00:00,1768258814.0,0.41
2026-01-13 00:00:00,1768262411.0,0.41
2026-01-13 01:00:00,1768266085.0,0.395
2026-01-13 02:00:00,1768269609.0,0.395
2026-01-13 03:00:00,1768273211.0,0.395
2026-01-13 04:00:00,1768276810.0,0.405
2026-01-13 05:00:00,1768280410.0,0.4
2026-01-13 06:00:00,1768284010.0,0.395
2026-01-13 07:00:00,1768287613.0,0.375
2026-01-13 08:00:00,1768291222.0,0.375
2026-01-13 09:00:00,1768294812.0,0.375
2026-01-13 10:00:00,1768298410.0,0.375
2026-01-13 11:00:00,1768302010.0,0.375
2026-01-13 12:00:00,1768305611.0,0.37
2026-01-13 13:00:00,1768309254.0,0.345
2026-01-13 14:00:00,1768312825.0,0.345
2026-01-13 15:00:00,1768316410.0,0.35
2026-01-13 16:00:00,1768320009.0,0.355
2026-01-13 17:00:00,1768323610.0,0.355
2026-01-13 18:00:00,1768327210.0,0.355
2026-01-13 19:00:00,1768330839.0,0.335
2026-01-13 20:00:00,1768334410.0,0.335
2026-01-13 21:00:00,1768338011.0,0.355
2026-01-13 22:00:00,1768341609.0,0.36
2026-01-13 23:00:00,1768345211.0,0.36
2026-01-14 00:00:00,1768348809.0,0.33
2026-01-14 01:00:00,1768352410.0,0.335
2026-01-14 02:00:00,1768356011.0,0.355
2026-01-14 03:00:00,1768359610.0,0.38
2026-01-14 04:00:00,1768363210.0,0.38
2026-01-14 05:00:00,1768366811.0,0.38
2026-01-14 06:00:00,1768370410.0,0.375
2026-01-14 07:00:00,1768374011.0,0.385
2026-01-14 08:00:00,1768377625.0,0.38
2026-01-14 09:00:00,1768381210.0,0.375
2026-01-14 10:00:00,1768384809.0,0.375
2026-01-14 11:00:00,1768388409.0,0.375
2026-01-14 12:00:00,1768392009.0,0.375
2026-01-14 13:00:00,1768395610.0,0.36
2026-01-14 14:00:00,1768399209.0,0.365
2026-01-14 15:00:00,1768402810.0,0.365
2026-01-14 16:00:00,1768406424.0,0.36
2026-01-14 17:00:00,1768410012.0,0.36
2026-01-14 18:00:00,1768413611.0,0.355
2026-01-14 19:00:00,1768417210.0,0.365
2026-01-14 20:00:00,1768420810.0,0.355
2026-01-14 21:00:00,1768424412.0,0.365
2026-01-14 22:00:00,1768428011.0,0.35
2026-01-14 23:00:00,1768431611.0,0.35
2026-01-15 00:00:00,1768435210.0,0.35
2026-01-15 01:00:00,1768438810.0,0.345
2026-01-15 02:00:00,1768442410.0,0.355
2026-01-15 03:00:00,1768446010.0,0.355
2026-01-15 04:00:00,1768449611.0,0.355
2026-01-15 05:00:00,1768453210.0,0.355
2026-01-15 06:00:00,1768456810.0,0.355
2026-01-15 07:00:00,1768460410.0,0.34
2026-01-15 08:00:00,1768464009.0,0.345
2026-01-15 09:00:00,1768467610.0,0.335
2026-01-15 10:00:00,1768471211.0,0.335
2026-01-15 11:00:00,1768474810.0,0.34
2026-01-15 12:00:00,1768478409.0,0.345
2026-01-15 13:00:00,1768482011.0,0.335
2026-01-15 14:00:00,1768485610.0,0.325
2026-01-15 15:00:00,1768489210.0,0.335
2026-01-15 16:00:00,1768492811.0,0.335
2026-01-15 17:00:00,1768496412.0,0.335
2026-01-15 18:00:00,1768500013.0,0.34
2026-01-15 19:00:00,1768503612.0,0.345
2026-01-15 20:00:00,1768507212.0,0.345
2026-01-15 21:00:00,1768510812.0,0.34
2026-01-15 22:00:00,1768514411.0,0.34
2026-01-15 23:00:00,1768518012.0,0.34
2026-01-16 00:00:00,1768521612.0,0.34
2026-01-16 01:00:00,1768525212.0,0.345
2026-01-16 02:00:00,1768528812.0,0.34
2026-01-16 03:00:00,1768532411.0,0.36
2026-01-16 04:00:00,1768536011.0,0.37
2026-01-16 05:00:00,1768539611.0,0.38
2026-01-16 06:00:00,1768543211.0,0.375
2026-01-16 07:00:00,1768546810.0,0.375
2026-01-16 08:00:00,1768550410.0,0.36
2026-01-16 09:00:00,1768554010.0,0.36
2026-01-16 10:00:00,1768557610.0,0.36
2026-01-16 11:00:00,1768561209.0,0.355
2026-01-16 12:00:00,1768564810.0,0.355
2026-01-16 13:00:00,1768568411.0,0.355
2026-01-16 14:00:00,1768572010.0,0.355
2026-01-16 15:00:00,1768575610.0,0.355
2026-01-16 16:00:00,1768579210.0,0.145
2026-01-16 17:00:00,1768582810.0,0.155
2026-01-16 18:00:00,1768586411.0,0.155
2026-01-16 19:00:00,1768590011.0,0.145
2026-01-16 20:00:00,1768593610.0,0.165
2026-01-16 21:00:00,1768597211.0,0.165
2026-01-16 22:00:00,1768600811.0,0.155
2026-01-16 23:00:00,1768604411.0,0.165
2026-01-17 00:00:00,1768608010.0,0.165
2026-01-17 01:00:00,1768611611.0,0.165
2026-01-17 02:00:00,1768615211.0,0.155
2026-01-17 03:00:00,1768618813.0,0.145
2026-01-17 04:00:00,1768622410.0,0.145
2026-01-17 05:00:00,1768626011.0,0.155
2026-01-17 06:00:00,1768629610.0,0.175
2026-01-17 07:00:00,1768633212.0,0.175
2026-01-17 08:00:00,1768636810.0,0.145
2026-01-17 09:00:00,1768640410.0,0.145
2026-01-17 10:00:00,1768644023.0,0.145
2026-01-17 11:00:00,1768647611.0,0.145
2026-01-17 12:00:00,1768651211.0,0.165
2026-01-17 13:00:00,1768654811.0,0.165
2026-01-17 14:00:00,1768658413.0,0.175
2026-01-17 15:00:00,1768662012.0,0.165
2026-01-17 16:00:00,1768665610.0,0.165
2026-01-17 17:00:00,1768669222.0,0.165
2026-01-17 18:00:00,1768672813.0,0.165
2026-01-17 19:00:00,1768676411.0,0.165
2026-01-17 20:00:00,1768680011.0,0.155
2026-01-17 21:00:00,1768683624.0,0.155
2026-01-17 22:00:00,1768687211.0,0.155
2026-01-17 23:00:00,1768690811.0,0.13
2026-01-18 00:00:00,1768694411.0,0.125
2026-01-18 01:00:00,1768698010.0,0.125
2026-01-18 02:00:00,1768701641.0,0.125
2026-01-18 03:00:00,1768705210.0,0.125
2026-01-18 04:00:00,1768708811.0,0.115
2026-01-18 05:00:00,1768712421.0,0.115
2026-01-18 06:00:00,1768716037.0,0.115
2026-01-18 07:00:00,1768719609.0,0.115
2026-01-18 08:00:00,1768723223.0,0.115
2026-01-18 09:00:00,1768726809.0,0.115
2026-01-18 10:00:00,1768730409.0,0.115
2026-01-18 11:00:00,1768734012.0,0.115
2026-01-18 12:00:00,1768737625.0,0.115
2026-01-18 13:00:00,1768741223.0,0.115
2026-01-18 14:00:00,1768744811.0,0.105
2026-01-18 15:00:00,1768748409.0,0.105
2026-01-18 16:00:00,1768752009.0,0.105
2026-01-18 17:00:00,1768755625.0,0.105
2026-01-18 18:00:00,1768759223.0,0.085
2026-01-18 19:00:00,1768762810.0,0.075
2026-01-18 20:00:00,1768766409.0,0.075
2026-01-18 21:00:00,1768770009.0,0.065
2026-01-18 22:00:00,1768773609.0,0.065
2026-01-18 23:00:00,1768777210.0,0.065
2026-01-19 00:00:00,1768780809.0,0.075
2026-01-19 01:00:00,1768784506.0,0.075
2026-01-19 02:00:00,1768788013.0,0.065
2026-01-19 03:00:00,1768791610.0,0.065
2026-01-19 04:00:00,1768795215.0,0.075
2026-01-19 05:00:00,1768798820.0,0.055
2026-01-19 06:00:00,1768802409.0,0.055
2026-01-19 07:00:00,1768806021.0,0.06
2026-01-19 08:00:00,1768809621.0,0.065
2026-01-19 09:00:00,1768813209.0,0.065
2026-01-19 10:00:00,1768816810.0,0.065
2026-01-19 11:00:00,1768820420.0,0.065
2026-01-19 12:00:00,1768824010.0,0.065
2026-01-19 13:00:00,1768827609.0,0.065
2026-01-19 14:00:00,1768831208.0,0.065
2026-01-19 15:00:00,1768834809.0,0.07
2026-01-19 16:00:00,1768838410.0,0.065
2026-01-19 17:00:00,1768842021.0,0.065
2026-01-19 18:00:00,1768845610.0,0.065
2026-01-19 19:00:00,1768849211.0,0.065
2026-01-19 20:00:00,1768852812.0,0.07
2026-01-19 21:00:00,1768856411.0,0.07
2026-01-19 22:00:00,1768860011.0,0.06
2026-01-19 23:00:00,1768863610.0,0.065
2026-01-20 00:00:00,1768867210.0,0.065
2026-01-20 01:00:00,1768870810.0,0.065
2026-01-20 02:00:00,1768874410.0,0.065
2026-01-20 03:00:00,1768878025.0,0.07
2026-01-20 04:00:00,1768881611.0,0.065
2026-01-20 05:00:00,1768885225.0,0.055
2026-01-20 06:00:00,1768888811.0,0.055
2026-01-20 07:00:00,1768892410.0,0.055
2026-01-20 08:00:00,1768896011.0,0.055
2026-01-20 09:00:00,1768899609.0,0.055
2026-01-20 10:00:00,1768903209.0,0.055
2026-01-20 11:00:00,1768906810.0,0.055
2026-01-20 12:00:00,1768910410.0,0.055
2026-01-20 13:00:00,1768914010.0,0.045
2026-01-20 14:00:00,1768917610.0,0.045
2026-01-20 15:00:00,1768921210.0,0.055
2026-01-20 16:00:00,1768924808.0,0.055
2026-01-20 17:00:00,1768928409.0,0.065
2026-01-20 18:00:00,1768932009.0,0.065
2026-01-20 19:00:00,1768935609.0,0.075
2026-01-20 20:00:00,1768939209.0,0.075
2026-01-20 21:00:00,1768942827.0,0.085
2026-01-20 22:00:00,1768946410.0,0.085
2026-01-20 23:00:00,1768950010.0,0.085
2026-01-21 00:00:00,1768953611.0,0.085
2026-01-21 01:00:00,1768957209.0,0.085
2026-01-21 02:00:00,1768960811.0,0.085
2026-01-21 03:00:00,1768964410.0,0.09
2026-01-21 04:00:00,1768968009.0,0.085
2026-01-21 05:00:00,1768971609.0,0.095
2026-01-21 06:00:00,1768975209.0,0.095
2026-01-21 07:00:00,1768978810.0,0.1
2026-01-21 08:00:00,1768982410.0,0.095
2026-01-21 09:00:00,1768986009.0,0.095
2026-01-21 10:00:00,1768989609.0,0.095
2026-01-21 11:00:00,1768993209.0,0.095
2026-01-21 12:00:00,1768996821.0,0.085
2026-01-21 13:00:00,1769000409.0,0.085
2026-01-21 14:00:00,1769004010.0,0.085
2026-01-21 15:00:00,1769007610.0,0.105
2026-01-21 16:00:00,1769011210.0,0.105
2026-01-21 17:00:00,1769014811.0,0.105
2026-01-21 18:00:00,1769018424.0,0.1
2026-01-21 19:00:00,1769022024.0,0.095
2026-01-21 20:00:00,1769025611.0,0.095
2026-01-21 21:00:00,1769029237.0,0.045
2026-01-21 22:00:00,1769032811.0,0.045
2026-01-21 23:00:00,1769036412.0,0.045
2026-01-22 00:00:00,1769040011.0,0.045
2026-01-22 01:00:00,1769043610.0,0.045
2026-01-22 02:00:00,1769047214.0,0.045
2026-01-22 03:00:00,1769050811.0,0.045
2026-01-22 04:00:00,1769054409.0,0.055
2026-01-22 05:00:00,1769058009.0,0.055
2026-01-22 06:00:00,1769061610.0,0.055
2026-01-22 07:00:00,1769065211.0,0.055
2026-01-22 08:00:00,1769068809.0,0.045
2026-01-22 09:00:00,1769072410.0,0.045
2026-01-22 10:00:00,1769076010.0,0.045
2026-01-22 11:00:00,1769079610.0,0.055
2026-01-22 12:00:00,1769083223.0,0.055
2026-01-22 13:00:00,1769086810.0,0.045
2026-01-22 14:00:00,1769090410.0,0.045
2026-01-22 15:00:00,1769094010.0,0.055
2026-01-22 16:00:00,1769097610.0,0.055
2026-01-22 17:00:00,1769101210.0,0.055
2026-01-22 18:00:00,1769104811.0,0.055
2026-01-22 19:00:00,1769108410.0,0.055
2026-01-22 20:00:00,1769112011.0,0.055
2026-01-22 21:00:00,1769115611.0,0.055
2026-01-22 22:00:00,1769119212.0,0.055
2026-01-22 23:00:00,1769122811.0,0.055
2026-01-23 00:00:00,1769126425.0,0.045
2026-01-23 01:00:00,1769130010.0,0.055
2026-01-23 02:00:00,1769133611.0,0.055
2026-01-23 03:00:00,1769137213.0,0.055
2026-01-23 04:00:00,1769140812.0,0.055
2026-01-23 05:00:00,1769144409.0,0.055
2026-01-23 06:00:00,1769148010.0,0.055
2026-01-23 07:00:00,1769151611.0,0.055
2026-01-23 08:00:00,1769155209.0,0.055
2026-01-23 09:00:00,1769158811.0,0.055
2026-01-23 10:00:00,1769162410.0,0.055
2026-01-23 11:00:00,1769166012.0,0.055
2026-01-23 12:00:00,1769169609.0,0.055
2026-01-23 13:00:00,1769173209.0,0.055
2026-01-23 14:00:00,1769176809.0,0.055
2026-01-23 15:00:00,1769180409.0,0.055
2026-01-23 16:00:00,1769184009.0,0.055
2026-01-23 17:00:00,1769187623.0,0.055
2026-01-23 18:00:00,1769191210.0,0.065
2026-01-23 19:00:00,1769194812.0,0.055
2026-01-23 20:00:00,1769198410.0,0.045
2026-01-23 21:00:00,1769202011.0,0.055
2026-01-23 22:00:00,1769205611.0,0.055
2026-01-23 23:00:00,1769209211.0,0.055
2026-01-24 00:00:00,1769212813.0,0.055
2026-01-24 01:00:00,1769216412.0,0.055
2026-01-24 02:00:00,1769220015.0,0.055
2026-01-24 03:00:00,1769223612.0,0.055
2026-01-24 04:00:00,1769227210.0,0.045
2026-01-24 05:00:00,1769230829.0,0.055
2026-01-24 06:00:00,1769234411.0,0.045
2026-01-24 07:00:00,1769238011.0,0.055
2026-01-24 08:00:00,1769241612.0,0.045
2026-01-24 09:00:00,1769245210.0,0.045
2026-01-24 10:00:00,1769248811.0,0.045
2026-01-24 11:00:00,1769252412.0,0.045
2026-01-24 12:00:00,1769256010.0,0.055
2026-01-24 13:00:00,1769259611.0,0.045
2026-01-24 14:00:00,1769263217.0,0.045
2026-01-24 15:00:00,1769266815.0,0.045
2026-01-24 16:00:00,1769270411.0,0.045
2026-01-24 17:00:00,1769274013.0,0.045
2026-01-24 18:00:00,1769277612.0,0.045
2026-01-24 19:00:00,1769281212.0,0.045
2026-01-24 20:00:00,1769284810.0,0.045
2026-01-24 21:00:00,1769288411.0,0.055
2026-01-24 22:00:00,1769292011.0,0.055
2026-01-24 23:00:00,1769295611.0,0.055
2026-01-25 00:00:00,1769299227.0,0.055
2026-01-25 01:00:00,1769302811.0,0.055
2026-01-25 02:00:00,1769306410.0,0.055
2026-01-25 03:00:00,1769310010.0,0.055
2026-01-25 04:00:00,1769313610.0,0.055
2026-01-25 05:00:00,1769317210.0,0.055
2026-01-25 06:00:00,1769320809.0,0.055
2026-01-25 07:00:00,1769324411.0,0.055
2026-01-25 08:00:00,1769328010.0,0.055
2026-01-25 09:00:00,1769331612.0,0.055
2026-01-25 10:00:00,1769335212.0,0.055
2026-01-25 11:00:00,1769338810.0,0.065
2026-01-25 12:00:00,1769342411.0,0.065
2026-01-25 13:00:00,1769346022.0,0.065
2026-01-25 14:00:00,1769349610.0,0.065
2026-01-25 15:00:00,1769353212.0,0.065
2026-01-25 16:00:00,1769356810.0,0.065
2026-01-25 17:00:00,1769360421.0,0.055
2026-01-25 18:00:00,1769364013.0,0.043
2026-01-25 19:00:00,1769367610.0,0.058
2026-01-25 20:00:00,1769371210.0,0.0575
2026-01-25 21:00:00,1769374811.0,0.059
2026-01-25 22:00:00,1769378411.0,0.097
2026-01-25 23:00:00,1769382011.0,0.1035
2026-01-26 00:00:00,1769385624.0,0.092
2026-01-26 01:00:00,1769389210.0,0.0975
2026-01-26 02:00:00,1769392811.0,0.0955
2026-01-26 03:00:00,1769396410.0,0.084
2026-01-26 04:00:00,1769400010.0,0.0755
2026-01-26 05:00:00,1769403610.0,0.0845
2026-01-26 06:00:00,1769407211.0,0.0785
2026-01-26 07:00:00,1769410811.0,0.074
2026-01-26 08:00:00,1769414410.0,0.0745
2026-01-26 09:00:00,1769418011.0,0.075
2026-01-26 10:00:00,1769421609.0,0.0735
2026-01-26 11:00:00,1769425210.0,0.073
2026-01-26 12:00:00,1769428811.0,0.074
2026-01-26 13:00:00,1769432414.0,0.0745
2026-01-26 14:00:00,1769436010.0,0.077
2026-01-26 15:00:00,1769439611.0,0.067
2026-01-26 16:00:00,1769443211.0,0.0655
2026-01-26 17:00:00,1769446815.0,0.063
2026-01-26 18:00:00,1769450411.0,0.0715
2026-01-26 19:00:00,1769454011.0,0.0655
2026-01-26 20:00:00,1769457611.0,0.0775
2026-01-26 21:00:00,1769461211.0,0.0715
2026-01-26 22:00:00,1769464811.0,0.071
2026-01-26 23:00:00,1769468411.0,0.0715
2026-01-27 00:00:00,1769472022.0,0.0705
2026-01-27 01:00:00,1769475611.0,0.066
2026-01-27 02:00:00,1769479210.0,0.064
2026-01-27 03:00:00,1769482818.0,0.06
2026-01-27 04:00:00,1769486412.0,0.0545
2026-01-27 05:00:00,1769490010.0,0.0555
2026-01-27 06:00:00,1769493611.0,0.0505
2026-01-27 07:00:00,1769497217.0,0.0515
2026-01-27 08:00:00,1769500810.0,0.0565
2026-01-27 09:00:00,1769504412.0,0.058
2026-01-27 10:00:00,1769508019.0,0.0605
2026-01-27 11:00:00,1769511611.0,0.0585
2026-01-27 12:00:00,1769515211.0,0.0575
2026-01-27 13:00:00,1769518824.0,0.0575
2026-01-27 14:00:00,1769522411.0,0.057
2026-01-27 15:00:00,1769526012.0,0.055
2026-01-27 16:00:00,1769529610.0,0.061
2026-01-27 17:00:00,1769533211.0,0.059
2026-01-27 18:00:00,1769536812.0,0.058
2026-01-27 19:00:00,1769540412.0,0.0495
2026-01-27 20:00:00,1769544011.0,0.055
2026-01-27 21:00:00,1769547612.0,0.052
2026-01-27 22:00:00,1769551211.0,0.0495
2026-01-27 23:00:00,1769554812.0,0.0555
2026-01-28 00:00:00,1769558413.0,0.0575
2026-01-28 01:00:00,1769562011.0,0.0575
2026-01-28 02:00:00,1769565611.0,0.0575
2026-01-28 03:00:00,1769569211.0,0.0565
2026-01-28 04:00:00,1769572812.0,0.0615
2026-01-28 05:00:00,1769576411.0,0.0605
2026-01-28 06:00:00,1769580011.0,0.0615
2026-01-28 07:00:00,1769583611.0,0.0605
2026-01-28 08:00:00,1769587211.0,0.0575
2026-01-28 09:00:00,1769590812.0,0.058
2026-01-28 10:00:00,1769594417.0,0.056
2026-01-28 11:00:00,1769598011.0,0.0565
2026-01-28 12:00:00,1769601613.0,0.0625
2026-01-28 13:00:00,1769605212.0,0.0645
2026-01-28 14:00:00,1769608811.0,0.0645
2026-01-28 15:00:00,1769612412.0,0.0715
2026-01-28 16:00:00,1769616011.0,0.0775
2026-01-28 17:00:00,1769619611.0,0.0745
2026-01-28 18:00:00,1769623212.0,0.066
2026-01-28 19:00:00,1769626812.0,0.0675
2026-01-28 20:00:00,1769630411.0,0.0625
2026-01-28 21:00:00,1769634011.0,0.0695
2026-01-28 22:00:00,1769637612.0,0.0705
2026-01-28 23:00:00,1769641212.0,0.0825
2026-01-29 00:00:00,1769644827.0,0.0835
2026-01-29 01:00:00,1769648412.0,0.0855
2026-01-29 02:00:00,1769652011.0,0.0755
2026-01-29 03:00:00,1769655615.0,0.0735
2026-01-29 04:00:00,1769659213.0,0.0735
2026-01-29 05:00:00,1769662812.0,0.0735
2026-01-29 06:00:00,1769666411.0,0.0765
2026-01-29 07:00:00,1769670012.0,0.0755
2026-01-29 08:00:00,1769673612.0,0.0755
2026-01-29 09:00:00,1769677212.0,0.0815
2026-01-29 10:00:00,1769680813.0,0.0755
2026-01-29 11:00:00,1769684413.0,0.0755
2026-01-29 12:00:00,1769688013.0,0.0755
2026-01-29 13:00:00,1769691612.0,0.075
2026-01-29 14:00:00,1769695212.0,0.0755
2026-01-29 15:00:00,1769698812.0,0.0785
2026-01-29 16:00:00,1769702412.0,0.0715
2026-01-29 17:00:00,1769706012.0,0.0755
2026-01-29 18:00:00,1769709612.0,0.0805
2026-01-29 19:00:00,1769713212.0,0.0785
2026-01-29 20:00:00,1769716823.0,0.0785
2026-01-29 21:00:00,1769720414.0,0.0785
2026-01-29 22:00:00,1769724013.0,0.0735
2026-01-29 23:00:00,1769727612.0,0.069
2026-01-30 00:00:00,1769731213.0,0.0445
2026-01-30 01:00:00,1769734812.0,0.011
2026-01-30 02:00:00,1769738413.0,0.014
2026-01-30 03:00:00,1769742013.0,0.0075
2026-01-30 04:00:00,1769745613.0,0.0065
2026-01-30 05:00:00,1769749212.0,0.0175
2026-01-30 06:00:00,1769752811.0,0.0065
2026-01-30 07:00:00,1769756412.0,0.0115
2026-01-30 08:00:00,1769760012.0,0.008
2026-01-30 09:00:00,1769763612.0,0.0105
2026-01-30 10:00:00,1769767211.0,0.0065
2026-01-30 11:00:00,1769770813.0,0.006
2026-01-30 12:00:00,1769774414.0,0.0005
2026-01-30 13:00:00,1769778012.0,0.0005
2026-01-30 14:00:00,1769781612.0,0.0005
2026-01-30 15:00:00,1769785213.0,0.0005
2026-01-30 16:00:00,1769788813.0,0.0005
2026-01-30 17:00:00,1769792413.0,0.0005
2026-01-30 18:00:00,1769796013.0,0.0005
2026-01-30 19:00:00,1769799613.0,0.0005
2026-01-30 20:00:00,1769803212.0,0.0005
2026-01-30 21:00:00,1769806814.0,0.0005
2026-01-30 22:00:00,1769810414.0,0.0005
2026-01-30 23:00:00,1769814012.0,0.0005
2026-01-31 00:00:00,1769817613.0,0.0005
2026-01-31 01:00:00,1769821212.0,0.0005
2026-01-31 02:00:00,1769824813.0,0.0005
2026-01-31 03:00:00,1769828413.0,0.0005
2026-01-31 04:00:00,1769832013.0,0.0005
2026-01-31 05:00:00,1769835612.0,0.0005
2026-01-31 06:00:00,1769839213.0,0.0005
2026-01-31 07:00:00,1769842813.0,0.0005
2026-01-31 08:00:00,1769846413.0,0.0005
2026-01-31 09:00:00,1769850014.0,0.0005
2026-01-31 10:00:00,1769853613.0,0.0005
2026-01-31 11:00:00,1769857212.0,0.0005
2026-01-31 12:00:00,1769860814.0,0.0005
2026-01-31 13:00:00,1769864413.0,0.0005
2026-01-31 14:00:00,1769868012.0,0.0005
2026-01-31 15:00:00,1769871614.0,0.0005
2026-01-31 16:00:00,1769875214.0,0.0005
2026-01-31 17:00:00,1769878813.0,0.0005
2026-01-31 18:00:00,1769882415.0,0.0005
2026-01-31 19:00:00,1769886012.0,0.0005
2026-01-31 20:00:00,1769889613.0,0.0005
2026-01-31 21:00:00,1769893228.0,0.0005
2026-01-31 22:00:00,1769896812.0,0.001
2026-01-31 23:00:00,1769900413.0,0.002
2026-02-01 00:00:00,1769904016.0,0.0015
2026-02-01 01:00:00,1769907750.0,0.0015
2026-02-01 02:00:00,1769911212.0,0.001
2026-02-01 03:00:00,1769914812.0,0.0005
