time_utc,t,p
2025-08-05 17:00:00,1754415789.0,0.505
2025-08-05 18:00:00,1754416808.0,0.365
2025-08-05 19:00:00,1754420409.0,0.325
2025-08-05 20:00:00,1754424009.0,0.345
2025-08-05 21:00:00,1754427610.0,0.34
2025-08-05 22:00:00,1754431209.0,0.34
2025-08-05 23:00:00,1754434808.0,0.34
2025-08-06 00:00:00,1754438409.0,0.34
2025-08-06 01:00:00,1754442009.0,0.34
2025-08-06 02:00:00,1754445610.0,0.335
2025-08-06 03:00:00,1754449209.0,0.335
2025-08-06 04:00:00,1754452810.0,0.345
2025-08-06 05:00:00,1754456410.0,0.345
2025-08-06 06:00:00,1754460009.0,0.345
2025-08-06 07:00:00,1754463609.0,0.345
2025-08-06 08:00:00,1754467209.0,0.345
2025-08-06 09:00:00,1754470809.0,0.345
2025-08-06 10:00:00,1754474409.0,0.345
2025-08-06 11:00:00,1754478009.0,0.345
2025-08-06 12:00:00,1754481608.0,0.345
2025-08-06 13:00:00,1754485209.0,0.345
2025-08-06 14:00:00,1754488809.0,0.345
2025-08-06 15:00:00,1754492410.0,0.345
2025-08-06 16:00:00,1754496009.0,0.345
2025-08-06 17:00:00,1754499608.0,0.345
2025-08-06 18:00:00,1754503209.0,0.325
2025-08-06 19:00:00,1754506806.0,0.325
2025-08-06 20:00:00,1754510403.0,0.33
2025-08-06 21:00:00,1754514005.0,0.325
2025-08-06 22:00:00,1754517613.0,0.37
2025-08-06 23:00:00,1754521212.0,0.34
2025-08-07 00:00:00,1754524805.0,0.34
2025-08-07 01:00:00,1754528403.0,0.34
2025-08-07 02:00:00,1754532007.0,0.34
2025-08-07 03:00:00,1754535610.0,0.345
2025-08-07 04:00:00,1754539215.0,0.345
2025-08-07 05:00:00,1754542802.0,0.34
2025-08-07 06:00:00,1754546414.0,0.34
2025-08-07 07:00:00,1754550016.0,0.34
2025-08-07 08:00:00,1754553603.0,0.335
2025-08-07 09:00:00,1754557217.0,0.335
2025-08-07 10:00:00,1754560803.0,0.335
2025-08-07 11:00:00,1754564408.0,0.34
2025-08-07 12:00:00,1754568009.0,0.34
2025-08-07 13:00:00,1754571613.0,0.335
2025-08-07 14:00:00,1754575209.0,0.335
2025-08-07 15:00:00,1754578810.0,0.225
2025-08-07 16:00:00,1754582415.0,0.265
2025-08-07 17:00:00,1754586007.0,0.24
2025-08-07 18:00:00,1754589603.0,0.24
2025-08-07 19:00:00,1754593216.0,0.265
2025-08-07 20:00:00,1754596813.0,0.245
2025-08-07 21:00:00,1754600408.0,0.26
2025-08-07 22:00:00,1754604003.0,0.225
2025-08-07 23:00:00,1754607614.0,0.195
2025-08-08 00:00:00,1754611203.0,0.195
2025-08-08 01:00:00,1754614802.0,0.195
2025-08-08 02:00:00,1754618408.0,0.185
2025-08-08 03:00:00,1754622006.0,0.19
2025-08-08 04:00:00,1754625608.0,0.185
2025-08-08 05:00:00,1754629207.0,0.185
2025-08-08 06:00:00,1754632805.0,0.185
2025-08-08 07:00:00,1754636402.0,0.185
2025-08-08 08:00:00,1754640014.0,0.19
2025-08-08 09:00:00,1754643607.0,0.185
2025-08-08 10:00:00,1754647215.0,0.19
2025-08-08 11:00:00,1754650804.0,0.19
2025-08-08 12:00:00,1754654408.0,0.19
2025-08-08 13:00:00,1754658005.0,0.185
2025-08-08 14:00:00,1754661608.0,0.19
2025-08-08 15:00:00,1754665202.0,0.19
2025-08-08 16:00:00,1754668813.0,0.19
2025-08-08 17:00:00,1754672416.0,0.195
2025-08-08 18:00:00,1754676002.0,0.19
2025-08-08 19:00:00,1754679604.0,0.195
2025-08-08 20:00:00,1754683211.0,0.185
2025-08-08 21:00:00,1754686803.0,0.185
2025-08-08 22:00:00,1754690413.0,0.195
2025-08-08 23:00:00,1754694004.0,0.195
2025-08-09 00:00:00,1754697611.0,0.195
2025-08-09 01:00:00,1754701207.0,0.205
2025-08-09 02:00:00,1754704806.0,0.17
2025-08-09 03:00:00,1754708418.0,0.17
2025-08-09 04:00:00,1754712002.0,0.175
2025-08-09 05:00:00,1754715614.0,0.175
2025-08-09 06:00:00,1754719205.0,0.175
2025-08-09 07:00:00,1754722814.0,0.175
2025-08-09 08:00:00,1754726410.0,0.175
2025-08-09 09:00:00,1754730011.0,0.175
2025-08-09 10:00:00,1754733610.0,0.175
2025-08-09 11:00:00,1754737204.0,0.185
2025-08-09 12:00:00,1754740823.0,0.185
2025-08-09 13:00:00,1754744410.0,0.185
2025-08-09 14:00:00,1754748003.0,0.18
2025-08-09 15:00:00,1754751614.0,0.18
2025-08-09 16:00:00,1754755212.0,0.185
2025-08-09 17:00:00,1754758813.0,0.185
2025-08-09 18:00:00,1754762418.0,0.185
2025-08-09 19:00:00,1754766015.0,0.185
2025-08-09 20:00:00,1754769609.0,0.185
2025-08-09 21:00:00,1754773217.0,0.18
2025-08-09 22:00:00,1754776811.0,0.18
2025-08-09 23:00:00,1754780405.0,0.18
2025-08-10 00:00:00,1754784007.0,0.18
2025-08-10 01:00:00,1754787608.0,0.18
2025-08-10 02:00:00,1754791212.0,0.18
2025-08-10 03:00:00,1754794805.0,0.18
2025-08-10 04:00:00,1754798405.0,0.185
2025-08-10 05:00:00,1754802002.0,0.185
2025-08-10 06:00:00,1754805609.0,0.185
2025-08-10 07:00:00,1754809202.0,0.185
2025-08-10 08:00:00,1754812802.0,0.185
2025-08-10 09:00:00,1754816419.0,0.185
2025-08-10 10:00:00,1754820015.0,0.185
2025-08-10 11:00:00,1754823602.0,0.185
2025-08-10 12:00:00,1754827222.0,0.19
2025-08-10 13:00:00,1754830807.0,0.19
2025-08-10 14:00:00,1754834411.0,0.19
2025-08-10 15:00:00,1754838006.0,0.19
2025-08-10 16:00:00,1754841608.0,0.19
2025-08-10 17:00:00,1754845210.0,0.19
2025-08-10 18:00:00,1754848815.0,0.19
2025-08-10 19:00:00,1754852411.0,0.19
2025-08-10 20:00:00,1754856007.0,0.19
2025-08-10 21:00:00,1754859605.0,0.19
2025-08-10 22:00:00,1754863212.0,0.19
2025-08-10 23:00:00,1754866815.0,0.19
2025-08-11 00:00:00,1754870406.0,0.19
2025-08-11 01:00:00,1754874009.0,0.19
2025-08-11 02:00:00,1754877610.0,0.19
2025-08-11 03:00:00,1754881210.0,0.19
2025-08-11 04:00:00,1754884809.0,0.19
2025-08-11 05:00:00,1754888415.0,0.19
2025-08-11 06:00:00,1754892004.0,0.19
2025-08-11 07:00:00,1754895615.0,0.19
2025-08-11 08:00:00,1754899209.0,0.195
2025-08-11 09:00:00,1754902823.0,0.195
2025-08-11 10:00:00,1754906411.0,0.185
2025-08-11 11:00:00,1754910012.0,0.185
2025-08-11 12:00:00,1754913608.0,0.185
2025-08-11 13:00:00,1754917207.0,0.185
2025-08-11 14:00:00,1754920803.0,0.18
2025-08-11 15:00:00,1754924420.0,0.18
2025-08-11 16:00:00,1754928005.0,0.185
2025-08-11 17:00:00,1754931612.0,0.18
2025-08-11 18:00:00,1754935217.0,0.18
2025-08-11 19:00:00,1754938810.0,0.18
2025-08-11 20:00:00,1754942412.0,0.18
2025-08-11 21:00:00,1754946016.0,0.18
2025-08-11 22:00:00,1754949611.0,0.185
2025-08-11 23:00:00,1754953214.0,0.185
2025-08-12 00:00:00,1754956808.0,0.185
2025-08-12 01:00:00,1754960408.0,0.185
2025-08-12 02:00:00,1754964007.0,0.185
2025-08-12 03:00:00,1754967602.0,0.185
2025-08-12 04:00:00,1754971203.0,0.185
2025-08-12 05:00:00,1754974805.0,0.185
2025-08-12 06:00:00,1754978406.0,0.185
2025-08-12 07:00:00,1754982004.0,0.185
2025-08-12 08:00:00,1754985611.0,0.185
2025-08-12 09:00:00,1754989218.0,0.185
2025-08-12 10:00:00,1754992802.0,0.185
2025-08-12 11:00:00,1754996404.0,0.185
2025-08-12 12:00:00,1755000010.0,0.185
2025-08-12 13:00:00,1755003608.0,0.185
2025-08-12 14:00:00,1755007203.0,0.185
2025-08-12 15:00:00,1755010806.0,0.185
2025-08-12 16:00:00,1755014411.0,0.185
2025-08-12 17:00:00,1755018009.0,0.185
2026-02-01 04:00:00,1769921057.0,0.9795
2025-08-12 18:00:00,1755021608.0,0.185
2025-08-12 19:00:00,1755025204.0,0.185
2025-08-12 20:00:00,1755028815.0,0.185
2025-08-12 21:00:00,1755032407.0,0.185
2025-08-12 22:00:00,1755036006.0,0.18
2025-08-12 23:00:00,1755039612.0,0.175
2025-08-13 00:00:00,1755043205.0,0.175
2025-08-13 01:00:00,1755046802.0,0.175
2025-08-13 02:00:00,1755050413.0,0.175
2025-08-13 03:00:00,1755054014.0,0.175
2025-08-13 04:00:00,1755057609.0,0.175
2025-08-13 05:00:00,1755061208.0,0.175
2025-08-13 06:00:00,1755064803.0,0.175
2025-08-13 07:00:00,1755068406.0,0.175
2025-08-13 08:00:00,1755072012.0,0.175
2025-08-13 09:00:00,1755075610.0,0.175
2025-08-13 10:00:00,1755079213.0,0.175
2025-08-13 11:00:00,1755082802.0,0.175
2025-08-13 12:00:00,1755086412.0,0.175
2025-08-13 13:00:00,1755090015.0,0.175
2025-08-13 14:00:00,1755093603.0,0.175
2025-08-13 15:00:00,1755097205.0,0.175
2025-08-13 16:00:00,1755100805.0,0.175
2025-08-13 17:00:00,1755104414.0,0.185
2025-08-13 18:00:00,1755108006.0,0.18
2025-08-13 19:00:00,1755111608.0,0.17
2025-08-13 20:00:00,1755115211.0,0.17
2025-08-13 21:00:00,1755118812.0,0.17
2025-08-13 22:00:00,1755122412.0,0.17
2025-08-13 23:00:00,1755126003.0,0.165
2025-08-14 00:00:00,1755129605.0,0.17
2025-08-14 01:00:00,1755133202.0,0.17
2025-08-14 02:00:00,1755136801.0,0.17
2025-08-14 03:00:00,1755140412.0,0.17
2025-08-14 04:00:00,1755144015.0,0.17
2025-08-14 05:00:00,1755147610.0,0.17
2025-08-14 06:00:00,1755151202.0,0.17
2025-08-14 07:00:00,1755154808.0,0.17
2025-08-14 08:00:00,1755158404.0,0.17
2025-08-14 09:00:00,1755162011.0,0.175
2025-08-14 10:00:00,1755165608.0,0.175
2025-08-14 11:00:00,1755169207.0,0.17
2025-08-14 12:00:00,1755172816.0,0.17
2025-08-14 13:00:00,1755176404.0,0.175
2025-08-14 14:00:00,1755180012.0,0.165
2025-08-14 15:00:00,1755183616.0,0.165
2025-08-14 16:00:00,1755187205.0,0.165
2025-08-14 17:00:00,1755190805.0,0.165
2025-08-14 18:00:00,1755194404.0,0.165
2025-08-14 19:00:00,1755198013.0,0.165
2025-08-14 20:00:00,1755201607.0,0.165
2025-08-14 21:00:00,1755205217.0,0.165
2025-08-14 22:00:00,1755208808.0,0.145
2025-08-14 23:00:00,1755212414.0,0.145
2025-08-15 00:00:00,1755216007.0,0.145
2025-08-15 01:00:00,1755219608.0,0.145
2025-08-15 02:00:00,1755223210.0,0.145
2025-08-15 03:00:00,1755226814.0,0.145
2025-08-15 04:00:00,1755230410.0,0.145
2025-08-15 05:00:00,1755234010.0,0.145
2025-08-15 06:00:00,1755237612.0,0.145
2025-08-15 07:00:00,1755241210.0,0.145
2025-08-15 08:00:00,1755244802.0,0.145
2025-08-15 09:00:00,1755248408.0,0.145
2025-08-15 10:00:00,1755252014.0,0.145
2025-08-15 11:00:00,1755255611.0,0.145
2025-08-15 12:00:00,1755259203.0,0.145
2025-08-15 13:00:00,1755262809.0,0.145
2025-08-15 14:00:00,1755266411.0,0.145
2025-08-15 15:00:00,1755270002.0,0.145
2025-08-15 16:00:00,1755273610.0,0.145
2025-08-15 17:00:00,1755277206.0,0.145
2025-08-15 18:00:00,1755280810.0,0.145
2025-08-15 19:00:00,1755284408.0,0.145
2025-08-15 20:00:00,1755288007.0,0.145
2025-08-15 21:00:00,1755291615.0,0.145
2025-08-15 22:00:00,1755295217.0,0.145
2025-08-15 23:00:00,1755298807.0,0.145
2025-08-16 00:00:00,1755302407.0,0.145
2025-08-16 01:00:00,1755306005.0,0.145
2025-08-16 02:00:00,1755309604.0,0.145
2025-08-16 03:00:00,1755313209.0,0.145
2025-08-16 04:00:00,1755316816.0,0.145
2025-08-16 05:00:00,1755320416.0,0.145
2025-08-16 06:00:00,1755324008.0,0.145
2025-08-16 07:00:00,1755327605.0,0.145
2025-08-16 08:00:00,1755331208.0,0.145
2025-08-16 09:00:00,1755334810.0,0.145
2025-08-16 10:00:00,1755338412.0,0.155
2025-08-16 11:00:00,1755342017.0,0.155
2025-08-16 12:00:00,1755345619.0,0.155
2025-08-16 13:00:00,1755349214.0,0.155
2025-08-16 14:00:00,1755352806.0,0.135
2025-08-16 15:00:00,1755356404.0,0.135
2025-08-16 16:00:00,1755360009.0,0.125
2025-08-16 17:00:00,1755363615.0,0.125
2025-08-16 18:00:00,1755367216.0,0.125
2025-08-16 19:00:00,1755370808.0,0.125
2025-08-16 20:00:00,1755374410.0,0.125
2025-08-16 21:00:00,1755378018.0,0.125
2025-08-16 22:00:00,1755381616.0,0.125
2025-08-16 23:00:00,1755385206.0,0.125
2025-08-17 00:00:00,1755388816.0,0.125
2025-08-17 01:00:00,1755392410.0,0.125
2025-08-17 02:00:00,1755396009.0,0.115
2025-08-17 03:00:00,1755399612.0,0.115
2025-08-17 04:00:00,1755403210.0,0.115
2025-08-17 05:00:00,1755406802.0,0.115
2025-08-17 06:00:00,1755410408.0,0.115
2025-08-17 07:00:00,1755414008.0,0.115
2025-08-17 08:00:00,1755417615.0,0.115
2025-08-17 09:00:00,1755421209.0,0.115
2025-08-17 10:00:00,1755424806.0,0.115
2025-08-17 11:00:00,1755428411.0,0.115
2025-08-17 12:00:00,1755432007.0,0.115
2025-08-17 13:00:00,1755435609.0,0.12
2025-08-17 14:00:00,1755439214.0,0.115
2025-08-17 15:00:00,1755442816.0,0.115
2025-08-17 16:00:00,1755446408.0,0.115
2025-08-17 17:00:00,1755450005.0,0.115
2025-08-17 18:00:00,1755453614.0,0.115
2025-08-17 19:00:00,1755457214.0,0.115
2025-08-17 20:00:00,1755460814.0,0.12
2025-08-17 21:00:00,1755464407.0,0.125
2025-08-17 22:00:00,1755468005.0,0.12
2025-08-17 23:00:00,1755471609.0,0.12
2025-08-18 00:00:00,1755475207.0,0.125
2025-08-18 01:00:00,1755478803.0,0.125
2025-08-18 02:00:00,1755482412.0,0.125
2025-08-18 03:00:00,1755486002.0,0.125
2025-08-18 04:00:00,1755489606.0,0.125
2025-08-18 05:00:00,1755493212.0,0.125
2025-08-18 06:00:00,1755496808.0,0.13
2025-08-18 07:00:00,1755500408.0,0.13
2025-08-18 08:00:00,1755504008.0,0.13
2025-08-18 09:00:00,1755507622.0,0.13
2025-08-18 10:00:00,1755511214.0,0.13
2025-08-18 11:00:00,1755514815.0,0.13
2025-08-18 12:00:00,1755518406.0,0.13
2025-08-18 13:00:00,1755522015.0,0.13
2025-08-18 14:00:00,1755525615.0,0.135
2025-08-18 15:00:00,1755529205.0,0.125
2025-08-18 16:00:00,1755532810.0,0.13
2025-08-18 17:00:00,1755536406.0,0.135
2025-08-18 18:00:00,1755540005.0,0.125
2025-08-18 19:00:00,1755543602.0,0.13
2025-08-18 20:00:00,1755547206.0,0.125
2025-08-18 21:00:00,1755550806.0,0.135
2025-08-18 22:00:00,1755554405.0,0.125
2025-08-18 23:00:00,1755558004.0,0.135
2025-08-19 00:00:00,1755561614.0,0.13
2025-08-19 01:00:00,1755565209.0,0.125
2025-08-19 02:00:00,1755568805.0,0.135
2025-08-19 03:00:00,1755572409.0,0.135
2025-08-19 04:00:00,1755576012.0,0.135
2025-08-19 05:00:00,1755579614.0,0.135
2025-08-19 06:00:00,1755583218.0,0.135
2025-08-19 07:00:00,1755586811.0,0.135
2025-08-19 08:00:00,1755590406.0,0.135
2025-08-19 09:00:00,1755594017.0,0.135
2025-08-19 10:00:00,1755597606.0,0.135
2025-08-19 11:00:00,1755601214.0,0.135
2025-08-19 12:00:00,1755604808.0,0.145
2025-08-19 13:00:00,1755608407.0,0.135
2025-08-19 14:00:00,1755612013.0,0.13
2025-08-19 15:00:00,1755615611.0,0.12
2025-08-19 16:00:00,1755619205.0,0.115
2025-08-19 17:00:00,1755622813.0,0.13
2025-08-19 18:00:00,1755626409.0,0.13
2025-08-19 19:00:00,1755630008.0,0.13
2025-08-19 20:00:00,1755633615.0,0.13
2025-08-19 21:00:00,1755637205.0,0.14
2025-08-19 22:00:00,1755640808.0,0.125
2025-08-19 23:00:00,1755644412.0,0.13
2025-08-20 00:00:00,1755648003.0,0.135
2025-08-20 01:00:00,1755651604.0,0.14
2025-08-20 02:00:00,1755655209.0,0.14
2025-08-20 03:00:00,1755658809.0,0.14
2025-08-20 04:00:00,1755662410.0,0.135
2025-08-20 05:00:00,1755666005.0,0.135
2025-08-20 06:00:00,1755669604.0,0.135
2025-08-20 07:00:00,1755673202.0,0.135
2025-08-20 08:00:00,1755676814.0,0.135
2025-08-20 09:00:00,1755680409.0,0.135
2025-08-20 10:00:00,1755684015.0,0.135
2025-08-20 11:00:00,1755687602.0,0.135
2025-08-20 12:00:00,1755691216.0,0.135
2025-08-20 13:00:00,1755694804.0,0.135
2025-08-20 14:00:00,1755698402.0,0.135
2025-08-20 15:00:00,1755702011.0,0.135
2025-08-20 16:00:00,1755705610.0,0.135
2025-08-20 17:00:00,1755709214.0,0.14
2025-08-20 18:00:00,1755712815.0,0.14
2025-08-20 19:00:00,1755716402.0,0.14
2025-08-20 20:00:00,1755720015.0,0.135
2025-08-20 21:00:00,1755723611.0,0.135
2025-08-20 22:00:00,1755727205.0,0.135
2025-08-20 23:00:00,1755730804.0,0.135
2025-08-21 00:00:00,1755734407.0,0.205
2025-08-21 01:00:00,1755738002.0,0.2
2025-08-21 02:00:00,1755741609.0,0.21
2025-08-21 03:00:00,1755745210.0,0.215
2025-08-21 04:00:00,1755748810.0,0.215
2025-08-21 05:00:00,1755752416.0,0.215
2025-08-21 06:00:00,1755756008.0,0.205
2025-08-21 07:00:00,1755759617.0,0.205
2025-08-21 08:00:00,1755763202.0,0.19
2025-08-21 09:00:00,1755766802.0,0.175
2025-08-21 10:00:00,1755770415.0,0.2
2025-08-21 11:00:00,1755774013.0,0.19
2025-08-21 12:00:00,1755777605.0,0.165
2025-08-21 13:00:00,1755781208.0,0.19
2025-08-21 14:00:00,1755784818.0,0.175
2025-08-21 15:00:00,1755788416.0,0.18
2025-08-21 16:00:00,1755792009.0,0.18
2025-08-21 17:00:00,1755795615.0,0.18
2025-08-21 18:00:00,1755799214.0,0.18
2025-08-21 19:00:00,1755802813.0,0.175
2025-08-21 20:00:00,1755806408.0,0.175
2025-08-21 21:00:00,1755810011.0,0.17
2025-08-21 22:00:00,1755813606.0,0.175
2025-08-21 23:00:00,1755817206.0,0.175
2025-08-22 00:00:00,1755820805.0,0.175
2025-08-22 01:00:00,1755824407.0,0.175
2025-08-22 02:00:00,1755828002.0,0.175
2025-08-22 03:00:00,1755831605.0,0.175
2025-08-22 04:00:00,1755835202.0,0.175
2025-08-22 05:00:00,1755838814.0,0.175
2025-08-22 06:00:00,1755842415.0,0.175
2025-08-22 07:00:00,1755846002.0,0.175
2025-08-22 08:00:00,1755849607.0,0.175
2025-08-22 09:00:00,1755853214.0,0.175
2025-08-22 10:00:00,1755856810.0,0.175
2025-08-22 11:00:00,1755860408.0,0.175
2025-08-22 12:00:00,1755864018.0,0.17
2025-08-22 13:00:00,1755867604.0,0.175
2025-08-22 14:00:00,1755871212.0,0.17
2025-08-22 15:00:00,1755874809.0,0.16
2025-08-22 16:00:00,1755878404.0,0.175
2025-08-22 17:00:00,1755882011.0,0.175
2025-08-22 18:00:00,1755885616.0,0.17
2025-08-22 19:00:00,1755889214.0,0.17
2025-08-22 20:00:00,1755892814.0,0.17
2025-08-22 21:00:00,1755896404.0,0.17
2025-08-22 22:00:00,1755900012.0,0.17
2025-08-22 23:00:00,1755903606.0,0.17
2025-08-23 00:00:00,1755907202.0,0.17
2025-08-23 01:00:00,1755910803.0,0.17
2025-08-23 02:00:00,1755914413.0,0.165
2025-08-23 03:00:00,1755918018.0,0.165
2025-08-23 04:00:00,1755921602.0,0.165
2025-08-23 05:00:00,1755925205.0,0.16
2025-08-23 06:00:00,1755928810.0,0.16
2025-08-23 07:00:00,1755932411.0,0.16
2025-08-23 08:00:00,1755936010.0,0.16
2025-08-23 09:00:00,1755939609.0,0.16
2025-08-23 10:00:00,1755943214.0,0.16
2025-08-23 11:00:00,1755946807.0,0.165
2025-08-23 12:00:00,1755950416.0,0.17
2025-08-23 13:00:00,1755954013.0,0.17
2025-08-23 14:00:00,1755957614.0,0.17
2025-08-23 15:00:00,1755961219.0,0.17
2025-08-23 16:00:00,1755964816.0,0.18
2025-08-23 17:00:00,1755968418.0,0.18
2025-08-23 18:00:00,1755972004.0,0.18
2025-08-23 19:00:00,1755975606.0,0.175
2025-08-23 20:00:00,1755979214.0,0.175
2025-08-23 21:00:00,1755982804.0,0.175
2025-08-23 22:00:00,1755986418.0,0.175
2025-08-23 23:00:00,1755990002.0,0.175
2025-08-24 00:00:00,1755993606.0,0.175
2025-08-24 01:00:00,1755997203.0,0.175
2025-08-24 02:00:00,1756000802.0,0.175
2025-08-24 03:00:00,1756004412.0,0.175
2025-08-24 04:00:00,1756008015.0,0.175
2025-08-24 05:00:00,1756011602.0,0.175
2025-08-24 06:00:00,1756015209.0,0.175
2025-08-24 07:00:00,1756018812.0,0.175
2025-08-24 08:00:00,1756022402.0,0.165
2025-08-24 09:00:00,1756026002.0,0.165
2025-08-24 10:00:00,1756029611.0,0.165
2025-08-24 11:00:00,1756033217.0,0.165
2025-08-24 12:00:00,1756036816.0,0.165
2025-08-24 13:00:00,1756040406.0,0.165
2025-08-24 14:00:00,1756044002.0,0.165
2025-08-24 15:00:00,1756047612.0,0.165
2025-08-24 16:00:00,1756051208.0,0.165
2025-08-24 17:00:00,1756054806.0,0.165
2025-08-24 18:00:00,1756058415.0,0.165
2025-08-24 19:00:00,1756062011.0,0.165
2025-08-24 20:00:00,1756065606.0,0.155
2025-08-24 21:00:00,1756069209.0,0.155
2025-08-24 22:00:00,1756072805.0,0.155
2025-08-24 23:00:00,1756076415.0,0.15
2025-08-25 00:00:00,1756080005.0,0.15
2025-08-25 01:00:00,1756083608.0,0.15
2025-08-25 02:00:00,1756087213.0,0.15
2025-08-25 03:00:00,1756090807.0,0.15
2025-08-25 04:00:00,1756094417.0,0.15
2025-08-25 05:00:00,1756098016.0,0.15
2025-08-25 06:00:00,1756101616.0,0.15
2025-08-25 07:00:00,1756105206.0,0.15
2025-08-25 08:00:00,1756108806.0,0.15
2025-08-25 09:00:00,1756112413.0,0.15
2025-08-25 10:00:00,1756116014.0,0.15
2025-08-25 11:00:00,1756119610.0,0.15
2025-08-25 12:00:00,1756123219.0,0.155
2025-08-25 13:00:00,1756126810.0,0.155
2025-08-25 14:00:00,1756130413.0,0.155
2025-08-25 15:00:00,1756134018.0,0.155
2025-08-25 16:00:00,1756137615.0,0.155
2025-08-25 17:00:00,1756141213.0,0.15
2025-08-25 18:00:00,1756144806.0,0.155
2025-08-25 19:00:00,1756148405.0,0.155
2025-08-25 20:00:00,1756152014.0,0.155
2025-08-25 21:00:00,1756155613.0,0.155
2025-08-25 22:00:00,1756159203.0,0.15
2025-08-25 23:00:00,1756162806.0,0.15
2025-08-26 00:00:00,1756166403.0,0.15
2025-08-26 01:00:00,1756170011.0,0.15
2025-08-26 02:00:00,1756173606.0,0.15
2025-08-26 03:00:00,1756177209.0,0.155
2025-08-26 04:00:00,1756180802.0,0.155
2025-08-26 05:00:00,1756184412.0,0.155
2025-08-26 06:00:00,1756188003.0,0.155
2025-08-26 07:00:00,1756191602.0,0.15
2025-08-26 08:00:00,1756195205.0,0.15
2025-08-26 09:00:00,1756198804.0,0.155
2025-08-26 10:00:00,1756202405.0,0.15
2025-08-26 11:00:00,1756206014.0,0.15
2025-08-26 12:00:00,1756209611.0,0.155
2025-08-26 13:00:00,1756213212.0,0.15
2025-08-26 14:00:00,1756216804.0,0.165
2025-08-26 15:00:00,1756220403.0,0.16
2025-08-26 16:00:00,1756224013.0,0.16
2025-08-26 17:00:00,1756227614.0,0.16
2025-08-26 18:00:00,1756231202.0,0.16
2025-08-26 19:00:00,1756234803.0,0.175
2025-08-26 20:00:00,1756238412.0,0.18
2025-08-26 21:00:00,1756242018.0,0.155
2025-08-26 22:00:00,1756245617.0,0.15
2025-08-26 23:00:00,1756249207.0,0.155
2025-08-27 00:00:00,1756252816.0,0.15
2025-08-27 01:00:00,1756256413.0,0.15
2025-08-27 02:00:00,1756260013.0,0.15
2025-08-27 03:00:00,1756263605.0,0.15
2025-08-27 04:00:00,1756267210.0,0.15
2025-08-27 05:00:00,1756270819.0,0.15
2025-08-27 06:00:00,1756274416.0,0.15
2025-08-27 07:00:00,1756278005.0,0.15
2025-08-27 08:00:00,1756281615.0,0.155
2025-08-27 09:00:00,1756285216.0,0.155
2025-08-27 10:00:00,1756288804.0,0.155
2025-08-27 11:00:00,1756292415.0,0.155
2025-08-27 12:00:00,1756296002.0,0.15
2025-08-27 13:00:00,1756299602.0,0.155
2025-08-27 14:00:00,1756303217.0,0.15
2025-08-27 15:00:00,1756306805.0,0.155
2025-08-27 16:00:00,1756310406.0,0.16
2025-08-27 17:00:00,1756314009.0,0.16
2025-08-27 18:00:00,1756317613.0,0.16
2025-08-27 19:00:00,1756321205.0,0.155
2025-08-27 20:00:00,1756324809.0,0.155
2025-08-27 21:00:00,1756328405.0,0.155
2025-08-27 22:00:00,1756332015.0,0.155
2025-08-27 23:00:00,1756335615.0,0.16
2025-08-28 00:00:00,1756339205.0,0.16
2025-08-28 01:00:00,1756342807.0,0.155
2025-08-28 02:00:00,1756346410.0,0.155
2025-08-28 03:00:00,1756350012.0,0.155
2025-08-28 04:00:00,1756353618.0,0.155
2025-08-28 05:00:00,1756357218.0,0.155
2025-08-28 06:00:00,1756360812.0,0.155
2025-08-28 07:00:00,1756364419.0,0.155
2025-08-28 08:00:00,1756368012.0,0.155
2025-08-28 09:00:00,1756371613.0,0.155
2025-08-28 10:00:00,1756375213.0,0.155
2025-08-28 11:00:00,1756378807.0,0.155
2025-08-28 12:00:00,1756382418.0,0.155
2025-08-28 13:00:00,1756386010.0,0.155
2025-08-28 14:00:00,1756389602.0,0.155
2025-08-28 15:00:00,1756393203.0,0.155
2025-08-28 16:00:00,1756396805.0,0.155
2025-08-28 17:00:00,1756400402.0,0.155
2025-08-28 18:00:00,1756404019.0,0.155
2025-08-28 19:00:00,1756407614.0,0.155
2025-08-28 20:00:00,1756411205.0,0.155
2025-08-28 21:00:00,1756414803.0,0.155
2025-08-28 22:00:00,1756418408.0,0.155
2025-08-28 23:00:00,1756422006.0,0.155
2025-08-29 00:00:00,1756425604.0,0.155
2025-08-29 01:00:00,1756429212.0,0.165
2025-08-29 02:00:00,1756432805.0,0.16
2025-08-29 03:00:00,1756436417.0,0.16
2025-08-29 04:00:00,1756440013.0,0.16
2025-08-29 05:00:00,1756443604.0,0.16
2025-08-29 06:00:00,1756447209.0,0.165
2025-08-29 07:00:00,1756450812.0,0.165
2025-08-29 08:00:00,1756454416.0,0.165
2025-08-29 09:00:00,1756458006.0,0.165
2025-08-29 10:00:00,1756461609.0,0.17
2025-08-29 11:00:00,1756465209.0,0.17
2025-08-29 12:00:00,1756468816.0,0.17
2025-08-29 13:00:00,1756472416.0,0.165
2025-08-29 14:00:00,1756476010.0,0.165
2025-08-29 15:00:00,1756479620.0,0.165
2025-08-29 16:00:00,1756483204.0,0.17
2025-08-29 17:00:00,1756486806.0,0.17
2025-08-29 18:00:00,1756490418.0,0.165
2025-08-29 19:00:00,1756494014.0,0.165
2025-08-29 20:00:00,1756497620.0,0.16
2025-08-29 21:00:00,1756501214.0,0.16
2025-08-29 22:00:00,1756504817.0,0.16
2025-08-29 23:00:00,1756508406.0,0.16
2025-08-30 00:00:00,1756512004.0,0.16
2025-08-30 01:00:00,1756515612.0,0.16
2025-08-30 02:00:00,1756519202.0,0.165
2025-08-30 03:00:00,1756522814.0,0.165
2025-08-30 04:00:00,1756526416.0,0.17
2025-08-30 05:00:00,1756530013.0,0.17
2025-08-30 06:00:00,1756533613.0,0.165
2025-08-30 07:00:00,1756537202.0,0.17
2025-08-30 08:00:00,1756540810.0,0.17
2025-08-30 09:00:00,1756544404.0,0.17
2025-08-30 10:00:00,1756548020.0,0.17
2025-08-30 11:00:00,1756551602.0,0.165
2025-08-30 12:00:00,1756555229.0,0.17
2025-08-30 13:00:00,1756558804.0,0.17
2025-08-30 14:00:00,1756562413.0,0.17
2025-08-30 15:00:00,1756566002.0,0.17
2025-08-30 16:00:00,1756569604.0,0.17
2025-08-30 17:00:00,1756573224.0,0.17
2025-08-30 18:00:00,1756576812.0,0.17
2025-08-30 19:00:00,1756580416.0,0.17
2025-08-30 20:00:00,1756584015.0,0.17
2025-08-30 21:00:00,1756587602.0,0.17
2025-08-30 22:00:00,1756591218.0,0.17
2025-08-30 23:00:00,1756594805.0,0.17
2025-08-31 00:00:00,1756598411.0,0.165
2025-08-31 01:00:00,1756602008.0,0.17
2025-08-31 02:00:00,1756605611.0,0.17
2025-08-31 03:00:00,1756609214.0,0.17
2025-08-31 04:00:00,1756612818.0,0.17
2025-08-31 05:00:00,1756616416.0,0.17
2025-08-31 06:00:00,1756620009.0,0.165
2025-08-31 07:00:00,1756623619.0,0.17
2025-08-31 08:00:00,1756627202.0,0.17
2025-08-31 09:00:00,1756630819.0,0.17
2025-08-31 10:00:00,1756634427.0,0.17
2025-08-31 11:00:00,1756638013.0,0.17
2025-08-31 12:00:00,1756641621.0,0.17
2025-08-31 13:00:00,1756645210.0,0.17
2025-08-31 14:00:00,1756648819.0,0.17
2025-08-31 15:00:00,1756652422.0,0.165
2025-08-31 16:00:00,1756656008.0,0.165
2025-08-31 17:00:00,1756659615.0,0.17
2025-08-31 18:00:00,1756663208.0,0.17
2025-08-31 19:00:00,1756666817.0,0.165
2025-08-31 20:00:00,1756670410.0,0.17
2025-08-31 21:00:00,1756674017.0,0.17
2025-08-31 22:00:00,1756677615.0,0.165
2025-08-31 23:00:00,1756681207.0,0.17
2025-09-01 00:00:00,1756684809.0,0.17
2025-09-01 01:00:00,1756688413.0,0.17
2025-09-01 02:00:00,1756692010.0,0.17
2025-09-01 03:00:00,1756695619.0,0.17
2025-09-01 04:00:00,1756699204.0,0.17
2025-09-01 05:00:00,1756702815.0,0.17
2025-09-01 06:00:00,1756706410.0,0.17
2025-09-01 07:00:00,1756710003.0,0.17
2025-09-01 08:00:00,1756713616.0,0.17
2025-09-01 09:00:00,1756717208.0,0.17
2025-09-01 10:00:00,1756720813.0,0.17
2025-09-01 11:00:00,1756724415.0,0.17
2025-09-01 12:00:00,1756728013.0,0.17
2025-09-01 13:00:00,1756731613.0,0.17
2025-09-01 14:00:00,1756735213.0,0.17
2025-09-01 15:00:00,1756738807.0,0.17
2025-09-01 16:00:00,1756742406.0,0.17
2025-09-01 17:00:00,1756746021.0,0.17
2025-09-01 18:00:00,1756749613.0,0.17
2025-09-01 19:00:00,1756753208.0,0.17
2025-09-01 20:00:00,1756756806.0,0.17
2025-09-01 21:00:00,1756760409.0,0.17
2025-09-01 22:00:00,1756764009.0,0.17
2025-09-01 23:00:00,1756767616.0,0.17
2025-09-02 00:00:00,1756771211.0,0.17
2025-09-02 01:00:00,1756774808.0,0.17
2025-09-02 02:00:00,1756778408.0,0.17
2025-09-02 03:00:00,1756782022.0,0.17
2025-09-02 04:00:00,1756785604.0,0.17
2025-09-02 05:00:00,1756789212.0,0.17
2025-09-02 06:00:00,1756792812.0,0.17
2025-09-02 07:00:00,1756796416.0,0.17
2025-09-02 08:00:00,1756800008.0,0.17
2025-09-02 09:00:00,1756803624.0,0.17
2025-09-02 10:00:00,1756807207.0,0.17
2025-09-02 11:00:00,1756810814.0,0.165
2025-09-02 12:00:00,1756814417.0,0.17
2025-09-02 13:00:00,1756818012.0,0.175
2025-09-02 14:00:00,1756821622.0,0.175
2025-09-02 15:00:00,1756825223.0,0.175
2025-09-02 16:00:00,1756828815.0,0.175
2025-09-02 17:00:00,1756832411.0,0.175
2025-09-02 18:00:00,1756836013.0,0.175
2025-09-02 19:00:00,1756839607.0,0.175
2025-09-02 20:00:00,1756843210.0,0.175
2025-09-02 21:00:00,1756846821.0,0.155
2025-09-02 22:00:00,1756850407.0,0.16
2025-09-02 23:00:00,1756854010.0,0.16
2025-09-03 00:00:00,1756857606.0,0.16
2025-09-03 01:00:00,1756861204.0,0.16
2025-09-03 02:00:00,1756864810.0,0.16
2025-09-03 03:00:00,1756868411.0,0.16
2025-09-03 04:00:00,1756872021.0,0.16
2025-09-03 05:00:00,1756875610.0,0.155
2025-09-03 06:00:00,1756879202.0,0.15
2025-09-03 07:00:00,1756882812.0,0.155
2025-09-03 08:00:00,1756886414.0,0.155
2025-09-03 09:00:00,1756890020.0,0.155
2025-09-03 10:00:00,1756893617.0,0.155
2025-09-03 11:00:00,1756897215.0,0.155
2025-09-03 12:00:00,1756900803.0,0.155
2025-09-03 13:00:00,1756904419.0,0.155
2025-09-03 14:00:00,1756908017.0,0.155
2025-09-03 15:00:00,1756911625.0,0.155
2025-09-03 16:00:00,1756915202.0,0.155
2025-09-03 17:00:00,1756918810.0,0.155
2025-09-03 18:00:00,1756922423.0,0.155
2025-09-03 19:00:00,1756926017.0,0.155
2025-09-03 20:00:00,1756929609.0,0.155
2025-09-03 21:00:00,1756933207.0,0.155
2025-09-03 22:00:00,1756936808.0,0.16
2025-09-03 23:00:00,1756940413.0,0.165
2025-09-04 00:00:00,1756944013.0,0.165
2025-09-04 01:00:00,1756947613.0,0.165
2025-09-04 02:00:00,1756951202.0,0.165
2025-09-04 03:00:00,1756954815.0,0.165
2025-09-04 04:00:00,1756958412.0,0.165
2025-09-04 05:00:00,1756962011.0,0.165
2025-09-04 06:00:00,1756965611.0,0.165
2025-09-04 07:00:00,1756969210.0,0.165
2025-09-04 08:00:00,1756972812.0,0.165
2025-09-04 09:00:00,1756976411.0,0.165
2025-09-04 10:00:00,1756980021.0,0.165
2025-09-04 11:00:00,1756983622.0,0.165
2025-09-04 12:00:00,1756987205.0,0.165
2025-09-04 13:00:00,1756990816.0,0.165
2025-09-04 14:00:00,1756994422.0,0.165
2025-09-04 15:00:00,1756998023.0,0.165
2025-09-04 16:00:00,1757001603.0,0.175
2025-09-04 17:00:00,1757005202.0,0.175
2025-09-04 18:00:00,1757008810.0,0.175
2025-09-04 19:00:00,1757012419.0,0.175
2025-09-04 20:00:00,1757016019.0,0.175
2025-09-04 21:00:00,1757019628.0,0.175
2025-09-04 22:00:00,1757023214.0,0.175
2025-09-04 23:00:00,1757026818.0,0.16
2025-09-05 00:00:00,1757030407.0,0.16
2025-09-05 01:00:00,1757034009.0,0.16
2025-09-05 02:00:00,1757037604.0,0.16
2025-09-05 03:00:00,1757041214.0,0.16
2025-09-05 04:00:00,1757044808.0,0.16
2025-09-05 05:00:00,1757048417.0,0.16
2025-09-05 06:00:00,1757052011.0,0.16
2025-09-05 07:00:00,1757055617.0,0.16
2025-09-05 08:00:00,1757059206.0,0.16
2025-09-05 09:00:00,1757062819.0,0.16
2025-09-05 10:00:00,1757066405.0,0.16
2025-09-05 11:00:00,1757070018.0,0.16
2025-09-05 12:00:00,1757073628.0,0.16
2025-09-05 13:00:00,1757077218.0,0.16
2025-09-05 14:00:00,1757080812.0,0.16
2025-09-05 15:00:00,1757084418.0,0.16
2025-09-05 16:00:00,1757088002.0,0.16
2025-09-05 17:00:00,1757091612.0,0.16
2025-09-05 18:00:00,1757095215.0,0.16
2025-09-05 19:00:00,1757098820.0,0.16
2025-09-05 20:00:00,1757102412.0,0.16
2025-09-05 21:00:00,1757106002.0,0.16
2025-09-05 22:00:00,1757109606.0,0.155
2025-09-05 23:00:00,1757113215.0,0.155
2025-09-06 00:00:00,1757116813.0,0.155
2025-09-06 01:00:00,1757120410.0,0.155
2025-09-06 02:00:00,1757124015.0,0.155
2025-09-06 03:00:00,1757127611.0,0.155
2025-09-06 04:00:00,1757131220.0,0.155
2025-09-06 05:00:00,1757134802.0,0.155
2025-09-06 06:00:00,1757138419.0,0.155
2025-09-06 07:00:00,1757142006.0,0.155
2025-09-06 08:00:00,1757145619.0,0.155
2025-09-06 09:00:00,1757149216.0,0.155
2025-09-06 10:00:00,1757152816.0,0.155
2025-09-06 11:00:00,1757156404.0,0.155
2025-09-06 12:00:00,1757160005.0,0.155
2025-09-06 13:00:00,1757163602.0,0.155
2025-09-06 14:00:00,1757167215.0,0.155
2025-09-06 15:00:00,1757170810.0,0.155
2025-09-06 16:00:00,1757174419.0,0.155
2025-09-06 17:00:00,1757178004.0,0.155
2025-09-06 18:00:00,1757181604.0,0.155
2025-09-06 19:00:00,1757185213.0,0.155
2025-09-06 20:00:00,1757188816.0,0.155
2025-09-06 21:00:00,1757192422.0,0.155
2025-09-06 22:00:00,1757196002.0,0.155
2025-09-06 23:00:00,1757199610.0,0.155
2025-09-07 00:00:00,1757203203.0,0.155
2025-09-07 01:00:00,1757206808.0,0.155
2025-09-07 02:00:00,1757210409.0,0.15
2025-09-07 03:00:00,1757214018.0,0.155
2025-09-07 04:00:00,1757217615.0,0.155
2025-09-07 05:00:00,1757221202.0,0.155
2025-09-07 06:00:00,1757224807.0,0.155
2025-09-07 07:00:00,1757228418.0,0.155
2025-09-07 08:00:00,1757232019.0,0.155
2025-09-07 09:00:00,1757235619.0,0.15
2025-09-07 10:00:00,1757239207.0,0.155
2025-09-07 11:00:00,1757242819.0,0.155
2025-09-07 12:00:00,1757246425.0,0.155
2025-09-07 13:00:00,1757250014.0,0.155
2025-09-07 14:00:00,1757253616.0,0.155
2025-09-07 15:00:00,1757257203.0,0.155
2025-09-07 16:00:00,1757260820.0,0.155
2025-09-07 17:00:00,1757264411.0,0.155
2025-09-07 18:00:00,1757268017.0,0.155
2025-09-07 19:00:00,1757271605.0,0.155
2025-09-07 20:00:00,1757275218.0,0.155
2025-09-07 21:00:00,1757278820.0,0.155
2025-09-07 22:00:00,1757282414.0,0.155
2025-09-07 23:00:00,1757286004.0,0.155
2025-09-08 00:00:00,1757289612.0,0.155
2025-09-08 01:00:00,1757293214.0,0.165
2025-09-08 02:00:00,1757296802.0,0.165
2025-09-08 03:00:00,1757300414.0,0.165
2025-09-08 04:00:00,1757304018.0,0.17
2025-09-08 05:00:00,1757307602.0,0.17
2025-09-08 06:00:00,1757311221.0,0.17
2025-09-08 07:00:00,1757314804.0,0.17
2025-09-08 08:00:00,1757318420.0,0.17
2025-09-08 09:00:00,1757322009.0,0.17
2025-09-08 10:00:00,1757325602.0,0.17
2025-09-08 11:00:00,1757329211.0,0.17
2025-09-08 12:00:00,1757332814.0,0.17
2025-09-08 13:00:00,1757336418.0,0.17
2025-09-08 14:00:00,1757340012.0,0.17
2025-09-08 15:00:00,1757343606.0,0.17
2025-09-08 16:00:00,1757347221.0,0.17
2025-09-08 17:00:00,1757350822.0,0.17
2025-09-08 18:00:00,1757354405.0,0.22
2025-09-08 19:00:00,1757358002.0,0.215
2025-09-08 20:00:00,1757361616.0,0.22
2025-09-08 21:00:00,1757365213.0,0.21
2025-09-08 22:00:00,1757368808.0,0.21
2025-09-08 23:00:00,1757372414.0,0.225
2025-09-09 00:00:00,1757376005.0,0.225
2025-09-09 01:00:00,1757379612.0,0.215
2025-09-09 02:00:00,1757383212.0,0.22
2025-09-09 03:00:00,1757386804.0,0.215
2025-09-09 04:00:00,1757390416.0,0.215
2025-09-09 05:00:00,1757394017.0,0.215
2025-09-09 06:00:00,1757397609.0,0.215
2025-09-09 07:00:00,1757401208.0,0.215
2025-09-09 08:00:00,1757404809.0,0.215
2025-09-09 09:00:00,1757408421.0,0.215
2025-09-09 10:00:00,1757412015.0,0.22
2025-09-09 11:00:00,1757415612.0,0.215
2025-09-09 12:00:00,1757419220.0,0.22
2025-09-09 13:00:00,1757422808.0,0.225
2025-09-09 14:00:00,1757426410.0,0.225
2025-09-09 15:00:00,1757430004.0,0.225
2025-09-09 16:00:00,1757433622.0,0.22
2025-09-09 17:00:00,1757437219.0,0.225
2025-09-09 18:00:00,1757440807.0,0.225
2025-09-09 19:00:00,1757444410.0,0.225
2025-09-09 20:00:00,1757448004.0,0.22
2025-09-09 21:00:00,1757451622.0,0.22
2025-09-09 22:00:00,1757455213.0,0.22
2025-09-09 23:00:00,1757458817.0,0.22
2025-09-10 00:00:00,1757462406.0,0.22
2025-09-10 01:00:00,1757466012.0,0.22
2025-09-10 02:00:00,1757469604.0,0.225
2025-09-10 03:00:00,1757473216.0,0.225
2025-09-10 04:00:00,1757476804.0,0.225
2025-09-10 05:00:00,1757480408.0,0.225
2025-09-10 06:00:00,1757484022.0,0.225
2025-09-10 07:00:00,1757487613.0,0.225
2025-09-10 08:00:00,1757491206.0,0.225
2025-09-10 09:00:00,1757494812.0,0.225
2025-09-10 10:00:00,1757498412.0,0.22
2025-09-10 11:00:00,1757502014.0,0.22
2025-09-10 12:00:00,1757505612.0,0.22
2025-09-10 13:00:00,1757509211.0,0.22
2025-09-10 14:00:00,1757512813.0,0.22
2025-09-10 15:00:00,1757516420.0,0.22
2025-09-10 16:00:00,1757520009.0,0.22
2025-09-10 17:00:00,1757523616.0,0.22
2025-09-10 18:00:00,1757527208.0,0.22
2025-09-10 19:00:00,1757530812.0,0.22
2025-09-10 20:00:00,1757534415.0,0.22
2025-09-10 21:00:00,1757538009.0,0.22
2025-09-10 22:00:00,1757541615.0,0.22
2025-09-10 23:00:00,1757545217.0,0.22
2025-09-11 00:00:00,1757548809.0,0.22
2025-09-11 01:00:00,1757552404.0,0.22
2025-09-11 02:00:00,1757556015.0,0.22
2025-09-11 03:00:00,1757559616.0,0.22
2025-09-11 04:00:00,1757563215.0,0.22
2025-09-11 05:00:00,1757566810.0,0.22
2025-09-11 06:00:00,1757570402.0,0.22
2025-09-11 07:00:00,1757574012.0,0.22
2025-09-11 08:00:00,1757577618.0,0.22
2025-09-11 09:00:00,1757581208.0,0.22
2025-09-11 10:00:00,1757584815.0,0.22
2025-09-11 11:00:00,1757588419.0,0.22
2025-09-11 12:00:00,1757592029.0,0.22
2025-09-11 13:00:00,1757595602.0,0.22
2025-09-11 14:00:00,1757599206.0,0.22
2025-09-11 15:00:00,1757602821.0,0.22
2025-09-11 16:00:00,1757606423.0,0.22
2025-09-11 17:00:00,1757610017.0,0.22
2025-09-11 18:00:00,1757613609.0,0.22
2025-09-11 19:00:00,1757617224.0,0.22
2025-09-11 20:00:00,1757620811.0,0.22
2025-09-11 21:00:00,1757624416.0,0.215
2025-09-11 22:00:00,1757628002.0,0.22
2025-09-11 23:00:00,1757631615.0,0.22
2025-09-12 00:00:00,1757635216.0,0.22
2025-09-12 01:00:00,1757638804.0,0.22
2025-09-12 02:00:00,1757642411.0,0.22
2025-09-12 03:00:00,1757646019.0,0.22
2025-09-12 04:00:00,1757649604.0,0.22
2025-09-12 05:00:00,1757653223.0,0.22
2025-09-12 06:00:00,1757656819.0,0.22
2025-09-12 07:00:00,1757660419.0,0.22
2025-09-12 08:00:00,1757664025.0,0.22
2025-09-12 09:00:00,1757667614.0,0.22
2025-09-12 10:00:00,1757671204.0,0.22
2025-09-12 11:00:00,1757674817.0,0.22
2025-09-12 12:00:00,1757678415.0,0.22
2025-09-12 13:00:00,1757682020.0,0.22
2025-09-12 14:00:00,1757685625.0,0.22
2025-09-12 15:00:00,1757689214.0,0.22
2025-09-12 16:00:00,1757692813.0,0.22
2025-09-12 17:00:00,1757696414.0,0.22
2025-09-12 18:00:00,1757700002.0,0.22
2025-09-12 19:00:00,1757703612.0,0.215
2025-09-12 20:00:00,1757707204.0,0.2
2025-09-12 21:00:00,1757710803.0,0.19
2025-09-12 22:00:00,1757714415.0,0.19
2025-09-12 23:00:00,1757718010.0,0.19
2025-09-13 00:00:00,1757721604.0,0.19
2025-09-13 01:00:00,1757725208.0,0.19
2025-09-13 02:00:00,1757728809.0,0.19
2025-09-13 03:00:00,1757732412.0,0.19
2025-09-13 04:00:00,1757736003.0,0.19
2025-09-13 05:00:00,1757739608.0,0.19
2025-09-13 06:00:00,1757743202.0,0.19
2025-09-13 07:00:00,1757746813.0,0.19
2025-09-13 08:00:00,1757750404.0,0.19
2025-09-13 09:00:00,1757754002.0,0.19
2025-09-13 10:00:00,1757757612.0,0.19
2025-09-13 11:00:00,1757761216.0,0.19
2025-09-13 12:00:00,1757764818.0,0.19
2025-09-13 13:00:00,1757768413.0,0.19
2025-09-13 14:00:00,1757772022.0,0.19
2025-09-13 15:00:00,1757775619.0,0.19
2025-09-13 16:00:00,1757779204.0,0.19
2025-09-13 17:00:00,1757782806.0,0.19
2025-09-13 18:00:00,1757786411.0,0.19
2025-09-13 19:00:00,1757790018.0,0.19
2025-09-13 20:00:00,1757793615.0,0.19
2025-09-13 21:00:00,1757797224.0,0.19
2025-09-13 22:00:00,1757800814.0,0.19
2025-09-13 23:00:00,1757804417.0,0.19
2025-09-14 00:00:00,1757808012.0,0.19
2025-09-14 01:00:00,1757811603.0,0.19
2025-09-14 02:00:00,1757815209.0,0.19
2025-09-14 03:00:00,1757818820.0,0.19
2025-09-14 04:00:00,1757822417.0,0.19
2025-09-14 05:00:00,1757826020.0,0.19
2025-09-14 06:00:00,1757829611.0,0.19
2025-09-14 07:00:00,1757833217.0,0.19
2025-09-14 08:00:00,1757836806.0,0.19
2025-09-14 09:00:00,1757840425.0,0.19
2025-09-14 10:00:00,1757844008.0,0.19
2025-09-14 11:00:00,1757847619.0,0.19
2025-09-14 12:00:00,1757851232.0,0.19
2025-09-14 13:00:00,1757854804.0,0.19
2025-09-14 14:00:00,1757858415.0,0.19
2025-09-14 15:00:00,1757862011.0,0.19
2025-09-14 16:00:00,1757865616.0,0.19
2025-09-14 17:00:00,1757869215.0,0.195
2025-09-14 18:00:00,1757872822.0,0.195
2025-09-14 19:00:00,1757876407.0,0.195
2025-09-14 20:00:00,1757880005.0,0.195
2025-09-14 21:00:00,1757883618.0,0.195
2025-09-14 22:00:00,1757887221.0,0.195
2025-09-14 23:00:00,1757890811.0,0.195
2025-09-15 00:00:00,1757894404.0,0.195
2025-09-15 01:00:00,1757898005.0,0.195
2025-09-15 02:00:00,1757901609.0,0.195
2025-09-15 03:00:00,1757905202.0,0.195
2025-09-15 04:00:00,1757908807.0,0.195
2025-09-15 05:00:00,1757912407.0,0.195
2025-09-15 06:00:00,1757916008.0,0.195
2025-09-15 07:00:00,1757919610.0,0.195
2025-09-15 08:00:00,1757923212.0,0.195
2025-09-15 09:00:00,1757926809.0,0.195
2025-09-15 10:00:00,1757930415.0,0.195
2025-09-15 11:00:00,1757934007.0,0.195
2025-09-15 12:00:00,1757937621.0,0.195
2025-09-15 13:00:00,1757941217.0,0.195
2025-09-15 14:00:00,1757944818.0,0.195
2025-09-15 15:00:00,1757948409.0,0.195
2025-09-15 16:00:00,1757952020.0,0.195
2025-09-15 17:00:00,1757955622.0,0.195
2025-09-15 18:00:00,1757959215.0,0.195
2025-09-15 19:00:00,1757962815.0,0.195
2025-09-15 20:00:00,1757966407.0,0.2
2025-09-15 21:00:00,1757970008.0,0.2
2025-09-15 22:00:00,1757973614.0,0.2
2025-09-15 23:00:00,1757977210.0,0.2
2025-09-16 00:00:00,1757980811.0,0.2
2025-09-16 01:00:00,1757984411.0,0.2
2025-09-16 02:00:00,1757988017.0,0.2
2025-09-16 03:00:00,1757991626.0,0.2
2025-09-16 04:00:00,1757995206.0,0.2
2025-09-16 05:00:00,1757998802.0,0.2
2025-09-16 06:00:00,1758002423.0,0.2
2025-09-16 07:00:00,1758006005.0,0.2
2025-09-16 08:00:00,1758009604.0,0.2
2025-09-16 09:00:00,1758013223.0,0.2
2025-09-16 10:00:00,1758016813.0,0.2
2025-09-16 11:00:00,1758020412.0,0.2
2025-09-16 12:00:00,1758024012.0,0.2
2025-09-16 13:00:00,1758027612.0,0.2
2025-09-16 14:00:00,1758031210.0,0.2
2025-09-16 15:00:00,1758034812.0,0.2
2025-09-16 16:00:00,1758038417.0,0.195
2025-09-16 17:00:00,1758042021.0,0.195
2025-09-16 18:00:00,1758045618.0,0.195
2025-09-16 19:00:00,1758049206.0,0.195
2025-09-16 20:00:00,1758052811.0,0.195
2025-09-16 21:00:00,1758056423.0,0.195
2025-09-16 22:00:00,1758060012.0,0.195
2025-09-16 23:00:00,1758063612.0,0.195
2025-09-17 00:00:00,1758067218.0,0.195
2025-09-17 01:00:00,1758070809.0,0.195
2025-09-17 02:00:00,1758074404.0,0.195
2025-09-17 03:00:00,1758078022.0,0.195
2025-09-17 04:00:00,1758081615.0,0.195
2025-09-17 05:00:00,1758085208.0,0.195
2025-09-17 06:00:00,1758088825.0,0.195
2025-09-17 07:00:00,1758092410.0,0.195
2025-09-17 08:00:00,1758096008.0,0.195
2025-09-17 09:00:00,1758099615.0,0.195
2025-09-17 10:00:00,1758103205.0,0.195
2025-09-17 11:00:00,1758106818.0,0.195
2025-09-17 12:00:00,1758110408.0,0.195
2025-09-17 13:00:00,1758114005.0,0.195
2025-09-17 14:00:00,1758117609.0,0.205
2025-09-17 15:00:00,1758121208.0,0.175
2025-09-17 16:00:00,1758124812.0,0.18
2025-09-17 17:00:00,1758128405.0,0.175
2025-09-17 18:00:00,1758132254.0,0.185
2025-09-17 19:00:00,1758135602.0,0.18
2025-09-17 20:00:00,1758139206.0,0.16
2025-09-17 21:00:00,1758142808.0,0.165
2025-09-17 22:00:00,1758146405.0,0.165
2025-09-17 23:00:00,1758150004.0,0.165
2025-09-18 00:00:00,1758153604.0,0.165
2025-09-18 01:00:00,1758157213.0,0.165
2025-09-18 02:00:00,1758160810.0,0.165
2025-09-18 03:00:00,1758164416.0,0.165
2025-09-18 04:00:00,1758168016.0,0.165
2025-09-18 05:00:00,1758171612.0,0.165
2025-09-18 06:00:00,1758175220.0,0.17
2025-09-18 07:00:00,1758178813.0,0.17
2025-09-18 08:00:00,1758182406.0,0.17
2025-09-18 09:00:00,1758186021.0,0.17
2025-09-18 10:00:00,1758189606.0,0.17
2025-09-18 11:00:00,1758193212.0,0.18
2025-09-18 12:00:00,1758196818.0,0.18
2025-09-18 13:00:00,1758200416.0,0.18
2025-09-18 14:00:00,1758204015.0,0.18
2025-09-18 15:00:00,1758207621.0,0.185
2025-09-18 16:00:00,1758211205.0,0.185
2025-09-18 17:00:00,1758214813.0,0.185
2025-09-18 18:00:00,1758218413.0,0.185
2025-09-18 19:00:00,1758222020.0,0.185
2025-09-18 20:00:00,1758225605.0,0.185
2025-09-18 21:00:00,1758229214.0,0.185
2025-09-18 22:00:00,1758232811.0,0.185
2025-09-18 23:00:00,1758236419.0,0.185
2025-09-19 00:00:00,1758240007.0,0.185
2025-09-19 01:00:00,1758243603.0,0.185
2025-09-19 02:00:00,1758247211.0,0.185
2025-09-19 03:00:00,1758250819.0,0.185
2025-09-19 04:00:00,1758254422.0,0.185
2025-09-19 05:00:00,1758258022.0,0.185
2025-09-19 06:00:00,1758261624.0,0.185
2025-09-19 07:00:00,1758265217.0,0.185
2025-09-19 08:00:00,1758268802.0,0.185
2025-09-19 09:00:00,1758272423.0,0.185
2025-09-19 10:00:00,1758276006.0,0.185
2025-09-19 11:00:00,1758279612.0,0.185
2025-09-19 12:00:00,1758283227.0,0.185
2025-09-19 13:00:00,1758286805.0,0.185
2025-09-19 14:00:00,1758290411.0,0.185
2025-09-19 15:00:00,1758294022.0,0.185
2025-09-19 16:00:00,1758297607.0,0.185
2025-09-19 17:00:00,1758301224.0,0.19
2025-09-19 18:00:00,1758304804.0,0.19
2025-09-19 19:00:00,1758308407.0,0.19
2025-09-19 20:00:00,1758312013.0,0.19
2025-09-19 21:00:00,1758315626.0,0.19
2025-09-19 22:00:00,1758319217.0,0.19
2025-09-19 23:00:00,1758322805.0,0.19
2025-09-20 00:00:00,1758326413.0,0.19
2025-09-20 01:00:00,1758330017.0,0.19
2025-09-20 02:00:00,1758333609.0,0.19
2025-09-20 03:00:00,1758337216.0,0.19
2025-09-20 04:00:00,1758340809.0,0.19
2025-09-20 05:00:00,1758344412.0,0.19
2025-09-20 06:00:00,1758348006.0,0.19
2025-09-20 07:00:00,1758351609.0,0.19
2025-09-20 08:00:00,1758355214.0,0.19
2025-09-20 09:00:00,1758358814.0,0.19
2025-09-20 10:00:00,1758362408.0,0.19
2025-09-20 11:00:00,1758366016.0,0.19
2025-09-20 12:00:00,1758369605.0,0.19
2025-09-20 13:00:00,1758373222.0,0.19
2025-09-20 14:00:00,1758376820.0,0.195
2025-09-20 15:00:00,1758380410.0,0.195
2025-09-20 16:00:00,1758384008.0,0.195
2025-09-20 17:00:00,1758387610.0,0.195
2025-09-20 18:00:00,1758391222.0,0.195
2025-09-20 19:00:00,1758394817.0,0.195
2025-09-20 20:00:00,1758398405.0,0.195
2025-09-20 21:00:00,1758402004.0,0.195
2025-09-20 22:00:00,1758405604.0,0.195
2025-09-20 23:00:00,1758409208.0,0.195
2025-09-21 00:00:00,1758412810.0,0.195
2025-09-21 01:00:00,1758416408.0,0.195
2025-09-21 02:00:00,1758420015.0,0.195
2025-09-21 03:00:00,1758423617.0,0.195
2025-09-21 04:00:00,1758427215.0,0.195
2025-09-21 05:00:00,1758430812.0,0.195
2025-09-21 06:00:00,1758434408.0,0.195
2025-09-21 07:00:00,1758438024.0,0.195
2025-09-21 08:00:00,1758441605.0,0.195
2025-09-21 09:00:00,1758445215.0,0.195
2025-09-21 10:00:00,1758448815.0,0.195
2025-09-21 11:00:00,1758452414.0,0.195
2025-09-21 12:00:00,1758456005.0,0.195
2025-09-21 13:00:00,1758459619.0,0.195
2025-09-21 14:00:00,1758463211.0,0.195
2025-09-21 15:00:00,1758466807.0,0.195
2025-09-21 16:00:00,1758470412.0,0.195
2025-09-21 17:00:00,1758474024.0,0.195
2025-09-21 18:00:00,1758477611.0,0.195
2025-09-21 19:00:00,1758481213.0,0.195
2025-09-21 20:00:00,1758484810.0,0.195
2025-09-21 21:00:00,1758488412.0,0.195
2025-09-21 22:00:00,1758492014.0,0.195
2025-09-21 23:00:00,1758495610.0,0.195
2025-09-22 00:00:00,1758499206.0,0.195
2025-09-22 01:00:00,1758502812.0,0.195
2025-09-22 02:00:00,1758506407.0,0.195
2025-09-22 03:00:00,1758510022.0,0.195
2025-09-22 04:00:00,1758513610.0,0.195
2025-09-22 05:00:00,1758517218.0,0.195
2025-09-22 06:00:00,1758520808.0,0.195
2025-09-22 07:00:00,1758524410.0,0.19
2025-09-22 08:00:00,1758528022.0,0.19
2025-09-22 09:00:00,1758531620.0,0.19
2025-09-22 10:00:00,1758535204.0,0.19
2025-09-22 11:00:00,1758538807.0,0.19
2025-09-22 12:00:00,1758542410.0,0.19
2025-09-22 13:00:00,1758546016.0,0.19
2025-09-22 14:00:00,1758549621.0,0.19
2025-09-22 15:00:00,1758553216.0,0.19
2025-09-22 16:00:00,1758556808.0,0.19
2025-09-22 17:00:00,1758560422.0,0.19
2025-09-22 18:00:00,1758564017.0,0.19
2025-09-22 19:00:00,1758567620.0,0.19
2025-09-22 20:00:00,1758571210.0,0.19
2025-09-22 21:00:00,1758574805.0,0.19
2025-09-22 22:00:00,1758578422.0,0.19
2025-09-22 23:00:00,1758582010.0,0.195
2025-09-23 00:00:00,1758585607.0,0.195
2025-09-23 01:00:00,1758589207.0,0.195
2025-09-23 02:00:00,1758592809.0,0.195
2025-09-23 03:00:00,1758596419.0,0.195
2025-09-23 04:00:00,1758600006.0,0.195
2025-09-23 05:00:00,1758603616.0,0.195
2025-09-23 06:00:00,1758607215.0,0.195
2025-09-23 07:00:00,1758610802.0,0.195
2025-09-23 08:00:00,1758614405.0,0.195
2025-09-23 09:00:00,1758618006.0,0.195
2025-09-23 10:00:00,1758621604.0,0.195
2025-09-23 11:00:00,1758625202.0,0.195
2025-09-23 12:00:00,1758628815.0,0.195
2025-09-23 13:00:00,1758632422.0,0.195
2025-09-23 14:00:00,1758636010.0,0.195
2025-09-23 15:00:00,1758639612.0,0.195
2025-09-23 16:00:00,1758643224.0,0.195
2025-09-23 17:00:00,1758646820.0,0.195
2025-09-23 18:00:00,1758650404.0,0.195
2025-09-23 19:00:00,1758654017.0,0.195
2025-09-23 20:00:00,1758657611.0,0.195
2025-09-23 21:00:00,1758661217.0,0.19
2025-09-23 22:00:00,1758664818.0,0.19
2025-09-23 23:00:00,1758668411.0,0.19
2025-09-24 00:00:00,1758672011.0,0.19
2025-09-24 01:00:00,1758675613.0,0.19
2025-09-24 02:00:00,1758679211.0,0.19
2025-09-24 03:00:00,1758682802.0,0.19
2025-09-24 04:00:00,1758686419.0,0.19
2025-09-24 05:00:00,1758690023.0,0.19
2025-09-24 06:00:00,1758693613.0,0.19
2025-09-24 07:00:00,1758697215.0,0.19
2025-09-24 08:00:00,1758700821.0,0.19
2025-09-24 09:00:00,1758704406.0,0.19
2025-09-24 10:00:00,1758708006.0,0.19
2025-09-24 11:00:00,1758711606.0,0.19
2025-09-24 12:00:00,1758715213.0,0.19
2025-09-24 13:00:00,1758718807.0,0.19
2025-09-24 14:00:00,1758722402.0,0.19
2025-09-24 15:00:00,1758726002.0,0.19
2025-09-24 16:00:00,1758729612.0,0.19
2025-09-24 17:00:00,1758733212.0,0.19
2025-09-24 18:00:00,1758736814.0,0.19
2025-09-24 19:00:00,1758740405.0,0.19
2025-09-24 20:00:00,1758744011.0,0.19
2025-09-24 21:00:00,1758747613.0,0.19
2025-09-24 22:00:00,1758751212.0,0.19
2025-09-24 23:00:00,1758754807.0,0.19
2025-09-25 00:00:00,1758758406.0,0.19
2025-09-25 01:00:00,1758762005.0,0.19
2025-09-25 02:00:00,1758765606.0,0.19
2025-09-25 03:00:00,1758769203.0,0.19
2025-09-25 04:00:00,1758772809.0,0.19
2025-09-25 05:00:00,1758776403.0,0.19
2025-09-25 06:00:00,1758780009.0,0.195
2025-09-25 07:00:00,1758783606.0,0.195
2025-09-25 08:00:00,1758787202.0,0.195
2025-09-25 09:00:00,1758790807.0,0.195
2025-09-25 10:00:00,1758794407.0,0.195
2025-09-25 11:00:00,1758798015.0,0.195
2025-09-25 12:00:00,1758801616.0,0.195
2025-09-25 13:00:00,1758805206.0,0.195
2025-09-25 14:00:00,1758808807.0,0.195
2025-09-25 15:00:00,1758812414.0,0.195
2025-09-25 16:00:00,1758816010.0,0.195
2025-09-25 17:00:00,1758819607.0,0.195
2025-09-25 18:00:00,1758823204.0,0.195
2025-09-25 19:00:00,1758826813.0,0.195
2025-09-25 20:00:00,1758830411.0,0.2
2025-09-25 21:00:00,1758834007.0,0.2
2025-09-25 22:00:00,1758837609.0,0.2
2025-09-25 23:00:00,1758841215.0,0.2
2025-09-26 00:00:00,1758844811.0,0.2
2025-09-26 01:00:00,1758848410.0,0.2
2025-09-26 02:00:00,1758852011.0,0.2
2025-09-26 03:00:00,1758855615.0,0.2
2025-09-26 04:00:00,1758859210.0,0.2
2025-09-26 05:00:00,1758862810.0,0.2
2025-09-26 06:00:00,1758866414.0,0.2
2025-09-26 07:00:00,1758870006.0,0.2
2025-09-26 08:00:00,1758873615.0,0.2
2025-09-26 09:00:00,1758877214.0,0.2
2025-09-26 10:00:00,1758880806.0,0.2
2025-09-26 11:00:00,1758884411.0,0.2
2025-09-26 12:00:00,1758888017.0,0.2
2025-09-26 13:00:00,1758891605.0,0.2
2025-09-26 14:00:00,1758895216.0,0.2
2025-09-26 15:00:00,1758898803.0,0.2
2025-09-26 16:00:00,1758902413.0,0.2
2025-09-26 17:00:00,1758906013.0,0.2
2025-09-26 18:00:00,1758909603.0,0.2
2025-09-26 19:00:00,1758913210.0,0.2
2025-09-26 20:00:00,1758916805.0,0.2
2025-09-26 21:00:00,1758920405.0,0.2
2025-09-26 22:00:00,1758924014.0,0.2
2025-09-26 23:00:00,1758927616.0,0.2
2025-09-27 00:00:00,1758931210.0,0.2
2025-09-27 01:00:00,1758934808.0,0.195
2025-09-27 02:00:00,1758938408.0,0.195
2025-09-27 03:00:00,1758942003.0,0.195
2025-09-27 04:00:00,1758945613.0,0.195
2025-09-27 05:00:00,1758949211.0,0.195
2025-09-27 06:00:00,1758952811.0,0.195
2025-09-27 07:00:00,1758956408.0,0.195
2025-09-27 08:00:00,1758960005.0,0.195
2025-09-27 09:00:00,1758963616.0,0.195
2025-09-27 10:00:00,1758967208.0,0.195
2025-09-27 11:00:00,1758970814.0,0.195
2025-09-27 12:00:00,1758974404.0,0.195
2025-09-27 13:00:00,1758978011.0,0.195
2025-09-27 14:00:00,1758981607.0,0.195
2025-09-27 15:00:00,1758985210.0,0.195
2025-09-27 16:00:00,1758988810.0,0.195
2025-09-27 17:00:00,1758992417.0,0.195
2025-09-27 18:00:00,1758996008.0,0.195
2025-09-27 19:00:00,1758999613.0,0.195
2025-09-27 20:00:00,1759003213.0,0.195
2025-09-27 21:00:00,1759006812.0,0.195
2025-09-27 22:00:00,1759010415.0,0.195
2025-09-27 23:00:00,1759014014.0,0.2
2025-09-28 00:00:00,1759017605.0,0.2
2025-09-28 01:00:00,1759021208.0,0.2
2025-09-28 02:00:00,1759024805.0,0.2
2025-09-28 03:00:00,1759028403.0,0.2
2025-09-28 04:00:00,1759032010.0,0.2
2025-09-28 05:00:00,1759035608.0,0.2
2025-09-28 06:00:00,1759039208.0,0.2
2025-09-28 07:00:00,1759042805.0,0.2
2025-09-28 08:00:00,1759046414.0,0.2
2025-09-28 09:00:00,1759050007.0,0.2
2025-09-28 10:00:00,1759053613.0,0.2
2025-09-28 11:00:00,1759057210.0,0.2
2025-09-28 12:00:00,1759060807.0,0.2
2025-09-28 13:00:00,1759064404.0,0.2
2025-09-28 14:00:00,1759068015.0,0.2
2025-09-28 15:00:00,1759071614.0,0.2
2025-09-28 16:00:00,1759075208.0,0.2
2025-09-28 17:00:00,1759078810.0,0.2
2025-09-28 18:00:00,1759082409.0,0.2
2025-09-28 19:00:00,1759086007.0,0.2
2025-09-28 20:00:00,1759089610.0,0.2
2025-09-28 21:00:00,1759093215.0,0.195
2025-09-28 22:00:00,1759096811.0,0.2
2025-09-28 23:00:00,1759100404.0,0.2
2025-09-29 00:00:00,1759104006.0,0.2
2025-09-29 01:00:00,1759107603.0,0.195
2025-09-29 02:00:00,1759111203.0,0.195
2025-09-29 03:00:00,1759114809.0,0.195
2025-09-29 04:00:00,1759118402.0,0.195
2025-09-29 05:00:00,1759122008.0,0.195
2025-09-29 06:00:00,1759125615.0,0.195
2025-09-29 07:00:00,1759129209.0,0.195
2025-09-29 08:00:00,1759132804.0,0.195
2025-09-29 09:00:00,1759136410.0,0.195
2025-09-29 10:00:00,1759140010.0,0.195
2025-09-29 11:00:00,1759143604.0,0.195
2025-09-29 12:00:00,1759147204.0,0.195
2025-09-29 13:00:00,1759150804.0,0.2
2025-09-29 14:00:00,1759154403.0,0.2
2025-09-29 15:00:00,1759158012.0,0.195
2025-09-29 16:00:00,1759161603.0,0.195
2025-09-29 17:00:00,1759165215.0,0.19
2025-09-29 18:00:00,1759168803.0,0.195
2025-09-29 19:00:00,1759172412.0,0.19
2025-09-29 20:00:00,1759176008.0,0.19
2025-09-29 21:00:00,1759179604.0,0.19
2025-09-29 22:00:00,1759183212.0,0.195
2025-09-29 23:00:00,1759186808.0,0.195
2025-09-30 00:00:00,1759190412.0,0.195
2025-09-30 01:00:00,1759194006.0,0.195
2025-09-30 02:00:00,1759197610.0,0.195
2025-09-30 03:00:00,1759201215.0,0.195
2025-09-30 04:00:00,1759204809.0,0.195
2025-09-30 05:00:00,1759208415.0,0.195
2025-09-30 06:00:00,1759212010.0,0.195
2025-09-30 07:00:00,1759215613.0,0.195
2025-09-30 08:00:00,1759219212.0,0.195
2025-09-30 09:00:00,1759222803.0,0.195
2025-09-30 10:00:00,1759226411.0,0.195
2025-09-30 11:00:00,1759230014.0,0.195
2025-09-30 12:00:00,1759233614.0,0.195
2025-09-30 13:00:00,1759237210.0,0.195
2025-09-30 14:00:00,1759240806.0,0.195
2025-09-30 15:00:00,1759244403.0,0.195
2025-09-30 16:00:00,1759248010.0,0.185
2025-09-30 17:00:00,1759251604.0,0.19
2025-09-30 18:00:00,1759255212.0,0.19
2025-09-30 19:00:00,1759258805.0,0.19
2025-09-30 20:00:00,1759262412.0,0.19
2025-09-30 21:00:00,1759266005.0,0.19
2025-09-30 22:00:00,1759269608.0,0.19
2025-09-30 23:00:00,1759273211.0,0.19
2025-10-01 00:00:00,1759276804.0,0.19
2025-10-01 01:00:00,1759280409.0,0.19
2025-10-01 02:00:00,1759284006.0,0.19
2025-10-01 03:00:00,1759287607.0,0.19
2025-10-01 04:00:00,1759291203.0,0.19
2025-10-01 05:00:00,1759294804.0,0.19
2025-10-01 06:00:00,1759298414.0,0.19
2025-10-01 07:00:00,1759302010.0,0.19
2025-10-01 08:00:00,1759305606.0,0.19
2025-10-01 09:00:00,1759309208.0,0.19
2025-10-01 10:00:00,1759312807.0,0.19
2025-10-01 11:00:00,1759316407.0,0.19
2025-10-01 12:00:00,1759320007.0,0.19
2025-10-01 13:00:00,1759323604.0,0.19
2025-10-01 14:00:00,1759327205.0,0.19
2025-10-01 15:00:00,1759330803.0,0.19
2025-10-01 16:00:00,1759334414.0,0.19
2025-10-01 17:00:00,1759338009.0,0.19
2025-10-01 18:00:00,1759341605.0,0.205
2025-10-01 19:00:00,1759345207.0,0.19
2025-10-01 20:00:00,1759348809.0,0.19
2025-10-01 21:00:00,1759352409.0,0.19
2025-10-01 22:00:00,1759356007.0,0.19
2025-10-01 23:00:00,1759359607.0,0.19
2025-10-02 00:00:00,1759363203.0,0.19
2025-10-02 01:00:00,1759366803.0,0.19
2025-10-02 02:00:00,1759370403.0,0.19
2025-10-02 03:00:00,1759374011.0,0.19
2025-10-02 04:00:00,1759377603.0,0.19
2025-10-02 05:00:00,1759381210.0,0.19
2025-10-02 06:00:00,1759384815.0,0.19
2025-10-02 07:00:00,1759388411.0,0.19
2025-10-02 08:00:00,1759392003.0,0.19
2025-10-02 09:00:00,1759395606.0,0.19
2025-10-02 10:00:00,1759399209.0,0.19
2025-10-02 11:00:00,1759402805.0,0.19
2025-10-02 12:00:00,1759406414.0,0.19
2025-10-02 13:00:00,1759410003.0,0.19
2025-10-02 14:00:00,1759413609.0,0.19
2025-10-02 15:00:00,1759417207.0,0.19
2025-10-02 16:00:00,1759420806.0,0.19
2025-10-02 17:00:00,1759424411.0,0.19
2025-10-02 18:00:00,1759428017.0,0.19
2025-10-02 19:00:00,1759431612.0,0.19
2025-10-02 20:00:00,1759435203.0,0.19
2025-10-02 21:00:00,1759438815.0,0.19
2025-10-02 22:00:00,1759442412.0,0.19
2025-10-02 23:00:00,1759446003.0,0.19
2025-10-03 00:00:00,1759449605.0,0.19
2025-10-03 01:00:00,1759453206.0,0.19
2025-10-03 02:00:00,1759456804.0,0.19
2025-10-03 03:00:00,1759460408.0,0.19
2025-10-03 04:00:00,1759464007.0,0.19
2025-10-03 05:00:00,1759467614.0,0.19
2025-10-03 06:00:00,1759471213.0,0.19
2025-10-03 07:00:00,1759474804.0,0.19
2025-10-03 08:00:00,1759478404.0,0.19
2025-10-03 09:00:00,1759482008.0,0.19
2025-10-03 10:00:00,1759485603.0,0.19
2025-10-03 11:00:00,1759489207.0,0.19
2025-10-03 12:00:00,1759492808.0,0.19
2025-10-03 13:00:00,1759496410.0,0.19
2025-10-03 14:00:00,1759500002.0,0.19
2025-10-03 15:00:00,1759503608.0,0.19
2025-10-03 16:00:00,1759507203.0,0.19
2025-10-03 17:00:00,1759510810.0,0.19
2025-10-03 18:00:00,1759514406.0,0.19
2025-10-03 19:00:00,1759518007.0,0.19
2025-10-03 20:00:00,1759521608.0,0.19
2025-10-03 21:00:00,1759525205.0,0.19
2025-10-03 22:00:00,1759528803.0,0.19
2025-10-03 23:00:00,1759532404.0,0.19
2025-10-04 00:00:00,1759536005.0,0.19
2025-10-04 01:00:00,1759539604.0,0.19
2025-10-04 02:00:00,1759543204.0,0.195
2025-10-04 03:00:00,1759546804.0,0.195
2025-10-04 04:00:00,1759550402.0,0.195
2025-10-04 05:00:00,1759554003.0,0.195
2025-10-04 06:00:00,1759557603.0,0.195
2025-10-04 07:00:00,1759561206.0,0.195
2025-10-04 08:00:00,1759564805.0,0.19
2025-10-04 09:00:00,1759568413.0,0.19
2025-10-04 10:00:00,1759572002.0,0.19
2025-10-04 11:00:00,1759575606.0,0.19
2025-10-04 12:00:00,1759579214.0,0.19
2025-10-04 13:00:00,1759582809.0,0.19
2025-10-04 14:00:00,1759586406.0,0.19
2025-10-04 15:00:00,1759590003.0,0.19
2025-10-04 16:00:00,1759593607.0,0.19
2025-10-04 17:00:00,1759597209.0,0.19
2025-10-04 18:00:00,1759600803.0,0.19
2025-10-04 19:00:00,1759604407.0,0.19
2025-10-04 20:00:00,1759608005.0,0.19
2025-10-04 21:00:00,1759611604.0,0.19
2025-10-04 22:00:00,1759615207.0,0.19
2025-10-04 23:00:00,1759618806.0,0.19
2025-10-05 00:00:00,1759622404.0,0.19
2025-10-05 01:00:00,1759626005.0,0.19
2025-10-05 02:00:00,1759629603.0,0.19
2025-10-05 03:00:00,1759633204.0,0.19
2025-10-05 04:00:00,1759636802.0,0.19
2025-10-05 05:00:00,1759640405.0,0.19
2025-10-05 06:00:00,1759644003.0,0.19
2025-10-05 07:00:00,1759647603.0,0.19
2025-10-05 08:00:00,1759651207.0,0.19
2025-10-05 09:00:00,1759654809.0,0.19
2025-10-05 10:00:00,1759658405.0,0.19
2025-10-05 11:00:00,1759662008.0,0.19
2025-10-05 12:00:00,1759665609.0,0.19
2025-10-05 13:00:00,1759669207.0,0.19
2025-10-05 14:00:00,1759672802.0,0.19
2025-10-05 15:00:00,1759676408.0,0.19
2025-10-05 16:00:00,1759680006.0,0.19
2025-10-05 17:00:00,1759683610.0,0.19
2025-10-05 18:00:00,1759687208.0,0.19
2025-10-05 19:00:00,1759690807.0,0.19
2025-10-05 20:00:00,1759694404.0,0.19
2025-10-05 21:00:00,1759698005.0,0.19
2025-10-05 22:00:00,1759701606.0,0.19
2025-10-05 23:00:00,1759705204.0,0.19
2025-10-06 00:00:00,1759708806.0,0.19
2025-10-06 01:00:00,1759712407.0,0.19
2025-10-06 02:00:00,1759716002.0,0.19
2025-10-06 03:00:00,1759719609.0,0.19
2025-10-06 04:00:00,1759723207.0,0.19
2025-10-06 05:00:00,1759726805.0,0.19
2025-10-06 06:00:00,1759730411.0,0.19
2025-10-06 07:00:00,1759734012.0,0.19
2025-10-06 08:00:00,1759737607.0,0.19
2025-10-06 09:00:00,1759741208.0,0.19
2025-10-06 10:00:00,1759744804.0,0.19
2025-10-06 11:00:00,1759748403.0,0.19
2025-10-06 12:00:00,1759752005.0,0.19
2025-10-06 13:00:00,1759755605.0,0.19
2025-10-06 14:00:00,1759759203.0,0.19
2025-10-06 15:00:00,1759762806.0,0.19
2025-10-06 16:00:00,1759766404.0,0.19
2025-10-06 17:00:00,1759770006.0,0.19
2025-10-06 18:00:00,1759773606.0,0.19
2025-10-06 19:00:00,1759777203.0,0.19
2025-10-06 20:00:00,1759780802.0,0.19
2025-10-06 21:00:00,1759784415.0,0.19
2025-10-06 22:00:00,1759788005.0,0.19
2025-10-06 23:00:00,1759791612.0,0.19
2025-10-07 00:00:00,1759795207.0,0.19
2025-10-07 01:00:00,1759798809.0,0.19
2025-10-07 02:00:00,1759802411.0,0.19
2025-10-07 03:00:00,1759806009.0,0.19
2025-10-07 04:00:00,1759809614.0,0.19
2025-10-07 05:00:00,1759813203.0,0.19
2025-10-07 06:00:00,1759816817.0,0.195
2025-10-07 07:00:00,1759820413.0,0.195
2025-10-07 08:00:00,1759824009.0,0.195
2025-10-07 09:00:00,1759827613.0,0.195
2025-10-07 10:00:00,1759831208.0,0.195
2025-10-07 11:00:00,1759834805.0,0.195
2025-10-07 12:00:00,1759838417.0,0.19
2025-10-07 13:00:00,1759842012.0,0.195
2025-10-07 14:00:00,1759845607.0,0.195
2025-10-07 15:00:00,1759849212.0,0.195
2025-10-07 16:00:00,1759852814.0,0.195
2025-10-07 17:00:00,1759856414.0,0.195
2025-10-07 18:00:00,1759860011.0,0.195
2025-10-07 19:00:00,1759863612.0,0.195
2025-10-07 20:00:00,1759867213.0,0.195
2025-10-07 21:00:00,1759870818.0,0.195
2025-10-07 22:00:00,1759874415.0,0.195
2025-10-07 23:00:00,1759878008.0,0.195
2025-10-08 00:00:00,1759881608.0,0.195
2025-10-08 01:00:00,1759885211.0,0.195
2025-10-08 02:00:00,1759888811.0,0.195
2025-10-08 03:00:00,1759892417.0,0.195
2025-10-08 04:00:00,1759896015.0,0.195
2025-10-08 05:00:00,1759899614.0,0.195
2025-10-08 06:00:00,1759903209.0,0.195
2025-10-08 07:00:00,1759906811.0,0.195
2025-10-08 08:00:00,1759910415.0,0.195
2025-10-08 09:00:00,1759914015.0,0.195
2025-10-08 10:00:00,1759917605.0,0.195
2025-10-08 11:00:00,1759921209.0,0.195
2025-10-08 12:00:00,1759924813.0,0.195
2025-10-08 13:00:00,1759928403.0,0.195
2025-10-08 14:00:00,1759932009.0,0.195
2025-10-08 15:00:00,1759935614.0,0.195
2025-10-08 16:00:00,1759939206.0,0.195
2025-10-08 17:00:00,1759942814.0,0.195
2025-10-08 18:00:00,1759946411.0,0.195
2025-10-08 19:00:00,1759950003.0,0.195
2025-10-08 20:00:00,1759953608.0,0.195
2025-10-08 21:00:00,1759957214.0,0.195
2025-10-08 22:00:00,1759960802.0,0.195
2025-10-08 23:00:00,1759964408.0,0.195
2025-10-09 00:00:00,1759968014.0,0.195
2025-10-09 01:00:00,1759971609.0,0.195
2025-10-09 02:00:00,1759975207.0,0.195
2025-10-09 03:00:00,1759978809.0,0.195
2025-10-09 04:00:00,1759982410.0,0.195
2025-10-09 05:00:00,1759986008.0,0.195
2025-10-09 06:00:00,1759989608.0,0.195
2025-10-09 07:00:00,1759993211.0,0.195
2025-10-09 08:00:00,1759996809.0,0.195
2025-10-09 09:00:00,1760000414.0,0.195
2025-10-09 10:00:00,1760004007.0,0.195
2025-10-09 11:00:00,1760007608.0,0.195
2025-10-09 12:00:00,1760011210.0,0.195
2025-10-09 13:00:00,1760014807.0,0.195
2025-10-09 14:00:00,1760018413.0,0.195
2025-10-09 15:00:00,1760022005.0,0.195
2025-10-09 16:00:00,1760025603.0,0.195
2025-10-09 17:00:00,1760029220.0,0.195
2025-10-09 18:00:00,1760032811.0,0.195
2025-10-09 19:00:00,1760036412.0,0.195
2025-10-09 20:00:00,1760040011.0,0.195
2025-10-09 21:00:00,1760043603.0,0.195
2025-10-09 22:00:00,1760047209.0,0.195
2025-10-09 23:00:00,1760050811.0,0.195
2025-10-10 00:00:00,1760054411.0,0.195
2025-10-10 01:00:00,1760058007.0,0.195
2025-10-10 02:00:00,1760061616.0,0.195
2025-10-10 03:00:00,1760065216.0,0.195
2025-10-10 04:00:00,1760068803.0,0.195
2025-10-10 05:00:00,1760072418.0,0.195
2025-10-10 06:00:00,1760076003.0,0.195
2025-10-10 07:00:00,1760079610.0,0.195
2025-10-10 08:00:00,1760083211.0,0.195
2025-10-10 09:00:00,1760086810.0,0.195
2025-10-10 10:00:00,1760090411.0,0.195
2025-10-10 11:00:00,1760094019.0,0.195
2025-10-10 12:00:00,1760097615.0,0.195
2025-10-10 13:00:00,1760101211.0,0.195
2025-10-10 14:00:00,1760104807.0,0.195
2025-10-10 15:00:00,1760108406.0,0.195
2025-10-10 16:00:00,1760112014.0,0.195
2025-10-10 17:00:00,1760115621.0,0.195
2025-10-10 18:00:00,1760119209.0,0.195
2025-10-10 19:00:00,1760122821.0,0.195
2025-10-10 20:00:00,1760126411.0,0.195
2025-10-10 21:00:00,1760130017.0,0.195
2025-10-10 22:00:00,1760133607.0,0.19
2025-10-10 23:00:00,1760137202.0,0.19
2025-10-11 00:00:00,1760140809.0,0.19
2025-10-11 01:00:00,1760144411.0,0.19
2025-10-11 02:00:00,1760148003.0,0.185
2025-10-11 03:00:00,1760151612.0,0.185
2025-10-11 04:00:00,1760155216.0,0.185
2025-10-11 05:00:00,1760158813.0,0.185
2025-10-11 06:00:00,1760162408.0,0.185
2025-10-11 07:00:00,1760166008.0,0.185
2025-10-11 08:00:00,1760169618.0,0.185
2025-10-11 09:00:00,1760173209.0,0.185
2025-10-11 10:00:00,1760176803.0,0.185
2025-10-11 11:00:00,1760180403.0,0.185
2025-10-11 12:00:00,1760184003.0,0.18
2025-10-11 13:00:00,1760187618.0,0.18
2025-10-11 14:00:00,1760191208.0,0.18
2025-10-11 15:00:00,1760194821.0,0.18
2025-10-11 16:00:00,1760198416.0,0.18
2025-10-11 17:00:00,1760202003.0,0.185
2025-10-11 18:00:00,1760205620.0,0.185
2025-10-11 19:00:00,1760209210.0,0.185
2025-10-11 20:00:00,1760212808.0,0.185
2025-10-11 21:00:00,1760216419.0,0.185
2025-10-11 22:00:00,1760220003.0,0.185
2025-10-11 23:00:00,1760223604.0,0.18
2025-10-12 00:00:00,1760227206.0,0.18
2025-10-12 01:00:00,1760230809.0,0.18
2025-10-12 02:00:00,1760234411.0,0.18
2025-10-12 03:00:00,1760238013.0,0.18
2025-10-12 04:00:00,1760241617.0,0.18
2025-10-12 05:00:00,1760245219.0,0.18
2025-10-12 06:00:00,1760248803.0,0.18
2025-10-12 07:00:00,1760252404.0,0.18
2025-10-12 08:00:00,1760256015.0,0.18
2025-10-12 09:00:00,1760259623.0,0.18
2025-10-12 10:00:00,1760263215.0,0.18
2025-10-12 11:00:00,1760266811.0,0.18
2025-10-12 12:00:00,1760270419.0,0.18
2025-10-12 13:00:00,1760274013.0,0.18
2025-10-12 14:00:00,1760277604.0,0.18
2025-10-12 15:00:00,1760281223.0,0.18
2025-10-12 16:00:00,1760284805.0,0.18
2025-10-12 17:00:00,1760288417.0,0.18
2025-10-12 18:00:00,1760292014.0,0.18
2025-10-12 19:00:00,1760295606.0,0.185
2025-10-12 20:00:00,1760299208.0,0.185
2025-10-12 21:00:00,1760302820.0,0.185
2025-10-12 22:00:00,1760306407.0,0.185
2025-10-12 23:00:00,1760310017.0,0.185
2025-10-13 00:00:00,1760313611.0,0.185
2025-10-13 01:00:00,1760317209.0,0.185
2025-10-13 02:00:00,1760320805.0,0.185
2025-10-13 03:00:00,1760324419.0,0.185
2025-10-13 04:00:00,1760328018.0,0.185
2025-10-13 05:00:00,1760331610.0,0.185
2025-10-13 06:00:00,1760335223.0,0.185
2025-10-13 07:00:00,1760338808.0,0.185
2025-10-13 08:00:00,1760342405.0,0.185
2025-10-13 09:00:00,1760346002.0,0.185
2025-10-13 10:00:00,1760349615.0,0.185
2025-10-13 11:00:00,1760353211.0,0.185
2025-10-13 12:00:00,1760356803.0,0.185
2025-10-13 13:00:00,1760360420.0,0.185
2025-10-13 14:00:00,1760364013.0,0.185
2025-10-13 15:00:00,1760367605.0,0.185
2025-10-13 16:00:00,1760371219.0,0.185
2025-10-13 17:00:00,1760374814.0,0.185
2025-10-13 18:00:00,1760378425.0,0.185
2025-10-13 19:00:00,1760382013.0,0.19
2025-10-13 20:00:00,1760385612.0,0.19
2025-10-13 21:00:00,1760389207.0,0.19
2025-10-13 22:00:00,1760392804.0,0.19
2025-10-13 23:00:00,1760396412.0,0.19
2025-10-14 00:00:00,1760400008.0,0.19
2025-10-14 01:00:00,1760403612.0,0.19
2025-10-14 02:00:00,1760407214.0,0.19
2025-10-14 03:00:00,1760410805.0,0.19
2025-10-14 04:00:00,1760414416.0,0.19
2025-10-14 05:00:00,1760418017.0,0.19
2025-10-14 06:00:00,1760421622.0,0.19
2025-10-14 07:00:00,1760425213.0,0.19
2025-10-14 08:00:00,1760428814.0,0.19
2025-10-14 09:00:00,1760432418.0,0.19
2025-10-14 10:00:00,1760436011.0,0.19
2025-10-14 11:00:00,1760439613.0,0.19
2025-10-14 12:00:00,1760443225.0,0.19
2025-10-14 13:00:00,1760446813.0,0.19
2025-10-14 14:00:00,1760450412.0,0.19
2025-10-14 15:00:00,1760454023.0,0.19
2025-10-14 16:00:00,1760457611.0,0.19
2025-10-14 17:00:00,1760461219.0,0.19
2025-10-14 18:00:00,1760464812.0,0.19
2025-10-14 19:00:00,1760468410.0,0.19
2025-10-14 20:00:00,1760472013.0,0.19
2025-10-14 21:00:00,1760475621.0,0.19
2025-10-14 22:00:00,1760479208.0,0.19
2025-10-14 23:00:00,1760482804.0,0.19
2025-10-15 00:00:00,1760486410.0,0.19
2025-10-15 01:00:00,1760490009.0,0.19
2025-10-15 02:00:00,1760493610.0,0.19
2025-10-15 03:00:00,1760497215.0,0.19
2025-10-15 04:00:00,1760500814.0,0.19
2025-10-15 05:00:00,1760504415.0,0.19
2025-10-15 06:00:00,1760508022.0,0.19
2025-10-15 07:00:00,1760511613.0,0.19
2025-10-15 08:00:00,1760515206.0,0.19
2025-10-15 09:00:00,1760518821.0,0.19
2025-10-15 10:00:00,1760522413.0,0.19
2025-10-15 11:00:00,1760526008.0,0.19
2025-10-15 12:00:00,1760529612.0,0.19
2025-10-15 13:00:00,1760533217.0,0.19
2025-10-15 14:00:00,1760536807.0,0.19
2025-10-15 15:00:00,1760540421.0,0.19
2025-10-15 16:00:00,1760544006.0,0.19
2025-10-15 17:00:00,1760547607.0,0.19
2025-10-15 18:00:00,1760551223.0,0.19
2025-10-15 19:00:00,1760554818.0,0.19
2025-10-15 20:00:00,1760558419.0,0.19
2025-10-15 21:00:00,1760562007.0,0.19
2025-10-15 22:00:00,1760565607.0,0.19
2025-10-15 23:00:00,1760569206.0,0.19
2025-10-16 00:00:00,1760572816.0,0.19
2025-10-16 01:00:00,1760576413.0,0.19
2025-10-16 02:00:00,1760580011.0,0.19
2025-10-16 03:00:00,1760583608.0,0.19
2025-10-16 04:00:00,1760587212.0,0.19
2025-10-16 05:00:00,1760590812.0,0.19
2025-10-16 06:00:00,1760594425.0,0.19
2025-10-16 07:00:00,1760598014.0,0.19
2025-10-16 08:00:00,1760601610.0,0.19
2025-10-16 09:00:00,1760605215.0,0.19
2025-10-16 10:00:00,1760608807.0,0.19
2025-10-16 11:00:00,1760612415.0,0.19
2025-10-16 12:00:00,1760616007.0,0.19
2025-10-16 13:00:00,1760619617.0,0.19
2025-10-16 14:00:00,1760623207.0,0.19
2025-10-16 15:00:00,1760626809.0,0.19
2025-10-16 16:00:00,1760630416.0,0.19
2025-10-16 17:00:00,1760634016.0,0.19
2025-10-16 18:00:00,1760637605.0,0.19
2025-10-16 19:00:00,1760641204.0,0.185
2025-10-16 20:00:00,1760644808.0,0.185
2025-10-16 21:00:00,1760648403.0,0.185
2025-10-16 22:00:00,1760652006.0,0.185
2025-10-16 23:00:00,1760655621.0,0.185
2025-10-17 00:00:00,1760659210.0,0.185
2025-10-17 01:00:00,1760662806.0,0.185
2025-10-17 02:00:00,1760666404.0,0.185
2025-10-17 03:00:00,1760670024.0,0.185
2025-10-17 04:00:00,1760673613.0,0.185
2025-10-17 05:00:00,1760677219.0,0.185
2025-10-17 06:00:00,1760680819.0,0.185
2025-10-17 07:00:00,1760684420.0,0.185
2025-10-17 08:00:00,1760688006.0,0.185
2025-10-17 09:00:00,1760691616.0,0.185
2025-10-17 10:00:00,1760695208.0,0.185
2025-10-17 11:00:00,1760698817.0,0.185
2025-10-17 12:00:00,1760702420.0,0.185
2025-10-17 13:00:00,1760706009.0,0.185
2025-10-17 14:00:00,1760709607.0,0.185
2025-10-17 15:00:00,1760713223.0,0.185
2025-10-17 16:00:00,1760716812.0,0.185
2025-10-17 17:00:00,1760720403.0,0.185
2025-10-17 18:00:00,1760724014.0,0.185
2025-10-17 19:00:00,1760727610.0,0.185
2025-10-17 20:00:00,1760731203.0,0.185
2025-10-17 21:00:00,1760734824.0,0.185
2025-10-17 22:00:00,1760738403.0,0.185
2025-10-17 23:00:00,1760742021.0,0.185
2025-10-18 00:00:00,1760745604.0,0.185
2025-10-18 01:00:00,1760749204.0,0.185
2025-10-18 02:00:00,1760752820.0,0.185
2025-10-18 03:00:00,1760756422.0,0.185
2025-10-18 04:00:00,1760760010.0,0.185
2025-10-18 05:00:00,1760763616.0,0.185
2025-10-18 06:00:00,1760767222.0,0.185
2025-10-18 07:00:00,1760770815.0,0.185
2025-10-18 08:00:00,1760774406.0,0.185
2025-10-18 09:00:00,1760778006.0,0.185
2025-10-18 10:00:00,1760781614.0,0.185
2025-10-18 11:00:00,1760785211.0,0.185
2025-10-18 12:00:00,1760788832.0,0.185
2025-10-18 13:00:00,1760792415.0,0.185
2025-10-18 14:00:00,1760796012.0,0.185
2025-10-18 15:00:00,1760799620.0,0.185
2025-10-18 16:00:00,1760803221.0,0.185
2025-10-18 17:00:00,1760806813.0,0.185
2025-10-18 18:00:00,1760810428.0,0.185
2025-10-18 19:00:00,1760814020.0,0.185
2025-10-18 20:00:00,1760817606.0,0.185
2025-10-18 21:00:00,1760821219.0,0.185
2025-10-18 22:00:00,1760824806.0,0.185
2025-10-18 23:00:00,1760828406.0,0.185
2025-10-19 00:00:00,1760832017.0,0.185
2025-10-19 01:00:00,1760835605.0,0.185
2025-10-19 02:00:00,1760839213.0,0.185
2025-10-19 03:00:00,1760842803.0,0.185
2025-10-19 04:00:00,1760846421.0,0.185
2025-10-19 05:00:00,1760850018.0,0.185
2025-10-19 06:00:00,1760853608.0,0.185
2025-10-19 07:00:00,1760857211.0,0.185
2025-10-19 08:00:00,1760860813.0,0.185
2025-10-19 09:00:00,1760864413.0,0.185
2025-10-19 10:00:00,1760868018.0,0.185
2025-10-19 11:00:00,1760871617.0,0.185
2025-10-19 12:00:00,1760875209.0,0.185
2025-10-19 13:00:00,1760878809.0,0.185
2025-10-19 14:00:00,1760882418.0,0.185
2025-10-19 15:00:00,1760886022.0,0.185
2025-10-19 16:00:00,1760889616.0,0.175
2025-10-19 17:00:00,1760893218.0,0.175
2025-10-19 18:00:00,1760896814.0,0.175
2025-10-19 19:00:00,1760900418.0,0.175
2025-10-19 20:00:00,1760904013.0,0.18
2025-10-19 21:00:00,1760907621.0,0.18
2025-10-19 22:00:00,1760911216.0,0.18
2025-10-19 23:00:00,1760914809.0,0.145
2025-10-20 00:00:00,1760918415.0,0.145
2025-10-20 01:00:00,1760922007.0,0.15
2025-10-20 02:00:00,1760925611.0,0.15
2025-10-20 03:00:00,1760929225.0,0.15
2025-10-20 04:00:00,1760932812.0,0.15
2025-10-20 05:00:00,1760936405.0,0.15
2025-10-20 06:00:00,1760940013.0,0.15
2025-10-20 07:00:00,1760943621.0,0.15
2025-10-20 08:00:00,1760947207.0,0.15
2025-10-20 09:00:00,1760950810.0,0.145
2025-10-20 10:00:00,1760954409.0,0.145
2025-10-20 11:00:00,1760958014.0,0.145
2025-10-20 12:00:00,1760961624.0,0.145
2025-10-20 13:00:00,1760965219.0,0.145
2025-10-20 14:00:00,1760968814.0,0.145
2025-10-20 15:00:00,1760972425.0,0.15
2025-10-20 16:00:00,1760976007.0,0.15
2025-10-20 17:00:00,1760979614.0,0.15
2025-10-20 18:00:00,1760983216.0,0.15
2025-10-20 19:00:00,1760986807.0,0.15
2025-10-20 20:00:00,1760990414.0,0.15
2025-10-20 21:00:00,1760994020.0,0.15
2025-10-20 22:00:00,1760997612.0,0.15
2025-10-20 23:00:00,1761001213.0,0.15
2025-10-21 00:00:00,1761004805.0,0.15
2025-10-21 01:00:00,1761008412.0,0.15
2025-10-21 02:00:00,1761012006.0,0.15
2025-10-21 03:00:00,1761015621.0,0.15
2025-10-21 04:00:00,1761019214.0,0.15
2025-10-21 05:00:00,1761022812.0,0.15
2025-10-21 06:00:00,1761026413.0,0.15
2025-10-21 07:00:00,1761030015.0,0.15
2025-10-21 08:00:00,1761033606.0,0.15
2025-10-21 09:00:00,1761037227.0,0.15
2025-10-21 10:00:00,1761040819.0,0.15
2025-10-21 11:00:00,1761044411.0,0.15
2025-10-21 12:00:00,1761048028.0,0.15
2025-10-21 13:00:00,1761051618.0,0.15
2025-10-21 14:00:00,1761055208.0,0.15
2025-10-21 15:00:00,1761058826.0,0.15
2025-10-21 16:00:00,1761062409.0,0.15
2025-10-21 17:00:00,1761066006.0,0.15
2025-10-21 18:00:00,1761069631.0,0.15
2025-10-21 19:00:00,1761073213.0,0.15
2025-10-21 20:00:00,1761076812.0,0.15
2025-10-21 21:00:00,1761080416.0,0.15
2025-10-21 22:00:00,1761084020.0,0.15
2025-10-21 23:00:00,1761087620.0,0.15
2025-10-22 00:00:00,1761091227.0,0.15
2025-10-22 01:00:00,1761094820.0,0.155
2025-10-22 02:00:00,1761098418.0,0.155
2025-10-22 03:00:00,1761102036.0,0.155
2025-10-22 04:00:00,1761105627.0,0.155
2025-10-22 05:00:00,1761109228.0,0.155
2025-10-22 06:00:00,1761112829.0,0.155
2025-10-22 07:00:00,1761116418.0,0.155
2025-10-22 08:00:00,1761120021.0,0.155
2025-10-22 09:00:00,1761123628.0,0.155
2025-10-22 10:00:00,1761127226.0,0.155
2025-10-22 11:00:00,1761130818.0,0.155
2025-10-22 12:00:00,1761134437.0,0.155
2025-10-22 13:00:00,1761138028.0,0.155
2025-10-22 14:00:00,1761141625.0,0.155
2025-10-22 15:00:00,1761145236.0,0.155
2025-10-22 16:00:00,1761148830.0,0.155
2025-10-22 17:00:00,1761152432.0,0.155
2025-10-22 18:00:00,1761156043.0,0.155
2025-10-22 19:00:00,1761159630.0,0.155
2025-10-22 20:00:00,1761163231.0,0.155
2025-10-22 21:00:00,1761166839.0,0.155
2025-10-22 22:00:00,1761170430.0,0.155
2025-10-22 23:00:00,1761174032.0,0.15
2025-10-23 00:00:00,1761177612.0,0.15
2025-10-23 01:00:00,1761181212.0,0.15
2025-10-23 02:00:00,1761184815.0,0.15
2025-10-23 03:00:00,1761188418.0,0.15
2025-10-23 04:00:00,1761192016.0,0.15
2025-10-23 05:00:00,1761195619.0,0.15
2025-10-23 06:00:00,1761199221.0,0.15
2025-10-23 07:00:00,1761202815.0,0.15
2025-10-23 08:00:00,1761206420.0,0.15
2025-10-23 09:00:00,1761210018.0,0.15
2025-10-23 10:00:00,1761213618.0,0.15
2025-10-23 11:00:00,1761217222.0,0.15
2025-10-23 12:00:00,1761220825.0,0.15
2025-10-23 13:00:00,1761224421.0,0.15
2025-10-23 14:00:00,1761228051.0,0.15
2025-10-23 15:00:00,1761231621.0,0.15
2025-10-23 16:00:00,1761235223.0,0.15
2025-10-23 17:00:00,1761238825.0,0.15
2025-10-23 18:00:00,1761242423.0,0.15
2025-10-23 19:00:00,1761246023.0,0.15
2025-10-23 20:00:00,1761249624.0,0.15
2025-10-23 21:00:00,1761253226.0,0.15
2025-10-23 22:00:00,1761256824.0,0.15
2025-10-23 23:00:00,1761260424.0,0.15
2025-10-24 00:00:00,1761264022.0,0.15
2025-10-24 01:00:00,1761267618.0,0.15
2025-10-24 02:00:00,1761271222.0,0.15
2025-10-24 03:00:00,1761274825.0,0.15
2025-10-24 04:00:00,1761278425.0,0.15
2025-10-24 05:00:00,1761282024.0,0.15
2025-10-24 06:00:00,1761285626.0,0.15
2025-10-24 07:00:00,1761289225.0,0.15
2025-10-24 08:00:00,1761292826.0,0.15
2025-10-24 09:00:00,1761296426.0,0.15
2025-10-24 10:00:00,1761300025.0,0.15
2025-10-24 11:00:00,1761303625.0,0.15
2025-10-24 12:00:00,1761307229.0,0.15
2025-10-24 13:00:00,1761310824.0,0.15
2025-10-24 14:00:00,1761314426.0,0.15
2025-10-24 15:00:00,1761318027.0,0.15
2025-10-24 16:00:00,1761321625.0,0.15
2025-10-24 17:00:00,1761325228.0,0.15
2025-10-24 18:00:00,1761328826.0,0.15
2025-10-24 19:00:00,1761332427.0,0.15
2025-10-24 20:00:00,1761336026.0,0.15
2025-10-24 21:00:00,1761339629.0,0.15
2025-10-24 22:00:00,1761343226.0,0.15
2025-10-24 23:00:00,1761346825.0,0.15
2025-10-25 00:00:00,1761350419.0,0.15
2025-10-25 01:00:00,1761354016.0,0.15
2025-10-25 02:00:00,1761357619.0,0.155
2025-10-25 03:00:00,1761361225.0,0.155
2025-10-25 04:00:00,1761364825.0,0.155
2025-10-25 05:00:00,1761368425.0,0.155
2025-10-25 06:00:00,1761372026.0,0.155
2025-10-25 07:00:00,1761375628.0,0.155
2025-10-25 08:00:00,1761379224.0,0.155
2025-10-25 09:00:00,1761382827.0,0.155
2025-10-25 10:00:00,1761386427.0,0.155
2025-10-25 11:00:00,1761390025.0,0.155
2025-10-25 12:00:00,1761393630.0,0.155
2025-10-25 13:00:00,1761397225.0,0.155
2025-10-25 14:00:00,1761400826.0,0.155
2025-10-25 15:00:00,1761404427.0,0.15
2025-10-25 16:00:00,1761408026.0,0.15
2025-10-25 17:00:00,1761411631.0,0.15
2025-10-25 18:00:00,1761415228.0,0.145
2025-10-25 19:00:00,1761418826.0,0.15
2025-10-25 20:00:00,1761422426.0,0.15
2025-10-25 21:00:00,1761426029.0,0.15
2025-10-25 22:00:00,1761429625.0,0.15
2025-10-25 23:00:00,1761433225.0,0.15
2025-10-26 00:00:00,1761436824.0,0.15
2025-10-26 01:00:00,1761440419.0,0.15
2025-10-26 02:00:00,1761444022.0,0.15
2025-10-26 03:00:00,1761447627.0,0.15
2025-10-26 04:00:00,1761451226.0,0.15
2025-10-26 05:00:00,1761454825.0,0.15
2025-10-26 06:00:00,1761458428.0,0.15
2025-10-26 07:00:00,1761462026.0,0.15
2025-10-26 08:00:00,1761465625.0,0.15
2025-10-26 09:00:00,1761469227.0,0.15
2025-10-26 10:00:00,1761472826.0,0.15
2025-10-26 11:00:00,1761476424.0,0.15
2025-10-26 12:00:00,1761480032.0,0.155
2025-10-26 13:00:00,1761483624.0,0.155
2025-10-26 14:00:00,1761487226.0,0.155
2025-10-26 15:00:00,1761490824.0,0.155
2025-10-26 16:00:00,1761494422.0,0.155
2025-10-26 17:00:00,1761498024.0,0.155
2025-10-26 18:00:00,1761501627.0,0.155
2025-10-26 19:00:00,1761505221.0,0.15
2025-10-26 20:00:00,1761508824.0,0.15
2025-10-26 21:00:00,1761512426.0,0.15
2025-10-26 22:00:00,1761516022.0,0.15
2025-10-26 23:00:00,1761519622.0,0.15
2025-10-27 00:00:00,1761523221.0,0.15
2025-10-27 01:00:00,1761526816.0,0.15
2025-10-27 02:00:00,1761530420.0,0.15
2025-10-27 03:00:00,1761534023.0,0.15
2025-10-27 04:00:00,1761537620.0,0.15
2025-10-27 05:00:00,1761541221.0,0.15
2025-10-27 06:00:00,1761544822.0,0.15
2025-10-27 07:00:00,1761548418.0,0.15
2025-10-27 08:00:00,1761552022.0,0.155
2025-10-27 09:00:00,1761555623.0,0.155
2025-10-27 10:00:00,1761559221.0,0.16
2025-10-27 11:00:00,1761562820.0,0.16
2025-10-27 12:00:00,1761566427.0,0.155
2025-10-27 13:00:00,1761570023.0,0.16
2025-10-27 14:00:00,1761573619.0,0.155
2025-10-27 15:00:00,1761577225.0,0.155
2025-10-27 16:00:00,1761580824.0,0.155
2025-10-27 17:00:00,1761584426.0,0.16
2025-10-27 18:00:00,1761588025.0,0.16
2025-10-27 19:00:00,1761591622.0,0.16
2025-10-27 20:00:00,1761595224.0,0.16
2025-10-27 21:00:00,1761598826.0,0.16
2025-10-27 22:00:00,1761602423.0,0.16
2025-10-27 23:00:00,1761606023.0,0.16
2025-10-28 00:00:00,1761609626.0,0.16
2025-10-28 01:00:00,1761613221.0,0.16
2025-10-28 02:00:00,1761616822.0,0.165
2025-10-28 03:00:00,1761620436.0,0.17
2025-10-28 04:00:00,1761624032.0,0.17
2025-10-28 05:00:00,1761627623.0,0.17
2025-10-28 06:00:00,1761631227.0,0.17
2025-10-28 07:00:00,1761634821.0,0.17
2025-10-28 08:00:00,1761638425.0,0.17
2025-10-28 09:00:00,1761642024.0,0.175
2025-10-28 10:00:00,1761645631.0,0.17
2025-10-28 11:00:00,1761649231.0,0.17
2025-10-28 12:00:00,1761652826.0,0.17
2025-10-28 13:00:00,1761656434.0,0.17
2025-10-28 14:00:00,1761660031.0,0.17
2025-10-28 15:00:00,1761663635.0,0.17
2025-10-28 16:00:00,1761667234.0,0.17
2025-10-28 17:00:00,1761670839.0,0.17
2025-10-28 18:00:00,1761674437.0,0.17
2025-10-28 19:00:00,1761678036.0,0.175
2025-10-28 20:00:00,1761681636.0,0.175
2025-10-28 21:00:00,1761685236.0,0.17
2025-10-28 22:00:00,1761688835.0,0.17
2025-10-28 23:00:00,1761692438.0,0.17
2025-10-29 00:00:00,1761696025.0,0.17
2025-10-29 01:00:00,1761699618.0,0.17
2025-10-29 02:00:00,1761703219.0,0.17
2025-10-29 03:00:00,1761706832.0,0.17
2025-10-29 04:00:00,1761710428.0,0.17
2025-10-29 05:00:00,1761714033.0,0.17
2025-10-29 06:00:00,1761717625.0,0.17
2025-10-29 07:00:00,1761721221.0,0.17
2025-10-29 08:00:00,1761724832.0,0.17
2025-10-29 09:00:00,1761728433.0,0.17
2025-10-29 12:00:00,1761741039.0,0.17
2025-10-29 13:00:00,1761743364.0,0.17
2025-10-29 14:00:00,1761746423.0,0.165
2025-10-29 15:00:00,1761750024.0,0.165
2025-10-29 16:00:00,1761753623.0,0.175
2025-10-29 17:00:00,1761757227.0,0.175
2025-10-29 18:00:00,1761760827.0,0.175
2025-10-29 19:00:00,1761764426.0,0.165
2025-10-29 20:00:00,1761768027.0,0.165
2025-10-29 21:00:00,1761771627.0,0.165
2025-10-29 22:00:00,1761775227.0,0.165
2025-10-29 23:00:00,1761778826.0,0.165
2025-10-30 00:00:00,1761782424.0,0.165
2025-10-30 01:00:00,1761786021.0,0.165
2025-10-30 02:00:00,1761789623.0,0.165
2025-10-30 03:00:00,1761793228.0,0.175
2025-10-30 04:00:00,1761796828.0,0.175
2025-10-30 05:00:00,1761800428.0,0.18
2025-10-30 06:00:00,1761804029.0,0.18
2025-10-30 07:00:00,1761807628.0,0.195
2025-10-30 08:00:00,1761811226.0,0.195
2025-10-30 09:00:00,1761814830.0,0.195
2025-10-30 10:00:00,1761818424.0,0.195
2025-10-30 11:00:00,1761822028.0,0.2
2025-10-30 12:00:00,1761825631.0,0.195
2025-10-30 13:00:00,1761829227.0,0.195
2025-10-30 14:00:00,1761832828.0,0.195
2025-10-30 15:00:00,1761836428.0,0.165
2025-10-30 16:00:00,1761840028.0,0.165
2025-10-30 17:00:00,1761843630.0,0.165
2025-10-30 18:00:00,1761847229.0,0.165
2025-10-30 19:00:00,1761850827.0,0.165
2025-10-30 20:00:00,1761854427.0,0.165
2025-10-30 21:00:00,1761858031.0,0.165
2025-10-30 22:00:00,1761861629.0,0.165
2025-10-30 23:00:00,1761865230.0,0.165
2025-10-31 00:00:00,1761868816.0,0.165
2025-10-31 01:00:00,1761872415.0,0.165
2025-10-31 02:00:00,1761876020.0,0.165
2025-10-31 03:00:00,1761879623.0,0.165
2025-10-31 04:00:00,1761883225.0,0.165
2025-10-31 05:00:00,1761886824.0,0.165
2025-10-31 06:00:00,1761890426.0,0.165
2025-10-31 07:00:00,1761894027.0,0.165
2025-10-31 08:00:00,1761897629.0,0.165
2025-10-31 09:00:00,1761901226.0,0.165
2025-10-31 10:00:00,1761904826.0,0.165
2025-10-31 11:00:00,1761908425.0,0.165
2025-10-31 12:00:00,1761912030.0,0.165
2025-10-31 13:00:00,1761915624.0,0.165
2025-10-31 14:00:00,1761919226.0,0.165
2025-10-31 15:00:00,1761922826.0,0.165
2025-10-31 16:00:00,1761926427.0,0.165
2025-10-31 17:00:00,1761930030.0,0.165
2025-10-31 18:00:00,1761933628.0,0.175
2025-10-31 19:00:00,1761937228.0,0.175
2025-10-31 20:00:00,1761940826.0,0.175
2025-10-31 21:00:00,1761944429.0,0.17
2025-10-31 22:00:00,1761948027.0,0.17
2025-10-31 23:00:00,1761951627.0,0.175
2025-11-01 00:00:00,1761955225.0,0.17
2025-11-01 01:00:00,1761958822.0,0.175
2025-11-01 02:00:00,1761962424.0,0.17
2025-11-01 03:00:00,1761966028.0,0.17
2025-11-01 04:00:00,1761969627.0,0.17
2025-11-01 05:00:00,1761973227.0,0.17
2025-11-01 06:00:00,1761976829.0,0.17
2025-11-01 07:00:00,1761980429.0,0.17
2025-11-01 08:00:00,1761984027.0,0.17
2025-11-01 09:00:00,1761987629.0,0.17
2025-11-01 10:00:00,1761991229.0,0.17
2025-11-01 11:00:00,1761994827.0,0.17
2025-11-01 12:00:00,1761998434.0,0.17
2025-11-01 13:00:00,1762002026.0,0.17
2025-11-01 14:00:00,1762005628.0,0.17
2025-11-01 15:00:00,1762009229.0,0.17
2025-11-01 16:00:00,1762012827.0,0.17
2025-11-01 17:00:00,1762016431.0,0.17
2025-11-01 18:00:00,1762020029.0,0.17
2025-11-01 19:00:00,1762023628.0,0.17
2025-11-01 20:00:00,1762027228.0,0.17
2025-11-01 21:00:00,1762030830.0,0.17
2025-11-01 22:00:00,1762034429.0,0.17
2025-11-01 23:00:00,1762038027.0,0.17
2025-11-02 00:00:00,1762041619.0,0.17
2025-11-02 01:00:00,1762045217.0,0.17
2025-11-02 02:00:00,1762048820.0,0.17
2025-11-02 03:00:00,1762052426.0,0.17
2025-11-02 04:00:00,1762056025.0,0.17
2025-11-02 05:00:00,1762059626.0,0.17
2025-11-02 06:00:00,1762063226.0,0.17
2025-11-02 07:00:00,1762066826.0,0.17
2025-11-02 08:00:00,1762070424.0,0.17
2025-11-02 09:00:00,1762074026.0,0.17
2025-11-02 10:00:00,1762077625.0,0.17
2025-11-02 11:00:00,1762081227.0,0.17
2025-11-02 12:00:00,1762084830.0,0.17
2025-11-02 13:00:00,1762088425.0,0.17
2025-11-02 14:00:00,1762092026.0,0.17
2025-11-02 15:00:00,1762095626.0,0.17
2025-11-02 16:00:00,1762099226.0,0.17
2025-11-02 17:00:00,1762102828.0,0.17
2025-11-02 18:00:00,1762106429.0,0.165
2025-11-02 19:00:00,1762110028.0,0.165
2025-11-02 20:00:00,1762113627.0,0.165
2025-11-02 21:00:00,1762117228.0,0.165
2025-11-02 22:00:00,1762120826.0,0.165
2025-11-02 23:00:00,1762124426.0,0.165
2025-11-03 00:00:00,1762128023.0,0.165
2025-11-03 01:00:00,1762131622.0,0.165
2025-11-03 02:00:00,1762135223.0,0.165
2025-11-03 03:00:00,1762138826.0,0.165
2025-11-03 04:00:00,1762142427.0,0.165
2025-11-03 05:00:00,1762146026.0,0.165
2025-11-03 06:00:00,1762149628.0,0.165
2025-11-03 07:00:00,1762153227.0,0.165
2025-11-03 08:00:00,1762156825.0,0.165
2025-11-03 09:00:00,1762160427.0,0.165
2025-11-03 10:00:00,1762164027.0,0.165
2025-11-03 11:00:00,1762167627.0,0.165
2025-11-03 12:00:00,1762171230.0,0.165
2025-11-03 13:00:00,1762174825.0,0.165
2025-11-03 14:00:00,1762178426.0,0.165
2025-11-03 15:00:00,1762182027.0,0.165
2025-11-03 16:00:00,1762185627.0,0.165
2025-11-03 17:00:00,1762189227.0,0.165
2025-11-03 18:00:00,1762192828.0,0.165
2025-11-03 19:00:00,1762196427.0,0.165
2025-11-03 20:00:00,1762200027.0,0.165
2025-11-03 21:00:00,1762203630.0,0.165
2025-11-03 22:00:00,1762207228.0,0.165
2025-11-03 23:00:00,1762210828.0,0.165
2025-11-04 00:00:00,1762214423.0,0.165
2025-11-04 01:00:00,1762218019.0,0.165
2025-11-04 02:00:00,1762221622.0,0.165
2025-11-04 03:00:00,1762225227.0,0.165
2025-11-04 04:00:00,1762228828.0,0.165
2025-11-04 05:00:00,1762232426.0,0.165
2025-11-04 06:00:00,1762236030.0,0.165
2025-11-04 07:00:00,1762239629.0,0.165
2025-11-04 08:00:00,1762243227.0,0.165
2025-11-04 09:00:00,1762246830.0,0.165
2025-11-04 10:00:00,1762250428.0,0.165
2025-11-04 11:00:00,1762254028.0,0.165
2025-11-04 12:00:00,1762257633.0,0.165
2025-11-04 13:00:00,1762261228.0,0.165
2025-11-04 14:00:00,1762264830.0,0.165
2025-11-04 15:00:00,1762268429.0,0.165
2025-11-04 16:00:00,1762272030.0,0.165
2025-11-04 17:00:00,1762275632.0,0.165
2025-11-04 18:00:00,1762279231.0,0.165
2025-11-04 19:00:00,1762282830.0,0.165
2025-11-04 20:00:00,1762286429.0,0.165
2025-11-04 21:00:00,1762290034.0,0.165
2025-11-04 22:00:00,1762293630.0,0.165
2025-11-04 23:00:00,1762297229.0,0.165
2025-11-05 00:00:00,1762300826.0,0.165
2025-11-05 01:00:00,1762304424.0,0.165
2025-11-05 02:00:00,1762308026.0,0.165
2025-11-05 03:00:00,1762311629.0,0.165
2025-11-05 04:00:00,1762315229.0,0.165
2025-11-05 05:00:00,1762318830.0,0.165
2025-11-05 06:00:00,1762322432.0,0.165
2025-11-05 07:00:00,1762326030.0,0.165
2025-11-05 08:00:00,1762329629.0,0.165
2025-11-05 09:00:00,1762333232.0,0.165
2025-11-05 10:00:00,1762336829.0,0.165
2025-11-05 11:00:00,1762340430.0,0.165
2025-11-05 12:00:00,1762344035.0,0.165
2025-11-05 13:00:00,1762347628.0,0.165
2025-11-05 14:00:00,1762351230.0,0.165
2025-11-05 15:00:00,1762354830.0,0.165
2025-11-05 16:00:00,1762358429.0,0.165
2025-11-05 17:00:00,1762362030.0,0.165
2025-11-05 18:00:00,1762365631.0,0.165
2025-11-05 19:00:00,1762369230.0,0.165
2025-11-05 20:00:00,1762372829.0,0.165
2025-11-05 21:00:00,1762376431.0,0.165
2025-11-05 22:00:00,1762380029.0,0.165
2025-11-05 23:00:00,1762383629.0,0.165
2025-11-06 00:00:00,1762387216.0,0.165
2025-11-06 01:00:00,1762390816.0,0.165
2025-11-06 02:00:00,1762394421.0,0.165
2025-11-06 03:00:00,1762398028.0,0.165
2025-11-06 04:00:00,1762401627.0,0.165
2025-11-06 05:00:00,1762405227.0,0.165
2025-11-06 06:00:00,1762408829.0,0.165
2025-11-06 07:00:00,1762412428.0,0.165
2025-11-06 08:00:00,1762416024.0,0.165
2025-11-06 09:00:00,1762419630.0,0.165
2025-11-06 10:00:00,1762423223.0,0.175
2025-11-06 11:00:00,1762426827.0,0.175
2025-11-06 12:00:00,1762430436.0,0.18
2025-11-06 13:00:00,1762434025.0,0.18
2025-11-06 14:00:00,1762437627.0,0.18
2025-11-06 15:00:00,1762441228.0,0.18
2025-11-06 16:00:00,1762444828.0,0.18
2025-11-06 17:00:00,1762448432.0,0.18
2025-11-06 18:00:00,1762452030.0,0.18
2025-11-06 19:00:00,1762455629.0,0.18
2025-11-06 20:00:00,1762459230.0,0.185
2025-11-06 21:00:00,1762462834.0,0.185
2025-11-06 22:00:00,1762466428.0,0.185
2025-11-06 23:00:00,1762470028.0,0.185
2025-11-07 00:00:00,1762473626.0,0.185
2025-11-07 01:00:00,1762477222.0,0.18
2025-11-07 02:00:00,1762480829.0,0.18
2025-11-07 03:00:00,1762484431.0,0.18
2025-11-07 04:00:00,1762488029.0,0.185
2025-11-07 05:00:00,1762491631.0,0.185
2025-11-07 06:00:00,1762495233.0,0.185
2025-11-07 07:00:00,1762498829.0,0.185
2025-11-07 08:00:00,1762502428.0,0.19
2025-11-07 09:00:00,1762506031.0,0.19
2025-11-07 10:00:00,1762509629.0,0.19
2025-11-07 11:00:00,1762513228.0,0.19
2025-11-07 12:00:00,1762516835.0,0.19
2025-11-07 13:00:00,1762520428.0,0.19
2025-11-07 14:00:00,1762524031.0,0.19
2025-11-07 15:00:00,1762527640.0,0.19
2025-11-07 16:00:00,1762531230.0,0.19
2025-11-07 17:00:00,1762534849.0,0.19
2025-11-07 18:00:00,1762538432.0,0.19
2025-11-07 19:00:00,1762542033.0,0.19
2025-11-07 20:00:00,1762545641.0,0.19
2025-11-07 21:00:00,1762549232.0,0.19
2025-11-07 22:00:00,1762552830.0,0.19
2025-11-07 23:00:00,1762556444.0,0.19
2025-11-08 00:00:00,1762560016.0,0.19
2025-11-08 01:00:00,1762563617.0,0.19
2025-11-08 02:00:00,1762567210.0,0.195
2025-11-08 03:00:00,1762570825.0,0.195
2025-11-08 04:00:00,1762574426.0,0.195
2025-11-08 05:00:00,1762578010.0,0.195
2025-11-08 06:00:00,1762581628.0,0.195
2025-11-08 07:00:00,1762585227.0,0.195
2025-11-08 08:00:00,1762588823.0,0.195
2025-11-08 09:00:00,1762592427.0,0.195
2025-11-08 10:00:00,1762596025.0,0.195
2025-11-08 11:00:00,1762599638.0,0.195
2025-11-08 12:00:00,1762603245.0,0.195
2025-11-08 13:00:00,1762606826.0,0.195
2025-11-08 14:00:00,1762610426.0,0.195
2025-11-08 15:00:00,1762614028.0,0.195
2025-11-08 16:00:00,1762617626.0,0.195
2025-11-08 17:00:00,1762621231.0,0.195
2025-11-08 18:00:00,1762624828.0,0.195
2025-11-08 19:00:00,1762628428.0,0.195
2025-11-08 20:00:00,1762632025.0,0.195
2025-11-08 21:00:00,1762635630.0,0.195
2025-11-08 22:00:00,1762639227.0,0.195
2025-11-08 23:00:00,1762642827.0,0.195
2025-11-09 00:00:00,1762646437.0,0.195
2025-11-09 01:00:00,1762650021.0,0.19
2025-11-09 02:00:00,1762653624.0,0.19
2025-11-09 03:00:00,1762657227.0,0.195
2025-11-09 04:00:00,1762660838.0,0.195
2025-11-09 05:00:00,1762664426.0,0.195
2025-11-09 06:00:00,1762668028.0,0.195
2025-11-09 07:00:00,1762671627.0,0.195
2025-11-09 08:00:00,1762675226.0,0.195
2025-11-09 09:00:00,1762678828.0,0.195
2025-11-09 10:00:00,1762682427.0,0.195
2025-11-09 11:00:00,1762686027.0,0.195
2025-11-09 12:00:00,1762689631.0,0.195
2025-11-09 13:00:00,1762693225.0,0.195
2025-11-09 14:00:00,1762696826.0,0.195
2025-11-09 15:00:00,1762700427.0,0.195
2025-11-09 16:00:00,1762704026.0,0.195
2025-11-09 17:00:00,1762707628.0,0.195
2025-11-09 18:00:00,1762711228.0,0.195
2025-11-09 19:00:00,1762714827.0,0.195
2025-11-09 20:00:00,1762718426.0,0.195
2025-11-09 21:00:00,1762722029.0,0.195
2025-11-09 22:00:00,1762725627.0,0.195
2025-11-09 23:00:00,1762729226.0,0.195
2025-11-10 00:00:00,1762732817.0,0.195
2025-11-10 01:00:00,1762736429.0,0.2
2025-11-10 02:00:00,1762740019.0,0.2
2025-11-10 03:00:00,1762743624.0,0.195
2025-11-10 04:00:00,1762747226.0,0.195
2025-11-10 05:00:00,1762750826.0,0.195
2025-11-10 06:00:00,1762754427.0,0.195
2025-11-10 07:00:00,1762758026.0,0.195
2025-11-10 08:00:00,1762761623.0,0.195
2025-11-10 09:00:00,1762765239.0,0.195
2025-11-10 10:00:00,1762768827.0,0.195
2025-11-10 11:00:00,1762772425.0,0.195
2025-11-10 12:00:00,1762776030.0,0.195
2025-11-10 13:00:00,1762779626.0,0.195
2025-11-10 14:00:00,1762783226.0,0.195
2025-11-10 15:00:00,1762786829.0,0.195
2025-11-10 16:00:00,1762790428.0,0.195
2025-11-10 17:00:00,1762794027.0,0.195
2025-11-10 18:00:00,1762797630.0,0.195
2025-11-10 19:00:00,1762801228.0,0.195
2025-11-10 20:00:00,1762804827.0,0.195
2025-11-10 21:00:00,1762808430.0,0.195
2025-11-10 22:00:00,1762812027.0,0.195
2025-11-10 23:00:00,1762815628.0,0.195
2025-11-11 00:00:00,1762819227.0,0.195
2025-11-11 01:00:00,1762822825.0,0.195
2025-11-11 02:00:00,1762826427.0,0.2
2025-11-11 03:00:00,1762830031.0,0.2
2025-11-11 04:00:00,1762833632.0,0.2
2025-11-11 05:00:00,1762837229.0,0.2
2025-11-11 06:00:00,1762840838.0,0.2
2025-11-11 07:00:00,1762844431.0,0.2
2025-11-11 08:00:00,1762848042.0,0.2
2025-11-11 09:00:00,1762851631.0,0.21
2025-11-11 10:00:00,1762855230.0,0.205
2025-11-11 11:00:00,1762858845.0,0.205
2025-11-11 12:00:00,1762862448.0,0.205
2025-11-11 13:00:00,1762866027.0,0.205
2025-11-11 14:00:00,1762869630.0,0.205
2025-11-11 15:00:00,1762873244.0,0.2
2025-11-11 16:00:00,1762876829.0,0.2
2025-11-11 17:00:00,1762880431.0,0.2
2025-11-11 18:00:00,1762884032.0,0.2
2025-11-11 19:00:00,1762887630.0,0.2
2025-11-11 20:00:00,1762891230.0,0.195
2025-11-11 21:00:00,1762894833.0,0.225
2025-11-11 22:00:00,1762898430.0,0.21
2025-11-11 23:00:00,1762902030.0,0.21
2025-11-12 00:00:00,1762905622.0,0.215
2025-11-12 01:00:00,1762909219.0,0.215
2025-11-12 02:00:00,1762912822.0,0.21
2025-11-12 03:00:00,1762916429.0,0.215
2025-11-12 04:00:00,1762920030.0,0.215
2025-11-12 05:00:00,1762923627.0,0.215
2025-11-12 06:00:00,1762927231.0,0.215
2025-11-12 07:00:00,1762930830.0,0.215
2025-11-12 08:00:00,1762934426.0,0.2
2025-11-12 09:00:00,1762938033.0,0.2
2025-11-12 10:00:00,1762941628.0,0.2
2025-11-12 11:00:00,1762945229.0,0.205
2025-11-12 12:00:00,1762948835.0,0.205
2025-11-12 13:00:00,1762952428.0,0.205
2025-11-12 14:00:00,1762956031.0,0.205
2025-11-12 15:00:00,1762959630.0,0.205
2025-11-12 16:00:00,1762963231.0,0.205
2025-11-12 17:00:00,1762966847.0,0.2
2025-11-12 18:00:00,1762970432.0,0.2
2025-11-12 19:00:00,1762974032.0,0.2
2025-11-12 20:00:00,1762977630.0,0.2
2025-11-12 21:00:00,1762981234.0,0.2
2025-11-12 22:00:00,1762984830.0,0.2
2025-11-12 23:00:00,1762988431.0,0.2
2025-11-13 00:00:00,1762992025.0,0.2
2025-11-13 01:00:00,1762995623.0,0.2
2025-11-13 02:00:00,1762999214.0,0.2
2025-11-13 03:00:00,1763002832.0,0.2
2025-11-13 04:00:00,1763006432.0,0.2
2025-11-13 05:00:00,1763010031.0,0.2
2025-11-13 06:00:00,1763013634.0,0.2
2025-11-13 07:00:00,1763017233.0,0.2
2025-11-13 08:00:00,1763020830.0,0.2
2025-11-13 09:00:00,1763024434.0,0.2
2025-11-13 10:00:00,1763028029.0,0.2
2025-11-13 11:00:00,1763031631.0,0.195
2025-11-13 12:00:00,1763035238.0,0.195
2025-11-13 13:00:00,1763038829.0,0.195
2025-11-13 14:00:00,1763042432.0,0.2
2025-11-13 15:00:00,1763046033.0,0.2
2025-11-13 16:00:00,1763049633.0,0.2
2025-11-13 17:00:00,1763053238.0,0.2
2025-11-13 18:00:00,1763056834.0,0.2
2025-11-13 19:00:00,1763060448.0,0.2
2025-11-13 20:00:00,1763064032.0,0.195
2025-11-13 21:00:00,1763067636.0,0.195
2025-11-13 22:00:00,1763071232.0,0.195
2025-11-13 23:00:00,1763074833.0,0.195
2025-11-14 00:00:00,1763078424.0,0.195
2025-11-14 01:00:00,1763082021.0,0.195
2025-11-14 02:00:00,1763085625.0,0.2
2025-11-14 03:00:00,1763089230.0,0.2
2025-11-14 04:00:00,1763092831.0,0.2
2025-11-14 05:00:00,1763096430.0,0.2
2025-11-14 06:00:00,1763100032.0,0.2
2025-11-14 07:00:00,1763103632.0,0.2
2025-11-14 08:00:00,1763107229.0,0.2
2025-11-14 09:00:00,1763110833.0,0.2
2025-11-14 10:00:00,1763114430.0,0.2
2025-11-14 11:00:00,1763118032.0,0.2
2025-11-14 12:00:00,1763121638.0,0.2
2025-11-14 13:00:00,1763125242.0,0.2
2025-11-14 14:00:00,1763128832.0,0.2
2025-11-14 15:00:00,1763132431.0,0.2
2025-11-14 16:00:00,1763136032.0,0.19
2025-11-14 17:00:00,1763139636.0,0.19
2025-11-14 18:00:00,1763143234.0,0.195
2025-11-14 19:00:00,1763146834.0,0.195
2025-11-14 20:00:00,1763150432.0,0.195
2025-11-14 21:00:00,1763154049.0,0.19
2025-11-14 22:00:00,1763157633.0,0.19
2025-11-14 23:00:00,1763161232.0,0.19
2025-11-15 00:00:00,1763164830.0,0.19
2025-11-15 01:00:00,1763168425.0,0.19
2025-11-15 02:00:00,1763172029.0,0.19
2025-11-15 03:00:00,1763175634.0,0.19
2025-11-15 04:00:00,1763179232.0,0.19
2025-11-15 05:00:00,1763182832.0,0.19
2025-11-15 06:00:00,1763186434.0,0.19
2025-11-15 07:00:00,1763190034.0,0.19
2025-11-15 08:00:00,1763193631.0,0.19
2025-11-15 09:00:00,1763197236.0,0.19
2025-11-15 10:00:00,1763200834.0,0.175
2025-11-15 11:00:00,1763204432.0,0.195
2025-11-15 12:00:00,1763208040.0,0.21
2025-11-15 13:00:00,1763211631.0,0.21
2025-11-15 14:00:00,1763215233.0,0.21
2025-11-15 15:00:00,1763218835.0,0.21
2025-11-15 16:00:00,1763222432.0,0.21
2025-11-15 17:00:00,1763226036.0,0.21
2025-11-15 18:00:00,1763229636.0,0.215
2025-11-15 19:00:00,1763233235.0,0.21
2025-11-15 20:00:00,1763236833.0,0.21
2025-11-15 21:00:00,1763240436.0,0.21
2025-11-15 22:00:00,1763244033.0,0.21
2025-11-15 23:00:00,1763247632.0,0.205
2025-11-16 00:00:00,1763251219.0,0.205
2025-11-16 01:00:00,1763254828.0,0.205
2025-11-16 02:00:00,1763258422.0,0.205
2025-11-16 03:00:00,1763262027.0,0.21
2025-11-16 04:00:00,1763265626.0,0.205
2025-11-16 05:00:00,1763269226.0,0.205
2025-11-16 06:00:00,1763272829.0,0.205
2025-11-16 07:00:00,1763276428.0,0.21
2025-11-16 08:00:00,1763280026.0,0.21
2025-11-16 09:00:00,1763283630.0,0.21
2025-11-16 10:00:00,1763287228.0,0.205
2025-11-16 11:00:00,1763290828.0,0.205
2025-11-16 12:00:00,1763294434.0,0.205
2025-11-16 13:00:00,1763298027.0,0.205
2025-11-16 14:00:00,1763301628.0,0.205
2025-11-16 15:00:00,1763305230.0,0.205
2025-11-16 16:00:00,1763308828.0,0.205
2025-11-16 17:00:00,1763312432.0,0.205
2025-11-16 18:00:00,1763316035.0,0.205
2025-11-16 19:00:00,1763319629.0,0.205
2025-11-16 20:00:00,1763323229.0,0.205
2025-11-16 21:00:00,1763326834.0,0.205
2025-11-16 22:00:00,1763330429.0,0.205
2025-11-16 23:00:00,1763334029.0,0.205
2025-11-17 00:00:00,1763337626.0,0.205
2025-11-17 01:00:00,1763341222.0,0.205
2025-11-17 02:00:00,1763344825.0,0.205
2025-11-17 03:00:00,1763348429.0,0.205
2025-11-17 04:00:00,1763352028.0,0.205
2025-11-17 05:00:00,1763355628.0,0.205
2025-11-17 06:00:00,1763359231.0,0.205
2025-11-17 07:00:00,1763362830.0,0.205
2025-11-17 08:00:00,1763366442.0,0.205
2025-11-17 09:00:00,1763370049.0,0.19
2025-11-17 10:00:00,1763373633.0,0.185
2025-11-17 11:00:00,1763377229.0,0.19
2025-11-17 12:00:00,1763380832.0,0.19
2025-11-17 13:00:00,1763384427.0,0.185
2025-11-17 14:00:00,1763388026.0,0.19
2025-11-17 15:00:00,1763391646.0,0.19
2025-11-17 16:00:00,1763395227.0,0.185
2025-11-17 17:00:00,1763398832.0,0.185
2025-11-17 18:00:00,1763402431.0,0.155
2025-11-17 19:00:00,1763406030.0,0.155
2025-11-17 20:00:00,1763409629.0,0.155
2025-11-17 21:00:00,1763413233.0,0.165
2025-11-17 22:00:00,1763416833.0,0.165
2025-11-17 23:00:00,1763420432.0,0.165
2025-11-18 00:00:00,1763424019.0,0.165
2025-11-18 01:00:00,1763427619.0,0.165
2025-11-18 02:00:00,1763431222.0,0.165
2025-11-18 03:00:00,1763434828.0,0.165
2025-11-18 04:00:00,1763438428.0,0.165
2025-11-18 05:00:00,1763442027.0,0.16
2025-11-18 06:00:00,1763445631.0,0.145
2025-11-18 07:00:00,1763449229.0,0.155
2025-11-18 08:00:00,1763452827.0,0.155
2025-11-18 09:00:00,1763456431.0,0.15
2025-11-18 10:00:00,1763460028.0,0.155
2025-11-18 11:00:00,1763463627.0,0.145
2025-11-18 12:00:00,1763467235.0,0.155
2025-11-18 13:00:00,1763470831.0,0.155
2025-11-18 14:00:00,1763474429.0,0.155
2025-11-18 15:00:00,1763478032.0,0.15
2025-11-18 16:00:00,1763481631.0,0.15
2025-11-18 17:00:00,1763485231.0,0.15
2025-11-18 18:00:00,1763488833.0,0.155
2025-11-18 19:00:00,1763492432.0,0.105
2025-11-18 20:00:00,1763496030.0,0.1
2025-11-18 21:00:00,1763499636.0,0.1
2025-11-18 22:00:00,1763503232.0,0.105
2025-11-18 23:00:00,1763506847.0,0.125
2025-11-19 00:00:00,1763510430.0,0.125
2025-11-19 01:00:00,1763514027.0,0.135
2025-11-19 02:00:00,1763517629.0,0.135
2025-11-19 03:00:00,1763521234.0,0.135
2025-11-19 04:00:00,1763524832.0,0.14
2025-11-19 05:00:00,1763528431.0,0.14
2025-11-19 06:00:00,1763532035.0,0.14
2025-11-19 07:00:00,1763535633.0,0.15
2025-11-19 08:00:00,1763539232.0,0.15
2025-11-19 09:00:00,1763542836.0,0.145
2025-11-19 10:00:00,1763546432.0,0.14
2025-11-19 11:00:00,1763550032.0,0.145
2025-11-19 12:00:00,1763553639.0,0.145
2025-11-19 13:00:00,1763557230.0,0.145
2025-11-19 14:00:00,1763560845.0,0.14
2025-11-19 15:00:00,1763564433.0,0.145
2025-11-19 16:00:00,1763568045.0,0.14
2025-11-19 17:00:00,1763571636.0,0.14
2025-11-19 18:00:00,1763575243.0,0.135
2025-11-19 19:00:00,1763578834.0,0.125
2025-11-19 20:00:00,1763582432.0,0.125
2025-11-19 21:00:00,1763586037.0,0.145
2025-11-19 22:00:00,1763589632.0,0.145
2025-11-19 23:00:00,1763593248.0,0.14
2025-11-20 00:00:00,1763596819.0,0.14
2025-11-20 01:00:00,1763600419.0,0.145
2025-11-20 02:00:00,1763604024.0,0.14
2025-11-20 03:00:00,1763607631.0,0.14
2025-11-20 04:00:00,1763611232.0,0.14
2025-11-20 05:00:00,1763614829.0,0.14
2025-11-20 06:00:00,1763618435.0,0.14
2025-11-20 07:00:00,1763622040.0,0.14
2025-11-20 08:00:00,1763625630.0,0.135
2025-11-20 09:00:00,1763629236.0,0.135
2025-11-20 10:00:00,1763632830.0,0.135
2025-11-20 11:00:00,1763636432.0,0.135
2025-11-20 12:00:00,1763640020.0,0.135
2025-11-20 13:00:00,1763643615.0,0.135
2025-11-20 14:00:00,1763647215.0,0.135
2025-11-20 15:00:00,1763650817.0,0.13
2025-11-20 16:00:00,1763654415.0,0.13
2025-11-20 17:00:00,1763658022.0,0.13
2025-11-20 18:00:00,1763661622.0,0.13
2025-11-20 19:00:00,1763665215.0,0.13
2025-11-20 20:00:00,1763668817.0,0.125
2025-11-20 21:00:00,1763672422.0,0.14
2025-11-20 22:00:00,1763676030.0,0.15
2025-11-20 23:00:00,1763679616.0,0.15
2025-11-21 00:00:00,1763683233.0,0.145
2025-11-21 01:00:00,1763686815.0,0.16
2025-11-21 02:00:00,1763690415.0,0.14
2025-11-21 03:00:00,1763694019.0,0.145
2025-11-21 04:00:00,1763697629.0,0.145
2025-11-21 05:00:00,1763701221.0,0.145
2025-11-21 06:00:00,1763704819.0,0.145
2025-11-21 07:00:00,1763708416.0,0.145
2025-11-21 08:00:00,1763712015.0,0.145
2025-11-21 09:00:00,1763715618.0,0.14
2025-11-21 10:00:00,1763719215.0,0.14
2025-11-21 11:00:00,1763722819.0,0.135
2025-11-21 12:00:00,1763726421.0,0.125
2025-11-21 13:00:00,1763730029.0,0.135
2025-11-21 14:00:00,1763733618.0,0.14
2025-11-21 15:00:00,1763737218.0,0.14
2025-11-21 16:00:00,1763740817.0,0.14
2025-11-21 17:00:00,1763744440.0,0.145
2025-11-21 18:00:00,1763748018.0,0.145
2025-11-21 19:00:00,1763751616.0,0.145
2025-11-21 20:00:00,1763755217.0,0.145
2025-11-21 21:00:00,1763758819.0,0.145
2025-11-21 22:00:00,1763762416.0,0.145
2025-11-21 23:00:00,1763766021.0,0.145
2025-11-22 00:00:00,1763769620.0,0.145
2025-11-22 01:00:00,1763773216.0,0.145
2025-11-22 02:00:00,1763776815.0,0.145
2025-11-22 03:00:00,1763780418.0,0.145
2025-11-22 04:00:00,1763784030.0,0.145
2025-11-22 05:00:00,1763787621.0,0.145
2025-11-22 06:00:00,1763791234.0,0.16
2025-11-22 07:00:00,1763794814.0,0.16
2025-11-22 08:00:00,1763798414.0,0.175
2025-11-22 09:00:00,1763802018.0,0.18
2025-11-22 10:00:00,1763805615.0,0.18
2025-11-22 11:00:00,1763809217.0,0.18
2025-11-22 12:00:00,1763812820.0,0.175
2025-11-22 13:00:00,1763816428.0,0.175
2025-11-22 14:00:00,1763820017.0,0.175
2025-11-22 15:00:00,1763823617.0,0.175
2025-11-22 16:00:00,1763827215.0,0.175
2025-11-22 17:00:00,1763830839.0,0.165
2025-11-22 18:00:00,1763834417.0,0.165
2025-11-22 19:00:00,1763838014.0,0.165
2025-11-22 20:00:00,1763841615.0,0.165
2025-11-22 21:00:00,1763845218.0,0.165
2025-11-22 22:00:00,1763848814.0,0.165
2025-11-22 23:00:00,1763852415.0,0.165
2025-11-23 00:00:00,1763856022.0,0.165
2025-11-23 01:00:00,1763859627.0,0.175
2025-11-23 02:00:00,1763863214.0,0.175
2025-11-23 03:00:00,1763866820.0,0.175
2025-11-23 04:00:00,1763870414.0,0.175
2025-11-23 05:00:00,1763874014.0,0.175
2025-11-23 06:00:00,1763877633.0,0.175
2025-11-23 07:00:00,1763881214.0,0.175
2025-11-23 08:00:00,1763884814.0,0.175
2025-11-23 09:00:00,1763888417.0,0.175
2025-11-23 10:00:00,1763892014.0,0.175
2025-11-23 11:00:00,1763895617.0,0.175
2025-11-23 12:00:00,1763899219.0,0.175
2025-11-23 13:00:00,1763902814.0,0.175
2025-11-23 14:00:00,1763906417.0,0.175
2025-11-23 15:00:00,1763910017.0,0.175
2025-11-23 16:00:00,1763913614.0,0.175
2025-11-23 17:00:00,1763917241.0,0.175
2025-11-23 18:00:00,1763920819.0,0.18
2025-11-23 19:00:00,1763924414.0,0.18
2025-11-23 20:00:00,1763928015.0,0.18
2025-11-23 21:00:00,1763931633.0,0.18
2025-11-23 22:00:00,1763935215.0,0.18
2025-11-23 23:00:00,1763938814.0,0.18
2025-11-24 00:00:00,1763942417.0,0.18
2025-11-24 01:00:00,1763946011.0,0.18
2025-11-24 02:00:00,1763949610.0,0.18
2025-11-24 03:00:00,1763953212.0,0.18
2025-11-24 04:00:00,1763956810.0,0.18
2025-11-24 05:00:00,1763960410.0,0.18
2025-11-24 06:00:00,1763964028.0,0.18
2025-11-24 07:00:00,1763967611.0,0.18
2025-11-24 08:00:00,1763971210.0,0.185
2025-11-24 09:00:00,1763974812.0,0.18
2025-11-24 10:00:00,1763978411.0,0.18
2025-11-24 11:00:00,1763982010.0,0.18
2025-11-24 12:00:00,1763985613.0,0.19
2025-11-24 13:00:00,1763989210.0,0.185
2025-11-24 14:00:00,1763992814.0,0.18
2025-11-24 15:00:00,1763996412.0,0.185
2025-11-24 16:00:00,1764000011.0,0.175
2025-11-24 17:00:00,1764003619.0,0.175
2025-11-24 18:00:00,1764007213.0,0.175
2025-11-24 19:00:00,1764010812.0,0.175
2025-11-24 20:00:00,1764014413.0,0.175
2025-11-24 21:00:00,1764018032.0,0.175
2025-11-24 22:00:00,1764021631.0,0.175
2025-11-24 23:00:00,1764025232.0,0.175
2025-11-25 00:00:00,1764028827.0,0.175
2025-11-25 01:00:00,1764032426.0,0.175
2025-11-25 02:00:00,1764036028.0,0.17
2025-11-25 03:00:00,1764039631.0,0.17
2025-11-25 04:00:00,1764043232.0,0.17
2025-11-25 05:00:00,1764046831.0,0.165
2025-11-25 06:00:00,1764050432.0,0.165
2025-11-25 07:00:00,1764054032.0,0.165
2025-11-25 08:00:00,1764057631.0,0.17
2025-11-25 09:00:00,1764061234.0,0.175
2025-11-25 10:00:00,1764064832.0,0.175
2025-11-25 11:00:00,1764068433.0,0.175
2025-11-25 12:00:00,1764072036.0,0.175
2025-11-25 13:00:00,1764075631.0,0.175
2025-11-25 14:00:00,1764079233.0,0.18
2025-11-25 15:00:00,1764082832.0,0.18
2025-11-25 16:00:00,1764086433.0,0.18
2025-11-25 17:00:00,1764090036.0,0.18
2025-11-25 18:00:00,1764093634.0,0.16
2025-11-25 19:00:00,1764097234.0,0.16
2025-11-25 20:00:00,1764100834.0,0.155
2025-11-25 21:00:00,1764104436.0,0.14
2025-11-25 22:00:00,1764108034.0,0.135
2025-11-25 23:00:00,1764111633.0,0.135
2025-11-26 00:00:00,1764115221.0,0.145
2025-11-26 01:00:00,1764118821.0,0.135
2025-11-26 02:00:00,1764122424.0,0.185
2025-11-26 03:00:00,1764126030.0,0.185
2025-11-26 04:00:00,1764129633.0,0.19
2025-11-26 05:00:00,1764133230.0,0.185
2025-11-26 06:00:00,1764136845.0,0.185
2025-11-26 07:00:00,1764140433.0,0.185
2025-11-26 08:00:00,1764144034.0,0.185
2025-11-26 09:00:00,1764147634.0,0.185
2025-11-26 10:00:00,1764151231.0,0.185
2025-11-26 11:00:00,1764154833.0,0.155
2025-11-26 12:00:00,1764158451.0,0.165
2025-11-26 13:00:00,1764162031.0,0.16
2025-11-26 14:00:00,1764165635.0,0.16
2025-11-26 15:00:00,1764169231.0,0.16
2025-11-26 16:00:00,1764172834.0,0.16
2025-11-26 17:00:00,1764176438.0,0.165
2025-11-26 18:00:00,1764180036.0,0.165
2025-11-26 19:00:00,1764183638.0,0.16
2025-11-26 20:00:00,1764187234.0,0.155
2025-11-26 21:00:00,1764190839.0,0.155
2025-11-26 22:00:00,1764194434.0,0.155
2025-11-26 23:00:00,1764198035.0,0.155
2025-11-27 00:00:00,1764201627.0,0.155
2025-11-27 01:00:00,1764205237.0,0.155
2025-11-27 02:00:00,1764208830.0,0.155
2025-11-27 03:00:00,1764212434.0,0.14
2025-11-27 04:00:00,1764216035.0,0.14
2025-11-27 05:00:00,1764219634.0,0.14
2025-11-27 06:00:00,1764223236.0,0.14
2025-11-27 07:00:00,1764226838.0,0.14
2025-11-27 08:00:00,1764230433.0,0.14
2025-11-27 09:00:00,1764234038.0,0.13
2025-11-27 10:00:00,1764237635.0,0.095
2025-11-27 11:00:00,1764241236.0,0.105
2025-11-27 12:00:00,1764244843.0,0.125
2025-11-27 13:00:00,1764248433.0,0.14
2025-11-27 14:00:00,1764252036.0,0.14
2025-11-27 15:00:00,1764255634.0,0.135
2025-11-27 16:00:00,1764259235.0,0.14
2025-11-27 17:00:00,1764262841.0,0.14
2025-11-27 18:00:00,1764266436.0,0.105
2025-11-27 19:00:00,1764270038.0,0.115
2025-11-27 20:00:00,1764273636.0,0.115
2025-11-27 21:00:00,1764277240.0,0.115
2025-11-27 22:00:00,1764280836.0,0.13
2025-11-27 23:00:00,1764284437.0,0.12
2025-11-28 00:00:00,1764288025.0,0.12
2025-11-28 01:00:00,1764291624.0,0.115
2025-11-28 02:00:00,1764295228.0,0.115
2025-11-28 03:00:00,1764298832.0,0.12
2025-11-28 04:00:00,1764302434.0,0.125
2025-11-28 05:00:00,1764306032.0,0.125
2025-11-28 06:00:00,1764309635.0,0.13
2025-11-28 07:00:00,1764313237.0,0.13
2025-11-28 08:00:00,1764316832.0,0.13
2025-11-28 09:00:00,1764320437.0,0.13
2025-11-28 10:00:00,1764324034.0,0.125
2025-11-28 11:00:00,1764327634.0,0.125
2025-11-28 12:00:00,1764331242.0,0.12
2025-11-28 13:00:00,1764334834.0,0.11
2025-11-28 14:00:00,1764338437.0,0.115
2025-11-28 15:00:00,1764342035.0,0.125
2025-11-28 16:00:00,1764345650.0,0.135
2025-11-28 17:00:00,1764349243.0,0.13
2025-11-28 18:00:00,1764352837.0,0.13
2025-11-28 19:00:00,1764356439.0,0.13
2025-11-28 20:00:00,1764360036.0,0.13
2025-11-28 21:00:00,1764363642.0,0.115
2025-11-28 22:00:00,1764367239.0,0.12
2025-11-28 23:00:00,1764370837.0,0.115
2025-11-29 00:00:00,1764374434.0,0.12
2025-11-29 01:00:00,1764378030.0,0.125
2025-11-29 02:00:00,1764381634.0,0.12
2025-11-29 03:00:00,1764385218.0,0.12
2025-11-29 04:00:00,1764388836.0,0.12
2025-11-29 05:00:00,1764392436.0,0.12
2025-11-29 06:00:00,1764396037.0,0.12
2025-11-29 07:00:00,1764399639.0,0.12
2025-11-29 08:00:00,1764403235.0,0.12
2025-11-29 09:00:00,1764406840.0,0.12
2025-11-29 10:00:00,1764410452.0,0.12
2025-11-29 11:00:00,1764414036.0,0.12
2025-11-29 12:00:00,1764417644.0,0.12
2025-11-29 13:00:00,1764421235.0,0.12
2025-11-29 14:00:00,1764424838.0,0.12
2025-11-29 15:00:00,1764428438.0,0.12
2025-11-29 16:00:00,1764432036.0,0.12
2025-11-29 17:00:00,1764435640.0,0.12
2025-11-29 18:00:00,1764439237.0,0.12
2025-11-29 19:00:00,1764442838.0,0.12
2025-11-29 20:00:00,1764446436.0,0.115
2025-11-29 21:00:00,1764450041.0,0.115
2025-11-29 22:00:00,1764453624.0,0.115
2025-11-29 23:00:00,1764457235.0,0.115
2025-11-30 00:00:00,1764460825.0,0.115
2025-11-30 01:00:00,1764464425.0,0.115
2025-11-30 02:00:00,1764468027.0,0.125
2025-11-30 03:00:00,1764471632.0,0.135
2025-11-30 04:00:00,1764475233.0,0.135
2025-11-30 05:00:00,1764478831.0,0.135
2025-11-30 06:00:00,1764482433.0,0.135
2025-11-30 07:00:00,1764486037.0,0.135
2025-11-30 08:00:00,1764489616.0,0.135
2025-11-30 09:00:00,1764493236.0,0.135
2025-11-30 10:00:00,1764496847.0,0.135
2025-11-30 11:00:00,1764500433.0,0.135
2025-11-30 12:00:00,1764504064.0,0.135
2025-11-30 13:00:00,1764507614.0,0.135
2025-11-30 14:00:00,1764511235.0,0.135
2025-11-30 15:00:00,1764514846.0,0.135
2025-11-30 16:00:00,1764518446.0,0.135
2025-11-30 17:00:00,1764522038.0,0.135
2025-11-30 18:00:00,1764525636.0,0.135
2025-11-30 19:00:00,1764529236.0,0.135
2025-11-30 20:00:00,1764532836.0,0.135
2025-11-30 21:00:00,1764536438.0,0.135
2025-11-30 22:00:00,1764540034.0,0.115
2025-11-30 23:00:00,1764543639.0,0.1
2025-12-01 00:00:00,1764547230.0,0.1
2025-12-01 01:00:00,1764550828.0,0.105
2025-12-01 02:00:00,1764554429.0,0.11
2025-12-01 03:00:00,1764558044.0,0.105
2025-12-01 04:00:00,1764561633.0,0.105
2025-12-01 05:00:00,1764565233.0,0.1
2025-12-01 06:00:00,1764568833.0,0.095
2025-12-01 07:00:00,1764572434.0,0.105
2025-12-01 08:00:00,1764576031.0,0.11
2025-12-01 09:00:00,1764579647.0,0.11
2025-12-01 10:00:00,1764583246.0,0.115
2025-12-01 11:00:00,1764586832.0,0.11
2025-12-01 12:00:00,1764590448.0,0.11
2025-12-01 13:00:00,1764594031.0,0.115
2025-12-01 14:00:00,1764597631.0,0.11
2025-12-01 15:00:00,1764601246.0,0.12
2025-12-01 16:00:00,1764604843.0,0.105
2025-12-01 17:00:00,1764608434.0,0.105
2025-12-01 18:00:00,1764612046.0,0.105
2025-12-01 19:00:00,1764615633.0,0.11
2025-12-01 20:00:00,1764619232.0,0.105
2025-12-01 21:00:00,1764622836.0,0.105
2025-12-01 22:00:00,1764626434.0,0.095
2025-12-01 23:00:00,1764630034.0,0.085
2025-12-02 00:00:00,1764633619.0,0.105
2025-12-02 01:00:00,1764637219.0,0.065
2025-12-02 02:00:00,1764640822.0,0.075
2025-12-02 03:00:00,1764644427.0,0.075
2025-12-02 04:00:00,1764648029.0,0.085
2025-12-02 05:00:00,1764651627.0,0.085
2025-12-02 06:00:00,1764655230.0,0.085
2025-12-02 07:00:00,1764658830.0,0.085
2025-12-02 08:00:00,1764662427.0,0.085
2025-12-02 09:00:00,1764666031.0,0.07
2025-12-02 10:00:00,1764669629.0,0.065
2025-12-02 11:00:00,1764673230.0,0.105
2025-12-02 12:00:00,1764676836.0,0.105
2025-12-02 13:00:00,1764680428.0,0.105
2025-12-02 14:00:00,1764684030.0,0.105
2025-12-02 15:00:00,1764687631.0,0.105
2025-12-02 16:00:00,1764691212.0,0.105
2025-12-02 17:00:00,1764694835.0,0.105
2025-12-02 18:00:00,1764698434.0,0.165
2025-12-02 19:00:00,1764702033.0,0.11
2025-12-02 20:00:00,1764705631.0,0.095
2025-12-02 21:00:00,1764709236.0,0.065
2025-12-02 22:00:00,1764712832.0,0.065
2025-12-02 23:00:00,1764716432.0,0.075
2025-12-03 00:00:00,1764720030.0,0.065
2025-12-03 01:00:00,1764723626.0,0.065
2025-12-03 02:00:00,1764727228.0,0.07
2025-12-03 03:00:00,1764730833.0,0.07
2025-12-03 04:00:00,1764734434.0,0.065
2025-12-03 05:00:00,1764738032.0,0.065
2025-12-03 06:00:00,1764741635.0,0.065
2025-12-03 07:00:00,1764745235.0,0.065
2025-12-03 08:00:00,1764748831.0,0.065
2025-12-03 09:00:00,1764752437.0,0.075
2025-12-03 10:00:00,1764756033.0,0.075
2025-12-03 11:00:00,1764759635.0,0.065
2025-12-03 12:00:00,1764763240.0,0.065
2025-12-03 13:00:00,1764766831.0,0.055
2025-12-03 14:00:00,1764770434.0,0.06
2025-12-03 15:00:00,1764774016.0,0.085
2025-12-03 16:00:00,1764777634.0,0.1
2025-12-03 17:00:00,1764781237.0,0.095
2025-12-03 18:00:00,1764784835.0,0.095
2025-12-03 19:00:00,1764788436.0,0.085
2025-12-03 20:00:00,1764792033.0,0.09
2025-12-03 21:00:00,1764795639.0,0.1
2025-12-03 22:00:00,1764799234.0,0.1
2025-12-03 23:00:00,1764802834.0,0.1
2025-12-04 00:00:00,1764806419.0,0.165
2025-12-04 01:00:00,1764810018.0,0.15
2025-12-04 02:00:00,1764813623.0,0.155
2025-12-04 03:00:00,1764817230.0,0.145
2025-12-04 04:00:00,1764820833.0,0.15
2025-12-04 05:00:00,1764824430.0,0.15
2025-12-04 06:00:00,1764828034.0,0.145
2025-12-04 07:00:00,1764831634.0,0.135
2025-12-04 08:00:00,1764835228.0,0.16
2025-12-04 09:00:00,1764838840.0,0.155
2025-12-04 10:00:00,1764842430.0,0.14
2025-12-04 11:00:00,1764846032.0,0.14
2025-12-04 12:00:00,1764849641.0,0.14
2025-12-04 13:00:00,1764853230.0,0.13
2025-12-04 14:00:00,1764856833.0,0.12
2025-12-04 15:00:00,1764860432.0,0.12
2025-12-04 16:00:00,1764864014.0,0.12
2025-12-04 17:00:00,1764867621.0,0.12
2025-12-04 18:00:00,1764871219.0,0.125
2025-12-04 19:00:00,1764874814.0,0.125
2025-12-04 20:00:00,1764878415.0,0.13
2025-12-04 21:00:00,1764882017.0,0.13
2025-12-04 22:00:00,1764885614.0,0.14
2025-12-04 23:00:00,1764889215.0,0.14
2025-12-05 00:00:00,1764892821.0,0.14
2025-12-05 01:00:00,1764896415.0,0.135
2025-12-05 02:00:00,1764900015.0,0.12
2025-12-05 03:00:00,1764903620.0,0.12
2025-12-05 04:00:00,1764907216.0,0.115
2025-12-05 05:00:00,1764910815.0,0.115
2025-12-05 06:00:00,1764914417.0,0.115
2025-12-05 07:00:00,1764918015.0,0.115
2025-12-05 08:00:00,1764921615.0,0.125
2025-12-05 09:00:00,1764925219.0,0.125
2025-12-05 10:00:00,1764928816.0,0.125
2025-12-05 11:00:00,1764932415.0,0.125
2025-12-05 12:00:00,1764936024.0,0.125
2025-12-05 13:00:00,1764939615.0,0.125
2025-12-05 14:00:00,1764943216.0,0.125
2025-12-05 15:00:00,1764946819.0,0.125
2025-12-05 16:00:00,1764950416.0,0.125
2025-12-05 17:00:00,1764954020.0,0.125
2025-12-05 18:00:00,1764957618.0,0.125
2025-12-05 19:00:00,1764961221.0,0.125
2025-12-05 20:00:00,1764964816.0,0.125
2025-12-05 21:00:00,1764968422.0,0.125
2025-12-05 22:00:00,1764972016.0,0.125
2025-12-05 23:00:00,1764975616.0,0.125
2025-12-06 00:00:00,1764979222.0,0.125
2025-12-06 01:00:00,1764982816.0,0.125
2025-12-06 02:00:00,1764986417.0,0.125
2025-12-06 03:00:00,1764990019.0,0.125
2025-12-06 04:00:00,1764993617.0,0.125
2025-12-06 05:00:00,1764997216.0,0.125
2025-12-06 06:00:00,1765000820.0,0.125
2025-12-06 07:00:00,1765004438.0,0.125
2025-12-06 08:00:00,1765008017.0,0.125
2025-12-06 09:00:00,1765011623.0,0.125
2025-12-06 10:00:00,1765015219.0,0.125
2025-12-06 11:00:00,1765018817.0,0.125
2025-12-06 12:00:00,1765022424.0,0.125
2025-12-06 13:00:00,1765026017.0,0.125
2025-12-06 14:00:00,1765029617.0,0.125
2025-12-06 15:00:00,1765033220.0,0.125
2025-12-06 16:00:00,1765036817.0,0.115
2025-12-06 17:00:00,1765040427.0,0.115
2025-12-06 18:00:00,1765044020.0,0.115
2025-12-06 19:00:00,1765047621.0,0.115
2025-12-06 20:00:00,1765051218.0,0.115
2025-12-06 21:00:00,1765054821.0,0.115
2025-12-06 22:00:00,1765058417.0,0.11
2025-12-06 23:00:00,1765062016.0,0.115
2025-12-07 00:00:00,1765065635.0,0.11
2025-12-07 01:00:00,1765069219.0,0.11
2025-12-07 02:00:00,1765072816.0,0.1
2025-12-07 03:00:00,1765076421.0,0.095
2025-12-07 04:00:00,1765080016.0,0.09
2025-12-07 05:00:00,1765083616.0,0.09
2025-12-07 06:00:00,1765087238.0,0.09
2025-12-07 07:00:00,1765090817.0,0.09
2025-12-07 08:00:00,1765094417.0,0.09
2025-12-07 09:00:00,1765098019.0,0.09
2025-12-07 10:00:00,1765101616.0,0.09
2025-12-07 11:00:00,1765105216.0,0.085
2025-12-07 12:00:00,1765108828.0,0.09
2025-12-07 13:00:00,1765112416.0,0.085
2025-12-07 14:00:00,1765116016.0,0.085
2025-12-07 15:00:00,1765119619.0,0.085
2025-12-07 16:00:00,1765123216.0,0.085
2025-12-07 17:00:00,1765126824.0,0.085
2025-12-07 18:00:00,1765130438.0,0.085
2025-12-07 19:00:00,1765134017.0,0.1
2025-12-07 20:00:00,1765137631.0,0.11
2025-12-07 21:00:00,1765141221.0,0.115
2025-12-07 22:00:00,1765144816.0,0.115
2025-12-07 23:00:00,1765148416.0,0.11
2025-12-08 00:00:00,1765152034.0,0.11
2025-12-08 01:00:00,1765155629.0,0.12
2025-12-08 02:00:00,1765159214.0,0.115
2025-12-08 03:00:00,1765162816.0,0.11
2025-12-08 04:00:00,1765166414.0,0.11
2025-12-08 05:00:00,1765170013.0,0.11
2025-12-08 06:00:00,1765173618.0,0.11
2025-12-08 07:00:00,1765177215.0,0.11
2025-12-08 08:00:00,1765180815.0,0.11
2025-12-08 09:00:00,1765184418.0,0.1
2025-12-08 10:00:00,1765188014.0,0.1
2025-12-08 11:00:00,1765191614.0,0.11
2025-12-08 12:00:00,1765195236.0,0.11
2025-12-08 13:00:00,1765198817.0,0.11
2025-12-08 14:00:00,1765202414.0,0.1
2025-12-08 15:00:00,1765206016.0,0.095
2025-12-08 16:00:00,1765209628.0,0.095
2025-12-08 17:00:00,1765213218.0,0.1
2025-12-08 18:00:00,1765216816.0,0.095
2025-12-08 19:00:00,1765220414.0,0.095
2025-12-08 20:00:00,1765224018.0,0.105
2025-12-08 21:00:00,1765227631.0,0.11
2025-12-08 22:00:00,1765231214.0,0.105
2025-12-08 23:00:00,1765234818.0,0.105
2025-12-09 00:00:00,1765238431.0,0.11
2025-12-09 01:00:00,1765242027.0,0.105
2025-12-09 02:00:00,1765245619.0,0.11
2025-12-09 03:00:00,1765249218.0,0.115
2025-12-09 04:00:00,1765252815.0,0.11
2025-12-09 05:00:00,1765256415.0,0.115
2025-12-09 06:00:00,1765260022.0,0.115
2025-12-09 07:00:00,1765263632.0,0.115
2025-12-09 08:00:00,1765267220.0,0.11
2025-12-09 09:00:00,1765270821.0,0.115
2025-12-09 10:00:00,1765274416.0,0.11
2025-12-09 11:00:00,1765278017.0,0.105
2025-12-09 12:00:00,1765281621.0,0.115
2025-12-09 13:00:00,1765285220.0,0.115
2025-12-09 14:00:00,1765288833.0,0.115
2025-12-09 15:00:00,1765292423.0,0.115
2025-12-09 16:00:00,1765296015.0,0.115
2025-12-09 17:00:00,1765299623.0,0.12
2025-12-09 18:00:00,1765303218.0,0.12
2025-12-09 19:00:00,1765306815.0,0.12
2025-12-09 20:00:00,1765310418.0,0.115
2025-12-09 21:00:00,1765314023.0,0.12
2025-12-09 22:00:00,1765317617.0,0.14
2025-12-09 23:00:00,1765321218.0,0.14
2025-12-10 00:00:00,1765324818.0,0.15
2025-12-10 01:00:00,1765328424.0,0.135
2025-12-10 02:00:00,1765332011.0,0.125
2025-12-10 03:00:00,1765335614.0,0.125
2025-12-10 04:00:00,1765339212.0,0.12
2025-12-10 05:00:00,1765342814.0,0.125
2025-12-10 06:00:00,1765346417.0,0.125
2025-12-10 07:00:00,1765350012.0,0.13
2025-12-10 08:00:00,1765353613.0,0.13
2025-12-10 09:00:00,1765357229.0,0.13
2025-12-10 10:00:00,1765360812.0,0.13
2025-12-10 11:00:00,1765364412.0,0.14
2025-12-10 12:00:00,1765368038.0,0.13
2025-12-10 13:00:00,1765371612.0,0.13
2025-12-10 14:00:00,1765375211.0,0.13
2025-12-10 15:00:00,1765378816.0,0.125
2025-12-10 16:00:00,1765382412.0,0.125
2025-12-10 17:00:00,1765386017.0,0.125
2025-12-10 18:00:00,1765389615.0,0.13
2025-12-10 19:00:00,1765393213.0,0.14
2025-12-10 20:00:00,1765396813.0,0.13
2025-12-10 21:00:00,1765400416.0,0.165
2025-12-10 22:00:00,1765404012.0,0.135
2025-12-10 23:00:00,1765407613.0,0.13
2025-12-11 00:00:00,1765411219.0,0.125
2025-12-11 01:00:00,1765414822.0,0.125
2025-12-11 02:00:00,1765418424.0,0.125
2025-12-11 03:00:00,1765422017.0,0.135
2025-12-11 04:00:00,1765425632.0,0.135
2025-12-11 05:00:00,1765429232.0,0.135
2025-12-11 06:00:00,1765432816.0,0.135
2025-12-11 07:00:00,1765436413.0,0.135
2025-12-11 08:00:00,1765440014.0,0.135
2025-12-11 09:00:00,1765443616.0,0.135
2025-12-11 10:00:00,1765447218.0,0.135
2025-12-11 11:00:00,1765450834.0,0.13
2025-12-11 12:00:00,1765454422.0,0.135
2025-12-11 13:00:00,1765458017.0,0.135
2025-12-11 14:00:00,1765461613.0,0.135
2025-12-11 15:00:00,1765465217.0,0.135
2025-12-11 16:00:00,1765468823.0,0.135
2025-12-11 17:00:00,1765472420.0,0.135
2025-12-11 18:00:00,1765476016.0,0.135
2025-12-11 19:00:00,1765479629.0,0.135
2025-12-11 20:00:00,1765483219.0,0.125
2025-12-11 21:00:00,1765486817.0,0.13
2025-12-11 22:00:00,1765490414.0,0.13
2025-12-11 23:00:00,1765494016.0,0.13
2025-12-12 00:00:00,1765497620.0,0.13
2025-12-12 01:00:00,1765501214.0,0.125
2025-12-12 02:00:00,1765504813.0,0.125
2025-12-12 03:00:00,1765508419.0,0.13
2025-12-12 04:00:00,1765512015.0,0.125
2025-12-12 05:00:00,1765515628.0,0.13
2025-12-12 06:00:00,1765519218.0,0.13
2025-12-12 07:00:00,1765522815.0,0.135
2025-12-12 08:00:00,1765526414.0,0.135
2025-12-12 09:00:00,1765530018.0,0.14
2025-12-12 10:00:00,1765533614.0,0.13
2025-12-12 11:00:00,1765537217.0,0.13
2025-12-12 12:00:00,1765540823.0,0.125
2025-12-12 13:00:00,1765544415.0,0.125
2025-12-12 14:00:00,1765548015.0,0.125
2025-12-12 15:00:00,1765551618.0,0.125
2025-12-12 16:00:00,1765555215.0,0.125
2025-12-12 17:00:00,1765558827.0,0.13
2025-12-12 18:00:00,1765562419.0,0.135
2025-12-12 19:00:00,1765566016.0,0.135
2025-12-12 20:00:00,1765569620.0,0.145
2025-12-12 21:00:00,1765573220.0,0.325
2025-12-12 22:00:00,1765576821.0,0.325
2025-12-12 23:00:00,1765580415.0,0.345
2025-12-13 00:00:00,1765584023.0,0.355
2025-12-13 01:00:00,1765587616.0,0.39
2025-12-13 02:00:00,1765591216.0,0.385
2025-12-13 03:00:00,1765594819.0,0.355
2025-12-13 04:00:00,1765598417.0,0.36
2025-12-13 05:00:00,1765602016.0,0.345
2025-12-13 06:00:00,1765605637.0,0.345
2025-12-13 07:00:00,1765609216.0,0.355
2025-12-13 08:00:00,1765612816.0,0.375
2025-12-13 09:00:00,1765616420.0,0.36
2025-12-13 10:00:00,1765620016.0,0.36
2025-12-13 11:00:00,1765623616.0,0.355
2025-12-13 12:00:00,1765627225.0,0.375
2025-12-13 13:00:00,1765630816.0,0.35
2025-12-13 14:00:00,1765634437.0,0.36
2025-12-13 15:00:00,1765638021.0,0.365
2025-12-13 16:00:00,1765641616.0,0.375
2025-12-13 17:00:00,1765645222.0,0.375
2025-12-13 18:00:00,1765648821.0,0.365
2025-12-13 19:00:00,1765652416.0,0.37
2025-12-13 20:00:00,1765656017.0,0.365
2025-12-13 21:00:00,1765659620.0,0.365
2025-12-13 22:00:00,1765663220.0,0.37
2025-12-13 23:00:00,1765666817.0,0.365
2025-12-14 00:00:00,1765670424.0,0.375
2025-12-14 01:00:00,1765674016.0,0.385
2025-12-14 02:00:00,1765677616.0,0.38
2025-12-14 03:00:00,1765681220.0,0.375
2025-12-14 04:00:00,1765684816.0,0.385
2025-12-14 05:00:00,1765688416.0,0.38
2025-12-14 06:00:00,1765692020.0,0.38
2025-12-14 07:00:00,1765695617.0,0.38
2025-12-14 08:00:00,1765699216.0,0.395
2025-12-14 09:00:00,1765702821.0,0.395
2025-12-14 10:00:00,1765706418.0,0.395
2025-12-14 11:00:00,1765710016.0,0.385
2025-12-14 12:00:00,1765713624.0,0.39
2025-12-14 13:00:00,1765717216.0,0.385
2025-12-14 14:00:00,1765720816.0,0.395
2025-12-14 15:00:00,1765724421.0,0.395
2025-12-14 16:00:00,1765728017.0,0.395
2025-12-14 17:00:00,1765731623.0,0.39
2025-12-14 18:00:00,1765735221.0,0.375
2025-12-14 19:00:00,1765738821.0,0.385
2025-12-14 20:00:00,1765742422.0,0.385
2025-12-14 21:00:00,1765746021.0,0.385
2025-12-14 22:00:00,1765749616.0,0.385
2025-12-14 23:00:00,1765753216.0,0.385
2025-12-15 00:00:00,1765756828.0,0.385
2025-12-15 01:00:00,1765760416.0,0.385
2025-12-15 02:00:00,1765764016.0,0.385
2025-12-15 03:00:00,1765767620.0,0.39
2025-12-15 04:00:00,1765771220.0,0.395
2025-12-15 05:00:00,1765774817.0,0.395
2025-12-15 06:00:00,1765778423.0,0.395
2025-12-15 07:00:00,1765782016.0,0.395
2025-12-15 08:00:00,1765785616.0,0.395
2025-12-15 09:00:00,1765789236.0,0.395
2025-12-15 10:00:00,1765792815.0,0.405
2025-12-15 11:00:00,1765796418.0,0.405
2025-12-15 12:00:00,1765800023.0,0.395
2025-12-15 13:00:00,1765803630.0,0.405
2025-12-15 14:00:00,1765807216.0,0.435
2025-12-15 15:00:00,1765810820.0,0.425
2025-12-15 16:00:00,1765814416.0,0.455
2025-12-15 17:00:00,1765818020.0,0.475
2025-12-15 18:00:00,1765821637.0,0.455
2025-12-15 19:00:00,1765825216.0,0.465
2025-12-15 20:00:00,1765828816.0,0.465
2025-12-15 21:00:00,1765832419.0,0.47
2025-12-15 22:00:00,1765836031.0,0.465
2025-12-15 23:00:00,1765839616.0,0.475
2025-12-16 00:00:00,1765843222.0,0.475
2025-12-16 01:00:00,1765846824.0,0.475
2025-12-16 02:00:00,1765850415.0,0.485
2025-12-16 03:00:00,1765854019.0,0.49
2025-12-16 04:00:00,1765857615.0,0.485
2025-12-16 05:00:00,1765861215.0,0.475
2025-12-16 06:00:00,1765864819.0,0.475
2025-12-16 07:00:00,1765868425.0,0.475
2025-12-16 08:00:00,1765872032.0,0.475
2025-12-16 09:00:00,1765875619.0,0.445
2025-12-16 10:00:00,1765879217.0,0.445
2025-12-16 11:00:00,1765882815.0,0.445
2025-12-16 12:00:00,1765886436.0,0.45
2025-12-16 13:00:00,1765890015.0,0.465
2025-12-16 14:00:00,1765893630.0,0.45
2025-12-16 15:00:00,1765897218.0,0.46
2025-12-16 16:00:00,1765900832.0,0.46
2025-12-16 17:00:00,1765904418.0,0.46
2025-12-16 18:00:00,1765908020.0,0.34
2025-12-16 19:00:00,1765911619.0,0.345
2025-12-16 20:00:00,1765915216.0,0.29
2025-12-16 21:00:00,1765918820.0,0.29
2025-12-16 22:00:00,1765922415.0,0.29
2025-12-16 23:00:00,1765926017.0,0.325
2025-12-17 00:00:00,1765929619.0,0.305
2025-12-17 01:00:00,1765933216.0,0.295
2025-12-17 02:00:00,1765936817.0,0.29
2025-12-17 03:00:00,1765940434.0,0.295
2025-12-17 04:00:00,1765944016.0,0.285
2025-12-17 05:00:00,1765947619.0,0.275
2025-12-17 06:00:00,1765951239.0,0.26
2025-12-17 07:00:00,1765954818.0,0.215
2025-12-17 08:00:00,1765958428.0,0.225
2025-12-17 09:00:00,1765962021.0,0.25
2025-12-17 10:00:00,1765965618.0,0.245
2025-12-17 11:00:00,1765969220.0,0.245
2025-12-17 12:00:00,1765972837.0,0.235
2025-12-17 13:00:00,1765976416.0,0.225
2025-12-17 14:00:00,1765980016.0,0.175
2025-12-17 15:00:00,1765983624.0,0.18
2025-12-17 16:00:00,1765987217.0,0.18
2025-12-17 17:00:00,1765990817.0,0.18
2025-12-17 18:00:00,1765994420.0,0.2
2025-12-17 19:00:00,1765998022.0,0.22
2025-12-17 20:00:00,1766001616.0,0.225
2025-12-17 21:00:00,1766005224.0,0.225
2025-12-17 22:00:00,1766008817.0,0.23
2025-12-17 23:00:00,1766012417.0,0.23
2025-12-18 00:00:00,1766016029.0,0.23
2025-12-18 01:00:00,1766019612.0,0.235
2025-12-18 02:00:00,1766023213.0,0.245
2025-12-18 03:00:00,1766026817.0,0.245
2025-12-18 04:00:00,1766030412.0,0.245
2025-12-18 05:00:00,1766034030.0,0.245
2025-12-18 06:00:00,1766037618.0,0.245
2025-12-18 07:00:00,1766041214.0,0.245
2025-12-18 08:00:00,1766044813.0,0.245
2025-12-18 09:00:00,1766048417.0,0.245
2025-12-18 10:00:00,1766052033.0,0.245
2025-12-18 11:00:00,1766055614.0,0.25
2025-12-18 12:00:00,1766059221.0,0.25
2025-12-18 13:00:00,1766062817.0,0.25
2025-12-18 14:00:00,1766066428.0,0.27
2025-12-18 15:00:00,1766070017.0,0.28
2025-12-18 16:00:00,1766073635.0,0.28
2025-12-18 17:00:00,1766077222.0,0.28
2025-12-18 18:00:00,1766080819.0,0.275
2025-12-18 19:00:00,1766084418.0,0.27
2025-12-18 20:00:00,1766088017.0,0.255
2025-12-18 21:00:00,1766091619.0,0.255
2025-12-18 22:00:00,1766095216.0,0.275
2025-12-18 23:00:00,1766098814.0,0.275
2025-12-19 00:00:00,1766102420.0,0.275
2025-12-19 01:00:00,1766106015.0,0.265
2025-12-19 02:00:00,1766109615.0,0.255
2025-12-19 03:00:00,1766113219.0,0.255
2025-12-19 04:00:00,1766116816.0,0.255
2025-12-19 05:00:00,1766120415.0,0.255
2025-12-19 06:00:00,1766124019.0,0.265
2025-12-19 07:00:00,1766127616.0,0.275
2025-12-19 08:00:00,1766131216.0,0.265
2025-12-19 09:00:00,1766134824.0,0.265
2025-12-19 10:00:00,1766138416.0,0.265
2025-12-19 11:00:00,1766142015.0,0.26
2025-12-19 12:00:00,1766145623.0,0.215
2025-12-19 13:00:00,1766149216.0,0.195
2025-12-19 14:00:00,1766152816.0,0.2
2025-12-19 15:00:00,1766156434.0,0.205
2025-12-19 16:00:00,1766160031.0,0.205
2025-12-19 17:00:00,1766163620.0,0.215
2025-12-19 18:00:00,1766167218.0,0.205
2025-12-19 19:00:00,1766170815.0,0.205
2025-12-19 20:00:00,1766174415.0,0.195
2025-12-19 21:00:00,1766178018.0,0.195
2025-12-19 22:00:00,1766181615.0,0.205
2025-12-19 23:00:00,1766185215.0,0.18
2025-12-20 00:00:00,1766188821.0,0.195
2025-12-20 01:00:00,1766192416.0,0.19
2025-12-20 02:00:00,1766196015.0,0.185
2025-12-20 03:00:00,1766199630.0,0.175
2025-12-20 04:00:00,1766203216.0,0.175
2025-12-20 05:00:00,1766206816.0,0.185
2025-12-20 06:00:00,1766210419.0,0.185
2025-12-20 07:00:00,1766214016.0,0.205
2025-12-20 08:00:00,1766217616.0,0.205
2025-12-20 09:00:00,1766221234.0,0.205
2025-12-20 10:00:00,1766224816.0,0.2
2025-12-20 11:00:00,1766228416.0,0.195
2025-12-20 12:00:00,1766232025.0,0.195
2025-12-20 13:00:00,1766235616.0,0.2
2025-12-20 14:00:00,1766239216.0,0.205
2025-12-20 15:00:00,1766242820.0,0.205
2025-12-20 16:00:00,1766246417.0,0.205
2025-12-20 17:00:00,1766250023.0,0.205
2025-12-20 18:00:00,1766253619.0,0.205
2025-12-20 19:00:00,1766257218.0,0.205
2025-12-20 20:00:00,1766260822.0,0.185
2025-12-20 21:00:00,1766264425.0,0.195
2025-12-20 22:00:00,1766268018.0,0.2
2025-12-20 23:00:00,1766271623.0,0.21
2025-12-21 00:00:00,1766275222.0,0.21
2025-12-21 01:00:00,1766278816.0,0.205
2025-12-21 02:00:00,1766282415.0,0.21
2025-12-21 03:00:00,1766286038.0,0.21
2025-12-21 04:00:00,1766289635.0,0.2
2025-12-21 05:00:00,1766293215.0,0.2
2025-12-21 06:00:00,1766296820.0,0.205
2025-12-21 07:00:00,1766300415.0,0.21
2025-12-21 08:00:00,1766304016.0,0.215
2025-12-21 09:00:00,1766307619.0,0.215
2025-12-21 10:00:00,1766311215.0,0.21
2025-12-21 11:00:00,1766314816.0,0.21
2025-12-21 12:00:00,1766318422.0,0.205
2025-12-21 13:00:00,1766322017.0,0.215
2025-12-21 14:00:00,1766325616.0,0.215
2025-12-21 15:00:00,1766329220.0,0.21
2025-12-21 16:00:00,1766332815.0,0.205
2025-12-21 17:00:00,1766336425.0,0.21
2025-12-21 18:00:00,1766340021.0,0.21
2025-12-21 19:00:00,1766343616.0,0.215
2025-12-21 20:00:00,1766347219.0,0.215
2025-12-21 21:00:00,1766350820.0,0.215
2025-12-21 22:00:00,1766354416.0,0.215
2025-12-21 23:00:00,1766358016.0,0.21
2025-12-22 00:00:00,1766361621.0,0.21
2025-12-22 01:00:00,1766365216.0,0.21
2025-12-22 02:00:00,1766368816.0,0.21
2025-12-22 03:00:00,1766372419.0,0.215
2025-12-22 04:00:00,1766376023.0,0.215
2025-12-22 05:00:00,1766379616.0,0.215
2025-12-22 06:00:00,1766383219.0,0.215
2025-12-22 07:00:00,1766386816.0,0.205
2025-12-22 08:00:00,1766390430.0,0.2
2025-12-22 09:00:00,1766394034.0,0.195
2025-12-22 10:00:00,1766397617.0,0.195
2025-12-22 11:00:00,1766401216.0,0.21
2025-12-22 12:00:00,1766404821.0,0.195
2025-12-22 13:00:00,1766408415.0,0.195
2025-12-22 14:00:00,1766412018.0,0.195
2025-12-22 15:00:00,1766415622.0,0.195
2025-12-22 16:00:00,1766419216.0,0.185
2025-12-22 17:00:00,1766422823.0,0.195
2025-12-22 18:00:00,1766426420.0,0.19
2025-12-22 19:00:00,1766430018.0,0.19
2025-12-22 20:00:00,1766433630.0,0.19
2025-12-22 21:00:00,1766437220.0,0.19
2025-12-22 22:00:00,1766440829.0,0.19
2025-12-22 23:00:00,1766444417.0,0.195
2025-12-23 00:00:00,1766448024.0,0.185
2025-12-23 01:00:00,1766451619.0,0.205
2025-12-23 02:00:00,1766455217.0,0.2
2025-12-23 03:00:00,1766458823.0,0.205
2025-12-23 04:00:00,1766462430.0,0.205
2025-12-23 05:00:00,1766466048.0,0.205
2025-12-23 06:00:00,1766469636.0,0.205
2025-12-23 07:00:00,1766473218.0,0.205
2025-12-23 08:00:00,1766476831.0,0.2
2025-12-23 09:00:00,1766480420.0,0.205
2025-12-23 10:00:00,1766484018.0,0.205
2025-12-23 11:00:00,1766487617.0,0.21
2025-12-23 12:00:00,1766491228.0,0.215
2025-12-23 13:00:00,1766494818.0,0.21
2025-12-23 14:00:00,1766498417.0,0.21
2025-12-23 15:00:00,1766502024.0,0.215
2025-12-23 16:00:00,1766505617.0,0.215
2025-12-23 17:00:00,1766509240.0,0.21
2025-12-23 18:00:00,1766512821.0,0.215
2025-12-23 19:00:00,1766516418.0,0.22
2025-12-23 20:00:00,1766520018.0,0.21
2025-12-23 21:00:00,1766523621.0,0.215
2025-12-23 22:00:00,1766527221.0,0.2
2025-12-23 23:00:00,1766530817.0,0.2
2025-12-24 00:00:00,1766534423.0,0.215
2025-12-24 01:00:00,1766538019.0,0.22
2025-12-24 02:00:00,1766541616.0,0.225
2025-12-24 03:00:00,1766545220.0,0.215
2025-12-24 04:00:00,1766548817.0,0.205
2025-12-24 05:00:00,1766552418.0,0.205
2025-12-24 06:00:00,1766556022.0,0.205
2025-12-24 07:00:00,1766559617.0,0.22
2025-12-24 08:00:00,1766563219.0,0.22
2025-12-24 09:00:00,1766566822.0,0.22
2025-12-24 10:00:00,1766570420.0,0.225
2025-12-24 11:00:00,1766574018.0,0.225
2025-12-24 12:00:00,1766577624.0,0.225
2025-12-24 13:00:00,1766581219.0,0.22
2025-12-24 14:00:00,1766584819.0,0.225
2025-12-24 15:00:00,1766588420.0,0.225
2025-12-24 16:00:00,1766592017.0,0.22
2025-12-24 17:00:00,1766595624.0,0.22
2025-12-24 18:00:00,1766599220.0,0.22
2025-12-24 19:00:00,1766602822.0,0.22
2025-12-24 20:00:00,1766606418.0,0.22
2025-12-24 21:00:00,1766610024.0,0.22
2025-12-24 22:00:00,1766613620.0,0.225
2025-12-24 23:00:00,1766617216.0,0.225
2025-12-25 00:00:00,1766620832.0,0.225
2025-12-25 01:00:00,1766624416.0,0.225
2025-12-25 02:00:00,1766628017.0,0.22
2025-12-25 03:00:00,1766631624.0,0.215
2025-12-25 04:00:00,1766635219.0,0.205
2025-12-25 05:00:00,1766638817.0,0.215
2025-12-25 06:00:00,1766642423.0,0.22
2025-12-25 07:00:00,1766646018.0,0.225
2025-12-25 08:00:00,1766649621.0,0.22
2025-12-25 09:00:00,1766653220.0,0.215
2025-12-25 10:00:00,1766656817.0,0.225
2025-12-25 11:00:00,1766660417.0,0.22
2025-12-25 12:00:00,1766664024.0,0.23
2025-12-25 13:00:00,1766667618.0,0.24
2025-12-25 14:00:00,1766671218.0,0.24
2025-12-25 15:00:00,1766674820.0,0.235
2025-12-25 16:00:00,1766678417.0,0.235
2025-12-25 17:00:00,1766682027.0,0.235
2025-12-25 18:00:00,1766685624.0,0.24
2025-12-25 19:00:00,1766689218.0,0.235
2025-12-25 20:00:00,1766692822.0,0.235
2025-12-25 21:00:00,1766696421.0,0.24
2025-12-25 22:00:00,1766700022.0,0.245
2025-12-25 23:00:00,1766703618.0,0.245
2025-12-26 00:00:00,1766707216.0,0.245
2025-12-26 01:00:00,1766710812.0,0.245
2025-12-26 02:00:00,1766714413.0,0.245
2025-12-26 03:00:00,1766718014.0,0.24
2025-12-26 04:00:00,1766721613.0,0.235
2025-12-26 05:00:00,1766725214.0,0.225
2025-12-26 06:00:00,1766728815.0,0.225
2025-12-26 07:00:00,1766732413.0,0.235
2025-12-26 08:00:00,1766736013.0,0.235
2025-12-26 09:00:00,1766739615.0,0.235
2025-12-26 10:00:00,1766743214.0,0.26
2025-12-26 11:00:00,1766746814.0,0.255
2025-12-26 12:00:00,1766750421.0,0.26
2025-12-26 13:00:00,1766754014.0,0.265
2025-12-26 14:00:00,1766757613.0,0.26
2025-12-26 15:00:00,1766761216.0,0.275
2025-12-26 16:00:00,1766764814.0,0.295
2025-12-26 17:00:00,1766768422.0,0.295
2025-12-26 18:00:00,1766772015.0,0.295
2025-12-26 19:00:00,1766775614.0,0.295
2025-12-26 20:00:00,1766779216.0,0.29
2025-12-26 21:00:00,1766782820.0,0.29
2025-12-26 22:00:00,1766786415.0,0.295
2025-12-26 23:00:00,1766790014.0,0.29
2025-12-27 00:00:00,1766793621.0,0.295
2025-12-27 01:00:00,1766797215.0,0.295
2025-12-27 02:00:00,1766800822.0,0.305
2025-12-27 03:00:00,1766804418.0,0.305
2025-12-27 04:00:00,1766808019.0,0.295
2025-12-27 05:00:00,1766811620.0,0.305
2025-12-27 06:00:00,1766815218.0,0.305
2025-12-27 07:00:00,1766818839.0,0.305
2025-12-27 08:00:00,1766822416.0,0.295
2025-12-27 09:00:00,1766826018.0,0.29
2025-12-27 10:00:00,1766829616.0,0.29
2025-12-27 11:00:00,1766833221.0,0.3
2025-12-27 12:00:00,1766836822.0,0.32
2025-12-27 13:00:00,1766840416.0,0.33
2025-12-27 14:00:00,1766844017.0,0.32
2025-12-27 15:00:00,1766847618.0,0.32
2025-12-27 16:00:00,1766851217.0,0.325
2025-12-27 17:00:00,1766854816.0,0.335
2025-12-27 18:00:00,1766858419.0,0.33
2025-12-27 19:00:00,1766862017.0,0.3
2025-12-27 20:00:00,1766865617.0,0.305
2025-12-27 21:00:00,1766869218.0,0.305
2025-12-27 22:00:00,1766872818.0,0.31
2025-12-27 23:00:00,1766876417.0,0.335
2025-12-28 00:00:00,1766880022.0,0.35
2025-12-28 01:00:00,1766883689.0,0.33
2025-12-28 02:00:00,1766887217.0,0.315
2025-12-28 03:00:00,1766890819.0,0.315
2025-12-28 04:00:00,1766894417.0,0.315
2025-12-28 05:00:00,1766898017.0,0.33
2025-12-28 06:00:00,1766901618.0,0.33
2025-12-28 07:00:00,1766905217.0,0.315
2025-12-28 08:00:00,1766908819.0,0.315
2025-12-28 09:00:00,1766912418.0,0.325
2025-12-28 10:00:00,1766916020.0,0.305
2025-12-28 11:00:00,1766919617.0,0.305
2025-12-28 12:00:00,1766923222.0,0.305
2025-12-28 13:00:00,1766926817.0,0.315
2025-12-28 14:00:00,1766930417.0,0.315
2025-12-28 15:00:00,1766934039.0,0.31
2025-12-28 16:00:00,1766937634.0,0.305
2025-12-28 17:00:00,1766941223.0,0.305
2025-12-28 18:00:00,1766944820.0,0.315
2025-12-28 19:00:00,1766948417.0,0.32
2025-12-28 20:00:00,1766952035.0,0.335
2025-12-28 21:00:00,1766955623.0,0.34
2025-12-28 22:00:00,1766959219.0,0.32
2025-12-28 23:00:00,1766962820.0,0.33
2025-12-29 00:00:00,1766966439.0,0.315
2025-12-29 01:00:00,1766970088.0,0.315
2025-12-29 02:00:00,1766973618.0,0.32
2025-12-29 03:00:00,1766977234.0,0.31
2025-12-29 04:00:00,1766980817.0,0.325
2025-12-29 05:00:00,1766984432.0,0.325
2025-12-29 06:00:00,1766988020.0,0.325
2025-12-29 07:00:00,1766991623.0,0.325
2025-12-29 08:00:00,1766995238.0,0.325
2025-12-29 09:00:00,1766998819.0,0.325
2025-12-29 10:00:00,1767002422.0,0.32
2025-12-29 11:00:00,1767006022.0,0.32
2025-12-29 12:00:00,1767009623.0,0.32
2025-12-29 13:00:00,1767013218.0,0.31
2025-12-29 14:00:00,1767016818.0,0.31
2025-12-29 15:00:00,1767020420.0,0.33
2025-12-29 16:00:00,1767024017.0,0.325
2025-12-29 17:00:00,1767027621.0,0.345
2025-12-29 18:00:00,1767031219.0,0.35
2025-12-29 19:00:00,1767034822.0,0.36
2025-12-29 20:00:00,1767038418.0,0.35
2025-12-29 21:00:00,1767042019.0,0.35
2025-12-29 22:00:00,1767045621.0,0.33
2025-12-29 23:00:00,1767049241.0,0.32
2025-12-30 00:00:00,1767052826.0,0.325
2025-12-30 01:00:00,1767056417.0,0.315
2025-12-30 02:00:00,1767060018.0,0.32
2025-12-30 03:00:00,1767063621.0,0.325
2025-12-30 04:00:00,1767067218.0,0.325
2025-12-30 05:00:00,1767070838.0,0.315
2025-12-30 06:00:00,1767074420.0,0.285
2025-12-30 07:00:00,1767078030.0,0.295
2025-12-30 08:00:00,1767081620.0,0.305
2025-12-30 09:00:00,1767085223.0,0.305
2025-12-30 10:00:00,1767088818.0,0.295
2025-12-30 11:00:00,1767092422.0,0.305
2025-12-30 12:00:00,1767096027.0,0.305
2025-12-30 13:00:00,1767099618.0,0.315
2025-12-30 14:00:00,1767103218.0,0.31
2025-12-30 15:00:00,1767106821.0,0.315
2025-12-30 16:00:00,1767110419.0,0.315
2025-12-30 17:00:00,1767114024.0,0.315
2025-12-30 18:00:00,1767117625.0,0.315
2025-12-30 19:00:00,1767121219.0,0.33
2025-12-30 20:00:00,1767124843.0,0.305
2025-12-30 21:00:00,1767128421.0,0.325
2025-12-30 22:00:00,1767132019.0,0.325
2025-12-30 23:00:00,1767135620.0,0.325
2025-12-31 00:00:00,1767139224.0,0.325
2025-12-31 01:00:00,1767142819.0,0.335
2025-12-31 02:00:00,1767146421.0,0.33
2025-12-31 03:00:00,1767150023.0,0.325
2025-12-31 04:00:00,1767153643.0,0.325
2025-12-31 05:00:00,1767157219.0,0.325
2025-12-31 06:00:00,1767160821.0,0.325
2025-12-31 07:00:00,1767164419.0,0.32
2025-12-31 08:00:00,1767168023.0,0.32
2025-12-31 09:00:00,1767171622.0,0.325
2025-12-31 10:00:00,1767175220.0,0.325
2025-12-31 11:00:00,1767178830.0,0.325
2025-12-31 12:00:00,1767182424.0,0.325
2025-12-31 13:00:00,1767186019.0,0.325
2025-12-31 14:00:00,1767189623.0,0.325
2025-12-31 15:00:00,1767193221.0,0.325
2025-12-31 16:00:00,1767196823.0,0.325
2025-12-31 17:00:00,1767200426.0,0.295
2025-12-31 18:00:00,1767204023.0,0.305
2025-12-31 19:00:00,1767207651.0,0.305
2025-12-31 20:00:00,1767211221.0,0.315
2025-12-31 21:00:00,1767214823.0,0.315
2025-12-31 22:00:00,1767218421.0,0.315
2025-12-31 23:00:00,1767222019.0,0.315
2026-01-01 00:00:00,1767225623.0,0.315
2026-01-01 01:00:00,1767229219.0,0.315
2026-01-01 02:00:00,1767232819.0,0.315
2026-01-01 03:00:00,1767236421.0,0.315
2026-01-01 04:00:00,1767240034.0,0.315
2026-01-01 05:00:00,1767243618.0,0.315
2026-01-01 06:00:00,1767247222.0,0.315
2026-01-01 07:00:00,1767250819.0,0.315
2026-01-01 08:00:00,1767254418.0,0.315
2026-01-01 09:00:00,1767258021.0,0.315
2026-01-01 10:00:00,1767261620.0,0.315
2026-01-01 11:00:00,1767265217.0,0.315
2026-01-01 12:00:00,1767268826.0,0.315
2026-01-01 13:00:00,1767272447.0,0.315
2026-01-01 14:00:00,1767276016.0,0.32
2026-01-01 15:00:00,1767279622.0,0.32
2026-01-01 16:00:00,1767283217.0,0.315
2026-01-01 17:00:00,1767286823.0,0.315
2026-01-01 18:00:00,1767290420.0,0.315
2026-01-01 19:00:00,1767294016.0,0.315
2026-01-01 20:00:00,1767297630.0,0.315
2026-01-01 21:00:00,1767301219.0,0.325
2026-01-01 22:00:00,1767304838.0,0.32
2026-01-01 23:00:00,1767308418.0,0.32
2026-01-02 00:00:00,1767312022.0,0.325
2026-01-02 01:00:00,1767315617.0,0.325
2026-01-02 02:00:00,1767319218.0,0.325
2026-01-02 03:00:00,1767322841.0,0.325
2026-01-02 04:00:00,1767326417.0,0.325
2026-01-02 05:00:00,1767330018.0,0.325
2026-01-02 06:00:00,1767333619.0,0.325
2026-01-02 07:00:00,1767337217.0,0.325
2026-01-02 08:00:00,1767340822.0,0.325
2026-01-02 09:00:00,1767344420.0,0.325
2026-01-02 10:00:00,1767348020.0,0.335
2026-01-02 11:00:00,1767351619.0,0.335
2026-01-02 12:00:00,1767355223.0,0.335
2026-01-02 13:00:00,1767358817.0,0.345
2026-01-02 14:00:00,1767362418.0,0.345
2026-01-02 15:00:00,1767366022.0,0.345
2026-01-02 16:00:00,1767369619.0,0.345
2026-01-02 17:00:00,1767373222.0,0.345
2026-01-02 18:00:00,1767376835.0,0.345
2026-01-02 19:00:00,1767380421.0,0.345
2026-01-02 20:00:00,1767384020.0,0.345
2026-01-02 21:00:00,1767387622.0,0.335
2026-01-02 22:00:00,1767391222.0,0.335
2026-01-02 23:00:00,1767394819.0,0.335
2026-01-03 00:00:00,1767398419.0,0.335
2026-01-03 01:00:00,1767402091.0,0.335
2026-01-03 02:00:00,1767405614.0,0.335
2026-01-03 03:00:00,1767409217.0,0.335
2026-01-03 04:00:00,1767412827.0,0.345
2026-01-03 05:00:00,1767416427.0,0.345
2026-01-03 06:00:00,1767420038.0,0.345
2026-01-03 07:00:00,1767423616.0,0.335
2026-01-03 08:00:00,1767427214.0,0.335
2026-01-03 09:00:00,1767430831.0,0.335
2026-01-03 10:00:00,1767434415.0,0.335
2026-01-03 11:00:00,1767438017.0,0.335
2026-01-03 12:00:00,1767441622.0,0.335
2026-01-03 13:00:00,1767445215.0,0.335
2026-01-03 14:00:00,1767448816.0,0.335
2026-01-03 15:00:00,1767452434.0,0.335
2026-01-03 16:00:00,1767456016.0,0.335
2026-01-03 17:00:00,1767459624.0,0.34
2026-01-03 18:00:00,1767463219.0,0.34
2026-01-03 19:00:00,1767466816.0,0.345
2026-01-03 20:00:00,1767470419.0,0.335
2026-01-03 21:00:00,1767474020.0,0.345
2026-01-03 22:00:00,1767477616.0,0.345
2026-01-03 23:00:00,1767481215.0,0.345
2026-01-04 00:00:00,1767484822.0,0.35
2026-01-04 01:00:00,1767488419.0,0.355
2026-01-04 02:00:00,1767492016.0,0.355
2026-01-04 03:00:00,1767495632.0,0.355
2026-01-04 04:00:00,1767499220.0,0.355
2026-01-04 05:00:00,1767502816.0,0.355
2026-01-04 06:00:00,1767506419.0,0.355
2026-01-04 07:00:00,1767510017.0,0.355
2026-01-04 08:00:00,1767513617.0,0.365
2026-01-04 09:00:00,1767517218.0,0.37
2026-01-04 10:00:00,1767520816.0,0.365
2026-01-04 11:00:00,1767524425.0,0.375
2026-01-04 12:00:00,1767528025.0,0.375
2026-01-04 13:00:00,1767531616.0,0.38
2026-01-04 14:00:00,1767535220.0,0.375
2026-01-04 15:00:00,1767538825.0,0.395
2026-01-04 16:00:00,1767542439.0,0.365
2026-01-04 17:00:00,1767546020.0,0.37
2026-01-04 18:00:00,1767549623.0,0.385
2026-01-04 19:00:00,1767553217.0,0.375
2026-01-04 20:00:00,1767556836.0,0.375
2026-01-04 21:00:00,1767560422.0,0.375
2026-01-04 22:00:00,1767564017.0,0.385
2026-01-04 23:00:00,1767567617.0,0.395
2026-01-05 00:00:00,1767571225.0,0.395
2026-01-05 01:00:00,1767574817.0,0.395
2026-01-05 02:00:00,1767578417.0,0.43
2026-01-05 03:00:00,1767582020.0,0.425
2026-01-05 04:00:00,1767585617.0,0.395
2026-01-05 05:00:00,1767589231.0,0.385
2026-01-05 06:00:00,1767592821.0,0.385
2026-01-05 07:00:00,1767596418.0,0.385
2026-01-05 08:00:00,1767600018.0,0.365
2026-01-05 09:00:00,1767603625.0,0.365
2026-01-05 10:00:00,1767607217.0,0.365
2026-01-05 11:00:00,1767610816.0,0.37
2026-01-05 12:00:00,1767614422.0,0.37
2026-01-05 13:00:00,1767618017.0,0.365
2026-01-05 14:00:00,1767621617.0,0.365
2026-01-05 15:00:00,1767625223.0,0.37
2026-01-05 16:00:00,1767628818.0,0.36
2026-01-05 17:00:00,1767632443.0,0.365
2026-01-05 18:00:00,1767636021.0,0.375
2026-01-05 19:00:00,1767639618.0,0.375
2026-01-05 20:00:00,1767643218.0,0.375
2026-01-05 21:00:00,1767646822.0,0.365
2026-01-05 22:00:00,1767650435.0,0.37
2026-01-05 23:00:00,1767654018.0,0.37
2026-01-06 00:00:00,1767657627.0,0.37
2026-01-06 01:00:00,1767661224.0,0.37
2026-01-06 02:00:00,1767664822.0,0.365
2026-01-06 03:00:00,1767668422.0,0.37
2026-01-06 04:00:00,1767672023.0,0.365
2026-01-06 05:00:00,1767675619.0,0.36
2026-01-06 06:00:00,1767679227.0,0.36
2026-01-06 07:00:00,1767682830.0,0.36
2026-01-06 08:00:00,1767686426.0,0.36
2026-01-06 09:00:00,1767690023.0,0.365
2026-01-06 10:00:00,1767693619.0,0.365
2026-01-06 11:00:00,1767697224.0,0.365
2026-01-06 12:00:00,1767700825.0,0.365
2026-01-06 13:00:00,1767704442.0,0.365
2026-01-06 14:00:00,1767708023.0,0.365
2026-01-06 15:00:00,1767711628.0,0.365
2026-01-06 16:00:00,1767715220.0,0.365
2026-01-06 17:00:00,1767718827.0,0.365
2026-01-06 18:00:00,1767722423.0,0.365
2026-01-06 19:00:00,1767726020.0,0.365
2026-01-06 20:00:00,1767729621.0,0.365
2026-01-06 21:00:00,1767733222.0,0.365
2026-01-06 22:00:00,1767736820.0,0.375
2026-01-06 23:00:00,1767740444.0,0.365
2026-01-07 00:00:00,1767744025.0,0.38
2026-01-07 01:00:00,1767747619.0,0.375
2026-01-07 02:00:00,1767751220.0,0.375
2026-01-07 03:00:00,1767754823.0,0.375
2026-01-07 04:00:00,1767758419.0,0.385
2026-01-07 05:00:00,1767762020.0,0.385
2026-01-07 06:00:00,1767765627.0,0.385
2026-01-07 07:00:00,1767769225.0,0.385
2026-01-07 08:00:00,1767772822.0,0.385
2026-01-07 09:00:00,1767776424.0,0.39
2026-01-07 10:00:00,1767780026.0,0.385
2026-01-07 11:00:00,1767783619.0,0.385
2026-01-07 12:00:00,1767787229.0,0.39
2026-01-07 13:00:00,1767790823.0,0.385
2026-01-07 14:00:00,1767794420.0,0.385
2026-01-07 15:00:00,1767798028.0,0.385
2026-01-07 16:00:00,1767801621.0,0.385
2026-01-07 17:00:00,1767805230.0,0.385
2026-01-07 18:00:00,1767808823.0,0.395
2026-01-07 19:00:00,1767812423.0,0.405
2026-01-07 20:00:00,1767816022.0,0.405
2026-01-07 21:00:00,1767819630.0,0.395
2026-01-07 22:00:00,1767823225.0,0.395
2026-01-07 23:00:00,1767826821.0,0.395
2026-01-08 00:00:00,1767830441.0,0.395
2026-01-08 01:00:00,1767834037.0,0.395
2026-01-08 02:00:00,1767837620.0,0.395
2026-01-08 03:00:00,1767841224.0,0.395
2026-01-08 04:00:00,1767844820.0,0.395
2026-01-08 05:00:00,1767848420.0,0.385
2026-01-08 06:00:00,1767852024.0,0.385
2026-01-08 07:00:00,1767855621.0,0.375
2026-01-08 08:00:00,1767859231.0,0.385
2026-01-08 09:00:00,1767862823.0,0.385
2026-01-08 10:00:00,1767866445.0,0.385
2026-01-08 11:00:00,1767870021.0,0.385
2026-01-08 12:00:00,1767873651.0,0.385
2026-01-08 13:00:00,1767877220.0,0.39
2026-01-08 14:00:00,1767880824.0,0.385
2026-01-08 15:00:00,1767884424.0,0.385
2026-01-08 16:00:00,1767888035.0,0.385
2026-01-08 17:00:00,1767891628.0,0.4
2026-01-08 18:00:00,1767895224.0,0.395
2026-01-08 19:00:00,1767898821.0,0.41
2026-01-08 20:00:00,1767902423.0,0.385
2026-01-08 21:00:00,1767906025.0,0.38
2026-01-08 22:00:00,1767909625.0,0.375
2026-01-08 23:00:00,1767913223.0,0.375
2026-01-09 00:00:00,1767916826.0,0.375
2026-01-09 01:00:00,1767920421.0,0.375
2026-01-09 02:00:00,1767924021.0,0.385
2026-01-09 03:00:00,1767927626.0,0.385
2026-01-09 04:00:00,1767931221.0,0.395
2026-01-09 05:00:00,1767934821.0,0.395
2026-01-09 06:00:00,1767938425.0,0.395
2026-01-09 07:00:00,1767942021.0,0.395
2026-01-09 08:00:00,1767945622.0,0.395
2026-01-09 09:00:00,1767949224.0,0.395
2026-01-09 10:00:00,1767952822.0,0.405
2026-01-09 11:00:00,1767956420.0,0.405
2026-01-09 12:00:00,1767960040.0,0.405
2026-01-09 13:00:00,1767963621.0,0.395
2026-01-09 14:00:00,1767967221.0,0.405
2026-01-09 15:00:00,1767970827.0,0.405
2026-01-09 16:00:00,1767974423.0,0.415
2026-01-09 17:00:00,1767978027.0,0.41
2026-01-09 18:00:00,1767981627.0,0.415
2026-01-09 19:00:00,1767985222.0,0.415
2026-01-09 20:00:00,1767988848.0,0.405
2026-01-09 21:00:00,1767992425.0,0.405
2026-01-09 22:00:00,1767996023.0,0.41
2026-01-09 23:00:00,1767999621.0,0.415
2026-01-10 00:00:00,1768003226.0,0.415
2026-01-10 01:00:00,1768006823.0,0.415
2026-01-10 02:00:00,1768010420.0,0.415
2026-01-10 03:00:00,1768014024.0,0.415
2026-01-10 04:00:00,1768017620.0,0.415
2026-01-10 05:00:00,1768021220.0,0.415
2026-01-10 06:00:00,1768024826.0,0.415
2026-01-10 07:00:00,1768028421.0,0.42
2026-01-10 08:00:00,1768032036.0,0.42
2026-01-10 09:00:00,1768035626.0,0.42
2026-01-10 10:00:00,1768039226.0,0.42
2026-01-10 11:00:00,1768042823.0,0.415
2026-01-10 12:00:00,1768046431.0,0.415
2026-01-10 13:00:00,1768050023.0,0.415
2026-01-10 14:00:00,1768053626.0,0.425
2026-01-10 15:00:00,1768057226.0,0.425
2026-01-10 16:00:00,1768060834.0,0.425
2026-01-10 17:00:00,1768064426.0,0.43
2026-01-10 18:00:00,1768068028.0,0.43
2026-01-10 19:00:00,1768071621.0,0.435
2026-01-10 20:00:00,1768075222.0,0.435
2026-01-10 21:00:00,1768078829.0,0.425
2026-01-10 22:00:00,1768082423.0,0.425
2026-01-10 23:00:00,1768086047.0,0.43
2026-01-11 00:00:00,1768089622.0,0.43
2026-01-11 01:00:00,1768093218.0,0.43
2026-01-11 02:00:00,1768096831.0,0.435
2026-01-11 03:00:00,1768100421.0,0.435
2026-01-11 04:00:00,1768104019.0,0.425
2026-01-11 05:00:00,1768107615.0,0.445
2026-01-11 06:00:00,1768111222.0,0.445
2026-01-11 07:00:00,1768114819.0,0.445
2026-01-11 08:00:00,1768118418.0,0.455
2026-01-11 09:00:00,1768122019.0,0.445
2026-01-11 10:00:00,1768125615.0,0.445
2026-01-11 11:00:00,1768129239.0,0.445
2026-01-11 12:00:00,1768132822.0,0.46
2026-01-11 13:00:00,1768136418.0,0.455
2026-01-11 14:00:00,1768140020.0,0.455
2026-01-11 15:00:00,1768143643.0,0.45
2026-01-11 16:00:00,1768147216.0,0.445
2026-01-11 17:00:00,1768150844.0,0.445
2026-01-11 18:00:00,1768154427.0,0.455
2026-01-11 19:00:00,1768158019.0,0.445
2026-01-11 20:00:00,1768161625.0,0.445
2026-01-11 21:00:00,1768165240.0,0.445
2026-01-11 22:00:00,1768168823.0,0.455
2026-01-11 23:00:00,1768172419.0,0.445
2026-01-12 00:00:00,1768176025.0,0.445
2026-01-12 01:00:00,1768179618.0,0.435
2026-01-12 02:00:00,1768183229.0,0.425
2026-01-12 03:00:00,1768186838.0,0.405
2026-01-12 04:00:00,1768190422.0,0.415
2026-01-12 05:00:00,1768194018.0,0.42
2026-01-12 06:00:00,1768197622.0,0.42
2026-01-12 07:00:00,1768201220.0,0.415
2026-01-12 08:00:00,1768204820.0,0.415
2026-01-12 09:00:00,1768208422.0,0.405
2026-01-12 10:00:00,1768212018.0,0.405
2026-01-12 11:00:00,1768215629.0,0.405
2026-01-12 12:00:00,1768219230.0,0.405
2026-01-12 13:00:00,1768222820.0,0.405
2026-01-12 14:00:00,1768226418.0,0.365
2026-01-12 15:00:00,1768230027.0,0.355
2026-01-12 16:00:00,1768233618.0,0.35
2026-01-12 17:00:00,1768237221.0,0.375
2026-01-12 18:00:00,1768240850.0,0.375
2026-01-12 19:00:00,1768244420.0,0.385
2026-01-12 20:00:00,1768248025.0,0.395
2026-01-12 21:00:00,1768251629.0,0.395
2026-01-12 22:00:00,1768255247.0,0.395
2026-01-12 23:00:00,1768258824.0,0.395
2026-01-13 00:00:00,1768262426.0,0.395
2026-01-13 01:00:00,1768266090.0,0.395
2026-01-13 02:00:00,1768269619.0,0.385
2026-01-13 03:00:00,1768273226.0,0.385
2026-01-13 04:00:00,1768276820.0,0.39
2026-01-13 05:00:00,1768280420.0,0.405
2026-01-13 06:00:00,1768284025.0,0.385
2026-01-13 07:00:00,1768287647.0,0.4
2026-01-13 08:00:00,1768291234.0,0.405
2026-01-13 09:00:00,1768294828.0,0.405
2026-01-13 10:00:00,1768298420.0,0.405
2026-01-13 11:00:00,1768302021.0,0.395
2026-01-13 12:00:00,1768305630.0,0.4
2026-01-13 13:00:00,1768309262.0,0.405
2026-01-13 14:00:00,1768312835.0,0.405
2026-01-13 15:00:00,1768316425.0,0.405
2026-01-13 16:00:00,1768320044.0,0.41
2026-01-13 17:00:00,1768323632.0,0.405
2026-01-13 18:00:00,1768327227.0,0.405
2026-01-13 19:00:00,1768330871.0,0.385
2026-01-13 20:00:00,1768334421.0,0.395
2026-01-13 21:00:00,1768338026.0,0.395
2026-01-13 22:00:00,1768341625.0,0.395
2026-01-13 23:00:00,1768345222.0,0.395
2026-01-14 00:00:00,1768348828.0,0.395
2026-01-14 01:00:00,1768352421.0,0.395
2026-01-14 02:00:00,1768356023.0,0.395
2026-01-14 03:00:00,1768359626.0,0.395
2026-01-14 04:00:00,1768363225.0,0.395
2026-01-14 05:00:00,1768366827.0,0.39
2026-01-14 06:00:00,1768370427.0,0.39
2026-01-14 07:00:00,1768374023.0,0.39
2026-01-14 08:00:00,1768377637.0,0.39
2026-01-14 09:00:00,1768381226.0,0.39
2026-01-14 10:00:00,1768384821.0,0.385
2026-01-14 11:00:00,1768388421.0,0.39
2026-01-14 12:00:00,1768392030.0,0.39
2026-01-14 13:00:00,1768395626.0,0.39
2026-01-14 14:00:00,1768399221.0,0.395
2026-01-14 15:00:00,1768402849.0,0.395
2026-01-14 16:00:00,1768406436.0,0.385
2026-01-14 17:00:00,1768410028.0,0.385
2026-01-14 18:00:00,1768413630.0,0.395
2026-01-14 19:00:00,1768417223.0,0.395
2026-01-14 20:00:00,1768420824.0,0.395
2026-01-14 21:00:00,1768424429.0,0.395
2026-01-14 22:00:00,1768428027.0,0.405
2026-01-14 23:00:00,1768431624.0,0.405
2026-01-15 00:00:00,1768435230.0,0.405
2026-01-15 01:00:00,1768438822.0,0.405
2026-01-15 02:00:00,1768442422.0,0.4
2026-01-15 03:00:00,1768446045.0,0.395
2026-01-15 04:00:00,1768449624.0,0.4
2026-01-15 05:00:00,1768453222.0,0.395
2026-01-15 06:00:00,1768456828.0,0.4
2026-01-15 07:00:00,1768460424.0,0.435
2026-01-15 08:00:00,1768464023.0,0.43
2026-01-15 09:00:00,1768467632.0,0.425
2026-01-15 10:00:00,1768471223.0,0.425
2026-01-15 11:00:00,1768474823.0,0.43
2026-01-15 12:00:00,1768478430.0,0.425
2026-01-15 13:00:00,1768482024.0,0.425
2026-01-15 14:00:00,1768485622.0,0.425
2026-01-15 15:00:00,1768489227.0,0.425
2026-01-15 16:00:00,1768492823.0,0.43
2026-01-15 17:00:00,1768496431.0,0.43
2026-01-15 18:00:00,1768500045.0,0.435
2026-01-15 19:00:00,1768503630.0,0.435
2026-01-15 20:00:00,1768507227.0,0.435
2026-01-15 21:00:00,1768510835.0,0.44
2026-01-15 22:00:00,1768514424.0,0.425
2026-01-15 23:00:00,1768518025.0,0.425
2026-01-16 00:00:00,1768521633.0,0.425
2026-01-16 01:00:00,1768525229.0,0.425
2026-01-16 02:00:00,1768528825.0,0.425
2026-01-16 03:00:00,1768532433.0,0.425
2026-01-16 04:00:00,1768536024.0,0.425
2026-01-16 05:00:00,1768539624.0,0.435
2026-01-16 06:00:00,1768543228.0,0.435
2026-01-16 07:00:00,1768546824.0,0.44
2026-01-16 08:00:00,1768550425.0,0.445
2026-01-16 09:00:00,1768554027.0,0.445
2026-01-16 10:00:00,1768557623.0,0.445
2026-01-16 11:00:00,1768561223.0,0.445
2026-01-16 12:00:00,1768564831.0,0.44
2026-01-16 13:00:00,1768568424.0,0.435
2026-01-16 14:00:00,1768572024.0,0.44
2026-01-16 15:00:00,1768575628.0,0.435
2026-01-16 16:00:00,1768579223.0,0.595
2026-01-16 17:00:00,1768582827.0,0.59
2026-01-16 18:00:00,1768586429.0,0.595
2026-01-16 19:00:00,1768590029.0,0.6
2026-01-16 20:00:00,1768593624.0,0.605
2026-01-16 21:00:00,1768597233.0,0.585
2026-01-16 22:00:00,1768600852.0,0.585
2026-01-16 23:00:00,1768604424.0,0.585
2026-01-17 00:00:00,1768608030.0,0.565
2026-01-17 01:00:00,1768611624.0,0.565
2026-01-17 02:00:00,1768615224.0,0.565
2026-01-17 03:00:00,1768618829.0,0.605
2026-01-17 04:00:00,1768622423.0,0.595
2026-01-17 05:00:00,1768626024.0,0.585
2026-01-17 06:00:00,1768629628.0,0.585
2026-01-17 07:00:00,1768633226.0,0.585
2026-01-17 08:00:00,1768636824.0,0.585
2026-01-17 09:00:00,1768640429.0,0.575
2026-01-17 10:00:00,1768644039.0,0.575
2026-01-17 11:00:00,1768647623.0,0.575
2026-01-17 12:00:00,1768651250.0,0.565
2026-01-17 13:00:00,1768654825.0,0.565
2026-01-17 14:00:00,1768658453.0,0.565
2026-01-17 15:00:00,1768662035.0,0.57
2026-01-17 16:00:00,1768665623.0,0.57
2026-01-17 17:00:00,1768669240.0,0.555
2026-01-17 18:00:00,1768672831.0,0.56
2026-01-17 19:00:00,1768676428.0,0.555
2026-01-17 20:00:00,1768680051.0,0.555
2026-01-17 21:00:00,1768683642.0,0.545
2026-01-17 22:00:00,1768687224.0,0.545
2026-01-17 23:00:00,1768690824.0,0.54
2026-01-18 00:00:00,1768694448.0,0.505
2026-01-18 01:00:00,1768698023.0,0.5
2026-01-18 02:00:00,1768701655.0,0.495
2026-01-18 03:00:00,1768705232.0,0.52
2026-01-18 04:00:00,1768708828.0,0.525
2026-01-18 05:00:00,1768712434.0,0.525
2026-01-18 06:00:00,1768716057.0,0.525
2026-01-18 07:00:00,1768719623.0,0.545
2026-01-18 08:00:00,1768723262.0,0.545
2026-01-18 09:00:00,1768726828.0,0.54
2026-01-18 10:00:00,1768730422.0,0.53
2026-01-18 11:00:00,1768734026.0,0.54
2026-01-18 12:00:00,1768737645.0,0.545
2026-01-18 13:00:00,1768741237.0,0.545
2026-01-18 14:00:00,1768744825.0,0.555
2026-01-18 15:00:00,1768748428.0,0.55
2026-01-18 16:00:00,1768752022.0,0.55
2026-01-18 17:00:00,1768755646.0,0.545
2026-01-18 18:00:00,1768759245.0,0.545
2026-01-18 19:00:00,1768762824.0,0.55
2026-01-18 20:00:00,1768766429.0,0.55
2026-01-18 21:00:00,1768770029.0,0.555
2026-01-18 22:00:00,1768773623.0,0.545
2026-01-18 23:00:00,1768777228.0,0.545
2026-01-19 00:00:00,1768780825.0,0.545
2026-01-19 01:00:00,1768784511.0,0.555
2026-01-19 02:00:00,1768788037.0,0.545
2026-01-19 03:00:00,1768791623.0,0.545
2026-01-19 04:00:00,1768795223.0,0.555
2026-01-19 05:00:00,1768798828.0,0.585
2026-01-19 06:00:00,1768802424.0,0.615
2026-01-19 07:00:00,1768806041.0,0.605
2026-01-19 08:00:00,1768809629.0,0.605
2026-01-19 09:00:00,1768813227.0,0.61
2026-01-19 10:00:00,1768816818.0,0.605
2026-01-19 11:00:00,1768820428.0,0.61
2026-01-19 12:00:00,1768824029.0,0.605
2026-01-19 13:00:00,1768827617.0,0.62
2026-01-19 14:00:00,1768831217.0,0.615
2026-01-19 15:00:00,1768834826.0,0.62
2026-01-19 16:00:00,1768838419.0,0.635
2026-01-19 17:00:00,1768842035.0,0.635
2026-01-19 18:00:00,1768845629.0,0.625
2026-01-19 19:00:00,1768849220.0,0.62
2026-01-19 20:00:00,1768852827.0,0.615
2026-01-19 21:00:00,1768856425.0,0.615
2026-01-19 22:00:00,1768860025.0,0.615
2026-01-19 23:00:00,1768863635.0,0.615
2026-01-20 00:00:00,1768867227.0,0.625
2026-01-20 01:00:00,1768870819.0,0.62
2026-01-20 02:00:00,1768874419.0,0.615
2026-01-20 03:00:00,1768878040.0,0.615
2026-01-20 04:00:00,1768881646.0,0.605
2026-01-20 05:00:00,1768885234.0,0.605
2026-01-20 06:00:00,1768888830.0,0.605
2026-01-20 07:00:00,1768892421.0,0.605
2026-01-20 08:00:00,1768896021.0,0.605
2026-01-20 09:00:00,1768899624.0,0.605
2026-01-20 10:00:00,1768903225.0,0.605
2026-01-20 11:00:00,1768906820.0,0.605
2026-01-20 12:00:00,1768910428.0,0.605
2026-01-20 13:00:00,1768914020.0,0.605
2026-01-20 14:00:00,1768917620.0,0.605
2026-01-20 15:00:00,1768921226.0,0.605
2026-01-20 16:00:00,1768924819.0,0.605
2026-01-20 17:00:00,1768928423.0,0.585
2026-01-20 18:00:00,1768932025.0,0.555
2026-01-20 19:00:00,1768935619.0,0.52
2026-01-20 20:00:00,1768939222.0,0.515
2026-01-20 21:00:00,1768942843.0,0.495
2026-01-20 22:00:00,1768946421.0,0.495
2026-01-20 23:00:00,1768950021.0,0.445
2026-01-21 00:00:00,1768953629.0,0.465
2026-01-21 01:00:00,1768957220.0,0.48
2026-01-21 02:00:00,1768960822.0,0.465
2026-01-21 03:00:00,1768964429.0,0.445
2026-01-21 04:00:00,1768968020.0,0.465
2026-01-21 05:00:00,1768971620.0,0.445
2026-01-21 06:00:00,1768975228.0,0.455
2026-01-21 07:00:00,1768978824.0,0.455
2026-01-21 08:00:00,1768982422.0,0.455
2026-01-21 09:00:00,1768986062.0,0.465
2026-01-21 10:00:00,1768989624.0,0.465
2026-01-21 11:00:00,1768993224.0,0.465
2026-01-21 12:00:00,1768996855.0,0.465
2026-01-21 13:00:00,1769000421.0,0.485
2026-01-21 14:00:00,1769004026.0,0.495
2026-01-21 15:00:00,1769007627.0,0.475
2026-01-21 16:00:00,1769011226.0,0.475
2026-01-21 17:00:00,1769014833.0,0.465
2026-01-21 18:00:00,1769018454.0,0.465
2026-01-21 19:00:00,1769022037.0,0.48
2026-01-21 20:00:00,1769025625.0,0.505
2026-01-21 21:00:00,1769029261.0,0.545
2026-01-21 22:00:00,1769032824.0,0.525
2026-01-21 23:00:00,1769036425.0,0.495
2026-01-22 00:00:00,1769040045.0,0.495
2026-01-22 01:00:00,1769043622.0,0.505
2026-01-22 02:00:00,1769047226.0,0.505
2026-01-22 03:00:00,1769050835.0,0.505
2026-01-22 04:00:00,1769054422.0,0.495
2026-01-22 05:00:00,1769058022.0,0.495
2026-01-22 06:00:00,1769061627.0,0.475
2026-01-22 07:00:00,1769065225.0,0.455
2026-01-22 08:00:00,1769068829.0,0.455
2026-01-22 09:00:00,1769072438.0,0.455
2026-01-22 10:00:00,1769076024.0,0.435
2026-01-22 11:00:00,1769079623.0,0.445
2026-01-22 12:00:00,1769083260.0,0.435
2026-01-22 13:00:00,1769086823.0,0.435
2026-01-22 14:00:00,1769090433.0,0.445
2026-01-22 15:00:00,1769094052.0,0.445
2026-01-22 16:00:00,1769097623.0,0.445
2026-01-22 17:00:00,1769101229.0,0.445
2026-01-22 18:00:00,1769104853.0,0.435
2026-01-22 19:00:00,1769108423.0,0.45
2026-01-22 20:00:00,1769112025.0,0.445
2026-01-22 21:00:00,1769115640.0,0.445
2026-01-22 22:00:00,1769119224.0,0.445
2026-01-22 23:00:00,1769122825.0,0.455
2026-01-23 00:00:00,1769126446.0,0.455
2026-01-23 01:00:00,1769130023.0,0.455
2026-01-23 02:00:00,1769133624.0,0.455
2026-01-23 03:00:00,1769137242.0,0.445
2026-01-23 04:00:00,1769140824.0,0.445
2026-01-23 05:00:00,1769144422.0,0.445
2026-01-23 06:00:00,1769148029.0,0.435
2026-01-23 07:00:00,1769151625.0,0.435
2026-01-23 08:00:00,1769155226.0,0.44
2026-01-23 09:00:00,1769158830.0,0.44
2026-01-23 10:00:00,1769162451.0,0.435
2026-01-23 11:00:00,1769166025.0,0.445
2026-01-23 12:00:00,1769169666.0,0.445
2026-01-23 13:00:00,1769173223.0,0.435
2026-01-23 14:00:00,1769176823.0,0.435
2026-01-23 15:00:00,1769180430.0,0.435
2026-01-23 16:00:00,1769184023.0,0.435
2026-01-23 17:00:00,1769187646.0,0.425
2026-01-23 18:00:00,1769191261.0,0.415
2026-01-23 19:00:00,1769194826.0,0.415
2026-01-23 20:00:00,1769198426.0,0.325
2026-01-23 21:00:00,1769202030.0,0.325
2026-01-23 22:00:00,1769205630.0,0.335
2026-01-23 23:00:00,1769209231.0,0.325
2026-01-24 00:00:00,1769212846.0,0.325
2026-01-24 01:00:00,1769216426.0,0.305
2026-01-24 02:00:00,1769220028.0,0.275
2026-01-24 03:00:00,1769223663.0,0.305
2026-01-24 04:00:00,1769227224.0,0.305
2026-01-24 05:00:00,1769230847.0,0.29
2026-01-24 06:00:00,1769234463.0,0.28
2026-01-24 07:00:00,1769238026.0,0.275
2026-01-24 08:00:00,1769241628.0,0.27
2026-01-24 09:00:00,1769245240.0,0.275
2026-01-24 10:00:00,1769248839.0,0.275
2026-01-24 11:00:00,1769252432.0,0.315
2026-01-24 12:00:00,1769256045.0,0.285
2026-01-24 13:00:00,1769259625.0,0.27
2026-01-24 14:00:00,1769263236.0,0.25
2026-01-24 15:00:00,1769266834.0,0.235
2026-01-24 16:00:00,1769270425.0,0.215
2026-01-24 17:00:00,1769274031.0,0.215
2026-01-24 18:00:00,1769277631.0,0.255
2026-01-24 19:00:00,1769281226.0,0.28
2026-01-24 20:00:00,1769284826.0,0.285
2026-01-24 21:00:00,1769288441.0,0.305
2026-01-24 22:00:00,1769292025.0,0.315
2026-01-24 23:00:00,1769295625.0,0.295
2026-01-25 00:00:00,1769299250.0,0.29
2026-01-25 01:00:00,1769302824.0,0.315
2026-01-25 02:00:00,1769306423.0,0.305
2026-01-25 03:00:00,1769310038.0,0.31
2026-01-25 04:00:00,1769313622.0,0.31
2026-01-25 05:00:00,1769317223.0,0.295
2026-01-25 06:00:00,1769320826.0,0.295
2026-01-25 07:00:00,1769324427.0,0.305
2026-01-25 08:00:00,1769328024.0,0.305
2026-01-25 09:00:00,1769331663.0,0.305
2026-01-25 10:00:00,1769335250.0,0.305
2026-01-25 11:00:00,1769338823.0,0.305
2026-01-25 12:00:00,1769342467.0,0.295
2026-01-25 13:00:00,1769346036.0,0.295
2026-01-25 14:00:00,1769349627.0,0.305
2026-01-25 15:00:00,1769353233.0,0.295
2026-01-25 16:00:00,1769356850.0,0.305
2026-01-25 17:00:00,1769360440.0,0.295
2026-01-25 18:00:00,1769364037.0,0.295
2026-01-25 19:00:00,1769367623.0,0.305
2026-01-25 20:00:00,1769371224.0,0.29
2026-01-25 21:00:00,1769374837.0,0.325
2026-01-25 22:00:00,1769378429.0,0.3
2026-01-25 23:00:00,1769382024.0,0.295
2026-01-26 00:00:00,1769385649.0,0.32
2026-01-26 01:00:00,1769389223.0,0.315
2026-01-26 02:00:00,1769392829.0,0.285
2026-01-26 03:00:00,1769396429.0,0.28
2026-01-26 04:00:00,1769400024.0,0.28
2026-01-26 05:00:00,1769403623.0,0.275
2026-01-26 06:00:00,1769407241.0,0.275
2026-01-26 07:00:00,1769410825.0,0.275
2026-01-26 08:00:00,1769414425.0,0.28
2026-01-26 09:00:00,1769418042.0,0.285
2026-01-26 10:00:00,1769421623.0,0.285
2026-01-26 11:00:00,1769425229.0,0.29
2026-01-26 12:00:00,1769428845.0,0.28
2026-01-26 13:00:00,1769432428.0,0.265
2026-01-26 14:00:00,1769436024.0,0.275
2026-01-26 15:00:00,1769439630.0,0.265
2026-01-26 16:00:00,1769443225.0,0.275
2026-01-26 17:00:00,1769446833.0,0.295
2026-01-26 18:00:00,1769450438.0,0.3
2026-01-26 19:00:00,1769454026.0,0.285
2026-01-26 20:00:00,1769457631.0,0.295
2026-01-26 21:00:00,1769461233.0,0.285
2026-01-26 22:00:00,1769464825.0,0.29
2026-01-26 23:00:00,1769468425.0,0.295
2026-01-27 00:00:00,1769472042.0,0.285
2026-01-27 01:00:00,1769475619.0,0.29
2026-01-27 02:00:00,1769479219.0,0.29
2026-01-27 03:00:00,1769482828.0,0.29
2026-01-27 04:00:00,1769486421.0,0.28
2026-01-27 05:00:00,1769490020.0,0.285
2026-01-27 06:00:00,1769493621.0,0.28
2026-01-27 07:00:00,1769497228.0,0.285
2026-01-27 08:00:00,1769500823.0,0.255
2026-01-27 09:00:00,1769504423.0,0.27
2026-01-27 10:00:00,1769508028.0,0.265
2026-01-27 11:00:00,1769511621.0,0.26
2026-01-27 12:00:00,1769515228.0,0.255
2026-01-27 13:00:00,1769518833.0,0.255
2026-01-27 14:00:00,1769522420.0,0.27
2026-01-27 15:00:00,1769526023.0,0.285
2026-01-27 16:00:00,1769529620.0,0.29
2026-01-27 17:00:00,1769533220.0,0.285
2026-01-27 18:00:00,1769536823.0,0.29
2026-01-27 19:00:00,1769540422.0,0.285
2026-01-27 20:00:00,1769544020.0,0.295
2026-01-27 21:00:00,1769547624.0,0.285
2026-01-27 22:00:00,1769551220.0,0.295
2026-01-27 23:00:00,1769554822.0,0.285
2026-01-28 00:00:00,1769558431.0,0.285
2026-01-28 01:00:00,1769562041.0,0.275
2026-01-28 02:00:00,1769565627.0,0.275
2026-01-28 03:00:00,1769569228.0,0.255
2026-01-28 04:00:00,1769572851.0,0.26
2026-01-28 05:00:00,1769576421.0,0.245
2026-01-28 06:00:00,1769580023.0,0.255
2026-01-28 07:00:00,1769583623.0,0.255
2026-01-28 08:00:00,1769587222.0,0.255
2026-01-28 09:00:00,1769590831.0,0.265
2026-01-28 10:00:00,1769594457.0,0.265
2026-01-28 11:00:00,1769598022.0,0.285
2026-01-28 12:00:00,1769601632.0,0.275
2026-01-28 13:00:00,1769605249.0,0.275
2026-01-28 14:00:00,1769608822.0,0.27
2026-01-28 15:00:00,1769612425.0,0.295
2026-01-28 16:00:00,1769616023.0,0.285
2026-01-28 17:00:00,1769619627.0,0.285
2026-01-28 18:00:00,1769623255.0,0.275
2026-01-28 19:00:00,1769626823.0,0.275
2026-01-28 20:00:00,1769630430.0,0.265
2026-01-28 21:00:00,1769634025.0,0.28
2026-01-28 22:00:00,1769637624.0,0.27
2026-01-28 23:00:00,1769641224.0,0.275
2026-01-29 00:00:00,1769644846.0,0.275
2026-01-29 01:00:00,1769648423.0,0.295
2026-01-29 02:00:00,1769652023.0,0.315
2026-01-29 03:00:00,1769655628.0,0.315
2026-01-29 04:00:00,1769659224.0,0.32
2026-01-29 05:00:00,1769662824.0,0.325
2026-01-29 06:00:00,1769666428.0,0.33
2026-01-29 07:00:00,1769670027.0,0.325
2026-01-29 08:00:00,1769673625.0,0.325
2026-01-29 09:00:00,1769677229.0,0.325
2026-01-29 10:00:00,1769680829.0,0.325
2026-01-29 11:00:00,1769684426.0,0.325
2026-01-29 12:00:00,1769688037.0,0.315
2026-01-29 13:00:00,1769691625.0,0.315
2026-01-29 14:00:00,1769695225.0,0.31
2026-01-29 15:00:00,1769698828.0,0.305
2026-01-29 16:00:00,1769702425.0,0.31
2026-01-29 17:00:00,1769706025.0,0.295
2026-01-29 18:00:00,1769709629.0,0.295
2026-01-29 19:00:00,1769713226.0,0.285
2026-01-29 20:00:00,1769716837.0,0.295
2026-01-29 21:00:00,1769720431.0,0.3
2026-01-29 22:00:00,1769724027.0,0.31
2026-01-29 23:00:00,1769727626.0,0.335
2026-01-30 00:00:00,1769731235.0,0.635
2026-01-30 01:00:00,1769734826.0,0.865
2026-01-30 02:00:00,1769738427.0,0.855
2026-01-30 03:00:00,1769742029.0,0.935
2026-01-30 04:00:00,1769745627.0,0.915
2026-01-30 05:00:00,1769749226.0,0.895
2026-01-30 06:00:00,1769752828.0,0.935
2026-01-30 07:00:00,1769756426.0,0.925
2026-01-30 08:00:00,1769760026.0,0.935
2026-01-30 09:00:00,1769763661.0,0.925
2026-01-30 10:00:00,1769767226.0,0.935
2026-01-30 11:00:00,1769770858.0,0.945
2026-01-30 12:00:00,1769774453.0,0.9965
2026-01-30 13:00:00,1769778026.0,0.9955
2026-01-30 14:00:00,1769781627.0,0.993
2026-01-30 15:00:00,1769785231.0,0.9925
2026-01-30 16:00:00,1769788828.0,0.9925
2026-01-30 17:00:00,1769792431.0,0.9925
2026-01-30 18:00:00,1769796029.0,0.9915
2026-01-30 19:00:00,1769799627.0,0.9925
2026-01-30 20:00:00,1769803228.0,0.9925
2026-01-30 21:00:00,1769806831.0,0.9925
2026-01-30 22:00:00,1769810434.0,0.9825
2026-01-30 23:00:00,1769814026.0,0.985
2026-01-31 00:00:00,1769817636.0,0.9785
2026-01-31 01:00:00,1769821227.0,0.976
2026-01-31 02:00:00,1769824827.0,0.973
2026-01-31 03:00:00,1769828429.0,0.9785
2026-01-31 04:00:00,1769832028.0,0.9715
2026-01-31 05:00:00,1769835628.0,0.973
2026-01-31 06:00:00,1769839230.0,0.979
2026-01-31 07:00:00,1769842829.0,0.9835
2026-01-31 08:00:00,1769846428.0,0.9805
2026-01-31 09:00:00,1769850062.0,0.9805
2026-01-31 10:00:00,1769853629.0,0.9805
2026-01-31 11:00:00,1769857227.0,0.983
2026-01-31 12:00:00,1769860842.0,0.9815
2026-01-31 13:00:00,1769864429.0,0.9785
2026-01-31 14:00:00,1769868026.0,0.98
2026-01-31 15:00:00,1769871634.0,0.9785
2026-01-31 16:00:00,1769875227.0,0.9775
2026-01-31 17:00:00,1769878853.0,0.9785
2026-01-31 18:00:00,1769882434.0,0.979
2026-01-31 19:00:00,1769886031.0,0.9725
2026-01-31 20:00:00,1769889627.0,0.982
2026-01-31 21:00:00,1769893248.0,0.9795
2026-01-31 22:00:00,1769896857.0,0.9795
2026-01-31 23:00:00,1769900426.0,0.9785
2026-02-01 00:00:00,1769904044.0,0.9745
2026-02-01 01:00:00,1769907755.0,0.977
2026-02-01 02:00:00,1769911224.0,0.977
2026-02-01 03:00:00,1769914831.0,0.978
