time_utc,t,p
2025-08-05 17:00:00,1754415850.0,0.5
2025-08-05 18:00:00,1754416808.0,0.485
2025-08-05 19:00:00,1754420409.0,0.35
2025-08-05 20:00:00,1754424009.0,0.0275
2025-08-05 21:00:00,1754427610.0,0.0235
2025-08-05 22:00:00,1754431209.0,0.0235
2025-08-05 23:00:00,1754434808.0,0.019
2025-08-06 00:00:00,1754438409.0,0.019
2025-08-06 01:00:00,1754442009.0,0.019
2025-08-06 02:00:00,1754445610.0,0.0195
2025-08-06 03:00:00,1754449209.0,0.0195
2025-08-06 04:00:00,1754452810.0,0.0195
2025-08-06 05:00:00,1754456410.0,0.0195
2025-08-06 06:00:00,1754460009.0,0.0195
2025-08-06 07:00:00,1754463609.0,0.022
2025-08-06 08:00:00,1754467209.0,0.0215
2025-08-06 09:00:00,1754470809.0,0.0215
2025-08-06 10:00:00,1754474409.0,0.022
2025-08-06 11:00:00,1754478009.0,0.022
2025-08-06 12:00:00,1754481608.0,0.022
2025-08-06 13:00:00,1754485209.0,0.0215
2025-08-06 14:00:00,1754488809.0,0.022
2025-08-06 15:00:00,1754492410.0,0.022
2025-08-06 16:00:00,1754496009.0,0.022
2025-08-06 17:00:00,1754499608.0,0.022
2025-08-06 18:00:00,1754503209.0,0.017
2025-08-06 19:00:00,1754506806.0,0.017
2025-08-06 20:00:00,1754510409.0,0.017
2025-08-06 21:00:00,1754514012.0,0.014
2025-08-06 22:00:00,1754517605.0,0.0115
2025-08-06 23:00:00,1754521205.0,0.0055
2025-08-07 00:00:00,1754524809.0,0.0055
2025-08-07 01:00:00,1754528407.0,0.0055
2025-08-07 02:00:00,1754532009.0,0.0055
2025-08-07 03:00:00,1754535613.0,0.0055
2025-08-07 04:00:00,1754539204.0,0.0055
2025-08-07 05:00:00,1754542805.0,0.0055
2025-08-07 06:00:00,1754546402.0,0.0055
2025-08-07 07:00:00,1754550004.0,0.0055
2025-08-07 08:00:00,1754553606.0,0.0055
2025-08-07 09:00:00,1754557221.0,0.0055
2025-08-07 10:00:00,1754560807.0,0.0055
2025-08-07 11:00:00,1754564411.0,0.0055
2025-08-07 12:00:00,1754568012.0,0.0055
2025-08-07 13:00:00,1754571602.0,0.0055
2025-08-07 14:00:00,1754575211.0,0.0055
2025-08-07 15:00:00,1754578814.0,0.0055
2025-08-07 16:00:00,1754582403.0,0.0055
2025-08-07 17:00:00,1754586011.0,0.0055
2025-08-07 18:00:00,1754589606.0,0.0055
2025-08-07 19:00:00,1754593203.0,0.0055
2025-08-07 20:00:00,1754596802.0,0.0055
2025-08-07 21:00:00,1754600411.0,0.0055
2025-08-07 22:00:00,1754604006.0,0.0055
2025-08-07 23:00:00,1754607602.0,0.0055
2025-08-08 00:00:00,1754611205.0,0.0055
2025-08-08 01:00:00,1754614804.0,0.0055
2025-08-08 02:00:00,1754618411.0,0.0055
2025-08-08 03:00:00,1754622010.0,0.0055
2025-08-08 04:00:00,1754625611.0,0.0055
2025-08-08 05:00:00,1754629210.0,0.0055
2025-08-08 06:00:00,1754632808.0,0.0055
2025-08-08 07:00:00,1754636407.0,0.0055
2025-08-08 08:00:00,1754640003.0,0.0055
2025-08-08 09:00:00,1754643615.0,0.0055
2025-08-08 10:00:00,1754647208.0,0.0055
2025-08-08 11:00:00,1754650810.0,0.0055
2025-08-08 12:00:00,1754654417.0,0.0055
2025-08-08 13:00:00,1754658011.0,0.0055
2025-08-08 14:00:00,1754661616.0,0.0055
2025-08-08 15:00:00,1754665209.0,0.0055
2025-08-08 16:00:00,1754668805.0,0.0055
2025-08-08 17:00:00,1754672409.0,0.0055
2025-08-08 18:00:00,1754676010.0,0.0055
2025-08-08 19:00:00,1754679611.0,0.0055
2025-08-08 20:00:00,1754683202.0,0.0055
2025-08-08 21:00:00,1754686811.0,0.0055
2025-08-08 22:00:00,1754690405.0,0.0055
2025-08-08 23:00:00,1754694011.0,0.0055
2025-08-09 00:00:00,1754697604.0,0.0055
2025-08-09 01:00:00,1754701212.0,0.0055
2025-08-09 02:00:00,1754704813.0,0.0045
2025-08-09 03:00:00,1754708410.0,0.0045
2025-08-09 04:00:00,1754712011.0,0.0045
2025-08-09 05:00:00,1754715606.0,0.0045
2025-08-09 06:00:00,1754719214.0,0.0045
2025-08-09 07:00:00,1754722805.0,0.0045
2025-08-09 08:00:00,1754726402.0,0.0045
2025-08-09 09:00:00,1754730005.0,0.0045
2025-08-09 10:00:00,1754733606.0,0.0045
2025-08-09 11:00:00,1754737215.0,0.0045
2025-08-09 12:00:00,1754740818.0,0.0045
2025-08-09 13:00:00,1754744406.0,0.0045
2025-08-09 14:00:00,1754748016.0,0.0045
2025-08-09 15:00:00,1754751610.0,0.0045
2025-08-09 16:00:00,1754755208.0,0.0045
2025-08-09 17:00:00,1754758809.0,0.0045
2025-08-09 18:00:00,1754762414.0,0.0045
2025-08-09 19:00:00,1754766011.0,0.0045
2025-08-09 20:00:00,1754769607.0,0.0045
2025-08-09 21:00:00,1754773213.0,0.004
2025-08-09 22:00:00,1754776807.0,0.004
2025-08-09 23:00:00,1754780405.0,0.004
2025-08-10 00:00:00,1754784005.0,0.004
2025-08-10 01:00:00,1754787606.0,0.004
2025-08-10 02:00:00,1754791210.0,0.004
2025-08-10 03:00:00,1754794816.0,0.004
2025-08-10 04:00:00,1754798416.0,0.004
2025-08-10 05:00:00,1754802013.0,0.004
2025-08-10 06:00:00,1754805605.0,0.004
2025-08-10 07:00:00,1754809214.0,0.004
2025-08-10 08:00:00,1754812812.0,0.004
2025-08-10 09:00:00,1754816414.0,0.004
2025-08-10 10:00:00,1754820013.0,0.004
2025-08-10 11:00:00,1754823615.0,0.004
2025-08-10 12:00:00,1754827219.0,0.004
2025-08-10 13:00:00,1754830805.0,0.004
2025-08-10 14:00:00,1754834408.0,0.004
2025-08-10 15:00:00,1754838003.0,0.004
2025-08-10 16:00:00,1754841605.0,0.004
2025-08-10 17:00:00,1754845206.0,0.004
2025-08-10 18:00:00,1754848812.0,0.004
2025-08-10 19:00:00,1754852408.0,0.004
2025-08-10 20:00:00,1754856004.0,0.004
2025-08-10 21:00:00,1754859602.0,0.0035
2025-08-10 22:00:00,1754863209.0,0.003
2025-08-10 23:00:00,1754866812.0,0.003
2025-08-11 00:00:00,1754870403.0,0.003
2025-08-11 01:00:00,1754874007.0,0.003
2025-08-11 02:00:00,1754877607.0,0.0035
2025-08-11 03:00:00,1754881207.0,0.0035
2025-08-11 04:00:00,1754884806.0,0.0035
2025-08-11 05:00:00,1754888412.0,0.0035
2025-08-11 06:00:00,1754892018.0,0.0035
2025-08-11 07:00:00,1754895611.0,0.0035
2025-08-11 08:00:00,1754899207.0,0.0035
2025-08-11 09:00:00,1754902802.0,0.0035
2025-08-11 10:00:00,1754906412.0,0.003
2025-08-11 11:00:00,1754910013.0,0.003
2025-08-11 12:00:00,1754913609.0,0.003
2025-08-11 13:00:00,1754917210.0,0.003
2025-08-11 14:00:00,1754920805.0,0.003
2025-08-11 15:00:00,1754924421.0,0.003
2025-08-11 16:00:00,1754928005.0,0.003
2025-08-11 17:00:00,1754931613.0,0.003
2025-08-11 18:00:00,1754935202.0,0.003
2025-08-11 19:00:00,1754938812.0,0.003
2025-08-11 20:00:00,1754942413.0,0.003
2025-08-11 21:00:00,1754946018.0,0.003
2025-08-11 22:00:00,1754949612.0,0.003
2025-08-11 23:00:00,1754953202.0,0.003
2025-08-12 00:00:00,1754956809.0,0.003
2025-08-12 01:00:00,1754960402.0,0.003
2025-08-12 02:00:00,1754964008.0,0.003
2025-08-12 03:00:00,1754967603.0,0.003
2025-08-12 04:00:00,1754971206.0,0.003
2025-08-12 05:00:00,1754974807.0,0.003
2025-08-12 06:00:00,1754978407.0,0.003
2025-08-12 07:00:00,1754982006.0,0.003
2025-08-12 08:00:00,1754985613.0,0.003
2025-08-12 09:00:00,1754989211.0,0.003
2025-08-12 10:00:00,1754992810.0,0.003
2025-08-12 11:00:00,1754996411.0,0.003
2025-08-12 12:00:00,1755000004.0,0.003
2025-08-12 13:00:00,1755003603.0,0.003
2025-08-12 14:00:00,1755007204.0,0.003
2025-08-12 15:00:00,1755010815.0,0.003
2025-08-12 16:00:00,1755014406.0,0.003
2025-08-12 17:00:00,1755018004.0,0.003
2026-02-01 04:00:00,1769921294.0,0.0005
2025-08-12 18:00:00,1755021609.0,0.003
2025-08-12 19:00:00,1755025206.0,0.003
2025-08-12 20:00:00,1755028803.0,0.003
2025-08-12 21:00:00,1755032409.0,0.003
2025-08-12 22:00:00,1755036007.0,0.003
2025-08-12 23:00:00,1755039613.0,0.003
2025-08-13 00:00:00,1755043204.0,0.003
2025-08-13 01:00:00,1755046811.0,0.003
2025-08-13 02:00:00,1755050411.0,0.003
2025-08-13 03:00:00,1755054012.0,0.003
2025-08-13 04:00:00,1755057607.0,0.003
2025-08-13 05:00:00,1755061205.0,0.003
2025-08-13 06:00:00,1755064816.0,0.003
2025-08-13 07:00:00,1755068403.0,0.003
2025-08-13 08:00:00,1755072010.0,0.003
2025-08-13 09:00:00,1755075617.0,0.003
2025-08-13 10:00:00,1755079204.0,0.003
2025-08-13 11:00:00,1755082807.0,0.003
2025-08-13 12:00:00,1755086416.0,0.003
2025-08-13 13:00:00,1755090019.0,0.003
2025-08-13 14:00:00,1755093607.0,0.003
2025-08-13 15:00:00,1755097210.0,0.003
2025-08-13 16:00:00,1755100809.0,0.003
2025-08-13 17:00:00,1755104405.0,0.003
2025-08-13 18:00:00,1755108010.0,0.003
2025-08-13 19:00:00,1755111612.0,0.0025
2025-08-13 20:00:00,1755115203.0,0.0025
2025-08-13 21:00:00,1755118816.0,0.0025
2025-08-13 22:00:00,1755122402.0,0.0025
2025-08-13 23:00:00,1755126007.0,0.0025
2025-08-14 00:00:00,1755129606.0,0.0025
2025-08-14 01:00:00,1755133205.0,0.0025
2025-08-14 02:00:00,1755136805.0,0.0025
2025-08-14 03:00:00,1755140416.0,0.0025
2025-08-14 04:00:00,1755144005.0,0.0025
2025-08-14 05:00:00,1755147613.0,0.0025
2025-08-14 06:00:00,1755151203.0,0.0025
2025-08-14 07:00:00,1755154812.0,0.0025
2025-08-14 08:00:00,1755158407.0,0.0025
2025-08-14 09:00:00,1755162005.0,0.0025
2025-08-14 10:00:00,1755165603.0,0.0025
2025-08-14 11:00:00,1755169202.0,0.0025
2025-08-14 12:00:00,1755172810.0,0.0025
2025-08-14 13:00:00,1755176412.0,0.0025
2025-08-14 14:00:00,1755180007.0,0.0025
2025-08-14 15:00:00,1755183610.0,0.0025
2025-08-14 16:00:00,1755187214.0,0.0025
2025-08-14 17:00:00,1755190815.0,0.0025
2025-08-14 18:00:00,1755194414.0,0.0025
2025-08-14 19:00:00,1755198006.0,0.0025
2025-08-14 20:00:00,1755201602.0,0.0025
2025-08-14 21:00:00,1755205210.0,0.0025
2025-08-14 22:00:00,1755208802.0,0.0025
2025-08-14 23:00:00,1755212408.0,0.0025
2025-08-15 00:00:00,1755216002.0,0.0025
2025-08-15 01:00:00,1755219604.0,0.0025
2025-08-15 02:00:00,1755223205.0,0.0025
2025-08-15 03:00:00,1755226809.0,0.0025
2025-08-15 04:00:00,1755230405.0,0.0025
2025-08-15 05:00:00,1755234004.0,0.0025
2025-08-15 06:00:00,1755237605.0,0.0025
2025-08-15 07:00:00,1755241204.0,0.0025
2025-08-15 08:00:00,1755244811.0,0.0025
2025-08-15 09:00:00,1755248415.0,0.0025
2025-08-15 10:00:00,1755252005.0,0.0025
2025-08-15 11:00:00,1755255602.0,0.0025
2025-08-15 12:00:00,1755259211.0,0.0025
2025-08-15 13:00:00,1755262816.0,0.0025
2025-08-15 14:00:00,1755266417.0,0.0025
2025-08-15 15:00:00,1755270009.0,0.0025
2025-08-15 16:00:00,1755273617.0,0.0025
2025-08-15 17:00:00,1755277213.0,0.0025
2025-08-15 18:00:00,1755280817.0,0.0025
2025-08-15 19:00:00,1755284415.0,0.0025
2025-08-15 20:00:00,1755288014.0,0.0025
2025-08-15 21:00:00,1755291605.0,0.0025
2025-08-15 22:00:00,1755295207.0,0.0025
2025-08-15 23:00:00,1755298813.0,0.0025
2025-08-16 00:00:00,1755302410.0,0.0025
2025-08-16 01:00:00,1755306008.0,0.0025
2025-08-16 02:00:00,1755309609.0,0.0025
2025-08-16 03:00:00,1755313216.0,0.0025
2025-08-16 04:00:00,1755316808.0,0.0025
2025-08-16 05:00:00,1755320407.0,0.0025
2025-08-16 06:00:00,1755324015.0,0.0025
2025-08-16 07:00:00,1755327612.0,0.0025
2025-08-16 08:00:00,1755331214.0,0.0025
2025-08-16 09:00:00,1755334805.0,0.003
2025-08-16 10:00:00,1755338409.0,0.003
2025-08-16 11:00:00,1755342014.0,0.003
2025-08-16 12:00:00,1755345616.0,0.003
2025-08-16 13:00:00,1755349211.0,0.003
2025-08-16 14:00:00,1755352802.0,0.003
2025-08-16 15:00:00,1755356417.0,0.0025
2025-08-16 16:00:00,1755360005.0,0.0025
2025-08-16 17:00:00,1755363612.0,0.0025
2025-08-16 18:00:00,1755367214.0,0.0025
2025-08-16 19:00:00,1755370804.0,0.0025
2025-08-16 20:00:00,1755374405.0,0.0025
2025-08-16 21:00:00,1755378015.0,0.0025
2025-08-16 22:00:00,1755381612.0,0.0025
2025-08-16 23:00:00,1755385204.0,0.0025
2025-08-17 00:00:00,1755388813.0,0.0025
2025-08-17 01:00:00,1755392408.0,0.0025
2025-08-17 02:00:00,1755396006.0,0.0025
2025-08-17 03:00:00,1755399609.0,0.0025
2025-08-17 04:00:00,1755403206.0,0.0025
2025-08-17 05:00:00,1755406814.0,0.0025
2025-08-17 06:00:00,1755410405.0,0.0025
2025-08-17 07:00:00,1755414004.0,0.0025
2025-08-17 08:00:00,1755417611.0,0.0025
2025-08-17 09:00:00,1755421209.0,0.0025
2025-08-17 10:00:00,1755424806.0,0.0025
2025-08-17 11:00:00,1755428410.0,0.0025
2025-08-17 12:00:00,1755432007.0,0.0025
2025-08-17 13:00:00,1755435609.0,0.0025
2025-08-17 14:00:00,1755439214.0,0.0025
2025-08-17 15:00:00,1755442816.0,0.0025
2025-08-17 16:00:00,1755446408.0,0.0025
2025-08-17 17:00:00,1755450005.0,0.0025
2025-08-17 18:00:00,1755453614.0,0.0025
2025-08-17 19:00:00,1755457214.0,0.0025
2025-08-17 20:00:00,1755460813.0,0.0025
2025-08-17 21:00:00,1755464407.0,0.0025
2025-08-17 22:00:00,1755468004.0,0.0025
2025-08-17 23:00:00,1755471609.0,0.0025
2025-08-18 00:00:00,1755475207.0,0.0025
2025-08-18 01:00:00,1755478803.0,0.0025
2025-08-18 02:00:00,1755482412.0,0.0025
2025-08-18 03:00:00,1755486002.0,0.0025
2025-08-18 04:00:00,1755489606.0,0.0025
2025-08-18 05:00:00,1755493212.0,0.0025
2025-08-18 06:00:00,1755496807.0,0.0025
2025-08-18 07:00:00,1755500406.0,0.0025
2025-08-18 08:00:00,1755504006.0,0.0025
2025-08-18 09:00:00,1755507622.0,0.0025
2025-08-18 10:00:00,1755511214.0,0.0025
2025-08-18 11:00:00,1755514815.0,0.0025
2025-08-18 12:00:00,1755518406.0,0.0025
2025-08-18 13:00:00,1755522015.0,0.0025
2025-08-18 14:00:00,1755525616.0,0.003
2025-08-18 15:00:00,1755529205.0,0.003
2025-08-18 16:00:00,1755532810.0,0.003
2025-08-18 17:00:00,1755536408.0,0.003
2025-08-18 18:00:00,1755540005.0,0.0025
2025-08-18 19:00:00,1755543602.0,0.0025
2025-08-18 20:00:00,1755547208.0,0.0025
2025-08-18 21:00:00,1755550806.0,0.0025
2025-08-18 22:00:00,1755554405.0,0.0025
2025-08-18 23:00:00,1755558004.0,0.0025
2025-08-19 00:00:00,1755561614.0,0.0025
2025-08-19 01:00:00,1755565209.0,0.0025
2025-08-19 02:00:00,1755568807.0,0.0025
2025-08-19 03:00:00,1755572411.0,0.0025
2025-08-19 04:00:00,1755576013.0,0.0025
2025-08-19 05:00:00,1755579614.0,0.0025
2025-08-19 06:00:00,1755583202.0,0.0025
2025-08-19 07:00:00,1755586811.0,0.0025
2025-08-19 08:00:00,1755590406.0,0.0025
2025-08-19 09:00:00,1755594010.0,0.0025
2025-08-19 10:00:00,1755597602.0,0.0025
2025-08-19 11:00:00,1755601209.0,0.0025
2025-08-19 12:00:00,1755604802.0,0.0025
2025-08-19 13:00:00,1755608403.0,0.0025
2025-08-19 14:00:00,1755612009.0,0.0025
2025-08-19 15:00:00,1755615607.0,0.0025
2025-08-19 16:00:00,1755619218.0,0.0025
2025-08-19 17:00:00,1755622807.0,0.0025
2025-08-19 18:00:00,1755626405.0,0.0025
2025-08-19 19:00:00,1755630003.0,0.0025
2025-08-19 20:00:00,1755633611.0,0.0025
2025-08-19 21:00:00,1755637217.0,0.0025
2025-08-19 22:00:00,1755640803.0,0.0025
2025-08-19 23:00:00,1755644408.0,0.0025
2025-08-20 00:00:00,1755648007.0,0.0025
2025-08-20 01:00:00,1755651608.0,0.0025
2025-08-20 02:00:00,1755655207.0,0.0025
2025-08-20 03:00:00,1755658806.0,0.0025
2025-08-20 04:00:00,1755662405.0,0.0025
2025-08-20 05:00:00,1755666014.0,0.0025
2025-08-20 06:00:00,1755669613.0,0.0025
2025-08-20 07:00:00,1755673205.0,0.0025
2025-08-20 08:00:00,1755676811.0,0.0025
2025-08-20 09:00:00,1755680408.0,0.0025
2025-08-20 10:00:00,1755684013.0,0.0025
2025-08-20 11:00:00,1755687615.0,0.0025
2025-08-20 12:00:00,1755691213.0,0.0025
2025-08-20 13:00:00,1755694804.0,0.0025
2025-08-20 14:00:00,1755698415.0,0.0025
2025-08-20 15:00:00,1755702010.0,0.0025
2025-08-20 16:00:00,1755705608.0,0.0025
2025-08-20 17:00:00,1755709213.0,0.0025
2025-08-20 18:00:00,1755712813.0,0.0025
2025-08-20 19:00:00,1755716416.0,0.0025
2025-08-20 20:00:00,1755720013.0,0.0025
2025-08-20 21:00:00,1755723610.0,0.0025
2025-08-20 22:00:00,1755727204.0,0.0025
2025-08-20 23:00:00,1755730802.0,0.0025
2025-08-21 00:00:00,1755734406.0,0.0025
2025-08-21 01:00:00,1755738008.0,0.0025
2025-08-21 02:00:00,1755741606.0,0.0025
2025-08-21 03:00:00,1755745208.0,0.0025
2025-08-21 04:00:00,1755748807.0,0.0025
2025-08-21 05:00:00,1755752413.0,0.0025
2025-08-21 06:00:00,1755756002.0,0.0025
2025-08-21 07:00:00,1755759609.0,0.0025
2025-08-21 08:00:00,1755763210.0,0.0025
2025-08-21 09:00:00,1755766806.0,0.0025
2025-08-21 10:00:00,1755770404.0,0.0025
2025-08-21 11:00:00,1755774002.0,0.0025
2025-08-21 12:00:00,1755777609.0,0.0025
2025-08-21 13:00:00,1755781212.0,0.0025
2025-08-21 14:00:00,1755784806.0,0.0025
2025-08-21 15:00:00,1755788405.0,0.0025
2025-08-21 16:00:00,1755792014.0,0.0025
2025-08-21 17:00:00,1755795603.0,0.0025
2025-08-21 18:00:00,1755799203.0,0.0025
2025-08-21 19:00:00,1755802802.0,0.0025
2025-08-21 20:00:00,1755806412.0,0.0025
2025-08-21 21:00:00,1755810016.0,0.0025
2025-08-21 22:00:00,1755813611.0,0.0025
2025-08-21 23:00:00,1755817211.0,0.0025
2025-08-22 00:00:00,1755820807.0,0.0025
2025-08-22 01:00:00,1755824409.0,0.0025
2025-08-22 02:00:00,1755828006.0,0.0025
2025-08-22 03:00:00,1755831609.0,0.0025
2025-08-22 04:00:00,1755835203.0,0.0025
2025-08-22 05:00:00,1755838803.0,0.0025
2025-08-22 06:00:00,1755842404.0,0.0025
2025-08-22 07:00:00,1755846017.0,0.0025
2025-08-22 08:00:00,1755849606.0,0.0025
2025-08-22 09:00:00,1755853212.0,0.0025
2025-08-22 10:00:00,1755856817.0,0.0025
2025-08-22 11:00:00,1755860415.0,0.0025
2025-08-22 12:00:00,1755864008.0,0.0025
2025-08-22 13:00:00,1755867611.0,0.0025
2025-08-22 14:00:00,1755871219.0,0.0025
2025-08-22 15:00:00,1755874816.0,0.0025
2025-08-22 16:00:00,1755878412.0,0.0025
2025-08-22 17:00:00,1755882019.0,0.0025
2025-08-22 18:00:00,1755885608.0,0.0025
2025-08-22 19:00:00,1755889205.0,0.0025
2025-08-22 20:00:00,1755892805.0,0.0025
2025-08-22 21:00:00,1755896412.0,0.0025
2025-08-22 22:00:00,1755900002.0,0.0025
2025-08-22 23:00:00,1755903614.0,0.0025
2025-08-23 00:00:00,1755907210.0,0.0025
2025-08-23 01:00:00,1755910810.0,0.0025
2025-08-23 02:00:00,1755914405.0,0.0025
2025-08-23 03:00:00,1755918009.0,0.0025
2025-08-23 04:00:00,1755921610.0,0.0025
2025-08-23 05:00:00,1755925213.0,0.0025
2025-08-23 06:00:00,1755928818.0,0.0025
2025-08-23 07:00:00,1755932419.0,0.0025
2025-08-23 08:00:00,1755936018.0,0.0025
2025-08-23 09:00:00,1755939618.0,0.0025
2025-08-23 10:00:00,1755943205.0,0.0025
2025-08-23 11:00:00,1755946815.0,0.0025
2025-08-23 12:00:00,1755950406.0,0.0025
2025-08-23 13:00:00,1755954003.0,0.0025
2025-08-23 14:00:00,1755957605.0,0.0025
2025-08-23 15:00:00,1755961209.0,0.0025
2025-08-23 16:00:00,1755964807.0,0.0025
2025-08-23 17:00:00,1755968408.0,0.0025
2025-08-23 18:00:00,1755972012.0,0.0025
2025-08-23 19:00:00,1755975614.0,0.0025
2025-08-23 20:00:00,1755979205.0,0.0025
2025-08-23 21:00:00,1755982812.0,0.0025
2025-08-23 22:00:00,1755986409.0,0.0025
2025-08-23 23:00:00,1755990010.0,0.0025
2025-08-24 00:00:00,1755993610.0,0.0025
2025-08-24 01:00:00,1755997208.0,0.0025
2025-08-24 02:00:00,1756000808.0,0.0025
2025-08-24 03:00:00,1756004404.0,0.0025
2025-08-24 04:00:00,1756008006.0,0.002
2025-08-24 05:00:00,1756011610.0,0.002
2025-08-24 06:00:00,1756015216.0,0.002
2025-08-24 07:00:00,1756018802.0,0.002
2025-08-24 08:00:00,1756022410.0,0.002
2025-08-24 09:00:00,1756026017.0,0.002
2025-08-24 10:00:00,1756029609.0,0.0015
2025-08-24 11:00:00,1756033215.0,0.0015
2025-08-24 12:00:00,1756036815.0,0.0015
2025-08-24 13:00:00,1756040404.0,0.0015
2025-08-24 14:00:00,1756044016.0,0.0015
2025-08-24 15:00:00,1756047611.0,0.0015
2025-08-24 16:00:00,1756051207.0,0.0015
2025-08-24 17:00:00,1756054803.0,0.0015
2025-08-24 18:00:00,1756058414.0,0.0015
2025-08-24 19:00:00,1756062008.0,0.0015
2025-08-24 20:00:00,1756065605.0,0.0015
2025-08-24 21:00:00,1756069207.0,0.0015
2025-08-24 22:00:00,1756072802.0,0.0015
2025-08-24 23:00:00,1756076414.0,0.0015
2025-08-25 00:00:00,1756080004.0,0.0015
2025-08-25 01:00:00,1756083607.0,0.0015
2025-08-25 02:00:00,1756087212.0,0.0015
2025-08-25 03:00:00,1756090804.0,0.0015
2025-08-25 04:00:00,1756094415.0,0.0015
2025-08-25 05:00:00,1756098013.0,0.0015
2025-08-25 06:00:00,1756101615.0,0.0015
2025-08-25 07:00:00,1756105205.0,0.0015
2025-08-25 08:00:00,1756108805.0,0.0015
2025-08-25 09:00:00,1756112402.0,0.0015
2025-08-25 10:00:00,1756116004.0,0.0015
2025-08-25 11:00:00,1756119602.0,0.0015
2025-08-25 12:00:00,1756123210.0,0.0015
2025-08-25 13:00:00,1756126802.0,0.0015
2025-08-25 14:00:00,1756130404.0,0.0015
2025-08-25 15:00:00,1756134009.0,0.0015
2025-08-25 16:00:00,1756137607.0,0.0015
2025-08-25 17:00:00,1756141205.0,0.0015
2025-08-25 18:00:00,1756144814.0,0.0015
2025-08-25 19:00:00,1756148413.0,0.0015
2025-08-25 20:00:00,1756152006.0,0.0015
2025-08-25 21:00:00,1756155604.0,0.0015
2025-08-25 22:00:00,1756159211.0,0.0015
2025-08-25 23:00:00,1756162813.0,0.0015
2025-08-26 00:00:00,1756166407.0,0.0015
2025-08-26 01:00:00,1756170007.0,0.0015
2025-08-26 02:00:00,1756173611.0,0.0015
2025-08-26 03:00:00,1756177205.0,0.0015
2025-08-26 04:00:00,1756180812.0,0.0015
2025-08-26 05:00:00,1756184409.0,0.0015
2025-08-26 06:00:00,1756188015.0,0.0015
2025-08-26 07:00:00,1756191614.0,0.0015
2025-08-26 08:00:00,1756195215.0,0.0015
2025-08-26 09:00:00,1756198809.0,0.0015
2025-08-26 10:00:00,1756202402.0,0.0015
2025-08-26 11:00:00,1756206002.0,0.0015
2025-08-26 12:00:00,1756209616.0,0.0015
2025-08-26 13:00:00,1756213217.0,0.0015
2025-08-26 14:00:00,1756216809.0,0.0015
2025-08-26 15:00:00,1756220407.0,0.0015
2025-08-26 16:00:00,1756224017.0,0.0015
2025-08-26 17:00:00,1756227618.0,0.0015
2025-08-26 18:00:00,1756231207.0,0.0015
2025-08-26 19:00:00,1756234809.0,0.0015
2025-08-26 20:00:00,1756238416.0,0.0015
2025-08-26 21:00:00,1756242005.0,0.0015
2025-08-26 22:00:00,1756245604.0,0.0015
2025-08-26 23:00:00,1756249212.0,0.0015
2025-08-27 00:00:00,1756252803.0,0.0015
2025-08-27 01:00:00,1756256407.0,0.0015
2025-08-27 02:00:00,1756260008.0,0.0015
2025-08-27 03:00:00,1756263614.0,0.0015
2025-08-27 04:00:00,1756267202.0,0.0015
2025-08-27 05:00:00,1756270811.0,0.0015
2025-08-27 06:00:00,1756274408.0,0.0015
2025-08-27 07:00:00,1756278015.0,0.0015
2025-08-27 08:00:00,1756281607.0,0.0015
2025-08-27 09:00:00,1756285218.0,0.0015
2025-08-27 10:00:00,1756288808.0,0.0015
2025-08-27 11:00:00,1756292416.0,0.0015
2025-08-27 12:00:00,1756296005.0,0.0015
2025-08-27 13:00:00,1756299602.0,0.0015
2025-08-27 14:00:00,1756303217.0,0.0015
2025-08-27 15:00:00,1756306805.0,0.0015
2025-08-27 16:00:00,1756310406.0,0.0015
2025-08-27 17:00:00,1756314013.0,0.0015
2025-08-27 18:00:00,1756317617.0,0.0015
2025-08-27 19:00:00,1756321211.0,0.0015
2025-08-27 20:00:00,1756324813.0,0.0015
2025-08-27 21:00:00,1756328412.0,0.0015
2025-08-27 22:00:00,1756332019.0,0.0015
2025-08-27 23:00:00,1756335619.0,0.0015
2025-08-28 00:00:00,1756339207.0,0.0015
2025-08-28 01:00:00,1756342808.0,0.0015
2025-08-28 02:00:00,1756346412.0,0.0015
2025-08-28 03:00:00,1756350015.0,0.0015
2025-08-28 04:00:00,1756353604.0,0.0015
2025-08-28 05:00:00,1756357219.0,0.0015
2025-08-28 06:00:00,1756360813.0,0.0015
2025-08-28 07:00:00,1756364410.0,0.0015
2025-08-28 08:00:00,1756368004.0,0.0015
2025-08-28 09:00:00,1756371612.0,0.0015
2025-08-28 10:00:00,1756375212.0,0.0015
2025-08-28 11:00:00,1756378805.0,0.0015
2025-08-28 12:00:00,1756382418.0,0.0015
2025-08-28 13:00:00,1756386010.0,0.0015
2025-08-28 14:00:00,1756389602.0,0.0015
2025-08-28 15:00:00,1756393213.0,0.0015
2025-08-28 16:00:00,1756396816.0,0.0015
2025-08-28 17:00:00,1756400414.0,0.0015
2025-08-28 18:00:00,1756404011.0,0.0015
2025-08-28 19:00:00,1756407607.0,0.0015
2025-08-28 20:00:00,1756411216.0,0.0015
2025-08-28 21:00:00,1756414815.0,0.0015
2025-08-28 22:00:00,1756418419.0,0.0015
2025-08-28 23:00:00,1756422016.0,0.0015
2025-08-29 00:00:00,1756425615.0,0.0015
2025-08-29 01:00:00,1756429208.0,0.0015
2025-08-29 02:00:00,1756432815.0,0.0015
2025-08-29 03:00:00,1756436408.0,0.0015
2025-08-29 04:00:00,1756440004.0,0.0015
2025-08-29 05:00:00,1756443615.0,0.0015
2025-08-29 06:00:00,1756447221.0,0.0015
2025-08-29 07:00:00,1756450803.0,0.0015
2025-08-29 08:00:00,1756454409.0,0.0015
2025-08-29 09:00:00,1756458024.0,0.0015
2025-08-29 10:00:00,1756461604.0,0.0015
2025-08-29 11:00:00,1756465204.0,0.0015
2025-08-29 12:00:00,1756468811.0,0.0015
2025-08-29 13:00:00,1756472412.0,0.0015
2025-08-29 14:00:00,1756476006.0,0.0015
2025-08-29 15:00:00,1756479615.0,0.0015
2025-08-29 16:00:00,1756483204.0,0.0015
2025-08-29 17:00:00,1756486806.0,0.0015
2025-08-29 18:00:00,1756490418.0,0.0015
2025-08-29 19:00:00,1756494016.0,0.0015
2025-08-29 20:00:00,1756497620.0,0.0015
2025-08-29 21:00:00,1756501217.0,0.0015
2025-08-29 22:00:00,1756504819.0,0.0015
2025-08-29 23:00:00,1756508410.0,0.0015
2025-08-30 00:00:00,1756512007.0,0.0015
2025-08-30 01:00:00,1756515603.0,0.0015
2025-08-30 02:00:00,1756519206.0,0.0015
2025-08-30 03:00:00,1756522817.0,0.0015
2025-08-30 04:00:00,1756526419.0,0.0015
2025-08-30 05:00:00,1756530017.0,0.0015
2025-08-30 06:00:00,1756533616.0,0.0015
2025-08-30 07:00:00,1756537207.0,0.0015
2025-08-30 08:00:00,1756540813.0,0.0015
2025-08-30 09:00:00,1756544411.0,0.0015
2025-08-30 10:00:00,1756548006.0,0.0015
2025-08-30 11:00:00,1756551608.0,0.0015
2025-08-30 12:00:00,1756555210.0,0.0015
2025-08-30 13:00:00,1756558809.0,0.0015
2025-08-30 14:00:00,1756562419.0,0.0015
2025-08-30 15:00:00,1756566009.0,0.0015
2025-08-30 16:00:00,1756569610.0,0.0015
2025-08-30 17:00:00,1756573207.0,0.0015
2025-08-30 18:00:00,1756576817.0,0.0015
2025-08-30 19:00:00,1756580402.0,0.0015
2025-08-30 20:00:00,1756584021.0,0.0015
2025-08-30 21:00:00,1756587609.0,0.0015
2025-08-30 22:00:00,1756591204.0,0.0015
2025-08-30 23:00:00,1756594811.0,0.0015
2025-08-31 00:00:00,1756598416.0,0.0015
2025-08-31 01:00:00,1756602012.0,0.0015
2025-08-31 02:00:00,1756605616.0,0.0015
2025-08-31 03:00:00,1756609220.0,0.0015
2025-08-31 04:00:00,1756612802.0,0.0015
2025-08-31 05:00:00,1756616422.0,0.0015
2025-08-31 06:00:00,1756620015.0,0.0015
2025-08-31 07:00:00,1756623623.0,0.0015
2025-08-31 08:00:00,1756627208.0,0.0015
2025-08-31 09:00:00,1756630826.0,0.0015
2025-08-31 10:00:00,1756634405.0,0.0015
2025-08-31 11:00:00,1756638022.0,0.0015
2025-08-31 12:00:00,1756641630.0,0.0015
2025-08-31 13:00:00,1756645218.0,0.0015
2025-08-31 14:00:00,1756648804.0,0.0015
2025-08-31 15:00:00,1756652407.0,0.0015
2025-08-31 16:00:00,1756656014.0,0.0015
2025-08-31 17:00:00,1756659621.0,0.0015
2025-08-31 18:00:00,1756663214.0,0.0015
2025-08-31 19:00:00,1756666802.0,0.0015
2025-08-31 20:00:00,1756670415.0,0.0015
2025-08-31 21:00:00,1756674023.0,0.0015
2025-08-31 22:00:00,1756677623.0,0.0015
2025-08-31 23:00:00,1756681213.0,0.0015
2025-09-01 00:00:00,1756684812.0,0.0015
2025-09-01 01:00:00,1756688405.0,0.0015
2025-09-01 02:00:00,1756692015.0,0.0015
2025-09-01 03:00:00,1756695604.0,0.0015
2025-09-01 04:00:00,1756699210.0,0.0015
2025-09-01 05:00:00,1756702802.0,0.0015
2025-09-01 06:00:00,1756706417.0,0.0015
2025-09-01 07:00:00,1756710009.0,0.0015
2025-09-01 08:00:00,1756713602.0,0.0015
2025-09-01 09:00:00,1756717215.0,0.0015
2025-09-01 10:00:00,1756720819.0,0.0015
2025-09-01 11:00:00,1756724420.0,0.0015
2025-09-01 12:00:00,1756728019.0,0.0015
2025-09-01 13:00:00,1756731618.0,0.0015
2025-09-01 14:00:00,1756735218.0,0.0015
2025-09-01 15:00:00,1756738813.0,0.0015
2025-09-01 16:00:00,1756742410.0,0.0015
2025-09-01 17:00:00,1756746004.0,0.0015
2025-09-01 18:00:00,1756749619.0,0.0015
2025-09-01 19:00:00,1756753214.0,0.0015
2025-09-01 20:00:00,1756756811.0,0.0015
2025-09-01 21:00:00,1756760413.0,0.0015
2025-09-01 22:00:00,1756764014.0,0.0015
2025-09-01 23:00:00,1756767602.0,0.0015
2025-09-02 00:00:00,1756771215.0,0.0015
2025-09-02 01:00:00,1756774812.0,0.0015
2025-09-02 02:00:00,1756778413.0,0.0015
2025-09-02 03:00:00,1756782007.0,0.0015
2025-09-02 04:00:00,1756785611.0,0.0015
2025-09-02 05:00:00,1756789218.0,0.0015
2025-09-02 06:00:00,1756792818.0,0.0015
2025-09-02 07:00:00,1756796422.0,0.0015
2025-09-02 08:00:00,1756800014.0,0.0015
2025-09-02 09:00:00,1756803615.0,0.0015
2025-09-02 10:00:00,1756807217.0,0.0015
2025-09-02 11:00:00,1756810806.0,0.0015
2025-09-02 12:00:00,1756814405.0,0.0015
2025-09-02 13:00:00,1756818002.0,0.0015
2025-09-02 14:00:00,1756821612.0,0.0015
2025-09-02 15:00:00,1756825214.0,0.0015
2025-09-02 16:00:00,1756828805.0,0.0015
2025-09-02 17:00:00,1756832423.0,0.0015
2025-09-02 18:00:00,1756836003.0,0.0015
2025-09-02 19:00:00,1756839617.0,0.0015
2025-09-02 20:00:00,1756843219.0,0.0015
2025-09-02 21:00:00,1756846812.0,0.0015
2025-09-02 22:00:00,1756850416.0,0.0015
2025-09-02 23:00:00,1756854019.0,0.0015
2025-09-03 00:00:00,1756857614.0,0.0015
2025-09-03 01:00:00,1756861211.0,0.0015
2025-09-03 02:00:00,1756864802.0,0.0015
2025-09-03 03:00:00,1756868421.0,0.0015
2025-09-03 04:00:00,1756872019.0,0.0015
2025-09-03 05:00:00,1756875610.0,0.0015
2025-09-03 06:00:00,1756879205.0,0.0015
2025-09-03 07:00:00,1756882823.0,0.0015
2025-09-03 08:00:00,1756886406.0,0.0015
2025-09-03 09:00:00,1756890026.0,0.0015
2025-09-03 10:00:00,1756893622.0,0.0015
2025-09-03 11:00:00,1756897220.0,0.0015
2025-09-03 12:00:00,1756900809.0,0.0015
2025-09-03 13:00:00,1756904404.0,0.0015
2025-09-03 14:00:00,1756908022.0,0.0015
2025-09-03 15:00:00,1756911608.0,0.0015
2025-09-03 16:00:00,1756915208.0,0.0015
2025-09-03 17:00:00,1756918814.0,0.0015
2025-09-03 18:00:00,1756922403.0,0.0015
2025-09-03 19:00:00,1756926004.0,0.0015
2025-09-03 20:00:00,1756929613.0,0.0015
2025-09-03 21:00:00,1756933212.0,0.0015
2025-09-03 22:00:00,1756936813.0,0.0015
2025-09-03 23:00:00,1756940418.0,0.0015
2025-09-04 00:00:00,1756944016.0,0.0015
2025-09-04 01:00:00,1756947616.0,0.0015
2025-09-04 02:00:00,1756951207.0,0.0015
2025-09-04 03:00:00,1756954820.0,0.0015
2025-09-04 04:00:00,1756958416.0,0.0015
2025-09-04 05:00:00,1756962014.0,0.0015
2025-09-04 06:00:00,1756965616.0,0.0015
2025-09-04 07:00:00,1756969214.0,0.0015
2025-09-04 08:00:00,1756972816.0,0.0015
2025-09-04 09:00:00,1756976416.0,0.0015
2025-09-04 10:00:00,1756980007.0,0.0015
2025-09-04 11:00:00,1756983604.0,0.0015
2025-09-04 12:00:00,1756987215.0,0.0015
2025-09-04 13:00:00,1756990820.0,0.0015
2025-09-04 14:00:00,1756994404.0,0.0015
2025-09-04 15:00:00,1756998006.0,0.0015
2025-09-04 16:00:00,1757001608.0,0.0015
2025-09-04 17:00:00,1757005210.0,0.0015
2025-09-04 18:00:00,1757008815.0,0.0015
2025-09-04 19:00:00,1757012423.0,0.0015
2025-09-04 20:00:00,1757016002.0,0.0015
2025-09-04 21:00:00,1757019608.0,0.0015
2025-09-04 22:00:00,1757023218.0,0.0015
2025-09-04 23:00:00,1757026823.0,0.0015
2025-09-05 00:00:00,1757030409.0,0.0015
2025-09-05 01:00:00,1757034010.0,0.0015
2025-09-05 02:00:00,1757037605.0,0.0015
2025-09-05 03:00:00,1757041214.0,0.0015
2025-09-05 04:00:00,1757044808.0,0.0015
2025-09-05 05:00:00,1757048416.0,0.0015
2025-09-05 06:00:00,1757052019.0,0.0015
2025-09-05 07:00:00,1757055605.0,0.0015
2025-09-05 08:00:00,1757059213.0,0.0015
2025-09-05 09:00:00,1757062805.0,0.0015
2025-09-05 10:00:00,1757066414.0,0.0015
2025-09-05 11:00:00,1757070005.0,0.0015
2025-09-05 12:00:00,1757073608.0,0.0015
2025-09-05 13:00:00,1757077207.0,0.0015
2025-09-05 14:00:00,1757080820.0,0.0015
2025-09-05 15:00:00,1757084404.0,0.0015
2025-09-05 16:00:00,1757088010.0,0.0015
2025-09-05 17:00:00,1757091620.0,0.0015
2025-09-05 18:00:00,1757095224.0,0.0015
2025-09-05 19:00:00,1757098807.0,0.0015
2025-09-05 20:00:00,1757102417.0,0.0015
2025-09-05 21:00:00,1757106010.0,0.0015
2025-09-05 22:00:00,1757109613.0,0.0015
2025-09-05 23:00:00,1757113202.0,0.0015
2025-09-06 00:00:00,1757116819.0,0.0015
2025-09-06 01:00:00,1757120414.0,0.0015
2025-09-06 02:00:00,1757124003.0,0.0015
2025-09-06 03:00:00,1757127618.0,0.0015
2025-09-06 04:00:00,1757131205.0,0.0015
2025-09-06 05:00:00,1757134813.0,0.0015
2025-09-06 06:00:00,1757138404.0,0.0015
2025-09-06 07:00:00,1757142011.0,0.0015
2025-09-06 08:00:00,1757145605.0,0.0015
2025-09-06 09:00:00,1757149208.0,0.0015
2025-09-06 10:00:00,1757152807.0,0.0015
2025-09-06 11:00:00,1757156417.0,0.0015
2025-09-06 12:00:00,1757160023.0,0.0015
2025-09-06 13:00:00,1757163614.0,0.0015
2025-09-06 14:00:00,1757167207.0,0.0015
2025-09-06 15:00:00,1757170821.0,0.0015
2025-09-06 16:00:00,1757174412.0,0.0015
2025-09-06 17:00:00,1757178018.0,0.0015
2025-09-06 18:00:00,1757181618.0,0.0015
2025-09-06 19:00:00,1757185204.0,0.0015
2025-09-06 20:00:00,1757188808.0,0.0015
2025-09-06 21:00:00,1757192412.0,0.0015
2025-09-06 22:00:00,1757196015.0,0.0015
2025-09-06 23:00:00,1757199602.0,0.0015
2025-09-07 00:00:00,1757203212.0,0.0015
2025-09-07 01:00:00,1757206802.0,0.0015
2025-09-07 02:00:00,1757210417.0,0.0015
2025-09-07 03:00:00,1757214010.0,0.0015
2025-09-07 04:00:00,1757217608.0,0.0015
2025-09-07 05:00:00,1757221215.0,0.0015
2025-09-07 06:00:00,1757224822.0,0.0015
2025-09-07 07:00:00,1757228410.0,0.0015
2025-09-07 08:00:00,1757232011.0,0.0015
2025-09-07 09:00:00,1757235605.0,0.0015
2025-09-07 10:00:00,1757239223.0,0.0015
2025-09-07 11:00:00,1757242811.0,0.0015
2025-09-07 12:00:00,1757246413.0,0.0015
2025-09-07 13:00:00,1757250007.0,0.0015
2025-09-07 14:00:00,1757253608.0,0.0015
2025-09-07 15:00:00,1757257202.0,0.0015
2025-09-07 16:00:00,1757260820.0,0.0015
2025-09-07 17:00:00,1757264411.0,0.0015
2025-09-07 18:00:00,1757268015.0,0.0015
2025-09-07 19:00:00,1757271605.0,0.0015
2025-09-07 20:00:00,1757275217.0,0.0015
2025-09-07 21:00:00,1757278820.0,0.0015
2025-09-07 22:00:00,1757282414.0,0.0015
2025-09-07 23:00:00,1757286004.0,0.0015
2025-09-08 00:00:00,1757289611.0,0.0015
2025-09-08 01:00:00,1757293213.0,0.0015
2025-09-08 02:00:00,1757296802.0,0.0015
2025-09-08 03:00:00,1757300414.0,0.0015
2025-09-08 04:00:00,1757304011.0,0.0015
2025-09-08 05:00:00,1757307614.0,0.0015
2025-09-08 06:00:00,1757311211.0,0.0015
2025-09-08 07:00:00,1757314810.0,0.0015
2025-09-08 08:00:00,1757318406.0,0.0015
2025-09-08 09:00:00,1757322020.0,0.0015
2025-09-08 10:00:00,1757325612.0,0.0015
2025-09-08 11:00:00,1757329219.0,0.0015
2025-09-08 12:00:00,1757332826.0,0.0015
2025-09-08 13:00:00,1757336406.0,0.0015
2025-09-08 14:00:00,1757340021.0,0.0015
2025-09-08 15:00:00,1757343616.0,0.0015
2025-09-08 16:00:00,1757347210.0,0.0015
2025-09-08 17:00:00,1757350810.0,0.0015
2025-09-08 18:00:00,1757354414.0,0.0015
2025-09-08 19:00:00,1757358011.0,0.0015
2025-09-08 20:00:00,1757361605.0,0.0015
2025-09-08 21:00:00,1757365223.0,0.0015
2025-09-08 22:00:00,1757368816.0,0.0015
2025-09-08 23:00:00,1757372402.0,0.0015
2025-09-09 00:00:00,1757376012.0,0.0015
2025-09-09 01:00:00,1757379605.0,0.0015
2025-09-09 02:00:00,1757383202.0,0.0015
2025-09-09 03:00:00,1757386813.0,0.0015
2025-09-09 04:00:00,1757390404.0,0.0015
2025-09-09 05:00:00,1757394006.0,0.0015
2025-09-09 06:00:00,1757397618.0,0.0015
2025-09-09 07:00:00,1757401218.0,0.0015
2025-09-09 08:00:00,1757404818.0,0.0015
2025-09-09 09:00:00,1757408405.0,0.0015
2025-09-09 10:00:00,1757412002.0,0.0015
2025-09-09 11:00:00,1757415622.0,0.0015
2025-09-09 12:00:00,1757419202.0,0.0015
2025-09-09 13:00:00,1757422816.0,0.0015
2025-09-09 14:00:00,1757426420.0,0.0015
2025-09-09 15:00:00,1757430014.0,0.0015
2025-09-09 16:00:00,1757433611.0,0.0015
2025-09-09 17:00:00,1757437208.0,0.0015
2025-09-09 18:00:00,1757440820.0,0.0015
2025-09-09 19:00:00,1757444418.0,0.0015
2025-09-09 20:00:00,1757448013.0,0.0015
2025-09-09 21:00:00,1757451609.0,0.0015
2025-09-09 22:00:00,1757455203.0,0.0015
2025-09-09 23:00:00,1757458809.0,0.0015
2025-09-10 00:00:00,1757462413.0,0.0015
2025-09-10 01:00:00,1757466005.0,0.0015
2025-09-10 02:00:00,1757469613.0,0.0015
2025-09-10 03:00:00,1757473228.0,0.0015
2025-09-10 04:00:00,1757476814.0,0.0015
2025-09-10 05:00:00,1757480418.0,0.0015
2025-09-10 06:00:00,1757484007.0,0.0015
2025-09-10 07:00:00,1757487604.0,0.0015
2025-09-10 08:00:00,1757491215.0,0.0015
2025-09-10 09:00:00,1757494822.0,0.0015
2025-09-10 10:00:00,1757498405.0,0.0015
2025-09-10 11:00:00,1757502006.0,0.0015
2025-09-10 12:00:00,1757505622.0,0.0015
2025-09-10 13:00:00,1757509218.0,0.0015
2025-09-10 14:00:00,1757512806.0,0.0015
2025-09-10 15:00:00,1757516411.0,0.0015
2025-09-10 16:00:00,1757520003.0,0.0015
2025-09-10 17:00:00,1757523610.0,0.0015
2025-09-10 18:00:00,1757527224.0,0.0015
2025-09-10 19:00:00,1757530805.0,0.0015
2025-09-10 20:00:00,1757534408.0,0.0015
2025-09-10 21:00:00,1757538021.0,0.0015
2025-09-10 22:00:00,1757541610.0,0.0015
2025-09-10 23:00:00,1757545211.0,0.0015
2025-09-11 00:00:00,1757548805.0,0.0015
2025-09-11 01:00:00,1757552410.0,0.0015
2025-09-11 02:00:00,1757556011.0,0.0015
2025-09-11 03:00:00,1757559609.0,0.0015
2025-09-11 04:00:00,1757563209.0,0.0015
2025-09-11 05:00:00,1757566803.0,0.0015
2025-09-11 06:00:00,1757570420.0,0.0015
2025-09-11 07:00:00,1757574007.0,0.0015
2025-09-11 08:00:00,1757577612.0,0.0015
2025-09-11 09:00:00,1757581224.0,0.0015
2025-09-11 10:00:00,1757584807.0,0.0015
2025-09-11 11:00:00,1757588408.0,0.0015
2025-09-11 12:00:00,1757592017.0,0.0015
2025-09-11 13:00:00,1757595613.0,0.0015
2025-09-11 14:00:00,1757599217.0,0.0015
2025-09-11 15:00:00,1757602811.0,0.0015
2025-09-11 16:00:00,1757606413.0,0.0015
2025-09-11 17:00:00,1757610007.0,0.0015
2025-09-11 18:00:00,1757613622.0,0.0015
2025-09-11 19:00:00,1757617214.0,0.0015
2025-09-11 20:00:00,1757620822.0,0.0015
2025-09-11 21:00:00,1757624432.0,0.0015
2025-09-11 22:00:00,1757628015.0,0.0015
2025-09-11 23:00:00,1757631604.0,0.0015
2025-09-12 00:00:00,1757635205.0,0.0015
2025-09-12 01:00:00,1757638813.0,0.0015
2025-09-12 02:00:00,1757642421.0,0.0015
2025-09-12 03:00:00,1757646007.0,0.0015
2025-09-12 04:00:00,1757649617.0,0.0015
2025-09-12 05:00:00,1757653212.0,0.0015
2025-09-12 06:00:00,1757656806.0,0.0015
2025-09-12 07:00:00,1757660408.0,0.0015
2025-09-12 08:00:00,1757664014.0,0.0015
2025-09-12 09:00:00,1757667608.0,0.0015
2025-09-12 10:00:00,1757671229.0,0.0015
2025-09-12 11:00:00,1757674814.0,0.0015
2025-09-12 12:00:00,1757678411.0,0.0015
2025-09-12 13:00:00,1757682018.0,0.0015
2025-09-12 14:00:00,1757685622.0,0.0015
2025-09-12 15:00:00,1757689211.0,0.0015
2025-09-12 16:00:00,1757692810.0,0.0015
2025-09-12 17:00:00,1757696411.0,0.0015
2025-09-12 18:00:00,1757700029.0,0.0015
2025-09-12 19:00:00,1757703609.0,0.0015
2025-09-12 20:00:00,1757707202.0,0.0015
2025-09-12 21:00:00,1757710826.0,0.0015
2025-09-12 22:00:00,1757714412.0,0.0015
2025-09-12 23:00:00,1757718005.0,0.0015
2025-09-13 00:00:00,1757721613.0,0.0015
2025-09-13 01:00:00,1757725206.0,0.0015
2025-09-13 02:00:00,1757728806.0,0.0015
2025-09-13 03:00:00,1757732407.0,0.0015
2025-09-13 04:00:00,1757736018.0,0.0015
2025-09-13 05:00:00,1757739604.0,0.0015
2025-09-13 06:00:00,1757743221.0,0.0015
2025-09-13 07:00:00,1757746809.0,0.0015
2025-09-13 08:00:00,1757750419.0,0.0015
2025-09-13 09:00:00,1757754022.0,0.0015
2025-09-13 10:00:00,1757757603.0,0.0015
2025-09-13 11:00:00,1757761208.0,0.0015
2025-09-13 12:00:00,1757764806.0,0.0015
2025-09-13 13:00:00,1757768406.0,0.0015
2025-09-13 14:00:00,1757772014.0,0.0015
2025-09-13 15:00:00,1757775610.0,0.0015
2025-09-13 16:00:00,1757779218.0,0.0015
2025-09-13 17:00:00,1757782823.0,0.0015
2025-09-13 18:00:00,1757786425.0,0.0015
2025-09-13 19:00:00,1757790010.0,0.0015
2025-09-13 20:00:00,1757793608.0,0.0015
2025-09-13 21:00:00,1757797215.0,0.0015
2025-09-13 22:00:00,1757800819.0,0.0015
2025-09-13 23:00:00,1757804422.0,0.0015
2025-09-14 00:00:00,1757808018.0,0.0015
2025-09-14 01:00:00,1757811609.0,0.0015
2025-09-14 02:00:00,1757815215.0,0.0015
2025-09-14 03:00:00,1757818825.0,0.0015
2025-09-14 04:00:00,1757822423.0,0.0015
2025-09-14 05:00:00,1757826003.0,0.0015
2025-09-14 06:00:00,1757829605.0,0.0015
2025-09-14 07:00:00,1757833224.0,0.0015
2025-09-14 08:00:00,1757836814.0,0.0015
2025-09-14 09:00:00,1757840425.0,0.0015
2025-09-14 10:00:00,1757844008.0,0.0015
2025-09-14 11:00:00,1757847617.0,0.0015
2025-09-14 12:00:00,1757851232.0,0.0015
2025-09-14 13:00:00,1757854804.0,0.0015
2025-09-14 14:00:00,1757858415.0,0.0015
2025-09-14 15:00:00,1757862010.0,0.0015
2025-09-14 16:00:00,1757865616.0,0.0015
2025-09-14 17:00:00,1757869215.0,0.0015
2025-09-14 18:00:00,1757872820.0,0.0015
2025-09-14 19:00:00,1757876407.0,0.0015
2025-09-14 20:00:00,1757880005.0,0.0015
2025-09-14 21:00:00,1757883618.0,0.0015
2025-09-14 22:00:00,1757887221.0,0.0015
2025-09-14 23:00:00,1757890811.0,0.0015
2025-09-15 00:00:00,1757894403.0,0.0015
2025-09-15 01:00:00,1757898005.0,0.0015
2025-09-15 02:00:00,1757901609.0,0.0015
2025-09-15 03:00:00,1757905202.0,0.0015
2025-09-15 04:00:00,1757908806.0,0.0015
2025-09-15 05:00:00,1757912405.0,0.0015
2025-09-15 06:00:00,1757916008.0,0.0015
2025-09-15 07:00:00,1757919610.0,0.0015
2025-09-15 08:00:00,1757923212.0,0.0015
2025-09-15 09:00:00,1757926823.0,0.0015
2025-09-15 10:00:00,1757930403.0,0.0015
2025-09-15 11:00:00,1757934017.0,0.0015
2025-09-15 12:00:00,1757937602.0,0.0015
2025-09-15 13:00:00,1757941208.0,0.0015
2025-09-15 14:00:00,1757944809.0,0.0015
2025-09-15 15:00:00,1757948418.0,0.0015
2025-09-15 16:00:00,1757952009.0,0.0015
2025-09-15 17:00:00,1757955610.0,0.0015
2025-09-15 18:00:00,1757959224.0,0.0015
2025-09-15 19:00:00,1757962805.0,0.0015
2025-09-15 20:00:00,1757966417.0,0.0015
2025-09-15 21:00:00,1757970019.0,0.0015
2025-09-15 22:00:00,1757973603.0,0.0015
2025-09-15 23:00:00,1757977219.0,0.0015
2025-09-16 00:00:00,1757980811.0,0.0015
2025-09-16 01:00:00,1757984410.0,0.0015
2025-09-16 02:00:00,1757988016.0,0.0015
2025-09-16 03:00:00,1757991624.0,0.0015
2025-09-16 04:00:00,1757995220.0,0.0015
2025-09-16 05:00:00,1757998816.0,0.0015
2025-09-16 06:00:00,1758002413.0,0.0015
2025-09-16 07:00:00,1758006008.0,0.0015
2025-09-16 08:00:00,1758009607.0,0.0015
2025-09-16 09:00:00,1758013202.0,0.0015
2025-09-16 10:00:00,1758016828.0,0.0015
2025-09-16 11:00:00,1758020426.0,0.0015
2025-09-16 12:00:00,1758024029.0,0.0015
2025-09-16 13:00:00,1758027623.0,0.0015
2025-09-16 14:00:00,1758031222.0,0.0015
2025-09-16 15:00:00,1758034823.0,0.0015
2025-09-16 16:00:00,1758038406.0,0.0015
2025-09-16 17:00:00,1758042009.0,0.0015
2025-09-16 18:00:00,1758045630.0,0.0015
2025-09-16 19:00:00,1758049214.0,0.0015
2025-09-16 20:00:00,1758052823.0,0.0015
2025-09-16 21:00:00,1758056406.0,0.0015
2025-09-16 22:00:00,1758060019.0,0.0015
2025-09-16 23:00:00,1758063620.0,0.0015
2025-09-17 00:00:00,1758067207.0,0.0015
2025-09-17 01:00:00,1758070815.0,0.0015
2025-09-17 02:00:00,1758074413.0,0.0015
2025-09-17 03:00:00,1758078004.0,0.0015
2025-09-17 04:00:00,1758081607.0,0.0015
2025-09-17 05:00:00,1758085216.0,0.0015
2025-09-17 06:00:00,1758088813.0,0.0015
2025-09-17 07:00:00,1758092415.0,0.0015
2025-09-17 08:00:00,1758096016.0,0.0015
2025-09-17 09:00:00,1758099602.0,0.0015
2025-09-17 10:00:00,1758103217.0,0.0015
2025-09-17 11:00:00,1758106812.0,0.0015
2025-09-17 12:00:00,1758110425.0,0.0015
2025-09-17 13:00:00,1758114018.0,0.0015
2025-09-17 14:00:00,1758117605.0,0.0015
2025-09-17 15:00:00,1758121221.0,0.0015
2025-09-17 16:00:00,1758124805.0,0.0015
2025-09-17 17:00:00,1758128420.0,0.0015
2025-09-17 18:00:00,1758132244.0,0.0015
2025-09-17 19:00:00,1758135609.0,0.0015
2025-09-17 20:00:00,1758139217.0,0.0015
2025-09-17 21:00:00,1758142824.0,0.0015
2025-09-17 22:00:00,1758146416.0,0.0015
2025-09-17 23:00:00,1758150014.0,0.0015
2025-09-18 00:00:00,1758153611.0,0.0015
2025-09-18 01:00:00,1758157209.0,0.0015
2025-09-18 02:00:00,1758160819.0,0.0015
2025-09-18 03:00:00,1758164404.0,0.0015
2025-09-18 04:00:00,1758168009.0,0.0015
2025-09-18 05:00:00,1758171605.0,0.0015
2025-09-18 06:00:00,1758175207.0,0.0015
2025-09-18 07:00:00,1758178807.0,0.0015
2025-09-18 08:00:00,1758182417.0,0.0015
2025-09-18 09:00:00,1758186014.0,0.0015
2025-09-18 10:00:00,1758189615.0,0.0015
2025-09-18 11:00:00,1758193203.0,0.0015
2025-09-18 12:00:00,1758196816.0,0.0015
2025-09-18 13:00:00,1758200415.0,0.0015
2025-09-18 14:00:00,1758204014.0,0.0015
2025-09-18 15:00:00,1758207619.0,0.0015
2025-09-18 16:00:00,1758211202.0,0.0015
2025-09-18 17:00:00,1758214816.0,0.0015
2025-09-18 18:00:00,1758218415.0,0.0015
2025-09-18 19:00:00,1758222023.0,0.0015
2025-09-18 20:00:00,1758225607.0,0.0015
2025-09-18 21:00:00,1758229217.0,0.0015
2025-09-18 22:00:00,1758232814.0,0.0015
2025-09-18 23:00:00,1758236421.0,0.0015
2025-09-19 00:00:00,1758240009.0,0.0015
2025-09-19 01:00:00,1758243606.0,0.0015
2025-09-19 02:00:00,1758247213.0,0.0015
2025-09-19 03:00:00,1758250822.0,0.0015
2025-09-19 04:00:00,1758254402.0,0.0015
2025-09-19 05:00:00,1758258003.0,0.0015
2025-09-19 06:00:00,1758261603.0,0.0015
2025-09-19 07:00:00,1758265218.0,0.0015
2025-09-19 08:00:00,1758268805.0,0.0015
2025-09-19 09:00:00,1758272425.0,0.0015
2025-09-19 10:00:00,1758276008.0,0.0015
2025-09-19 11:00:00,1758279613.0,0.0015
2025-09-19 12:00:00,1758283227.0,0.0015
2025-09-19 13:00:00,1758286806.0,0.0015
2025-09-19 14:00:00,1758290411.0,0.0015
2025-09-19 15:00:00,1758294023.0,0.0015
2025-09-19 16:00:00,1758297609.0,0.0015
2025-09-19 17:00:00,1758301226.0,0.0015
2025-09-19 18:00:00,1758304805.0,0.0015
2025-09-19 19:00:00,1758308407.0,0.0015
2025-09-19 20:00:00,1758312015.0,0.0015
2025-09-19 21:00:00,1758315626.0,0.0015
2025-09-19 22:00:00,1758319218.0,0.0015
2025-09-19 23:00:00,1758322805.0,0.0015
2025-09-20 00:00:00,1758326414.0,0.0015
2025-09-20 01:00:00,1758330018.0,0.0015
2025-09-20 02:00:00,1758333610.0,0.0015
2025-09-20 03:00:00,1758337217.0,0.0015
2025-09-20 04:00:00,1758340802.0,0.0015
2025-09-20 05:00:00,1758344412.0,0.0015
2025-09-20 06:00:00,1758348006.0,0.0015
2025-09-20 07:00:00,1758351611.0,0.0015
2025-09-20 08:00:00,1758355214.0,0.0015
2025-09-20 09:00:00,1758358826.0,0.0015
2025-09-20 10:00:00,1758362417.0,0.0015
2025-09-20 11:00:00,1758366025.0,0.0015
2025-09-20 12:00:00,1758369619.0,0.0015
2025-09-20 13:00:00,1758373208.0,0.0015
2025-09-20 14:00:00,1758376806.0,0.0015
2025-09-20 15:00:00,1758380418.0,0.0015
2025-09-20 16:00:00,1758384016.0,0.0015
2025-09-20 17:00:00,1758387620.0,0.0015
2025-09-20 18:00:00,1758391206.0,0.0015
2025-09-20 19:00:00,1758394826.0,0.0015
2025-09-20 20:00:00,1758398414.0,0.0015
2025-09-20 21:00:00,1758402014.0,0.0015
2025-09-20 22:00:00,1758405612.0,0.0015
2025-09-20 23:00:00,1758409216.0,0.0015
2025-09-21 00:00:00,1758412805.0,0.0015
2025-09-21 01:00:00,1758416411.0,0.0015
2025-09-21 02:00:00,1758420007.0,0.0015
2025-09-21 03:00:00,1758423606.0,0.0015
2025-09-21 04:00:00,1758427202.0,0.0015
2025-09-21 05:00:00,1758430819.0,0.0015
2025-09-21 06:00:00,1758434416.0,0.0015
2025-09-21 07:00:00,1758438011.0,0.0015
2025-09-21 08:00:00,1758441613.0,0.0015
2025-09-21 09:00:00,1758445215.0,0.0015
2025-09-21 10:00:00,1758448815.0,0.0015
2025-09-21 11:00:00,1758452414.0,0.0015
2025-09-21 12:00:00,1758456005.0,0.0015
2025-09-21 13:00:00,1758459619.0,0.0015
2025-09-21 14:00:00,1758463209.0,0.0015
2025-09-21 15:00:00,1758466805.0,0.0015
2025-09-21 16:00:00,1758470411.0,0.0015
2025-09-21 17:00:00,1758474023.0,0.0015
2025-09-21 18:00:00,1758477611.0,0.0015
2025-09-21 19:00:00,1758481212.0,0.0015
2025-09-21 20:00:00,1758484810.0,0.0015
2025-09-21 21:00:00,1758488412.0,0.0015
2025-09-21 22:00:00,1758492014.0,0.0015
2025-09-21 23:00:00,1758495609.0,0.0015
2025-09-22 00:00:00,1758499204.0,0.0015
2025-09-22 01:00:00,1758502811.0,0.0015
2025-09-22 02:00:00,1758506407.0,0.0015
2025-09-22 03:00:00,1758510020.0,0.0015
2025-09-22 04:00:00,1758513608.0,0.0015
2025-09-22 05:00:00,1758517217.0,0.0015
2025-09-22 06:00:00,1758520808.0,0.0015
2025-09-22 07:00:00,1758524409.0,0.0015
2025-09-22 08:00:00,1758528022.0,0.0015
2025-09-22 09:00:00,1758531620.0,0.0015
2025-09-22 10:00:00,1758535202.0,0.0015
2025-09-22 11:00:00,1758538806.0,0.0015
2025-09-22 12:00:00,1758542408.0,0.0015
2025-09-22 13:00:00,1758546016.0,0.0015
2025-09-22 14:00:00,1758549620.0,0.0015
2025-09-22 15:00:00,1758553216.0,0.0015
2025-09-22 16:00:00,1758556807.0,0.0015
2025-09-22 17:00:00,1758560420.0,0.0015
2025-09-22 18:00:00,1758564017.0,0.0015
2025-09-22 19:00:00,1758567620.0,0.0015
2025-09-22 20:00:00,1758571208.0,0.0015
2025-09-22 21:00:00,1758574805.0,0.0015
2025-09-22 22:00:00,1758578421.0,0.0015
2025-09-22 23:00:00,1758582009.0,0.0015
2025-09-23 00:00:00,1758585607.0,0.0015
2025-09-23 01:00:00,1758589206.0,0.0015
2025-09-23 02:00:00,1758592808.0,0.0015
2025-09-23 03:00:00,1758596418.0,0.0015
2025-09-23 04:00:00,1758600004.0,0.0015
2025-09-23 05:00:00,1758603615.0,0.0015
2025-09-23 06:00:00,1758607213.0,0.0015
2025-09-23 07:00:00,1758610823.0,0.0015
2025-09-23 08:00:00,1758614405.0,0.0015
2025-09-23 09:00:00,1758618021.0,0.0015
2025-09-23 10:00:00,1758621621.0,0.0015
2025-09-23 11:00:00,1758625217.0,0.0015
2025-09-23 12:00:00,1758628803.0,0.0015
2025-09-23 13:00:00,1758632414.0,0.0015
2025-09-23 14:00:00,1758636024.0,0.0015
2025-09-23 15:00:00,1758639604.0,0.0015
2025-09-23 16:00:00,1758643215.0,0.0015
2025-09-23 17:00:00,1758646811.0,0.0015
2025-09-23 18:00:00,1758650418.0,0.0015
2025-09-23 19:00:00,1758654009.0,0.0015
2025-09-23 20:00:00,1758657604.0,0.0015
2025-09-23 21:00:00,1758661208.0,0.0015
2025-09-23 22:00:00,1758664811.0,0.0015
2025-09-23 23:00:00,1758668416.0,0.0015
2025-09-24 00:00:00,1758672014.0,0.0015
2025-09-24 01:00:00,1758675617.0,0.0015
2025-09-24 02:00:00,1758679215.0,0.0015
2025-09-24 03:00:00,1758682809.0,0.0015
2025-09-24 04:00:00,1758686425.0,0.0015
2025-09-24 05:00:00,1758690007.0,0.0015
2025-09-24 06:00:00,1758693618.0,0.0015
2025-09-24 07:00:00,1758697219.0,0.0015
2025-09-24 08:00:00,1758700804.0,0.0015
2025-09-24 09:00:00,1758704406.0,0.0015
2025-09-24 10:00:00,1758708006.0,0.0015
2025-09-24 11:00:00,1758711607.0,0.0015
2025-09-24 12:00:00,1758715213.0,0.0015
2025-09-24 13:00:00,1758718807.0,0.0015
2025-09-24 14:00:00,1758722402.0,0.0015
2025-09-24 15:00:00,1758726002.0,0.0015
2025-09-24 16:00:00,1758729612.0,0.0015
2025-09-24 17:00:00,1758733212.0,0.0015
2025-09-24 18:00:00,1758736814.0,0.0015
2025-09-24 19:00:00,1758740405.0,0.0015
2025-09-24 20:00:00,1758744012.0,0.0015
2025-09-24 21:00:00,1758747614.0,0.0015
2025-09-24 22:00:00,1758751213.0,0.0015
2025-09-24 23:00:00,1758754807.0,0.0015
2025-09-25 00:00:00,1758758406.0,0.0015
2025-09-25 01:00:00,1758762006.0,0.0015
2025-09-25 02:00:00,1758765606.0,0.0015
2025-09-25 03:00:00,1758769203.0,0.0015
2025-09-25 04:00:00,1758772809.0,0.0015
2025-09-25 05:00:00,1758776403.0,0.0015
2025-09-25 06:00:00,1758780009.0,0.0015
2025-09-25 07:00:00,1758783607.0,0.0015
2025-09-25 08:00:00,1758787202.0,0.0015
2025-09-25 09:00:00,1758790812.0,0.0015
2025-09-25 10:00:00,1758794413.0,0.0015
2025-09-25 11:00:00,1758798008.0,0.0015
2025-09-25 12:00:00,1758801608.0,0.0015
2025-09-25 13:00:00,1758805212.0,0.0015
2025-09-25 14:00:00,1758808814.0,0.0015
2025-09-25 15:00:00,1758812408.0,0.0015
2025-09-25 16:00:00,1758816003.0,0.0015
2025-09-25 17:00:00,1758819615.0,0.0015
2025-09-25 18:00:00,1758823211.0,0.0015
2025-09-25 19:00:00,1758826805.0,0.0015
2025-09-25 20:00:00,1758830404.0,0.0015
2025-09-25 21:00:00,1758834013.0,0.0015
2025-09-25 22:00:00,1758837602.0,0.0015
2025-09-25 23:00:00,1758841208.0,0.0015
2025-09-26 00:00:00,1758844805.0,0.0015
2025-09-26 01:00:00,1758848405.0,0.0015
2025-09-26 02:00:00,1758852004.0,0.0015
2025-09-26 03:00:00,1758855608.0,0.0015
2025-09-26 04:00:00,1758859203.0,0.0015
2025-09-26 05:00:00,1758862817.0,0.0015
2025-09-26 06:00:00,1758866407.0,0.0015
2025-09-26 07:00:00,1758870013.0,0.0015
2025-09-26 08:00:00,1758873609.0,0.0015
2025-09-26 09:00:00,1758877210.0,0.0015
2025-09-26 10:00:00,1758880817.0,0.0015
2025-09-26 11:00:00,1758884407.0,0.0015
2025-09-26 12:00:00,1758888014.0,0.0015
2025-09-26 13:00:00,1758891615.0,0.0015
2025-09-26 14:00:00,1758895214.0,0.0015
2025-09-26 15:00:00,1758898814.0,0.0015
2025-09-26 16:00:00,1758902410.0,0.0015
2025-09-26 17:00:00,1758906010.0,0.0015
2025-09-26 18:00:00,1758909615.0,0.0015
2025-09-26 19:00:00,1758913206.0,0.0015
2025-09-26 20:00:00,1758916803.0,0.0015
2025-09-26 21:00:00,1758920417.0,0.0015
2025-09-26 22:00:00,1758924011.0,0.0015
2025-09-26 23:00:00,1758927612.0,0.0015
2025-09-27 00:00:00,1758931208.0,0.0015
2025-09-27 01:00:00,1758934807.0,0.0015
2025-09-27 02:00:00,1758938405.0,0.0015
2025-09-27 03:00:00,1758942013.0,0.0015
2025-09-27 04:00:00,1758945610.0,0.0015
2025-09-27 05:00:00,1758949208.0,0.0015
2025-09-27 06:00:00,1758952807.0,0.0015
2025-09-27 07:00:00,1758956405.0,0.0015
2025-09-27 08:00:00,1758960016.0,0.0015
2025-09-27 09:00:00,1758963605.0,0.0015
2025-09-27 10:00:00,1758967212.0,0.0015
2025-09-27 11:00:00,1758970803.0,0.0015
2025-09-27 12:00:00,1758974410.0,0.0015
2025-09-27 13:00:00,1758978015.0,0.0015
2025-09-27 14:00:00,1758981612.0,0.0015
2025-09-27 15:00:00,1758985213.0,0.0015
2025-09-27 16:00:00,1758988815.0,0.0015
2025-09-27 17:00:00,1758992404.0,0.0015
2025-09-27 18:00:00,1758996012.0,0.0015
2025-09-27 19:00:00,1758999618.0,0.0015
2025-09-27 20:00:00,1759003202.0,0.0015
2025-09-27 21:00:00,1759006816.0,0.0015
2025-09-27 22:00:00,1759010405.0,0.0015
2025-09-27 23:00:00,1759014003.0,0.0015
2025-09-28 00:00:00,1759017608.0,0.0015
2025-09-28 01:00:00,1759021211.0,0.0015
2025-09-28 02:00:00,1759024808.0,0.0015
2025-09-28 03:00:00,1759028407.0,0.0015
2025-09-28 04:00:00,1759032014.0,0.0015
2025-09-28 05:00:00,1759035612.0,0.0015
2025-09-28 06:00:00,1759039212.0,0.0015
2025-09-28 07:00:00,1759042809.0,0.0015
2025-09-28 08:00:00,1759046404.0,0.0015
2025-09-28 09:00:00,1759050013.0,0.0015
2025-09-28 10:00:00,1759053604.0,0.0015
2025-09-28 11:00:00,1759057217.0,0.0015
2025-09-28 12:00:00,1759060815.0,0.0015
2025-09-28 13:00:00,1759064409.0,0.0015
2025-09-28 14:00:00,1759068006.0,0.0015
2025-09-28 15:00:00,1759071606.0,0.0015
2025-09-28 16:00:00,1759075215.0,0.0015
2025-09-28 17:00:00,1759078816.0,0.0015
2025-09-28 18:00:00,1759082415.0,0.0015
2025-09-28 19:00:00,1759086014.0,0.0015
2025-09-28 20:00:00,1759089603.0,0.0015
2025-09-28 21:00:00,1759093207.0,0.0015
2025-09-28 22:00:00,1759096803.0,0.0015
2025-09-28 23:00:00,1759100409.0,0.0015
2025-09-29 00:00:00,1759104009.0,0.0015
2025-09-29 01:00:00,1759107606.0,0.0015
2025-09-29 02:00:00,1759111207.0,0.0015
2025-09-29 03:00:00,1759114803.0,0.0015
2025-09-29 04:00:00,1759118407.0,0.0015
2025-09-29 05:00:00,1759122013.0,0.0015
2025-09-29 06:00:00,1759125607.0,0.0015
2025-09-29 07:00:00,1759129213.0,0.0015
2025-09-29 08:00:00,1759132809.0,0.0015
2025-09-29 09:00:00,1759136415.0,0.0015
2025-09-29 10:00:00,1759140015.0,0.0015
2025-09-29 11:00:00,1759143609.0,0.0015
2025-09-29 12:00:00,1759147211.0,0.0015
2025-09-29 13:00:00,1759150808.0,0.0015
2025-09-29 14:00:00,1759154410.0,0.0015
2025-09-29 15:00:00,1759158007.0,0.0015
2025-09-29 16:00:00,1759161610.0,0.0015
2025-09-29 17:00:00,1759165210.0,0.0015
2025-09-29 18:00:00,1759168810.0,0.0015
2025-09-29 19:00:00,1759172408.0,0.0015
2025-09-29 20:00:00,1759176003.0,0.0015
2025-09-29 21:00:00,1759179612.0,0.0015
2025-09-29 22:00:00,1759183207.0,0.0015
2025-09-29 23:00:00,1759186803.0,0.0015
2025-09-30 00:00:00,1759190408.0,0.0015
2025-09-30 01:00:00,1759194009.0,0.0015
2025-09-30 02:00:00,1759197602.0,0.0015
2025-09-30 03:00:00,1759201205.0,0.0015
2025-09-30 04:00:00,1759204812.0,0.0015
2025-09-30 05:00:00,1759208405.0,0.0015
2025-09-30 06:00:00,1759212013.0,0.0015
2025-09-30 07:00:00,1759215602.0,0.0015
2025-09-30 08:00:00,1759219202.0,0.0015
2025-09-30 09:00:00,1759222807.0,0.0015
2025-09-30 10:00:00,1759226403.0,0.0015
2025-09-30 11:00:00,1759230004.0,0.0015
2025-09-30 12:00:00,1759233602.0,0.0015
2025-09-30 13:00:00,1759237202.0,0.0015
2025-09-30 14:00:00,1759240809.0,0.0015
2025-09-30 15:00:00,1759244406.0,0.0015
2025-09-30 16:00:00,1759248013.0,0.0015
2025-09-30 17:00:00,1759251608.0,0.0015
2025-09-30 18:00:00,1759255202.0,0.0015
2025-09-30 19:00:00,1759258808.0,0.0015
2025-09-30 20:00:00,1759262415.0,0.0015
2025-09-30 21:00:00,1759266009.0,0.0015
2025-09-30 22:00:00,1759269612.0,0.0015
2025-09-30 23:00:00,1759273204.0,0.0015
2025-10-01 00:00:00,1759276808.0,0.0015
2025-10-01 01:00:00,1759280405.0,0.0015
2025-10-01 02:00:00,1759284012.0,0.0015
2025-10-01 03:00:00,1759287602.0,0.0015
2025-10-01 04:00:00,1759291210.0,0.0015
2025-10-01 05:00:00,1759294812.0,0.0015
2025-10-01 06:00:00,1759298408.0,0.0015
2025-10-01 07:00:00,1759302006.0,0.0015
2025-10-01 08:00:00,1759305605.0,0.0015
2025-10-01 09:00:00,1759309207.0,0.0015
2025-10-01 10:00:00,1759312806.0,0.0015
2025-10-01 11:00:00,1759316405.0,0.0015
2025-10-01 12:00:00,1759320004.0,0.0015
2025-10-01 13:00:00,1759323603.0,0.0015
2025-10-01 14:00:00,1759327204.0,0.0015
2025-10-01 15:00:00,1759330802.0,0.0015
2025-10-01 16:00:00,1759334412.0,0.0015
2025-10-01 17:00:00,1759338007.0,0.0015
2025-10-01 18:00:00,1759341602.0,0.0015
2025-10-01 19:00:00,1759345204.0,0.0015
2025-10-01 20:00:00,1759348807.0,0.0015
2025-10-01 21:00:00,1759352407.0,0.0015
2025-10-01 22:00:00,1759356005.0,0.0015
2025-10-01 23:00:00,1759359605.0,0.0015
2025-10-02 00:00:00,1759363210.0,0.0015
2025-10-02 01:00:00,1759366811.0,0.0015
2025-10-02 02:00:00,1759370402.0,0.0015
2025-10-02 03:00:00,1759374003.0,0.0015
2025-10-02 04:00:00,1759377605.0,0.0015
2025-10-02 05:00:00,1759381203.0,0.0015
2025-10-02 06:00:00,1759384805.0,0.0015
2025-10-02 07:00:00,1759388405.0,0.0015
2025-10-02 08:00:00,1759392008.0,0.0015
2025-10-02 09:00:00,1759395613.0,0.0015
2025-10-02 10:00:00,1759399205.0,0.0015
2025-10-02 11:00:00,1759402803.0,0.0015
2025-10-02 12:00:00,1759406408.0,0.0015
2025-10-02 13:00:00,1759410010.0,0.0015
2025-10-02 14:00:00,1759413605.0,0.0015
2025-10-02 15:00:00,1759417202.0,0.0015
2025-10-02 16:00:00,1759420814.0,0.0015
2025-10-02 17:00:00,1759424404.0,0.0015
2025-10-02 18:00:00,1759428011.0,0.0015
2025-10-02 19:00:00,1759431608.0,0.0015
2025-10-02 20:00:00,1759435212.0,0.0015
2025-10-02 21:00:00,1759438809.0,0.0015
2025-10-02 22:00:00,1759442407.0,0.0015
2025-10-02 23:00:00,1759446011.0,0.0015
2025-10-03 00:00:00,1759449611.0,0.002
2025-10-03 01:00:00,1759453203.0,0.002
2025-10-03 02:00:00,1759456811.0,0.002
2025-10-03 03:00:00,1759460406.0,0.002
2025-10-03 04:00:00,1759464015.0,0.002
2025-10-03 05:00:00,1759467609.0,0.002
2025-10-03 06:00:00,1759471208.0,0.002
2025-10-03 07:00:00,1759474814.0,0.002
2025-10-03 08:00:00,1759478408.0,0.002
2025-10-03 09:00:00,1759482008.0,0.002
2025-10-03 10:00:00,1759485603.0,0.002
2025-10-03 11:00:00,1759489207.0,0.002
2025-10-03 12:00:00,1759492808.0,0.002
2025-10-03 13:00:00,1759496410.0,0.002
2025-10-03 14:00:00,1759500003.0,0.002
2025-10-03 15:00:00,1759503609.0,0.002
2025-10-03 16:00:00,1759507203.0,0.002
2025-10-03 17:00:00,1759510811.0,0.002
2025-10-03 18:00:00,1759514406.0,0.002
2025-10-03 19:00:00,1759518007.0,0.002
2025-10-03 20:00:00,1759521608.0,0.002
2025-10-03 21:00:00,1759525205.0,0.002
2025-10-03 22:00:00,1759528803.0,0.002
2025-10-03 23:00:00,1759532404.0,0.002
2025-10-04 00:00:00,1759536005.0,0.002
2025-10-04 01:00:00,1759539604.0,0.002
2025-10-04 02:00:00,1759543204.0,0.002
2025-10-04 03:00:00,1759546804.0,0.002
2025-10-04 04:00:00,1759550402.0,0.002
2025-10-04 05:00:00,1759554003.0,0.002
2025-10-04 06:00:00,1759557603.0,0.002
2025-10-04 07:00:00,1759561207.0,0.002
2025-10-04 08:00:00,1759564805.0,0.002
2025-10-04 09:00:00,1759568404.0,0.002
2025-10-04 10:00:00,1759572003.0,0.0015
2025-10-04 11:00:00,1759575608.0,0.0015
2025-10-04 12:00:00,1759579217.0,0.0015
2025-10-04 13:00:00,1759582802.0,0.0015
2025-10-04 14:00:00,1759586407.0,0.0015
2025-10-04 15:00:00,1759590004.0,0.0015
2025-10-04 16:00:00,1759593608.0,0.0015
2025-10-04 17:00:00,1759597210.0,0.0015
2025-10-04 18:00:00,1759600804.0,0.0015
2025-10-04 19:00:00,1759604402.0,0.0015
2025-10-04 20:00:00,1759608007.0,0.0015
2025-10-04 21:00:00,1759611605.0,0.0015
2025-10-04 22:00:00,1759615208.0,0.0015
2025-10-04 23:00:00,1759618808.0,0.001
2025-10-05 00:00:00,1759622405.0,0.001
2025-10-05 01:00:00,1759626006.0,0.001
2025-10-05 02:00:00,1759629604.0,0.001
2025-10-05 03:00:00,1759633206.0,0.001
2025-10-05 04:00:00,1759636803.0,0.001
2025-10-05 05:00:00,1759640406.0,0.001
2025-10-05 06:00:00,1759644005.0,0.001
2025-10-05 07:00:00,1759647604.0,0.001
2025-10-05 08:00:00,1759651203.0,0.001
2025-10-05 09:00:00,1759654802.0,0.001
2025-10-05 10:00:00,1759658406.0,0.001
2025-10-05 11:00:00,1759662003.0,0.001
2025-10-05 12:00:00,1759665611.0,0.001
2025-10-05 13:00:00,1759669207.0,0.001
2025-10-05 14:00:00,1759672804.0,0.001
2025-10-05 15:00:00,1759676409.0,0.001
2025-10-05 16:00:00,1759680007.0,0.001
2025-10-05 17:00:00,1759683613.0,0.001
2025-10-05 18:00:00,1759687212.0,0.001
2025-10-05 19:00:00,1759690810.0,0.001
2025-10-05 20:00:00,1759694405.0,0.001
2025-10-05 21:00:00,1759698006.0,0.001
2025-10-05 22:00:00,1759701607.0,0.001
2025-10-05 23:00:00,1759705205.0,0.001
2025-10-06 00:00:00,1759708807.0,0.001
2025-10-06 01:00:00,1759712402.0,0.001
2025-10-06 02:00:00,1759716003.0,0.001
2025-10-06 03:00:00,1759719611.0,0.001
2025-10-06 04:00:00,1759723202.0,0.001
2025-10-06 05:00:00,1759726806.0,0.001
2025-10-06 06:00:00,1759730403.0,0.001
2025-10-06 07:00:00,1759734014.0,0.001
2025-10-06 08:00:00,1759737602.0,0.001
2025-10-06 09:00:00,1759741204.0,0.001
2025-10-06 10:00:00,1759744807.0,0.001
2025-10-06 11:00:00,1759748405.0,0.001
2025-10-06 12:00:00,1759752010.0,0.001
2025-10-06 13:00:00,1759755602.0,0.001
2025-10-06 14:00:00,1759759206.0,0.001
2025-10-06 15:00:00,1759762810.0,0.001
2025-10-06 16:00:00,1759766407.0,0.001
2025-10-06 17:00:00,1759770002.0,0.001
2025-10-06 18:00:00,1759773609.0,0.001
2025-10-06 19:00:00,1759777206.0,0.001
2025-10-06 20:00:00,1759780809.0,0.001
2025-10-06 21:00:00,1759784407.0,0.001
2025-10-06 22:00:00,1759788013.0,0.001
2025-10-06 23:00:00,1759791605.0,0.001
2025-10-07 00:00:00,1759795212.0,0.001
2025-10-07 01:00:00,1759798806.0,0.001
2025-10-07 02:00:00,1759802407.0,0.001
2025-10-07 03:00:00,1759806015.0,0.001
2025-10-07 04:00:00,1759809608.0,0.001
2025-10-07 05:00:00,1759813209.0,0.001
2025-10-07 06:00:00,1759816811.0,0.001
2025-10-07 07:00:00,1759820406.0,0.001
2025-10-07 08:00:00,1759824003.0,0.001
2025-10-07 09:00:00,1759827609.0,0.001
2025-10-07 10:00:00,1759831205.0,0.001
2025-10-07 11:00:00,1759834814.0,0.001
2025-10-07 12:00:00,1759838414.0,0.001
2025-10-07 13:00:00,1759842009.0,0.001
2025-10-07 14:00:00,1759845604.0,0.001
2025-10-07 15:00:00,1759849209.0,0.001
2025-10-07 16:00:00,1759852811.0,0.001
2025-10-07 17:00:00,1759856410.0,0.001
2025-10-07 18:00:00,1759860008.0,0.001
2025-10-07 19:00:00,1759863608.0,0.001
2025-10-07 20:00:00,1759867210.0,0.001
2025-10-07 21:00:00,1759870813.0,0.001
2025-10-07 22:00:00,1759874412.0,0.001
2025-10-07 23:00:00,1759878005.0,0.001
2025-10-08 00:00:00,1759881606.0,0.001
2025-10-08 01:00:00,1759885208.0,0.001
2025-10-08 02:00:00,1759888808.0,0.001
2025-10-08 03:00:00,1759892414.0,0.001
2025-10-08 04:00:00,1759896011.0,0.001
2025-10-08 05:00:00,1759899611.0,0.001
2025-10-08 06:00:00,1759903204.0,0.001
2025-10-08 07:00:00,1759906808.0,0.001
2025-10-08 08:00:00,1759910412.0,0.001
2025-10-08 09:00:00,1759914015.0,0.001
2025-10-08 10:00:00,1759917605.0,0.001
2025-10-08 11:00:00,1759921208.0,0.001
2025-10-08 12:00:00,1759924813.0,0.001
2025-10-08 13:00:00,1759928403.0,0.001
2025-10-08 14:00:00,1759932009.0,0.001
2025-10-08 15:00:00,1759935615.0,0.001
2025-10-08 16:00:00,1759939207.0,0.001
2025-10-08 17:00:00,1759942814.0,0.001
2025-10-08 18:00:00,1759946412.0,0.001
2025-10-08 19:00:00,1759950003.0,0.001
2025-10-08 20:00:00,1759953608.0,0.001
2025-10-08 21:00:00,1759957214.0,0.001
2025-10-08 22:00:00,1759960803.0,0.001
2025-10-08 23:00:00,1759964409.0,0.001
2025-10-09 00:00:00,1759968014.0,0.001
2025-10-09 01:00:00,1759971609.0,0.001
2025-10-09 02:00:00,1759975207.0,0.001
2025-10-09 03:00:00,1759978810.0,0.001
2025-10-09 04:00:00,1759982410.0,0.001
2025-10-09 05:00:00,1759986008.0,0.001
2025-10-09 06:00:00,1759989608.0,0.001
2025-10-09 07:00:00,1759993211.0,0.001
2025-10-09 08:00:00,1759996809.0,0.001
2025-10-09 09:00:00,1760000415.0,0.001
2025-10-09 10:00:00,1760004007.0,0.001
2025-10-09 11:00:00,1760007609.0,0.001
2025-10-09 12:00:00,1760011211.0,0.001
2025-10-09 13:00:00,1760014809.0,0.001
2025-10-09 14:00:00,1760018414.0,0.001
2025-10-09 15:00:00,1760022006.0,0.001
2025-10-09 16:00:00,1760025604.0,0.001
2025-10-09 17:00:00,1760029220.0,0.001
2025-10-09 18:00:00,1760032812.0,0.001
2025-10-09 19:00:00,1760036414.0,0.001
2025-10-09 20:00:00,1760040012.0,0.001
2025-10-09 21:00:00,1760043605.0,0.001
2025-10-09 22:00:00,1760047211.0,0.001
2025-10-09 23:00:00,1760050811.0,0.001
2025-10-10 00:00:00,1760054413.0,0.001
2025-10-10 01:00:00,1760058007.0,0.001
2025-10-10 02:00:00,1760061617.0,0.001
2025-10-10 03:00:00,1760065217.0,0.001
2025-10-10 04:00:00,1760068804.0,0.001
2025-10-10 05:00:00,1760072419.0,0.001
2025-10-10 06:00:00,1760076005.0,0.001
2025-10-10 07:00:00,1760079611.0,0.001
2025-10-10 08:00:00,1760083212.0,0.001
2025-10-10 09:00:00,1760086815.0,0.001
2025-10-10 10:00:00,1760090414.0,0.001
2025-10-10 11:00:00,1760094004.0,0.001
2025-10-10 12:00:00,1760097618.0,0.0005
2025-10-10 13:00:00,1760101218.0,0.0005
2025-10-10 14:00:00,1760104804.0,0.0005
2025-10-10 15:00:00,1760108421.0,0.0005
2025-10-10 16:00:00,1760112015.0,0.0005
2025-10-10 17:00:00,1760115603.0,0.0005
2025-10-10 18:00:00,1760119211.0,0.0005
2025-10-10 19:00:00,1760122804.0,0.0005
2025-10-10 20:00:00,1760126414.0,0.0005
2025-10-10 21:00:00,1760130020.0,0.0005
2025-10-10 22:00:00,1760133609.0,0.0005
2025-10-10 23:00:00,1760137205.0,0.0005
2025-10-11 00:00:00,1760140816.0,0.0005
2025-10-11 01:00:00,1760144406.0,0.0005
2025-10-11 02:00:00,1760148011.0,0.0005
2025-10-11 03:00:00,1760151621.0,0.0005
2025-10-11 04:00:00,1760155208.0,0.0005
2025-10-11 05:00:00,1760158805.0,0.0005
2025-10-11 06:00:00,1760162420.0,0.0005
2025-10-11 07:00:00,1760166017.0,0.0005
2025-10-11 08:00:00,1760169610.0,0.0005
2025-10-11 09:00:00,1760173207.0,0.0005
2025-10-11 10:00:00,1760176819.0,0.0005
2025-10-11 11:00:00,1760180419.0,0.0005
2025-10-11 12:00:00,1760184027.0,0.0005
2025-10-11 13:00:00,1760187616.0,0.0005
2025-10-11 14:00:00,1760191206.0,0.0005
2025-10-11 15:00:00,1760194819.0,0.0005
2025-10-11 16:00:00,1760198414.0,0.0005
2025-10-11 17:00:00,1760202002.0,0.0005
2025-10-11 18:00:00,1760205619.0,0.0005
2025-10-11 19:00:00,1760209208.0,0.0005
2025-10-11 20:00:00,1760212807.0,0.0005
2025-10-11 21:00:00,1760216417.0,0.0005
2025-10-11 22:00:00,1760220019.0,0.0005
2025-10-11 23:00:00,1760223603.0,0.0005
2025-10-12 00:00:00,1760227204.0,0.0005
2025-10-12 01:00:00,1760230808.0,0.0005
2025-10-12 02:00:00,1760234410.0,0.0005
2025-10-12 03:00:00,1760238011.0,0.0005
2025-10-12 04:00:00,1760241615.0,0.0005
2025-10-12 05:00:00,1760245217.0,0.0005
2025-10-12 06:00:00,1760248822.0,0.0005
2025-10-12 07:00:00,1760252402.0,0.0005
2025-10-12 08:00:00,1760256013.0,0.0005
2025-10-12 09:00:00,1760259619.0,0.0005
2025-10-12 10:00:00,1760263211.0,0.0005
2025-10-12 11:00:00,1760266809.0,0.0005
2025-10-12 12:00:00,1760270415.0,0.0005
2025-10-12 13:00:00,1760274011.0,0.0005
2025-10-12 14:00:00,1760277619.0,0.0005
2025-10-12 15:00:00,1760281219.0,0.0005
2025-10-12 16:00:00,1760284818.0,0.0005
2025-10-12 17:00:00,1760288413.0,0.0005
2025-10-12 18:00:00,1760292010.0,0.0005
2025-10-12 19:00:00,1760295603.0,0.0005
2025-10-12 20:00:00,1760299205.0,0.0005
2025-10-12 21:00:00,1760302816.0,0.0005
2025-10-12 22:00:00,1760306403.0,0.0005
2025-10-12 23:00:00,1760310014.0,0.0005
2025-10-13 00:00:00,1760313608.0,0.0005
2025-10-13 01:00:00,1760317207.0,0.0005
2025-10-13 02:00:00,1760320814.0,0.0005
2025-10-13 03:00:00,1760324415.0,0.0005
2025-10-13 04:00:00,1760328015.0,0.0005
2025-10-13 05:00:00,1760331607.0,0.0005
2025-10-13 06:00:00,1760335219.0,0.0005
2025-10-13 07:00:00,1760338805.0,0.0005
2025-10-13 08:00:00,1760342418.0,0.0005
2025-10-13 09:00:00,1760346019.0,0.0005
2025-10-13 10:00:00,1760349611.0,0.0005
2025-10-13 11:00:00,1760353205.0,0.0005
2025-10-13 12:00:00,1760356820.0,0.0005
2025-10-13 13:00:00,1760360415.0,0.0005
2025-10-13 14:00:00,1760364007.0,0.0005
2025-10-13 15:00:00,1760367618.0,0.0005
2025-10-13 16:00:00,1760371213.0,0.0005
2025-10-13 17:00:00,1760374808.0,0.0005
2025-10-13 18:00:00,1760378419.0,0.0005
2025-10-13 19:00:00,1760382007.0,0.0005
2025-10-13 20:00:00,1760385606.0,0.0005
2025-10-13 21:00:00,1760389222.0,0.0005
2025-10-13 22:00:00,1760392815.0,0.0005
2025-10-13 23:00:00,1760396406.0,0.0005
2025-10-14 00:00:00,1760400019.0,0.0005
2025-10-14 01:00:00,1760403608.0,0.0005
2025-10-14 02:00:00,1760407208.0,0.0005
2025-10-14 03:00:00,1760410821.0,0.0005
2025-10-14 04:00:00,1760414412.0,0.0005
2025-10-14 05:00:00,1760418013.0,0.0005
2025-10-14 06:00:00,1760421616.0,0.0005
2025-10-14 07:00:00,1760425210.0,0.0005
2025-10-14 08:00:00,1760428809.0,0.0005
2025-10-14 09:00:00,1760432411.0,0.0005
2025-10-14 10:00:00,1760436005.0,0.0005
2025-10-14 11:00:00,1760439608.0,0.0005
2025-10-14 12:00:00,1760443217.0,0.0005
2025-10-14 13:00:00,1760446807.0,0.0005
2025-10-14 14:00:00,1760450408.0,0.0005
2025-10-14 15:00:00,1760454015.0,0.0005
2025-10-14 16:00:00,1760457605.0,0.0005
2025-10-14 17:00:00,1760461212.0,0.0005
2025-10-14 18:00:00,1760464826.0,0.0005
2025-10-14 19:00:00,1760468404.0,0.0005
2025-10-14 20:00:00,1760472009.0,0.0005
2025-10-14 21:00:00,1760475617.0,0.0005
2025-10-14 22:00:00,1760479204.0,0.0005
2025-10-14 23:00:00,1760482816.0,0.0005
2025-10-15 00:00:00,1760486406.0,0.0005
2025-10-15 01:00:00,1760490007.0,0.0005
2025-10-15 02:00:00,1760493609.0,0.0005
2025-10-15 03:00:00,1760497213.0,0.0005
2025-10-15 04:00:00,1760500813.0,0.0005
2025-10-15 05:00:00,1760504413.0,0.0005
2025-10-15 06:00:00,1760508020.0,0.0005
2025-10-15 07:00:00,1760511612.0,0.0005
2025-10-15 08:00:00,1760515205.0,0.0005
2025-10-15 09:00:00,1760518822.0,0.0005
2025-10-15 10:00:00,1760522415.0,0.0005
2025-10-15 11:00:00,1760526009.0,0.0005
2025-10-15 12:00:00,1760529614.0,0.0005
2025-10-15 13:00:00,1760533204.0,0.0005
2025-10-15 14:00:00,1760536808.0,0.0005
2025-10-15 15:00:00,1760540423.0,0.0005
2025-10-15 16:00:00,1760544008.0,0.0005
2025-10-15 17:00:00,1760547608.0,0.0005
2025-10-15 18:00:00,1760551226.0,0.0005
2025-10-15 19:00:00,1760554819.0,0.0005
2025-10-15 20:00:00,1760558404.0,0.0005
2025-10-15 21:00:00,1760562010.0,0.0005
2025-10-15 22:00:00,1760565610.0,0.0005
2025-10-15 23:00:00,1760569208.0,0.0005
2025-10-16 00:00:00,1760572818.0,0.0005
2025-10-16 01:00:00,1760576405.0,0.0005
2025-10-16 02:00:00,1760580015.0,0.0005
2025-10-16 03:00:00,1760583603.0,0.0005
2025-10-16 04:00:00,1760587210.0,0.0005
2025-10-16 05:00:00,1760590809.0,0.0005
2025-10-16 06:00:00,1760594423.0,0.0005
2025-10-16 07:00:00,1760598012.0,0.0005
2025-10-16 08:00:00,1760601608.0,0.0005
2025-10-16 09:00:00,1760605217.0,0.0005
2025-10-16 10:00:00,1760608808.0,0.0005
2025-10-16 11:00:00,1760612417.0,0.0005
2025-10-16 12:00:00,1760616010.0,0.0005
2025-10-16 13:00:00,1760619618.0,0.0005
2025-10-16 14:00:00,1760623208.0,0.0005
2025-10-16 15:00:00,1760626811.0,0.0005
2025-10-16 16:00:00,1760630418.0,0.0005
2025-10-16 17:00:00,1760634018.0,0.0005
2025-10-16 18:00:00,1760637607.0,0.0005
2025-10-16 19:00:00,1760641206.0,0.0005
2025-10-16 20:00:00,1760644809.0,0.0005
2025-10-16 21:00:00,1760648407.0,0.0005
2025-10-16 22:00:00,1760652014.0,0.0005
2025-10-16 23:00:00,1760655611.0,0.0005
2025-10-17 00:00:00,1760659215.0,0.0005
2025-10-17 01:00:00,1760662811.0,0.0005
2025-10-17 02:00:00,1760666412.0,0.0005
2025-10-17 03:00:00,1760670014.0,0.0005
2025-10-17 04:00:00,1760673620.0,0.0005
2025-10-17 05:00:00,1760677209.0,0.0005
2025-10-17 06:00:00,1760680803.0,0.0005
2025-10-17 07:00:00,1760684409.0,0.0005
2025-10-17 08:00:00,1760688014.0,0.0005
2025-10-17 09:00:00,1760691617.0,0.0005
2025-10-17 10:00:00,1760695208.0,0.0005
2025-10-17 11:00:00,1760698817.0,0.0005
2025-10-17 12:00:00,1760702420.0,0.0005
2025-10-17 13:00:00,1760706009.0,0.0005
2025-10-17 14:00:00,1760709608.0,0.0005
2025-10-17 15:00:00,1760713224.0,0.0005
2025-10-17 16:00:00,1760716813.0,0.0005
2025-10-17 17:00:00,1760720403.0,0.0005
2025-10-17 18:00:00,1760724014.0,0.0005
2025-10-17 19:00:00,1760727611.0,0.0005
2025-10-17 20:00:00,1760731204.0,0.0005
2025-10-17 21:00:00,1760734824.0,0.0005
2025-10-17 22:00:00,1760738403.0,0.0005
2025-10-17 23:00:00,1760742003.0,0.0005
2025-10-18 00:00:00,1760745604.0,0.0005
2025-10-18 01:00:00,1760749204.0,0.0005
2025-10-18 02:00:00,1760752820.0,0.0005
2025-10-18 03:00:00,1760756423.0,0.0005
2025-10-18 04:00:00,1760760010.0,0.0005
2025-10-18 05:00:00,1760763617.0,0.0005
2025-10-18 06:00:00,1760767222.0,0.0005
2025-10-18 07:00:00,1760770815.0,0.0005
2025-10-18 08:00:00,1760774406.0,0.0005
2025-10-18 09:00:00,1760778023.0,0.0005
2025-10-18 10:00:00,1760781607.0,0.0005
2025-10-18 11:00:00,1760785223.0,0.0005
2025-10-18 12:00:00,1760788822.0,0.0005
2025-10-18 13:00:00,1760792407.0,0.0005
2025-10-18 14:00:00,1760796003.0,0.0005
2025-10-18 15:00:00,1760799610.0,0.0005
2025-10-18 16:00:00,1760803214.0,0.0005
2025-10-18 17:00:00,1760806804.0,0.0005
2025-10-18 18:00:00,1760810419.0,0.0005
2025-10-18 19:00:00,1760814013.0,0.0005
2025-10-18 20:00:00,1760817618.0,0.0005
2025-10-18 21:00:00,1760821209.0,0.0005
2025-10-18 22:00:00,1760824818.0,0.0005
2025-10-18 23:00:00,1760828418.0,0.0005
2025-10-19 00:00:00,1760832010.0,0.0005
2025-10-19 01:00:00,1760835612.0,0.0005
2025-10-19 02:00:00,1760839207.0,0.0005
2025-10-19 03:00:00,1760842818.0,0.0005
2025-10-19 04:00:00,1760846414.0,0.0005
2025-10-19 05:00:00,1760850011.0,0.0005
2025-10-19 06:00:00,1760853624.0,0.0005
2025-10-19 07:00:00,1760857203.0,0.0005
2025-10-19 08:00:00,1760860806.0,0.0005
2025-10-19 09:00:00,1760864428.0,0.0005
2025-10-19 10:00:00,1760868011.0,0.0005
2025-10-19 11:00:00,1760871610.0,0.0005
2025-10-19 12:00:00,1760875223.0,0.0005
2025-10-19 13:00:00,1760878820.0,0.0005
2025-10-19 14:00:00,1760882411.0,0.0005
2025-10-19 15:00:00,1760886013.0,0.0005
2025-10-19 16:00:00,1760889609.0,0.0005
2025-10-19 17:00:00,1760893211.0,0.0005
2025-10-19 18:00:00,1760896805.0,0.0005
2025-10-19 19:00:00,1760900411.0,0.0005
2025-10-19 20:00:00,1760904006.0,0.0005
2025-10-19 21:00:00,1760907611.0,0.0005
2025-10-19 22:00:00,1760911209.0,0.0005
2025-10-19 23:00:00,1760914804.0,0.0005
2025-10-20 00:00:00,1760918405.0,0.0005
2025-10-20 01:00:00,1760922015.0,0.0005
2025-10-20 02:00:00,1760925606.0,0.0005
2025-10-20 03:00:00,1760929216.0,0.0005
2025-10-20 04:00:00,1760932805.0,0.0005
2025-10-20 05:00:00,1760936416.0,0.0005
2025-10-20 06:00:00,1760940027.0,0.0005
2025-10-20 07:00:00,1760943614.0,0.0005
2025-10-20 08:00:00,1760947217.0,0.0005
2025-10-20 09:00:00,1760950825.0,0.0005
2025-10-20 10:00:00,1760954404.0,0.0005
2025-10-20 11:00:00,1760958008.0,0.0005
2025-10-20 12:00:00,1760961613.0,0.0005
2025-10-20 13:00:00,1760965213.0,0.0005
2025-10-20 14:00:00,1760968810.0,0.0005
2025-10-20 15:00:00,1760972418.0,0.0005
2025-10-20 16:00:00,1760976018.0,0.0005
2025-10-20 17:00:00,1760979609.0,0.0005
2025-10-20 18:00:00,1760983208.0,0.0005
2025-10-20 19:00:00,1760986816.0,0.0005
2025-10-20 20:00:00,1760990408.0,0.0005
2025-10-20 21:00:00,1760994011.0,0.0005
2025-10-20 22:00:00,1760997606.0,0.0005
2025-10-20 23:00:00,1761001207.0,0.0005
2025-10-21 00:00:00,1761004816.0,0.0005
2025-10-21 01:00:00,1761008409.0,0.0005
2025-10-21 02:00:00,1761012014.0,0.0005
2025-10-21 03:00:00,1761015617.0,0.0005
2025-10-21 04:00:00,1761019212.0,0.0005
2025-10-21 05:00:00,1761022809.0,0.0005
2025-10-21 06:00:00,1761026408.0,0.0005
2025-10-21 07:00:00,1761030011.0,0.0005
2025-10-21 08:00:00,1761033603.0,0.0005
2025-10-21 09:00:00,1761037223.0,0.0005
2025-10-21 10:00:00,1761040817.0,0.0005
2025-10-21 11:00:00,1761044408.0,0.0005
2025-10-21 12:00:00,1761048025.0,0.0005
2025-10-21 13:00:00,1761051615.0,0.0005
2025-10-21 14:00:00,1761055205.0,0.0005
2025-10-21 15:00:00,1761058820.0,0.0005
2025-10-21 16:00:00,1761062404.0,0.0005
2025-10-21 17:00:00,1761066024.0,0.0005
2025-10-21 18:00:00,1761069626.0,0.0005
2025-10-21 19:00:00,1761073209.0,0.0005
2025-10-21 20:00:00,1761076807.0,0.0005
2025-10-21 21:00:00,1761080410.0,0.0005
2025-10-21 22:00:00,1761084004.0,0.0005
2025-10-21 23:00:00,1761087612.0,0.0005
2025-10-22 00:00:00,1761091218.0,0.0005
2025-10-22 01:00:00,1761094813.0,0.0005
2025-10-22 02:00:00,1761098412.0,0.0005
2025-10-22 03:00:00,1761102023.0,0.0005
2025-10-22 04:00:00,1761105617.0,0.0005
2025-10-22 05:00:00,1761109217.0,0.0005
2025-10-22 06:00:00,1761112818.0,0.0005
2025-10-22 07:00:00,1761116411.0,0.0005
2025-10-22 08:00:00,1761120012.0,0.0005
2025-10-22 09:00:00,1761123618.0,0.0005
2025-10-22 10:00:00,1761127217.0,0.0005
2025-10-22 11:00:00,1761130812.0,0.0005
2025-10-22 12:00:00,1761134425.0,0.0005
2025-10-22 13:00:00,1761138018.0,0.0005
2025-10-22 14:00:00,1761141616.0,0.0005
2025-10-22 15:00:00,1761145222.0,0.0005
2025-10-22 16:00:00,1761148818.0,0.0005
2025-10-22 17:00:00,1761152420.0,0.0005
2025-10-22 18:00:00,1761156025.0,0.0005
2025-10-22 19:00:00,1761159618.0,0.0005
2025-10-22 20:00:00,1761163218.0,0.0005
2025-10-22 21:00:00,1761166823.0,0.0005
2025-10-22 22:00:00,1761170418.0,0.0005
2025-10-22 23:00:00,1761174017.0,0.0005
2025-10-23 00:00:00,1761177610.0,0.0005
2025-10-23 01:00:00,1761181210.0,0.0005
2025-10-23 02:00:00,1761184811.0,0.0005
2025-10-23 03:00:00,1761188412.0,0.0005
2025-10-23 04:00:00,1761192011.0,0.0005
2025-10-23 05:00:00,1761195612.0,0.0005
2025-10-23 06:00:00,1761199214.0,0.0005
2025-10-23 07:00:00,1761202810.0,0.0005
2025-10-23 08:00:00,1761206413.0,0.0005
2025-10-23 09:00:00,1761210012.0,0.0005
2025-10-23 10:00:00,1761213612.0,0.0005
2025-10-23 11:00:00,1761217213.0,0.0005
2025-10-23 12:00:00,1761220816.0,0.0005
2025-10-23 13:00:00,1761224413.0,0.0005
2025-10-23 14:00:00,1761228044.0,0.0005
2025-10-23 15:00:00,1761231614.0,0.0005
2025-10-23 16:00:00,1761235214.0,0.0005
2025-10-23 17:00:00,1761238816.0,0.0005
2025-10-23 18:00:00,1761242415.0,0.0005
2025-10-23 19:00:00,1761246015.0,0.0005
2025-10-23 20:00:00,1761249615.0,0.0005
2025-10-23 21:00:00,1761253216.0,0.0005
2025-10-23 22:00:00,1761256815.0,0.0005
2025-10-23 23:00:00,1761260415.0,0.0005
2025-10-24 00:00:00,1761264015.0,0.0005
2025-10-24 01:00:00,1761267612.0,0.0005
2025-10-24 02:00:00,1761271214.0,0.0005
2025-10-24 03:00:00,1761274816.0,0.0005
2025-10-24 04:00:00,1761278415.0,0.0005
2025-10-24 05:00:00,1761282015.0,0.0005
2025-10-24 06:00:00,1761285616.0,0.0005
2025-10-24 07:00:00,1761289216.0,0.0005
2025-10-24 08:00:00,1761292816.0,0.0005
2025-10-24 09:00:00,1761296417.0,0.0005
2025-10-24 10:00:00,1761300016.0,0.0005
2025-10-24 11:00:00,1761303616.0,0.0005
2025-10-24 12:00:00,1761307219.0,0.0005
2025-10-24 13:00:00,1761310815.0,0.0005
2025-10-24 14:00:00,1761314416.0,0.0005
2025-10-24 15:00:00,1761318018.0,0.0005
2025-10-24 16:00:00,1761321615.0,0.0005
2025-10-24 17:00:00,1761325217.0,0.0005
2025-10-24 18:00:00,1761328817.0,0.0005
2025-10-24 19:00:00,1761332416.0,0.0005
2025-10-24 20:00:00,1761336017.0,0.0005
2025-10-24 21:00:00,1761339619.0,0.0005
2025-10-24 22:00:00,1761343216.0,0.0005
2025-10-24 23:00:00,1761346816.0,0.0005
2025-10-25 00:00:00,1761350414.0,0.0005
2025-10-25 01:00:00,1761354012.0,0.0005
2025-10-25 02:00:00,1761357613.0,0.0005
2025-10-25 03:00:00,1761361217.0,0.0005
2025-10-25 04:00:00,1761364816.0,0.0005
2025-10-25 05:00:00,1761368416.0,0.0005
2025-10-25 06:00:00,1761372017.0,0.0005
2025-10-25 07:00:00,1761375618.0,0.0005
2025-10-25 08:00:00,1761379216.0,0.0005
2025-10-25 09:00:00,1761382818.0,0.0005
2025-10-25 10:00:00,1761386418.0,0.0005
2025-10-25 11:00:00,1761390016.0,0.0005
2025-10-25 12:00:00,1761393619.0,0.0005
2025-10-25 13:00:00,1761397215.0,0.0005
2025-10-25 14:00:00,1761400817.0,0.0005
2025-10-25 15:00:00,1761404417.0,0.0005
2025-10-25 16:00:00,1761408016.0,0.0005
2025-10-25 17:00:00,1761411619.0,0.0005
2025-10-25 18:00:00,1761415219.0,0.0005
2025-10-25 19:00:00,1761418816.0,0.0005
2025-10-25 20:00:00,1761422416.0,0.0005
2025-10-25 21:00:00,1761426018.0,0.0005
2025-10-25 22:00:00,1761429616.0,0.0005
2025-10-25 23:00:00,1761433216.0,0.0005
2025-10-26 00:00:00,1761436816.0,0.0005
2025-10-26 01:00:00,1761440413.0,0.0005
2025-10-26 02:00:00,1761444014.0,0.0005
2025-10-26 03:00:00,1761447617.0,0.0005
2025-10-26 04:00:00,1761451216.0,0.0005
2025-10-26 05:00:00,1761454816.0,0.0005
2025-10-26 06:00:00,1761458417.0,0.0005
2025-10-26 07:00:00,1761462016.0,0.0005
2025-10-26 08:00:00,1761465616.0,0.0005
2025-10-26 09:00:00,1761469218.0,0.0005
2025-10-26 10:00:00,1761472816.0,0.0005
2025-10-26 11:00:00,1761476415.0,0.0005
2025-10-26 12:00:00,1761480021.0,0.0005
2025-10-26 13:00:00,1761483615.0,0.0005
2025-10-26 14:00:00,1761487216.0,0.0005
2025-10-26 15:00:00,1761490816.0,0.0005
2025-10-26 16:00:00,1761494414.0,0.0005
2025-10-26 17:00:00,1761498015.0,0.0005
2025-10-26 18:00:00,1761501617.0,0.0005
2025-10-26 19:00:00,1761505213.0,0.0005
2025-10-26 20:00:00,1761508815.0,0.0005
2025-10-26 21:00:00,1761512417.0,0.0005
2025-10-26 22:00:00,1761516015.0,0.0005
2025-10-26 23:00:00,1761519614.0,0.0005
2025-10-27 00:00:00,1761523215.0,0.0005
2025-10-27 01:00:00,1761526811.0,0.0005
2025-10-27 02:00:00,1761530413.0,0.0005
2025-10-27 03:00:00,1761534015.0,0.0005
2025-10-27 04:00:00,1761537613.0,0.0005
2025-10-27 05:00:00,1761541213.0,0.0005
2025-10-27 06:00:00,1761544815.0,0.0005
2025-10-27 07:00:00,1761548412.0,0.0005
2025-10-27 08:00:00,1761552013.0,0.0005
2025-10-27 09:00:00,1761555615.0,0.0005
2025-10-27 10:00:00,1761559214.0,0.0015
2025-10-27 11:00:00,1761562812.0,0.0015
2025-10-27 12:00:00,1761566419.0,0.0015
2025-10-27 13:00:00,1761570015.0,0.0015
2025-10-27 14:00:00,1761573613.0,0.0015
2025-10-27 15:00:00,1761577216.0,0.0015
2025-10-27 16:00:00,1761580814.0,0.0015
2025-10-27 17:00:00,1761584416.0,0.0015
2025-10-27 18:00:00,1761588016.0,0.0015
2025-10-27 19:00:00,1761591614.0,0.0015
2025-10-27 20:00:00,1761595216.0,0.0015
2025-10-27 21:00:00,1761598817.0,0.0015
2025-10-27 22:00:00,1761602414.0,0.0015
2025-10-27 23:00:00,1761606015.0,0.0015
2025-10-28 00:00:00,1761609618.0,0.0015
2025-10-28 01:00:00,1761613214.0,0.0015
2025-10-28 02:00:00,1761616815.0,0.0015
2025-10-28 03:00:00,1761620424.0,0.0015
2025-10-28 04:00:00,1761624021.0,0.0015
2025-10-28 05:00:00,1761627615.0,0.0015
2025-10-28 06:00:00,1761631218.0,0.0015
2025-10-28 07:00:00,1761634814.0,0.0015
2025-10-28 08:00:00,1761638415.0,0.0015
2025-10-28 09:00:00,1761642016.0,0.0015
2025-10-28 10:00:00,1761645620.0,0.0015
2025-10-28 11:00:00,1761649220.0,0.0015
2025-10-28 12:00:00,1761652817.0,0.0015
2025-10-28 13:00:00,1761656421.0,0.0015
2025-10-28 14:00:00,1761660018.0,0.0015
2025-10-28 15:00:00,1761663622.0,0.0015
2025-10-28 16:00:00,1761667222.0,0.0015
2025-10-28 17:00:00,1761670822.0,0.0015
2025-10-28 18:00:00,1761674421.0,0.0015
2025-10-28 19:00:00,1761678020.0,0.0015
2025-10-28 20:00:00,1761681621.0,0.0015
2025-10-28 21:00:00,1761685221.0,0.0015
2025-10-28 22:00:00,1761688820.0,0.0015
2025-10-28 23:00:00,1761692420.0,0.0015
2025-10-29 00:00:00,1761696017.0,0.0015
2025-10-29 01:00:00,1761699613.0,0.0015
2025-10-29 02:00:00,1761703212.0,0.0015
2025-10-29 03:00:00,1761706821.0,0.0015
2025-10-29 04:00:00,1761710418.0,0.0015
2025-10-29 05:00:00,1761714020.0,0.0015
2025-10-29 06:00:00,1761717616.0,0.0015
2025-10-29 07:00:00,1761721214.0,0.0015
2025-10-29 08:00:00,1761724821.0,0.0015
2025-10-29 09:00:00,1761728421.0,0.0015
2025-10-29 11:00:00,1761738741.0,0.0015
2025-10-29 13:00:00,1761743346.0,0.002
2025-10-29 14:00:00,1761746415.0,0.002
2025-10-29 15:00:00,1761750017.0,0.002
2025-10-29 16:00:00,1761753615.0,0.002
2025-10-29 17:00:00,1761757217.0,0.002
2025-10-29 18:00:00,1761760817.0,0.002
2025-10-29 19:00:00,1761764416.0,0.002
2025-10-29 20:00:00,1761768017.0,0.002
2025-10-29 21:00:00,1761771617.0,0.002
2025-10-29 22:00:00,1761775216.0,0.002
2025-10-29 23:00:00,1761778817.0,0.002
2025-10-30 00:00:00,1761782417.0,0.002
2025-10-30 01:00:00,1761786014.0,0.002
2025-10-30 02:00:00,1761789615.0,0.002
2025-10-30 03:00:00,1761793217.0,0.002
2025-10-30 04:00:00,1761796817.0,0.002
2025-10-30 05:00:00,1761800417.0,0.002
2025-10-30 06:00:00,1761804018.0,0.002
2025-10-30 07:00:00,1761807617.0,0.002
2025-10-30 08:00:00,1761811216.0,0.002
2025-10-30 09:00:00,1761814818.0,0.002
2025-10-30 10:00:00,1761818413.0,0.002
2025-10-30 11:00:00,1761822017.0,0.002
2025-10-30 12:00:00,1761825619.0,0.002
2025-10-30 13:00:00,1761829216.0,0.002
2025-10-30 14:00:00,1761832817.0,0.002
2025-10-30 15:00:00,1761836417.0,0.002
2025-10-30 16:00:00,1761840017.0,0.002
2025-10-30 17:00:00,1761843618.0,0.002
2025-10-30 18:00:00,1761847218.0,0.002
2025-10-30 19:00:00,1761850817.0,0.002
2025-10-30 20:00:00,1761854417.0,0.002
2025-10-30 21:00:00,1761858020.0,0.002
2025-10-30 22:00:00,1761861617.0,0.002
2025-10-30 23:00:00,1761865219.0,0.002
2025-10-31 00:00:00,1761868811.0,0.002
2025-10-31 01:00:00,1761872411.0,0.002
2025-10-31 02:00:00,1761876013.0,0.0015
2025-10-31 03:00:00,1761879615.0,0.0015
2025-10-31 04:00:00,1761883216.0,0.0015
2025-10-31 05:00:00,1761886816.0,0.0015
2025-10-31 06:00:00,1761890417.0,0.0015
2025-10-31 07:00:00,1761894017.0,0.0015
2025-10-31 08:00:00,1761897622.0,0.0015
2025-10-31 09:00:00,1761901218.0,0.0015
2025-10-31 10:00:00,1761904817.0,0.0015
2025-10-31 11:00:00,1761908416.0,0.0015
2025-10-31 12:00:00,1761912019.0,0.0015
2025-10-31 13:00:00,1761915616.0,0.0015
2025-10-31 14:00:00,1761919217.0,0.0015
2025-10-31 15:00:00,1761922817.0,0.0015
2025-10-31 16:00:00,1761926418.0,0.0015
2025-10-31 17:00:00,1761930019.0,0.0015
2025-10-31 18:00:00,1761933618.0,0.0015
2025-10-31 19:00:00,1761937218.0,0.0015
2025-10-31 20:00:00,1761940816.0,0.0015
2025-10-31 21:00:00,1761944419.0,0.0015
2025-10-31 22:00:00,1761948018.0,0.0015
2025-10-31 23:00:00,1761951617.0,0.0015
2025-11-01 00:00:00,1761955216.0,0.0015
2025-11-01 01:00:00,1761958815.0,0.0015
2025-11-01 02:00:00,1761962416.0,0.0015
2025-11-01 03:00:00,1761966018.0,0.0015
2025-11-01 04:00:00,1761969617.0,0.0015
2025-11-01 05:00:00,1761973217.0,0.0015
2025-11-01 06:00:00,1761976819.0,0.0015
2025-11-01 07:00:00,1761980418.0,0.0015
2025-11-01 08:00:00,1761984017.0,0.0015
2025-11-01 09:00:00,1761987619.0,0.0015
2025-11-01 10:00:00,1761991219.0,0.0015
2025-11-01 11:00:00,1761994817.0,0.0015
2025-11-01 12:00:00,1761998421.0,0.0015
2025-11-01 13:00:00,1762002016.0,0.0015
2025-11-01 14:00:00,1762005618.0,0.0015
2025-11-01 15:00:00,1762009219.0,0.0015
2025-11-01 16:00:00,1762012817.0,0.0015
2025-11-01 17:00:00,1762016420.0,0.0015
2025-11-01 18:00:00,1762020018.0,0.0015
2025-11-01 19:00:00,1762023618.0,0.0015
2025-11-01 20:00:00,1762027218.0,0.0015
2025-11-01 21:00:00,1762030819.0,0.0015
2025-11-01 22:00:00,1762034418.0,0.0015
2025-11-01 23:00:00,1762038017.0,0.0015
2025-11-02 00:00:00,1762041613.0,0.0015
2025-11-02 01:00:00,1762045212.0,0.0015
2025-11-02 02:00:00,1762048814.0,0.0015
2025-11-02 03:00:00,1762052416.0,0.0015
2025-11-02 04:00:00,1762056016.0,0.0015
2025-11-02 05:00:00,1762059616.0,0.0015
2025-11-02 06:00:00,1762063217.0,0.0015
2025-11-02 07:00:00,1762066817.0,0.0015
2025-11-02 08:00:00,1762070415.0,0.0015
2025-11-02 09:00:00,1762074017.0,0.0015
2025-11-02 10:00:00,1762077616.0,0.0015
2025-11-02 11:00:00,1762081218.0,0.0015
2025-11-02 12:00:00,1762084819.0,0.0015
2025-11-02 13:00:00,1762088416.0,0.0015
2025-11-02 14:00:00,1762092017.0,0.0015
2025-11-02 15:00:00,1762095617.0,0.0015
2025-11-02 16:00:00,1762099216.0,0.0015
2025-11-02 17:00:00,1762102818.0,0.0015
2025-11-02 18:00:00,1762106419.0,0.0015
2025-11-02 19:00:00,1762110018.0,0.0015
2025-11-02 20:00:00,1762113617.0,0.0015
2025-11-02 21:00:00,1762117219.0,0.0015
2025-11-02 22:00:00,1762120816.0,0.0015
2025-11-02 23:00:00,1762124416.0,0.0015
2025-11-03 00:00:00,1762128015.0,0.0015
2025-11-03 01:00:00,1762131614.0,0.0015
2025-11-03 02:00:00,1762135215.0,0.0015
2025-11-03 03:00:00,1762138816.0,0.0015
2025-11-03 04:00:00,1762142417.0,0.0015
2025-11-03 05:00:00,1762146016.0,0.0015
2025-11-03 06:00:00,1762149618.0,0.0015
2025-11-03 07:00:00,1762153217.0,0.0015
2025-11-03 08:00:00,1762156816.0,0.0015
2025-11-03 09:00:00,1762160417.0,0.0015
2025-11-03 10:00:00,1762164017.0,0.0015
2025-11-03 11:00:00,1762167616.0,0.0015
2025-11-03 12:00:00,1762171218.0,0.0015
2025-11-03 13:00:00,1762174816.0,0.0015
2025-11-03 14:00:00,1762178416.0,0.0015
2025-11-03 15:00:00,1762182016.0,0.0015
2025-11-03 16:00:00,1762185616.0,0.0015
2025-11-03 17:00:00,1762189218.0,0.0015
2025-11-03 18:00:00,1762192818.0,0.0015
2025-11-03 19:00:00,1762196417.0,0.0015
2025-11-03 20:00:00,1762200018.0,0.0015
2025-11-03 21:00:00,1762203620.0,0.0015
2025-11-03 22:00:00,1762207217.0,0.0015
2025-11-03 23:00:00,1762210818.0,0.0015
2025-11-04 00:00:00,1762214416.0,0.0015
2025-11-04 01:00:00,1762218013.0,0.0015
2025-11-04 02:00:00,1762221615.0,0.0015
2025-11-04 03:00:00,1762225217.0,0.0015
2025-11-04 04:00:00,1762228818.0,0.0015
2025-11-04 05:00:00,1762232416.0,0.0015
2025-11-04 06:00:00,1762236019.0,0.0015
2025-11-04 07:00:00,1762239618.0,0.0015
2025-11-04 08:00:00,1762243217.0,0.0015
2025-11-04 09:00:00,1762246819.0,0.0015
2025-11-04 10:00:00,1762250418.0,0.0015
2025-11-04 11:00:00,1762254018.0,0.0015
2025-11-04 12:00:00,1762257621.0,0.0015
2025-11-04 13:00:00,1762261217.0,0.0015
2025-11-04 14:00:00,1762264819.0,0.0015
2025-11-04 15:00:00,1762268418.0,0.0015
2025-11-04 16:00:00,1762272018.0,0.0015
2025-11-04 17:00:00,1762275619.0,0.0015
2025-11-04 18:00:00,1762279219.0,0.0015
2025-11-04 19:00:00,1762282819.0,0.0015
2025-11-04 20:00:00,1762286418.0,0.0015
2025-11-04 21:00:00,1762290021.0,0.0015
2025-11-04 22:00:00,1762293619.0,0.0015
2025-11-04 23:00:00,1762297218.0,0.0015
2025-11-05 00:00:00,1762300817.0,0.0015
2025-11-05 01:00:00,1762304415.0,0.0015
2025-11-05 02:00:00,1762308016.0,0.0015
2025-11-05 03:00:00,1762311618.0,0.0015
2025-11-05 04:00:00,1762315217.0,0.0015
2025-11-05 05:00:00,1762318818.0,0.0015
2025-11-05 06:00:00,1762322420.0,0.0015
2025-11-05 07:00:00,1762326019.0,0.0015
2025-11-05 08:00:00,1762329618.0,0.0015
2025-11-05 09:00:00,1762333220.0,0.0015
2025-11-05 10:00:00,1762336818.0,0.0015
2025-11-05 11:00:00,1762340418.0,0.0015
2025-11-05 12:00:00,1762344021.0,0.0015
2025-11-05 13:00:00,1762347617.0,0.002
2025-11-05 14:00:00,1762351218.0,0.002
2025-11-05 15:00:00,1762354819.0,0.002
2025-11-05 16:00:00,1762358417.0,0.002
2025-11-05 17:00:00,1762362018.0,0.002
2025-11-05 18:00:00,1762365618.0,0.002
2025-11-05 19:00:00,1762369219.0,0.002
2025-11-05 20:00:00,1762372817.0,0.002
2025-11-05 21:00:00,1762376420.0,0.002
2025-11-05 22:00:00,1762380017.0,0.002
2025-11-05 23:00:00,1762383617.0,0.002
2025-11-06 00:00:00,1762387210.0,0.002
2025-11-06 01:00:00,1762390812.0,0.002
2025-11-06 02:00:00,1762394414.0,0.002
2025-11-06 03:00:00,1762398018.0,0.002
2025-11-06 04:00:00,1762401618.0,0.002
2025-11-06 05:00:00,1762405217.0,0.002
2025-11-06 06:00:00,1762408818.0,0.002
2025-11-06 07:00:00,1762412417.0,0.002
2025-11-06 08:00:00,1762416015.0,0.002
2025-11-06 09:00:00,1762419618.0,0.002
2025-11-06 10:00:00,1762423212.0,0.002
2025-11-06 11:00:00,1762426816.0,0.0015
2025-11-06 12:00:00,1762430422.0,0.0015
2025-11-06 13:00:00,1762434015.0,0.0015
2025-11-06 14:00:00,1762437617.0,0.0015
2025-11-06 15:00:00,1762441217.0,0.0015
2025-11-06 16:00:00,1762444818.0,0.0015
2025-11-06 17:00:00,1762448419.0,0.0015
2025-11-06 18:00:00,1762452019.0,0.0015
2025-11-06 19:00:00,1762455618.0,0.0015
2025-11-06 20:00:00,1762459220.0,0.0015
2025-11-06 21:00:00,1762462822.0,0.0015
2025-11-06 22:00:00,1762466418.0,0.0015
2025-11-06 23:00:00,1762470018.0,0.0015
2025-11-07 00:00:00,1762473617.0,0.0015
2025-11-07 01:00:00,1762477214.0,0.0015
2025-11-07 02:00:00,1762480819.0,0.0015
2025-11-07 03:00:00,1762484420.0,0.0015
2025-11-07 04:00:00,1762488018.0,0.0015
2025-11-07 05:00:00,1762491620.0,0.0015
2025-11-07 06:00:00,1762495222.0,0.0015
2025-11-07 07:00:00,1762498819.0,0.0015
2025-11-07 08:00:00,1762502417.0,0.0015
2025-11-07 09:00:00,1762506019.0,0.0015
2025-11-07 10:00:00,1762509618.0,0.0015
2025-11-07 11:00:00,1762513217.0,0.0015
2025-11-07 12:00:00,1762516822.0,0.0015
2025-11-07 13:00:00,1762520418.0,0.0015
2025-11-07 14:00:00,1762524020.0,0.0015
2025-11-07 15:00:00,1762527630.0,0.0015
2025-11-07 16:00:00,1762531219.0,0.0015
2025-11-07 17:00:00,1762534837.0,0.0015
2025-11-07 18:00:00,1762538421.0,0.0015
2025-11-07 19:00:00,1762542021.0,0.0015
2025-11-07 20:00:00,1762545631.0,0.0015
2025-11-07 21:00:00,1762549220.0,0.0015
2025-11-07 22:00:00,1762552818.0,0.0015
2025-11-07 23:00:00,1762556434.0,0.0015
2025-11-08 00:00:00,1762560012.0,0.0015
2025-11-08 01:00:00,1762563612.0,0.0015
2025-11-08 02:00:00,1762567208.0,0.0015
2025-11-08 03:00:00,1762570817.0,0.0015
2025-11-08 04:00:00,1762574417.0,0.0015
2025-11-08 05:00:00,1762578008.0,0.0015
2025-11-08 06:00:00,1762581617.0,0.0015
2025-11-08 07:00:00,1762585218.0,0.0015
2025-11-08 08:00:00,1762588814.0,0.0015
2025-11-08 09:00:00,1762592417.0,0.0015
2025-11-08 10:00:00,1762596016.0,0.0015
2025-11-08 11:00:00,1762599629.0,0.0015
2025-11-08 12:00:00,1762603233.0,0.0015
2025-11-08 13:00:00,1762606816.0,0.0015
2025-11-08 14:00:00,1762610416.0,0.0015
2025-11-08 15:00:00,1762614017.0,0.0015
2025-11-08 16:00:00,1762617617.0,0.0015
2025-11-08 17:00:00,1762621219.0,0.0015
2025-11-08 18:00:00,1762624818.0,0.0015
2025-11-08 19:00:00,1762628418.0,0.0015
2025-11-08 20:00:00,1762632016.0,0.0015
2025-11-08 21:00:00,1762635619.0,0.0015
2025-11-08 22:00:00,1762639218.0,0.0015
2025-11-08 23:00:00,1762642817.0,0.0015
2025-11-09 00:00:00,1762646429.0,0.0015
2025-11-09 01:00:00,1762650014.0,0.0015
2025-11-09 02:00:00,1762653616.0,0.0015
2025-11-09 03:00:00,1762657217.0,0.0015
2025-11-09 04:00:00,1762660828.0,0.0015
2025-11-09 05:00:00,1762664416.0,0.0015
2025-11-09 06:00:00,1762668017.0,0.0015
2025-11-09 07:00:00,1762671617.0,0.0015
2025-11-09 08:00:00,1762675216.0,0.0015
2025-11-09 09:00:00,1762678817.0,0.0015
2025-11-09 10:00:00,1762682416.0,0.0015
2025-11-09 11:00:00,1762686016.0,0.0015
2025-11-09 12:00:00,1762689619.0,0.0015
2025-11-09 13:00:00,1762693216.0,0.0015
2025-11-09 14:00:00,1762696816.0,0.0015
2025-11-09 15:00:00,1762700417.0,0.0015
2025-11-09 16:00:00,1762704016.0,0.0015
2025-11-09 17:00:00,1762707617.0,0.0015
2025-11-09 18:00:00,1762711217.0,0.0015
2025-11-09 19:00:00,1762714816.0,0.0015
2025-11-09 20:00:00,1762718416.0,0.0015
2025-11-09 21:00:00,1762722019.0,0.0015
2025-11-09 22:00:00,1762725616.0,0.0015
2025-11-09 23:00:00,1762729216.0,0.0015
2025-11-10 00:00:00,1762732811.0,0.0015
2025-11-10 01:00:00,1762736424.0,0.0015
2025-11-10 02:00:00,1762740013.0,0.0015
2025-11-10 03:00:00,1762743615.0,0.0015
2025-11-10 04:00:00,1762747217.0,0.0015
2025-11-10 05:00:00,1762750817.0,0.0015
2025-11-10 06:00:00,1762754418.0,0.0015
2025-11-10 07:00:00,1762758016.0,0.0015
2025-11-10 08:00:00,1762761615.0,0.0015
2025-11-10 09:00:00,1762765229.0,0.0015
2025-11-10 10:00:00,1762768818.0,0.0015
2025-11-10 11:00:00,1762772416.0,0.0015
2025-11-10 12:00:00,1762776018.0,0.0015
2025-11-10 13:00:00,1762779617.0,0.0015
2025-11-10 14:00:00,1762783216.0,0.0015
2025-11-10 15:00:00,1762786819.0,0.0015
2025-11-10 16:00:00,1762790419.0,0.0015
2025-11-10 17:00:00,1762794017.0,0.0015
2025-11-10 18:00:00,1762797619.0,0.0015
2025-11-10 19:00:00,1762801217.0,0.0015
2025-11-10 20:00:00,1762804817.0,0.0015
2025-11-10 21:00:00,1762808419.0,0.0015
2025-11-10 22:00:00,1762812017.0,0.0015
2025-11-10 23:00:00,1762815618.0,0.0015
2025-11-11 00:00:00,1762819218.0,0.0015
2025-11-11 01:00:00,1762822817.0,0.0015
2025-11-11 02:00:00,1762826418.0,0.0015
2025-11-11 03:00:00,1762830020.0,0.0015
2025-11-11 04:00:00,1762833621.0,0.0015
2025-11-11 05:00:00,1762837218.0,0.0015
2025-11-11 06:00:00,1762840826.0,0.0015
2025-11-11 07:00:00,1762844420.0,0.0015
2025-11-11 08:00:00,1762848031.0,0.0015
2025-11-11 09:00:00,1762851619.0,0.0015
2025-11-11 10:00:00,1762855219.0,0.0015
2025-11-11 11:00:00,1762858834.0,0.0015
2025-11-11 12:00:00,1762862435.0,0.0015
2025-11-11 13:00:00,1762866017.0,0.0015
2025-11-11 14:00:00,1762869619.0,0.0015
2025-11-11 15:00:00,1762873233.0,0.0015
2025-11-11 16:00:00,1762876818.0,0.0015
2025-11-11 17:00:00,1762880420.0,0.0015
2025-11-11 18:00:00,1762884019.0,0.0015
2025-11-11 19:00:00,1762887618.0,0.0015
2025-11-11 20:00:00,1762891219.0,0.0015
2025-11-11 21:00:00,1762894821.0,0.0015
2025-11-11 22:00:00,1762898418.0,0.0015
2025-11-11 23:00:00,1762902019.0,0.0015
2025-11-12 00:00:00,1762905616.0,0.0015
2025-11-12 01:00:00,1762909213.0,0.0015
2025-11-12 02:00:00,1762912815.0,0.0015
2025-11-12 03:00:00,1762916419.0,0.0015
2025-11-12 04:00:00,1762920019.0,0.0015
2025-11-12 05:00:00,1762923617.0,0.0015
2025-11-12 06:00:00,1762927220.0,0.0015
2025-11-12 07:00:00,1762930820.0,0.0015
2025-11-12 08:00:00,1762934417.0,0.0015
2025-11-12 09:00:00,1762938020.0,0.0015
2025-11-12 10:00:00,1762941616.0,0.0015
2025-11-12 11:00:00,1762945218.0,0.0015
2025-11-12 12:00:00,1762948821.0,0.0015
2025-11-12 13:00:00,1762952417.0,0.0015
2025-11-12 14:00:00,1762956019.0,0.0015
2025-11-12 15:00:00,1762959619.0,0.0015
2025-11-12 16:00:00,1762963219.0,0.0015
2025-11-12 17:00:00,1762966834.0,0.0015
2025-11-12 18:00:00,1762970421.0,0.0015
2025-11-12 19:00:00,1762974020.0,0.0015
2025-11-12 20:00:00,1762977619.0,0.0015
2025-11-12 21:00:00,1762981221.0,0.0015
2025-11-12 22:00:00,1762984818.0,0.0015
2025-11-12 23:00:00,1762988420.0,0.0015
2025-11-13 00:00:00,1762992016.0,0.0015
2025-11-13 01:00:00,1762995615.0,0.0015
2025-11-13 02:00:00,1762999210.0,0.0015
2025-11-13 03:00:00,1763002820.0,0.0015
2025-11-13 04:00:00,1763006420.0,0.0015
2025-11-13 05:00:00,1763010019.0,0.0015
2025-11-13 06:00:00,1763013621.0,0.0015
2025-11-13 07:00:00,1763017221.0,0.0015
2025-11-13 08:00:00,1763020819.0,0.0015
2025-11-13 09:00:00,1763024421.0,0.0015
2025-11-13 10:00:00,1763028018.0,0.0015
2025-11-13 11:00:00,1763031619.0,0.0015
2025-11-13 12:00:00,1763035224.0,0.0015
2025-11-13 13:00:00,1763038819.0,0.0015
2025-11-13 14:00:00,1763042420.0,0.0015
2025-11-13 15:00:00,1763046021.0,0.0015
2025-11-13 16:00:00,1763049621.0,0.0015
2025-11-13 17:00:00,1763053224.0,0.0015
2025-11-13 18:00:00,1763056822.0,0.0015
2025-11-13 19:00:00,1763060435.0,0.0015
2025-11-13 20:00:00,1763064020.0,0.0015
2025-11-13 21:00:00,1763067622.0,0.0015
2025-11-13 22:00:00,1763071220.0,0.0015
2025-11-13 23:00:00,1763074820.0,0.0015
2025-11-14 00:00:00,1763078415.0,0.0015
2025-11-14 01:00:00,1763082014.0,0.0015
2025-11-14 02:00:00,1763085617.0,0.0015
2025-11-14 03:00:00,1763089219.0,0.0015
2025-11-14 04:00:00,1763092820.0,0.0015
2025-11-14 05:00:00,1763096418.0,0.0015
2025-11-14 06:00:00,1763100021.0,0.0015
2025-11-14 07:00:00,1763103621.0,0.0015
2025-11-14 08:00:00,1763107218.0,0.0015
2025-11-14 09:00:00,1763110821.0,0.0015
2025-11-14 10:00:00,1763114419.0,0.0015
2025-11-14 11:00:00,1763118020.0,0.0015
2025-11-14 12:00:00,1763121624.0,0.0015
2025-11-14 13:00:00,1763125231.0,0.0015
2025-11-14 14:00:00,1763128820.0,0.0015
2025-11-14 15:00:00,1763132419.0,0.0015
2025-11-14 16:00:00,1763136019.0,0.0015
2025-11-14 17:00:00,1763139622.0,0.0015
2025-11-14 18:00:00,1763143221.0,0.0015
2025-11-14 19:00:00,1763146821.0,0.0015
2025-11-14 20:00:00,1763150420.0,0.0015
2025-11-14 21:00:00,1763154035.0,0.0015
2025-11-14 22:00:00,1763157621.0,0.0015
2025-11-14 23:00:00,1763161220.0,0.0015
2025-11-15 00:00:00,1763164819.0,0.0015
2025-11-15 01:00:00,1763168417.0,0.0015
2025-11-15 02:00:00,1763172018.0,0.0015
2025-11-15 03:00:00,1763175622.0,0.0015
2025-11-15 04:00:00,1763179219.0,0.0015
2025-11-15 05:00:00,1763182819.0,0.0015
2025-11-15 06:00:00,1763186422.0,0.0015
2025-11-15 07:00:00,1763190020.0,0.0015
2025-11-15 08:00:00,1763193620.0,0.0015
2025-11-15 09:00:00,1763197221.0,0.0015
2025-11-15 10:00:00,1763200821.0,0.0015
2025-11-15 11:00:00,1763204420.0,0.0015
2025-11-15 12:00:00,1763208025.0,0.0015
2025-11-15 13:00:00,1763211619.0,0.0015
2025-11-15 14:00:00,1763215220.0,0.0015
2025-11-15 15:00:00,1763218821.0,0.0015
2025-11-15 16:00:00,1763222419.0,0.0015
2025-11-15 17:00:00,1763226023.0,0.0015
2025-11-15 18:00:00,1763229621.0,0.0015
2025-11-15 19:00:00,1763233222.0,0.0015
2025-11-15 20:00:00,1763236821.0,0.0015
2025-11-15 21:00:00,1763240423.0,0.0015
2025-11-15 22:00:00,1763244020.0,0.0015
2025-11-15 23:00:00,1763247620.0,0.0015
2025-11-16 00:00:00,1763251213.0,0.0015
2025-11-16 01:00:00,1763254823.0,0.0015
2025-11-16 02:00:00,1763258414.0,0.0015
2025-11-16 03:00:00,1763262017.0,0.0015
2025-11-16 04:00:00,1763265617.0,0.0015
2025-11-16 05:00:00,1763269217.0,0.0015
2025-11-16 06:00:00,1763272818.0,0.0015
2025-11-16 07:00:00,1763276417.0,0.0015
2025-11-16 08:00:00,1763280016.0,0.0015
2025-11-16 09:00:00,1763283619.0,0.0015
2025-11-16 10:00:00,1763287217.0,0.0015
2025-11-16 11:00:00,1763290818.0,0.0015
2025-11-16 12:00:00,1763294421.0,0.0015
2025-11-16 13:00:00,1763298017.0,0.0015
2025-11-16 14:00:00,1763301618.0,0.0015
2025-11-16 15:00:00,1763305219.0,0.0015
2025-11-16 16:00:00,1763308817.0,0.0015
2025-11-16 17:00:00,1763312420.0,0.0015
2025-11-16 18:00:00,1763316023.0,0.0015
2025-11-16 19:00:00,1763319618.0,0.0015
2025-11-16 20:00:00,1763323218.0,0.0015
2025-11-16 21:00:00,1763326822.0,0.0015
2025-11-16 22:00:00,1763330418.0,0.0015
2025-11-16 23:00:00,1763334018.0,0.0015
2025-11-17 00:00:00,1763337617.0,0.0015
2025-11-17 01:00:00,1763341215.0,0.0015
2025-11-17 02:00:00,1763344817.0,0.0015
2025-11-17 03:00:00,1763348418.0,0.0015
2025-11-17 04:00:00,1763352017.0,0.0015
2025-11-17 05:00:00,1763355618.0,0.0015
2025-11-17 06:00:00,1763359219.0,0.0015
2025-11-17 07:00:00,1763362819.0,0.0015
2025-11-17 08:00:00,1763366432.0,0.0015
2025-11-17 09:00:00,1763370037.0,0.0015
2025-11-17 10:00:00,1763373622.0,0.002
2025-11-17 11:00:00,1763377218.0,0.0015
2025-11-17 12:00:00,1763380820.0,0.0015
2025-11-17 13:00:00,1763384418.0,0.0015
2025-11-17 14:00:00,1763388016.0,0.0015
2025-11-17 15:00:00,1763391635.0,0.0015
2025-11-17 16:00:00,1763395217.0,0.0015
2025-11-17 17:00:00,1763398820.0,0.0015
2025-11-17 18:00:00,1763402419.0,0.0015
2025-11-17 19:00:00,1763406020.0,0.0015
2025-11-17 20:00:00,1763409618.0,0.0015
2025-11-17 21:00:00,1763413221.0,0.0015
2025-11-17 22:00:00,1763416822.0,0.0015
2025-11-17 23:00:00,1763420421.0,0.0015
2025-11-18 00:00:00,1763424013.0,0.0015
2025-11-18 01:00:00,1763427613.0,0.0015
2025-11-18 02:00:00,1763431215.0,0.0015
2025-11-18 03:00:00,1763434818.0,0.0015
2025-11-18 04:00:00,1763438418.0,0.0015
2025-11-18 05:00:00,1763442017.0,0.0015
2025-11-18 06:00:00,1763445619.0,0.0015
2025-11-18 07:00:00,1763449218.0,0.0015
2025-11-18 08:00:00,1763452817.0,0.0015
2025-11-18 09:00:00,1763456420.0,0.0015
2025-11-18 10:00:00,1763460018.0,0.0015
2025-11-18 11:00:00,1763463616.0,0.0015
2025-11-18 12:00:00,1763467222.0,0.0015
2025-11-18 13:00:00,1763470820.0,0.0015
2025-11-18 14:00:00,1763474418.0,0.0015
2025-11-18 15:00:00,1763478020.0,0.0015
2025-11-18 16:00:00,1763481619.0,0.0015
2025-11-18 17:00:00,1763485220.0,0.0015
2025-11-18 18:00:00,1763488820.0,0.0015
2025-11-18 19:00:00,1763492420.0,0.0015
2025-11-18 20:00:00,1763496020.0,0.0015
2025-11-18 21:00:00,1763499623.0,0.0015
2025-11-18 22:00:00,1763503220.0,0.0015
2025-11-18 23:00:00,1763506835.0,0.0015
2025-11-19 00:00:00,1763510419.0,0.0015
2025-11-19 01:00:00,1763514018.0,0.0015
2025-11-19 02:00:00,1763517619.0,0.0015
2025-11-19 03:00:00,1763521221.0,0.0015
2025-11-19 04:00:00,1763524820.0,0.0015
2025-11-19 05:00:00,1763528420.0,0.0015
2025-11-19 06:00:00,1763532022.0,0.0015
2025-11-19 07:00:00,1763535620.0,0.0015
2025-11-19 08:00:00,1763539221.0,0.0015
2025-11-19 09:00:00,1763542821.0,0.0015
2025-11-19 10:00:00,1763546420.0,0.0015
2025-11-19 11:00:00,1763550020.0,0.0015
2025-11-19 12:00:00,1763553625.0,0.0015
2025-11-19 13:00:00,1763557218.0,0.0015
2025-11-19 14:00:00,1763560832.0,0.0015
2025-11-19 15:00:00,1763564420.0,0.0015
2025-11-19 16:00:00,1763568032.0,0.0015
2025-11-19 17:00:00,1763571622.0,0.0015
2025-11-19 18:00:00,1763575229.0,0.0015
2025-11-19 19:00:00,1763578821.0,0.0015
2025-11-19 20:00:00,1763582419.0,0.0015
2025-11-19 21:00:00,1763586022.0,0.0015
2025-11-19 22:00:00,1763589620.0,0.0015
2025-11-19 23:00:00,1763593235.0,0.0015
2025-11-20 00:00:00,1763596813.0,0.0015
2025-11-20 01:00:00,1763600413.0,0.0015
2025-11-20 02:00:00,1763604016.0,0.0015
2025-11-20 03:00:00,1763607620.0,0.0015
2025-11-20 04:00:00,1763611221.0,0.0015
2025-11-20 05:00:00,1763614818.0,0.0015
2025-11-20 06:00:00,1763618421.0,0.0015
2025-11-20 07:00:00,1763622028.0,0.0015
2025-11-20 08:00:00,1763625619.0,0.0015
2025-11-20 09:00:00,1763629222.0,0.0015
2025-11-20 10:00:00,1763632818.0,0.001
2025-11-20 11:00:00,1763636420.0,0.0005
2025-11-20 12:00:00,1763640014.0,0.001
2025-11-20 13:00:00,1763643610.0,0.001
2025-11-20 14:00:00,1763647210.0,0.0005
2025-11-20 15:00:00,1763650812.0,0.0005
2025-11-20 16:00:00,1763654410.0,0.0005
2025-11-20 17:00:00,1763658014.0,0.001
2025-11-20 18:00:00,1763661614.0,0.001
2025-11-20 19:00:00,1763665210.0,0.001
2025-11-20 20:00:00,1763668812.0,0.001
2025-11-20 21:00:00,1763672416.0,0.001
2025-11-20 22:00:00,1763676026.0,0.001
2025-11-20 23:00:00,1763679612.0,0.001
2025-11-21 00:00:00,1763683220.0,0.001
2025-11-21 01:00:00,1763686810.0,0.001
2025-11-21 02:00:00,1763690410.0,0.001
2025-11-21 03:00:00,1763694013.0,0.001
2025-11-21 04:00:00,1763697624.0,0.001
2025-11-21 05:00:00,1763701217.0,0.001
2025-11-21 06:00:00,1763704813.0,0.001
2025-11-21 07:00:00,1763708411.0,0.001
2025-11-21 08:00:00,1763712011.0,0.001
2025-11-21 09:00:00,1763715612.0,0.0015
2025-11-21 10:00:00,1763719210.0,0.0015
2025-11-21 11:00:00,1763722813.0,0.0015
2025-11-21 12:00:00,1763726414.0,0.0015
2025-11-21 13:00:00,1763730025.0,0.0015
2025-11-21 14:00:00,1763733613.0,0.0015
2025-11-21 15:00:00,1763737212.0,0.0015
2025-11-21 16:00:00,1763740812.0,0.0015
2025-11-21 17:00:00,1763744424.0,0.0015
2025-11-21 18:00:00,1763748013.0,0.0015
2025-11-21 19:00:00,1763751611.0,0.0015
2025-11-21 20:00:00,1763755213.0,0.0015
2025-11-21 21:00:00,1763758813.0,0.0015
2025-11-21 22:00:00,1763762411.0,0.0015
2025-11-21 23:00:00,1763766017.0,0.0015
2025-11-22 00:00:00,1763769614.0,0.0015
2025-11-22 01:00:00,1763773211.0,0.0015
2025-11-22 02:00:00,1763776810.0,0.0015
2025-11-22 03:00:00,1763780412.0,0.0015
2025-11-22 04:00:00,1763784026.0,0.0015
2025-11-22 05:00:00,1763787617.0,0.0015
2025-11-22 06:00:00,1763791222.0,0.0015
2025-11-22 07:00:00,1763794810.0,0.0015
2025-11-22 08:00:00,1763798410.0,0.0015
2025-11-22 09:00:00,1763802013.0,0.0015
2025-11-22 10:00:00,1763805611.0,0.0015
2025-11-22 11:00:00,1763809212.0,0.0015
2025-11-22 12:00:00,1763812814.0,0.0015
2025-11-22 13:00:00,1763816423.0,0.0015
2025-11-22 14:00:00,1763820012.0,0.0015
2025-11-22 15:00:00,1763823611.0,0.0015
2025-11-22 16:00:00,1763827211.0,0.0015
2025-11-22 17:00:00,1763830823.0,0.0005
2025-11-22 18:00:00,1763834411.0,0.0005
2025-11-22 19:00:00,1763838010.0,0.0005
2025-11-22 20:00:00,1763841611.0,0.0005
2025-11-22 21:00:00,1763845213.0,0.0005
2025-11-22 22:00:00,1763848810.0,0.0005
2025-11-22 23:00:00,1763852411.0,0.0005
2025-11-23 00:00:00,1763856015.0,0.0005
2025-11-23 01:00:00,1763859623.0,0.0005
2025-11-23 02:00:00,1763863210.0,0.0005
2025-11-23 03:00:00,1763866814.0,0.001
2025-11-23 04:00:00,1763870410.0,0.001
2025-11-23 05:00:00,1763874009.0,0.001
2025-11-23 06:00:00,1763877620.0,0.001
2025-11-23 07:00:00,1763881209.0,0.001
2025-11-23 08:00:00,1763884810.0,0.001
2025-11-23 09:00:00,1763888412.0,0.001
2025-11-23 10:00:00,1763892010.0,0.001
2025-11-23 11:00:00,1763895611.0,0.001
2025-11-23 12:00:00,1763899213.0,0.001
2025-11-23 13:00:00,1763902810.0,0.001
2025-11-23 14:00:00,1763906412.0,0.001
2025-11-23 15:00:00,1763910011.0,0.001
2025-11-23 16:00:00,1763913610.0,0.001
2025-11-23 17:00:00,1763917227.0,0.001
2025-11-23 18:00:00,1763920813.0,0.001
2025-11-23 19:00:00,1763924410.0,0.001
2025-11-23 20:00:00,1763928011.0,0.001
2025-11-23 21:00:00,1763931628.0,0.001
2025-11-23 22:00:00,1763935210.0,0.001
2025-11-23 23:00:00,1763938810.0,0.001
2025-11-24 00:00:00,1763942414.0,0.001
2025-11-24 01:00:00,1763946008.0,0.001
2025-11-24 02:00:00,1763949608.0,0.001
2025-11-24 03:00:00,1763953209.0,0.0005
2025-11-24 04:00:00,1763956808.0,0.0005
2025-11-24 05:00:00,1763960408.0,0.0005
2025-11-24 06:00:00,1763964017.0,0.0005
2025-11-24 07:00:00,1763967608.0,0.0005
2025-11-24 08:00:00,1763971208.0,0.0005
2025-11-24 09:00:00,1763974809.0,0.0005
2025-11-24 10:00:00,1763978408.0,0.0005
2025-11-24 11:00:00,1763982008.0,0.0005
2025-11-24 12:00:00,1763985610.0,0.0005
2025-11-24 13:00:00,1763989208.0,0.0005
2025-11-24 14:00:00,1763992810.0,0.0005
2025-11-24 15:00:00,1763996409.0,0.0005
2025-11-24 16:00:00,1764000008.0,0.0005
2025-11-24 17:00:00,1764003613.0,0.0005
2025-11-24 18:00:00,1764007210.0,0.0005
2025-11-24 19:00:00,1764010809.0,0.0005
2025-11-24 20:00:00,1764014410.0,0.0005
2025-11-24 21:00:00,1764018020.0,0.0005
2025-11-24 22:00:00,1764021619.0,0.0005
2025-11-24 23:00:00,1764025219.0,0.0005
2025-11-25 00:00:00,1764028818.0,0.0005
2025-11-25 01:00:00,1764032417.0,0.0005
2025-11-25 02:00:00,1764036018.0,0.0005
2025-11-25 03:00:00,1764039619.0,0.0005
2025-11-25 04:00:00,1764043220.0,0.0005
2025-11-25 05:00:00,1764046820.0,0.0005
2025-11-25 06:00:00,1764050420.0,0.0005
2025-11-25 07:00:00,1764054020.0,0.0005
2025-11-25 08:00:00,1764057619.0,0.0005
2025-11-25 09:00:00,1764061221.0,0.0005
2025-11-25 10:00:00,1764064820.0,0.0005
2025-11-25 11:00:00,1764068421.0,0.0005
2025-11-25 12:00:00,1764072022.0,0.0005
2025-11-25 13:00:00,1764075619.0,0.0005
2025-11-25 14:00:00,1764079220.0,0.0005
2025-11-25 15:00:00,1764082820.0,0.0005
2025-11-25 16:00:00,1764086421.0,0.0005
2025-11-25 17:00:00,1764090022.0,0.0005
2025-11-25 18:00:00,1764093621.0,0.001
2025-11-25 19:00:00,1764097221.0,0.0005
2025-11-25 20:00:00,1764100821.0,0.0005
2025-11-25 21:00:00,1764104423.0,0.0005
2025-11-25 22:00:00,1764108021.0,0.0005
2025-11-25 23:00:00,1764111621.0,0.0005
2025-11-26 00:00:00,1764115214.0,0.0005
2025-11-26 01:00:00,1764118815.0,0.0005
2025-11-26 02:00:00,1764122417.0,0.0005
2025-11-26 03:00:00,1764126020.0,0.0005
2025-11-26 04:00:00,1764129621.0,0.0005
2025-11-26 05:00:00,1764133219.0,0.0005
2025-11-26 06:00:00,1764136833.0,0.0005
2025-11-26 07:00:00,1764140421.0,0.0005
2025-11-26 08:00:00,1764144023.0,0.0005
2025-11-26 09:00:00,1764147622.0,0.0005
2025-11-26 10:00:00,1764151219.0,0.0005
2025-11-26 11:00:00,1764154821.0,0.0005
2025-11-26 12:00:00,1764158437.0,0.0005
2025-11-26 13:00:00,1764162019.0,0.0005
2025-11-26 14:00:00,1764165622.0,0.0005
2025-11-26 15:00:00,1764169220.0,0.0005
2025-11-26 16:00:00,1764172822.0,0.0005
2025-11-26 17:00:00,1764176424.0,0.0005
2025-11-26 18:00:00,1764180022.0,0.0005
2025-11-26 19:00:00,1764183623.0,0.0005
2025-11-26 20:00:00,1764187221.0,0.0005
2025-11-26 21:00:00,1764190824.0,0.0005
2025-11-26 22:00:00,1764194422.0,0.0005
2025-11-26 23:00:00,1764198022.0,0.0005
2025-11-27 00:00:00,1764201618.0,0.0005
2025-11-27 01:00:00,1764205228.0,0.0005
2025-11-27 02:00:00,1764208819.0,0.0005
2025-11-27 03:00:00,1764212421.0,0.0005
2025-11-27 04:00:00,1764216022.0,0.0005
2025-11-27 05:00:00,1764219622.0,0.0005
2025-11-27 06:00:00,1764223223.0,0.0005
2025-11-27 07:00:00,1764226823.0,0.0005
2025-11-27 08:00:00,1764230421.0,0.0005
2025-11-27 09:00:00,1764234023.0,0.0005
2025-11-27 10:00:00,1764237622.0,0.0005
2025-11-27 11:00:00,1764241222.0,0.0005
2025-11-27 12:00:00,1764244827.0,0.0005
2025-11-27 13:00:00,1764248420.0,0.0005
2025-11-27 14:00:00,1764252022.0,0.0005
2025-11-27 15:00:00,1764255621.0,0.0005
2025-11-27 16:00:00,1764259222.0,0.0005
2025-11-27 17:00:00,1764262825.0,0.0005
2025-11-27 18:00:00,1764266422.0,0.0005
2025-11-27 19:00:00,1764270023.0,0.0005
2025-11-27 20:00:00,1764273622.0,0.0005
2025-11-27 21:00:00,1764277224.0,0.0005
2025-11-27 22:00:00,1764280823.0,0.0005
2025-11-27 23:00:00,1764284423.0,0.0005
2025-11-28 00:00:00,1764288017.0,0.0005
2025-11-28 01:00:00,1764291617.0,0.0005
2025-11-28 02:00:00,1764295218.0,0.0005
2025-11-28 03:00:00,1764298820.0,0.0005
2025-11-28 04:00:00,1764302421.0,0.0005
2025-11-28 05:00:00,1764306020.0,0.0005
2025-11-28 06:00:00,1764309622.0,0.0005
2025-11-28 07:00:00,1764313223.0,0.0005
2025-11-28 08:00:00,1764316820.0,0.0005
2025-11-28 09:00:00,1764320423.0,0.0005
2025-11-28 10:00:00,1764324021.0,0.0005
2025-11-28 11:00:00,1764327621.0,0.0005
2025-11-28 12:00:00,1764331226.0,0.0005
2025-11-28 13:00:00,1764334821.0,0.0005
2025-11-28 14:00:00,1764338423.0,0.0005
2025-11-28 15:00:00,1764342022.0,0.0005
2025-11-28 16:00:00,1764345636.0,0.0005
2025-11-28 17:00:00,1764349227.0,0.0005
2025-11-28 18:00:00,1764352823.0,0.0005
2025-11-28 19:00:00,1764356425.0,0.0005
2025-11-28 20:00:00,1764360023.0,0.0005
2025-11-28 21:00:00,1764363626.0,0.0005
2025-11-28 22:00:00,1764367226.0,0.0005
2025-11-28 23:00:00,1764370822.0,0.0005
2025-11-29 00:00:00,1764374422.0,0.0005
2025-11-29 01:00:00,1764378020.0,0.0005
2025-11-29 02:00:00,1764381622.0,0.0005
2025-11-29 03:00:00,1764385213.0,0.0005
2025-11-29 04:00:00,1764388822.0,0.0005
2025-11-29 05:00:00,1764392422.0,0.0005
2025-11-29 06:00:00,1764396023.0,0.0005
2025-11-29 07:00:00,1764399624.0,0.0005
2025-11-29 08:00:00,1764403222.0,0.0005
2025-11-29 09:00:00,1764406825.0,0.0005
2025-11-29 10:00:00,1764410437.0,0.0005
2025-11-29 11:00:00,1764414023.0,0.0005
2025-11-29 12:00:00,1764417627.0,0.0005
2025-11-29 13:00:00,1764421221.0,0.0005
2025-11-29 14:00:00,1764424823.0,0.0005
2025-11-29 15:00:00,1764428423.0,0.0005
2025-11-29 16:00:00,1764432023.0,0.0005
2025-11-29 17:00:00,1764435625.0,0.0005
2025-11-29 18:00:00,1764439224.0,0.0005
2025-11-29 19:00:00,1764442824.0,0.0005
2025-11-29 20:00:00,1764446422.0,0.0005
2025-11-29 21:00:00,1764450026.0,0.0005
2025-11-29 22:00:00,1764453612.0,0.0005
2025-11-29 23:00:00,1764457223.0,0.0005
2025-11-30 00:00:00,1764460817.0,0.0005
2025-11-30 01:00:00,1764464418.0,0.0005
2025-11-30 02:00:00,1764468019.0,0.0005
2025-11-30 03:00:00,1764471621.0,0.0005
2025-11-30 04:00:00,1764475222.0,0.0005
2025-11-30 05:00:00,1764478820.0,0.0005
2025-11-30 06:00:00,1764482421.0,0.0005
2025-11-30 07:00:00,1764486023.0,0.0005
2025-11-30 08:00:00,1764489611.0,0.0005
2025-11-30 09:00:00,1764493223.0,0.0005
2025-11-30 10:00:00,1764496836.0,0.0005
2025-11-30 11:00:00,1764500421.0,0.0005
2025-11-30 12:00:00,1764504051.0,0.0005
2025-11-30 13:00:00,1764507610.0,0.0005
2025-11-30 14:00:00,1764511221.0,0.0005
2025-11-30 15:00:00,1764514833.0,0.0005
2025-11-30 16:00:00,1764518434.0,0.0005
2025-11-30 17:00:00,1764522024.0,0.0005
2025-11-30 18:00:00,1764525623.0,0.0005
2025-11-30 19:00:00,1764529223.0,0.0005
2025-11-30 20:00:00,1764532823.0,0.0005
2025-11-30 21:00:00,1764536424.0,0.0005
2025-11-30 22:00:00,1764540022.0,0.0005
2025-11-30 23:00:00,1764543626.0,0.0005
2025-12-01 00:00:00,1764547219.0,0.0005
2025-12-01 01:00:00,1764550819.0,0.0005
2025-12-01 02:00:00,1764554419.0,0.0005
2025-12-01 03:00:00,1764558033.0,0.0005
2025-12-01 04:00:00,1764561621.0,0.0005
2025-12-01 05:00:00,1764565222.0,0.0005
2025-12-01 06:00:00,1764568821.0,0.0005
2025-12-01 07:00:00,1764572421.0,0.0005
2025-12-01 08:00:00,1764576019.0,0.0005
2025-12-01 09:00:00,1764579634.0,0.0005
2025-12-01 10:00:00,1764583234.0,0.0005
2025-12-01 11:00:00,1764586820.0,0.0005
2025-12-01 12:00:00,1764590434.0,0.0005
2025-12-01 13:00:00,1764594019.0,0.0005
2025-12-01 14:00:00,1764597620.0,0.0005
2025-12-01 15:00:00,1764601233.0,0.0005
2025-12-01 16:00:00,1764604831.0,0.0005
2025-12-01 17:00:00,1764608421.0,0.0005
2025-12-01 18:00:00,1764612034.0,0.0005
2025-12-01 19:00:00,1764615621.0,0.0005
2025-12-01 20:00:00,1764619221.0,0.0005
2025-12-01 21:00:00,1764622822.0,0.0005
2025-12-01 22:00:00,1764626421.0,0.0005
2025-12-01 23:00:00,1764630021.0,0.0005
2025-12-02 00:00:00,1764633613.0,0.0005
2025-12-02 01:00:00,1764637213.0,0.0005
2025-12-02 02:00:00,1764640815.0,0.0005
2025-12-02 03:00:00,1764644418.0,0.0005
2025-12-02 04:00:00,1764648019.0,0.0005
2025-12-02 05:00:00,1764651617.0,0.0005
2025-12-02 06:00:00,1764655220.0,0.0005
2025-12-02 07:00:00,1764658819.0,0.0005
2025-12-02 08:00:00,1764662418.0,0.0005
2025-12-02 09:00:00,1764666020.0,0.0005
2025-12-02 10:00:00,1764669618.0,0.0005
2025-12-02 11:00:00,1764673220.0,0.0005
2025-12-02 12:00:00,1764676823.0,0.0005
2025-12-02 13:00:00,1764680418.0,0.0005
2025-12-02 14:00:00,1764684019.0,0.0005
2025-12-02 15:00:00,1764687619.0,0.0005
2025-12-02 16:00:00,1764691209.0,0.0005
2025-12-02 17:00:00,1764694822.0,0.0005
2025-12-02 18:00:00,1764698421.0,0.0005
2025-12-02 19:00:00,1764702021.0,0.0005
2025-12-02 20:00:00,1764705620.0,0.0005
2025-12-02 21:00:00,1764709222.0,0.0005
2025-12-02 22:00:00,1764712820.0,0.0005
2025-12-02 23:00:00,1764716420.0,0.0005
2025-12-03 00:00:00,1764720020.0,0.0005
2025-12-03 01:00:00,1764723617.0,0.0005
2025-12-03 02:00:00,1764727218.0,0.0005
2025-12-03 03:00:00,1764730821.0,0.0005
2025-12-03 04:00:00,1764734421.0,0.0005
2025-12-03 05:00:00,1764738020.0,0.0005
2025-12-03 06:00:00,1764741621.0,0.0005
2025-12-03 07:00:00,1764745223.0,0.0005
2025-12-03 08:00:00,1764748819.0,0.0005
2025-12-03 09:00:00,1764752424.0,0.0005
2025-12-03 10:00:00,1764756020.0,0.0005
2025-12-03 11:00:00,1764759622.0,0.0005
2025-12-03 12:00:00,1764763227.0,0.0005
2025-12-03 13:00:00,1764766820.0,0.0005
2025-12-03 14:00:00,1764770422.0,0.0005
2025-12-03 15:00:00,1764774012.0,0.0005
2025-12-03 16:00:00,1764777622.0,0.0005
2025-12-03 17:00:00,1764781224.0,0.0005
2025-12-03 18:00:00,1764784823.0,0.0005
2025-12-03 19:00:00,1764788423.0,0.0005
2025-12-03 20:00:00,1764792021.0,0.0005
2025-12-03 21:00:00,1764795625.0,0.0005
2025-12-03 22:00:00,1764799222.0,0.0005
2025-12-03 23:00:00,1764802822.0,0.0005
2025-12-04 00:00:00,1764806414.0,0.0005
2025-12-04 01:00:00,1764810014.0,0.0005
2025-12-04 02:00:00,1764813617.0,0.0005
2025-12-04 03:00:00,1764817219.0,0.0005
2025-12-04 04:00:00,1764820822.0,0.0005
2025-12-04 05:00:00,1764824420.0,0.0005
2025-12-04 06:00:00,1764828021.0,0.0005
2025-12-04 07:00:00,1764831621.0,0.0005
2025-12-04 08:00:00,1764835218.0,0.0005
2025-12-04 09:00:00,1764838827.0,0.0005
2025-12-04 10:00:00,1764842419.0,0.0005
2025-12-04 11:00:00,1764846020.0,0.0005
2025-12-04 12:00:00,1764849627.0,0.0005
2025-12-04 13:00:00,1764853219.0,0.0005
2025-12-04 14:00:00,1764856820.0,0.0005
2025-12-04 15:00:00,1764860420.0,0.0005
2025-12-04 16:00:00,1764864010.0,0.0005
2025-12-04 17:00:00,1764867614.0,0.0005
2025-12-04 18:00:00,1764871213.0,0.0005
2025-12-04 19:00:00,1764874811.0,0.0005
2025-12-04 20:00:00,1764878411.0,0.0005
2025-12-04 21:00:00,1764882012.0,0.0005
2025-12-04 22:00:00,1764885610.0,0.0005
2025-12-04 23:00:00,1764889211.0,0.0005
2025-12-05 00:00:00,1764892815.0,0.0005
2025-12-05 01:00:00,1764896411.0,0.0005
2025-12-05 02:00:00,1764900011.0,0.0005
2025-12-05 03:00:00,1764903614.0,0.0005
2025-12-05 04:00:00,1764907212.0,0.0005
2025-12-05 05:00:00,1764910811.0,0.0005
2025-12-05 06:00:00,1764914412.0,0.0005
2025-12-05 07:00:00,1764918011.0,0.0005
2025-12-05 08:00:00,1764921611.0,0.0005
2025-12-05 09:00:00,1764925213.0,0.0005
2025-12-05 10:00:00,1764928811.0,0.0005
2025-12-05 11:00:00,1764932411.0,0.0005
2025-12-05 12:00:00,1764936017.0,0.0005
2025-12-05 13:00:00,1764939611.0,0.0005
2025-12-05 14:00:00,1764943212.0,0.0005
2025-12-05 15:00:00,1764946814.0,0.0005
2025-12-05 16:00:00,1764950411.0,0.0005
2025-12-05 17:00:00,1764954014.0,0.0005
2025-12-05 18:00:00,1764957612.0,0.0005
2025-12-05 19:00:00,1764961215.0,0.0005
2025-12-05 20:00:00,1764964812.0,0.0005
2025-12-05 21:00:00,1764968415.0,0.0005
2025-12-05 22:00:00,1764972012.0,0.0005
2025-12-05 23:00:00,1764975611.0,0.0005
2025-12-06 00:00:00,1764979216.0,0.0005
2025-12-06 01:00:00,1764982812.0,0.0005
2025-12-06 02:00:00,1764986412.0,0.0005
2025-12-06 03:00:00,1764990014.0,0.0005
2025-12-06 04:00:00,1764993612.0,0.0005
2025-12-06 05:00:00,1764997212.0,0.0005
2025-12-06 06:00:00,1765000814.0,0.0005
2025-12-06 07:00:00,1765004424.0,0.0005
2025-12-06 08:00:00,1765008012.0,0.0005
2025-12-06 09:00:00,1765011616.0,0.0005
2025-12-06 10:00:00,1765015214.0,0.0005
2025-12-06 11:00:00,1765018813.0,0.0005
2025-12-06 12:00:00,1765022417.0,0.0005
2025-12-06 13:00:00,1765026013.0,0.0005
2025-12-06 14:00:00,1765029612.0,0.0005
2025-12-06 15:00:00,1765033214.0,0.0005
2025-12-06 16:00:00,1765036812.0,0.0005
2025-12-06 17:00:00,1765040418.0,0.0005
2025-12-06 18:00:00,1765044014.0,0.0005
2025-12-06 19:00:00,1765047614.0,0.0005
2025-12-06 20:00:00,1765051213.0,0.0005
2025-12-06 21:00:00,1765054815.0,0.0005
2025-12-06 22:00:00,1765058412.0,0.0005
2025-12-06 23:00:00,1765062012.0,0.0005
2025-12-07 00:00:00,1765065629.0,0.0005
2025-12-07 01:00:00,1765069213.0,0.0005
2025-12-07 02:00:00,1765072812.0,0.0005
2025-12-07 03:00:00,1765076415.0,0.0005
2025-12-07 04:00:00,1765080011.0,0.0005
2025-12-07 05:00:00,1765083611.0,0.0005
2025-12-07 06:00:00,1765087223.0,0.0005
2025-12-07 07:00:00,1765090812.0,0.0005
2025-12-07 08:00:00,1765094412.0,0.0005
2025-12-07 09:00:00,1765098013.0,0.0005
2025-12-07 10:00:00,1765101612.0,0.0005
2025-12-07 11:00:00,1765105211.0,0.0005
2025-12-07 12:00:00,1765108819.0,0.0005
2025-12-07 13:00:00,1765112412.0,0.0005
2025-12-07 14:00:00,1765116011.0,0.0005
2025-12-07 15:00:00,1765119613.0,0.0005
2025-12-07 16:00:00,1765123211.0,0.0005
2025-12-07 17:00:00,1765126815.0,0.0005
2025-12-07 18:00:00,1765130423.0,0.0005
2025-12-07 19:00:00,1765134013.0,0.0005
2025-12-07 20:00:00,1765137627.0,0.0005
2025-12-07 21:00:00,1765141214.0,0.0005
2025-12-07 22:00:00,1765144811.0,0.0005
2025-12-07 23:00:00,1765148411.0,0.0005
2025-12-08 00:00:00,1765152028.0,0.0005
2025-12-08 01:00:00,1765155625.0,0.0005
2025-12-08 02:00:00,1765159210.0,0.0005
2025-12-08 03:00:00,1765162811.0,0.0005
2025-12-08 04:00:00,1765166411.0,0.0005
2025-12-08 05:00:00,1765170010.0,0.0005
2025-12-08 06:00:00,1765173613.0,0.0005
2025-12-08 07:00:00,1765177211.0,0.0005
2025-12-08 08:00:00,1765180811.0,0.0005
2025-12-08 09:00:00,1765184413.0,0.0005
2025-12-08 10:00:00,1765188010.0,0.0005
2025-12-08 11:00:00,1765191610.0,0.0005
2025-12-08 12:00:00,1765195229.0,0.0005
2025-12-08 13:00:00,1765198813.0,0.0005
2025-12-08 14:00:00,1765202410.0,0.0005
2025-12-08 15:00:00,1765206011.0,0.0005
2025-12-08 16:00:00,1765209624.0,0.0005
2025-12-08 17:00:00,1765213212.0,0.0005
2025-12-08 18:00:00,1765216811.0,0.0005
2025-12-08 19:00:00,1765220410.0,0.0005
2025-12-08 20:00:00,1765224012.0,0.0005
2025-12-08 21:00:00,1765227626.0,0.0005
2025-12-08 22:00:00,1765231210.0,0.0005
2025-12-08 23:00:00,1765234812.0,0.0005
2025-12-09 00:00:00,1765238425.0,0.0005
2025-12-09 01:00:00,1765242018.0,0.0005
2025-12-09 02:00:00,1765245614.0,0.0005
2025-12-09 03:00:00,1765249212.0,0.0005
2025-12-09 04:00:00,1765252811.0,0.0005
2025-12-09 05:00:00,1765256411.0,0.0005
2025-12-09 06:00:00,1765260015.0,0.0005
2025-12-09 07:00:00,1765263619.0,0.0005
2025-12-09 08:00:00,1765267214.0,0.0005
2025-12-09 09:00:00,1765270814.0,0.0005
2025-12-09 10:00:00,1765274411.0,0.0005
2025-12-09 11:00:00,1765278013.0,0.0005
2025-12-09 12:00:00,1765281615.0,0.0005
2025-12-09 13:00:00,1765285215.0,0.0005
2025-12-09 14:00:00,1765288828.0,0.0005
2025-12-09 15:00:00,1765292416.0,0.0005
2025-12-09 16:00:00,1765296011.0,0.0005
2025-12-09 17:00:00,1765299615.0,0.0005
2025-12-09 18:00:00,1765303213.0,0.0005
2025-12-09 19:00:00,1765306811.0,0.0005
2025-12-09 20:00:00,1765310413.0,0.0005
2025-12-09 21:00:00,1765314015.0,0.0005
2025-12-09 22:00:00,1765317612.0,0.0005
2025-12-09 23:00:00,1765321214.0,0.0005
2025-12-10 00:00:00,1765324814.0,0.0005
2025-12-10 01:00:00,1765328422.0,0.0005
2025-12-10 02:00:00,1765332008.0,0.0005
2025-12-10 03:00:00,1765335610.0,0.0005
2025-12-10 04:00:00,1765339210.0,0.0005
2025-12-10 05:00:00,1765342811.0,0.0005
2025-12-10 06:00:00,1765346413.0,0.0005
2025-12-10 07:00:00,1765350009.0,0.0005
2025-12-10 08:00:00,1765353611.0,0.001
2025-12-10 09:00:00,1765357225.0,0.0005
2025-12-10 10:00:00,1765360809.0,0.0005
2025-12-10 11:00:00,1765364409.0,0.0005
2025-12-10 12:00:00,1765368025.0,0.0005
2025-12-10 13:00:00,1765371609.0,0.0005
2025-12-10 14:00:00,1765375209.0,0.0005
2025-12-10 15:00:00,1765378812.0,0.0005
2025-12-10 16:00:00,1765382409.0,0.0005
2025-12-10 17:00:00,1765386012.0,0.0005
2025-12-10 18:00:00,1765389611.0,0.0005
2025-12-10 19:00:00,1765393210.0,0.0005
2025-12-10 20:00:00,1765396810.0,0.0005
2025-12-10 21:00:00,1765400412.0,0.0005
2025-12-10 22:00:00,1765404010.0,0.0005
2025-12-10 23:00:00,1765407610.0,0.001
2025-12-11 00:00:00,1765411214.0,0.0005
2025-12-11 01:00:00,1765414815.0,0.0005
2025-12-11 02:00:00,1765418422.0,0.0005
2025-12-11 03:00:00,1765422012.0,0.0005
2025-12-11 04:00:00,1765425627.0,0.0005
2025-12-11 05:00:00,1765429221.0,0.0005
2025-12-11 06:00:00,1765432812.0,0.0005
2025-12-11 07:00:00,1765436410.0,0.0005
2025-12-11 08:00:00,1765440011.0,0.0005
2025-12-11 09:00:00,1765443612.0,0.0005
2025-12-11 10:00:00,1765447212.0,0.0005
2025-12-11 11:00:00,1765450821.0,0.0005
2025-12-11 12:00:00,1765454416.0,0.0005
2025-12-11 13:00:00,1765458012.0,0.0005
2025-12-11 14:00:00,1765461610.0,0.0005
2025-12-11 15:00:00,1765465212.0,0.0005
2025-12-11 16:00:00,1765468820.0,0.0005
2025-12-11 17:00:00,1765472414.0,0.0005
2025-12-11 18:00:00,1765476011.0,0.0005
2025-12-11 19:00:00,1765479624.0,0.0005
2025-12-11 20:00:00,1765483213.0,0.0005
2025-12-11 21:00:00,1765486812.0,0.0005
2025-12-11 22:00:00,1765490411.0,0.0005
2025-12-11 23:00:00,1765494012.0,0.0005
2025-12-12 00:00:00,1765497614.0,0.0005
2025-12-12 01:00:00,1765501210.0,0.0005
2025-12-12 02:00:00,1765504810.0,0.0005
2025-12-12 03:00:00,1765508414.0,0.0005
2025-12-12 04:00:00,1765512011.0,0.0005
2025-12-12 05:00:00,1765515624.0,0.0005
2025-12-12 06:00:00,1765519213.0,0.0005
2025-12-12 07:00:00,1765522811.0,0.0005
2025-12-12 08:00:00,1765526410.0,0.0005
2025-12-12 09:00:00,1765530013.0,0.0005
2025-12-12 10:00:00,1765533611.0,0.0005
2025-12-12 11:00:00,1765537212.0,0.0005
2025-12-12 12:00:00,1765540816.0,0.0005
2025-12-12 13:00:00,1765544411.0,0.0005
2025-12-12 14:00:00,1765548011.0,0.0005
2025-12-12 15:00:00,1765551612.0,0.0005
2025-12-12 16:00:00,1765555211.0,0.0005
2025-12-12 17:00:00,1765558819.0,0.001
2025-12-12 18:00:00,1765562414.0,0.001
2025-12-12 19:00:00,1765566012.0,0.001
2025-12-12 20:00:00,1765569614.0,0.001
2025-12-12 21:00:00,1765573214.0,0.0005
2025-12-12 22:00:00,1765576815.0,0.0005
2025-12-12 23:00:00,1765580412.0,0.0005
2025-12-13 00:00:00,1765584017.0,0.0005
2025-12-13 01:00:00,1765587612.0,0.0005
2025-12-13 02:00:00,1765591212.0,0.0005
2025-12-13 03:00:00,1765594814.0,0.0005
2025-12-13 04:00:00,1765598413.0,0.0005
2025-12-13 05:00:00,1765602011.0,0.0005
2025-12-13 06:00:00,1765605623.0,0.0005
2025-12-13 07:00:00,1765609212.0,0.0005
2025-12-13 08:00:00,1765612812.0,0.0005
2025-12-13 09:00:00,1765616414.0,0.0005
2025-12-13 10:00:00,1765620012.0,0.0005
2025-12-13 11:00:00,1765623612.0,0.0005
2025-12-13 12:00:00,1765627218.0,0.0005
2025-12-13 13:00:00,1765630812.0,0.0005
2025-12-13 14:00:00,1765634423.0,0.0005
2025-12-13 15:00:00,1765638015.0,0.0005
2025-12-13 16:00:00,1765641611.0,0.0005
2025-12-13 17:00:00,1765645215.0,0.0005
2025-12-13 18:00:00,1765648815.0,0.0005
2025-12-13 19:00:00,1765652412.0,0.0005
2025-12-13 20:00:00,1765656013.0,0.0005
2025-12-13 21:00:00,1765659615.0,0.0005
2025-12-13 22:00:00,1765663214.0,0.0005
2025-12-13 23:00:00,1765666812.0,0.0005
2025-12-14 00:00:00,1765670417.0,0.0005
2025-12-14 01:00:00,1765674012.0,0.0005
2025-12-14 02:00:00,1765677612.0,0.0005
2025-12-14 03:00:00,1765681214.0,0.0005
2025-12-14 04:00:00,1765684812.0,0.0005
2025-12-14 05:00:00,1765688412.0,0.0005
2025-12-14 06:00:00,1765692014.0,0.0005
2025-12-14 07:00:00,1765695612.0,0.0005
2025-12-14 08:00:00,1765699212.0,0.0005
2025-12-14 09:00:00,1765702815.0,0.0005
2025-12-14 10:00:00,1765706413.0,0.0005
2025-12-14 11:00:00,1765710012.0,0.0005
2025-12-14 12:00:00,1765713617.0,0.0005
2025-12-14 13:00:00,1765717211.0,0.0005
2025-12-14 14:00:00,1765720812.0,0.0005
2025-12-14 15:00:00,1765724415.0,0.0005
2025-12-14 16:00:00,1765728012.0,0.0005
2025-12-14 17:00:00,1765731615.0,0.0005
2025-12-14 18:00:00,1765735214.0,0.0005
2025-12-14 19:00:00,1765738814.0,0.0005
2025-12-14 20:00:00,1765742415.0,0.0005
2025-12-14 21:00:00,1765746015.0,0.0005
2025-12-14 22:00:00,1765749611.0,0.0005
2025-12-14 23:00:00,1765753212.0,0.0005
2025-12-15 00:00:00,1765756819.0,0.0005
2025-12-15 01:00:00,1765760411.0,0.0005
2025-12-15 02:00:00,1765764011.0,0.0005
2025-12-15 03:00:00,1765767614.0,0.0005
2025-12-15 04:00:00,1765771214.0,0.0005
2025-12-15 05:00:00,1765774812.0,0.0005
2025-12-15 06:00:00,1765778415.0,0.0005
2025-12-15 07:00:00,1765782011.0,0.0005
2025-12-15 08:00:00,1765785611.0,0.0005
2025-12-15 09:00:00,1765789221.0,0.0005
2025-12-15 10:00:00,1765792811.0,0.0005
2025-12-15 11:00:00,1765796414.0,0.0005
2025-12-15 12:00:00,1765800016.0,0.0005
2025-12-15 13:00:00,1765803625.0,0.0005
2025-12-15 14:00:00,1765807211.0,0.0005
2025-12-15 15:00:00,1765810814.0,0.0005
2025-12-15 16:00:00,1765814412.0,0.0005
2025-12-15 17:00:00,1765818014.0,0.0005
2025-12-15 18:00:00,1765821630.0,0.0005
2025-12-15 19:00:00,1765825211.0,0.0005
2025-12-15 20:00:00,1765828811.0,0.0005
2025-12-15 21:00:00,1765832413.0,0.0005
2025-12-15 22:00:00,1765836027.0,0.0005
2025-12-15 23:00:00,1765839611.0,0.0005
2025-12-16 00:00:00,1765843215.0,0.0005
2025-12-16 01:00:00,1765846816.0,0.0005
2025-12-16 02:00:00,1765850410.0,0.0005
2025-12-16 03:00:00,1765854013.0,0.0005
2025-12-16 04:00:00,1765857611.0,0.0005
2025-12-16 05:00:00,1765861211.0,0.0005
2025-12-16 06:00:00,1765864813.0,0.0005
2025-12-16 07:00:00,1765868417.0,0.0005
2025-12-16 08:00:00,1765872020.0,0.0005
2025-12-16 09:00:00,1765875613.0,0.0005
2025-12-16 10:00:00,1765879211.0,0.0005
2025-12-16 11:00:00,1765882811.0,0.0005
2025-12-16 12:00:00,1765886428.0,0.0005
2025-12-16 13:00:00,1765890011.0,0.0005
2025-12-16 14:00:00,1765893625.0,0.0005
2025-12-16 15:00:00,1765897212.0,0.0005
2025-12-16 16:00:00,1765900828.0,0.0005
2025-12-16 17:00:00,1765904413.0,0.0005
2025-12-16 18:00:00,1765908014.0,0.0005
2025-12-16 19:00:00,1765911613.0,0.0005
2025-12-16 20:00:00,1765915212.0,0.0005
2025-12-16 21:00:00,1765918814.0,0.0005
2025-12-16 22:00:00,1765922411.0,0.0005
2025-12-16 23:00:00,1765926013.0,0.0005
2025-12-17 00:00:00,1765929612.0,0.0005
2025-12-17 01:00:00,1765933212.0,0.0005
2025-12-17 02:00:00,1765936812.0,0.0005
2025-12-17 03:00:00,1765940427.0,0.0005
2025-12-17 04:00:00,1765944012.0,0.0005
2025-12-17 05:00:00,1765947613.0,0.0005
2025-12-17 06:00:00,1765951224.0,0.0005
2025-12-17 07:00:00,1765954813.0,0.0005
2025-12-17 08:00:00,1765958423.0,0.0005
2025-12-17 09:00:00,1765962015.0,0.0005
2025-12-17 10:00:00,1765965613.0,0.0005
2025-12-17 11:00:00,1765969214.0,0.0005
2025-12-17 12:00:00,1765972820.0,0.0005
2025-12-17 13:00:00,1765976412.0,0.0005
2025-12-17 14:00:00,1765980012.0,0.0005
2025-12-17 15:00:00,1765983616.0,0.0005
2025-12-17 16:00:00,1765987213.0,0.0005
2025-12-17 17:00:00,1765990812.0,0.0005
2025-12-17 18:00:00,1765994414.0,0.0005
2025-12-17 19:00:00,1765998016.0,0.0005
2025-12-17 20:00:00,1766001612.0,0.0005
2025-12-17 21:00:00,1766005216.0,0.0005
2025-12-17 22:00:00,1766008812.0,0.0005
2025-12-17 23:00:00,1766012412.0,0.0005
2025-12-18 00:00:00,1766016024.0,0.0005
2025-12-18 01:00:00,1766019610.0,0.0005
2025-12-18 02:00:00,1766023210.0,0.0005
2025-12-18 03:00:00,1766026813.0,0.0005
2025-12-18 04:00:00,1766030410.0,0.0005
2025-12-18 05:00:00,1766034020.0,0.0005
2025-12-18 06:00:00,1766037613.0,0.0005
2025-12-18 07:00:00,1766041211.0,0.0005
2025-12-18 08:00:00,1766044810.0,0.0005
2025-12-18 09:00:00,1766048412.0,0.0005
2025-12-18 10:00:00,1766052022.0,0.0005
2025-12-18 11:00:00,1766055611.0,0.0005
2025-12-18 12:00:00,1766059215.0,0.0005
2025-12-18 13:00:00,1766062812.0,0.0005
2025-12-18 14:00:00,1766066425.0,0.0005
2025-12-18 15:00:00,1766070013.0,0.0005
2025-12-18 16:00:00,1766073622.0,0.0005
2025-12-18 17:00:00,1766077215.0,0.0005
2025-12-18 18:00:00,1766080815.0,0.0005
2025-12-18 19:00:00,1766084415.0,0.0005
2025-12-18 20:00:00,1766088013.0,0.0005
2025-12-18 21:00:00,1766091615.0,0.0005
2025-12-18 22:00:00,1766095213.0,0.0005
2025-12-18 23:00:00,1766098811.0,0.0005
2025-12-19 00:00:00,1766102415.0,0.0005
2025-12-19 01:00:00,1766106011.0,0.0005
2025-12-19 02:00:00,1766109612.0,0.0005
2025-12-19 03:00:00,1766113214.0,0.0005
2025-12-19 04:00:00,1766116813.0,0.0005
2025-12-19 05:00:00,1766120412.0,0.0005
2025-12-19 06:00:00,1766124014.0,0.0005
2025-12-19 07:00:00,1766127613.0,0.0005
2025-12-19 08:00:00,1766131213.0,0.0005
2025-12-19 09:00:00,1766134817.0,0.0005
2025-12-19 10:00:00,1766138412.0,0.0005
2025-12-19 11:00:00,1766142012.0,0.0005
2025-12-19 12:00:00,1766145617.0,0.0005
2025-12-19 13:00:00,1766149213.0,0.0005
2025-12-19 14:00:00,1766152813.0,0.0005
2025-12-19 15:00:00,1766156429.0,0.0005
2025-12-19 16:00:00,1766160027.0,0.0005
2025-12-19 17:00:00,1766163615.0,0.0005
2025-12-19 18:00:00,1766167213.0,0.0005
2025-12-19 19:00:00,1766170811.0,0.0005
2025-12-19 20:00:00,1766174411.0,0.0005
2025-12-19 21:00:00,1766178013.0,0.0005
2025-12-19 22:00:00,1766181611.0,0.0005
2025-12-19 23:00:00,1766185211.0,0.0005
2025-12-20 00:00:00,1766188815.0,0.0005
2025-12-20 01:00:00,1766192413.0,0.0005
2025-12-20 02:00:00,1766196011.0,0.0005
2025-12-20 03:00:00,1766199624.0,0.0005
2025-12-20 04:00:00,1766203212.0,0.0005
2025-12-20 05:00:00,1766206812.0,0.0005
2025-12-20 06:00:00,1766210413.0,0.0005
2025-12-20 07:00:00,1766214012.0,0.0005
2025-12-20 08:00:00,1766217612.0,0.0005
2025-12-20 09:00:00,1766221219.0,0.0005
2025-12-20 10:00:00,1766224812.0,0.0005
2025-12-20 11:00:00,1766228412.0,0.0005
2025-12-20 12:00:00,1766232017.0,0.0005
2025-12-20 13:00:00,1766235612.0,0.0005
2025-12-20 14:00:00,1766239212.0,0.0005
2025-12-20 15:00:00,1766242814.0,0.0005
2025-12-20 16:00:00,1766246413.0,0.0005
2025-12-20 17:00:00,1766250017.0,0.0005
2025-12-20 18:00:00,1766253614.0,0.0005
2025-12-20 19:00:00,1766257214.0,0.0005
2025-12-20 20:00:00,1766260816.0,0.0005
2025-12-20 21:00:00,1766264418.0,0.0005
2025-12-20 22:00:00,1766268014.0,0.0005
2025-12-20 23:00:00,1766271617.0,0.0005
2025-12-21 00:00:00,1766275215.0,0.0005
2025-12-21 01:00:00,1766278812.0,0.0005
2025-12-21 02:00:00,1766282411.0,0.0005
2025-12-21 03:00:00,1766286024.0,0.0005
2025-12-21 04:00:00,1766289622.0,0.0005
2025-12-21 05:00:00,1766293211.0,0.0005
2025-12-21 06:00:00,1766296815.0,0.0005
2025-12-21 07:00:00,1766300411.0,0.0005
2025-12-21 08:00:00,1766304012.0,0.0005
2025-12-21 09:00:00,1766307614.0,0.0005
2025-12-21 10:00:00,1766311211.0,0.0005
2025-12-21 11:00:00,1766314812.0,0.0005
2025-12-21 12:00:00,1766318415.0,0.0005
2025-12-21 13:00:00,1766322012.0,0.0005
2025-12-21 14:00:00,1766325611.0,0.0005
2025-12-21 15:00:00,1766329214.0,0.0005
2025-12-21 16:00:00,1766332811.0,0.0005
2025-12-21 17:00:00,1766336417.0,0.0005
2025-12-21 18:00:00,1766340014.0,0.0005
2025-12-21 19:00:00,1766343612.0,0.0005
2025-12-21 20:00:00,1766347214.0,0.0005
2025-12-21 21:00:00,1766350814.0,0.0005
2025-12-21 22:00:00,1766354411.0,0.0005
2025-12-21 23:00:00,1766358012.0,0.0005
2025-12-22 00:00:00,1766361615.0,0.0005
2025-12-22 01:00:00,1766365212.0,0.0005
2025-12-22 02:00:00,1766368812.0,0.0005
2025-12-22 03:00:00,1766372414.0,0.0005
2025-12-22 04:00:00,1766376018.0,0.0005
2025-12-22 05:00:00,1766379611.0,0.0005
2025-12-22 06:00:00,1766383213.0,0.0005
2025-12-22 07:00:00,1766386812.0,0.0005
2025-12-22 08:00:00,1766390425.0,0.0005
2025-12-22 09:00:00,1766394028.0,0.0005
2025-12-22 10:00:00,1766397612.0,0.0005
2025-12-22 11:00:00,1766401212.0,0.0005
2025-12-22 12:00:00,1766404815.0,0.0005
2025-12-22 13:00:00,1766408411.0,0.0005
2025-12-22 14:00:00,1766412013.0,0.0005
2025-12-22 15:00:00,1766415615.0,0.0005
2025-12-22 16:00:00,1766419211.0,0.0005
2025-12-22 17:00:00,1766422816.0,0.0005
2025-12-22 18:00:00,1766426414.0,0.0005
2025-12-22 19:00:00,1766430013.0,0.0005
2025-12-22 20:00:00,1766433625.0,0.0005
2025-12-22 21:00:00,1766437214.0,0.0005
2025-12-22 22:00:00,1766440824.0,0.0005
2025-12-22 23:00:00,1766444412.0,0.0005
2025-12-23 00:00:00,1766448017.0,0.0005
2025-12-23 01:00:00,1766451613.0,0.0005
2025-12-23 02:00:00,1766455212.0,0.0005
2025-12-23 03:00:00,1766458816.0,0.0005
2025-12-23 04:00:00,1766462425.0,0.0005
2025-12-23 05:00:00,1766466034.0,0.0005
2025-12-23 06:00:00,1766469630.0,0.0005
2025-12-23 07:00:00,1766473213.0,0.0005
2025-12-23 08:00:00,1766476826.0,0.0005
2025-12-23 09:00:00,1766480414.0,0.0005
2025-12-23 10:00:00,1766484013.0,0.0005
2025-12-23 11:00:00,1766487612.0,0.0005
2025-12-23 12:00:00,1766491218.0,0.0005
2025-12-23 13:00:00,1766494813.0,0.0005
2025-12-23 14:00:00,1766498412.0,0.0005
2025-12-23 15:00:00,1766502016.0,0.0005
2025-12-23 16:00:00,1766505612.0,0.0005
2025-12-23 17:00:00,1766509232.0,0.0005
2025-12-23 18:00:00,1766512815.0,0.0005
2025-12-23 19:00:00,1766516413.0,0.0005
2025-12-23 20:00:00,1766520012.0,0.0005
2025-12-23 21:00:00,1766523614.0,0.0005
2025-12-23 22:00:00,1766527215.0,0.0005
2025-12-23 23:00:00,1766530813.0,0.0005
2025-12-24 00:00:00,1766534417.0,0.0005
2025-12-24 01:00:00,1766538014.0,0.0005
2025-12-24 02:00:00,1766541612.0,0.0005
2025-12-24 03:00:00,1766545214.0,0.0005
2025-12-24 04:00:00,1766548813.0,0.0005
2025-12-24 05:00:00,1766552414.0,0.0005
2025-12-24 06:00:00,1766556016.0,0.0005
2025-12-24 07:00:00,1766559612.0,0.0005
2025-12-24 08:00:00,1766563214.0,0.0005
2025-12-24 09:00:00,1766566816.0,0.0005
2025-12-24 10:00:00,1766570414.0,0.0005
2025-12-24 11:00:00,1766574014.0,0.0005
2025-12-24 12:00:00,1766577616.0,0.0005
2025-12-24 13:00:00,1766581213.0,0.0005
2025-12-24 14:00:00,1766584813.0,0.0035
2025-12-24 15:00:00,1766588414.0,0.0015
2025-12-24 16:00:00,1766592013.0,0.0015
2025-12-24 17:00:00,1766595617.0,0.0015
2025-12-24 18:00:00,1766599215.0,0.0005
2025-12-24 19:00:00,1766602815.0,0.0005
2025-12-24 20:00:00,1766606413.0,0.0005
2025-12-24 21:00:00,1766610017.0,0.0005
2025-12-24 22:00:00,1766613614.0,0.0005
2025-12-24 23:00:00,1766617212.0,0.0005
2025-12-25 00:00:00,1766620826.0,0.0005
2025-12-25 01:00:00,1766624412.0,0.0005
2025-12-25 02:00:00,1766628013.0,0.0005
2025-12-25 03:00:00,1766631616.0,0.0005
2025-12-25 04:00:00,1766635213.0,0.0005
2025-12-25 05:00:00,1766638813.0,0.0005
2025-12-25 06:00:00,1766642416.0,0.0005
2025-12-25 07:00:00,1766646013.0,0.0005
2025-12-25 08:00:00,1766649614.0,0.0005
2025-12-25 09:00:00,1766653214.0,0.0005
2025-12-25 10:00:00,1766656812.0,0.0005
2025-12-25 11:00:00,1766660413.0,0.0005
2025-12-25 12:00:00,1766664017.0,0.0005
2025-12-25 13:00:00,1766667613.0,0.0005
2025-12-25 14:00:00,1766671213.0,0.0005
2025-12-25 15:00:00,1766674814.0,0.0005
2025-12-25 16:00:00,1766678412.0,0.0005
2025-12-25 17:00:00,1766682018.0,0.0005
2025-12-25 18:00:00,1766685617.0,0.0005
2025-12-25 19:00:00,1766689213.0,0.0005
2025-12-25 20:00:00,1766692815.0,0.0005
2025-12-25 21:00:00,1766696414.0,0.0005
2025-12-25 22:00:00,1766700016.0,0.0005
2025-12-25 23:00:00,1766703613.0,0.0005
2025-12-26 00:00:00,1766707212.0,0.0005
2025-12-26 01:00:00,1766710810.0,0.0005
2025-12-26 02:00:00,1766714410.0,0.0005
2025-12-26 03:00:00,1766718011.0,0.0005
2025-12-26 04:00:00,1766721610.0,0.0005
2025-12-26 05:00:00,1766725211.0,0.0005
2025-12-26 06:00:00,1766728811.0,0.0005
2025-12-26 07:00:00,1766732410.0,0.0005
2025-12-26 08:00:00,1766736010.0,0.0005
2025-12-26 09:00:00,1766739611.0,0.0005
2025-12-26 10:00:00,1766743211.0,0.0005
2025-12-26 11:00:00,1766746811.0,0.0005
2025-12-26 12:00:00,1766750415.0,0.0005
2025-12-26 13:00:00,1766754011.0,0.0005
2025-12-26 14:00:00,1766757610.0,0.0005
2025-12-26 15:00:00,1766761213.0,0.0005
2025-12-26 16:00:00,1766764811.0,0.0005
2025-12-26 17:00:00,1766768416.0,0.0005
2025-12-26 18:00:00,1766772011.0,0.0005
2025-12-26 19:00:00,1766775611.0,0.0005
2025-12-26 20:00:00,1766779212.0,0.0005
2025-12-26 21:00:00,1766782815.0,0.0005
2025-12-26 22:00:00,1766786411.0,0.0005
2025-12-26 23:00:00,1766790011.0,0.0005
2025-12-27 00:00:00,1766793616.0,0.0005
2025-12-27 01:00:00,1766797212.0,0.0005
2025-12-27 02:00:00,1766800812.0,0.0005
2025-12-27 03:00:00,1766804414.0,0.0005
2025-12-27 04:00:00,1766808014.0,0.0005
2025-12-27 05:00:00,1766811615.0,0.0005
2025-12-27 06:00:00,1766815214.0,0.0005
2025-12-27 07:00:00,1766818825.0,0.0005
2025-12-27 08:00:00,1766822413.0,0.0005
2025-12-27 09:00:00,1766826014.0,0.0005
2025-12-27 10:00:00,1766829613.0,0.0005
2025-12-27 11:00:00,1766833215.0,0.0005
2025-12-27 12:00:00,1766836816.0,0.0005
2025-12-27 13:00:00,1766840413.0,0.0005
2025-12-27 14:00:00,1766844013.0,0.0005
2025-12-27 15:00:00,1766847613.0,0.0005
2025-12-27 16:00:00,1766851213.0,0.0005
2025-12-27 17:00:00,1766854813.0,0.0005
2025-12-27 18:00:00,1766858415.0,0.0005
2025-12-27 19:00:00,1766862013.0,0.0005
2025-12-27 20:00:00,1766865613.0,0.0005
2025-12-27 21:00:00,1766869213.0,0.0005
2025-12-27 22:00:00,1766872814.0,0.0005
2025-12-27 23:00:00,1766876413.0,0.0005
2025-12-28 00:00:00,1766880016.0,0.0005
2025-12-28 01:00:00,1766883686.0,0.0005
2025-12-28 02:00:00,1766887213.0,0.0005
2025-12-28 03:00:00,1766890814.0,0.0005
2025-12-28 04:00:00,1766894413.0,0.0005
2025-12-28 05:00:00,1766898013.0,0.0005
2025-12-28 06:00:00,1766901614.0,0.0005
2025-12-28 07:00:00,1766905213.0,0.0005
2025-12-28 08:00:00,1766908814.0,0.0005
2025-12-28 09:00:00,1766912414.0,0.0005
2025-12-28 10:00:00,1766916015.0,0.0005
2025-12-28 11:00:00,1766919613.0,0.0005
2025-12-28 12:00:00,1766923216.0,0.0005
2025-12-28 13:00:00,1766926813.0,0.0005
2025-12-28 14:00:00,1766930413.0,0.0005
2025-12-28 15:00:00,1766934025.0,0.0005
2025-12-28 16:00:00,1766937628.0,0.0005
2025-12-28 17:00:00,1766941216.0,0.0005
2025-12-28 18:00:00,1766944815.0,0.0005
2025-12-28 19:00:00,1766948413.0,0.0005
2025-12-28 20:00:00,1766952028.0,0.0005
2025-12-28 21:00:00,1766955616.0,0.0005
2025-12-28 22:00:00,1766959214.0,0.0005
2025-12-28 23:00:00,1766962815.0,0.0005
2025-12-29 00:00:00,1766966433.0,0.0005
2025-12-29 01:00:00,1766970086.0,0.0005
2025-12-29 02:00:00,1766973614.0,0.0005
2025-12-29 03:00:00,1766977228.0,0.0005
2025-12-29 04:00:00,1766980813.0,0.0005
2025-12-29 05:00:00,1766984424.0,0.0005
2025-12-29 06:00:00,1766988015.0,0.0005
2025-12-29 07:00:00,1766991616.0,0.0005
2025-12-29 08:00:00,1766995225.0,0.0005
2025-12-29 09:00:00,1766998814.0,0.0005
2025-12-29 10:00:00,1767002416.0,0.0005
2025-12-29 11:00:00,1767006015.0,0.0005
2025-12-29 12:00:00,1767009616.0,0.0005
2025-12-29 13:00:00,1767013214.0,0.0005
2025-12-29 14:00:00,1767016813.0,0.0005
2025-12-29 15:00:00,1767020414.0,0.001
2025-12-29 16:00:00,1767024012.0,0.001
2025-12-29 17:00:00,1767027614.0,0.0005
2025-12-29 18:00:00,1767031214.0,0.0005
2025-12-29 19:00:00,1767034815.0,0.0005
2025-12-29 20:00:00,1767038413.0,0.0005
2025-12-29 21:00:00,1767042014.0,0.0005
2025-12-29 22:00:00,1767045615.0,0.001
2025-12-29 23:00:00,1767049227.0,0.001
2025-12-30 00:00:00,1767052820.0,0.001
2025-12-30 01:00:00,1767056413.0,0.001
2025-12-30 02:00:00,1767060014.0,0.001
2025-12-30 03:00:00,1767063616.0,0.001
2025-12-30 04:00:00,1767067213.0,0.001
2025-12-30 05:00:00,1767070824.0,0.001
2025-12-30 06:00:00,1767074414.0,0.001
2025-12-30 07:00:00,1767078019.0,0.0005
2025-12-30 08:00:00,1767081615.0,0.0005
2025-12-30 09:00:00,1767085216.0,0.0005
2025-12-30 10:00:00,1767088813.0,0.0005
2025-12-30 11:00:00,1767092416.0,0.0005
2025-12-30 12:00:00,1767096019.0,0.0005
2025-12-30 13:00:00,1767099613.0,0.0005
2025-12-30 14:00:00,1767103213.0,0.0005
2025-12-30 15:00:00,1767106815.0,0.0005
2025-12-30 16:00:00,1767110414.0,0.0005
2025-12-30 17:00:00,1767114017.0,0.0005
2025-12-30 18:00:00,1767117619.0,0.0005
2025-12-30 19:00:00,1767121213.0,0.0005
2025-12-30 20:00:00,1767124827.0,0.0005
2025-12-30 21:00:00,1767128415.0,0.0005
2025-12-30 22:00:00,1767132014.0,0.0005
2025-12-30 23:00:00,1767135615.0,0.0005
2025-12-31 00:00:00,1767139217.0,0.0005
2025-12-31 01:00:00,1767142814.0,0.0005
2025-12-31 02:00:00,1767146415.0,0.0005
2025-12-31 03:00:00,1767150017.0,0.0005
2025-12-31 04:00:00,1767153628.0,0.0005
2025-12-31 05:00:00,1767157213.0,0.0005
2025-12-31 06:00:00,1767160815.0,0.0005
2025-12-31 07:00:00,1767164413.0,0.0005
2025-12-31 08:00:00,1767168016.0,0.0005
2025-12-31 09:00:00,1767171615.0,0.0005
2025-12-31 10:00:00,1767175214.0,0.0005
2025-12-31 11:00:00,1767178825.0,0.0005
2025-12-31 12:00:00,1767182417.0,0.0005
2025-12-31 13:00:00,1767186013.0,0.0005
2025-12-31 14:00:00,1767189615.0,0.0005
2025-12-31 15:00:00,1767193215.0,0.0005
2025-12-31 16:00:00,1767196817.0,0.0005
2025-12-31 17:00:00,1767200418.0,0.0005
2025-12-31 18:00:00,1767204017.0,0.0005
2025-12-31 19:00:00,1767207643.0,0.0005
2025-12-31 20:00:00,1767211215.0,0.0005
2025-12-31 21:00:00,1767214817.0,0.0005
2025-12-31 22:00:00,1767218415.0,0.0005
2025-12-31 23:00:00,1767222014.0,0.0005
2026-01-01 00:00:00,1767225617.0,0.0005
2026-01-01 01:00:00,1767229214.0,0.0005
2026-01-01 02:00:00,1767232814.0,0.0005
2026-01-01 03:00:00,1767236415.0,0.0005
2026-01-01 04:00:00,1767240029.0,0.0005
2026-01-01 05:00:00,1767243614.0,0.0005
2026-01-01 06:00:00,1767247216.0,0.0005
2026-01-01 07:00:00,1767250813.0,0.0005
2026-01-01 08:00:00,1767254413.0,0.0005
2026-01-01 09:00:00,1767258016.0,0.0005
2026-01-01 10:00:00,1767261614.0,0.0005
2026-01-01 11:00:00,1767265213.0,0.0005
2026-01-01 12:00:00,1767268818.0,0.0005
2026-01-01 13:00:00,1767272434.0,0.0005
2026-01-01 14:00:00,1767276012.0,0.0005
2026-01-01 15:00:00,1767279615.0,0.0005
2026-01-01 16:00:00,1767283212.0,0.0005
2026-01-01 17:00:00,1767286816.0,0.0005
2026-01-01 18:00:00,1767290415.0,0.0005
2026-01-01 19:00:00,1767294012.0,0.0005
2026-01-01 20:00:00,1767297625.0,0.0005
2026-01-01 21:00:00,1767301213.0,0.0005
2026-01-01 22:00:00,1767304824.0,0.0005
2026-01-01 23:00:00,1767308413.0,0.0005
2026-01-02 00:00:00,1767312016.0,0.0005
2026-01-02 01:00:00,1767315612.0,0.0005
2026-01-02 02:00:00,1767319213.0,0.0005
2026-01-02 03:00:00,1767322827.0,0.0005
2026-01-02 04:00:00,1767326412.0,0.0005
2026-01-02 05:00:00,1767330014.0,0.0005
2026-01-02 06:00:00,1767333614.0,0.0005
2026-01-02 07:00:00,1767337212.0,0.0005
2026-01-02 08:00:00,1767340815.0,0.0005
2026-01-02 09:00:00,1767344414.0,0.0005
2026-01-02 10:00:00,1767348015.0,0.0005
2026-01-02 11:00:00,1767351614.0,0.0005
2026-01-02 12:00:00,1767355216.0,0.0005
2026-01-02 13:00:00,1767358812.0,0.0005
2026-01-02 14:00:00,1767362413.0,0.0005
2026-01-02 15:00:00,1767366016.0,0.0005
2026-01-02 16:00:00,1767369614.0,0.0005
2026-01-02 17:00:00,1767373216.0,0.0005
2026-01-02 18:00:00,1767376829.0,0.0005
2026-01-02 19:00:00,1767380415.0,0.0005
2026-01-02 20:00:00,1767384015.0,0.0005
2026-01-02 21:00:00,1767387616.0,0.0005
2026-01-02 22:00:00,1767391216.0,0.0005
2026-01-02 23:00:00,1767394814.0,0.0005
2026-01-03 00:00:00,1767398415.0,0.0005
2026-01-03 01:00:00,1767402086.0,0.0005
2026-01-03 02:00:00,1767405611.0,0.0005
2026-01-03 03:00:00,1767409213.0,0.0005
2026-01-03 04:00:00,1767412814.0,0.0005
2026-01-03 05:00:00,1767416424.0,0.0005
2026-01-03 06:00:00,1767420025.0,0.0005
2026-01-03 07:00:00,1767423612.0,0.0005
2026-01-03 08:00:00,1767427211.0,0.0005
2026-01-03 09:00:00,1767430826.0,0.0005
2026-01-03 10:00:00,1767434412.0,0.0005
2026-01-03 11:00:00,1767438013.0,0.0005
2026-01-03 12:00:00,1767441617.0,0.0005
2026-01-03 13:00:00,1767445211.0,0.0005
2026-01-03 14:00:00,1767448813.0,0.0005
2026-01-03 15:00:00,1767452429.0,0.0005
2026-01-03 16:00:00,1767456013.0,0.0005
2026-01-03 17:00:00,1767459617.0,0.0005
2026-01-03 18:00:00,1767463214.0,0.0005
2026-01-03 19:00:00,1767466813.0,0.0005
2026-01-03 20:00:00,1767470415.0,0.0005
2026-01-03 21:00:00,1767474015.0,0.0005
2026-01-03 22:00:00,1767477612.0,0.0005
2026-01-03 23:00:00,1767481212.0,0.0005
2026-01-04 00:00:00,1767484816.0,0.0005
2026-01-04 01:00:00,1767488414.0,0.0005
2026-01-04 02:00:00,1767492013.0,0.0005
2026-01-04 03:00:00,1767495628.0,0.0015
2026-01-04 04:00:00,1767499215.0,0.0015
2026-01-04 05:00:00,1767502812.0,0.0015
2026-01-04 06:00:00,1767506414.0,0.0015
2026-01-04 07:00:00,1767510014.0,0.0015
2026-01-04 08:00:00,1767513613.0,0.0015
2026-01-04 09:00:00,1767517214.0,0.0015
2026-01-04 10:00:00,1767520812.0,0.0015
2026-01-04 11:00:00,1767524419.0,0.0015
2026-01-04 12:00:00,1767528018.0,0.0015
2026-01-04 13:00:00,1767531612.0,0.0015
2026-01-04 14:00:00,1767535215.0,0.0015
2026-01-04 15:00:00,1767538820.0,0.0015
2026-01-04 16:00:00,1767542425.0,0.0015
2026-01-04 17:00:00,1767546015.0,0.0015
2026-01-04 18:00:00,1767549617.0,0.0015
2026-01-04 19:00:00,1767553213.0,0.0015
2026-01-04 20:00:00,1767556831.0,0.0015
2026-01-04 21:00:00,1767560417.0,0.0015
2026-01-04 22:00:00,1767564014.0,0.0015
2026-01-04 23:00:00,1767567613.0,0.0015
2026-01-05 00:00:00,1767571219.0,0.0015
2026-01-05 01:00:00,1767574813.0,0.0015
2026-01-05 02:00:00,1767578413.0,0.0015
2026-01-05 03:00:00,1767582015.0,0.0015
2026-01-05 04:00:00,1767585613.0,0.0015
2026-01-05 05:00:00,1767589227.0,0.0015
2026-01-05 06:00:00,1767592816.0,0.0015
2026-01-05 07:00:00,1767596414.0,0.0015
2026-01-05 08:00:00,1767600014.0,0.0015
2026-01-05 09:00:00,1767603620.0,0.0015
2026-01-05 10:00:00,1767607213.0,0.0015
2026-01-05 11:00:00,1767610812.0,0.0015
2026-01-05 12:00:00,1767614416.0,0.0015
2026-01-05 13:00:00,1767618013.0,0.0015
2026-01-05 14:00:00,1767621613.0,0.0015
2026-01-05 15:00:00,1767625216.0,0.0015
2026-01-05 16:00:00,1767628814.0,0.0015
2026-01-05 17:00:00,1767632428.0,0.0015
2026-01-05 18:00:00,1767636016.0,0.001
2026-01-05 19:00:00,1767639614.0,0.001
2026-01-05 20:00:00,1767643213.0,0.0015
2026-01-05 21:00:00,1767646817.0,0.0015
2026-01-05 22:00:00,1767650431.0,0.0015
2026-01-05 23:00:00,1767654014.0,0.0015
2026-01-06 00:00:00,1767657621.0,0.0015
2026-01-06 01:00:00,1767661220.0,0.0015
2026-01-06 02:00:00,1767664815.0,0.0015
2026-01-06 03:00:00,1767668416.0,0.0015
2026-01-06 04:00:00,1767672017.0,0.0015
2026-01-06 05:00:00,1767675614.0,0.0015
2026-01-06 06:00:00,1767679220.0,0.0015
2026-01-06 07:00:00,1767682818.0,0.0015
2026-01-06 08:00:00,1767686419.0,0.0015
2026-01-06 09:00:00,1767690017.0,0.0015
2026-01-06 10:00:00,1767693614.0,0.0015
2026-01-06 11:00:00,1767697219.0,0.0015
2026-01-06 12:00:00,1767700818.0,0.0015
2026-01-06 13:00:00,1767704427.0,0.0015
2026-01-06 14:00:00,1767708016.0,0.0015
2026-01-06 15:00:00,1767711621.0,0.0015
2026-01-06 16:00:00,1767715214.0,0.0015
2026-01-06 17:00:00,1767718819.0,0.0015
2026-01-06 18:00:00,1767722417.0,0.0015
2026-01-06 19:00:00,1767726015.0,0.0015
2026-01-06 20:00:00,1767729615.0,0.0015
2026-01-06 21:00:00,1767733216.0,0.0015
2026-01-06 22:00:00,1767736814.0,0.0015
2026-01-06 23:00:00,1767740427.0,0.0015
2026-01-07 00:00:00,1767744018.0,0.0015
2026-01-07 01:00:00,1767747614.0,0.0015
2026-01-07 02:00:00,1767751215.0,0.0015
2026-01-07 03:00:00,1767754817.0,0.0015
2026-01-07 04:00:00,1767758414.0,0.0015
2026-01-07 05:00:00,1767762015.0,0.0005
2026-01-07 06:00:00,1767765621.0,0.0005
2026-01-07 07:00:00,1767769215.0,0.0005
2026-01-07 08:00:00,1767772817.0,0.0005
2026-01-07 09:00:00,1767776417.0,0.0005
2026-01-07 10:00:00,1767780020.0,0.0005
2026-01-07 11:00:00,1767783614.0,0.0005
2026-01-07 12:00:00,1767787222.0,0.0005
2026-01-07 13:00:00,1767790816.0,0.0005
2026-01-07 14:00:00,1767794414.0,0.0005
2026-01-07 15:00:00,1767798020.0,0.0005
2026-01-07 16:00:00,1767801615.0,0.0005
2026-01-07 17:00:00,1767805221.0,0.0005
2026-01-07 18:00:00,1767808817.0,0.0005
2026-01-07 19:00:00,1767812417.0,0.0005
2026-01-07 20:00:00,1767816016.0,0.0005
2026-01-07 21:00:00,1767819623.0,0.0005
2026-01-07 22:00:00,1767823220.0,0.0005
2026-01-07 23:00:00,1767826816.0,0.0005
2026-01-08 00:00:00,1767830434.0,0.0005
2026-01-08 01:00:00,1767834030.0,0.0005
2026-01-08 02:00:00,1767837615.0,0.0005
2026-01-08 03:00:00,1767841217.0,0.0005
2026-01-08 04:00:00,1767844815.0,0.0005
2026-01-08 05:00:00,1767848415.0,0.0005
2026-01-08 06:00:00,1767852017.0,0.0005
2026-01-08 07:00:00,1767855615.0,0.0005
2026-01-08 08:00:00,1767859226.0,0.0005
2026-01-08 09:00:00,1767862817.0,0.0005
2026-01-08 10:00:00,1767866429.0,0.0005
2026-01-08 11:00:00,1767870016.0,0.0005
2026-01-08 12:00:00,1767873633.0,0.0005
2026-01-08 13:00:00,1767877215.0,0.0005
2026-01-08 14:00:00,1767880819.0,0.0005
2026-01-08 15:00:00,1767884417.0,0.0005
2026-01-08 16:00:00,1767888030.0,0.0005
2026-01-08 17:00:00,1767891620.0,0.0005
2026-01-08 18:00:00,1767895217.0,0.0005
2026-01-08 19:00:00,1767898816.0,0.0005
2026-01-08 20:00:00,1767902417.0,0.0005
2026-01-08 21:00:00,1767906018.0,0.0005
2026-01-08 22:00:00,1767909618.0,0.0005
2026-01-08 23:00:00,1767913217.0,0.0005
2026-01-09 00:00:00,1767916818.0,0.0005
2026-01-09 01:00:00,1767920416.0,0.0005
2026-01-09 02:00:00,1767924016.0,0.0005
2026-01-09 03:00:00,1767927618.0,0.0005
2026-01-09 04:00:00,1767931215.0,0.0005
2026-01-09 05:00:00,1767934816.0,0.0005
2026-01-09 06:00:00,1767938418.0,0.0005
2026-01-09 07:00:00,1767942015.0,0.0005
2026-01-09 08:00:00,1767945616.0,0.0005
2026-01-09 09:00:00,1767949217.0,0.0005
2026-01-09 10:00:00,1767952817.0,0.0005
2026-01-09 11:00:00,1767956415.0,0.0005
2026-01-09 12:00:00,1767960032.0,0.0005
2026-01-09 13:00:00,1767963616.0,0.0005
2026-01-09 14:00:00,1767967216.0,0.0005
2026-01-09 15:00:00,1767970819.0,0.0005
2026-01-09 16:00:00,1767974418.0,0.0005
2026-01-09 17:00:00,1767978020.0,0.0005
2026-01-09 18:00:00,1767981620.0,0.0005
2026-01-09 19:00:00,1767985217.0,0.0005
2026-01-09 20:00:00,1767988831.0,0.0005
2026-01-09 21:00:00,1767992419.0,0.0005
2026-01-09 22:00:00,1767996017.0,0.0005
2026-01-09 23:00:00,1767999616.0,0.0005
2026-01-10 00:00:00,1768003219.0,0.0005
2026-01-10 01:00:00,1768006818.0,0.0005
2026-01-10 02:00:00,1768010415.0,0.0005
2026-01-10 03:00:00,1768014017.0,0.0005
2026-01-10 04:00:00,1768017615.0,0.0005
2026-01-10 05:00:00,1768021215.0,0.0005
2026-01-10 06:00:00,1768024819.0,0.0005
2026-01-10 07:00:00,1768028416.0,0.0005
2026-01-10 08:00:00,1768032030.0,0.0005
2026-01-10 09:00:00,1768035619.0,0.0005
2026-01-10 10:00:00,1768039218.0,0.0005
2026-01-10 11:00:00,1768042817.0,0.0005
2026-01-10 12:00:00,1768046421.0,0.0005
2026-01-10 13:00:00,1768050018.0,0.0005
2026-01-10 14:00:00,1768053620.0,0.0005
2026-01-10 15:00:00,1768057219.0,0.0005
2026-01-10 16:00:00,1768060828.0,0.0005
2026-01-10 17:00:00,1768064420.0,0.0005
2026-01-10 18:00:00,1768068021.0,0.0005
2026-01-10 19:00:00,1768071616.0,0.0005
2026-01-10 20:00:00,1768075216.0,0.0005
2026-01-10 21:00:00,1768078822.0,0.0005
2026-01-10 22:00:00,1768082417.0,0.0005
2026-01-10 23:00:00,1768086030.0,0.0005
2026-01-11 00:00:00,1768089617.0,0.0005
2026-01-11 01:00:00,1768093215.0,0.0005
2026-01-11 02:00:00,1768096828.0,0.0005
2026-01-11 03:00:00,1768100416.0,0.0005
2026-01-11 04:00:00,1768104015.0,0.0005
2026-01-11 05:00:00,1768107612.0,0.0005
2026-01-11 06:00:00,1768111216.0,0.0005
2026-01-11 07:00:00,1768114815.0,0.0005
2026-01-11 08:00:00,1768118415.0,0.0005
2026-01-11 09:00:00,1768122014.0,0.0005
2026-01-11 10:00:00,1768125612.0,0.0005
2026-01-11 11:00:00,1768129226.0,0.0005
2026-01-11 12:00:00,1768132816.0,0.0005
2026-01-11 13:00:00,1768136414.0,0.0005
2026-01-11 14:00:00,1768140015.0,0.0005
2026-01-11 15:00:00,1768143628.0,0.0005
2026-01-11 16:00:00,1768147213.0,0.0005
2026-01-11 17:00:00,1768150829.0,0.0005
2026-01-11 18:00:00,1768154419.0,0.0005
2026-01-11 19:00:00,1768158015.0,0.0005
2026-01-11 20:00:00,1768161618.0,0.0005
2026-01-11 21:00:00,1768165235.0,0.0005
2026-01-11 22:00:00,1768168818.0,0.0005
2026-01-11 23:00:00,1768172415.0,0.0005
2026-01-12 00:00:00,1768176019.0,0.0005
2026-01-12 01:00:00,1768179615.0,0.0005
2026-01-12 02:00:00,1768183225.0,0.0005
2026-01-12 03:00:00,1768186832.0,0.0005
2026-01-12 04:00:00,1768190416.0,0.0005
2026-01-12 05:00:00,1768194015.0,0.0005
2026-01-12 06:00:00,1768197616.0,0.0005
2026-01-12 07:00:00,1768201216.0,0.0005
2026-01-12 08:00:00,1768204816.0,0.0005
2026-01-12 09:00:00,1768208416.0,0.0005
2026-01-12 10:00:00,1768212014.0,0.0005
2026-01-12 11:00:00,1768215625.0,0.0005
2026-01-12 12:00:00,1768219223.0,0.0005
2026-01-12 13:00:00,1768222816.0,0.0005
2026-01-12 14:00:00,1768226414.0,0.0005
2026-01-12 15:00:00,1768230020.0,0.0005
2026-01-12 16:00:00,1768233614.0,0.0005
2026-01-12 17:00:00,1768237216.0,0.0005
2026-01-12 18:00:00,1768240844.0,0.0005
2026-01-12 19:00:00,1768244415.0,0.0005
2026-01-12 20:00:00,1768248019.0,0.0005
2026-01-12 21:00:00,1768251621.0,0.0005
2026-01-12 22:00:00,1768255243.0,0.0005
2026-01-12 23:00:00,1768258820.0,0.0005
2026-01-13 00:00:00,1768262420.0,0.0005
2026-01-13 01:00:00,1768266088.0,0.0005
2026-01-13 02:00:00,1768269615.0,0.0005
2026-01-13 03:00:00,1768273220.0,0.0005
2026-01-13 04:00:00,1768276816.0,0.0005
2026-01-13 05:00:00,1768280415.0,0.0005
2026-01-13 06:00:00,1768284019.0,0.0005
2026-01-13 07:00:00,1768287632.0,0.0005
2026-01-13 08:00:00,1768291229.0,0.0005
2026-01-13 09:00:00,1768294821.0,0.0005
2026-01-13 10:00:00,1768298416.0,0.0005
2026-01-13 11:00:00,1768302016.0,0.0005
2026-01-13 12:00:00,1768305622.0,0.0005
2026-01-13 13:00:00,1768309260.0,0.0005
2026-01-13 14:00:00,1768312830.0,0.0005
2026-01-13 15:00:00,1768316418.0,0.0005
2026-01-13 16:00:00,1768320028.0,0.0005
2026-01-13 17:00:00,1768323619.0,0.0005
2026-01-13 18:00:00,1768327220.0,0.0005
2026-01-13 19:00:00,1768330859.0,0.0005
2026-01-13 20:00:00,1768334416.0,0.0005
2026-01-13 21:00:00,1768338019.0,0.0005
2026-01-13 22:00:00,1768341618.0,0.0005
2026-01-13 23:00:00,1768345217.0,0.0005
2026-01-14 00:00:00,1768348820.0,0.0005
2026-01-14 01:00:00,1768352417.0,0.0005
2026-01-14 02:00:00,1768356017.0,0.0005
2026-01-14 03:00:00,1768359619.0,0.0005
2026-01-14 04:00:00,1768363219.0,0.0005
2026-01-14 05:00:00,1768366820.0,0.0005
2026-01-14 06:00:00,1768370420.0,0.0005
2026-01-14 07:00:00,1768374018.0,0.0005
2026-01-14 08:00:00,1768377632.0,0.0005
2026-01-14 09:00:00,1768381219.0,0.0005
2026-01-14 10:00:00,1768384816.0,0.0005
2026-01-14 11:00:00,1768388416.0,0.0005
2026-01-14 12:00:00,1768392021.0,0.0005
2026-01-14 13:00:00,1768395619.0,0.0005
2026-01-14 14:00:00,1768399216.0,0.0005
2026-01-14 15:00:00,1768402832.0,0.0005
2026-01-14 16:00:00,1768406430.0,0.0005
2026-01-14 17:00:00,1768410021.0,0.0005
2026-01-14 18:00:00,1768413622.0,0.0005
2026-01-14 19:00:00,1768417217.0,0.0005
2026-01-14 20:00:00,1768420818.0,0.0005
2026-01-14 21:00:00,1768424422.0,0.0005
2026-01-14 22:00:00,1768428020.0,0.0005
2026-01-14 23:00:00,1768431618.0,0.0005
2026-01-15 00:00:00,1768435221.0,0.0005
2026-01-15 01:00:00,1768438816.0,0.0005
2026-01-15 02:00:00,1768442417.0,0.0005
2026-01-15 03:00:00,1768446029.0,0.0005
2026-01-15 04:00:00,1768449618.0,0.0005
2026-01-15 05:00:00,1768453217.0,0.0005
2026-01-15 06:00:00,1768456820.0,0.0005
2026-01-15 07:00:00,1768460418.0,0.0005
2026-01-15 08:00:00,1768464017.0,0.0005
2026-01-15 09:00:00,1768467623.0,0.0005
2026-01-15 10:00:00,1768471217.0,0.0005
2026-01-15 11:00:00,1768474817.0,0.0005
2026-01-15 12:00:00,1768478421.0,0.0005
2026-01-15 13:00:00,1768482018.0,0.0005
2026-01-15 14:00:00,1768485617.0,0.0005
2026-01-15 15:00:00,1768489219.0,0.0005
2026-01-15 16:00:00,1768492817.0,0.0005
2026-01-15 17:00:00,1768496423.0,0.0005
2026-01-15 18:00:00,1768500025.0,0.0005
2026-01-15 19:00:00,1768503622.0,0.0005
2026-01-15 20:00:00,1768507220.0,0.0005
2026-01-15 21:00:00,1768510825.0,0.0005
2026-01-15 22:00:00,1768514418.0,0.0005
2026-01-15 23:00:00,1768518019.0,0.0005
2026-01-16 00:00:00,1768521624.0,0.0005
2026-01-16 01:00:00,1768525222.0,0.0005
2026-01-16 02:00:00,1768528819.0,0.0005
2026-01-16 03:00:00,1768532424.0,0.0005
2026-01-16 04:00:00,1768536018.0,0.0005
2026-01-16 05:00:00,1768539618.0,0.0005
2026-01-16 06:00:00,1768543221.0,0.0005
2026-01-16 07:00:00,1768546818.0,0.0005
2026-01-16 08:00:00,1768550419.0,0.0005
2026-01-16 09:00:00,1768554019.0,0.0005
2026-01-16 10:00:00,1768557617.0,0.0005
2026-01-16 11:00:00,1768561217.0,0.0005
2026-01-16 12:00:00,1768564822.0,0.0005
2026-01-16 13:00:00,1768568418.0,0.0005
2026-01-16 14:00:00,1768572018.0,0.0005
2026-01-16 15:00:00,1768575620.0,0.0005
2026-01-16 16:00:00,1768579217.0,0.0005
2026-01-16 17:00:00,1768582820.0,0.0005
2026-01-16 18:00:00,1768586421.0,0.0005
2026-01-16 19:00:00,1768590021.0,0.0005
2026-01-16 20:00:00,1768593618.0,0.0005
2026-01-16 21:00:00,1768597224.0,0.0005
2026-01-16 22:00:00,1768600834.0,0.0005
2026-01-16 23:00:00,1768604418.0,0.0005
2026-01-17 00:00:00,1768608022.0,0.0005
2026-01-17 01:00:00,1768611618.0,0.0005
2026-01-17 02:00:00,1768615218.0,0.0005
2026-01-17 03:00:00,1768618822.0,0.0005
2026-01-17 04:00:00,1768622417.0,0.0005
2026-01-17 05:00:00,1768626018.0,0.0005
2026-01-17 06:00:00,1768629620.0,0.0005
2026-01-17 07:00:00,1768633220.0,0.0005
2026-01-17 08:00:00,1768636818.0,0.0005
2026-01-17 09:00:00,1768640420.0,0.0005
2026-01-17 10:00:00,1768644032.0,0.0005
2026-01-17 11:00:00,1768647618.0,0.0005
2026-01-17 12:00:00,1768651229.0,0.0005
2026-01-17 13:00:00,1768654819.0,0.0005
2026-01-17 14:00:00,1768658435.0,0.0005
2026-01-17 15:00:00,1768662025.0,0.0005
2026-01-17 16:00:00,1768665618.0,0.0005
2026-01-17 17:00:00,1768669232.0,0.0005
2026-01-17 18:00:00,1768672823.0,0.0005
2026-01-17 19:00:00,1768676420.0,0.0005
2026-01-17 20:00:00,1768680033.0,0.0005
2026-01-17 21:00:00,1768683634.0,0.0005
2026-01-17 22:00:00,1768687218.0,0.0005
2026-01-17 23:00:00,1768690819.0,0.0005
2026-01-18 00:00:00,1768694431.0,0.0005
2026-01-18 01:00:00,1768698017.0,0.0005
2026-01-18 02:00:00,1768701649.0,0.0005
2026-01-18 03:00:00,1768705222.0,0.0005
2026-01-18 04:00:00,1768708821.0,0.0005
2026-01-18 05:00:00,1768712429.0,0.0005
2026-01-18 06:00:00,1768716049.0,0.0005
2026-01-18 07:00:00,1768719617.0,0.0005
2026-01-18 08:00:00,1768723244.0,0.0005
2026-01-18 09:00:00,1768726819.0,0.0005
2026-01-18 10:00:00,1768730416.0,0.0005
2026-01-18 11:00:00,1768734019.0,0.0005
2026-01-18 12:00:00,1768737637.0,0.0005
2026-01-18 13:00:00,1768741231.0,0.0005
2026-01-18 14:00:00,1768744818.0,0.0005
2026-01-18 15:00:00,1768748419.0,0.0005
2026-01-18 16:00:00,1768752017.0,0.0005
2026-01-18 17:00:00,1768755637.0,0.0005
2026-01-18 18:00:00,1768759236.0,0.0005
2026-01-18 19:00:00,1768762817.0,0.0005
2026-01-18 20:00:00,1768766421.0,0.0005
2026-01-18 21:00:00,1768770020.0,0.0005
2026-01-18 22:00:00,1768773617.0,0.0005
2026-01-18 23:00:00,1768777220.0,0.0005
2026-01-19 00:00:00,1768780818.0,0.0005
2026-01-19 01:00:00,1768784509.0,0.0005
2026-01-19 02:00:00,1768788026.0,0.0005
2026-01-19 03:00:00,1768791617.0,0.0005
2026-01-19 04:00:00,1768795220.0,0.0005
2026-01-19 05:00:00,1768798825.0,0.0005
2026-01-19 06:00:00,1768802417.0,0.0005
2026-01-19 07:00:00,1768806026.0,0.0005
2026-01-19 08:00:00,1768809626.0,0.0005
2026-01-19 09:00:00,1768813219.0,0.0005
2026-01-19 10:00:00,1768816814.0,0.0005
2026-01-19 11:00:00,1768820425.0,0.0005
2026-01-19 12:00:00,1768824021.0,0.0005
2026-01-19 13:00:00,1768827614.0,0.0005
2026-01-19 14:00:00,1768831213.0,0.0005
2026-01-19 15:00:00,1768834819.0,0.0005
2026-01-19 16:00:00,1768838415.0,0.0005
2026-01-19 17:00:00,1768842029.0,0.0005
2026-01-19 18:00:00,1768845621.0,0.0005
2026-01-19 19:00:00,1768849216.0,0.0005
2026-01-19 20:00:00,1768852821.0,0.0005
2026-01-19 21:00:00,1768856419.0,0.0005
2026-01-19 22:00:00,1768860018.0,0.0005
2026-01-19 23:00:00,1768863629.0,0.0005
2026-01-20 00:00:00,1768867220.0,0.0005
2026-01-20 01:00:00,1768870815.0,0.0005
2026-01-20 02:00:00,1768874415.0,0.0005
2026-01-20 03:00:00,1768878033.0,0.0005
2026-01-20 04:00:00,1768881631.0,0.0005
2026-01-20 05:00:00,1768885230.0,0.0005
2026-01-20 06:00:00,1768888821.0,0.0005
2026-01-20 07:00:00,1768892416.0,0.0005
2026-01-20 08:00:00,1768896017.0,0.0005
2026-01-20 09:00:00,1768899617.0,0.0005
2026-01-20 10:00:00,1768903218.0,0.0005
2026-01-20 11:00:00,1768906816.0,0.0005
2026-01-20 12:00:00,1768910421.0,0.0005
2026-01-20 13:00:00,1768914016.0,0.0005
2026-01-20 14:00:00,1768917616.0,0.0005
2026-01-20 15:00:00,1768921220.0,0.0005
2026-01-20 16:00:00,1768924815.0,0.0005
2026-01-20 17:00:00,1768928417.0,0.0005
2026-01-20 18:00:00,1768932018.0,0.0005
2026-01-20 19:00:00,1768935615.0,0.0005
2026-01-20 20:00:00,1768939216.0,0.0005
2026-01-20 21:00:00,1768942836.0,0.0005
2026-01-20 22:00:00,1768946416.0,0.0005
2026-01-20 23:00:00,1768950016.0,0.0005
2026-01-21 00:00:00,1768953621.0,0.0005
2026-01-21 01:00:00,1768957215.0,0.0005
2026-01-21 02:00:00,1768960817.0,0.0005
2026-01-21 03:00:00,1768964421.0,0.0005
2026-01-21 04:00:00,1768968015.0,0.0005
2026-01-21 05:00:00,1768971616.0,0.0005
2026-01-21 06:00:00,1768975220.0,0.0005
2026-01-21 07:00:00,1768978818.0,0.0005
2026-01-21 08:00:00,1768982417.0,0.0005
2026-01-21 09:00:00,1768986040.0,0.0005
2026-01-21 10:00:00,1768989617.0,0.0005
2026-01-21 11:00:00,1768993217.0,0.0005
2026-01-21 12:00:00,1768996842.0,0.0005
2026-01-21 13:00:00,1769000416.0,0.0005
2026-01-21 14:00:00,1769004019.0,0.0005
2026-01-21 15:00:00,1769007620.0,0.0005
2026-01-21 16:00:00,1769011219.0,0.0005
2026-01-21 17:00:00,1769014823.0,0.0005
2026-01-21 18:00:00,1769018441.0,0.0005
2026-01-21 19:00:00,1769022031.0,0.0005
2026-01-21 20:00:00,1769025619.0,0.0005
2026-01-21 21:00:00,1769029254.0,0.0005
2026-01-21 22:00:00,1769032818.0,0.0005
2026-01-21 23:00:00,1769036419.0,0.0005
2026-01-22 00:00:00,1769040030.0,0.0005
2026-01-22 01:00:00,1769043617.0,0.0005
2026-01-22 02:00:00,1769047221.0,0.0005
2026-01-22 03:00:00,1769050826.0,0.0005
2026-01-22 04:00:00,1769054416.0,0.0005
2026-01-22 05:00:00,1769058017.0,0.0005
2026-01-22 06:00:00,1769061619.0,0.0005
2026-01-22 07:00:00,1769065218.0,0.0005
2026-01-22 08:00:00,1769068820.0,0.0005
2026-01-22 09:00:00,1769072425.0,0.0005
2026-01-22 10:00:00,1769076018.0,0.0005
2026-01-22 11:00:00,1769079617.0,0.0005
2026-01-22 12:00:00,1769083247.0,0.0005
2026-01-22 13:00:00,1769086818.0,0.0005
2026-01-22 14:00:00,1769090417.0,0.0005
2026-01-22 15:00:00,1769094033.0,0.0005
2026-01-22 16:00:00,1769097618.0,0.0005
2026-01-22 17:00:00,1769101221.0,0.0005
2026-01-22 18:00:00,1769104834.0,0.0005
2026-01-22 19:00:00,1769108417.0,0.0005
2026-01-22 20:00:00,1769112019.0,0.0005
2026-01-22 21:00:00,1769115627.0,0.0005
2026-01-22 22:00:00,1769119219.0,0.0005
2026-01-22 23:00:00,1769122819.0,0.0005
2026-01-23 00:00:00,1769126437.0,0.0005
2026-01-23 01:00:00,1769130017.0,0.0005
2026-01-23 02:00:00,1769133618.0,0.0005
2026-01-23 03:00:00,1769137230.0,0.0005
2026-01-23 04:00:00,1769140819.0,0.0005
2026-01-23 05:00:00,1769144416.0,0.0005
2026-01-23 06:00:00,1769148021.0,0.0005
2026-01-23 07:00:00,1769151618.0,0.0005
2026-01-23 08:00:00,1769155219.0,0.0005
2026-01-23 09:00:00,1769158822.0,0.0005
2026-01-23 10:00:00,1769162432.0,0.0005
2026-01-23 11:00:00,1769166019.0,0.0005
2026-01-23 12:00:00,1769169646.0,0.0005
2026-01-23 13:00:00,1769173217.0,0.0005
2026-01-23 14:00:00,1769176817.0,0.0005
2026-01-23 15:00:00,1769180420.0,0.0005
2026-01-23 16:00:00,1769184016.0,0.0005
2026-01-23 17:00:00,1769187636.0,0.0005
2026-01-23 18:00:00,1769191237.0,0.0005
2026-01-23 19:00:00,1769194820.0,0.0005
2026-01-23 20:00:00,1769198419.0,0.0005
2026-01-23 21:00:00,1769202021.0,0.0005
2026-01-23 22:00:00,1769205622.0,0.0005
2026-01-23 23:00:00,1769209222.0,0.0005
2026-01-24 00:00:00,1769212832.0,0.0005
2026-01-24 01:00:00,1769216420.0,0.0005
2026-01-24 02:00:00,1769220022.0,0.0005
2026-01-24 03:00:00,1769223642.0,0.0005
2026-01-24 04:00:00,1769227218.0,0.0005
2026-01-24 05:00:00,1769230839.0,0.0005
2026-01-24 06:00:00,1769234442.0,0.0005
2026-01-24 07:00:00,1769238019.0,0.0005
2026-01-24 08:00:00,1769241621.0,0.0005
2026-01-24 09:00:00,1769245227.0,0.0005
2026-01-24 10:00:00,1769248831.0,0.0005
2026-01-24 11:00:00,1769252423.0,0.0005
2026-01-24 12:00:00,1769256031.0,0.0005
2026-01-24 13:00:00,1769259619.0,0.0005
2026-01-24 14:00:00,1769263227.0,0.0005
2026-01-24 15:00:00,1769266826.0,0.0005
2026-01-24 16:00:00,1769270419.0,0.0005
2026-01-24 17:00:00,1769274023.0,0.0005
2026-01-24 18:00:00,1769277623.0,0.0005
2026-01-24 19:00:00,1769281220.0,0.0005
2026-01-24 20:00:00,1769284819.0,0.0005
2026-01-24 21:00:00,1769288429.0,0.0005
2026-01-24 22:00:00,1769292018.0,0.0005
2026-01-24 23:00:00,1769295618.0,0.0005
2026-01-25 00:00:00,1769299240.0,0.0005
2026-01-25 01:00:00,1769302818.0,0.0005
2026-01-25 02:00:00,1769306417.0,0.0005
2026-01-25 03:00:00,1769310026.0,0.0005
2026-01-25 04:00:00,1769313617.0,0.0005
2026-01-25 05:00:00,1769317217.0,0.0005
2026-01-25 06:00:00,1769320819.0,0.0005
2026-01-25 07:00:00,1769324420.0,0.0005
2026-01-25 08:00:00,1769328018.0,0.0005
2026-01-25 09:00:00,1769331642.0,0.0005
2026-01-25 10:00:00,1769335233.0,0.0005
2026-01-25 11:00:00,1769338817.0,0.0005
2026-01-25 12:00:00,1769342448.0,0.0005
2026-01-25 13:00:00,1769346030.0,0.0005
2026-01-25 14:00:00,1769349620.0,0.0005
2026-01-25 15:00:00,1769353221.0,0.0005
2026-01-25 16:00:00,1769356832.0,0.0005
2026-01-25 17:00:00,1769360431.0,0.0005
2026-01-25 18:00:00,1769364026.0,0.0005
2026-01-25 19:00:00,1769367617.0,0.0005
2026-01-25 20:00:00,1769371218.0,0.0005
2026-01-25 21:00:00,1769374826.0,0.0005
2026-01-25 22:00:00,1769378421.0,0.0005
2026-01-25 23:00:00,1769382018.0,0.0005
2026-01-26 00:00:00,1769385639.0,0.0005
2026-01-26 01:00:00,1769389218.0,0.0005
2026-01-26 02:00:00,1769392821.0,0.0005
2026-01-26 03:00:00,1769396419.0,0.0005
2026-01-26 04:00:00,1769400018.0,0.0005
2026-01-26 05:00:00,1769403617.0,0.0005
2026-01-26 06:00:00,1769407228.0,0.0005
2026-01-26 07:00:00,1769410819.0,0.0005
2026-01-26 08:00:00,1769414418.0,0.0005
2026-01-26 09:00:00,1769418028.0,0.0005
2026-01-26 10:00:00,1769421617.0,0.0005
2026-01-26 11:00:00,1769425221.0,0.0005
2026-01-26 12:00:00,1769428831.0,0.0005
2026-01-26 13:00:00,1769432422.0,0.0005
2026-01-26 14:00:00,1769436018.0,0.0005
2026-01-26 15:00:00,1769439622.0,0.0005
2026-01-26 16:00:00,1769443219.0,0.0005
2026-01-26 17:00:00,1769446825.0,0.0005
2026-01-26 18:00:00,1769450426.0,0.0005
2026-01-26 19:00:00,1769454019.0,0.0005
2026-01-26 20:00:00,1769457622.0,0.0005
2026-01-26 21:00:00,1769461223.0,0.0005
2026-01-26 22:00:00,1769464819.0,0.0005
2026-01-26 23:00:00,1769468419.0,0.0005
2026-01-27 00:00:00,1769472034.0,0.0005
2026-01-27 01:00:00,1769475615.0,0.0005
2026-01-27 02:00:00,1769479215.0,0.0005
2026-01-27 03:00:00,1769482824.0,0.0005
2026-01-27 04:00:00,1769486417.0,0.0005
2026-01-27 05:00:00,1769490016.0,0.0005
2026-01-27 06:00:00,1769493617.0,0.0005
2026-01-27 07:00:00,1769497223.0,0.0005
2026-01-27 08:00:00,1769500817.0,0.0005
2026-01-27 09:00:00,1769504418.0,0.0005
2026-01-27 10:00:00,1769508024.0,0.0005
2026-01-27 11:00:00,1769511617.0,0.0005
2026-01-27 12:00:00,1769515222.0,0.0005
2026-01-27 13:00:00,1769518829.0,0.0005
2026-01-27 14:00:00,1769522416.0,0.0005
2026-01-27 15:00:00,1769526018.0,0.0005
2026-01-27 16:00:00,1769529616.0,0.0005
2026-01-27 17:00:00,1769533216.0,0.0005
2026-01-27 18:00:00,1769536818.0,0.0005
2026-01-27 19:00:00,1769540417.0,0.0005
2026-01-27 20:00:00,1769544016.0,0.0005
2026-01-27 21:00:00,1769547618.0,0.0005
2026-01-27 22:00:00,1769551216.0,0.0005
2026-01-27 23:00:00,1769554818.0,0.0005
2026-01-28 00:00:00,1769558424.0,0.0005
2026-01-28 01:00:00,1769562028.0,0.0005
2026-01-28 02:00:00,1769565620.0,0.0005
2026-01-28 03:00:00,1769569221.0,0.0005
2026-01-28 04:00:00,1769572834.0,0.0005
2026-01-28 05:00:00,1769576417.0,0.0005
2026-01-28 06:00:00,1769580018.0,0.0005
2026-01-28 07:00:00,1769583618.0,0.0005
2026-01-28 08:00:00,1769587217.0,0.0005
2026-01-28 09:00:00,1769590822.0,0.0005
2026-01-28 10:00:00,1769594439.0,0.0005
2026-01-28 11:00:00,1769598017.0,0.0005
2026-01-28 12:00:00,1769601624.0,0.0005
2026-01-28 13:00:00,1769605233.0,0.0005
2026-01-28 14:00:00,1769608818.0,0.0005
2026-01-28 15:00:00,1769612419.0,0.0005
2026-01-28 16:00:00,1769616018.0,0.0005
2026-01-28 17:00:00,1769619620.0,0.0005
2026-01-28 18:00:00,1769623236.0,0.0005
2026-01-28 19:00:00,1769626818.0,0.0005
2026-01-28 20:00:00,1769630422.0,0.0005
2026-01-28 21:00:00,1769634019.0,0.0005
2026-01-28 22:00:00,1769637619.0,0.0005
2026-01-28 23:00:00,1769641219.0,0.0005
2026-01-29 00:00:00,1769644838.0,0.0005
2026-01-29 01:00:00,1769648419.0,0.0005
2026-01-29 02:00:00,1769652018.0,0.0005
2026-01-29 03:00:00,1769655622.0,0.0005
2026-01-29 04:00:00,1769659219.0,0.0005
2026-01-29 05:00:00,1769662819.0,0.0005
2026-01-29 06:00:00,1769666421.0,0.0005
2026-01-29 07:00:00,1769670020.0,0.0005
2026-01-29 08:00:00,1769673619.0,0.0005
2026-01-29 09:00:00,1769677222.0,0.0005
2026-01-29 10:00:00,1769680822.0,0.0005
2026-01-29 11:00:00,1769684420.0,0.0005
2026-01-29 12:00:00,1769688027.0,0.0005
2026-01-29 13:00:00,1769691619.0,0.0005
2026-01-29 14:00:00,1769695219.0,0.0005
2026-01-29 15:00:00,1769698821.0,0.0005
2026-01-29 16:00:00,1769702419.0,0.0005
2026-01-29 17:00:00,1769706019.0,0.0005
2026-01-29 18:00:00,1769709621.0,0.0005
2026-01-29 19:00:00,1769713220.0,0.0005
2026-01-29 20:00:00,1769716831.0,0.0005
2026-01-29 21:00:00,1769720423.0,0.0005
2026-01-29 22:00:00,1769724021.0,0.0005
2026-01-29 23:00:00,1769727620.0,0.0005
2026-01-30 00:00:00,1769731227.0,0.0005
2026-01-30 01:00:00,1769734820.0,0.0005
2026-01-30 02:00:00,1769738421.0,0.0005
2026-01-30 03:00:00,1769742022.0,0.0005
2026-01-30 04:00:00,1769745621.0,0.0005
2026-01-30 05:00:00,1769749220.0,0.0005
2026-01-30 06:00:00,1769752821.0,0.0005
2026-01-30 07:00:00,1769756420.0,0.0005
2026-01-30 08:00:00,1769760020.0,0.0005
2026-01-30 09:00:00,1769763640.0,0.0005
2026-01-30 10:00:00,1769767219.0,0.0005
2026-01-30 11:00:00,1769770837.0,0.0005
2026-01-30 12:00:00,1769774441.0,0.0005
2026-01-30 13:00:00,1769778020.0,0.0005
2026-01-30 14:00:00,1769781621.0,0.0005
2026-01-30 15:00:00,1769785224.0,0.0005
2026-01-30 16:00:00,1769788822.0,0.0005
2026-01-30 17:00:00,1769792423.0,0.0005
2026-01-30 18:00:00,1769796022.0,0.0005
2026-01-30 19:00:00,1769799621.0,0.0005
2026-01-30 20:00:00,1769803221.0,0.0005
2026-01-30 21:00:00,1769806823.0,0.0005
2026-01-30 22:00:00,1769810425.0,0.0005
2026-01-30 23:00:00,1769814020.0,0.0005
2026-01-31 00:00:00,1769817627.0,0.0005
2026-01-31 01:00:00,1769821220.0,0.0005
2026-01-31 02:00:00,1769824820.0,0.0005
2026-01-31 03:00:00,1769828422.0,0.0005
2026-01-31 04:00:00,1769832021.0,0.0005
2026-01-31 05:00:00,1769835621.0,0.0005
2026-01-31 06:00:00,1769839222.0,0.0005
2026-01-31 07:00:00,1769842822.0,0.0005
2026-01-31 08:00:00,1769846421.0,0.0005
2026-01-31 09:00:00,1769850041.0,0.0005
2026-01-31 10:00:00,1769853621.0,0.0005
2026-01-31 11:00:00,1769857220.0,0.0005
2026-01-31 12:00:00,1769860832.0,0.0005
2026-01-31 13:00:00,1769864423.0,0.0005
2026-01-31 14:00:00,1769868020.0,0.0005
2026-01-31 15:00:00,1769871626.0,0.0005
2026-01-31 16:00:00,1769875221.0,0.0005
2026-01-31 17:00:00,1769878835.0,0.0005
2026-01-31 18:00:00,1769882427.0,0.0005
2026-01-31 19:00:00,1769886023.0,0.0005
2026-01-31 20:00:00,1769889621.0,0.0005
2026-01-31 21:00:00,1769893240.0,0.0005
2026-01-31 22:00:00,1769896838.0,0.0005
2026-01-31 23:00:00,1769900420.0,0.0005
2026-02-01 00:00:00,1769904032.0,0.0005
2026-02-01 01:00:00,1769907753.0,0.0005
2026-02-01 02:00:00,1769911219.0,0.0005
2026-02-01 03:00:00,1769914824.0,0.0005
