time_utc,t,p
2026-02-01 04:00:00,1769921534.0,0.0005
2025-08-13 14:00:00,1755097142.0,0.5
2025-08-13 15:00:00,1755097204.0,0.5
2025-08-13 16:00:00,1755100803.0,0.245
2025-08-13 17:00:00,1755104413.0,0.24
2025-08-13 18:00:00,1755108003.0,0.19
2025-08-13 19:00:00,1755111607.0,0.0275
2025-08-13 20:00:00,1755115210.0,0.016
2025-08-13 21:00:00,1755118811.0,0.0125
2025-08-13 22:00:00,1755122409.0,0.0125
2025-08-13 23:00:00,1755126014.0,0.011
2025-08-14 00:00:00,1755129604.0,0.011
2025-08-14 01:00:00,1755133207.0,0.011
2025-08-14 02:00:00,1755136809.0,0.011
2025-08-14 03:00:00,1755140411.0,0.011
2025-08-14 04:00:00,1755144013.0,0.011
2025-08-14 05:00:00,1755147609.0,0.0105
2025-08-14 06:00:00,1755151206.0,0.0105
2025-08-14 07:00:00,1755154805.0,0.0105
2025-08-14 08:00:00,1755158403.0,0.0105
2025-08-14 09:00:00,1755162017.0,0.0105
2025-08-14 10:00:00,1755165614.0,0.0125
2025-08-14 11:00:00,1755169213.0,0.013
2025-08-14 12:00:00,1755172805.0,0.0105
2025-08-14 13:00:00,1755176410.0,0.013
2025-08-14 14:00:00,1755180004.0,0.012
2025-08-14 15:00:00,1755183606.0,0.0115
2025-08-14 16:00:00,1755187210.0,0.0115
2025-08-14 17:00:00,1755190812.0,0.0115
2025-08-14 18:00:00,1755194411.0,0.0115
2025-08-14 19:00:00,1755198003.0,0.0115
2025-08-14 20:00:00,1755201614.0,0.0115
2025-08-14 21:00:00,1755205207.0,0.0115
2025-08-14 22:00:00,1755208813.0,0.0115
2025-08-14 23:00:00,1755212405.0,0.0115
2025-08-15 00:00:00,1755216013.0,0.0115
2025-08-15 01:00:00,1755219613.0,0.0115
2025-08-15 02:00:00,1755223202.0,0.0115
2025-08-15 03:00:00,1755226806.0,0.0115
2025-08-15 04:00:00,1755230402.0,0.0115
2025-08-15 05:00:00,1755234015.0,0.007
2025-08-15 06:00:00,1755237602.0,0.0075
2025-08-15 07:00:00,1755241217.0,0.006
2025-08-15 08:00:00,1755244809.0,0.006
2025-08-15 09:00:00,1755248404.0,0.006
2025-08-15 10:00:00,1755252012.0,0.005
2025-08-15 11:00:00,1755255609.0,0.0055
2025-08-15 12:00:00,1755259220.0,0.0055
2025-08-15 13:00:00,1755262807.0,0.0055
2025-08-15 14:00:00,1755266408.0,0.0055
2025-08-15 15:00:00,1755270015.0,0.005
2025-08-15 16:00:00,1755273607.0,0.0055
2025-08-15 17:00:00,1755277203.0,0.0055
2025-08-15 18:00:00,1755280807.0,0.005
2025-08-15 19:00:00,1755284406.0,0.003
2025-08-15 20:00:00,1755288004.0,0.003
2025-08-15 21:00:00,1755291612.0,0.003
2025-08-15 22:00:00,1755295214.0,0.003
2025-08-15 23:00:00,1755298804.0,0.003
2025-08-16 00:00:00,1755302405.0,0.003
2025-08-16 01:00:00,1755306004.0,0.003
2025-08-16 02:00:00,1755309602.0,0.003
2025-08-16 03:00:00,1755313207.0,0.003
2025-08-16 04:00:00,1755316814.0,0.003
2025-08-16 05:00:00,1755320413.0,0.003
2025-08-16 06:00:00,1755324007.0,0.003
2025-08-16 07:00:00,1755327604.0,0.003
2025-08-16 08:00:00,1755331207.0,0.003
2025-08-16 09:00:00,1755334811.0,0.003
2025-08-16 10:00:00,1755338412.0,0.003
2025-08-16 11:00:00,1755342017.0,0.003
2025-08-16 12:00:00,1755345602.0,0.003
2025-08-16 13:00:00,1755349216.0,0.003
2025-08-16 14:00:00,1755352806.0,0.0025
2025-08-16 15:00:00,1755356405.0,0.0015
2025-08-16 16:00:00,1755360010.0,0.0015
2025-08-16 17:00:00,1755363617.0,0.0015
2025-08-16 18:00:00,1755367217.0,0.0015
2025-08-16 19:00:00,1755370809.0,0.0015
2025-08-16 20:00:00,1755374411.0,0.0015
2025-08-16 21:00:00,1755378002.0,0.0015
2025-08-16 22:00:00,1755381602.0,0.0015
2025-08-16 23:00:00,1755385208.0,0.0015
2025-08-17 00:00:00,1755388802.0,0.0015
2025-08-17 01:00:00,1755392411.0,0.0015
2025-08-17 02:00:00,1755396010.0,0.0015
2025-08-17 03:00:00,1755399613.0,0.0015
2025-08-17 04:00:00,1755403210.0,0.0015
2025-08-17 05:00:00,1755406803.0,0.0015
2025-08-17 06:00:00,1755410410.0,0.003
2025-08-17 07:00:00,1755414008.0,0.003
2025-08-17 08:00:00,1755417617.0,0.003
2025-08-17 09:00:00,1755421214.0,0.003
2025-08-17 10:00:00,1755424810.0,0.003
2025-08-17 11:00:00,1755428415.0,0.003
2025-08-17 12:00:00,1755432012.0,0.0035
2025-08-17 13:00:00,1755435614.0,0.0035
2025-08-17 14:00:00,1755439203.0,0.0035
2025-08-17 15:00:00,1755442805.0,0.0035
2025-08-17 16:00:00,1755446412.0,0.0035
2025-08-17 17:00:00,1755450009.0,0.003
2025-08-17 18:00:00,1755453602.0,0.0035
2025-08-17 19:00:00,1755457204.0,0.003
2025-08-17 20:00:00,1755460802.0,0.003
2025-08-17 21:00:00,1755464411.0,0.003
2025-08-17 22:00:00,1755468009.0,0.0035
2025-08-17 23:00:00,1755471613.0,0.003
2025-08-18 00:00:00,1755475209.0,0.0035
2025-08-18 01:00:00,1755478806.0,0.003
2025-08-18 02:00:00,1755482405.0,0.0035
2025-08-18 03:00:00,1755486006.0,0.003
2025-08-18 04:00:00,1755489610.0,0.0035
2025-08-18 05:00:00,1755493202.0,0.003
2025-08-18 06:00:00,1755496812.0,0.0035
2025-08-18 07:00:00,1755500410.0,0.0035
2025-08-18 08:00:00,1755504011.0,0.0035
2025-08-18 09:00:00,1755507617.0,0.0035
2025-08-18 10:00:00,1755511210.0,0.0035
2025-08-18 11:00:00,1755514811.0,0.0035
2025-08-18 12:00:00,1755518418.0,0.0035
2025-08-18 13:00:00,1755522010.0,0.0035
2025-08-18 14:00:00,1755525611.0,0.0035
2025-08-18 15:00:00,1755529216.0,0.0035
2025-08-18 16:00:00,1755532805.0,0.0035
2025-08-18 17:00:00,1755536402.0,0.0035
2025-08-18 18:00:00,1755540017.0,0.003
2025-08-18 19:00:00,1755543614.0,0.003
2025-08-18 20:00:00,1755547202.0,0.003
2025-08-18 21:00:00,1755550818.0,0.003
2025-08-18 22:00:00,1755554415.0,0.003
2025-08-18 23:00:00,1755558014.0,0.003
2025-08-19 00:00:00,1755561610.0,0.003
2025-08-19 01:00:00,1755565205.0,0.003
2025-08-19 02:00:00,1755568816.0,0.003
2025-08-19 03:00:00,1755572405.0,0.003
2025-08-19 04:00:00,1755576008.0,0.003
2025-08-19 05:00:00,1755579609.0,0.003
2025-08-19 06:00:00,1755583214.0,0.003
2025-08-19 07:00:00,1755586805.0,0.0035
2025-08-19 08:00:00,1755590417.0,0.003
2025-08-19 09:00:00,1755594012.0,0.003
2025-08-19 10:00:00,1755597602.0,0.003
2025-08-19 11:00:00,1755601210.0,0.003
2025-08-19 12:00:00,1755604803.0,0.003
2025-08-19 13:00:00,1755608403.0,0.003
2025-08-19 14:00:00,1755612009.0,0.003
2025-08-19 15:00:00,1755615607.0,0.003
2025-08-19 16:00:00,1755619218.0,0.003
2025-08-19 17:00:00,1755622809.0,0.003
2025-08-19 18:00:00,1755626405.0,0.003
2025-08-19 19:00:00,1755630005.0,0.0025
2025-08-19 20:00:00,1755633611.0,0.0025
2025-08-19 21:00:00,1755637218.0,0.0025
2025-08-19 22:00:00,1755640804.0,0.0025
2025-08-19 23:00:00,1755644408.0,0.0025
2025-08-20 00:00:00,1755648007.0,0.0025
2025-08-20 01:00:00,1755651608.0,0.0025
2025-08-20 02:00:00,1755655207.0,0.0035
2025-08-20 03:00:00,1755658806.0,0.0035
2025-08-20 04:00:00,1755662406.0,0.0035
2025-08-20 05:00:00,1755666015.0,0.0025
2025-08-20 06:00:00,1755669614.0,0.0025
2025-08-20 07:00:00,1755673205.0,0.0025
2025-08-20 08:00:00,1755676811.0,0.0025
2025-08-20 09:00:00,1755680408.0,0.0025
2025-08-20 10:00:00,1755684013.0,0.0025
2025-08-20 11:00:00,1755687615.0,0.0025
2025-08-20 12:00:00,1755691213.0,0.0025
2025-08-20 13:00:00,1755694804.0,0.0025
2025-08-20 14:00:00,1755698415.0,0.0025
2025-08-20 15:00:00,1755702010.0,0.0025
2025-08-20 16:00:00,1755705608.0,0.0025
2025-08-20 17:00:00,1755709213.0,0.0025
2025-08-20 18:00:00,1755712813.0,0.0025
2025-08-20 19:00:00,1755716416.0,0.0025
2025-08-20 20:00:00,1755720013.0,0.0025
2025-08-20 21:00:00,1755723610.0,0.0025
2025-08-20 22:00:00,1755727204.0,0.0025
2025-08-20 23:00:00,1755730802.0,0.0025
2025-08-21 00:00:00,1755734406.0,0.0025
2025-08-21 01:00:00,1755738008.0,0.0025
2025-08-21 02:00:00,1755741605.0,0.0025
2025-08-21 03:00:00,1755745205.0,0.0025
2025-08-21 04:00:00,1755748805.0,0.0025
2025-08-21 05:00:00,1755752411.0,0.0025
2025-08-21 06:00:00,1755756013.0,0.0025
2025-08-21 07:00:00,1755759606.0,0.0025
2025-08-21 08:00:00,1755763207.0,0.0025
2025-08-21 09:00:00,1755766815.0,0.0025
2025-08-21 10:00:00,1755770412.0,0.0025
2025-08-21 11:00:00,1755774010.0,0.0025
2025-08-21 12:00:00,1755777602.0,0.0025
2025-08-21 13:00:00,1755781206.0,0.0025
2025-08-21 14:00:00,1755784816.0,0.0025
2025-08-21 15:00:00,1755788414.0,0.0025
2025-08-21 16:00:00,1755792007.0,0.0025
2025-08-21 17:00:00,1755795613.0,0.0025
2025-08-21 18:00:00,1755799211.0,0.0025
2025-08-21 19:00:00,1755802810.0,0.0025
2025-08-21 20:00:00,1755806406.0,0.0025
2025-08-21 21:00:00,1755810008.0,0.0025
2025-08-21 22:00:00,1755813603.0,0.0025
2025-08-21 23:00:00,1755817203.0,0.0025
2025-08-22 00:00:00,1755820803.0,0.0025
2025-08-22 01:00:00,1755824406.0,0.0025
2025-08-22 02:00:00,1755828012.0,0.0025
2025-08-22 03:00:00,1755831602.0,0.0025
2025-08-22 04:00:00,1755835205.0,0.0025
2025-08-22 05:00:00,1755838812.0,0.0025
2025-08-22 06:00:00,1755842412.0,0.0025
2025-08-22 07:00:00,1755846006.0,0.0025
2025-08-22 08:00:00,1755849610.0,0.0025
2025-08-22 09:00:00,1755853202.0,0.0025
2025-08-22 10:00:00,1755856812.0,0.0025
2025-08-22 11:00:00,1755860410.0,0.0025
2025-08-22 12:00:00,1755864002.0,0.0025
2025-08-22 13:00:00,1755867606.0,0.0025
2025-08-22 14:00:00,1755871214.0,0.0025
2025-08-22 15:00:00,1755874811.0,0.0025
2025-08-22 16:00:00,1755878406.0,0.0025
2025-08-22 17:00:00,1755882013.0,0.0025
2025-08-22 18:00:00,1755885602.0,0.0025
2025-08-22 19:00:00,1755889217.0,0.0025
2025-08-22 20:00:00,1755892816.0,0.0025
2025-08-22 21:00:00,1755896407.0,0.0025
2025-08-22 22:00:00,1755900015.0,0.0025
2025-08-22 23:00:00,1755903609.0,0.0025
2025-08-23 00:00:00,1755907205.0,0.0025
2025-08-23 01:00:00,1755910806.0,0.0025
2025-08-23 02:00:00,1755914415.0,0.0025
2025-08-23 03:00:00,1755918004.0,0.0025
2025-08-23 04:00:00,1755921605.0,0.0025
2025-08-23 05:00:00,1755925208.0,0.0025
2025-08-23 06:00:00,1755928813.0,0.0025
2025-08-23 07:00:00,1755932414.0,0.0025
2025-08-23 08:00:00,1755936013.0,0.0025
2025-08-23 09:00:00,1755939613.0,0.0025
2025-08-23 10:00:00,1755943219.0,0.0025
2025-08-23 11:00:00,1755946811.0,0.0025
2025-08-23 12:00:00,1755950421.0,0.0025
2025-08-23 13:00:00,1755954016.0,0.0025
2025-08-23 14:00:00,1755957618.0,0.0025
2025-08-23 15:00:00,1755961205.0,0.0025
2025-08-23 16:00:00,1755964803.0,0.0025
2025-08-23 17:00:00,1755968403.0,0.0025
2025-08-23 18:00:00,1755972008.0,0.0025
2025-08-23 19:00:00,1755975610.0,0.0025
2025-08-23 20:00:00,1755979218.0,0.003
2025-08-23 21:00:00,1755982808.0,0.003
2025-08-23 22:00:00,1755986406.0,0.003
2025-08-23 23:00:00,1755990006.0,0.002
2025-08-24 00:00:00,1755993609.0,0.002
2025-08-24 01:00:00,1755997206.0,0.002
2025-08-24 02:00:00,1756000805.0,0.002
2025-08-24 03:00:00,1756004416.0,0.002
2025-08-24 04:00:00,1756008002.0,0.002
2025-08-24 05:00:00,1756011606.0,0.002
2025-08-24 06:00:00,1756015213.0,0.002
2025-08-24 07:00:00,1756018816.0,0.002
2025-08-24 08:00:00,1756022406.0,0.002
2025-08-24 09:00:00,1756026013.0,0.002
2025-08-24 10:00:00,1756029605.0,0.002
2025-08-24 11:00:00,1756033211.0,0.002
2025-08-24 12:00:00,1756036810.0,0.002
2025-08-24 13:00:00,1756040416.0,0.002
2025-08-24 14:00:00,1756044013.0,0.002
2025-08-24 15:00:00,1756047607.0,0.002
2025-08-24 16:00:00,1756051203.0,0.002
2025-08-24 17:00:00,1756054817.0,0.002
2025-08-24 18:00:00,1756058409.0,0.002
2025-08-24 19:00:00,1756062004.0,0.002
2025-08-24 20:00:00,1756065617.0,0.002
2025-08-24 21:00:00,1756069203.0,0.002
2025-08-24 22:00:00,1756072816.0,0.002
2025-08-24 23:00:00,1756076410.0,0.002
2025-08-25 00:00:00,1756080014.0,0.002
2025-08-25 01:00:00,1756083604.0,0.002
2025-08-25 02:00:00,1756087209.0,0.002
2025-08-25 03:00:00,1756090818.0,0.002
2025-08-25 04:00:00,1756094412.0,0.002
2025-08-25 05:00:00,1756098009.0,0.002
2025-08-25 06:00:00,1756101611.0,0.002
2025-08-25 07:00:00,1756105217.0,0.002
2025-08-25 08:00:00,1756108816.0,0.002
2025-08-25 09:00:00,1756112404.0,0.002
2025-08-25 10:00:00,1756116006.0,0.002
2025-08-25 11:00:00,1756119604.0,0.002
2025-08-25 12:00:00,1756123212.0,0.002
2025-08-25 13:00:00,1756126803.0,0.002
2025-08-25 14:00:00,1756130405.0,0.002
2025-08-25 15:00:00,1756134011.0,0.002
2025-08-25 16:00:00,1756137608.0,0.002
2025-08-25 17:00:00,1756141207.0,0.002
2025-08-25 18:00:00,1756144815.0,0.002
2025-08-25 19:00:00,1756148413.0,0.002
2025-08-25 20:00:00,1756152008.0,0.002
2025-08-25 21:00:00,1756155605.0,0.002
2025-08-25 22:00:00,1756159212.0,0.002
2025-08-25 23:00:00,1756162814.0,0.002
2025-08-26 00:00:00,1756166408.0,0.002
2025-08-26 01:00:00,1756170008.0,0.002
2025-08-26 02:00:00,1756173612.0,0.002
2025-08-26 03:00:00,1756177209.0,0.002
2025-08-26 04:00:00,1756180802.0,0.002
2025-08-26 05:00:00,1756184412.0,0.002
2025-08-26 06:00:00,1756188003.0,0.002
2025-08-26 07:00:00,1756191602.0,0.002
2025-08-26 08:00:00,1756195203.0,0.002
2025-08-26 09:00:00,1756198802.0,0.002
2025-08-26 10:00:00,1756202404.0,0.002
2025-08-26 11:00:00,1756206011.0,0.002
2025-08-26 12:00:00,1756209608.0,0.002
2025-08-26 13:00:00,1756213209.0,0.002
2025-08-26 14:00:00,1756216818.0,0.002
2025-08-26 15:00:00,1756220416.0,0.002
2025-08-26 16:00:00,1756224010.0,0.002
2025-08-26 17:00:00,1756227612.0,0.002
2025-08-26 18:00:00,1756231217.0,0.002
2025-08-26 19:00:00,1756234818.0,0.002
2025-08-26 20:00:00,1756238410.0,0.002
2025-08-26 21:00:00,1756242015.0,0.002
2025-08-26 22:00:00,1756245614.0,0.002
2025-08-26 23:00:00,1756249205.0,0.002
2025-08-27 00:00:00,1756252814.0,0.002
2025-08-27 01:00:00,1756256412.0,0.002
2025-08-27 02:00:00,1756260013.0,0.002
2025-08-27 03:00:00,1756263603.0,0.002
2025-08-27 04:00:00,1756267209.0,0.002
2025-08-27 05:00:00,1756270818.0,0.002
2025-08-27 06:00:00,1756274415.0,0.002
2025-08-27 07:00:00,1756278004.0,0.002
2025-08-27 08:00:00,1756281614.0,0.002
2025-08-27 09:00:00,1756285211.0,0.002
2025-08-27 10:00:00,1756288821.0,0.002
2025-08-27 11:00:00,1756292411.0,0.002
2025-08-27 12:00:00,1756296014.0,0.002
2025-08-27 13:00:00,1756299609.0,0.002
2025-08-27 14:00:00,1756303204.0,0.002
2025-08-27 15:00:00,1756306813.0,0.002
2025-08-27 16:00:00,1756310413.0,0.002
2025-08-27 17:00:00,1756314005.0,0.002
2025-08-27 18:00:00,1756317610.0,0.002
2025-08-27 19:00:00,1756321204.0,0.002
2025-08-27 20:00:00,1756324806.0,0.002
2025-08-27 21:00:00,1756328402.0,0.002
2025-08-27 22:00:00,1756332012.0,0.002
2025-08-27 23:00:00,1756335613.0,0.002
2025-08-28 00:00:00,1756339202.0,0.002
2025-08-28 01:00:00,1756342806.0,0.002
2025-08-28 02:00:00,1756346409.0,0.002
2025-08-28 03:00:00,1756350009.0,0.002
2025-08-28 04:00:00,1756353615.0,0.002
2025-08-28 05:00:00,1756357218.0,0.002
2025-08-28 06:00:00,1756360813.0,0.002
2025-08-28 07:00:00,1756364405.0,0.002
2025-08-28 08:00:00,1756368014.0,0.002
2025-08-28 09:00:00,1756371604.0,0.002
2025-08-28 10:00:00,1756375204.0,0.002
2025-08-28 11:00:00,1756378816.0,0.002
2025-08-28 12:00:00,1756382405.0,0.002
2025-08-28 13:00:00,1756386002.0,0.002
2025-08-28 14:00:00,1756389609.0,0.002
2025-08-28 15:00:00,1756393215.0,0.002
2025-08-28 16:00:00,1756396819.0,0.002
2025-08-28 17:00:00,1756400417.0,0.002
2025-08-28 18:00:00,1756404014.0,0.002
2025-08-28 19:00:00,1756407608.0,0.002
2025-08-28 20:00:00,1756411217.0,0.002
2025-08-28 21:00:00,1756414818.0,0.002
2025-08-28 22:00:00,1756418402.0,0.002
2025-08-28 23:00:00,1756422017.0,0.002
2025-08-29 00:00:00,1756425616.0,0.002
2025-08-29 01:00:00,1756429209.0,0.002
2025-08-29 02:00:00,1756432817.0,0.002
2025-08-29 03:00:00,1756436411.0,0.002
2025-08-29 04:00:00,1756440007.0,0.002
2025-08-29 05:00:00,1756443618.0,0.002
2025-08-29 06:00:00,1756447202.0,0.002
2025-08-29 07:00:00,1756450807.0,0.002
2025-08-29 08:00:00,1756454411.0,0.002
2025-08-29 09:00:00,1756458013.0,0.002
2025-08-29 10:00:00,1756461616.0,0.002
2025-08-29 11:00:00,1756465214.0,0.002
2025-08-29 12:00:00,1756468823.0,0.002
2025-08-29 13:00:00,1756472402.0,0.003
2025-08-29 14:00:00,1756476015.0,0.003
2025-08-29 15:00:00,1756479604.0,0.003
2025-08-29 16:00:00,1756483215.0,0.003
2025-08-29 17:00:00,1756486819.0,0.003
2025-08-29 18:00:00,1756490409.0,0.003
2025-08-29 19:00:00,1756494004.0,0.003
2025-08-29 20:00:00,1756497611.0,0.003
2025-08-29 21:00:00,1756501223.0,0.002
2025-08-29 22:00:00,1756504804.0,0.002
2025-08-29 23:00:00,1756508415.0,0.002
2025-08-30 00:00:00,1756512010.0,0.002
2025-08-30 01:00:00,1756515607.0,0.002
2025-08-30 02:00:00,1756519211.0,0.002
2025-08-30 03:00:00,1756522804.0,0.002
2025-08-30 04:00:00,1756526419.0,0.002
2025-08-30 05:00:00,1756530015.0,0.002
2025-08-30 06:00:00,1756533615.0,0.002
2025-08-30 07:00:00,1756537205.0,0.002
2025-08-30 08:00:00,1756540813.0,0.002
2025-08-30 09:00:00,1756544403.0,0.002
2025-08-30 10:00:00,1756548020.0,0.002
2025-08-30 11:00:00,1756551621.0,0.002
2025-08-30 12:00:00,1756555228.0,0.002
2025-08-30 13:00:00,1756558804.0,0.002
2025-08-30 14:00:00,1756562413.0,0.002
2025-08-30 15:00:00,1756566002.0,0.002
2025-08-30 16:00:00,1756569602.0,0.002
2025-08-30 17:00:00,1756573223.0,0.002
2025-08-30 18:00:00,1756576812.0,0.002
2025-08-30 19:00:00,1756580416.0,0.002
2025-08-30 20:00:00,1756584015.0,0.002
2025-08-30 21:00:00,1756587624.0,0.002
2025-08-30 22:00:00,1756591216.0,0.002
2025-08-30 23:00:00,1756594805.0,0.002
2025-08-31 00:00:00,1756598410.0,0.002
2025-08-31 01:00:00,1756602007.0,0.002
2025-08-31 02:00:00,1756605611.0,0.002
2025-08-31 03:00:00,1756609213.0,0.002
2025-08-31 04:00:00,1756612818.0,0.002
2025-08-31 05:00:00,1756616415.0,0.002
2025-08-31 06:00:00,1756620009.0,0.002
2025-08-31 07:00:00,1756623617.0,0.002
2025-08-31 08:00:00,1756627202.0,0.002
2025-08-31 09:00:00,1756630829.0,0.002
2025-08-31 10:00:00,1756634410.0,0.002
2025-08-31 11:00:00,1756638025.0,0.002
2025-08-31 12:00:00,1756641633.0,0.002
2025-08-31 13:00:00,1756645220.0,0.002
2025-08-31 14:00:00,1756648806.0,0.002
2025-08-31 15:00:00,1756652409.0,0.002
2025-08-31 16:00:00,1756656016.0,0.002
2025-08-31 17:00:00,1756659624.0,0.002
2025-08-31 18:00:00,1756663217.0,0.002
2025-08-31 19:00:00,1756666806.0,0.002
2025-08-31 20:00:00,1756670418.0,0.002
2025-08-31 21:00:00,1756674004.0,0.002
2025-08-31 22:00:00,1756677602.0,0.002
2025-08-31 23:00:00,1756681216.0,0.002
2025-09-01 00:00:00,1756684813.0,0.002
2025-09-01 01:00:00,1756688407.0,0.002
2025-09-01 02:00:00,1756692002.0,0.002
2025-09-01 03:00:00,1756695608.0,0.002
2025-09-01 04:00:00,1756699213.0,0.002
2025-09-01 05:00:00,1756702804.0,0.002
2025-09-01 06:00:00,1756706419.0,0.002
2025-09-01 07:00:00,1756710011.0,0.002
2025-09-01 08:00:00,1756713605.0,0.002
2025-09-01 09:00:00,1756717204.0,0.002
2025-09-01 10:00:00,1756720810.0,0.002
2025-09-01 11:00:00,1756724412.0,0.002
2025-09-01 12:00:00,1756728005.0,0.002
2025-09-01 13:00:00,1756731611.0,0.002
2025-09-01 14:00:00,1756735210.0,0.002
2025-09-01 15:00:00,1756738804.0,0.002
2025-09-01 16:00:00,1756742422.0,0.002
2025-09-01 17:00:00,1756746016.0,0.002
2025-09-01 18:00:00,1756749610.0,0.002
2025-09-01 19:00:00,1756753205.0,0.002
2025-09-01 20:00:00,1756756803.0,0.002
2025-09-01 21:00:00,1756760404.0,0.002
2025-09-01 22:00:00,1756764006.0,0.002
2025-09-01 23:00:00,1756767612.0,0.002
2025-09-02 00:00:00,1756771208.0,0.002
2025-09-02 01:00:00,1756774806.0,0.002
2025-09-02 02:00:00,1756778405.0,0.002
2025-09-02 03:00:00,1756782019.0,0.002
2025-09-02 04:00:00,1756785621.0,0.002
2025-09-02 05:00:00,1756789209.0,0.002
2025-09-02 06:00:00,1756792809.0,0.002
2025-09-02 07:00:00,1756796413.0,0.002
2025-09-02 08:00:00,1756800005.0,0.002
2025-09-02 09:00:00,1756803613.0,0.002
2025-09-02 10:00:00,1756807217.0,0.002
2025-09-02 11:00:00,1756810806.0,0.002
2025-09-02 12:00:00,1756814405.0,0.002
2025-09-02 13:00:00,1756818002.0,0.002
2025-09-02 14:00:00,1756821612.0,0.002
2025-09-02 15:00:00,1756825212.0,0.002
2025-09-02 16:00:00,1756828805.0,0.002
2025-09-02 17:00:00,1756832423.0,0.002
2025-09-02 18:00:00,1756836003.0,0.002
2025-09-02 19:00:00,1756839617.0,0.002
2025-09-02 20:00:00,1756843219.0,0.002
2025-09-02 21:00:00,1756846812.0,0.002
2025-09-02 22:00:00,1756850416.0,0.002
2025-09-02 23:00:00,1756854019.0,0.002
2025-09-03 00:00:00,1756857614.0,0.002
2025-09-03 01:00:00,1756861210.0,0.002
2025-09-03 02:00:00,1756864802.0,0.002
2025-09-03 03:00:00,1756868421.0,0.002
2025-09-03 04:00:00,1756872015.0,0.002
2025-09-03 05:00:00,1756875607.0,0.002
2025-09-03 06:00:00,1756879228.0,0.002
2025-09-03 07:00:00,1756882821.0,0.002
2025-09-03 08:00:00,1756886404.0,0.002
2025-09-03 09:00:00,1756890013.0,0.002
2025-09-03 10:00:00,1756893612.0,0.002
2025-09-03 11:00:00,1756897209.0,0.002
2025-09-03 12:00:00,1756900822.0,0.002
2025-09-03 13:00:00,1756904414.0,0.002
2025-09-03 14:00:00,1756908011.0,0.002
2025-09-03 15:00:00,1756911619.0,0.002
2025-09-03 16:00:00,1756915217.0,0.002
2025-09-03 17:00:00,1756918803.0,0.002
2025-09-03 18:00:00,1756922417.0,0.002
2025-09-03 19:00:00,1756926012.0,0.002
2025-09-03 20:00:00,1756929603.0,0.002
2025-09-03 21:00:00,1756933220.0,0.002
2025-09-03 22:00:00,1756936804.0,0.002
2025-09-03 23:00:00,1756940409.0,0.002
2025-09-04 00:00:00,1756944009.0,0.002
2025-09-04 01:00:00,1756947610.0,0.002
2025-09-04 02:00:00,1756951214.0,0.002
2025-09-04 03:00:00,1756954809.0,0.002
2025-09-04 04:00:00,1756958406.0,0.002
2025-09-04 05:00:00,1756962005.0,0.002
2025-09-04 06:00:00,1756965626.0,0.002
2025-09-04 07:00:00,1756969206.0,0.002
2025-09-04 08:00:00,1756972805.0,0.002
2025-09-04 09:00:00,1756976421.0,0.002
2025-09-04 10:00:00,1756980013.0,0.002
2025-09-04 11:00:00,1756983613.0,0.002
2025-09-04 12:00:00,1756987226.0,0.002
2025-09-04 13:00:00,1756990807.0,0.002
2025-09-04 14:00:00,1756994413.0,0.002
2025-09-04 15:00:00,1756998013.0,0.002
2025-09-04 16:00:00,1757001616.0,0.0015
2025-09-04 17:00:00,1757005216.0,0.0015
2025-09-04 18:00:00,1757008820.0,0.0015
2025-09-04 19:00:00,1757012406.0,0.0015
2025-09-04 20:00:00,1757016008.0,0.0015
2025-09-04 21:00:00,1757019615.0,0.0015
2025-09-04 22:00:00,1757023224.0,0.0015
2025-09-04 23:00:00,1757026807.0,0.0015
2025-09-05 00:00:00,1757030412.0,0.0015
2025-09-05 01:00:00,1757034004.0,0.0015
2025-09-05 02:00:00,1757037606.0,0.0015
2025-09-05 03:00:00,1757041217.0,0.0015
2025-09-05 04:00:00,1757044813.0,0.0015
2025-09-05 05:00:00,1757048421.0,0.0015
2025-09-05 06:00:00,1757052023.0,0.0015
2025-09-05 07:00:00,1757055609.0,0.0015
2025-09-05 08:00:00,1757059217.0,0.0015
2025-09-05 09:00:00,1757062820.0,0.0015
2025-09-05 10:00:00,1757066407.0,0.0015
2025-09-05 11:00:00,1757070019.0,0.0015
2025-09-05 12:00:00,1757073629.0,0.0015
2025-09-05 13:00:00,1757077219.0,0.0015
2025-09-05 14:00:00,1757080814.0,0.0015
2025-09-05 15:00:00,1757084419.0,0.0015
2025-09-05 16:00:00,1757088004.0,0.0015
2025-09-05 17:00:00,1757091614.0,0.0015
2025-09-05 18:00:00,1757095217.0,0.0015
2025-09-05 19:00:00,1757098822.0,0.0015
2025-09-05 20:00:00,1757102413.0,0.0015
2025-09-05 21:00:00,1757106004.0,0.0015
2025-09-05 22:00:00,1757109608.0,0.0015
2025-09-05 23:00:00,1757113216.0,0.0015
2025-09-06 00:00:00,1757116814.0,0.0015
2025-09-06 01:00:00,1757120411.0,0.0015
2025-09-06 02:00:00,1757124016.0,0.0015
2025-09-06 03:00:00,1757127612.0,0.0015
2025-09-06 04:00:00,1757131221.0,0.0015
2025-09-06 05:00:00,1757134816.0,0.0015
2025-09-06 06:00:00,1757138411.0,0.0015
2025-09-06 07:00:00,1757142019.0,0.0015
2025-09-06 08:00:00,1757145613.0,0.0015
2025-09-06 09:00:00,1757149222.0,0.0015
2025-09-06 10:00:00,1757152821.0,0.0015
2025-09-06 11:00:00,1757156410.0,0.0015
2025-09-06 12:00:00,1757160015.0,0.0015
2025-09-06 13:00:00,1757163608.0,0.0015
2025-09-06 14:00:00,1757167220.0,0.0015
2025-09-06 15:00:00,1757170815.0,0.0015
2025-09-06 16:00:00,1757174405.0,0.0015
2025-09-06 17:00:00,1757178011.0,0.0015
2025-09-06 18:00:00,1757181612.0,0.0015
2025-09-06 19:00:00,1757185218.0,0.0015
2025-09-06 20:00:00,1757188821.0,0.0015
2025-09-06 21:00:00,1757192402.0,0.0015
2025-09-06 22:00:00,1757196008.0,0.0015
2025-09-06 23:00:00,1757199615.0,0.0015
2025-09-07 00:00:00,1757203208.0,0.0015
2025-09-07 01:00:00,1757206810.0,0.0015
2025-09-07 02:00:00,1757210413.0,0.0015
2025-09-07 03:00:00,1757214025.0,0.0015
2025-09-07 04:00:00,1757217621.0,0.0015
2025-09-07 05:00:00,1757221209.0,0.0015
2025-09-07 06:00:00,1757224814.0,0.0015
2025-09-07 07:00:00,1757228405.0,0.0015
2025-09-07 08:00:00,1757232002.0,0.0015
2025-09-07 09:00:00,1757235610.0,0.0015
2025-09-07 10:00:00,1757239226.0,0.0015
2025-09-07 11:00:00,1757242815.0,0.0015
2025-09-07 12:00:00,1757246417.0,0.0015
2025-09-07 13:00:00,1757250011.0,0.0015
2025-09-07 14:00:00,1757253612.0,0.0015
2025-09-07 15:00:00,1757257210.0,0.0015
2025-09-07 16:00:00,1757260808.0,0.0015
2025-09-07 17:00:00,1757264419.0,0.0015
2025-09-07 18:00:00,1757268024.0,0.0015
2025-09-07 19:00:00,1757271611.0,0.0015
2025-09-07 20:00:00,1757275206.0,0.0015
2025-09-07 21:00:00,1757278807.0,0.0015
2025-09-07 22:00:00,1757282420.0,0.0015
2025-09-07 23:00:00,1757286011.0,0.0015
2025-09-08 00:00:00,1757289618.0,0.0015
2025-09-08 01:00:00,1757293204.0,0.0015
2025-09-08 02:00:00,1757296808.0,0.0015
2025-09-08 03:00:00,1757300421.0,0.0015
2025-09-08 04:00:00,1757304006.0,0.0015
2025-09-08 05:00:00,1757307612.0,0.0015
2025-09-08 06:00:00,1757311209.0,0.0015
2025-09-08 07:00:00,1757314809.0,0.0015
2025-09-08 08:00:00,1757318402.0,0.0015
2025-09-08 09:00:00,1757322018.0,0.0015
2025-09-08 10:00:00,1757325610.0,0.0015
2025-09-08 11:00:00,1757329218.0,0.0015
2025-09-08 12:00:00,1757332824.0,0.0015
2025-09-08 13:00:00,1757336405.0,0.0015
2025-09-08 14:00:00,1757340020.0,0.0015
2025-09-08 15:00:00,1757343615.0,0.0015
2025-09-08 16:00:00,1757347208.0,0.0015
2025-09-08 17:00:00,1757350808.0,0.0015
2025-09-08 18:00:00,1757354413.0,0.0015
2025-09-08 19:00:00,1757358009.0,0.0015
2025-09-08 20:00:00,1757361604.0,0.0015
2025-09-08 21:00:00,1757365223.0,0.0015
2025-09-08 22:00:00,1757368815.0,0.0015
2025-09-08 23:00:00,1757372421.0,0.0015
2025-09-09 00:00:00,1757376011.0,0.0015
2025-09-09 01:00:00,1757379604.0,0.0015
2025-09-09 02:00:00,1757383216.0,0.0015
2025-09-09 03:00:00,1757386811.0,0.0015
2025-09-09 04:00:00,1757390402.0,0.0015
2025-09-09 05:00:00,1757394005.0,0.0015
2025-09-09 06:00:00,1757397617.0,0.0015
2025-09-09 07:00:00,1757401218.0,0.0015
2025-09-09 08:00:00,1757404818.0,0.0015
2025-09-09 09:00:00,1757408405.0,0.0015
2025-09-09 10:00:00,1757412002.0,0.0015
2025-09-09 11:00:00,1757415622.0,0.0015
2025-09-09 12:00:00,1757419202.0,0.0015
2025-09-09 13:00:00,1757422816.0,0.0015
2025-09-09 14:00:00,1757426420.0,0.0015
2025-09-09 15:00:00,1757430014.0,0.0015
2025-09-09 16:00:00,1757433611.0,0.0015
2025-09-09 17:00:00,1757437208.0,0.0015
2025-09-09 18:00:00,1757440820.0,0.002
2025-09-09 19:00:00,1757444418.0,0.002
2025-09-09 20:00:00,1757448013.0,0.002
2025-09-09 21:00:00,1757451609.0,0.002
2025-09-09 22:00:00,1757455203.0,0.002
2025-09-09 23:00:00,1757458809.0,0.002
2025-09-10 00:00:00,1757462413.0,0.002
2025-09-10 01:00:00,1757466005.0,0.002
2025-09-10 02:00:00,1757469613.0,0.002
2025-09-10 03:00:00,1757473228.0,0.002
2025-09-10 04:00:00,1757476814.0,0.002
2025-09-10 05:00:00,1757480418.0,0.002
2025-09-10 06:00:00,1757484007.0,0.002
2025-09-10 07:00:00,1757487604.0,0.002
2025-09-10 08:00:00,1757491215.0,0.002
2025-09-10 09:00:00,1757494822.0,0.002
2025-09-10 10:00:00,1757498403.0,0.002
2025-09-10 11:00:00,1757502006.0,0.002
2025-09-10 12:00:00,1757505622.0,0.002
2025-09-10 13:00:00,1757509218.0,0.002
2025-09-10 14:00:00,1757512805.0,0.002
2025-09-10 15:00:00,1757516414.0,0.002
2025-09-10 16:00:00,1757520005.0,0.002
2025-09-10 17:00:00,1757523613.0,0.002
2025-09-10 18:00:00,1757527202.0,0.002
2025-09-10 19:00:00,1757530808.0,0.002
2025-09-10 20:00:00,1757534412.0,0.002
2025-09-10 21:00:00,1757538004.0,0.002
2025-09-10 22:00:00,1757541612.0,0.002
2025-09-10 23:00:00,1757545214.0,0.002
2025-09-11 00:00:00,1757548807.0,0.002
2025-09-11 01:00:00,1757552411.0,0.002
2025-09-11 02:00:00,1757556013.0,0.002
2025-09-11 03:00:00,1757559612.0,0.0015
2025-09-11 04:00:00,1757563212.0,0.0015
2025-09-11 05:00:00,1757566806.0,0.0015
2025-09-11 06:00:00,1757570424.0,0.0015
2025-09-11 07:00:00,1757574009.0,0.0015
2025-09-11 08:00:00,1757577615.0,0.0015
2025-09-11 09:00:00,1757581217.0,0.0015
2025-09-11 10:00:00,1757584821.0,0.0015
2025-09-11 11:00:00,1757588403.0,0.0015
2025-09-11 12:00:00,1757592007.0,0.0015
2025-09-11 13:00:00,1757595609.0,0.0015
2025-09-11 14:00:00,1757599213.0,0.0015
2025-09-11 15:00:00,1757602807.0,0.0015
2025-09-11 16:00:00,1757606409.0,0.0015
2025-09-11 17:00:00,1757610026.0,0.0015
2025-09-11 18:00:00,1757613617.0,0.0015
2025-09-11 19:00:00,1757617209.0,0.0015
2025-09-11 20:00:00,1757620818.0,0.0015
2025-09-11 21:00:00,1757624424.0,0.0015
2025-09-11 22:00:00,1757628010.0,0.0015
2025-09-11 23:00:00,1757631621.0,0.0015
2025-09-12 00:00:00,1757635224.0,0.0015
2025-09-12 01:00:00,1757638809.0,0.0015
2025-09-12 02:00:00,1757642418.0,0.0015
2025-09-12 03:00:00,1757646027.0,0.0015
2025-09-12 04:00:00,1757649611.0,0.0015
2025-09-12 05:00:00,1757653208.0,0.0015
2025-09-12 06:00:00,1757656827.0,0.0015
2025-09-12 07:00:00,1757660402.0,0.0015
2025-09-12 08:00:00,1757664008.0,0.0015
2025-09-12 09:00:00,1757667604.0,0.0015
2025-09-12 10:00:00,1757671224.0,0.0015
2025-09-12 11:00:00,1757674809.0,0.0015
2025-09-12 12:00:00,1757678403.0,0.0015
2025-09-12 13:00:00,1757682013.0,0.0015
2025-09-12 14:00:00,1757685617.0,0.0015
2025-09-12 15:00:00,1757689206.0,0.0015
2025-09-12 16:00:00,1757692805.0,0.0015
2025-09-12 17:00:00,1757696406.0,0.0015
2025-09-12 18:00:00,1757700025.0,0.0015
2025-09-12 19:00:00,1757703604.0,0.0015
2025-09-12 20:00:00,1757707209.0,0.0015
2025-09-12 21:00:00,1757710821.0,0.0015
2025-09-12 22:00:00,1757714408.0,0.0015
2025-09-12 23:00:00,1757718002.0,0.0015
2025-09-13 00:00:00,1757721612.0,0.0015
2025-09-13 01:00:00,1757725204.0,0.0015
2025-09-13 02:00:00,1757728803.0,0.0015
2025-09-13 03:00:00,1757732403.0,0.0015
2025-09-13 04:00:00,1757736015.0,0.0015
2025-09-13 05:00:00,1757739619.0,0.0015
2025-09-13 06:00:00,1757743219.0,0.0015
2025-09-13 07:00:00,1757746807.0,0.0015
2025-09-13 08:00:00,1757750416.0,0.0015
2025-09-13 09:00:00,1757754029.0,0.0015
2025-09-13 10:00:00,1757757609.0,0.0015
2025-09-13 11:00:00,1757761213.0,0.0015
2025-09-13 12:00:00,1757764814.0,0.0015
2025-09-13 13:00:00,1757768411.0,0.0015
2025-09-13 14:00:00,1757772019.0,0.0015
2025-09-13 15:00:00,1757775616.0,0.0015
2025-09-13 16:00:00,1757779223.0,0.0015
2025-09-13 17:00:00,1757782802.0,0.0015
2025-09-13 18:00:00,1757786408.0,0.0015
2025-09-13 19:00:00,1757790016.0,0.0015
2025-09-13 20:00:00,1757793613.0,0.0015
2025-09-13 21:00:00,1757797221.0,0.0015
2025-09-13 22:00:00,1757800807.0,0.0015
2025-09-13 23:00:00,1757804409.0,0.0015
2025-09-14 00:00:00,1757808005.0,0.0015
2025-09-14 01:00:00,1757811613.0,0.0015
2025-09-14 02:00:00,1757815220.0,0.0015
2025-09-14 03:00:00,1757818811.0,0.0015
2025-09-14 04:00:00,1757822409.0,0.0015
2025-09-14 05:00:00,1757826011.0,0.0015
2025-09-14 06:00:00,1757829608.0,0.0015
2025-09-14 07:00:00,1757833208.0,0.0015
2025-09-14 08:00:00,1757836820.0,0.0015
2025-09-14 09:00:00,1757840417.0,0.0015
2025-09-14 10:00:00,1757844026.0,0.0015
2025-09-14 11:00:00,1757847613.0,0.0015
2025-09-14 12:00:00,1757851224.0,0.0015
2025-09-14 13:00:00,1757854819.0,0.0015
2025-09-14 14:00:00,1757858410.0,0.0015
2025-09-14 15:00:00,1757862005.0,0.0015
2025-09-14 16:00:00,1757865612.0,0.0015
2025-09-14 17:00:00,1757869209.0,0.0015
2025-09-14 18:00:00,1757872816.0,0.0015
2025-09-14 19:00:00,1757876422.0,0.0015
2025-09-14 20:00:00,1757880018.0,0.0015
2025-09-14 21:00:00,1757883611.0,0.0015
2025-09-14 22:00:00,1757887217.0,0.0015
2025-09-14 23:00:00,1757890806.0,0.0015
2025-09-15 00:00:00,1757894413.0,0.0015
2025-09-15 01:00:00,1757898013.0,0.0015
2025-09-15 02:00:00,1757901605.0,0.0015
2025-09-15 03:00:00,1757905223.0,0.0015
2025-09-15 04:00:00,1757908822.0,0.0015
2025-09-15 05:00:00,1757912421.0,0.0015
2025-09-15 06:00:00,1757916002.0,0.0015
2025-09-15 07:00:00,1757919604.0,0.0015
2025-09-15 08:00:00,1757923208.0,0.0015
2025-09-15 09:00:00,1757926819.0,0.0015
2025-09-15 10:00:00,1757930422.0,0.0015
2025-09-15 11:00:00,1757934014.0,0.0015
2025-09-15 12:00:00,1757937631.0,0.0015
2025-09-15 13:00:00,1757941205.0,0.0015
2025-09-15 14:00:00,1757944805.0,0.0015
2025-09-15 15:00:00,1757948416.0,0.0015
2025-09-15 16:00:00,1757952007.0,0.0015
2025-09-15 17:00:00,1757955607.0,0.0015
2025-09-15 18:00:00,1757959222.0,0.0015
2025-09-15 19:00:00,1757962802.0,0.0015
2025-09-15 20:00:00,1757966414.0,0.0015
2025-09-15 21:00:00,1757970016.0,0.0015
2025-09-15 22:00:00,1757973621.0,0.0015
2025-09-15 23:00:00,1757977216.0,0.0015
2025-09-16 00:00:00,1757980802.0,0.0015
2025-09-16 01:00:00,1757984404.0,0.0015
2025-09-16 02:00:00,1757988010.0,0.0015
2025-09-16 03:00:00,1757991616.0,0.0015
2025-09-16 04:00:00,1757995225.0,0.0015
2025-09-16 05:00:00,1757998819.0,0.0015
2025-09-16 06:00:00,1758002416.0,0.0015
2025-09-16 07:00:00,1758006014.0,0.0015
2025-09-16 08:00:00,1758009614.0,0.0015
2025-09-16 09:00:00,1758013219.0,0.0015
2025-09-16 10:00:00,1758016809.0,0.0015
2025-09-16 11:00:00,1758020409.0,0.0015
2025-09-16 12:00:00,1758024007.0,0.0015
2025-09-16 13:00:00,1758027609.0,0.0015
2025-09-16 14:00:00,1758031207.0,0.0015
2025-09-16 15:00:00,1758034809.0,0.0015
2025-09-16 16:00:00,1758038415.0,0.0015
2025-09-16 17:00:00,1758042007.0,0.0015
2025-09-16 18:00:00,1758045628.0,0.0015
2025-09-16 19:00:00,1758049213.0,0.0015
2025-09-16 20:00:00,1758052821.0,0.0015
2025-09-16 21:00:00,1758056404.0,0.0015
2025-09-16 22:00:00,1758060018.0,0.0015
2025-09-16 23:00:00,1758063619.0,0.0015
2025-09-17 00:00:00,1758067204.0,0.0015
2025-09-17 01:00:00,1758070814.0,0.0015
2025-09-17 02:00:00,1758074412.0,0.0015
2025-09-17 03:00:00,1758078002.0,0.0015
2025-09-17 04:00:00,1758081606.0,0.0015
2025-09-17 05:00:00,1758085215.0,0.0015
2025-09-17 06:00:00,1758088809.0,0.0015
2025-09-17 07:00:00,1758092414.0,0.0015
2025-09-17 08:00:00,1758096015.0,0.0015
2025-09-17 09:00:00,1758099607.0,0.0015
2025-09-17 10:00:00,1758103221.0,0.0015
2025-09-17 11:00:00,1758106814.0,0.0015
2025-09-17 12:00:00,1758110428.0,0.0015
2025-09-17 13:00:00,1758114021.0,0.0015
2025-09-17 14:00:00,1758117606.0,0.0015
2025-09-17 15:00:00,1758121203.0,0.0015
2025-09-17 16:00:00,1758124808.0,0.0015
2025-09-17 17:00:00,1758128422.0,0.0015
2025-09-17 18:00:00,1758132249.0,0.0015
2025-09-17 19:00:00,1758135606.0,0.0015
2025-09-17 20:00:00,1758139213.0,0.0015
2025-09-17 21:00:00,1758142815.0,0.0015
2025-09-17 22:00:00,1758146411.0,0.0015
2025-09-17 23:00:00,1758150008.0,0.0015
2025-09-18 00:00:00,1758153607.0,0.0015
2025-09-18 01:00:00,1758157205.0,0.0015
2025-09-18 02:00:00,1758160814.0,0.0015
2025-09-18 03:00:00,1758164422.0,0.0015
2025-09-18 04:00:00,1758168005.0,0.0015
2025-09-18 05:00:00,1758171617.0,0.0015
2025-09-18 06:00:00,1758175227.0,0.0015
2025-09-18 07:00:00,1758178803.0,0.0015
2025-09-18 08:00:00,1758182412.0,0.0015
2025-09-18 09:00:00,1758186007.0,0.0015
2025-09-18 10:00:00,1758189610.0,0.0015
2025-09-18 11:00:00,1758193217.0,0.0015
2025-09-18 12:00:00,1758196805.0,0.0015
2025-09-18 13:00:00,1758200408.0,0.0015
2025-09-18 14:00:00,1758204007.0,0.0015
2025-09-18 15:00:00,1758207613.0,0.0015
2025-09-18 16:00:00,1758211217.0,0.0015
2025-09-18 17:00:00,1758214813.0,0.0015
2025-09-18 18:00:00,1758218413.0,0.0015
2025-09-18 19:00:00,1758222020.0,0.0015
2025-09-18 20:00:00,1758225605.0,0.0015
2025-09-18 21:00:00,1758229214.0,0.0015
2025-09-18 22:00:00,1758232811.0,0.0015
2025-09-18 23:00:00,1758236419.0,0.0015
2025-09-19 00:00:00,1758240007.0,0.0015
2025-09-19 01:00:00,1758243603.0,0.0015
2025-09-19 02:00:00,1758247211.0,0.0015
2025-09-19 03:00:00,1758250819.0,0.0015
2025-09-19 04:00:00,1758254422.0,0.0015
2025-09-19 05:00:00,1758258022.0,0.0015
2025-09-19 06:00:00,1758261624.0,0.0015
2025-09-19 07:00:00,1758265217.0,0.0015
2025-09-19 08:00:00,1758268802.0,0.0015
2025-09-19 09:00:00,1758272402.0,0.0015
2025-09-19 10:00:00,1758276015.0,0.0015
2025-09-19 11:00:00,1758279621.0,0.0015
2025-09-19 12:00:00,1758283205.0,0.0015
2025-09-19 13:00:00,1758286815.0,0.0015
2025-09-19 14:00:00,1758290419.0,0.0015
2025-09-19 15:00:00,1758294007.0,0.0015
2025-09-19 16:00:00,1758297617.0,0.0015
2025-09-19 17:00:00,1758301209.0,0.0015
2025-09-19 18:00:00,1758304815.0,0.0015
2025-09-19 19:00:00,1758308416.0,0.0015
2025-09-19 20:00:00,1758312023.0,0.0015
2025-09-19 21:00:00,1758315610.0,0.0015
2025-09-19 22:00:00,1758319202.0,0.0015
2025-09-19 23:00:00,1758322814.0,0.0015
2025-09-20 00:00:00,1758326422.0,0.0015
2025-09-20 01:00:00,1758330008.0,0.0015
2025-09-20 02:00:00,1758333616.0,0.0015
2025-09-20 03:00:00,1758337227.0,0.0015
2025-09-20 04:00:00,1758340805.0,0.0015
2025-09-20 05:00:00,1758344420.0,0.0015
2025-09-20 06:00:00,1758348016.0,0.0015
2025-09-20 07:00:00,1758351620.0,0.0015
2025-09-20 08:00:00,1758355222.0,0.0015
2025-09-20 09:00:00,1758358811.0,0.0015
2025-09-20 10:00:00,1758362404.0,0.0015
2025-09-20 11:00:00,1758366013.0,0.0015
2025-09-20 12:00:00,1758369637.0,0.0015
2025-09-20 13:00:00,1758373219.0,0.0015
2025-09-20 14:00:00,1758376818.0,0.0015
2025-09-20 15:00:00,1758380409.0,0.0015
2025-09-20 16:00:00,1758384006.0,0.0015
2025-09-20 17:00:00,1758387607.0,0.0015
2025-09-20 18:00:00,1758391218.0,0.0015
2025-09-20 19:00:00,1758394814.0,0.0015
2025-09-20 20:00:00,1758398404.0,0.0015
2025-09-20 21:00:00,1758402002.0,0.0015
2025-09-20 22:00:00,1758405602.0,0.0015
2025-09-20 23:00:00,1758409205.0,0.0015
2025-09-21 00:00:00,1758412810.0,0.0015
2025-09-21 01:00:00,1758416407.0,0.0015
2025-09-21 02:00:00,1758420014.0,0.0015
2025-09-21 03:00:00,1758423615.0,0.0015
2025-09-21 04:00:00,1758427212.0,0.0015
2025-09-21 05:00:00,1758430811.0,0.0015
2025-09-21 06:00:00,1758434405.0,0.0015
2025-09-21 07:00:00,1758438023.0,0.0015
2025-09-21 08:00:00,1758441604.0,0.0015
2025-09-21 09:00:00,1758445202.0,0.0015
2025-09-21 10:00:00,1758448824.0,0.0015
2025-09-21 11:00:00,1758452422.0,0.0015
2025-09-21 12:00:00,1758456017.0,0.0015
2025-09-21 13:00:00,1758459607.0,0.0015
2025-09-21 14:00:00,1758463218.0,0.0015
2025-09-21 15:00:00,1758466814.0,0.0015
2025-09-21 16:00:00,1758470420.0,0.0015
2025-09-21 17:00:00,1758474009.0,0.0015
2025-09-21 18:00:00,1758477621.0,0.0015
2025-09-21 19:00:00,1758481221.0,0.0015
2025-09-21 20:00:00,1758484819.0,0.0015
2025-09-21 21:00:00,1758488420.0,0.0015
2025-09-21 22:00:00,1758492023.0,0.0015
2025-09-21 23:00:00,1758495618.0,0.0015
2025-09-22 00:00:00,1758499213.0,0.0015
2025-09-22 01:00:00,1758502817.0,0.0015
2025-09-22 02:00:00,1758506414.0,0.0015
2025-09-22 03:00:00,1758510010.0,0.0015
2025-09-22 04:00:00,1758513618.0,0.0015
2025-09-22 05:00:00,1758517206.0,0.0015
2025-09-22 06:00:00,1758520818.0,0.0015
2025-09-22 07:00:00,1758524419.0,0.0015
2025-09-22 08:00:00,1758528009.0,0.0015
2025-09-22 09:00:00,1758531602.0,0.0015
2025-09-22 10:00:00,1758535209.0,0.0015
2025-09-22 11:00:00,1758538812.0,0.0015
2025-09-22 12:00:00,1758542415.0,0.0015
2025-09-22 13:00:00,1758546020.0,0.0015
2025-09-22 14:00:00,1758549606.0,0.0015
2025-09-22 15:00:00,1758553220.0,0.0015
2025-09-22 16:00:00,1758556812.0,0.0015
2025-09-22 17:00:00,1758560402.0,0.0015
2025-09-22 18:00:00,1758564021.0,0.0015
2025-09-22 19:00:00,1758567604.0,0.0015
2025-09-22 20:00:00,1758571213.0,0.0015
2025-09-22 21:00:00,1758574809.0,0.0015
2025-09-22 22:00:00,1758578405.0,0.0015
2025-09-22 23:00:00,1758582014.0,0.0015
2025-09-23 00:00:00,1758585608.0,0.0015
2025-09-23 01:00:00,1758589209.0,0.0015
2025-09-23 02:00:00,1758592811.0,0.0015
2025-09-23 03:00:00,1758596403.0,0.0015
2025-09-23 04:00:00,1758600010.0,0.0015
2025-09-23 05:00:00,1758603619.0,0.0015
2025-09-23 06:00:00,1758607218.0,0.0015
2025-09-23 07:00:00,1758610807.0,0.0015
2025-09-23 08:00:00,1758614410.0,0.0015
2025-09-23 09:00:00,1758618014.0,0.0015
2025-09-23 10:00:00,1758621613.0,0.0015
2025-09-23 11:00:00,1758625210.0,0.0015
2025-09-23 12:00:00,1758628824.0,0.0015
2025-09-23 13:00:00,1758632407.0,0.0015
2025-09-23 14:00:00,1758636017.0,0.0015
2025-09-23 15:00:00,1758639616.0,0.0015
2025-09-23 16:00:00,1758643208.0,0.0015
2025-09-23 17:00:00,1758646802.0,0.0015
2025-09-23 18:00:00,1758650411.0,0.0015
2025-09-23 19:00:00,1758654024.0,0.0015
2025-09-23 20:00:00,1758657617.0,0.0015
2025-09-23 21:00:00,1758661224.0,0.0015
2025-09-23 22:00:00,1758664804.0,0.0015
2025-09-23 23:00:00,1758668416.0,0.0015
2025-09-24 00:00:00,1758672014.0,0.0015
2025-09-24 01:00:00,1758675617.0,0.0015
2025-09-24 02:00:00,1758679215.0,0.0015
2025-09-24 03:00:00,1758682809.0,0.0015
2025-09-24 04:00:00,1758686425.0,0.0015
2025-09-24 05:00:00,1758690007.0,0.0015
2025-09-24 06:00:00,1758693618.0,0.0015
2025-09-24 07:00:00,1758697219.0,0.0015
2025-09-24 08:00:00,1758700804.0,0.0015
2025-09-24 09:00:00,1758704415.0,0.0015
2025-09-24 10:00:00,1758708010.0,0.0015
2025-09-24 11:00:00,1758711611.0,0.0015
2025-09-24 12:00:00,1758715202.0,0.0015
2025-09-24 13:00:00,1758718812.0,0.0015
2025-09-24 14:00:00,1758722407.0,0.0015
2025-09-24 15:00:00,1758726008.0,0.0015
2025-09-24 16:00:00,1758729603.0,0.0015
2025-09-24 17:00:00,1758733206.0,0.0015
2025-09-24 18:00:00,1758736805.0,0.0015
2025-09-24 19:00:00,1758740409.0,0.0015
2025-09-24 20:00:00,1758744004.0,0.0015
2025-09-24 21:00:00,1758747605.0,0.0015
2025-09-24 22:00:00,1758751205.0,0.0015
2025-09-24 23:00:00,1758754811.0,0.0015
2025-09-25 00:00:00,1758758408.0,0.0015
2025-09-25 01:00:00,1758762008.0,0.0015
2025-09-25 02:00:00,1758765610.0,0.0015
2025-09-25 03:00:00,1758769209.0,0.0015
2025-09-25 04:00:00,1758772802.0,0.0015
2025-09-25 05:00:00,1758776407.0,0.0015
2025-09-25 06:00:00,1758780014.0,0.0015
2025-09-25 07:00:00,1758783609.0,0.0015
2025-09-25 08:00:00,1758787207.0,0.0015
2025-09-25 09:00:00,1758790803.0,0.0015
2025-09-25 10:00:00,1758794403.0,0.0015
2025-09-25 11:00:00,1758798011.0,0.0015
2025-09-25 12:00:00,1758801611.0,0.0015
2025-09-25 13:00:00,1758805214.0,0.0015
2025-09-25 14:00:00,1758808802.0,0.0015
2025-09-25 15:00:00,1758812410.0,0.0015
2025-09-25 16:00:00,1758816006.0,0.0015
2025-09-25 17:00:00,1758819618.0,0.0015
2025-09-25 18:00:00,1758823214.0,0.0015
2025-09-25 19:00:00,1758826807.0,0.0015
2025-09-25 20:00:00,1758830406.0,0.0015
2025-09-25 21:00:00,1758834016.0,0.0015
2025-09-25 22:00:00,1758837605.0,0.0015
2025-09-25 23:00:00,1758841211.0,0.0015
2025-09-26 00:00:00,1758844808.0,0.0015
2025-09-26 01:00:00,1758848407.0,0.0015
2025-09-26 02:00:00,1758852007.0,0.0015
2025-09-26 03:00:00,1758855611.0,0.0015
2025-09-26 04:00:00,1758859206.0,0.0015
2025-09-26 05:00:00,1758862805.0,0.0015
2025-09-26 06:00:00,1758866410.0,0.0015
2025-09-26 07:00:00,1758870016.0,0.0015
2025-09-26 08:00:00,1758873611.0,0.0015
2025-09-26 09:00:00,1758877203.0,0.0015
2025-09-26 10:00:00,1758880811.0,0.0015
2025-09-26 11:00:00,1758884416.0,0.0015
2025-09-26 12:00:00,1758888007.0,0.0015
2025-09-26 13:00:00,1758891610.0,0.0015
2025-09-26 14:00:00,1758895208.0,0.0015
2025-09-26 15:00:00,1758898808.0,0.0015
2025-09-26 16:00:00,1758902405.0,0.0015
2025-09-26 17:00:00,1758906004.0,0.0015
2025-09-26 18:00:00,1758909610.0,0.0015
2025-09-26 19:00:00,1758913216.0,0.0015
2025-09-26 20:00:00,1758916811.0,0.0015
2025-09-26 21:00:00,1758920412.0,0.0015
2025-09-26 22:00:00,1758924005.0,0.0015
2025-09-26 23:00:00,1758927607.0,0.0015
2025-09-27 00:00:00,1758931205.0,0.0015
2025-09-27 01:00:00,1758934803.0,0.0015
2025-09-27 02:00:00,1758938411.0,0.0015
2025-09-27 03:00:00,1758942009.0,0.0015
2025-09-27 04:00:00,1758945605.0,0.0015
2025-09-27 05:00:00,1758949202.0,0.0015
2025-09-27 06:00:00,1758952817.0,0.0015
2025-09-27 07:00:00,1758956414.0,0.0015
2025-09-27 08:00:00,1758960011.0,0.0015
2025-09-27 09:00:00,1758963606.0,0.0015
2025-09-27 10:00:00,1758967213.0,0.0015
2025-09-27 11:00:00,1758970804.0,0.0015
2025-09-27 12:00:00,1758974411.0,0.0015
2025-09-27 13:00:00,1758978016.0,0.0015
2025-09-27 14:00:00,1758981613.0,0.0015
2025-09-27 15:00:00,1758985214.0,0.0015
2025-09-27 16:00:00,1758988816.0,0.0015
2025-09-27 17:00:00,1758992405.0,0.0015
2025-09-27 18:00:00,1758996014.0,0.0015
2025-09-27 19:00:00,1758999604.0,0.0015
2025-09-27 20:00:00,1759003204.0,0.0015
2025-09-27 21:00:00,1759006817.0,0.0015
2025-09-27 22:00:00,1759010406.0,0.0015
2025-09-27 23:00:00,1759014004.0,0.0015
2025-09-28 00:00:00,1759017610.0,0.0015
2025-09-28 01:00:00,1759021212.0,0.0015
2025-09-28 02:00:00,1759024810.0,0.0015
2025-09-28 03:00:00,1759028409.0,0.0015
2025-09-28 04:00:00,1759032015.0,0.0015
2025-09-28 05:00:00,1759035613.0,0.0015
2025-09-28 06:00:00,1759039213.0,0.0015
2025-09-28 07:00:00,1759042810.0,0.0015
2025-09-28 08:00:00,1759046405.0,0.0015
2025-09-28 09:00:00,1759050007.0,0.0015
2025-09-28 10:00:00,1759053613.0,0.0015
2025-09-28 11:00:00,1759057210.0,0.0015
2025-09-28 12:00:00,1759060808.0,0.0015
2025-09-28 13:00:00,1759064404.0,0.0015
2025-09-28 14:00:00,1759068015.0,0.0015
2025-09-28 15:00:00,1759071614.0,0.0015
2025-09-28 16:00:00,1759075208.0,0.0015
2025-09-28 17:00:00,1759078810.0,0.0015
2025-09-28 18:00:00,1759082409.0,0.0015
2025-09-28 19:00:00,1759086007.0,0.0015
2025-09-28 20:00:00,1759089610.0,0.0015
2025-09-28 21:00:00,1759093216.0,0.0015
2025-09-28 22:00:00,1759096811.0,0.0015
2025-09-28 23:00:00,1759100404.0,0.0015
2025-09-29 00:00:00,1759104007.0,0.0015
2025-09-29 01:00:00,1759107603.0,0.0015
2025-09-29 02:00:00,1759111203.0,0.0015
2025-09-29 03:00:00,1759114810.0,0.0015
2025-09-29 04:00:00,1759118402.0,0.0015
2025-09-29 05:00:00,1759122008.0,0.0015
2025-09-29 06:00:00,1759125615.0,0.0015
2025-09-29 07:00:00,1759129209.0,0.0015
2025-09-29 08:00:00,1759132804.0,0.0015
2025-09-29 09:00:00,1759136410.0,0.0015
2025-09-29 10:00:00,1759140010.0,0.0015
2025-09-29 11:00:00,1759143604.0,0.0015
2025-09-29 12:00:00,1759147204.0,0.0015
2025-09-29 13:00:00,1759150804.0,0.0015
2025-09-29 14:00:00,1759154409.0,0.0015
2025-09-29 15:00:00,1759158006.0,0.0015
2025-09-29 16:00:00,1759161609.0,0.0015
2025-09-29 17:00:00,1759165209.0,0.002
2025-09-29 18:00:00,1759168809.0,0.002
2025-09-29 19:00:00,1759172407.0,0.002
2025-09-29 20:00:00,1759176003.0,0.002
2025-09-29 21:00:00,1759179611.0,0.002
2025-09-29 22:00:00,1759183206.0,0.002
2025-09-29 23:00:00,1759186802.0,0.002
2025-09-30 00:00:00,1759190402.0,0.002
2025-09-30 01:00:00,1759194003.0,0.002
2025-09-30 02:00:00,1759197607.0,0.002
2025-09-30 03:00:00,1759201213.0,0.002
2025-09-30 04:00:00,1759204806.0,0.002
2025-09-30 05:00:00,1759208413.0,0.002
2025-09-30 06:00:00,1759212007.0,0.002
2025-09-30 07:00:00,1759215610.0,0.002
2025-09-30 08:00:00,1759219209.0,0.002
2025-09-30 09:00:00,1759222815.0,0.002
2025-09-30 10:00:00,1759226408.0,0.002
2025-09-30 11:00:00,1759230011.0,0.002
2025-09-30 12:00:00,1759233611.0,0.002
2025-09-30 13:00:00,1759237208.0,0.002
2025-09-30 14:00:00,1759240803.0,0.002
2025-09-30 15:00:00,1759244414.0,0.002
2025-09-30 16:00:00,1759248007.0,0.002
2025-09-30 17:00:00,1759251616.0,0.002
2025-09-30 18:00:00,1759255210.0,0.002
2025-09-30 19:00:00,1759258802.0,0.002
2025-09-30 20:00:00,1759262408.0,0.002
2025-09-30 21:00:00,1759266017.0,0.002
2025-09-30 22:00:00,1759269605.0,0.002
2025-09-30 23:00:00,1759273214.0,0.002
2025-10-01 00:00:00,1759276806.0,0.002
2025-10-01 01:00:00,1759280402.0,0.002
2025-10-01 02:00:00,1759284003.0,0.002
2025-10-01 03:00:00,1759287604.0,0.002
2025-10-01 04:00:00,1759291202.0,0.002
2025-10-01 05:00:00,1759294803.0,0.002
2025-10-01 06:00:00,1759298412.0,0.002
2025-10-01 07:00:00,1759302008.0,0.002
2025-10-01 08:00:00,1759305606.0,0.002
2025-10-01 09:00:00,1759309203.0,0.002
2025-10-01 10:00:00,1759312802.0,0.002
2025-10-01 11:00:00,1759316410.0,0.002
2025-10-01 12:00:00,1759320010.0,0.002
2025-10-01 13:00:00,1759323608.0,0.002
2025-10-01 14:00:00,1759327207.0,0.002
2025-10-01 15:00:00,1759330805.0,0.002
2025-10-01 16:00:00,1759334405.0,0.002
2025-10-01 17:00:00,1759338013.0,0.002
2025-10-01 18:00:00,1759341608.0,0.002
2025-10-01 19:00:00,1759345210.0,0.002
2025-10-01 20:00:00,1759348811.0,0.002
2025-10-01 21:00:00,1759352412.0,0.002
2025-10-01 22:00:00,1759356010.0,0.002
2025-10-01 23:00:00,1759359609.0,0.002
2025-10-02 00:00:00,1759363206.0,0.002
2025-10-02 01:00:00,1759366806.0,0.002
2025-10-02 02:00:00,1759370406.0,0.002
2025-10-02 03:00:00,1759374013.0,0.002
2025-10-02 04:00:00,1759377604.0,0.002
2025-10-02 05:00:00,1759381212.0,0.002
2025-10-02 06:00:00,1759384817.0,0.002
2025-10-02 07:00:00,1759388403.0,0.002
2025-10-02 08:00:00,1759392004.0,0.002
2025-10-02 09:00:00,1759395602.0,0.002
2025-10-02 10:00:00,1759399207.0,0.002
2025-10-02 11:00:00,1759402804.0,0.002
2025-10-02 12:00:00,1759406410.0,0.002
2025-10-02 13:00:00,1759410012.0,0.002
2025-10-02 14:00:00,1759413606.0,0.002
2025-10-02 15:00:00,1759417204.0,0.002
2025-10-02 16:00:00,1759420802.0,0.002
2025-10-02 17:00:00,1759424406.0,0.002
2025-10-02 18:00:00,1759428013.0,0.002
2025-10-02 19:00:00,1759431610.0,0.002
2025-10-02 20:00:00,1759435202.0,0.002
2025-10-02 21:00:00,1759438811.0,0.002
2025-10-02 22:00:00,1759442409.0,0.002
2025-10-02 23:00:00,1759446002.0,0.002
2025-10-03 00:00:00,1759449602.0,0.002
2025-10-03 01:00:00,1759453204.0,0.002
2025-10-03 02:00:00,1759456802.0,0.002
2025-10-03 03:00:00,1759460407.0,0.002
2025-10-03 04:00:00,1759464003.0,0.002
2025-10-03 05:00:00,1759467611.0,0.002
2025-10-03 06:00:00,1759471210.0,0.002
2025-10-03 07:00:00,1759474815.0,0.002
2025-10-03 08:00:00,1759478403.0,0.002
2025-10-03 09:00:00,1759482005.0,0.002
2025-10-03 10:00:00,1759485606.0,0.002
2025-10-03 11:00:00,1759489205.0,0.002
2025-10-03 12:00:00,1759492803.0,0.002
2025-10-03 13:00:00,1759496405.0,0.002
2025-10-03 14:00:00,1759500006.0,0.002
2025-10-03 15:00:00,1759503605.0,0.002
2025-10-03 16:00:00,1759507206.0,0.002
2025-10-03 17:00:00,1759510806.0,0.002
2025-10-03 18:00:00,1759514402.0,0.002
2025-10-03 19:00:00,1759518004.0,0.002
2025-10-03 20:00:00,1759521605.0,0.002
2025-10-03 21:00:00,1759525209.0,0.002
2025-10-03 22:00:00,1759528807.0,0.002
2025-10-03 23:00:00,1759532407.0,0.002
2025-10-04 00:00:00,1759536009.0,0.002
2025-10-04 01:00:00,1759539607.0,0.002
2025-10-04 02:00:00,1759543207.0,0.002
2025-10-04 03:00:00,1759546808.0,0.002
2025-10-04 04:00:00,1759550406.0,0.002
2025-10-04 05:00:00,1759554006.0,0.002
2025-10-04 06:00:00,1759557607.0,0.002
2025-10-04 07:00:00,1759561216.0,0.002
2025-10-04 08:00:00,1759564809.0,0.002
2025-10-04 09:00:00,1759568403.0,0.002
2025-10-04 10:00:00,1759572003.0,0.002
2025-10-04 11:00:00,1759575607.0,0.002
2025-10-04 12:00:00,1759579217.0,0.002
2025-10-04 13:00:00,1759582812.0,0.002
2025-10-04 14:00:00,1759586406.0,0.002
2025-10-04 15:00:00,1759590004.0,0.002
2025-10-04 16:00:00,1759593608.0,0.002
2025-10-04 17:00:00,1759597210.0,0.002
2025-10-04 18:00:00,1759600804.0,0.002
2025-10-04 19:00:00,1759604402.0,0.002
2025-10-04 20:00:00,1759608007.0,0.002
2025-10-04 21:00:00,1759611605.0,0.002
2025-10-04 22:00:00,1759615208.0,0.002
2025-10-04 23:00:00,1759618807.0,0.002
2025-10-05 00:00:00,1759622405.0,0.002
2025-10-05 01:00:00,1759626005.0,0.002
2025-10-05 02:00:00,1759629604.0,0.002
2025-10-05 03:00:00,1759633205.0,0.002
2025-10-05 04:00:00,1759636803.0,0.002
2025-10-05 05:00:00,1759640406.0,0.002
2025-10-05 06:00:00,1759644005.0,0.002
2025-10-05 07:00:00,1759647604.0,0.002
2025-10-05 08:00:00,1759651202.0,0.002
2025-10-05 09:00:00,1759654806.0,0.002
2025-10-05 10:00:00,1759658408.0,0.002
2025-10-05 11:00:00,1759662005.0,0.002
2025-10-05 12:00:00,1759665606.0,0.002
2025-10-05 13:00:00,1759669203.0,0.002
2025-10-05 14:00:00,1759672805.0,0.002
2025-10-05 15:00:00,1759676405.0,0.002
2025-10-05 16:00:00,1759680003.0,0.002
2025-10-05 17:00:00,1759683604.0,0.002
2025-10-05 18:00:00,1759687217.0,0.002
2025-10-05 19:00:00,1759690803.0,0.002
2025-10-05 20:00:00,1759694407.0,0.002
2025-10-05 21:00:00,1759698009.0,0.002
2025-10-05 22:00:00,1759701603.0,0.002
2025-10-05 23:00:00,1759705207.0,0.002
2025-10-06 00:00:00,1759708809.0,0.002
2025-10-06 01:00:00,1759712404.0,0.002
2025-10-06 02:00:00,1759716005.0,0.002
2025-10-06 03:00:00,1759719605.0,0.002
2025-10-06 04:00:00,1759723204.0,0.002
2025-10-06 05:00:00,1759726802.0,0.002
2025-10-06 06:00:00,1759730405.0,0.002
2025-10-06 07:00:00,1759734004.0,0.002
2025-10-06 08:00:00,1759737604.0,0.002
2025-10-06 09:00:00,1759741202.0,0.002
2025-10-06 10:00:00,1759744805.0,0.002
2025-10-06 11:00:00,1759748404.0,0.002
2025-10-06 12:00:00,1759752007.0,0.002
2025-10-06 13:00:00,1759755607.0,0.002
2025-10-06 14:00:00,1759759205.0,0.002
2025-10-06 15:00:00,1759762808.0,0.002
2025-10-06 16:00:00,1759766405.0,0.002
2025-10-06 17:00:00,1759770008.0,0.002
2025-10-06 18:00:00,1759773607.0,0.002
2025-10-06 19:00:00,1759777204.0,0.002
2025-10-06 20:00:00,1759780806.0,0.002
2025-10-06 21:00:00,1759784412.0,0.002
2025-10-06 22:00:00,1759788002.0,0.002
2025-10-06 23:00:00,1759791609.0,0.002
2025-10-07 00:00:00,1759795205.0,0.002
2025-10-07 01:00:00,1759798808.0,0.002
2025-10-07 02:00:00,1759802409.0,0.002
2025-10-07 03:00:00,1759806006.0,0.002
2025-10-07 04:00:00,1759809611.0,0.002
2025-10-07 05:00:00,1759813212.0,0.002
2025-10-07 06:00:00,1759816815.0,0.002
2025-10-07 07:00:00,1759820411.0,0.002
2025-10-07 08:00:00,1759824007.0,0.002
2025-10-07 09:00:00,1759827609.0,0.002
2025-10-07 10:00:00,1759831204.0,0.002
2025-10-07 11:00:00,1759834814.0,0.002
2025-10-07 12:00:00,1759838413.0,0.002
2025-10-07 13:00:00,1759842009.0,0.002
2025-10-07 14:00:00,1759845604.0,0.002
2025-10-07 15:00:00,1759849209.0,0.002
2025-10-07 16:00:00,1759852811.0,0.002
2025-10-07 17:00:00,1759856410.0,0.002
2025-10-07 18:00:00,1759860007.0,0.002
2025-10-07 19:00:00,1759863608.0,0.002
2025-10-07 20:00:00,1759867210.0,0.002
2025-10-07 21:00:00,1759870813.0,0.002
2025-10-07 22:00:00,1759874412.0,0.002
2025-10-07 23:00:00,1759878004.0,0.002
2025-10-08 00:00:00,1759881606.0,0.002
2025-10-08 01:00:00,1759885208.0,0.002
2025-10-08 02:00:00,1759888808.0,0.002
2025-10-08 03:00:00,1759892413.0,0.002
2025-10-08 04:00:00,1759896011.0,0.002
2025-10-08 05:00:00,1759899610.0,0.002
2025-10-08 06:00:00,1759903204.0,0.002
2025-10-08 07:00:00,1759906808.0,0.002
2025-10-08 08:00:00,1759910412.0,0.002
2025-10-08 09:00:00,1759914013.0,0.002
2025-10-08 10:00:00,1759917615.0,0.002
2025-10-08 11:00:00,1759921206.0,0.002
2025-10-08 12:00:00,1759924810.0,0.002
2025-10-08 13:00:00,1759928414.0,0.002
2025-10-08 14:00:00,1759932010.0,0.002
2025-10-08 15:00:00,1759935616.0,0.002
2025-10-08 16:00:00,1759939209.0,0.002
2025-10-08 17:00:00,1759942815.0,0.002
2025-10-08 18:00:00,1759946413.0,0.002
2025-10-08 19:00:00,1759950005.0,0.002
2025-10-08 20:00:00,1759953609.0,0.002
2025-10-08 21:00:00,1759957215.0,0.002
2025-10-08 22:00:00,1759960805.0,0.002
2025-10-08 23:00:00,1759964410.0,0.002
2025-10-09 00:00:00,1759968003.0,0.002
2025-10-09 01:00:00,1759971610.0,0.002
2025-10-09 02:00:00,1759975209.0,0.002
2025-10-09 03:00:00,1759978812.0,0.002
2025-10-09 04:00:00,1759982411.0,0.002
2025-10-09 05:00:00,1759986009.0,0.002
2025-10-09 06:00:00,1759989610.0,0.002
2025-10-09 07:00:00,1759993212.0,0.002
2025-10-09 08:00:00,1759996811.0,0.002
2025-10-09 09:00:00,1760000403.0,0.002
2025-10-09 10:00:00,1760004010.0,0.002
2025-10-09 11:00:00,1760007612.0,0.002
2025-10-09 12:00:00,1760011215.0,0.002
2025-10-09 13:00:00,1760014812.0,0.002
2025-10-09 14:00:00,1760018418.0,0.002
2025-10-09 15:00:00,1760022010.0,0.002
2025-10-09 16:00:00,1760025608.0,0.002
2025-10-09 17:00:00,1760029205.0,0.002
2025-10-09 18:00:00,1760032816.0,0.002
2025-10-09 19:00:00,1760036417.0,0.002
2025-10-09 20:00:00,1760040015.0,0.002
2025-10-09 21:00:00,1760043609.0,0.0105
2025-10-09 22:00:00,1760047214.0,0.011
2025-10-09 23:00:00,1760050816.0,0.011
2025-10-10 00:00:00,1760054416.0,0.0105
2025-10-10 01:00:00,1760058010.0,0.0105
2025-10-10 02:00:00,1760061605.0,0.0105
2025-10-10 03:00:00,1760065220.0,0.0105
2025-10-10 04:00:00,1760068808.0,0.011
2025-10-10 05:00:00,1760072405.0,0.011
2025-10-10 06:00:00,1760076009.0,0.0105
2025-10-10 07:00:00,1760079616.0,0.011
2025-10-10 08:00:00,1760083216.0,0.011
2025-10-10 09:00:00,1760086823.0,0.011
2025-10-10 10:00:00,1760090402.0,0.011
2025-10-10 11:00:00,1760094011.0,0.0105
2025-10-10 12:00:00,1760097604.0,0.0105
2025-10-10 13:00:00,1760101212.0,0.007
2025-10-10 14:00:00,1760104804.0,0.01
2025-10-10 15:00:00,1760108421.0,0.01
2025-10-10 16:00:00,1760112004.0,0.01
2025-10-10 17:00:00,1760115610.0,0.008
2025-10-10 18:00:00,1760119218.0,0.01
2025-10-10 19:00:00,1760122810.0,0.007
2025-10-10 20:00:00,1760126420.0,0.01
2025-10-10 21:00:00,1760130006.0,0.01
2025-10-10 22:00:00,1760133616.0,0.0105
2025-10-10 23:00:00,1760137212.0,0.009
2025-10-11 00:00:00,1760140807.0,0.01
2025-10-11 01:00:00,1760144409.0,0.01
2025-10-11 02:00:00,1760148014.0,0.0065
2025-10-11 03:00:00,1760151608.0,0.01
2025-10-11 04:00:00,1760155213.0,0.0065
2025-10-11 05:00:00,1760158809.0,0.01
2025-10-11 06:00:00,1760162403.0,0.0075
2025-10-11 07:00:00,1760166003.0,0.0105
2025-10-11 08:00:00,1760169615.0,0.0105
2025-10-11 09:00:00,1760173203.0,0.006
2025-10-11 10:00:00,1760176815.0,0.01
2025-10-11 11:00:00,1760180415.0,0.005
2025-10-11 12:00:00,1760184021.0,0.008
2025-10-11 13:00:00,1760187613.0,0.009
2025-10-11 14:00:00,1760191202.0,0.008
2025-10-11 15:00:00,1760194815.0,0.008
2025-10-11 16:00:00,1760198410.0,0.01
2025-10-11 17:00:00,1760202018.0,0.01
2025-10-11 18:00:00,1760205615.0,0.01
2025-10-11 19:00:00,1760209205.0,0.009
2025-10-11 20:00:00,1760212803.0,0.0105
2025-10-11 21:00:00,1760216413.0,0.0105
2025-10-11 22:00:00,1760220016.0,0.009
2025-10-11 23:00:00,1760223617.0,0.0105
2025-10-12 00:00:00,1760227218.0,0.0105
2025-10-12 01:00:00,1760230805.0,0.0105
2025-10-12 02:00:00,1760234406.0,0.0105
2025-10-12 03:00:00,1760238007.0,0.0105
2025-10-12 04:00:00,1760241612.0,0.0105
2025-10-12 05:00:00,1760245214.0,0.0105
2025-10-12 06:00:00,1760248818.0,0.0105
2025-10-12 07:00:00,1760252417.0,0.0105
2025-10-12 08:00:00,1760256010.0,0.0105
2025-10-12 09:00:00,1760259615.0,0.0105
2025-10-12 10:00:00,1760263207.0,0.0105
2025-10-12 11:00:00,1760266804.0,0.0105
2025-10-12 12:00:00,1760270410.0,0.0105
2025-10-12 13:00:00,1760274007.0,0.0095
2025-10-12 14:00:00,1760277614.0,0.0095
2025-10-12 15:00:00,1760281215.0,0.0095
2025-10-12 16:00:00,1760284814.0,0.0095
2025-10-12 17:00:00,1760288410.0,0.0095
2025-10-12 18:00:00,1760292006.0,0.0095
2025-10-12 19:00:00,1760295616.0,0.009
2025-10-12 20:00:00,1760299216.0,0.0045
2025-10-12 21:00:00,1760302811.0,0.0105
2025-10-12 22:00:00,1760306417.0,0.0105
2025-10-12 23:00:00,1760310011.0,0.0105
2025-10-13 00:00:00,1760313604.0,0.0105
2025-10-13 01:00:00,1760317205.0,0.0105
2025-10-13 02:00:00,1760320811.0,0.0105
2025-10-13 03:00:00,1760324409.0,0.0105
2025-10-13 04:00:00,1760328011.0,0.01
2025-10-13 05:00:00,1760331602.0,0.01
2025-10-13 06:00:00,1760335213.0,0.01
2025-10-13 07:00:00,1760338818.0,0.01
2025-10-13 08:00:00,1760342415.0,0.01
2025-10-13 09:00:00,1760346017.0,0.01
2025-10-13 10:00:00,1760349609.0,0.01
2025-10-13 11:00:00,1760353204.0,0.01
2025-10-13 12:00:00,1760356818.0,0.007
2025-10-13 13:00:00,1760360413.0,0.005
2025-10-13 14:00:00,1760364005.0,0.002
2025-10-13 15:00:00,1760367616.0,0.002
2025-10-13 16:00:00,1760371212.0,0.002
2025-10-13 17:00:00,1760374806.0,0.002
2025-10-13 18:00:00,1760378416.0,0.002
2025-10-13 19:00:00,1760382005.0,0.002
2025-10-13 20:00:00,1760385604.0,0.002
2025-10-13 21:00:00,1760389220.0,0.002
2025-10-13 22:00:00,1760392813.0,0.002
2025-10-13 23:00:00,1760396405.0,0.002
2025-10-14 00:00:00,1760400017.0,0.002
2025-10-14 01:00:00,1760403606.0,0.002
2025-10-14 02:00:00,1760407207.0,0.002
2025-10-14 03:00:00,1760410819.0,0.002
2025-10-14 04:00:00,1760414411.0,0.002
2025-10-14 05:00:00,1760418011.0,0.002
2025-10-14 06:00:00,1760421612.0,0.002
2025-10-14 07:00:00,1760425208.0,0.002
2025-10-14 08:00:00,1760428808.0,0.002
2025-10-14 09:00:00,1760432408.0,0.002
2025-10-14 10:00:00,1760436003.0,0.002
2025-10-14 11:00:00,1760439606.0,0.002
2025-10-14 12:00:00,1760443214.0,0.002
2025-10-14 13:00:00,1760446804.0,0.002
2025-10-14 14:00:00,1760450406.0,0.002
2025-10-14 15:00:00,1760454011.0,0.002
2025-10-14 16:00:00,1760457619.0,0.002
2025-10-14 17:00:00,1760461210.0,0.002
2025-10-14 18:00:00,1760464823.0,0.002
2025-10-14 19:00:00,1760468417.0,0.002
2025-10-14 20:00:00,1760472019.0,0.002
2025-10-14 21:00:00,1760475608.0,0.002
2025-10-14 22:00:00,1760479214.0,0.002
2025-10-14 23:00:00,1760482810.0,0.002
2025-10-15 00:00:00,1760486415.0,0.002
2025-10-15 01:00:00,1760490012.0,0.002
2025-10-15 02:00:00,1760493607.0,0.002
2025-10-15 03:00:00,1760497206.0,0.002
2025-10-15 04:00:00,1760500810.0,0.002
2025-10-15 05:00:00,1760504409.0,0.002
2025-10-15 06:00:00,1760508014.0,0.002
2025-10-15 07:00:00,1760511609.0,0.002
2025-10-15 08:00:00,1760515215.0,0.002
2025-10-15 09:00:00,1760518818.0,0.002
2025-10-15 10:00:00,1760522412.0,0.002
2025-10-15 11:00:00,1760526006.0,0.002
2025-10-15 12:00:00,1760529609.0,0.002
2025-10-15 13:00:00,1760533215.0,0.002
2025-10-15 14:00:00,1760536806.0,0.002
2025-10-15 15:00:00,1760540419.0,0.002
2025-10-15 16:00:00,1760544005.0,0.002
2025-10-15 17:00:00,1760547603.0,0.002
2025-10-15 18:00:00,1760551221.0,0.002
2025-10-15 19:00:00,1760554816.0,0.002
2025-10-15 20:00:00,1760558418.0,0.002
2025-10-15 21:00:00,1760562004.0,0.002
2025-10-15 22:00:00,1760565606.0,0.002
2025-10-15 23:00:00,1760569204.0,0.002
2025-10-16 00:00:00,1760572815.0,0.002
2025-10-16 01:00:00,1760576408.0,0.002
2025-10-16 02:00:00,1760580004.0,0.002
2025-10-16 03:00:00,1760583617.0,0.002
2025-10-16 04:00:00,1760587216.0,0.002
2025-10-16 05:00:00,1760590817.0,0.002
2025-10-16 06:00:00,1760594408.0,0.002
2025-10-16 07:00:00,1760598004.0,0.002
2025-10-16 08:00:00,1760601616.0,0.002
2025-10-16 09:00:00,1760605223.0,0.002
2025-10-16 10:00:00,1760608813.0,0.002
2025-10-16 11:00:00,1760612406.0,0.002
2025-10-16 12:00:00,1760616021.0,0.002
2025-10-16 13:00:00,1760619607.0,0.002
2025-10-16 14:00:00,1760623215.0,0.002
2025-10-16 15:00:00,1760626818.0,0.002
2025-10-16 16:00:00,1760630405.0,0.002
2025-10-16 17:00:00,1760634005.0,0.002
2025-10-16 18:00:00,1760637614.0,0.002
2025-10-16 19:00:00,1760641213.0,0.0015
2025-10-16 20:00:00,1760644816.0,0.0015
2025-10-16 21:00:00,1760648416.0,0.0015
2025-10-16 22:00:00,1760652015.0,0.0015
2025-10-16 23:00:00,1760655612.0,0.0015
2025-10-17 00:00:00,1760659204.0,0.0015
2025-10-17 01:00:00,1760662804.0,0.0015
2025-10-17 02:00:00,1760666416.0,0.0015
2025-10-17 03:00:00,1760670021.0,0.0015
2025-10-17 04:00:00,1760673604.0,0.0015
2025-10-17 05:00:00,1760677211.0,0.0015
2025-10-17 06:00:00,1760680806.0,0.0015
2025-10-17 07:00:00,1760684411.0,0.0015
2025-10-17 08:00:00,1760688015.0,0.0015
2025-10-17 09:00:00,1760691628.0,0.0015
2025-10-17 10:00:00,1760695218.0,0.0015
2025-10-17 11:00:00,1760698808.0,0.0015
2025-10-17 12:00:00,1760702409.0,0.0015
2025-10-17 13:00:00,1760706018.0,0.0015
2025-10-17 14:00:00,1760709617.0,0.0015
2025-10-17 15:00:00,1760713212.0,0.0015
2025-10-17 16:00:00,1760716821.0,0.0015
2025-10-17 17:00:00,1760720414.0,0.0015
2025-10-17 18:00:00,1760724024.0,0.0015
2025-10-17 19:00:00,1760727620.0,0.0015
2025-10-17 20:00:00,1760731213.0,0.0015
2025-10-17 21:00:00,1760734811.0,0.0015
2025-10-17 22:00:00,1760738413.0,0.0015
2025-10-17 23:00:00,1760742013.0,0.0015
2025-10-18 00:00:00,1760745614.0,0.0015
2025-10-18 01:00:00,1760749212.0,0.0015
2025-10-18 02:00:00,1760752812.0,0.0015
2025-10-18 03:00:00,1760756410.0,0.0015
2025-10-18 04:00:00,1760760020.0,0.0015
2025-10-18 05:00:00,1760763607.0,0.0015
2025-10-18 06:00:00,1760767209.0,0.0015
2025-10-18 07:00:00,1760770804.0,0.0015
2025-10-18 08:00:00,1760774415.0,0.0015
2025-10-18 09:00:00,1760778013.0,0.0015
2025-10-18 10:00:00,1760781619.0,0.0015
2025-10-18 11:00:00,1760785215.0,0.0015
2025-10-18 12:00:00,1760788811.0,0.0015
2025-10-18 13:00:00,1760792419.0,0.0015
2025-10-18 14:00:00,1760796017.0,0.0015
2025-10-18 15:00:00,1760799625.0,0.0015
2025-10-18 16:00:00,1760803207.0,0.0015
2025-10-18 17:00:00,1760806818.0,0.0015
2025-10-18 18:00:00,1760810409.0,0.0015
2025-10-18 19:00:00,1760814004.0,0.0015
2025-10-18 20:00:00,1760817611.0,0.0015
2025-10-18 21:00:00,1760821225.0,0.0015
2025-10-18 22:00:00,1760824810.0,0.0015
2025-10-18 23:00:00,1760828411.0,0.0015
2025-10-19 00:00:00,1760832020.0,0.0015
2025-10-19 01:00:00,1760835608.0,0.0015
2025-10-19 02:00:00,1760839216.0,0.0015
2025-10-19 03:00:00,1760842808.0,0.0015
2025-10-19 04:00:00,1760846407.0,0.0015
2025-10-19 05:00:00,1760850004.0,0.0015
2025-10-19 06:00:00,1760853615.0,0.0015
2025-10-19 07:00:00,1760857215.0,0.0015
2025-10-19 08:00:00,1760860817.0,0.0015
2025-10-19 09:00:00,1760864413.0,0.0015
2025-10-19 10:00:00,1760868018.0,0.0015
2025-10-19 11:00:00,1760871616.0,0.0015
2025-10-19 12:00:00,1760875208.0,0.0015
2025-10-19 13:00:00,1760878809.0,0.0015
2025-10-19 14:00:00,1760882418.0,0.0015
2025-10-19 15:00:00,1760886021.0,0.0015
2025-10-19 16:00:00,1760889616.0,0.0015
2025-10-19 17:00:00,1760893218.0,0.0015
2025-10-19 18:00:00,1760896812.0,0.0015
2025-10-19 19:00:00,1760900418.0,0.0015
2025-10-19 20:00:00,1760904013.0,0.0015
2025-10-19 21:00:00,1760907621.0,0.0015
2025-10-19 22:00:00,1760911215.0,0.0015
2025-10-19 23:00:00,1760914809.0,0.0015
2025-10-20 00:00:00,1760918414.0,0.0015
2025-10-20 01:00:00,1760922007.0,0.0015
2025-10-20 02:00:00,1760925611.0,0.0015
2025-10-20 03:00:00,1760929225.0,0.0015
2025-10-20 04:00:00,1760932811.0,0.0015
2025-10-20 05:00:00,1760936405.0,0.0015
2025-10-20 06:00:00,1760940012.0,0.0015
2025-10-20 07:00:00,1760943621.0,0.0015
2025-10-20 08:00:00,1760947206.0,0.0015
2025-10-20 09:00:00,1760950810.0,0.0015
2025-10-20 10:00:00,1760954409.0,0.0015
2025-10-20 11:00:00,1760958014.0,0.0015
2025-10-20 12:00:00,1760961624.0,0.0015
2025-10-20 13:00:00,1760965219.0,0.0015
2025-10-20 14:00:00,1760968814.0,0.0015
2025-10-20 15:00:00,1760972425.0,0.0015
2025-10-20 16:00:00,1760976007.0,0.0015
2025-10-20 17:00:00,1760979614.0,0.0015
2025-10-20 18:00:00,1760983216.0,0.0015
2025-10-20 19:00:00,1760986807.0,0.0015
2025-10-20 20:00:00,1760990413.0,0.0015
2025-10-20 21:00:00,1760994019.0,0.0015
2025-10-20 22:00:00,1760997612.0,0.0015
2025-10-20 23:00:00,1761001213.0,0.0015
2025-10-21 00:00:00,1761004803.0,0.0015
2025-10-21 01:00:00,1761008412.0,0.0015
2025-10-21 02:00:00,1761012005.0,0.0015
2025-10-21 03:00:00,1761015605.0,0.0015
2025-10-21 04:00:00,1761019206.0,0.0015
2025-10-21 05:00:00,1761022819.0,0.0015
2025-10-21 06:00:00,1761026423.0,0.0015
2025-10-21 07:00:00,1761030020.0,0.0015
2025-10-21 08:00:00,1761033613.0,0.0015
2025-10-21 09:00:00,1761037208.0,0.0015
2025-10-21 10:00:00,1761040807.0,0.0015
2025-10-21 11:00:00,1761044415.0,0.0015
2025-10-21 12:00:00,1761048012.0,0.0015
2025-10-21 13:00:00,1761051604.0,0.0015
2025-10-21 14:00:00,1761055212.0,0.0015
2025-10-21 15:00:00,1761058806.0,0.0015
2025-10-21 16:00:00,1761062414.0,0.0015
2025-10-21 17:00:00,1761066013.0,0.0015
2025-10-21 18:00:00,1761069611.0,0.0015
2025-10-21 19:00:00,1761073218.0,0.0015
2025-10-21 20:00:00,1761076818.0,0.0015
2025-10-21 21:00:00,1761080423.0,0.0015
2025-10-21 22:00:00,1761084022.0,0.0015
2025-10-21 23:00:00,1761087611.0,0.0015
2025-10-22 00:00:00,1761091217.0,0.0015
2025-10-22 01:00:00,1761094812.0,0.0015
2025-10-22 02:00:00,1761098411.0,0.0015
2025-10-22 03:00:00,1761102021.0,0.0015
2025-10-22 04:00:00,1761105616.0,0.0015
2025-10-22 05:00:00,1761109216.0,0.0015
2025-10-22 06:00:00,1761112817.0,0.0015
2025-10-22 07:00:00,1761116410.0,0.0015
2025-10-22 08:00:00,1761120012.0,0.0015
2025-10-22 09:00:00,1761123617.0,0.0015
2025-10-22 10:00:00,1761127216.0,0.0015
2025-10-22 11:00:00,1761130811.0,0.0015
2025-10-22 12:00:00,1761134423.0,0.0015
2025-10-22 13:00:00,1761138017.0,0.0015
2025-10-22 14:00:00,1761141615.0,0.0015
2025-10-22 15:00:00,1761145222.0,0.0015
2025-10-22 16:00:00,1761148817.0,0.0015
2025-10-22 17:00:00,1761152419.0,0.0015
2025-10-22 18:00:00,1761156023.0,0.0015
2025-10-22 19:00:00,1761159617.0,0.0015
2025-10-22 20:00:00,1761163217.0,0.0015
2025-10-22 21:00:00,1761166821.0,0.0015
2025-10-22 22:00:00,1761170417.0,0.0015
2025-10-22 23:00:00,1761174016.0,0.0015
2025-10-23 00:00:00,1761177610.0,0.0015
2025-10-23 01:00:00,1761181209.0,0.0015
2025-10-23 02:00:00,1761184810.0,0.0015
2025-10-23 03:00:00,1761188412.0,0.0015
2025-10-23 04:00:00,1761192011.0,0.0015
2025-10-23 05:00:00,1761195612.0,0.0015
2025-10-23 06:00:00,1761199214.0,0.0015
2025-10-23 07:00:00,1761202810.0,0.0015
2025-10-23 08:00:00,1761206413.0,0.0015
2025-10-23 09:00:00,1761210012.0,0.0015
2025-10-23 10:00:00,1761213612.0,0.0015
2025-10-23 11:00:00,1761217213.0,0.0015
2025-10-23 12:00:00,1761220816.0,0.0015
2025-10-23 13:00:00,1761224413.0,0.0015
2025-10-23 14:00:00,1761228043.0,0.0015
2025-10-23 15:00:00,1761231613.0,0.0015
2025-10-23 16:00:00,1761235214.0,0.0015
2025-10-23 17:00:00,1761238815.0,0.0015
2025-10-23 18:00:00,1761242414.0,0.0015
2025-10-23 19:00:00,1761246014.0,0.0015
2025-10-23 20:00:00,1761249615.0,0.0015
2025-10-23 21:00:00,1761253216.0,0.0015
2025-10-23 22:00:00,1761256814.0,0.0015
2025-10-23 23:00:00,1761260414.0,0.0015
2025-10-24 00:00:00,1761264014.0,0.0015
2025-10-24 01:00:00,1761267612.0,0.0015
2025-10-24 02:00:00,1761271214.0,0.0015
2025-10-24 03:00:00,1761274815.0,0.0015
2025-10-24 04:00:00,1761278415.0,0.0015
2025-10-24 05:00:00,1761282014.0,0.0015
2025-10-24 06:00:00,1761285616.0,0.0015
2025-10-24 07:00:00,1761289215.0,0.0015
2025-10-24 08:00:00,1761292815.0,0.0015
2025-10-24 09:00:00,1761296416.0,0.0015
2025-10-24 10:00:00,1761300015.0,0.0015
2025-10-24 11:00:00,1761303616.0,0.0015
2025-10-24 12:00:00,1761307218.0,0.0015
2025-10-24 13:00:00,1761310814.0,0.0015
2025-10-24 14:00:00,1761314416.0,0.0015
2025-10-24 15:00:00,1761318017.0,0.0015
2025-10-24 16:00:00,1761321615.0,0.0015
2025-10-24 17:00:00,1761325217.0,0.0015
2025-10-24 18:00:00,1761328816.0,0.0015
2025-10-24 19:00:00,1761332416.0,0.0015
2025-10-24 20:00:00,1761336016.0,0.0015
2025-10-24 21:00:00,1761339618.0,0.0015
2025-10-24 22:00:00,1761343216.0,0.0015
2025-10-24 23:00:00,1761346815.0,0.0015
2025-10-25 00:00:00,1761350414.0,0.0015
2025-10-25 01:00:00,1761354011.0,0.0015
2025-10-25 02:00:00,1761357613.0,0.0015
2025-10-25 03:00:00,1761361216.0,0.0015
2025-10-25 04:00:00,1761364815.0,0.0015
2025-10-25 05:00:00,1761368415.0,0.0015
2025-10-25 06:00:00,1761372017.0,0.0015
2025-10-25 07:00:00,1761375617.0,0.0015
2025-10-25 08:00:00,1761379215.0,0.0015
2025-10-25 09:00:00,1761382817.0,0.0015
2025-10-25 10:00:00,1761386416.0,0.0015
2025-10-25 11:00:00,1761390016.0,0.0015
2025-10-25 12:00:00,1761393619.0,0.0015
2025-10-25 13:00:00,1761397214.0,0.0015
2025-10-25 14:00:00,1761400816.0,0.0015
2025-10-25 15:00:00,1761404417.0,0.0015
2025-10-25 16:00:00,1761408015.0,0.0015
2025-10-25 17:00:00,1761411618.0,0.0015
2025-10-25 18:00:00,1761415218.0,0.0015
2025-10-25 19:00:00,1761418816.0,0.0015
2025-10-25 20:00:00,1761422416.0,0.0015
2025-10-25 21:00:00,1761426018.0,0.0015
2025-10-25 22:00:00,1761429615.0,0.0015
2025-10-25 23:00:00,1761433215.0,0.0015
2025-10-26 00:00:00,1761436815.0,0.0015
2025-10-26 01:00:00,1761440412.0,0.0015
2025-10-26 02:00:00,1761444014.0,0.0015
2025-10-26 03:00:00,1761447616.0,0.0015
2025-10-26 04:00:00,1761451215.0,0.0015
2025-10-26 05:00:00,1761454815.0,0.0015
2025-10-26 06:00:00,1761458416.0,0.0015
2025-10-26 07:00:00,1761462015.0,0.0015
2025-10-26 08:00:00,1761465615.0,0.0015
2025-10-26 09:00:00,1761469217.0,0.0015
2025-10-26 10:00:00,1761472815.0,0.0015
2025-10-26 11:00:00,1761476414.0,0.0015
2025-10-26 12:00:00,1761480020.0,0.0015
2025-10-26 13:00:00,1761483614.0,0.0015
2025-10-26 14:00:00,1761487215.0,0.0015
2025-10-26 15:00:00,1761490815.0,0.0015
2025-10-26 16:00:00,1761494413.0,0.0015
2025-10-26 17:00:00,1761498014.0,0.0015
2025-10-26 18:00:00,1761501616.0,0.0015
2025-10-26 19:00:00,1761505212.0,0.0015
2025-10-26 20:00:00,1761508814.0,0.0015
2025-10-26 21:00:00,1761512416.0,0.0015
2025-10-26 22:00:00,1761516014.0,0.0015
2025-10-26 23:00:00,1761519613.0,0.0015
2025-10-27 00:00:00,1761523214.0,0.0015
2025-10-27 01:00:00,1761526811.0,0.0015
2025-10-27 02:00:00,1761530413.0,0.0015
2025-10-27 03:00:00,1761534015.0,0.0015
2025-10-27 04:00:00,1761537612.0,0.0015
2025-10-27 05:00:00,1761541213.0,0.0015
2025-10-27 06:00:00,1761544814.0,0.0015
2025-10-27 07:00:00,1761548411.0,0.0015
2025-10-27 08:00:00,1761552013.0,0.0075
2025-10-27 09:00:00,1761555615.0,0.013
2025-10-27 10:00:00,1761559213.0,0.0085
2025-10-27 11:00:00,1761562812.0,0.008
2025-10-27 12:00:00,1761566417.0,0.022
2025-10-27 13:00:00,1761570014.0,0.015
2025-10-27 14:00:00,1761573612.0,0.019
2025-10-27 15:00:00,1761577216.0,0.01
2025-10-27 16:00:00,1761580814.0,0.01
2025-10-27 17:00:00,1761584415.0,0.0085
2025-10-27 18:00:00,1761588016.0,0.0095
2025-10-27 19:00:00,1761591613.0,0.0095
2025-10-27 20:00:00,1761595216.0,0.0095
2025-10-27 21:00:00,1761598817.0,0.0095
2025-10-27 22:00:00,1761602413.0,0.0095
2025-10-27 23:00:00,1761606014.0,0.0095
2025-10-28 00:00:00,1761609617.0,0.0095
2025-10-28 01:00:00,1761613214.0,0.0095
2025-10-28 02:00:00,1761616814.0,0.0095
2025-10-28 03:00:00,1761620423.0,0.0095
2025-10-28 04:00:00,1761624020.0,0.0095
2025-10-28 05:00:00,1761627614.0,0.0095
2025-10-28 06:00:00,1761631217.0,0.0095
2025-10-28 07:00:00,1761634813.0,0.0095
2025-10-28 08:00:00,1761638415.0,0.0095
2025-10-28 09:00:00,1761642015.0,0.009
2025-10-28 10:00:00,1761645619.0,0.0105
2025-10-28 11:00:00,1761649219.0,0.0105
2025-10-28 12:00:00,1761652816.0,0.0105
2025-10-28 13:00:00,1761656420.0,0.0105
2025-10-28 14:00:00,1761660017.0,0.01
2025-10-28 15:00:00,1761663620.0,0.011
2025-10-28 16:00:00,1761667220.0,0.008
2025-10-28 17:00:00,1761670821.0,0.0095
2025-10-28 18:00:00,1761674420.0,0.006
2025-10-28 19:00:00,1761678018.0,0.006
2025-10-28 20:00:00,1761681620.0,0.0055
2025-10-28 21:00:00,1761685220.0,0.006
2025-10-28 22:00:00,1761688819.0,0.006
2025-10-28 23:00:00,1761692419.0,0.006
2025-10-29 00:00:00,1761696016.0,0.006
2025-10-29 01:00:00,1761699612.0,0.006
2025-10-29 02:00:00,1761703212.0,0.006
2025-10-29 03:00:00,1761706820.0,0.006
2025-10-29 04:00:00,1761710418.0,0.006
2025-10-29 05:00:00,1761714019.0,0.006
2025-10-29 06:00:00,1761717615.0,0.0055
2025-10-29 07:00:00,1761721213.0,0.006
2025-10-29 08:00:00,1761724820.0,0.006
2025-10-29 09:00:00,1761728420.0,0.006
2025-10-29 11:00:00,1761738559.0,0.0065
2025-10-29 13:00:00,1761743344.0,0.0065
2025-10-29 14:00:00,1761746414.0,0.0065
2025-10-29 15:00:00,1761750016.0,0.0045
2025-10-29 16:00:00,1761753614.0,0.0045
2025-10-29 17:00:00,1761757216.0,0.0045
2025-10-29 18:00:00,1761760816.0,0.0045
2025-10-29 19:00:00,1761764415.0,0.0045
2025-10-29 20:00:00,1761768016.0,0.0055
2025-10-29 21:00:00,1761771616.0,0.006
2025-10-29 22:00:00,1761775216.0,0.006
2025-10-29 23:00:00,1761778815.0,0.006
2025-10-30 00:00:00,1761782417.0,0.0045
2025-10-30 01:00:00,1761786014.0,0.004
2025-10-30 02:00:00,1761789614.0,0.004
2025-10-30 03:00:00,1761793216.0,0.0065
2025-10-30 04:00:00,1761796817.0,0.007
2025-10-30 05:00:00,1761800416.0,0.006
2025-10-30 06:00:00,1761804017.0,0.006
2025-10-30 07:00:00,1761807616.0,0.0055
2025-10-30 08:00:00,1761811215.0,0.0055
2025-10-30 09:00:00,1761814818.0,0.004
2025-10-30 10:00:00,1761818412.0,0.002
2025-10-30 11:00:00,1761822016.0,0.002
2025-10-30 12:00:00,1761825618.0,0.002
2025-10-30 13:00:00,1761829216.0,0.002
2025-10-30 14:00:00,1761832816.0,0.002
2025-10-30 15:00:00,1761836416.0,0.002
2025-10-30 16:00:00,1761840016.0,0.002
2025-10-30 17:00:00,1761843617.0,0.002
2025-10-30 18:00:00,1761847217.0,0.002
2025-10-30 19:00:00,1761850816.0,0.002
2025-10-30 20:00:00,1761854416.0,0.002
2025-10-30 21:00:00,1761858019.0,0.01
2025-10-30 22:00:00,1761861617.0,0.0095
2025-10-30 23:00:00,1761865218.0,0.0095
2025-10-31 00:00:00,1761868811.0,0.0095
2025-10-31 01:00:00,1761872411.0,0.0095
2025-10-31 02:00:00,1761876013.0,0.0095
2025-10-31 03:00:00,1761879614.0,0.009
2025-10-31 04:00:00,1761883216.0,0.0085
2025-10-31 05:00:00,1761886816.0,0.008
2025-10-31 06:00:00,1761890416.0,0.0075
2025-10-31 07:00:00,1761894017.0,0.0075
2025-10-31 08:00:00,1761897621.0,0.0075
2025-10-31 09:00:00,1761901217.0,0.0075
2025-10-31 10:00:00,1761904816.0,0.007
2025-10-31 11:00:00,1761908416.0,0.0055
2025-10-31 12:00:00,1761912018.0,0.0055
2025-10-31 13:00:00,1761915616.0,0.0055
2025-10-31 14:00:00,1761919216.0,0.0045
2025-10-31 15:00:00,1761922815.0,0.01
2025-10-31 16:00:00,1761926416.0,0.0105
2025-10-31 17:00:00,1761930018.0,0.0095
2025-10-31 18:00:00,1761933617.0,0.01
2025-10-31 19:00:00,1761937217.0,0.0105
2025-10-31 20:00:00,1761940816.0,0.0095
2025-10-31 21:00:00,1761944417.0,0.01
2025-10-31 22:00:00,1761948016.0,0.008
2025-10-31 23:00:00,1761951617.0,0.009
2025-11-01 00:00:00,1761955216.0,0.0095
2025-11-01 01:00:00,1761958814.0,0.0095
2025-11-01 02:00:00,1761962415.0,0.005
2025-11-01 03:00:00,1761966018.0,0.0075
2025-11-01 04:00:00,1761969616.0,0.008
2025-11-01 05:00:00,1761973217.0,0.0065
2025-11-01 06:00:00,1761976818.0,0.009
2025-11-01 07:00:00,1761980417.0,0.008
2025-11-01 08:00:00,1761984017.0,0.009
2025-11-01 09:00:00,1761987618.0,0.0085
2025-11-01 10:00:00,1761991218.0,0.0075
2025-11-01 11:00:00,1761994817.0,0.006
2025-11-01 12:00:00,1761998421.0,0.0105
2025-11-01 13:00:00,1762002015.0,0.0105
2025-11-01 14:00:00,1762005617.0,0.0095
2025-11-01 15:00:00,1762009218.0,0.009
2025-11-01 16:00:00,1762012816.0,0.009
2025-11-01 17:00:00,1762016419.0,0.008
2025-11-01 18:00:00,1762020017.0,0.0055
2025-11-01 19:00:00,1762023617.0,0.009
2025-11-01 20:00:00,1762027217.0,0.0095
2025-11-01 21:00:00,1762030818.0,0.0095
2025-11-01 22:00:00,1762034417.0,0.0095
2025-11-01 23:00:00,1762038017.0,0.0095
2025-11-02 00:00:00,1762041613.0,0.009
2025-11-02 01:00:00,1762045212.0,0.0065
2025-11-02 02:00:00,1762048813.0,0.0085
2025-11-02 03:00:00,1762052415.0,0.0085
2025-11-02 04:00:00,1762056015.0,0.0085
2025-11-02 05:00:00,1762059615.0,0.0085
2025-11-02 06:00:00,1762063216.0,0.0095
2025-11-02 07:00:00,1762066816.0,0.0095
2025-11-02 08:00:00,1762070415.0,0.0085
2025-11-02 09:00:00,1762074016.0,0.008
2025-11-02 10:00:00,1762077615.0,0.0075
2025-11-02 11:00:00,1762081217.0,0.008
2025-11-02 12:00:00,1762084818.0,0.007
2025-11-02 13:00:00,1762088415.0,0.0085
2025-11-02 14:00:00,1762092016.0,0.0095
2025-11-02 15:00:00,1762095616.0,0.01
2025-11-02 16:00:00,1762099216.0,0.009
2025-11-02 17:00:00,1762102817.0,0.009
2025-11-02 18:00:00,1762106418.0,0.009
2025-11-02 19:00:00,1762110017.0,0.009
2025-11-02 20:00:00,1762113616.0,0.008
2025-11-02 21:00:00,1762117218.0,0.009
2025-11-02 22:00:00,1762120816.0,0.01
2025-11-02 23:00:00,1762124416.0,0.0085
2025-11-03 00:00:00,1762128014.0,0.0095
2025-11-03 01:00:00,1762131614.0,0.0065
2025-11-03 02:00:00,1762135214.0,0.008
2025-11-03 03:00:00,1762138815.0,0.0085
2025-11-03 04:00:00,1762142416.0,0.0075
2025-11-03 05:00:00,1762146015.0,0.0085
2025-11-03 06:00:00,1762149617.0,0.0095
2025-11-03 07:00:00,1762153216.0,0.009
2025-11-03 08:00:00,1762156815.0,0.009
2025-11-03 09:00:00,1762160416.0,0.0085
2025-11-03 10:00:00,1762164016.0,0.0085
2025-11-03 11:00:00,1762167615.0,0.0085
2025-11-03 12:00:00,1762171217.0,0.009
2025-11-03 13:00:00,1762174815.0,0.009
2025-11-03 14:00:00,1762178415.0,0.009
2025-11-03 15:00:00,1762182015.0,0.009
2025-11-03 16:00:00,1762185616.0,0.009
2025-11-03 17:00:00,1762189217.0,0.009
2025-11-03 18:00:00,1762192817.0,0.009
2025-11-03 19:00:00,1762196416.0,0.009
2025-11-03 20:00:00,1762200016.0,0.01
2025-11-03 21:00:00,1762203619.0,0.0095
2025-11-03 22:00:00,1762207216.0,0.0095
2025-11-03 23:00:00,1762210817.0,0.006
2025-11-04 00:00:00,1762214415.0,0.0055
2025-11-04 01:00:00,1762218012.0,0.0055
2025-11-04 02:00:00,1762221614.0,0.006
2025-11-04 03:00:00,1762225216.0,0.006
2025-11-04 04:00:00,1762228817.0,0.006
2025-11-04 05:00:00,1762232416.0,0.006
2025-11-04 06:00:00,1762236018.0,0.006
2025-11-04 07:00:00,1762239617.0,0.0055
2025-11-04 08:00:00,1762243217.0,0.0055
2025-11-04 09:00:00,1762246818.0,0.005
2025-11-04 10:00:00,1762250417.0,0.0055
2025-11-04 11:00:00,1762254017.0,0.005
2025-11-04 12:00:00,1762257620.0,0.005
2025-11-04 13:00:00,1762261217.0,0.005
2025-11-04 14:00:00,1762264818.0,0.005
2025-11-04 15:00:00,1762268417.0,0.005
2025-11-04 16:00:00,1762272018.0,0.005
2025-11-04 17:00:00,1762275618.0,0.005
2025-11-04 18:00:00,1762279218.0,0.005
2025-11-04 19:00:00,1762282818.0,0.005
2025-11-04 20:00:00,1762286417.0,0.005
2025-11-04 21:00:00,1762290020.0,0.005
2025-11-04 22:00:00,1762293618.0,0.005
2025-11-04 23:00:00,1762297217.0,0.005
2025-11-05 00:00:00,1762300816.0,0.005
2025-11-05 01:00:00,1762304415.0,0.005
2025-11-05 02:00:00,1762308015.0,0.005
2025-11-05 03:00:00,1762311617.0,0.005
2025-11-05 04:00:00,1762315217.0,0.005
2025-11-05 05:00:00,1762318818.0,0.005
2025-11-05 06:00:00,1762322419.0,0.005
2025-11-05 07:00:00,1762326018.0,0.005
2025-11-05 08:00:00,1762329617.0,0.005
2025-11-05 09:00:00,1762333218.0,0.005
2025-11-05 10:00:00,1762336817.0,0.005
2025-11-05 11:00:00,1762340417.0,0.005
2025-11-05 12:00:00,1762344020.0,0.005
2025-11-05 13:00:00,1762347616.0,0.005
2025-11-05 14:00:00,1762351217.0,0.005
2025-11-05 15:00:00,1762354818.0,0.005
2025-11-05 16:00:00,1762358416.0,0.005
2025-11-05 17:00:00,1762362018.0,0.005
2025-11-05 18:00:00,1762365618.0,0.005
2025-11-05 19:00:00,1762369218.0,0.005
2025-11-05 20:00:00,1762372816.0,0.005
2025-11-05 21:00:00,1762376418.0,0.005
2025-11-05 22:00:00,1762380017.0,0.005
2025-11-05 23:00:00,1762383617.0,0.005
2025-11-06 00:00:00,1762387210.0,0.005
2025-11-06 01:00:00,1762390811.0,0.005
2025-11-06 02:00:00,1762394413.0,0.005
2025-11-06 03:00:00,1762398017.0,0.005
2025-11-06 04:00:00,1762401617.0,0.005
2025-11-06 05:00:00,1762405216.0,0.005
2025-11-06 06:00:00,1762408818.0,0.005
2025-11-06 07:00:00,1762412417.0,0.005
2025-11-06 08:00:00,1762416014.0,0.005
2025-11-06 09:00:00,1762419618.0,0.005
2025-11-06 10:00:00,1762423211.0,0.005
2025-11-06 11:00:00,1762426815.0,0.0045
2025-11-06 12:00:00,1762430421.0,0.0045
2025-11-06 13:00:00,1762434015.0,0.0045
2025-11-06 14:00:00,1762437616.0,0.0045
2025-11-06 15:00:00,1762441217.0,0.0045
2025-11-06 16:00:00,1762444816.0,0.0045
2025-11-06 17:00:00,1762448418.0,0.0045
2025-11-06 18:00:00,1762452018.0,0.0045
2025-11-06 19:00:00,1762455617.0,0.0035
2025-11-06 20:00:00,1762459219.0,0.004
2025-11-06 21:00:00,1762462821.0,0.004
2025-11-06 22:00:00,1762466417.0,0.004
2025-11-06 23:00:00,1762470017.0,0.004
2025-11-07 00:00:00,1762473616.0,0.004
2025-11-07 01:00:00,1762477214.0,0.004
2025-11-07 02:00:00,1762480818.0,0.004
2025-11-07 03:00:00,1762484419.0,0.0035
2025-11-07 04:00:00,1762488016.0,0.004
2025-11-07 05:00:00,1762491619.0,0.004
2025-11-07 06:00:00,1762495221.0,0.004
2025-11-07 07:00:00,1762498818.0,0.003
2025-11-07 08:00:00,1762502416.0,0.003
2025-11-07 09:00:00,1762506018.0,0.003
2025-11-07 10:00:00,1762509618.0,0.003
2025-11-07 11:00:00,1762513216.0,0.003
2025-11-07 12:00:00,1762516821.0,0.003
2025-11-07 13:00:00,1762520418.0,0.003
2025-11-07 14:00:00,1762524019.0,0.003
2025-11-07 15:00:00,1762527628.0,0.003
2025-11-07 16:00:00,1762531217.0,0.003
2025-11-07 17:00:00,1762534836.0,0.003
2025-11-07 18:00:00,1762538420.0,0.003
2025-11-07 19:00:00,1762542020.0,0.003
2025-11-07 20:00:00,1762545630.0,0.003
2025-11-07 21:00:00,1762549219.0,0.003
2025-11-07 22:00:00,1762552817.0,0.003
2025-11-07 23:00:00,1762556433.0,0.003
2025-11-08 00:00:00,1762560011.0,0.003
2025-11-08 01:00:00,1762563612.0,0.003
2025-11-08 02:00:00,1762567208.0,0.003
2025-11-08 03:00:00,1762570816.0,0.003
2025-11-08 04:00:00,1762574416.0,0.003
2025-11-08 05:00:00,1762578008.0,0.0025
2025-11-08 06:00:00,1762581617.0,0.0025
2025-11-08 07:00:00,1762585217.0,0.0025
2025-11-08 08:00:00,1762588814.0,0.0025
2025-11-08 09:00:00,1762592417.0,0.0025
2025-11-08 10:00:00,1762596016.0,0.0025
2025-11-08 11:00:00,1762599627.0,0.0025
2025-11-08 12:00:00,1762603232.0,0.0025
2025-11-08 13:00:00,1762606816.0,0.0025
2025-11-08 14:00:00,1762610415.0,0.0025
2025-11-08 15:00:00,1762614016.0,0.0025
2025-11-08 16:00:00,1762617616.0,0.0025
2025-11-08 17:00:00,1762621218.0,0.0025
2025-11-08 18:00:00,1762624817.0,0.0025
2025-11-08 19:00:00,1762628417.0,0.0025
2025-11-08 20:00:00,1762632015.0,0.0025
2025-11-08 21:00:00,1762635618.0,0.0025
2025-11-08 22:00:00,1762639217.0,0.0025
2025-11-08 23:00:00,1762642817.0,0.0025
2025-11-09 00:00:00,1762646428.0,0.0025
2025-11-09 01:00:00,1762650013.0,0.0025
2025-11-09 02:00:00,1762653615.0,0.0025
2025-11-09 03:00:00,1762657217.0,0.0025
2025-11-09 04:00:00,1762660827.0,0.0025
2025-11-09 05:00:00,1762664415.0,0.0025
2025-11-09 06:00:00,1762668017.0,0.0025
2025-11-09 07:00:00,1762671617.0,0.0025
2025-11-09 08:00:00,1762675215.0,0.0025
2025-11-09 09:00:00,1762678816.0,0.0025
2025-11-09 10:00:00,1762682415.0,0.0025
2025-11-09 11:00:00,1762686016.0,0.0015
2025-11-09 12:00:00,1762689618.0,0.0015
2025-11-09 13:00:00,1762693215.0,0.0025
2025-11-09 14:00:00,1762696815.0,0.0025
2025-11-09 15:00:00,1762700416.0,0.0025
2025-11-09 16:00:00,1762704015.0,0.0025
2025-11-09 17:00:00,1762707616.0,0.0025
2025-11-09 18:00:00,1762711216.0,0.0025
2025-11-09 19:00:00,1762714815.0,0.0025
2025-11-09 20:00:00,1762718415.0,0.0025
2025-11-09 21:00:00,1762722018.0,0.0025
2025-11-09 22:00:00,1762725616.0,0.0025
2025-11-09 23:00:00,1762729215.0,0.0025
2025-11-10 00:00:00,1762732811.0,0.0025
2025-11-10 01:00:00,1762736424.0,0.0025
2025-11-10 02:00:00,1762740013.0,0.0025
2025-11-10 03:00:00,1762743615.0,0.0025
2025-11-10 04:00:00,1762747216.0,0.0025
2025-11-10 05:00:00,1762750816.0,0.0025
2025-11-10 06:00:00,1762754417.0,0.0025
2025-11-10 07:00:00,1762758015.0,0.0025
2025-11-10 08:00:00,1762761614.0,0.0025
2025-11-10 09:00:00,1762765228.0,0.0025
2025-11-10 10:00:00,1762768817.0,0.0025
2025-11-10 11:00:00,1762772415.0,0.0025
2025-11-10 12:00:00,1762776018.0,0.0025
2025-11-10 13:00:00,1762779616.0,0.0025
2025-11-10 14:00:00,1762783216.0,0.0025
2025-11-10 15:00:00,1762786818.0,0.0025
2025-11-10 16:00:00,1762790418.0,0.0025
2025-11-10 17:00:00,1762794016.0,0.0025
2025-11-10 18:00:00,1762797618.0,0.0025
2025-11-10 19:00:00,1762801216.0,0.0025
2025-11-10 20:00:00,1762804816.0,0.0025
2025-11-10 21:00:00,1762808418.0,0.0025
2025-11-10 22:00:00,1762812016.0,0.0025
2025-11-10 23:00:00,1762815617.0,0.0025
2025-11-11 00:00:00,1762819217.0,0.0025
2025-11-11 01:00:00,1762822816.0,0.0025
2025-11-11 02:00:00,1762826418.0,0.0025
2025-11-11 03:00:00,1762830020.0,0.0025
2025-11-11 04:00:00,1762833620.0,0.0025
2025-11-11 05:00:00,1762837217.0,0.0025
2025-11-11 06:00:00,1762840825.0,0.0025
2025-11-11 07:00:00,1762844419.0,0.0025
2025-11-11 08:00:00,1762848030.0,0.0025
2025-11-11 09:00:00,1762851618.0,0.0025
2025-11-11 10:00:00,1762855218.0,0.0025
2025-11-11 11:00:00,1762858833.0,0.0025
2025-11-11 12:00:00,1762862434.0,0.0025
2025-11-11 13:00:00,1762866016.0,0.0025
2025-11-11 14:00:00,1762869618.0,0.0025
2025-11-11 15:00:00,1762873232.0,0.0025
2025-11-11 16:00:00,1762876817.0,0.0025
2025-11-11 17:00:00,1762880419.0,0.0025
2025-11-11 18:00:00,1762884018.0,0.0025
2025-11-11 19:00:00,1762887617.0,0.0025
2025-11-11 20:00:00,1762891218.0,0.0025
2025-11-11 21:00:00,1762894820.0,0.0015
2025-11-11 22:00:00,1762898417.0,0.0015
2025-11-11 23:00:00,1762902018.0,0.0015
2025-11-12 00:00:00,1762905615.0,0.0015
2025-11-12 01:00:00,1762909212.0,0.0015
2025-11-12 02:00:00,1762912814.0,0.0015
2025-11-12 03:00:00,1762916418.0,0.0015
2025-11-12 04:00:00,1762920018.0,0.0015
2025-11-12 05:00:00,1762923616.0,0.0015
2025-11-12 06:00:00,1762927219.0,0.0015
2025-11-12 07:00:00,1762930819.0,0.0015
2025-11-12 08:00:00,1762934416.0,0.0015
2025-11-12 09:00:00,1762938019.0,0.0015
2025-11-12 10:00:00,1762941616.0,0.0015
2025-11-12 11:00:00,1762945217.0,0.0015
2025-11-12 12:00:00,1762948820.0,0.0015
2025-11-12 13:00:00,1762952417.0,0.0015
2025-11-12 14:00:00,1762956018.0,0.0015
2025-11-12 15:00:00,1762959618.0,0.0015
2025-11-12 16:00:00,1762963218.0,0.0015
2025-11-12 17:00:00,1762966833.0,0.0015
2025-11-12 18:00:00,1762970419.0,0.0015
2025-11-12 19:00:00,1762974018.0,0.0015
2025-11-12 20:00:00,1762977617.0,0.0015
2025-11-12 21:00:00,1762981221.0,0.0015
2025-11-12 22:00:00,1762984818.0,0.0015
2025-11-12 23:00:00,1762988419.0,0.0015
2025-11-13 00:00:00,1762992015.0,0.0015
2025-11-13 01:00:00,1762995615.0,0.0015
2025-11-13 02:00:00,1762999209.0,0.0015
2025-11-13 03:00:00,1763002819.0,0.0015
2025-11-13 04:00:00,1763006419.0,0.0015
2025-11-13 05:00:00,1763010018.0,0.0015
2025-11-13 06:00:00,1763013620.0,0.0015
2025-11-13 07:00:00,1763017220.0,0.0015
2025-11-13 08:00:00,1763020817.0,0.0015
2025-11-13 09:00:00,1763024421.0,0.0015
2025-11-13 10:00:00,1763028016.0,0.0015
2025-11-13 11:00:00,1763031618.0,0.0015
2025-11-13 12:00:00,1763035222.0,0.0015
2025-11-13 13:00:00,1763038818.0,0.0015
2025-11-13 14:00:00,1763042419.0,0.0015
2025-11-13 15:00:00,1763046019.0,0.0015
2025-11-13 16:00:00,1763049620.0,0.0015
2025-11-13 17:00:00,1763053223.0,0.0015
2025-11-13 18:00:00,1763056821.0,0.0015
2025-11-13 19:00:00,1763060434.0,0.0015
2025-11-13 20:00:00,1763064019.0,0.0015
2025-11-13 21:00:00,1763067621.0,0.0015
2025-11-13 22:00:00,1763071219.0,0.0015
2025-11-13 23:00:00,1763074819.0,0.0015
2025-11-14 00:00:00,1763078415.0,0.0015
2025-11-14 01:00:00,1763082013.0,0.0015
2025-11-14 02:00:00,1763085616.0,0.0015
2025-11-14 03:00:00,1763089218.0,0.0015
2025-11-14 04:00:00,1763092819.0,0.0015
2025-11-14 05:00:00,1763096417.0,0.0015
2025-11-14 06:00:00,1763100020.0,0.0015
2025-11-14 07:00:00,1763103620.0,0.0015
2025-11-14 08:00:00,1763107217.0,0.0015
2025-11-14 09:00:00,1763110820.0,0.0015
2025-11-14 10:00:00,1763114418.0,0.0015
2025-11-14 11:00:00,1763118019.0,0.0015
2025-11-14 12:00:00,1763121622.0,0.0015
2025-11-14 13:00:00,1763125231.0,0.0015
2025-11-14 14:00:00,1763128820.0,0.0015
2025-11-14 15:00:00,1763132418.0,0.0015
2025-11-14 16:00:00,1763136018.0,0.0015
2025-11-14 17:00:00,1763139621.0,0.0015
2025-11-14 18:00:00,1763143221.0,0.0015
2025-11-14 19:00:00,1763146821.0,0.0015
2025-11-14 20:00:00,1763150419.0,0.0015
2025-11-14 21:00:00,1763154034.0,0.0015
2025-11-14 22:00:00,1763157620.0,0.0015
2025-11-14 23:00:00,1763161218.0,0.0015
2025-11-15 00:00:00,1763164817.0,0.0015
2025-11-15 01:00:00,1763168415.0,0.0015
2025-11-15 02:00:00,1763172018.0,0.0015
2025-11-15 03:00:00,1763175621.0,0.0015
2025-11-15 04:00:00,1763179219.0,0.0015
2025-11-15 05:00:00,1763182819.0,0.0015
2025-11-15 06:00:00,1763186420.0,0.0015
2025-11-15 07:00:00,1763190020.0,0.0015
2025-11-15 08:00:00,1763193618.0,0.0015
2025-11-15 09:00:00,1763197220.0,0.0015
2025-11-15 10:00:00,1763200819.0,0.0015
2025-11-15 11:00:00,1763204419.0,0.0015
2025-11-15 12:00:00,1763208023.0,0.0015
2025-11-15 13:00:00,1763211618.0,0.0015
2025-11-15 14:00:00,1763215219.0,0.0015
2025-11-15 15:00:00,1763218820.0,0.0015
2025-11-15 16:00:00,1763222418.0,0.0015
2025-11-15 17:00:00,1763226021.0,0.0015
2025-11-15 18:00:00,1763229620.0,0.0015
2025-11-15 19:00:00,1763233221.0,0.0015
2025-11-15 20:00:00,1763236820.0,0.0015
2025-11-15 21:00:00,1763240421.0,0.0015
2025-11-15 22:00:00,1763244019.0,0.0015
2025-11-15 23:00:00,1763247619.0,0.0015
2025-11-16 00:00:00,1763251212.0,0.0015
2025-11-16 01:00:00,1763254823.0,0.0015
2025-11-16 02:00:00,1763258414.0,0.0015
2025-11-16 03:00:00,1763262017.0,0.0015
2025-11-16 04:00:00,1763265616.0,0.0015
2025-11-16 05:00:00,1763269216.0,0.0015
2025-11-16 06:00:00,1763272817.0,0.0015
2025-11-16 07:00:00,1763276417.0,0.0015
2025-11-16 08:00:00,1763280016.0,0.0015
2025-11-16 09:00:00,1763283618.0,0.0015
2025-11-16 10:00:00,1763287217.0,0.0015
2025-11-16 11:00:00,1763290817.0,0.0015
2025-11-16 12:00:00,1763294421.0,0.0015
2025-11-16 13:00:00,1763298017.0,0.0015
2025-11-16 14:00:00,1763301617.0,0.0015
2025-11-16 15:00:00,1763305218.0,0.0015
2025-11-16 16:00:00,1763308817.0,0.0015
2025-11-16 17:00:00,1763312419.0,0.0015
2025-11-16 18:00:00,1763316022.0,0.0015
2025-11-16 19:00:00,1763319618.0,0.0015
2025-11-16 20:00:00,1763323218.0,0.0015
2025-11-16 21:00:00,1763326820.0,0.0015
2025-11-16 22:00:00,1763330417.0,0.0015
2025-11-16 23:00:00,1763334017.0,0.0015
2025-11-17 00:00:00,1763337615.0,0.0015
2025-11-17 01:00:00,1763341214.0,0.0015
2025-11-17 02:00:00,1763344815.0,0.0015
2025-11-17 03:00:00,1763348417.0,0.0015
2025-11-17 04:00:00,1763352016.0,0.0015
2025-11-17 05:00:00,1763355617.0,0.0015
2025-11-17 06:00:00,1763359218.0,0.0015
2025-11-17 07:00:00,1763362818.0,0.0025
2025-11-17 08:00:00,1763366431.0,0.0025
2025-11-17 09:00:00,1763370036.0,0.0025
2025-11-17 10:00:00,1763373621.0,0.0065
2025-11-17 11:00:00,1763377217.0,0.0065
2025-11-17 12:00:00,1763380819.0,0.0065
2025-11-17 13:00:00,1763384417.0,0.0065
2025-11-17 14:00:00,1763388016.0,0.0065
2025-11-17 15:00:00,1763391634.0,0.006
2025-11-17 16:00:00,1763395216.0,0.006
2025-11-17 17:00:00,1763398819.0,0.0055
2025-11-17 18:00:00,1763402419.0,0.0045
2025-11-17 19:00:00,1763406018.0,0.0045
2025-11-17 20:00:00,1763409618.0,0.0045
2025-11-17 21:00:00,1763413220.0,0.0045
2025-11-17 22:00:00,1763416821.0,0.005
2025-11-17 23:00:00,1763420420.0,0.005
2025-11-18 00:00:00,1763424013.0,0.005
2025-11-18 01:00:00,1763427612.0,0.005
2025-11-18 02:00:00,1763431214.0,0.005
2025-11-18 03:00:00,1763434817.0,0.005
2025-11-18 04:00:00,1763438417.0,0.0055
2025-11-18 05:00:00,1763442017.0,0.006
2025-11-18 06:00:00,1763445619.0,0.006
2025-11-18 07:00:00,1763449218.0,0.006
2025-11-18 08:00:00,1763452816.0,0.006
2025-11-18 09:00:00,1763456419.0,0.006
2025-11-18 10:00:00,1763460017.0,0.0055
2025-11-18 11:00:00,1763463615.0,0.0055
2025-11-18 12:00:00,1763467221.0,0.0055
2025-11-18 13:00:00,1763470820.0,0.0055
2025-11-18 14:00:00,1763474418.0,0.0055
2025-11-18 15:00:00,1763478019.0,0.0055
2025-11-18 16:00:00,1763481619.0,0.0055
2025-11-18 17:00:00,1763485219.0,0.0055
2025-11-18 18:00:00,1763488819.0,0.0055
2025-11-18 19:00:00,1763492420.0,0.0055
2025-11-18 20:00:00,1763496018.0,0.006
2025-11-18 21:00:00,1763499622.0,0.005
2025-11-18 22:00:00,1763503219.0,0.005
2025-11-18 23:00:00,1763506834.0,0.0025
2025-11-19 00:00:00,1763510418.0,0.0025
2025-11-19 01:00:00,1763514018.0,0.0025
2025-11-19 02:00:00,1763517619.0,0.0025
2025-11-19 03:00:00,1763521220.0,0.0025
2025-11-19 04:00:00,1763524820.0,0.0025
2025-11-19 05:00:00,1763528419.0,0.0025
2025-11-19 06:00:00,1763532022.0,0.0025
2025-11-19 07:00:00,1763535620.0,0.0025
2025-11-19 08:00:00,1763539219.0,0.004
2025-11-19 09:00:00,1763542821.0,0.0035
2025-11-19 10:00:00,1763546419.0,0.0035
2025-11-19 11:00:00,1763550020.0,0.0035
2025-11-19 12:00:00,1763553624.0,0.0035
2025-11-19 13:00:00,1763557217.0,0.0035
2025-11-19 14:00:00,1763560831.0,0.0035
2025-11-19 15:00:00,1763564420.0,0.0035
2025-11-19 16:00:00,1763568031.0,0.0035
2025-11-19 17:00:00,1763571621.0,0.0035
2025-11-19 18:00:00,1763575228.0,0.0035
2025-11-19 19:00:00,1763578820.0,0.0035
2025-11-19 20:00:00,1763582419.0,0.0035
2025-11-19 21:00:00,1763586021.0,0.0035
2025-11-19 22:00:00,1763589619.0,0.0035
2025-11-19 23:00:00,1763593234.0,0.0035
2025-11-20 00:00:00,1763596812.0,0.003
2025-11-20 01:00:00,1763600413.0,0.003
2025-11-20 02:00:00,1763604016.0,0.003
2025-11-20 03:00:00,1763607618.0,0.003
2025-11-20 04:00:00,1763611219.0,0.003
2025-11-20 05:00:00,1763614817.0,0.003
2025-11-20 06:00:00,1763618420.0,0.003
2025-11-20 07:00:00,1763622027.0,0.003
2025-11-20 08:00:00,1763625618.0,0.003
2025-11-20 09:00:00,1763629221.0,0.0025
2025-11-20 10:00:00,1763632817.0,0.0025
2025-11-20 11:00:00,1763636419.0,0.0025
2025-11-20 12:00:00,1763640013.0,0.0025
2025-11-20 13:00:00,1763643610.0,0.0025
2025-11-20 14:00:00,1763647210.0,0.002
2025-11-20 15:00:00,1763650811.0,0.002
2025-11-20 16:00:00,1763654410.0,0.002
2025-11-20 17:00:00,1763658014.0,0.002
2025-11-20 18:00:00,1763661613.0,0.002
2025-11-20 19:00:00,1763665210.0,0.002
2025-11-20 20:00:00,1763668812.0,0.002
2025-11-20 21:00:00,1763672415.0,0.002
2025-11-20 22:00:00,1763676025.0,0.002
2025-11-20 23:00:00,1763679612.0,0.002
2025-11-21 00:00:00,1763683219.0,0.002
2025-11-21 01:00:00,1763686810.0,0.002
2025-11-21 02:00:00,1763690410.0,0.002
2025-11-21 03:00:00,1763694012.0,0.002
2025-11-21 04:00:00,1763697624.0,0.002
2025-11-21 05:00:00,1763701216.0,0.002
2025-11-21 06:00:00,1763704812.0,0.002
2025-11-21 07:00:00,1763708411.0,0.002
2025-11-21 08:00:00,1763712010.0,0.002
2025-11-21 09:00:00,1763715611.0,0.002
2025-11-21 10:00:00,1763719210.0,0.002
2025-11-21 11:00:00,1763722812.0,0.002
2025-11-21 12:00:00,1763726413.0,0.002
2025-11-21 13:00:00,1763730024.0,0.002
2025-11-21 14:00:00,1763733612.0,0.002
2025-11-21 15:00:00,1763737212.0,0.002
2025-11-21 16:00:00,1763740812.0,0.002
2025-11-21 17:00:00,1763744423.0,0.002
2025-11-21 18:00:00,1763748012.0,0.002
2025-11-21 19:00:00,1763751611.0,0.002
2025-11-21 20:00:00,1763755212.0,0.002
2025-11-21 21:00:00,1763758812.0,0.002
2025-11-21 22:00:00,1763762411.0,0.002
2025-11-21 23:00:00,1763766017.0,0.002
2025-11-22 00:00:00,1763769613.0,0.002
2025-11-22 01:00:00,1763773211.0,0.002
2025-11-22 02:00:00,1763776810.0,0.002
2025-11-22 03:00:00,1763780412.0,0.002
2025-11-22 04:00:00,1763784026.0,0.002
2025-11-22 05:00:00,1763787617.0,0.002
2025-11-22 06:00:00,1763791221.0,0.002
2025-11-22 07:00:00,1763794810.0,0.002
2025-11-22 08:00:00,1763798410.0,0.002
2025-11-22 09:00:00,1763802013.0,0.002
2025-11-22 10:00:00,1763805611.0,0.002
2025-11-22 11:00:00,1763809212.0,0.002
2025-11-22 12:00:00,1763812813.0,0.002
2025-11-22 13:00:00,1763816423.0,0.002
2025-11-22 14:00:00,1763820011.0,0.002
2025-11-22 15:00:00,1763823611.0,0.002
2025-11-22 16:00:00,1763827211.0,0.002
2025-11-22 17:00:00,1763830822.0,0.0015
2025-11-22 18:00:00,1763834411.0,0.0015
2025-11-22 19:00:00,1763838010.0,0.0015
2025-11-22 20:00:00,1763841611.0,0.0015
2025-11-22 21:00:00,1763845212.0,0.0015
2025-11-22 22:00:00,1763848809.0,0.0015
2025-11-22 23:00:00,1763852410.0,0.0015
2025-11-23 00:00:00,1763856014.0,0.0015
2025-11-23 01:00:00,1763859623.0,0.0015
2025-11-23 02:00:00,1763863210.0,0.0015
2025-11-23 03:00:00,1763866814.0,0.0015
2025-11-23 04:00:00,1763870410.0,0.0015
2025-11-23 05:00:00,1763874009.0,0.0015
2025-11-23 06:00:00,1763877619.0,0.0015
2025-11-23 07:00:00,1763881209.0,0.0015
2025-11-23 08:00:00,1763884810.0,0.0015
2025-11-23 09:00:00,1763888411.0,0.0015
2025-11-23 10:00:00,1763892010.0,0.0015
2025-11-23 11:00:00,1763895611.0,0.0015
2025-11-23 12:00:00,1763899213.0,0.0015
2025-11-23 13:00:00,1763902810.0,0.0015
2025-11-23 14:00:00,1763906411.0,0.0015
2025-11-23 15:00:00,1763910011.0,0.0015
2025-11-23 16:00:00,1763913610.0,0.0015
2025-11-23 17:00:00,1763917226.0,0.0015
2025-11-23 18:00:00,1763920813.0,0.0015
2025-11-23 19:00:00,1763924410.0,0.0015
2025-11-23 20:00:00,1763928010.0,0.0015
2025-11-23 21:00:00,1763931628.0,0.0015
2025-11-23 22:00:00,1763935210.0,0.0015
2025-11-23 23:00:00,1763938810.0,0.0015
2025-11-24 00:00:00,1763942413.0,0.0015
2025-11-24 01:00:00,1763946008.0,0.0015
2025-11-24 02:00:00,1763949608.0,0.0015
2025-11-24 03:00:00,1763953209.0,0.0015
2025-11-24 04:00:00,1763956808.0,0.0015
2025-11-24 05:00:00,1763960408.0,0.0015
2025-11-24 06:00:00,1763964016.0,0.0015
2025-11-24 07:00:00,1763967608.0,0.0015
2025-11-24 08:00:00,1763971208.0,0.0015
2025-11-24 09:00:00,1763974808.0,0.0015
2025-11-24 10:00:00,1763978408.0,0.0015
2025-11-24 11:00:00,1763982008.0,0.0015
2025-11-24 12:00:00,1763985609.0,0.0015
2025-11-24 13:00:00,1763989208.0,0.0015
2025-11-24 14:00:00,1763992810.0,0.0015
2025-11-24 15:00:00,1763996409.0,0.0015
2025-11-24 16:00:00,1764000008.0,0.0015
2025-11-24 17:00:00,1764003613.0,0.0015
2025-11-24 18:00:00,1764007210.0,0.0015
2025-11-24 19:00:00,1764010809.0,0.0015
2025-11-24 20:00:00,1764014410.0,0.0015
2025-11-24 21:00:00,1764018020.0,0.0015
2025-11-24 22:00:00,1764021618.0,0.0015
2025-11-24 23:00:00,1764025219.0,0.0015
2025-11-25 00:00:00,1764028816.0,0.0015
2025-11-25 01:00:00,1764032416.0,0.0015
2025-11-25 02:00:00,1764036017.0,0.0015
2025-11-25 03:00:00,1764039618.0,0.0015
2025-11-25 04:00:00,1764043219.0,0.0015
2025-11-25 05:00:00,1764046819.0,0.0015
2025-11-25 06:00:00,1764050419.0,0.0015
2025-11-25 07:00:00,1764054019.0,0.0015
2025-11-25 08:00:00,1764057618.0,0.0015
2025-11-25 09:00:00,1764061220.0,0.001
2025-11-25 10:00:00,1764064819.0,0.001
2025-11-25 11:00:00,1764068419.0,0.001
2025-11-25 12:00:00,1764072021.0,0.001
2025-11-25 13:00:00,1764075618.0,0.001
2025-11-25 14:00:00,1764079220.0,0.001
2025-11-25 15:00:00,1764082819.0,0.001
2025-11-25 16:00:00,1764086419.0,0.001
2025-11-25 17:00:00,1764090021.0,0.001
2025-11-25 18:00:00,1764093620.0,0.0005
2025-11-25 19:00:00,1764097220.0,0.0005
2025-11-25 20:00:00,1764100820.0,0.0005
2025-11-25 21:00:00,1764104422.0,0.0005
2025-11-25 22:00:00,1764108020.0,0.0005
2025-11-25 23:00:00,1764111620.0,0.0005
2025-11-26 00:00:00,1764115214.0,0.0005
2025-11-26 01:00:00,1764118814.0,0.0005
2025-11-26 02:00:00,1764122416.0,0.0005
2025-11-26 03:00:00,1764126019.0,0.0005
2025-11-26 04:00:00,1764129620.0,0.0005
2025-11-26 05:00:00,1764133219.0,0.0005
2025-11-26 06:00:00,1764136832.0,0.0005
2025-11-26 07:00:00,1764140420.0,0.0005
2025-11-26 08:00:00,1764144022.0,0.0005
2025-11-26 09:00:00,1764147620.0,0.0005
2025-11-26 10:00:00,1764151219.0,0.0005
2025-11-26 11:00:00,1764154819.0,0.0005
2025-11-26 12:00:00,1764158436.0,0.0005
2025-11-26 13:00:00,1764162019.0,0.0005
2025-11-26 14:00:00,1764165621.0,0.0005
2025-11-26 15:00:00,1764169219.0,0.0005
2025-11-26 16:00:00,1764172821.0,0.0005
2025-11-26 17:00:00,1764176423.0,0.0005
2025-11-26 18:00:00,1764180021.0,0.0005
2025-11-26 19:00:00,1764183622.0,0.0005
2025-11-26 20:00:00,1764187220.0,0.0005
2025-11-26 21:00:00,1764190823.0,0.0005
2025-11-26 22:00:00,1764194420.0,0.0005
2025-11-26 23:00:00,1764198021.0,0.0005
2025-11-27 00:00:00,1764201617.0,0.0005
2025-11-27 01:00:00,1764205228.0,0.0005
2025-11-27 02:00:00,1764208819.0,0.0005
2025-11-27 03:00:00,1764212420.0,0.0005
2025-11-27 04:00:00,1764216021.0,0.0005
2025-11-27 05:00:00,1764219621.0,0.0005
2025-11-27 06:00:00,1764223222.0,0.0005
2025-11-27 07:00:00,1764226822.0,0.0005
2025-11-27 08:00:00,1764230420.0,0.0005
2025-11-27 09:00:00,1764234022.0,0.0005
2025-11-27 10:00:00,1764237621.0,0.0005
2025-11-27 11:00:00,1764241221.0,0.0005
2025-11-27 12:00:00,1764244826.0,0.0005
2025-11-27 13:00:00,1764248419.0,0.0005
2025-11-27 14:00:00,1764252021.0,0.0005
2025-11-27 15:00:00,1764255620.0,0.0005
2025-11-27 16:00:00,1764259221.0,0.0005
2025-11-27 17:00:00,1764262824.0,0.0005
2025-11-27 18:00:00,1764266421.0,0.0005
2025-11-27 19:00:00,1764270022.0,0.0005
2025-11-27 20:00:00,1764273621.0,0.0005
2025-11-27 21:00:00,1764277223.0,0.0005
2025-11-27 22:00:00,1764280822.0,0.0005
2025-11-27 23:00:00,1764284423.0,0.0005
2025-11-28 00:00:00,1764288016.0,0.0005
2025-11-28 01:00:00,1764291616.0,0.0005
2025-11-28 02:00:00,1764295218.0,0.0005
2025-11-28 03:00:00,1764298820.0,0.0005
2025-11-28 04:00:00,1764302420.0,0.0005
2025-11-28 05:00:00,1764306019.0,0.0005
2025-11-28 06:00:00,1764309621.0,0.0005
2025-11-28 07:00:00,1764313222.0,0.0005
2025-11-28 08:00:00,1764316820.0,0.0005
2025-11-28 09:00:00,1764320422.0,0.0005
2025-11-28 10:00:00,1764324020.0,0.0005
2025-11-28 11:00:00,1764327620.0,0.0005
2025-11-28 12:00:00,1764331225.0,0.0005
2025-11-28 13:00:00,1764334820.0,0.0005
2025-11-28 14:00:00,1764338422.0,0.0005
2025-11-28 15:00:00,1764342021.0,0.0005
2025-11-28 16:00:00,1764345635.0,0.0005
2025-11-28 17:00:00,1764349226.0,0.0005
2025-11-28 18:00:00,1764352822.0,0.0005
2025-11-28 19:00:00,1764356424.0,0.0005
2025-11-28 20:00:00,1764360021.0,0.0005
2025-11-28 21:00:00,1764363626.0,0.0005
2025-11-28 22:00:00,1764367224.0,0.0005
2025-11-28 23:00:00,1764370821.0,0.0005
2025-11-29 00:00:00,1764374422.0,0.0005
2025-11-29 01:00:00,1764378019.0,0.0005
2025-11-29 02:00:00,1764381621.0,0.0005
2025-11-29 03:00:00,1764385212.0,0.0005
2025-11-29 04:00:00,1764388821.0,0.0005
2025-11-29 05:00:00,1764392421.0,0.0005
2025-11-29 06:00:00,1764396022.0,0.0005
2025-11-29 07:00:00,1764399623.0,0.0005
2025-11-29 08:00:00,1764403221.0,0.0005
2025-11-29 09:00:00,1764406824.0,0.0005
2025-11-29 10:00:00,1764410436.0,0.0005
2025-11-29 11:00:00,1764414022.0,0.0005
2025-11-29 12:00:00,1764417626.0,0.0005
2025-11-29 13:00:00,1764421220.0,0.0005
2025-11-29 14:00:00,1764424822.0,0.0005
2025-11-29 15:00:00,1764428422.0,0.0005
2025-11-29 16:00:00,1764432022.0,0.0005
2025-11-29 17:00:00,1764435624.0,0.0005
2025-11-29 18:00:00,1764439222.0,0.0005
2025-11-29 19:00:00,1764442823.0,0.0005
2025-11-29 20:00:00,1764446421.0,0.0005
2025-11-29 21:00:00,1764450025.0,0.0005
2025-11-29 22:00:00,1764453612.0,0.0005
2025-11-29 23:00:00,1764457221.0,0.0005
2025-11-30 00:00:00,1764460816.0,0.0005
2025-11-30 01:00:00,1764464417.0,0.0005
2025-11-30 02:00:00,1764468018.0,0.0005
2025-11-30 03:00:00,1764471620.0,0.0005
2025-11-30 04:00:00,1764475220.0,0.0005
2025-11-30 05:00:00,1764478818.0,0.0005
2025-11-30 06:00:00,1764482419.0,0.0005
2025-11-30 07:00:00,1764486022.0,0.0005
2025-11-30 08:00:00,1764489611.0,0.0005
2025-11-30 09:00:00,1764493223.0,0.0005
2025-11-30 10:00:00,1764496835.0,0.0005
2025-11-30 11:00:00,1764500420.0,0.0005
2025-11-30 12:00:00,1764504050.0,0.0005
2025-11-30 13:00:00,1764507610.0,0.0005
2025-11-30 14:00:00,1764511220.0,0.0005
2025-11-30 15:00:00,1764514832.0,0.0005
2025-11-30 16:00:00,1764518433.0,0.0005
2025-11-30 17:00:00,1764522022.0,0.0005
2025-11-30 18:00:00,1764525621.0,0.0005
2025-11-30 19:00:00,1764529222.0,0.0005
2025-11-30 20:00:00,1764532822.0,0.0005
2025-11-30 21:00:00,1764536422.0,0.0005
2025-11-30 22:00:00,1764540021.0,0.0005
2025-11-30 23:00:00,1764543626.0,0.0005
2025-12-01 00:00:00,1764547218.0,0.0005
2025-12-01 01:00:00,1764550818.0,0.0005
2025-12-01 02:00:00,1764554418.0,0.0005
2025-12-01 03:00:00,1764558031.0,0.0005
2025-12-01 04:00:00,1764561619.0,0.0005
2025-12-01 05:00:00,1764565221.0,0.0005
2025-12-01 06:00:00,1764568819.0,0.0005
2025-12-01 07:00:00,1764572419.0,0.0005
2025-12-01 08:00:00,1764576018.0,0.0005
2025-12-01 09:00:00,1764579633.0,0.0005
2025-12-01 10:00:00,1764583233.0,0.0005
2025-12-01 11:00:00,1764586819.0,0.0005
2025-12-01 12:00:00,1764590433.0,0.0005
2025-12-01 13:00:00,1764594019.0,0.0005
2025-12-01 14:00:00,1764597619.0,0.0005
2025-12-01 15:00:00,1764601232.0,0.0005
2025-12-01 16:00:00,1764604830.0,0.0005
2025-12-01 17:00:00,1764608421.0,0.0005
2025-12-01 18:00:00,1764612032.0,0.0005
2025-12-01 19:00:00,1764615620.0,0.0005
2025-12-01 20:00:00,1764619220.0,0.0005
2025-12-01 21:00:00,1764622821.0,0.0005
2025-12-01 22:00:00,1764626420.0,0.0005
2025-12-01 23:00:00,1764630020.0,0.0005
2025-12-02 00:00:00,1764633613.0,0.0005
2025-12-02 01:00:00,1764637213.0,0.0005
2025-12-02 02:00:00,1764640815.0,0.0005
2025-12-02 03:00:00,1764644417.0,0.0005
2025-12-02 04:00:00,1764648018.0,0.0005
2025-12-02 05:00:00,1764651616.0,0.0005
2025-12-02 06:00:00,1764655219.0,0.0005
2025-12-02 07:00:00,1764658819.0,0.0005
2025-12-02 08:00:00,1764662417.0,0.0005
2025-12-02 09:00:00,1764666019.0,0.0005
2025-12-02 10:00:00,1764669618.0,0.0005
2025-12-02 11:00:00,1764673219.0,0.0005
2025-12-02 12:00:00,1764676822.0,0.0005
2025-12-02 13:00:00,1764680417.0,0.0005
2025-12-02 14:00:00,1764684019.0,0.0005
2025-12-02 15:00:00,1764687618.0,0.0005
2025-12-02 16:00:00,1764691209.0,0.0005
2025-12-02 17:00:00,1764694821.0,0.0005
2025-12-02 18:00:00,1764698420.0,0.0005
2025-12-02 19:00:00,1764702021.0,0.0005
2025-12-02 20:00:00,1764705619.0,0.0005
2025-12-02 21:00:00,1764709221.0,0.0005
2025-12-02 22:00:00,1764712819.0,0.0005
2025-12-02 23:00:00,1764716419.0,0.0005
2025-12-03 00:00:00,1764720019.0,0.0005
2025-12-03 01:00:00,1764723616.0,0.0005
2025-12-03 02:00:00,1764727218.0,0.0005
2025-12-03 03:00:00,1764730820.0,0.0005
2025-12-03 04:00:00,1764734420.0,0.0005
2025-12-03 05:00:00,1764738020.0,0.0005
2025-12-03 06:00:00,1764741621.0,0.0005
2025-12-03 07:00:00,1764745221.0,0.0005
2025-12-03 08:00:00,1764748819.0,0.0005
2025-12-03 09:00:00,1764752422.0,0.0005
2025-12-03 10:00:00,1764756020.0,0.0005
2025-12-03 11:00:00,1764759622.0,0.0005
2025-12-03 12:00:00,1764763226.0,0.001
2025-12-03 13:00:00,1764766819.0,0.0005
2025-12-03 14:00:00,1764770421.0,0.0005
2025-12-03 15:00:00,1764774011.0,0.0005
2025-12-03 16:00:00,1764777621.0,0.0005
2025-12-03 17:00:00,1764781223.0,0.0005
2025-12-03 18:00:00,1764784821.0,0.0005
2025-12-03 19:00:00,1764788421.0,0.0005
2025-12-03 20:00:00,1764792021.0,0.0005
2025-12-03 21:00:00,1764795623.0,0.0005
2025-12-03 22:00:00,1764799220.0,0.0005
2025-12-03 23:00:00,1764802820.0,0.0005
2025-12-04 00:00:00,1764806414.0,0.0005
2025-12-04 01:00:00,1764810013.0,0.0005
2025-12-04 02:00:00,1764813616.0,0.0005
2025-12-04 03:00:00,1764817218.0,0.0005
2025-12-04 04:00:00,1764820821.0,0.0005
2025-12-04 05:00:00,1764824419.0,0.0005
2025-12-04 06:00:00,1764828020.0,0.0005
2025-12-04 07:00:00,1764831620.0,0.0005
2025-12-04 08:00:00,1764835217.0,0.0005
2025-12-04 09:00:00,1764838826.0,0.0005
2025-12-04 10:00:00,1764842419.0,0.0005
2025-12-04 11:00:00,1764846019.0,0.0005
2025-12-04 12:00:00,1764849626.0,0.0005
2025-12-04 13:00:00,1764853218.0,0.0005
2025-12-04 14:00:00,1764856819.0,0.0005
2025-12-04 15:00:00,1764860419.0,0.0005
2025-12-04 16:00:00,1764864010.0,0.0005
2025-12-04 17:00:00,1764867614.0,0.0005
2025-12-04 18:00:00,1764871213.0,0.001
2025-12-04 19:00:00,1764874810.0,0.0005
2025-12-04 20:00:00,1764878411.0,0.0005
2025-12-04 21:00:00,1764882011.0,0.0005
2025-12-04 22:00:00,1764885610.0,0.0005
2025-12-04 23:00:00,1764889211.0,0.0005
2025-12-05 00:00:00,1764892815.0,0.0005
2025-12-05 01:00:00,1764896410.0,0.0005
2025-12-05 02:00:00,1764900011.0,0.0005
2025-12-05 03:00:00,1764903613.0,0.0005
2025-12-05 04:00:00,1764907211.0,0.0005
2025-12-05 05:00:00,1764910811.0,0.0005
2025-12-05 06:00:00,1764914412.0,0.0005
2025-12-05 07:00:00,1764918011.0,0.0005
2025-12-05 08:00:00,1764921611.0,0.0015
2025-12-05 09:00:00,1764925213.0,0.0015
2025-12-05 10:00:00,1764928811.0,0.003
2025-12-05 11:00:00,1764932410.0,0.003
2025-12-05 12:00:00,1764936016.0,0.0015
2025-12-05 13:00:00,1764939611.0,0.002
2025-12-05 14:00:00,1764943211.0,0.002
2025-12-05 15:00:00,1764946813.0,0.0015
2025-12-05 16:00:00,1764950411.0,0.0015
2025-12-05 17:00:00,1764954013.0,0.0015
2025-12-05 18:00:00,1764957612.0,0.0015
2025-12-05 19:00:00,1764961215.0,0.0015
2025-12-05 20:00:00,1764964812.0,0.0015
2025-12-05 21:00:00,1764968414.0,0.0015
2025-12-05 22:00:00,1764972011.0,0.001
2025-12-05 23:00:00,1764975611.0,0.001
2025-12-06 00:00:00,1764979216.0,0.001
2025-12-06 01:00:00,1764982812.0,0.001
2025-12-06 02:00:00,1764986412.0,0.001
2025-12-06 03:00:00,1764990013.0,0.001
2025-12-06 04:00:00,1764993612.0,0.001
2025-12-06 05:00:00,1764997212.0,0.001
2025-12-06 06:00:00,1765000813.0,0.001
2025-12-06 07:00:00,1765004423.0,0.001
2025-12-06 08:00:00,1765008012.0,0.001
2025-12-06 09:00:00,1765011616.0,0.001
2025-12-06 10:00:00,1765015213.0,0.001
2025-12-06 11:00:00,1765018812.0,0.001
2025-12-06 12:00:00,1765022417.0,0.001
2025-12-06 13:00:00,1765026012.0,0.001
2025-12-06 14:00:00,1765029611.0,0.001
2025-12-06 15:00:00,1765033214.0,0.001
2025-12-06 16:00:00,1765036812.0,0.0005
2025-12-06 17:00:00,1765040418.0,0.0005
2025-12-06 18:00:00,1765044014.0,0.0005
2025-12-06 19:00:00,1765047614.0,0.0005
2025-12-06 20:00:00,1765051213.0,0.0005
2025-12-06 21:00:00,1765054814.0,0.0005
2025-12-06 22:00:00,1765058411.0,0.0005
2025-12-06 23:00:00,1765062011.0,0.0005
2025-12-07 00:00:00,1765065628.0,0.0005
2025-12-07 01:00:00,1765069213.0,0.0005
2025-12-07 02:00:00,1765072811.0,0.0005
2025-12-07 03:00:00,1765076415.0,0.0005
2025-12-07 04:00:00,1765080011.0,0.0005
2025-12-07 05:00:00,1765083611.0,0.0005
2025-12-07 06:00:00,1765087222.0,0.0005
2025-12-07 07:00:00,1765090811.0,0.0005
2025-12-07 08:00:00,1765094411.0,0.0005
2025-12-07 09:00:00,1765098012.0,0.0005
2025-12-07 10:00:00,1765101611.0,0.0005
2025-12-07 11:00:00,1765105211.0,0.0005
2025-12-07 12:00:00,1765108818.0,0.0005
2025-12-07 13:00:00,1765112411.0,0.0005
2025-12-07 14:00:00,1765116011.0,0.0005
2025-12-07 15:00:00,1765119613.0,0.0005
2025-12-07 16:00:00,1765123211.0,0.0005
2025-12-07 17:00:00,1765126815.0,0.0005
2025-12-07 18:00:00,1765130422.0,0.0005
2025-12-07 19:00:00,1765134012.0,0.0005
2025-12-07 20:00:00,1765137626.0,0.0005
2025-12-07 21:00:00,1765141214.0,0.0005
2025-12-07 22:00:00,1765144811.0,0.0005
2025-12-07 23:00:00,1765148411.0,0.0005
2025-12-08 00:00:00,1765152028.0,0.0005
2025-12-08 01:00:00,1765155624.0,0.0005
2025-12-08 02:00:00,1765159210.0,0.0005
2025-12-08 03:00:00,1765162811.0,0.0005
2025-12-08 04:00:00,1765166410.0,0.0005
2025-12-08 05:00:00,1765170009.0,0.0005
2025-12-08 06:00:00,1765173612.0,0.0005
2025-12-08 07:00:00,1765177210.0,0.0005
2025-12-08 08:00:00,1765180811.0,0.0005
2025-12-08 09:00:00,1765184412.0,0.0005
2025-12-08 10:00:00,1765188009.0,0.0005
2025-12-08 11:00:00,1765191610.0,0.0005
2025-12-08 12:00:00,1765195228.0,0.0005
2025-12-08 13:00:00,1765198812.0,0.0005
2025-12-08 14:00:00,1765202410.0,0.0005
2025-12-08 15:00:00,1765206011.0,0.0005
2025-12-08 16:00:00,1765209624.0,0.0005
2025-12-08 17:00:00,1765213212.0,0.0005
2025-12-08 18:00:00,1765216811.0,0.0005
2025-12-08 19:00:00,1765220410.0,0.0005
2025-12-08 20:00:00,1765224012.0,0.0005
2025-12-08 21:00:00,1765227626.0,0.001
2025-12-08 22:00:00,1765231210.0,0.0005
2025-12-08 23:00:00,1765234812.0,0.0005
2025-12-09 00:00:00,1765238425.0,0.0005
2025-12-09 01:00:00,1765242017.0,0.0005
2025-12-09 02:00:00,1765245613.0,0.0005
2025-12-09 03:00:00,1765249212.0,0.0005
2025-12-09 04:00:00,1765252811.0,0.0005
2025-12-09 05:00:00,1765256411.0,0.0005
2025-12-09 06:00:00,1765260014.0,0.0005
2025-12-09 07:00:00,1765263618.0,0.0005
2025-12-09 08:00:00,1765267214.0,0.0005
2025-12-09 09:00:00,1765270814.0,0.0005
2025-12-09 10:00:00,1765274411.0,0.0005
2025-12-09 11:00:00,1765278013.0,0.0005
2025-12-09 12:00:00,1765281614.0,0.0005
2025-12-09 13:00:00,1765285214.0,0.0005
2025-12-09 14:00:00,1765288827.0,0.0005
2025-12-09 15:00:00,1765292416.0,0.0005
2025-12-09 16:00:00,1765296011.0,0.0005
2025-12-09 17:00:00,1765299615.0,0.0005
2025-12-09 18:00:00,1765303212.0,0.0005
2025-12-09 19:00:00,1765306810.0,0.0005
2025-12-09 20:00:00,1765310412.0,0.0015
2025-12-09 21:00:00,1765314015.0,0.002
2025-12-09 22:00:00,1765317612.0,0.002
2025-12-09 23:00:00,1765321213.0,0.002
2025-12-10 00:00:00,1765324813.0,0.002
2025-12-10 01:00:00,1765328421.0,0.001
2025-12-10 02:00:00,1765332008.0,0.0005
2025-12-10 03:00:00,1765335610.0,0.0005
2025-12-10 04:00:00,1765339209.0,0.0005
2025-12-10 05:00:00,1765342811.0,0.0005
2025-12-10 06:00:00,1765346412.0,0.0005
2025-12-10 07:00:00,1765350009.0,0.0005
2025-12-10 08:00:00,1765353610.0,0.0005
2025-12-10 09:00:00,1765357225.0,0.0005
2025-12-10 10:00:00,1765360809.0,0.0005
2025-12-10 11:00:00,1765364409.0,0.0005
2025-12-10 12:00:00,1765368024.0,0.0005
2025-12-10 13:00:00,1765371609.0,0.0005
2025-12-10 14:00:00,1765375208.0,0.0005
2025-12-10 15:00:00,1765378812.0,0.0005
2025-12-10 16:00:00,1765382409.0,0.0005
2025-12-10 17:00:00,1765386012.0,0.0005
2025-12-10 18:00:00,1765389610.0,0.0005
2025-12-10 19:00:00,1765393209.0,0.0005
2025-12-10 20:00:00,1765396809.0,0.0005
2025-12-10 21:00:00,1765400411.0,0.0005
2025-12-10 22:00:00,1765404009.0,0.001
2025-12-10 23:00:00,1765407609.0,0.0005
2025-12-11 00:00:00,1765411214.0,0.0005
2025-12-11 01:00:00,1765414815.0,0.0005
2025-12-11 02:00:00,1765418421.0,0.0005
2025-12-11 03:00:00,1765422012.0,0.0005
2025-12-11 04:00:00,1765425627.0,0.0005
2025-12-11 05:00:00,1765429220.0,0.0005
2025-12-11 06:00:00,1765432811.0,0.0005
2025-12-11 07:00:00,1765436410.0,0.0005
2025-12-11 08:00:00,1765440011.0,0.0005
2025-12-11 09:00:00,1765443612.0,0.0005
2025-12-11 10:00:00,1765447212.0,0.0005
2025-12-11 11:00:00,1765450820.0,0.0005
2025-12-11 12:00:00,1765454416.0,0.0005
2025-12-11 13:00:00,1765458011.0,0.0005
2025-12-11 14:00:00,1765461609.0,0.0005
2025-12-11 15:00:00,1765465212.0,0.0005
2025-12-11 16:00:00,1765468820.0,0.0005
2025-12-11 17:00:00,1765472413.0,0.0005
2025-12-11 18:00:00,1765476011.0,0.0005
2025-12-11 19:00:00,1765479624.0,0.0005
2025-12-11 20:00:00,1765483212.0,0.0005
2025-12-11 21:00:00,1765486812.0,0.0005
2025-12-11 22:00:00,1765490410.0,0.0005
2025-12-11 23:00:00,1765494012.0,0.0005
2025-12-12 00:00:00,1765497614.0,0.0005
2025-12-12 01:00:00,1765501210.0,0.0005
2025-12-12 02:00:00,1765504810.0,0.0005
2025-12-12 03:00:00,1765508414.0,0.0005
2025-12-12 04:00:00,1765512011.0,0.0005
2025-12-12 05:00:00,1765515624.0,0.0005
2025-12-12 06:00:00,1765519213.0,0.0005
2025-12-12 07:00:00,1765522811.0,0.0005
2025-12-12 08:00:00,1765526410.0,0.0005
2025-12-12 09:00:00,1765530012.0,0.0005
2025-12-12 10:00:00,1765533610.0,0.0005
2025-12-12 11:00:00,1765537212.0,0.0005
2025-12-12 12:00:00,1765540816.0,0.0005
2025-12-12 13:00:00,1765544411.0,0.0005
2025-12-12 14:00:00,1765548011.0,0.0005
2025-12-12 15:00:00,1765551612.0,0.0005
2025-12-12 16:00:00,1765555211.0,0.0005
2025-12-12 17:00:00,1765558818.0,0.0005
2025-12-12 18:00:00,1765562413.0,0.0005
2025-12-12 19:00:00,1765566012.0,0.0005
2025-12-12 20:00:00,1765569614.0,0.0005
2025-12-12 21:00:00,1765573214.0,0.0005
2025-12-12 22:00:00,1765576814.0,0.0005
2025-12-12 23:00:00,1765580411.0,0.0005
2025-12-13 00:00:00,1765584016.0,0.0005
2025-12-13 01:00:00,1765587611.0,0.0005
2025-12-13 02:00:00,1765591212.0,0.0005
2025-12-13 03:00:00,1765594814.0,0.0005
2025-12-13 04:00:00,1765598412.0,0.0005
2025-12-13 05:00:00,1765602011.0,0.0005
2025-12-13 06:00:00,1765605622.0,0.0005
2025-12-13 07:00:00,1765609212.0,0.0005
2025-12-13 08:00:00,1765612812.0,0.0005
2025-12-13 09:00:00,1765616413.0,0.0005
2025-12-13 10:00:00,1765620011.0,0.0005
2025-12-13 11:00:00,1765623612.0,0.0005
2025-12-13 12:00:00,1765627217.0,0.0005
2025-12-13 13:00:00,1765630811.0,0.0005
2025-12-13 14:00:00,1765634422.0,0.0005
2025-12-13 15:00:00,1765638014.0,0.0005
2025-12-13 16:00:00,1765641611.0,0.0005
2025-12-13 17:00:00,1765645215.0,0.0005
2025-12-13 18:00:00,1765648814.0,0.0005
2025-12-13 19:00:00,1765652411.0,0.0005
2025-12-13 20:00:00,1765656012.0,0.0005
2025-12-13 21:00:00,1765659614.0,0.0005
2025-12-13 22:00:00,1765663214.0,0.0005
2025-12-13 23:00:00,1765666812.0,0.0005
2025-12-14 00:00:00,1765670416.0,0.0005
2025-12-14 01:00:00,1765674012.0,0.0005
2025-12-14 02:00:00,1765677612.0,0.0005
2025-12-14 03:00:00,1765681214.0,0.0005
2025-12-14 04:00:00,1765684811.0,0.0005
2025-12-14 05:00:00,1765688411.0,0.0005
2025-12-14 06:00:00,1765692014.0,0.0005
2025-12-14 07:00:00,1765695611.0,0.0005
2025-12-14 08:00:00,1765699212.0,0.0005
2025-12-14 09:00:00,1765702814.0,0.0005
2025-12-14 10:00:00,1765706413.0,0.0005
2025-12-14 11:00:00,1765710011.0,0.0005
2025-12-14 12:00:00,1765713616.0,0.0005
2025-12-14 13:00:00,1765717211.0,0.0005
2025-12-14 14:00:00,1765720811.0,0.0005
2025-12-14 15:00:00,1765724414.0,0.0005
2025-12-14 16:00:00,1765728012.0,0.0005
2025-12-14 17:00:00,1765731615.0,0.0005
2025-12-14 18:00:00,1765735214.0,0.0005
2025-12-14 19:00:00,1765738814.0,0.0005
2025-12-14 20:00:00,1765742414.0,0.0005
2025-12-14 21:00:00,1765746014.0,0.0005
2025-12-14 22:00:00,1765749611.0,0.0005
2025-12-14 23:00:00,1765753211.0,0.0005
2025-12-15 00:00:00,1765756818.0,0.0005
2025-12-15 01:00:00,1765760411.0,0.0005
2025-12-15 02:00:00,1765764011.0,0.0005
2025-12-15 03:00:00,1765767613.0,0.0005
2025-12-15 04:00:00,1765771214.0,0.0005
2025-12-15 05:00:00,1765774811.0,0.0005
2025-12-15 06:00:00,1765778415.0,0.0005
2025-12-15 07:00:00,1765782011.0,0.0005
2025-12-15 08:00:00,1765785611.0,0.0005
2025-12-15 09:00:00,1765789220.0,0.0005
2025-12-15 10:00:00,1765792810.0,0.0005
2025-12-15 11:00:00,1765796414.0,0.0005
2025-12-15 12:00:00,1765800015.0,0.0005
2025-12-15 13:00:00,1765803624.0,0.0005
2025-12-15 14:00:00,1765807211.0,0.0005
2025-12-15 15:00:00,1765810814.0,0.0005
2025-12-15 16:00:00,1765814411.0,0.0005
2025-12-15 17:00:00,1765818014.0,0.0005
2025-12-15 18:00:00,1765821629.0,0.0005
2025-12-15 19:00:00,1765825211.0,0.0005
2025-12-15 20:00:00,1765828811.0,0.0005
2025-12-15 21:00:00,1765832413.0,0.0005
2025-12-15 22:00:00,1765836026.0,0.0005
2025-12-15 23:00:00,1765839611.0,0.0005
2025-12-16 00:00:00,1765843215.0,0.0005
2025-12-16 01:00:00,1765846815.0,0.0005
2025-12-16 02:00:00,1765850410.0,0.0005
2025-12-16 03:00:00,1765854012.0,0.0005
2025-12-16 04:00:00,1765857611.0,0.0005
2025-12-16 05:00:00,1765861210.0,0.0005
2025-12-16 06:00:00,1765864813.0,0.0005
2025-12-16 07:00:00,1765868417.0,0.0005
2025-12-16 08:00:00,1765872019.0,0.0005
2025-12-16 09:00:00,1765875612.0,0.0005
2025-12-16 10:00:00,1765879210.0,0.0005
2025-12-16 11:00:00,1765882810.0,0.0005
2025-12-16 12:00:00,1765886428.0,0.0005
2025-12-16 13:00:00,1765890011.0,0.0005
2025-12-16 14:00:00,1765893625.0,0.0005
2025-12-16 15:00:00,1765897212.0,0.0005
2025-12-16 16:00:00,1765900827.0,0.0005
2025-12-16 17:00:00,1765904412.0,0.0005
2025-12-16 18:00:00,1765908013.0,0.0005
2025-12-16 19:00:00,1765911613.0,0.0005
2025-12-16 20:00:00,1765915212.0,0.0005
2025-12-16 21:00:00,1765918813.0,0.0005
2025-12-16 22:00:00,1765922411.0,0.0005
2025-12-16 23:00:00,1765926012.0,0.0005
2025-12-17 00:00:00,1765929612.0,0.0005
2025-12-17 01:00:00,1765933211.0,0.0005
2025-12-17 02:00:00,1765936812.0,0.0005
2025-12-17 03:00:00,1765940427.0,0.0005
2025-12-17 04:00:00,1765944011.0,0.0005
2025-12-17 05:00:00,1765947612.0,0.0005
2025-12-17 06:00:00,1765951223.0,0.0005
2025-12-17 07:00:00,1765954813.0,0.0005
2025-12-17 08:00:00,1765958423.0,0.0005
2025-12-17 09:00:00,1765962014.0,0.0005
2025-12-17 10:00:00,1765965613.0,0.0005
2025-12-17 11:00:00,1765969213.0,0.0005
2025-12-17 12:00:00,1765972819.0,0.0005
2025-12-17 13:00:00,1765976411.0,0.0005
2025-12-17 14:00:00,1765980012.0,0.0005
2025-12-17 15:00:00,1765983616.0,0.0005
2025-12-17 16:00:00,1765987213.0,0.0005
2025-12-17 17:00:00,1765990812.0,0.0005
2025-12-17 18:00:00,1765994413.0,0.0005
2025-12-17 19:00:00,1765998015.0,0.0005
2025-12-17 20:00:00,1766001611.0,0.0005
2025-12-17 21:00:00,1766005215.0,0.0005
2025-12-17 22:00:00,1766008812.0,0.0005
2025-12-17 23:00:00,1766012411.0,0.0005
2025-12-18 00:00:00,1766016023.0,0.0005
2025-12-18 01:00:00,1766019610.0,0.0005
2025-12-18 02:00:00,1766023210.0,0.0005
2025-12-18 03:00:00,1766026812.0,0.0005
2025-12-18 04:00:00,1766030410.0,0.0005
2025-12-18 05:00:00,1766034019.0,0.0005
2025-12-18 06:00:00,1766037613.0,0.0005
2025-12-18 07:00:00,1766041211.0,0.0005
2025-12-18 08:00:00,1766044810.0,0.0005
2025-12-18 09:00:00,1766048412.0,0.0005
2025-12-18 10:00:00,1766052021.0,0.0005
2025-12-18 11:00:00,1766055611.0,0.0005
2025-12-18 12:00:00,1766059215.0,0.0005
2025-12-18 13:00:00,1766062812.0,0.0005
2025-12-18 14:00:00,1766066425.0,0.0005
2025-12-18 15:00:00,1766070012.0,0.0005
2025-12-18 16:00:00,1766073622.0,0.0005
2025-12-18 17:00:00,1766077215.0,0.0005
2025-12-18 18:00:00,1766080814.0,0.0005
2025-12-18 19:00:00,1766084415.0,0.0005
2025-12-18 20:00:00,1766088013.0,0.0005
2025-12-18 21:00:00,1766091614.0,0.0005
2025-12-18 22:00:00,1766095213.0,0.0005
2025-12-18 23:00:00,1766098811.0,0.0005
2025-12-19 00:00:00,1766102415.0,0.0005
2025-12-19 01:00:00,1766106011.0,0.0005
2025-12-19 02:00:00,1766109612.0,0.0005
2025-12-19 03:00:00,1766113213.0,0.0005
2025-12-19 04:00:00,1766116813.0,0.0005
2025-12-19 05:00:00,1766120412.0,0.0005
2025-12-19 06:00:00,1766124014.0,0.0005
2025-12-19 07:00:00,1766127612.0,0.0005
2025-12-19 08:00:00,1766131213.0,0.0005
2025-12-19 09:00:00,1766134817.0,0.0005
2025-12-19 10:00:00,1766138412.0,0.0005
2025-12-19 11:00:00,1766142012.0,0.0005
2025-12-19 12:00:00,1766145616.0,0.0005
2025-12-19 13:00:00,1766149212.0,0.0005
2025-12-19 14:00:00,1766152812.0,0.0005
2025-12-19 15:00:00,1766156428.0,0.0005
2025-12-19 16:00:00,1766160027.0,0.0005
2025-12-19 17:00:00,1766163615.0,0.0005
2025-12-19 18:00:00,1766167213.0,0.0005
2025-12-19 19:00:00,1766170811.0,0.0005
2025-12-19 20:00:00,1766174411.0,0.0005
2025-12-19 21:00:00,1766178013.0,0.0015
2025-12-19 22:00:00,1766181611.0,0.0015
2025-12-19 23:00:00,1766185211.0,0.0015
2025-12-20 00:00:00,1766188814.0,0.0015
2025-12-20 01:00:00,1766192413.0,0.0015
2025-12-20 02:00:00,1766196011.0,0.0015
2025-12-20 03:00:00,1766199624.0,0.0015
2025-12-20 04:00:00,1766203212.0,0.0015
2025-12-20 05:00:00,1766206812.0,0.0015
2025-12-20 06:00:00,1766210413.0,0.0015
2025-12-20 07:00:00,1766214012.0,0.0015
2025-12-20 08:00:00,1766217612.0,0.0015
2025-12-20 09:00:00,1766221217.0,0.0015
2025-12-20 10:00:00,1766224811.0,0.0015
2025-12-20 11:00:00,1766228412.0,0.0015
2025-12-20 12:00:00,1766232017.0,0.0015
2025-12-20 13:00:00,1766235612.0,0.0015
2025-12-20 14:00:00,1766239212.0,0.0015
2025-12-20 15:00:00,1766242813.0,0.0015
2025-12-20 16:00:00,1766246413.0,0.0015
2025-12-20 17:00:00,1766250016.0,0.0015
2025-12-20 18:00:00,1766253613.0,0.0015
2025-12-20 19:00:00,1766257213.0,0.0015
2025-12-20 20:00:00,1766260816.0,0.0015
2025-12-20 21:00:00,1766264417.0,0.0015
2025-12-20 22:00:00,1766268013.0,0.0015
2025-12-20 23:00:00,1766271616.0,0.0015
2025-12-21 00:00:00,1766275215.0,0.0015
2025-12-21 01:00:00,1766278811.0,0.0015
2025-12-21 02:00:00,1766282411.0,0.0015
2025-12-21 03:00:00,1766286023.0,0.0015
2025-12-21 04:00:00,1766289621.0,0.0015
2025-12-21 05:00:00,1766293211.0,0.0015
2025-12-21 06:00:00,1766296814.0,0.0015
2025-12-21 07:00:00,1766300411.0,0.0015
2025-12-21 08:00:00,1766304012.0,0.0015
2025-12-21 09:00:00,1766307613.0,0.0015
2025-12-21 10:00:00,1766311211.0,0.0015
2025-12-21 11:00:00,1766314812.0,0.0015
2025-12-21 12:00:00,1766318414.0,0.0015
2025-12-21 13:00:00,1766322012.0,0.0015
2025-12-21 14:00:00,1766325611.0,0.0015
2025-12-21 15:00:00,1766329214.0,0.0015
2025-12-21 16:00:00,1766332811.0,0.0015
2025-12-21 17:00:00,1766336417.0,0.0015
2025-12-21 18:00:00,1766340014.0,0.0015
2025-12-21 19:00:00,1766343611.0,0.0015
2025-12-21 20:00:00,1766347214.0,0.0015
2025-12-21 21:00:00,1766350814.0,0.0015
2025-12-21 22:00:00,1766354411.0,0.0015
2025-12-21 23:00:00,1766358011.0,0.0015
2025-12-22 00:00:00,1766361614.0,0.0015
2025-12-22 01:00:00,1766365212.0,0.0015
2025-12-22 02:00:00,1766368811.0,0.0015
2025-12-22 03:00:00,1766372413.0,0.0015
2025-12-22 04:00:00,1766376018.0,0.0015
2025-12-22 05:00:00,1766379611.0,0.0015
2025-12-22 06:00:00,1766383213.0,0.0015
2025-12-22 07:00:00,1766386811.0,0.0015
2025-12-22 08:00:00,1766390424.0,0.0015
2025-12-22 09:00:00,1766394027.0,0.0015
2025-12-22 10:00:00,1766397612.0,0.0015
2025-12-22 11:00:00,1766401211.0,0.0015
2025-12-22 12:00:00,1766404814.0,0.0015
2025-12-22 13:00:00,1766408411.0,0.0015
2025-12-22 14:00:00,1766412012.0,0.0015
2025-12-22 15:00:00,1766415614.0,0.0015
2025-12-22 16:00:00,1766419211.0,0.0015
2025-12-22 17:00:00,1766422815.0,0.0015
2025-12-22 18:00:00,1766426413.0,0.0015
2025-12-22 19:00:00,1766430012.0,0.0015
2025-12-22 20:00:00,1766433625.0,0.0015
2025-12-22 21:00:00,1766437214.0,0.0015
2025-12-22 22:00:00,1766440824.0,0.0015
2025-12-22 23:00:00,1766444412.0,0.0015
2025-12-23 00:00:00,1766448016.0,0.0015
2025-12-23 01:00:00,1766451613.0,0.0015
2025-12-23 02:00:00,1766455212.0,0.0015
2025-12-23 03:00:00,1766458815.0,0.0015
2025-12-23 04:00:00,1766462424.0,0.0015
2025-12-23 05:00:00,1766466033.0,0.0015
2025-12-23 06:00:00,1766469629.0,0.0015
2025-12-23 07:00:00,1766473213.0,0.0015
2025-12-23 08:00:00,1766476825.0,0.0015
2025-12-23 09:00:00,1766480413.0,0.0015
2025-12-23 10:00:00,1766484012.0,0.0015
2025-12-23 11:00:00,1766487612.0,0.0015
2025-12-23 12:00:00,1766491218.0,0.0015
2025-12-23 13:00:00,1766494812.0,0.0015
2025-12-23 14:00:00,1766498412.0,0.0015
2025-12-23 15:00:00,1766502015.0,0.0015
2025-12-23 16:00:00,1766505612.0,0.0015
2025-12-23 17:00:00,1766509231.0,0.0015
2025-12-23 18:00:00,1766512814.0,0.0015
2025-12-23 19:00:00,1766516413.0,0.0015
2025-12-23 20:00:00,1766520012.0,0.0015
2025-12-23 21:00:00,1766523614.0,0.0015
2025-12-23 22:00:00,1766527214.0,0.0015
2025-12-23 23:00:00,1766530813.0,0.0015
2025-12-24 00:00:00,1766534416.0,0.0015
2025-12-24 01:00:00,1766538014.0,0.0015
2025-12-24 02:00:00,1766541612.0,0.0015
2025-12-24 03:00:00,1766545214.0,0.0015
2025-12-24 04:00:00,1766548813.0,0.0015
2025-12-24 05:00:00,1766552413.0,0.0015
2025-12-24 06:00:00,1766556015.0,0.0015
2025-12-24 07:00:00,1766559612.0,0.0015
2025-12-24 08:00:00,1766563214.0,0.0015
2025-12-24 09:00:00,1766566815.0,0.0015
2025-12-24 10:00:00,1766570414.0,0.0015
2025-12-24 11:00:00,1766574013.0,0.0015
2025-12-24 12:00:00,1766577615.0,0.0015
2025-12-24 13:00:00,1766581213.0,0.0015
2025-12-24 14:00:00,1766584813.0,0.0015
2025-12-24 15:00:00,1766588414.0,0.0015
2025-12-24 16:00:00,1766592012.0,0.0015
2025-12-24 17:00:00,1766595616.0,0.0015
2025-12-24 18:00:00,1766599214.0,0.0015
2025-12-24 19:00:00,1766602814.0,0.0015
2025-12-24 20:00:00,1766606413.0,0.0015
2025-12-24 21:00:00,1766610016.0,0.0015
2025-12-24 22:00:00,1766613613.0,0.0015
2025-12-24 23:00:00,1766617212.0,0.0015
2025-12-25 00:00:00,1766620825.0,0.0015
2025-12-25 01:00:00,1766624411.0,0.0015
2025-12-25 02:00:00,1766628013.0,0.0015
2025-12-25 03:00:00,1766631615.0,0.0015
2025-12-25 04:00:00,1766635213.0,0.0015
2025-12-25 05:00:00,1766638813.0,0.0015
2025-12-25 06:00:00,1766642415.0,0.0015
2025-12-25 07:00:00,1766646012.0,0.0015
2025-12-25 08:00:00,1766649614.0,0.0015
2025-12-25 09:00:00,1766653213.0,0.0015
2025-12-25 10:00:00,1766656812.0,0.0015
2025-12-25 11:00:00,1766660412.0,0.0015
2025-12-25 12:00:00,1766664016.0,0.0015
2025-12-25 13:00:00,1766667613.0,0.0015
2025-12-25 14:00:00,1766671213.0,0.0015
2025-12-25 15:00:00,1766674814.0,0.0015
2025-12-25 16:00:00,1766678412.0,0.0015
2025-12-25 17:00:00,1766682018.0,0.0015
2025-12-25 18:00:00,1766685616.0,0.0015
2025-12-25 19:00:00,1766689212.0,0.0015
2025-12-25 20:00:00,1766692815.0,0.0015
2025-12-25 21:00:00,1766696414.0,0.0015
2025-12-25 22:00:00,1766700015.0,0.0015
2025-12-25 23:00:00,1766703613.0,0.0015
2025-12-26 00:00:00,1766707212.0,0.0015
2025-12-26 01:00:00,1766710810.0,0.0015
2025-12-26 02:00:00,1766714410.0,0.0015
2025-12-26 03:00:00,1766718011.0,0.0015
2025-12-26 04:00:00,1766721610.0,0.0015
2025-12-26 05:00:00,1766725211.0,0.0015
2025-12-26 06:00:00,1766728811.0,0.0015
2025-12-26 07:00:00,1766732410.0,0.0015
2025-12-26 08:00:00,1766736010.0,0.0015
2025-12-26 09:00:00,1766739611.0,0.0015
2025-12-26 10:00:00,1766743210.0,0.0015
2025-12-26 11:00:00,1766746811.0,0.0015
2025-12-26 12:00:00,1766750415.0,0.0015
2025-12-26 13:00:00,1766754010.0,0.0015
2025-12-26 14:00:00,1766757610.0,0.0015
2025-12-26 15:00:00,1766761212.0,0.0015
2025-12-26 16:00:00,1766764811.0,0.0015
2025-12-26 17:00:00,1766768416.0,0.0015
2025-12-26 18:00:00,1766772011.0,0.0015
2025-12-26 19:00:00,1766775611.0,0.0015
2025-12-26 20:00:00,1766779212.0,0.0015
2025-12-26 21:00:00,1766782814.0,0.0015
2025-12-26 22:00:00,1766786411.0,0.0015
2025-12-26 23:00:00,1766790011.0,0.0015
2025-12-27 00:00:00,1766793616.0,0.0015
2025-12-27 01:00:00,1766797212.0,0.0015
2025-12-27 02:00:00,1766800811.0,0.0015
2025-12-27 03:00:00,1766804414.0,0.0015
2025-12-27 04:00:00,1766808014.0,0.0015
2025-12-27 05:00:00,1766811614.0,0.0015
2025-12-27 06:00:00,1766815213.0,0.0015
2025-12-27 07:00:00,1766818824.0,0.0015
2025-12-27 08:00:00,1766822412.0,0.0015
2025-12-27 09:00:00,1766826014.0,0.0015
2025-12-27 10:00:00,1766829613.0,0.0015
2025-12-27 11:00:00,1766833215.0,0.0015
2025-12-27 12:00:00,1766836816.0,0.0015
2025-12-27 13:00:00,1766840413.0,0.0015
2025-12-27 14:00:00,1766844013.0,0.0015
2025-12-27 15:00:00,1766847613.0,0.0015
2025-12-27 16:00:00,1766851213.0,0.0015
2025-12-27 17:00:00,1766854812.0,0.0015
2025-12-27 18:00:00,1766858414.0,0.0015
2025-12-27 19:00:00,1766862013.0,0.0015
2025-12-27 20:00:00,1766865612.0,0.0015
2025-12-27 21:00:00,1766869213.0,0.0015
2025-12-27 22:00:00,1766872813.0,0.0015
2025-12-27 23:00:00,1766876413.0,0.0015
2025-12-28 00:00:00,1766880016.0,0.0015
2025-12-28 01:00:00,1766883686.0,0.0015
2025-12-28 02:00:00,1766887213.0,0.0015
2025-12-28 03:00:00,1766890814.0,0.0015
2025-12-28 04:00:00,1766894413.0,0.0015
2025-12-28 05:00:00,1766898013.0,0.0015
2025-12-28 06:00:00,1766901613.0,0.0015
2025-12-28 07:00:00,1766905212.0,0.0015
2025-12-28 08:00:00,1766908814.0,0.0015
2025-12-28 09:00:00,1766912413.0,0.0015
2025-12-28 10:00:00,1766916014.0,0.0015
2025-12-28 11:00:00,1766919613.0,0.0015
2025-12-28 12:00:00,1766923216.0,0.0015
2025-12-28 13:00:00,1766926812.0,0.0015
2025-12-28 14:00:00,1766930412.0,0.0015
2025-12-28 15:00:00,1766934024.0,0.0015
2025-12-28 16:00:00,1766937628.0,0.0015
2025-12-28 17:00:00,1766941216.0,0.0015
2025-12-28 18:00:00,1766944815.0,0.0015
2025-12-28 19:00:00,1766948412.0,0.0015
2025-12-28 20:00:00,1766952027.0,0.0015
2025-12-28 21:00:00,1766955616.0,0.0015
2025-12-28 22:00:00,1766959214.0,0.0015
2025-12-28 23:00:00,1766962815.0,0.0015
2025-12-29 00:00:00,1766966432.0,0.0015
2025-12-29 01:00:00,1766970086.0,0.0015
2025-12-29 02:00:00,1766973613.0,0.0015
2025-12-29 03:00:00,1766977228.0,0.0015
2025-12-29 04:00:00,1766980812.0,0.0015
2025-12-29 05:00:00,1766984423.0,0.0015
2025-12-29 06:00:00,1766988015.0,0.0015
2025-12-29 07:00:00,1766991616.0,0.0015
2025-12-29 08:00:00,1766995224.0,0.0015
2025-12-29 09:00:00,1766998814.0,0.0015
2025-12-29 10:00:00,1767002415.0,0.0015
2025-12-29 11:00:00,1767006015.0,0.0015
2025-12-29 12:00:00,1767009616.0,0.0015
2025-12-29 13:00:00,1767013213.0,0.0015
2025-12-29 14:00:00,1767016813.0,0.0015
2025-12-29 15:00:00,1767020414.0,0.0015
2025-12-29 16:00:00,1767024012.0,0.0015
2025-12-29 17:00:00,1767027614.0,0.0015
2025-12-29 18:00:00,1767031213.0,0.0015
2025-12-29 19:00:00,1767034815.0,0.0015
2025-12-29 20:00:00,1767038413.0,0.0015
2025-12-29 21:00:00,1767042013.0,0.0015
2025-12-29 22:00:00,1767045614.0,0.0015
2025-12-29 23:00:00,1767049225.0,0.0015
2025-12-30 00:00:00,1767052819.0,0.0015
2025-12-30 01:00:00,1767056412.0,0.0015
2025-12-30 02:00:00,1767060013.0,0.001
2025-12-30 03:00:00,1767063615.0,0.0015
2025-12-30 04:00:00,1767067213.0,0.001
2025-12-30 05:00:00,1767070824.0,0.0015
2025-12-30 06:00:00,1767074414.0,0.0015
2025-12-30 07:00:00,1767078018.0,0.0015
2025-12-30 08:00:00,1767081614.0,0.001
2025-12-30 09:00:00,1767085216.0,0.0015
2025-12-30 10:00:00,1767088813.0,0.0015
2025-12-30 11:00:00,1767092415.0,0.0015
2025-12-30 12:00:00,1767096018.0,0.0015
2025-12-30 13:00:00,1767099613.0,0.0015
2025-12-30 14:00:00,1767103213.0,0.0015
2025-12-30 15:00:00,1767106815.0,0.0015
2025-12-30 16:00:00,1767110413.0,0.0015
2025-12-30 17:00:00,1767114017.0,0.0015
2025-12-30 18:00:00,1767117619.0,0.001
2025-12-30 19:00:00,1767121213.0,0.0015
2025-12-30 20:00:00,1767124826.0,0.0015
2025-12-30 21:00:00,1767128414.0,0.0005
2025-12-30 22:00:00,1767132014.0,0.0005
2025-12-30 23:00:00,1767135614.0,0.0005
2025-12-31 00:00:00,1767139216.0,0.0005
2025-12-31 01:00:00,1767142814.0,0.0005
2025-12-31 02:00:00,1767146414.0,0.0005
2025-12-31 03:00:00,1767150016.0,0.0005
2025-12-31 04:00:00,1767153628.0,0.0005
2025-12-31 05:00:00,1767157213.0,0.0005
2025-12-31 06:00:00,1767160815.0,0.0005
2025-12-31 07:00:00,1767164413.0,0.0005
2025-12-31 08:00:00,1767168016.0,0.0005
2025-12-31 09:00:00,1767171615.0,0.0005
2025-12-31 10:00:00,1767175214.0,0.0005
2025-12-31 11:00:00,1767178825.0,0.0005
2025-12-31 12:00:00,1767182416.0,0.0005
2025-12-31 13:00:00,1767186013.0,0.0005
2025-12-31 14:00:00,1767189615.0,0.0005
2025-12-31 15:00:00,1767193215.0,0.0005
2025-12-31 16:00:00,1767196816.0,0.0005
2025-12-31 17:00:00,1767200418.0,0.0005
2025-12-31 18:00:00,1767204016.0,0.0005
2025-12-31 19:00:00,1767207643.0,0.0005
2025-12-31 20:00:00,1767211215.0,0.0005
2025-12-31 21:00:00,1767214817.0,0.0005
2025-12-31 22:00:00,1767218415.0,0.0005
2025-12-31 23:00:00,1767222014.0,0.0005
2026-01-01 00:00:00,1767225616.0,0.0005
2026-01-01 01:00:00,1767229214.0,0.0005
2026-01-01 02:00:00,1767232813.0,0.0005
2026-01-01 03:00:00,1767236414.0,0.0005
2026-01-01 04:00:00,1767240029.0,0.0005
2026-01-01 05:00:00,1767243613.0,0.0005
2026-01-01 06:00:00,1767247216.0,0.0005
2026-01-01 07:00:00,1767250813.0,0.0005
2026-01-01 08:00:00,1767254412.0,0.0005
2026-01-01 09:00:00,1767258015.0,0.0005
2026-01-01 10:00:00,1767261614.0,0.0005
2026-01-01 11:00:00,1767265212.0,0.0005
2026-01-01 12:00:00,1767268818.0,0.0005
2026-01-01 13:00:00,1767272433.0,0.0005
2026-01-01 14:00:00,1767276012.0,0.0005
2026-01-01 15:00:00,1767279615.0,0.0005
2026-01-01 16:00:00,1767283212.0,0.0005
2026-01-01 17:00:00,1767286815.0,0.0005
2026-01-01 18:00:00,1767290414.0,0.0005
2026-01-01 19:00:00,1767294012.0,0.0005
2026-01-01 20:00:00,1767297624.0,0.0005
2026-01-01 21:00:00,1767301213.0,0.0005
2026-01-01 22:00:00,1767304823.0,0.0005
2026-01-01 23:00:00,1767308413.0,0.0005
2026-01-02 00:00:00,1767312015.0,0.0005
2026-01-02 01:00:00,1767315612.0,0.0005
2026-01-02 02:00:00,1767319213.0,0.0005
2026-01-02 03:00:00,1767322826.0,0.0005
2026-01-02 04:00:00,1767326412.0,0.0005
2026-01-02 05:00:00,1767330014.0,0.0005
2026-01-02 06:00:00,1767333613.0,0.0005
2026-01-02 07:00:00,1767337212.0,0.0005
2026-01-02 08:00:00,1767340815.0,0.0005
2026-01-02 09:00:00,1767344414.0,0.0005
2026-01-02 10:00:00,1767348015.0,0.0005
2026-01-02 11:00:00,1767351614.0,0.0005
2026-01-02 12:00:00,1767355216.0,0.0005
2026-01-02 13:00:00,1767358812.0,0.0005
2026-01-02 14:00:00,1767362413.0,0.0005
2026-01-02 15:00:00,1767366015.0,0.0005
2026-01-02 16:00:00,1767369614.0,0.0005
2026-01-02 17:00:00,1767373216.0,0.0005
2026-01-02 18:00:00,1767376829.0,0.0005
2026-01-02 19:00:00,1767380414.0,0.0005
2026-01-02 20:00:00,1767384015.0,0.0005
2026-01-02 21:00:00,1767387615.0,0.0005
2026-01-02 22:00:00,1767391215.0,0.0005
2026-01-02 23:00:00,1767394813.0,0.0005
2026-01-03 00:00:00,1767398414.0,0.0005
2026-01-03 01:00:00,1767402085.0,0.0005
2026-01-03 02:00:00,1767405611.0,0.0005
2026-01-03 03:00:00,1767409213.0,0.0005
2026-01-03 04:00:00,1767412813.0,0.0005
2026-01-03 05:00:00,1767416423.0,0.0005
2026-01-03 06:00:00,1767420024.0,0.0005
2026-01-03 07:00:00,1767423612.0,0.0005
2026-01-03 08:00:00,1767427211.0,0.0005
2026-01-03 09:00:00,1767430826.0,0.0005
2026-01-03 10:00:00,1767434411.0,0.0005
2026-01-03 11:00:00,1767438012.0,0.0005
2026-01-03 12:00:00,1767441616.0,0.0005
2026-01-03 13:00:00,1767445211.0,0.0005
2026-01-03 14:00:00,1767448813.0,0.0005
2026-01-03 15:00:00,1767452429.0,0.0005
2026-01-03 16:00:00,1767456012.0,0.0005
2026-01-03 17:00:00,1767459616.0,0.0005
2026-01-03 18:00:00,1767463214.0,0.0005
2026-01-03 19:00:00,1767466812.0,0.0005
2026-01-03 20:00:00,1767470414.0,0.0005
2026-01-03 21:00:00,1767474015.0,0.0005
2026-01-03 22:00:00,1767477612.0,0.0005
2026-01-03 23:00:00,1767481212.0,0.0005
2026-01-04 00:00:00,1767484816.0,0.0005
2026-01-04 01:00:00,1767488414.0,0.0005
2026-01-04 02:00:00,1767492012.0,0.0005
2026-01-04 03:00:00,1767495628.0,0.001
2026-01-04 04:00:00,1767499215.0,0.001
2026-01-04 05:00:00,1767502812.0,0.0005
2026-01-04 06:00:00,1767506414.0,0.0005
2026-01-04 07:00:00,1767510013.0,0.0005
2026-01-04 08:00:00,1767513612.0,0.0005
2026-01-04 09:00:00,1767517213.0,0.0005
2026-01-04 10:00:00,1767520811.0,0.0005
2026-01-04 11:00:00,1767524419.0,0.0005
2026-01-04 12:00:00,1767528018.0,0.0005
2026-01-04 13:00:00,1767531612.0,0.0005
2026-01-04 14:00:00,1767535214.0,0.0005
2026-01-04 15:00:00,1767538820.0,0.0005
2026-01-04 16:00:00,1767542424.0,0.0005
2026-01-04 17:00:00,1767546015.0,0.0005
2026-01-04 18:00:00,1767549616.0,0.0005
2026-01-04 19:00:00,1767553213.0,0.0005
2026-01-04 20:00:00,1767556831.0,0.0005
2026-01-04 21:00:00,1767560417.0,0.0005
2026-01-04 22:00:00,1767564013.0,0.0005
2026-01-04 23:00:00,1767567613.0,0.0005
2026-01-05 00:00:00,1767571218.0,0.0005
2026-01-05 01:00:00,1767574813.0,0.0005
2026-01-05 02:00:00,1767578413.0,0.0005
2026-01-05 03:00:00,1767582015.0,0.0005
2026-01-05 04:00:00,1767585612.0,0.0005
2026-01-05 05:00:00,1767589227.0,0.0005
2026-01-05 06:00:00,1767592815.0,0.0005
2026-01-05 07:00:00,1767596413.0,0.0005
2026-01-05 08:00:00,1767600014.0,0.0005
2026-01-05 09:00:00,1767603619.0,0.0005
2026-01-05 10:00:00,1767607212.0,0.0005
2026-01-05 11:00:00,1767610812.0,0.0005
2026-01-05 12:00:00,1767614415.0,0.0005
2026-01-05 13:00:00,1767618012.0,0.0005
2026-01-05 14:00:00,1767621613.0,0.0005
2026-01-05 15:00:00,1767625216.0,0.0005
2026-01-05 16:00:00,1767628813.0,0.0005
2026-01-05 17:00:00,1767632427.0,0.0005
2026-01-05 18:00:00,1767636015.0,0.0005
2026-01-05 19:00:00,1767639613.0,0.0005
2026-01-05 20:00:00,1767643213.0,0.0005
2026-01-05 21:00:00,1767646816.0,0.0005
2026-01-05 22:00:00,1767650430.0,0.0005
2026-01-05 23:00:00,1767654013.0,0.0005
2026-01-06 00:00:00,1767657620.0,0.0005
2026-01-06 01:00:00,1767661220.0,0.0005
2026-01-06 02:00:00,1767664815.0,0.0005
2026-01-06 03:00:00,1767668416.0,0.0005
2026-01-06 04:00:00,1767672017.0,0.0005
2026-01-06 05:00:00,1767675614.0,0.0005
2026-01-06 06:00:00,1767679219.0,0.0005
2026-01-06 07:00:00,1767682817.0,0.0005
2026-01-06 08:00:00,1767686419.0,0.0005
2026-01-06 09:00:00,1767690016.0,0.0005
2026-01-06 10:00:00,1767693613.0,0.0005
2026-01-06 11:00:00,1767697219.0,0.0005
2026-01-06 12:00:00,1767700817.0,0.0005
2026-01-06 13:00:00,1767704425.0,0.0005
2026-01-06 14:00:00,1767708015.0,0.0005
2026-01-06 15:00:00,1767711621.0,0.0005
2026-01-06 16:00:00,1767715214.0,0.0005
2026-01-06 17:00:00,1767718818.0,0.0005
2026-01-06 18:00:00,1767722416.0,0.0005
2026-01-06 19:00:00,1767726014.0,0.0005
2026-01-06 20:00:00,1767729615.0,0.0005
2026-01-06 21:00:00,1767733215.0,0.0005
2026-01-06 22:00:00,1767736814.0,0.0005
2026-01-06 23:00:00,1767740427.0,0.0005
2026-01-07 00:00:00,1767744017.0,0.0005
2026-01-07 01:00:00,1767747614.0,0.0005
2026-01-07 02:00:00,1767751215.0,0.0005
2026-01-07 03:00:00,1767754816.0,0.0005
2026-01-07 04:00:00,1767758414.0,0.0005
2026-01-07 05:00:00,1767762014.0,0.0005
2026-01-07 06:00:00,1767765620.0,0.0005
2026-01-07 07:00:00,1767769215.0,0.0005
2026-01-07 08:00:00,1767772816.0,0.0005
2026-01-07 09:00:00,1767776417.0,0.0005
2026-01-07 10:00:00,1767780020.0,0.0005
2026-01-07 11:00:00,1767783613.0,0.0005
2026-01-07 12:00:00,1767787222.0,0.0005
2026-01-07 13:00:00,1767790815.0,0.0005
2026-01-07 14:00:00,1767794414.0,0.0005
2026-01-07 15:00:00,1767798019.0,0.0005
2026-01-07 16:00:00,1767801615.0,0.0005
2026-01-07 17:00:00,1767805220.0,0.0005
2026-01-07 18:00:00,1767808816.0,0.0005
2026-01-07 19:00:00,1767812416.0,0.0005
2026-01-07 20:00:00,1767816015.0,0.0005
2026-01-07 21:00:00,1767819622.0,0.0005
2026-01-07 22:00:00,1767823219.0,0.0005
2026-01-07 23:00:00,1767826815.0,0.0005
2026-01-08 00:00:00,1767830433.0,0.0005
2026-01-08 01:00:00,1767834029.0,0.0005
2026-01-08 02:00:00,1767837615.0,0.0005
2026-01-08 03:00:00,1767841216.0,0.0005
2026-01-08 04:00:00,1767844815.0,0.0005
2026-01-08 05:00:00,1767848415.0,0.0005
2026-01-08 06:00:00,1767852016.0,0.0005
2026-01-08 07:00:00,1767855615.0,0.0005
2026-01-08 08:00:00,1767859225.0,0.0005
2026-01-08 09:00:00,1767862816.0,0.0005
2026-01-08 10:00:00,1767866428.0,0.0005
2026-01-08 11:00:00,1767870015.0,0.0005
2026-01-08 12:00:00,1767873632.0,0.0005
2026-01-08 13:00:00,1767877214.0,0.0005
2026-01-08 14:00:00,1767880819.0,0.0005
2026-01-08 15:00:00,1767884416.0,0.0005
2026-01-08 16:00:00,1767888030.0,0.0005
2026-01-08 17:00:00,1767891620.0,0.0005
2026-01-08 18:00:00,1767895216.0,0.0005
2026-01-08 19:00:00,1767898815.0,0.0005
2026-01-08 20:00:00,1767902416.0,0.0005
2026-01-08 21:00:00,1767906017.0,0.0005
2026-01-08 22:00:00,1767909618.0,0.0005
2026-01-08 23:00:00,1767913217.0,0.0005
2026-01-09 00:00:00,1767916818.0,0.0005
2026-01-09 01:00:00,1767920415.0,0.0005
2026-01-09 02:00:00,1767924015.0,0.0005
2026-01-09 03:00:00,1767927618.0,0.0005
2026-01-09 04:00:00,1767931215.0,0.0005
2026-01-09 05:00:00,1767934815.0,0.0005
2026-01-09 06:00:00,1767938418.0,0.0005
2026-01-09 07:00:00,1767942015.0,0.0005
2026-01-09 08:00:00,1767945616.0,0.0005
2026-01-09 09:00:00,1767949217.0,0.0005
2026-01-09 10:00:00,1767952817.0,0.0005
2026-01-09 11:00:00,1767956415.0,0.0005
2026-01-09 12:00:00,1767960031.0,0.0005
2026-01-09 13:00:00,1767963616.0,0.0005
2026-01-09 14:00:00,1767967215.0,0.0005
2026-01-09 15:00:00,1767970818.0,0.0005
2026-01-09 16:00:00,1767974417.0,0.0005
2026-01-09 17:00:00,1767978019.0,0.0005
2026-01-09 18:00:00,1767981619.0,0.0005
2026-01-09 19:00:00,1767985217.0,0.0005
2026-01-09 20:00:00,1767988829.0,0.0005
2026-01-09 21:00:00,1767992418.0,0.0005
2026-01-09 22:00:00,1767996017.0,0.0005
2026-01-09 23:00:00,1767999616.0,0.0005
2026-01-10 00:00:00,1768003219.0,0.0005
2026-01-10 01:00:00,1768006817.0,0.0005
2026-01-10 02:00:00,1768010414.0,0.0005
2026-01-10 03:00:00,1768014017.0,0.0005
2026-01-10 04:00:00,1768017615.0,0.0005
2026-01-10 05:00:00,1768021215.0,0.0005
2026-01-10 06:00:00,1768024819.0,0.0005
2026-01-10 07:00:00,1768028415.0,0.0005
2026-01-10 08:00:00,1768032030.0,0.0005
2026-01-10 09:00:00,1768035619.0,0.0005
2026-01-10 10:00:00,1768039218.0,0.0005
2026-01-10 11:00:00,1768042817.0,0.0005
2026-01-10 12:00:00,1768046420.0,0.0005
2026-01-10 13:00:00,1768050017.0,0.0005
2026-01-10 14:00:00,1768053620.0,0.0005
2026-01-10 15:00:00,1768057218.0,0.0005
2026-01-10 16:00:00,1768060828.0,0.0005
2026-01-10 17:00:00,1768064419.0,0.0005
2026-01-10 18:00:00,1768068020.0,0.0005
2026-01-10 19:00:00,1768071615.0,0.0005
2026-01-10 20:00:00,1768075216.0,0.0005
2026-01-10 21:00:00,1768078821.0,0.0005
2026-01-10 22:00:00,1768082417.0,0.0005
2026-01-10 23:00:00,1768086029.0,0.0005
2026-01-11 00:00:00,1768089616.0,0.0005
2026-01-11 01:00:00,1768093214.0,0.0005
2026-01-11 02:00:00,1768096827.0,0.0005
2026-01-11 03:00:00,1768100415.0,0.0005
2026-01-11 04:00:00,1768104015.0,0.0005
2026-01-11 05:00:00,1768107612.0,0.0005
2026-01-11 06:00:00,1768111216.0,0.0005
2026-01-11 07:00:00,1768114815.0,0.0005
2026-01-11 08:00:00,1768118414.0,0.0005
2026-01-11 09:00:00,1768122014.0,0.0005
2026-01-11 10:00:00,1768125612.0,0.0005
2026-01-11 11:00:00,1768129225.0,0.0005
2026-01-11 12:00:00,1768132816.0,0.0005
2026-01-11 13:00:00,1768136414.0,0.0005
2026-01-11 14:00:00,1768140014.0,0.0005
2026-01-11 15:00:00,1768143628.0,0.0005
2026-01-11 16:00:00,1768147213.0,0.0005
2026-01-11 17:00:00,1768150827.0,0.0005
2026-01-11 18:00:00,1768154419.0,0.0005
2026-01-11 19:00:00,1768158015.0,0.0005
2026-01-11 20:00:00,1768161617.0,0.0005
2026-01-11 21:00:00,1768165234.0,0.0005
2026-01-11 22:00:00,1768168817.0,0.0005
2026-01-11 23:00:00,1768172415.0,0.0005
2026-01-12 00:00:00,1768176019.0,0.0005
2026-01-12 01:00:00,1768179614.0,0.0005
2026-01-12 02:00:00,1768183225.0,0.0005
2026-01-12 03:00:00,1768186832.0,0.0005
2026-01-12 04:00:00,1768190415.0,0.0005
2026-01-12 05:00:00,1768194014.0,0.0005
2026-01-12 06:00:00,1768197616.0,0.0005
2026-01-12 07:00:00,1768201216.0,0.0005
2026-01-12 08:00:00,1768204816.0,0.0005
2026-01-12 09:00:00,1768208416.0,0.0005
2026-01-12 10:00:00,1768212014.0,0.0005
2026-01-12 11:00:00,1768215625.0,0.0005
2026-01-12 12:00:00,1768219223.0,0.0005
2026-01-12 13:00:00,1768222816.0,0.0005
2026-01-12 14:00:00,1768226414.0,0.0005
2026-01-12 15:00:00,1768230019.0,0.0005
2026-01-12 16:00:00,1768233613.0,0.0005
2026-01-12 17:00:00,1768237215.0,0.0005
2026-01-12 18:00:00,1768240843.0,0.0005
2026-01-12 19:00:00,1768244415.0,0.0005
2026-01-12 20:00:00,1768248018.0,0.0005
2026-01-12 21:00:00,1768251620.0,0.0005
2026-01-12 22:00:00,1768255243.0,0.0005
2026-01-12 23:00:00,1768258820.0,0.0005
2026-01-13 00:00:00,1768262419.0,0.0005
2026-01-13 01:00:00,1768266087.0,0.0005
2026-01-13 02:00:00,1768269614.0,0.0005
2026-01-13 03:00:00,1768273219.0,0.0005
2026-01-13 04:00:00,1768276815.0,0.0005
2026-01-13 05:00:00,1768280415.0,0.0005
2026-01-13 06:00:00,1768284018.0,0.0005
2026-01-13 07:00:00,1768287631.0,0.0005
2026-01-13 08:00:00,1768291229.0,0.0005
2026-01-13 09:00:00,1768294821.0,0.0005
2026-01-13 10:00:00,1768298415.0,0.0005
2026-01-13 11:00:00,1768302016.0,0.0005
2026-01-13 12:00:00,1768305622.0,0.0005
2026-01-13 13:00:00,1768309260.0,0.0005
2026-01-13 14:00:00,1768312830.0,0.0005
2026-01-13 15:00:00,1768316418.0,0.0005
2026-01-13 16:00:00,1768320027.0,0.0005
2026-01-13 17:00:00,1768323619.0,0.0005
2026-01-13 18:00:00,1768327219.0,0.0005
2026-01-13 19:00:00,1768330857.0,0.0005
2026-01-13 20:00:00,1768334416.0,0.0005
2026-01-13 21:00:00,1768338019.0,0.0005
2026-01-13 22:00:00,1768341617.0,0.0005
2026-01-13 23:00:00,1768345217.0,0.0005
2026-01-14 00:00:00,1768348819.0,0.0005
2026-01-14 01:00:00,1768352416.0,0.0005
2026-01-14 02:00:00,1768356017.0,0.0005
2026-01-14 03:00:00,1768359618.0,0.0005
2026-01-14 04:00:00,1768363218.0,0.0005
2026-01-14 05:00:00,1768366819.0,0.0005
2026-01-14 06:00:00,1768370419.0,0.0005
2026-01-14 07:00:00,1768374017.0,0.0005
2026-01-14 08:00:00,1768377632.0,0.0005
2026-01-14 09:00:00,1768381218.0,0.0005
2026-01-14 10:00:00,1768384815.0,0.0005
2026-01-14 11:00:00,1768388415.0,0.0005
2026-01-14 12:00:00,1768392021.0,0.0005
2026-01-14 13:00:00,1768395618.0,0.0005
2026-01-14 14:00:00,1768399216.0,0.0005
2026-01-14 15:00:00,1768402830.0,0.0005
2026-01-14 16:00:00,1768406430.0,0.0005
2026-01-14 17:00:00,1768410021.0,0.0005
2026-01-14 18:00:00,1768413621.0,0.0005
2026-01-14 19:00:00,1768417217.0,0.0005
2026-01-14 20:00:00,1768420817.0,0.0005
2026-01-14 21:00:00,1768424421.0,0.0005
2026-01-14 22:00:00,1768428019.0,0.0005
2026-01-14 23:00:00,1768431617.0,0.0005
2026-01-15 00:00:00,1768435221.0,0.0005
2026-01-15 01:00:00,1768438816.0,0.0005
2026-01-15 02:00:00,1768442416.0,0.0005
2026-01-15 03:00:00,1768446028.0,0.0005
2026-01-15 04:00:00,1768449617.0,0.0005
2026-01-15 05:00:00,1768453216.0,0.0005
2026-01-15 06:00:00,1768456819.0,0.0005
2026-01-15 07:00:00,1768460417.0,0.0005
2026-01-15 08:00:00,1768464016.0,0.0005
2026-01-15 09:00:00,1768467622.0,0.0005
2026-01-15 10:00:00,1768471217.0,0.0005
2026-01-15 11:00:00,1768474817.0,0.0005
2026-01-15 12:00:00,1768478421.0,0.0005
2026-01-15 13:00:00,1768482018.0,0.0005
2026-01-15 14:00:00,1768485617.0,0.0005
2026-01-15 15:00:00,1768489218.0,0.0005
2026-01-15 16:00:00,1768492817.0,0.0005
2026-01-15 17:00:00,1768496422.0,0.0005
2026-01-15 18:00:00,1768500024.0,0.0005
2026-01-15 19:00:00,1768503622.0,0.0005
2026-01-15 20:00:00,1768507220.0,0.0005
2026-01-15 21:00:00,1768510824.0,0.0005
2026-01-15 22:00:00,1768514418.0,0.0005
2026-01-15 23:00:00,1768518019.0,0.0005
2026-01-16 00:00:00,1768521624.0,0.0005
2026-01-16 01:00:00,1768525221.0,0.0005
2026-01-16 02:00:00,1768528819.0,0.0005
2026-01-16 03:00:00,1768532423.0,0.0005
2026-01-16 04:00:00,1768536018.0,0.0005
2026-01-16 05:00:00,1768539617.0,0.0005
2026-01-16 06:00:00,1768543220.0,0.0005
2026-01-16 07:00:00,1768546818.0,0.0005
2026-01-16 08:00:00,1768550418.0,0.0005
2026-01-16 09:00:00,1768554019.0,0.0005
2026-01-16 10:00:00,1768557617.0,0.0005
2026-01-16 11:00:00,1768561217.0,0.0005
2026-01-16 12:00:00,1768564821.0,0.0005
2026-01-16 13:00:00,1768568418.0,0.0005
2026-01-16 14:00:00,1768572017.0,0.0005
2026-01-16 15:00:00,1768575620.0,0.0005
2026-01-16 16:00:00,1768579217.0,0.0005
2026-01-16 17:00:00,1768582819.0,0.0005
2026-01-16 18:00:00,1768586421.0,0.0005
2026-01-16 19:00:00,1768590021.0,0.0005
2026-01-16 20:00:00,1768593618.0,0.0005
2026-01-16 21:00:00,1768597223.0,0.0005
2026-01-16 22:00:00,1768600832.0,0.0005
2026-01-16 23:00:00,1768604418.0,0.0005
2026-01-17 00:00:00,1768608021.0,0.0005
2026-01-17 01:00:00,1768611618.0,0.0005
2026-01-17 02:00:00,1768615218.0,0.0005
2026-01-17 03:00:00,1768618821.0,0.0005
2026-01-17 04:00:00,1768622417.0,0.0005
2026-01-17 05:00:00,1768626018.0,0.0005
2026-01-17 06:00:00,1768629620.0,0.0005
2026-01-17 07:00:00,1768633219.0,0.0005
2026-01-17 08:00:00,1768636817.0,0.0005
2026-01-17 09:00:00,1768640420.0,0.0005
2026-01-17 10:00:00,1768644031.0,0.0005
2026-01-17 11:00:00,1768647617.0,0.0005
2026-01-17 12:00:00,1768651227.0,0.0005
2026-01-17 13:00:00,1768654819.0,0.0005
2026-01-17 14:00:00,1768658433.0,0.0005
2026-01-17 15:00:00,1768662024.0,0.0005
2026-01-17 16:00:00,1768665617.0,0.0005
2026-01-17 17:00:00,1768669232.0,0.0005
2026-01-17 18:00:00,1768672823.0,0.0005
2026-01-17 19:00:00,1768676420.0,0.0005
2026-01-17 20:00:00,1768680031.0,0.0005
2026-01-17 21:00:00,1768683633.0,0.0005
2026-01-17 22:00:00,1768687218.0,0.0005
2026-01-17 23:00:00,1768690818.0,0.0005
2026-01-18 00:00:00,1768694430.0,0.0005
2026-01-18 01:00:00,1768698017.0,0.0005
2026-01-18 02:00:00,1768701649.0,0.0005
2026-01-18 03:00:00,1768705221.0,0.0005
2026-01-18 04:00:00,1768708820.0,0.0005
2026-01-18 05:00:00,1768712428.0,0.0005
2026-01-18 06:00:00,1768716048.0,0.0005
2026-01-18 07:00:00,1768719616.0,0.0005
2026-01-18 08:00:00,1768723242.0,0.0005
2026-01-18 09:00:00,1768726819.0,0.0005
2026-01-18 10:00:00,1768730416.0,0.0005
2026-01-18 11:00:00,1768734019.0,0.0005
2026-01-18 12:00:00,1768737636.0,0.0005
2026-01-18 13:00:00,1768741230.0,0.0005
2026-01-18 14:00:00,1768744818.0,0.0005
2026-01-18 15:00:00,1768748419.0,0.0005
2026-01-18 16:00:00,1768752016.0,0.0005
2026-01-18 17:00:00,1768755636.0,0.0005
2026-01-18 18:00:00,1768759235.0,0.0005
2026-01-18 19:00:00,1768762817.0,0.0005
2026-01-18 20:00:00,1768766420.0,0.0005
2026-01-18 21:00:00,1768770020.0,0.0005
2026-01-18 22:00:00,1768773616.0,0.0005
2026-01-18 23:00:00,1768777219.0,0.0005
2026-01-19 00:00:00,1768780818.0,0.0005
2026-01-19 01:00:00,1768784509.0,0.0005
2026-01-19 02:00:00,1768788026.0,0.0005
2026-01-19 03:00:00,1768791617.0,0.0005
2026-01-19 04:00:00,1768795220.0,0.0005
2026-01-19 05:00:00,1768798824.0,0.0005
2026-01-19 06:00:00,1768802417.0,0.0005
2026-01-19 07:00:00,1768806026.0,0.0005
2026-01-19 08:00:00,1768809625.0,0.0005
2026-01-19 09:00:00,1768813218.0,0.0005
2026-01-19 10:00:00,1768816814.0,0.0005
2026-01-19 11:00:00,1768820424.0,0.0005
2026-01-19 12:00:00,1768824020.0,0.0005
2026-01-19 13:00:00,1768827613.0,0.0005
2026-01-19 14:00:00,1768831213.0,0.0005
2026-01-19 15:00:00,1768834818.0,0.0005
2026-01-19 16:00:00,1768838415.0,0.0005
2026-01-19 17:00:00,1768842028.0,0.0005
2026-01-19 18:00:00,1768845620.0,0.0005
2026-01-19 19:00:00,1768849216.0,0.0005
2026-01-19 20:00:00,1768852820.0,0.0005
2026-01-19 21:00:00,1768856419.0,0.0005
2026-01-19 22:00:00,1768860018.0,0.0005
2026-01-19 23:00:00,1768863628.0,0.0005
2026-01-20 00:00:00,1768867220.0,0.0005
2026-01-20 01:00:00,1768870815.0,0.0005
2026-01-20 02:00:00,1768874415.0,0.0005
2026-01-20 03:00:00,1768878033.0,0.0005
2026-01-20 04:00:00,1768881630.0,0.0005
2026-01-20 05:00:00,1768885230.0,0.0005
2026-01-20 06:00:00,1768888821.0,0.0005
2026-01-20 07:00:00,1768892416.0,0.0005
2026-01-20 08:00:00,1768896016.0,0.0005
2026-01-20 09:00:00,1768899617.0,0.0005
2026-01-20 10:00:00,1768903217.0,0.0005
2026-01-20 11:00:00,1768906815.0,0.0005
2026-01-20 12:00:00,1768910420.0,0.0005
2026-01-20 13:00:00,1768914016.0,0.0005
2026-01-20 14:00:00,1768917616.0,0.0005
2026-01-20 15:00:00,1768921219.0,0.0005
2026-01-20 16:00:00,1768924814.0,0.0005
2026-01-20 17:00:00,1768928417.0,0.0005
2026-01-20 18:00:00,1768932017.0,0.0005
2026-01-20 19:00:00,1768935615.0,0.0005
2026-01-20 20:00:00,1768939216.0,0.0005
2026-01-20 21:00:00,1768942835.0,0.0005
2026-01-20 22:00:00,1768946416.0,0.0005
2026-01-20 23:00:00,1768950015.0,0.0005
2026-01-21 00:00:00,1768953620.0,0.0005
2026-01-21 01:00:00,1768957215.0,0.0005
2026-01-21 02:00:00,1768960817.0,0.0005
2026-01-21 03:00:00,1768964420.0,0.0005
2026-01-21 04:00:00,1768968015.0,0.0005
2026-01-21 05:00:00,1768971615.0,0.0005
2026-01-21 06:00:00,1768975219.0,0.0005
2026-01-21 07:00:00,1768978818.0,0.0005
2026-01-21 08:00:00,1768982416.0,0.0005
2026-01-21 09:00:00,1768986038.0,0.0005
2026-01-21 10:00:00,1768989617.0,0.0005
2026-01-21 11:00:00,1768993217.0,0.0005
2026-01-21 12:00:00,1768996841.0,0.0005
2026-01-21 13:00:00,1769000416.0,0.0005
2026-01-21 14:00:00,1769004019.0,0.0005
2026-01-21 15:00:00,1769007619.0,0.0005
2026-01-21 16:00:00,1769011218.0,0.0005
2026-01-21 17:00:00,1769014823.0,0.0005
2026-01-21 18:00:00,1769018440.0,0.0005
2026-01-21 19:00:00,1769022031.0,0.0005
2026-01-21 20:00:00,1769025618.0,0.0005
2026-01-21 21:00:00,1769029252.0,0.0005
2026-01-21 22:00:00,1769032817.0,0.0005
2026-01-21 23:00:00,1769036419.0,0.0005
2026-01-22 00:00:00,1769040028.0,0.0005
2026-01-22 01:00:00,1769043617.0,0.0005
2026-01-22 02:00:00,1769047220.0,0.0005
2026-01-22 03:00:00,1769050825.0,0.0005
2026-01-22 04:00:00,1769054416.0,0.0005
2026-01-22 05:00:00,1769058016.0,0.0005
2026-01-22 06:00:00,1769061619.0,0.0005
2026-01-22 07:00:00,1769065218.0,0.0005
2026-01-22 08:00:00,1769068819.0,0.0005
2026-01-22 09:00:00,1769072425.0,0.0005
2026-01-22 10:00:00,1769076017.0,0.0005
2026-01-22 11:00:00,1769079617.0,0.0005
2026-01-22 12:00:00,1769083245.0,0.0005
2026-01-22 13:00:00,1769086817.0,0.0005
2026-01-22 14:00:00,1769090416.0,0.0005
2026-01-22 15:00:00,1769094032.0,0.0005
2026-01-22 16:00:00,1769097617.0,0.0005
2026-01-22 17:00:00,1769101220.0,0.0005
2026-01-22 18:00:00,1769104833.0,0.0005
2026-01-22 19:00:00,1769108417.0,0.0005
2026-01-22 20:00:00,1769112019.0,0.0005
2026-01-22 21:00:00,1769115626.0,0.0005
2026-01-22 22:00:00,1769119218.0,0.0005
2026-01-22 23:00:00,1769122818.0,0.0005
2026-01-23 00:00:00,1769126437.0,0.0005
2026-01-23 01:00:00,1769130017.0,0.0005
2026-01-23 02:00:00,1769133618.0,0.0005
2026-01-23 03:00:00,1769137229.0,0.0005
2026-01-23 04:00:00,1769140818.0,0.0005
2026-01-23 05:00:00,1769144416.0,0.0005
2026-01-23 06:00:00,1769148020.0,0.0005
2026-01-23 07:00:00,1769151618.0,0.0005
2026-01-23 08:00:00,1769155218.0,0.0005
2026-01-23 09:00:00,1769158821.0,0.0005
2026-01-23 10:00:00,1769162431.0,0.0005
2026-01-23 11:00:00,1769166019.0,0.0005
2026-01-23 12:00:00,1769169644.0,0.0005
2026-01-23 13:00:00,1769173216.0,0.0005
2026-01-23 14:00:00,1769176817.0,0.0005
2026-01-23 15:00:00,1769180420.0,0.0005
2026-01-23 16:00:00,1769184016.0,0.0005
2026-01-23 17:00:00,1769187635.0,0.0005
2026-01-23 18:00:00,1769191235.0,0.0005
2026-01-23 19:00:00,1769194819.0,0.0005
2026-01-23 20:00:00,1769198419.0,0.0005
2026-01-23 21:00:00,1769202021.0,0.0005
2026-01-23 22:00:00,1769205621.0,0.0005
2026-01-23 23:00:00,1769209222.0,0.0005
2026-01-24 00:00:00,1769212832.0,0.0005
2026-01-24 01:00:00,1769216419.0,0.0005
2026-01-24 02:00:00,1769220022.0,0.0005
2026-01-24 03:00:00,1769223640.0,0.0005
2026-01-24 04:00:00,1769227217.0,0.0005
2026-01-24 05:00:00,1769230839.0,0.0005
2026-01-24 06:00:00,1769234440.0,0.0005
2026-01-24 07:00:00,1769238019.0,0.0005
2026-01-24 08:00:00,1769241620.0,0.0005
2026-01-24 09:00:00,1769245226.0,0.0005
2026-01-24 10:00:00,1769248830.0,0.0005
2026-01-24 11:00:00,1769252422.0,0.0005
2026-01-24 12:00:00,1769256031.0,0.0005
2026-01-24 13:00:00,1769259618.0,0.0005
2026-01-24 14:00:00,1769263227.0,0.0005
2026-01-24 15:00:00,1769266825.0,0.0005
2026-01-24 16:00:00,1769270418.0,0.0005
2026-01-24 17:00:00,1769274023.0,0.0005
2026-01-24 18:00:00,1769277622.0,0.0005
2026-01-24 19:00:00,1769281220.0,0.0005
2026-01-24 20:00:00,1769284818.0,0.0005
2026-01-24 21:00:00,1769288428.0,0.0005
2026-01-24 22:00:00,1769292018.0,0.0005
2026-01-24 23:00:00,1769295618.0,0.0005
2026-01-25 00:00:00,1769299240.0,0.0005
2026-01-25 01:00:00,1769302818.0,0.0005
2026-01-25 02:00:00,1769306417.0,0.0005
2026-01-25 03:00:00,1769310025.0,0.0005
2026-01-25 04:00:00,1769313616.0,0.0005
2026-01-25 05:00:00,1769317216.0,0.0005
2026-01-25 06:00:00,1769320818.0,0.0005
2026-01-25 07:00:00,1769324420.0,0.0005
2026-01-25 08:00:00,1769328017.0,0.0005
2026-01-25 09:00:00,1769331640.0,0.0005
2026-01-25 10:00:00,1769335232.0,0.0005
2026-01-25 11:00:00,1769338817.0,0.0005
2026-01-25 12:00:00,1769342445.0,0.0005
2026-01-25 13:00:00,1769346029.0,0.0005
2026-01-25 14:00:00,1769349619.0,0.0005
2026-01-25 15:00:00,1769353221.0,0.0005
2026-01-25 16:00:00,1769356831.0,0.0005
2026-01-25 17:00:00,1769360431.0,0.0005
2026-01-25 18:00:00,1769364026.0,0.0005
2026-01-25 19:00:00,1769367617.0,0.0005
2026-01-25 20:00:00,1769371218.0,0.0005
2026-01-25 21:00:00,1769374825.0,0.0005
2026-01-25 22:00:00,1769378421.0,0.0005
2026-01-25 23:00:00,1769382018.0,0.0005
2026-01-26 00:00:00,1769385639.0,0.0005
2026-01-26 01:00:00,1769389217.0,0.0005
2026-01-26 02:00:00,1769392820.0,0.0005
2026-01-26 03:00:00,1769396419.0,0.0005
2026-01-26 04:00:00,1769400017.0,0.0005
2026-01-26 05:00:00,1769403617.0,0.0005
2026-01-26 06:00:00,1769407227.0,0.0005
2026-01-26 07:00:00,1769410819.0,0.0005
2026-01-26 08:00:00,1769414418.0,0.0005
2026-01-26 09:00:00,1769418027.0,0.0005
2026-01-26 10:00:00,1769421617.0,0.0005
2026-01-26 11:00:00,1769425220.0,0.0005
2026-01-26 12:00:00,1769428830.0,0.0005
2026-01-26 13:00:00,1769432421.0,0.0005
2026-01-26 14:00:00,1769436017.0,0.0005
2026-01-26 15:00:00,1769439621.0,0.0005
2026-01-26 16:00:00,1769443218.0,0.0005
2026-01-26 17:00:00,1769446824.0,0.0005
2026-01-26 18:00:00,1769450425.0,0.0005
2026-01-26 19:00:00,1769454018.0,0.0005
2026-01-26 20:00:00,1769457622.0,0.0005
2026-01-26 21:00:00,1769461222.0,0.0005
2026-01-26 22:00:00,1769464818.0,0.0005
2026-01-26 23:00:00,1769468419.0,0.0005
2026-01-27 00:00:00,1769472033.0,0.0005
2026-01-27 01:00:00,1769475615.0,0.0005
2026-01-27 02:00:00,1769479215.0,0.0005
2026-01-27 03:00:00,1769482824.0,0.0005
2026-01-27 04:00:00,1769486417.0,0.0005
2026-01-27 05:00:00,1769490016.0,0.0005
2026-01-27 06:00:00,1769493616.0,0.0005
2026-01-27 07:00:00,1769497223.0,0.0005
2026-01-27 08:00:00,1769500817.0,0.0005
2026-01-27 09:00:00,1769504418.0,0.0005
2026-01-27 10:00:00,1769508024.0,0.0005
2026-01-27 11:00:00,1769511616.0,0.0005
2026-01-27 12:00:00,1769515222.0,0.0005
2026-01-27 13:00:00,1769518829.0,0.0005
2026-01-27 14:00:00,1769522416.0,0.0005
2026-01-27 15:00:00,1769526018.0,0.0005
2026-01-27 16:00:00,1769529616.0,0.0005
2026-01-27 17:00:00,1769533216.0,0.0005
2026-01-27 18:00:00,1769536818.0,0.0005
2026-01-27 19:00:00,1769540417.0,0.0005
2026-01-27 20:00:00,1769544016.0,0.0005
2026-01-27 21:00:00,1769547618.0,0.0005
2026-01-27 22:00:00,1769551216.0,0.0005
2026-01-27 23:00:00,1769554817.0,0.0005
2026-01-28 00:00:00,1769558423.0,0.0005
2026-01-28 01:00:00,1769562026.0,0.0005
2026-01-28 02:00:00,1769565619.0,0.0005
2026-01-28 03:00:00,1769569220.0,0.0005
2026-01-28 04:00:00,1769572832.0,0.0005
2026-01-28 05:00:00,1769576417.0,0.0005
2026-01-28 06:00:00,1769580017.0,0.0005
2026-01-28 07:00:00,1769583617.0,0.0005
2026-01-28 08:00:00,1769587217.0,0.0005
2026-01-28 09:00:00,1769590822.0,0.0005
2026-01-28 10:00:00,1769594437.0,0.0005
2026-01-28 11:00:00,1769598017.0,0.0005
2026-01-28 12:00:00,1769601624.0,0.0005
2026-01-28 13:00:00,1769605232.0,0.0005
2026-01-28 14:00:00,1769608817.0,0.0005
2026-01-28 15:00:00,1769612419.0,0.0005
2026-01-28 16:00:00,1769616017.0,0.0005
2026-01-28 17:00:00,1769619620.0,0.0005
2026-01-28 18:00:00,1769623234.0,0.0005
2026-01-28 19:00:00,1769626818.0,0.0005
2026-01-28 20:00:00,1769630421.0,0.0005
2026-01-28 21:00:00,1769634018.0,0.0005
2026-01-28 22:00:00,1769637618.0,0.0005
2026-01-28 23:00:00,1769641218.0,0.0005
2026-01-29 00:00:00,1769644838.0,0.0005
2026-01-29 01:00:00,1769648418.0,0.0005
2026-01-29 02:00:00,1769652018.0,0.0005
2026-01-29 03:00:00,1769655622.0,0.0005
2026-01-29 04:00:00,1769659219.0,0.0005
2026-01-29 05:00:00,1769662818.0,0.0005
2026-01-29 06:00:00,1769666420.0,0.0005
2026-01-29 07:00:00,1769670020.0,0.0005
2026-01-29 08:00:00,1769673619.0,0.0005
2026-01-29 09:00:00,1769677222.0,0.0005
2026-01-29 10:00:00,1769680821.0,0.0005
2026-01-29 11:00:00,1769684420.0,0.0005
2026-01-29 12:00:00,1769688027.0,0.0005
2026-01-29 13:00:00,1769691619.0,0.0005
2026-01-29 14:00:00,1769695219.0,0.0005
2026-01-29 15:00:00,1769698821.0,0.0005
2026-01-29 16:00:00,1769702419.0,0.0005
2026-01-29 17:00:00,1769706019.0,0.0005
2026-01-29 18:00:00,1769709621.0,0.0005
2026-01-29 19:00:00,1769713220.0,0.0005
2026-01-29 20:00:00,1769716830.0,0.0005
2026-01-29 21:00:00,1769720423.0,0.0005
2026-01-29 22:00:00,1769724020.0,0.0005
2026-01-29 23:00:00,1769727620.0,0.0005
2026-01-30 00:00:00,1769731226.0,0.0005
2026-01-30 01:00:00,1769734819.0,0.0005
2026-01-30 02:00:00,1769738420.0,0.0005
2026-01-30 03:00:00,1769742021.0,0.0005
2026-01-30 04:00:00,1769745620.0,0.0005
2026-01-30 05:00:00,1769749219.0,0.0005
2026-01-30 06:00:00,1769752820.0,0.0005
2026-01-30 07:00:00,1769756419.0,0.0005
2026-01-30 08:00:00,1769760019.0,0.0005
2026-01-30 09:00:00,1769763638.0,0.0005
2026-01-30 10:00:00,1769767219.0,0.0005
2026-01-30 11:00:00,1769770836.0,0.0005
2026-01-30 12:00:00,1769774439.0,0.0005
2026-01-30 13:00:00,1769778020.0,0.0005
2026-01-30 14:00:00,1769781620.0,0.0005
2026-01-30 15:00:00,1769785223.0,0.0005
2026-01-30 16:00:00,1769788821.0,0.0005
2026-01-30 17:00:00,1769792422.0,0.0005
2026-01-30 18:00:00,1769796021.0,0.0005
2026-01-30 19:00:00,1769799620.0,0.0005
2026-01-30 20:00:00,1769803221.0,0.0005
2026-01-30 21:00:00,1769806823.0,0.0005
2026-01-30 22:00:00,1769810424.0,0.0005
2026-01-30 23:00:00,1769814020.0,0.0005
2026-01-31 00:00:00,1769817626.0,0.0005
2026-01-31 01:00:00,1769821220.0,0.0005
2026-01-31 02:00:00,1769824820.0,0.0005
2026-01-31 03:00:00,1769828422.0,0.0005
2026-01-31 04:00:00,1769832021.0,0.0005
2026-01-31 05:00:00,1769835620.0,0.0005
2026-01-31 06:00:00,1769839222.0,0.0005
2026-01-31 07:00:00,1769842821.0,0.0005
2026-01-31 08:00:00,1769846421.0,0.0005
2026-01-31 09:00:00,1769850039.0,0.0005
2026-01-31 10:00:00,1769853621.0,0.0005
2026-01-31 11:00:00,1769857220.0,0.0005
2026-01-31 12:00:00,1769860830.0,0.0005
2026-01-31 13:00:00,1769864422.0,0.0005
2026-01-31 14:00:00,1769868020.0,0.0005
2026-01-31 15:00:00,1769871625.0,0.0005
2026-01-31 16:00:00,1769875220.0,0.0005
2026-01-31 17:00:00,1769878833.0,0.0005
2026-01-31 18:00:00,1769882426.0,0.0005
2026-01-31 19:00:00,1769886023.0,0.0005
2026-01-31 20:00:00,1769889620.0,0.0005
2026-01-31 21:00:00,1769893240.0,0.0005
2026-01-31 22:00:00,1769896836.0,0.0005
2026-01-31 23:00:00,1769900420.0,0.0005
2026-02-01 00:00:00,1769904031.0,0.0005
2026-02-01 01:00:00,1769907753.0,0.0005
2026-02-01 02:00:00,1769911218.0,0.0005
2026-02-01 03:00:00,1769914823.0,0.0005
