time_utc,t,p
2025-08-08 20:00:00,1754683622.0,0.5
2025-08-08 21:00:00,1754686815.0,0.5
2025-08-08 22:00:00,1754690409.0,0.5
2025-08-08 23:00:00,1754694015.0,0.5
2025-08-09 00:00:00,1754697608.0,0.46
2025-08-09 01:00:00,1754701204.0,0.455
2025-08-09 02:00:00,1754704803.0,0.06
2025-08-09 03:00:00,1754708414.0,0.06
2025-08-09 04:00:00,1754712015.0,0.06
2025-08-09 05:00:00,1754715610.0,0.06
2025-08-09 06:00:00,1754719218.0,0.06
2025-08-09 07:00:00,1754722810.0,0.065
2025-08-09 08:00:00,1754726405.0,0.065
2025-08-09 09:00:00,1754730005.0,0.065
2025-08-09 10:00:00,1754733606.0,0.06
2025-08-09 11:00:00,1754737215.0,0.06
2025-08-09 12:00:00,1754740818.0,0.065
2025-08-09 13:00:00,1754744406.0,0.065
2025-08-09 14:00:00,1754748016.0,0.065
2025-08-09 15:00:00,1754751608.0,0.065
2025-08-09 16:00:00,1754755206.0,0.065
2025-08-09 17:00:00,1754758809.0,0.065
2025-08-09 18:00:00,1754762412.0,0.065
2025-08-09 19:00:00,1754766011.0,0.065
2025-08-09 20:00:00,1754769605.0,0.065
2025-08-09 21:00:00,1754773213.0,0.065
2025-08-09 22:00:00,1754776807.0,0.055
2025-08-09 23:00:00,1754780404.0,0.05
2025-08-10 00:00:00,1754784005.0,0.05
2025-08-10 01:00:00,1754787606.0,0.045
2025-08-10 02:00:00,1754791209.0,0.045
2025-08-10 03:00:00,1754794815.0,0.045
2025-08-10 04:00:00,1754798414.0,0.045
2025-08-10 05:00:00,1754802012.0,0.045
2025-08-10 06:00:00,1754805605.0,0.045
2025-08-10 07:00:00,1754809214.0,0.045
2025-08-10 08:00:00,1754812812.0,0.045
2025-08-10 09:00:00,1754816411.0,0.045
2025-08-10 10:00:00,1754820009.0,0.045
2025-08-10 11:00:00,1754823611.0,0.045
2025-08-10 12:00:00,1754827215.0,0.045
2025-08-10 13:00:00,1754830815.0,0.045
2025-08-10 14:00:00,1754834404.0,0.045
2025-08-10 15:00:00,1754838015.0,0.045
2025-08-10 16:00:00,1754841616.0,0.045
2025-08-10 17:00:00,1754845203.0,0.045
2025-08-10 18:00:00,1754848807.0,0.045
2025-08-10 19:00:00,1754852404.0,0.045
2025-08-10 20:00:00,1754856015.0,0.045
2025-08-10 21:00:00,1754859616.0,0.045
2025-08-10 22:00:00,1754863205.0,0.0355
2025-08-10 23:00:00,1754866808.0,0.0355
2025-08-11 00:00:00,1754870413.0,0.0355
2025-08-11 01:00:00,1754874005.0,0.035
2025-08-11 02:00:00,1754877603.0,0.0355
2025-08-11 03:00:00,1754881204.0,0.0355
2025-08-11 04:00:00,1754884802.0,0.0355
2025-08-11 05:00:00,1754888408.0,0.0355
2025-08-11 06:00:00,1754892013.0,0.0355
2025-08-11 07:00:00,1754895604.0,0.0355
2025-08-11 08:00:00,1754899202.0,0.0355
2025-08-11 09:00:00,1754902818.0,0.035
2025-08-11 10:00:00,1754906407.0,0.0345
2025-08-11 11:00:00,1754910008.0,0.035
2025-08-11 12:00:00,1754913619.0,0.0335
2025-08-11 13:00:00,1754917202.0,0.035
2025-08-11 14:00:00,1754920813.0,0.0355
2025-08-11 15:00:00,1754924415.0,0.0355
2025-08-11 16:00:00,1754928004.0,0.0355
2025-08-11 17:00:00,1754931608.0,0.0355
2025-08-11 18:00:00,1754935212.0,0.0355
2025-08-11 19:00:00,1754938806.0,0.034
2025-08-11 20:00:00,1754942408.0,0.034
2025-08-11 21:00:00,1754946012.0,0.0345
2025-08-11 22:00:00,1754949607.0,0.0345
2025-08-11 23:00:00,1754953210.0,0.0345
2025-08-12 00:00:00,1754956806.0,0.0345
2025-08-12 01:00:00,1754960406.0,0.034
2025-08-12 02:00:00,1754964003.0,0.034
2025-08-12 03:00:00,1754967612.0,0.034
2025-08-12 04:00:00,1754971213.0,0.0325
2025-08-12 05:00:00,1754974812.0,0.0345
2025-08-12 06:00:00,1754978415.0,0.034
2025-08-12 07:00:00,1754982013.0,0.034
2025-08-12 08:00:00,1754985608.0,0.0335
2025-08-12 09:00:00,1754989214.0,0.034
2025-08-12 10:00:00,1754992813.0,0.034
2025-08-12 11:00:00,1754996414.0,0.033
2025-08-12 12:00:00,1755000008.0,0.034
2025-08-12 13:00:00,1755003606.0,0.034
2025-08-12 14:00:00,1755007202.0,0.033
2025-08-12 15:00:00,1755010805.0,0.0345
2025-08-12 16:00:00,1755014410.0,0.0345
2025-08-12 17:00:00,1755018006.0,0.0345
2026-02-01 04:00:00,1769921474.0,0.0005
2025-08-12 18:00:00,1755021615.0,0.0345
2025-08-12 19:00:00,1755025211.0,0.0345
2025-08-12 20:00:00,1755028808.0,0.0345
2025-08-12 21:00:00,1755032415.0,0.0345
2025-08-12 22:00:00,1755036012.0,0.0345
2025-08-12 23:00:00,1755039605.0,0.0355
2025-08-13 00:00:00,1755043211.0,0.0355
2025-08-13 01:00:00,1755046808.0,0.0355
2025-08-13 02:00:00,1755050406.0,0.0355
2025-08-13 03:00:00,1755054007.0,0.0355
2025-08-13 04:00:00,1755057615.0,0.0355
2025-08-13 05:00:00,1755061213.0,0.0355
2025-08-13 06:00:00,1755064810.0,0.0355
2025-08-13 07:00:00,1755068411.0,0.0355
2025-08-13 08:00:00,1755072005.0,0.0355
2025-08-13 09:00:00,1755075604.0,0.0355
2025-08-13 10:00:00,1755079209.0,0.035
2025-08-13 11:00:00,1755082811.0,0.035
2025-08-13 12:00:00,1755086406.0,0.035
2025-08-13 13:00:00,1755090023.0,0.035
2025-08-13 14:00:00,1755093612.0,0.0355
2025-08-13 15:00:00,1755097214.0,0.0355
2025-08-13 16:00:00,1755100812.0,0.0355
2025-08-13 17:00:00,1755104409.0,0.0355
2025-08-13 18:00:00,1755108014.0,0.0355
2025-08-13 19:00:00,1755111602.0,0.0345
2025-08-13 20:00:00,1755115207.0,0.0345
2025-08-13 21:00:00,1755118807.0,0.0335
2025-08-13 22:00:00,1755122407.0,0.0355
2025-08-13 23:00:00,1755126010.0,0.0355
2025-08-14 00:00:00,1755129608.0,0.0355
2025-08-14 01:00:00,1755133207.0,0.0355
2025-08-14 02:00:00,1755136808.0,0.0355
2025-08-14 03:00:00,1755140406.0,0.0355
2025-08-14 04:00:00,1755144009.0,0.0355
2025-08-14 05:00:00,1755147606.0,0.0355
2025-08-14 06:00:00,1755151205.0,0.0355
2025-08-14 07:00:00,1755154802.0,0.0355
2025-08-14 08:00:00,1755158412.0,0.0355
2025-08-14 09:00:00,1755162013.0,0.0355
2025-08-14 10:00:00,1755165609.0,0.036
2025-08-14 11:00:00,1755169209.0,0.036
2025-08-14 12:00:00,1755172817.0,0.0355
2025-08-14 13:00:00,1755176405.0,0.0355
2025-08-14 14:00:00,1755180014.0,0.0355
2025-08-14 15:00:00,1755183617.0,0.0355
2025-08-14 16:00:00,1755187205.0,0.0355
2025-08-14 17:00:00,1755190807.0,0.0355
2025-08-14 18:00:00,1755194405.0,0.0355
2025-08-14 19:00:00,1755198013.0,0.0355
2025-08-14 20:00:00,1755201609.0,0.0345
2025-08-14 21:00:00,1755205217.0,0.0345
2025-08-14 22:00:00,1755208808.0,0.032
2025-08-14 23:00:00,1755212415.0,0.032
2025-08-15 00:00:00,1755216008.0,0.032
2025-08-15 01:00:00,1755219609.0,0.032
2025-08-15 02:00:00,1755223211.0,0.032
2025-08-15 03:00:00,1755226816.0,0.032
2025-08-15 04:00:00,1755230412.0,0.032
2025-08-15 05:00:00,1755234010.0,0.032
2025-08-15 06:00:00,1755237612.0,0.032
2025-08-15 07:00:00,1755241211.0,0.032
2025-08-15 08:00:00,1755244804.0,0.0325
2025-08-15 09:00:00,1755248409.0,0.0325
2025-08-15 10:00:00,1755252014.0,0.0325
2025-08-15 11:00:00,1755255612.0,0.033
2025-08-15 12:00:00,1755259204.0,0.033
2025-08-15 13:00:00,1755262810.0,0.033
2025-08-15 14:00:00,1755266412.0,0.033
2025-08-15 15:00:00,1755270002.0,0.033
2025-08-15 16:00:00,1755273611.0,0.033
2025-08-15 17:00:00,1755277207.0,0.033
2025-08-15 18:00:00,1755280811.0,0.033
2025-08-15 19:00:00,1755284410.0,0.032
2025-08-15 20:00:00,1755288008.0,0.032
2025-08-15 21:00:00,1755291615.0,0.032
2025-08-15 22:00:00,1755295202.0,0.032
2025-08-15 23:00:00,1755298808.0,0.032
2025-08-16 00:00:00,1755302407.0,0.032
2025-08-16 01:00:00,1755306006.0,0.032
2025-08-16 02:00:00,1755309605.0,0.032
2025-08-16 03:00:00,1755313209.0,0.032
2025-08-16 04:00:00,1755316816.0,0.032
2025-08-16 05:00:00,1755320402.0,0.032
2025-08-16 06:00:00,1755324010.0,0.032
2025-08-16 07:00:00,1755327607.0,0.032
2025-08-16 08:00:00,1755331209.0,0.0325
2025-08-16 09:00:00,1755334808.0,0.0325
2025-08-16 10:00:00,1755338411.0,0.0325
2025-08-16 11:00:00,1755342016.0,0.0325
2025-08-16 12:00:00,1755345617.0,0.0325
2025-08-16 13:00:00,1755349213.0,0.0325
2025-08-16 14:00:00,1755352805.0,0.032
2025-08-16 15:00:00,1755356404.0,0.032
2025-08-16 16:00:00,1755360007.0,0.031
2025-08-16 17:00:00,1755363615.0,0.031
2025-08-16 18:00:00,1755367215.0,0.031
2025-08-16 19:00:00,1755370806.0,0.031
2025-08-16 20:00:00,1755374408.0,0.031
2025-08-16 21:00:00,1755378018.0,0.031
2025-08-16 22:00:00,1755381615.0,0.031
2025-08-16 23:00:00,1755385206.0,0.031
2025-08-17 00:00:00,1755388815.0,0.031
2025-08-17 01:00:00,1755392410.0,0.031
2025-08-17 02:00:00,1755396008.0,0.031
2025-08-17 03:00:00,1755399612.0,0.031
2025-08-17 04:00:00,1755403208.0,0.031
2025-08-17 05:00:00,1755406802.0,0.031
2025-08-17 06:00:00,1755410408.0,0.031
2025-08-17 07:00:00,1755414007.0,0.031
2025-08-17 08:00:00,1755417614.0,0.031
2025-08-17 09:00:00,1755421218.0,0.031
2025-08-17 10:00:00,1755424811.0,0.031
2025-08-17 11:00:00,1755428417.0,0.0315
2025-08-17 12:00:00,1755432013.0,0.0315
2025-08-17 13:00:00,1755435615.0,0.0315
2025-08-17 14:00:00,1755439205.0,0.0315
2025-08-17 15:00:00,1755442806.0,0.0315
2025-08-17 16:00:00,1755446413.0,0.0315
2025-08-17 17:00:00,1755450012.0,0.0315
2025-08-17 18:00:00,1755453604.0,0.0315
2025-08-17 19:00:00,1755457205.0,0.0315
2025-08-17 20:00:00,1755460804.0,0.0315
2025-08-17 21:00:00,1755464413.0,0.0315
2025-08-17 22:00:00,1755468010.0,0.0315
2025-08-17 23:00:00,1755471616.0,0.0315
2025-08-18 00:00:00,1755475209.0,0.0315
2025-08-18 01:00:00,1755478807.0,0.0315
2025-08-18 02:00:00,1755482406.0,0.0315
2025-08-18 03:00:00,1755486007.0,0.0315
2025-08-18 04:00:00,1755489612.0,0.0315
2025-08-18 05:00:00,1755493204.0,0.0315
2025-08-18 06:00:00,1755496813.0,0.0315
2025-08-18 07:00:00,1755500413.0,0.0315
2025-08-18 08:00:00,1755504012.0,0.0315
2025-08-18 09:00:00,1755507615.0,0.0315
2025-08-18 10:00:00,1755511209.0,0.0315
2025-08-18 11:00:00,1755514810.0,0.0315
2025-08-18 12:00:00,1755518416.0,0.0315
2025-08-18 13:00:00,1755522010.0,0.0315
2025-08-18 14:00:00,1755525610.0,0.0315
2025-08-18 15:00:00,1755529214.0,0.0215
2025-08-18 16:00:00,1755532804.0,0.0215
2025-08-18 17:00:00,1755536416.0,0.023
2025-08-18 18:00:00,1755540016.0,0.022
2025-08-18 19:00:00,1755543612.0,0.022
2025-08-18 20:00:00,1755547217.0,0.022
2025-08-18 21:00:00,1755550816.0,0.022
2025-08-18 22:00:00,1755554414.0,0.022
2025-08-18 23:00:00,1755558013.0,0.022
2025-08-19 00:00:00,1755561608.0,0.022
2025-08-19 01:00:00,1755565203.0,0.022
2025-08-19 02:00:00,1755568815.0,0.022
2025-08-19 03:00:00,1755572404.0,0.022
2025-08-19 04:00:00,1755576006.0,0.022
2025-08-19 05:00:00,1755579608.0,0.022
2025-08-19 06:00:00,1755583212.0,0.022
2025-08-19 07:00:00,1755586804.0,0.0235
2025-08-19 08:00:00,1755590416.0,0.022
2025-08-19 09:00:00,1755594008.0,0.022
2025-08-19 10:00:00,1755597615.0,0.022
2025-08-19 11:00:00,1755601207.0,0.022
2025-08-19 12:00:00,1755604818.0,0.022
2025-08-19 13:00:00,1755608416.0,0.022
2025-08-19 14:00:00,1755612006.0,0.022
2025-08-19 15:00:00,1755615604.0,0.022
2025-08-19 16:00:00,1755619215.0,0.0125
2025-08-19 17:00:00,1755622806.0,0.0125
2025-08-19 18:00:00,1755626402.0,0.011
2025-08-19 19:00:00,1755630002.0,0.0125
2025-08-19 20:00:00,1755633609.0,0.0125
2025-08-19 21:00:00,1755637214.0,0.0125
2025-08-19 22:00:00,1755640802.0,0.0125
2025-08-19 23:00:00,1755644406.0,0.0125
2025-08-20 00:00:00,1755648007.0,0.0125
2025-08-20 01:00:00,1755651607.0,0.0125
2025-08-20 02:00:00,1755655205.0,0.0125
2025-08-20 03:00:00,1755658804.0,0.0125
2025-08-20 04:00:00,1755662404.0,0.0125
2025-08-20 05:00:00,1755666012.0,0.0125
2025-08-20 06:00:00,1755669612.0,0.0125
2025-08-20 07:00:00,1755673205.0,0.0125
2025-08-20 08:00:00,1755676809.0,0.0125
2025-08-20 09:00:00,1755680408.0,0.0125
2025-08-20 10:00:00,1755684014.0,0.0125
2025-08-20 11:00:00,1755687615.0,0.0125
2025-08-20 12:00:00,1755691213.0,0.0125
2025-08-20 13:00:00,1755694804.0,0.0125
2025-08-20 14:00:00,1755698415.0,0.0125
2025-08-20 15:00:00,1755702010.0,0.0125
2025-08-20 16:00:00,1755705608.0,0.0125
2025-08-20 17:00:00,1755709213.0,0.0125
2025-08-20 18:00:00,1755712814.0,0.0125
2025-08-20 19:00:00,1755716416.0,0.0125
2025-08-20 20:00:00,1755720014.0,0.011
2025-08-20 21:00:00,1755723610.0,0.011
2025-08-20 22:00:00,1755727204.0,0.011
2025-08-20 23:00:00,1755730802.0,0.011
2025-08-21 00:00:00,1755734406.0,0.011
2025-08-21 01:00:00,1755738002.0,0.011
2025-08-21 02:00:00,1755741610.0,0.011
2025-08-21 03:00:00,1755745211.0,0.011
2025-08-21 04:00:00,1755748812.0,0.011
2025-08-21 05:00:00,1755752417.0,0.011
2025-08-21 06:00:00,1755756013.0,0.011
2025-08-21 07:00:00,1755759606.0,0.011
2025-08-21 08:00:00,1755763207.0,0.011
2025-08-21 09:00:00,1755766806.0,0.011
2025-08-21 10:00:00,1755770404.0,0.011
2025-08-21 11:00:00,1755774002.0,0.011
2025-08-21 12:00:00,1755777609.0,0.011
2025-08-21 13:00:00,1755781211.0,0.011
2025-08-21 14:00:00,1755784806.0,0.011
2025-08-21 15:00:00,1755788405.0,0.011
2025-08-21 16:00:00,1755792013.0,0.0105
2025-08-21 17:00:00,1755795603.0,0.009
2025-08-21 18:00:00,1755799203.0,0.009
2025-08-21 19:00:00,1755802802.0,0.0095
2025-08-21 20:00:00,1755806412.0,0.0095
2025-08-21 21:00:00,1755810015.0,0.0095
2025-08-21 22:00:00,1755813610.0,0.0095
2025-08-21 23:00:00,1755817211.0,0.0095
2025-08-22 00:00:00,1755820806.0,0.0095
2025-08-22 01:00:00,1755824409.0,0.0095
2025-08-22 02:00:00,1755828006.0,0.0095
2025-08-22 03:00:00,1755831608.0,0.0095
2025-08-22 04:00:00,1755835203.0,0.0095
2025-08-22 05:00:00,1755838802.0,0.0095
2025-08-22 06:00:00,1755842404.0,0.0095
2025-08-22 07:00:00,1755846003.0,0.0095
2025-08-22 08:00:00,1755849608.0,0.0095
2025-08-22 09:00:00,1755853213.0,0.0095
2025-08-22 10:00:00,1755856810.0,0.0095
2025-08-22 11:00:00,1755860408.0,0.0095
2025-08-22 12:00:00,1755864018.0,0.0095
2025-08-22 13:00:00,1755867602.0,0.0095
2025-08-22 14:00:00,1755871211.0,0.0095
2025-08-22 15:00:00,1755874809.0,0.0095
2025-08-22 16:00:00,1755878402.0,0.0095
2025-08-22 17:00:00,1755882011.0,0.0095
2025-08-22 18:00:00,1755885616.0,0.0095
2025-08-22 19:00:00,1755889214.0,0.0095
2025-08-22 20:00:00,1755892814.0,0.0095
2025-08-22 21:00:00,1755896402.0,0.0095
2025-08-22 22:00:00,1755900012.0,0.0095
2025-08-22 23:00:00,1755903606.0,0.0095
2025-08-23 00:00:00,1755907217.0,0.0095
2025-08-23 01:00:00,1755910803.0,0.0095
2025-08-23 02:00:00,1755914413.0,0.0095
2025-08-23 03:00:00,1755918018.0,0.0095
2025-08-23 04:00:00,1755921602.0,0.0095
2025-08-23 05:00:00,1755925205.0,0.0095
2025-08-23 06:00:00,1755928810.0,0.0095
2025-08-23 07:00:00,1755932411.0,0.0095
2025-08-23 08:00:00,1755936010.0,0.0095
2025-08-23 09:00:00,1755939606.0,0.0095
2025-08-23 10:00:00,1755943212.0,0.0095
2025-08-23 11:00:00,1755946804.0,0.0095
2025-08-23 12:00:00,1755950414.0,0.0095
2025-08-23 13:00:00,1755954010.0,0.0095
2025-08-23 14:00:00,1755957611.0,0.0095
2025-08-23 15:00:00,1755961216.0,0.0095
2025-08-23 16:00:00,1755964814.0,0.0095
2025-08-23 17:00:00,1755968415.0,0.0095
2025-08-23 18:00:00,1755972019.0,0.0095
2025-08-23 19:00:00,1755975603.0,0.0095
2025-08-23 20:00:00,1755979212.0,0.0095
2025-08-23 21:00:00,1755982819.0,0.0095
2025-08-23 22:00:00,1755986417.0,0.0095
2025-08-23 23:00:00,1755990017.0,0.0095
2025-08-24 00:00:00,1755993605.0,0.0095
2025-08-24 01:00:00,1755997202.0,0.0095
2025-08-24 02:00:00,1756000812.0,0.0095
2025-08-24 03:00:00,1756004410.0,0.0095
2025-08-24 04:00:00,1756008012.0,0.0095
2025-08-24 05:00:00,1756011616.0,0.0095
2025-08-24 06:00:00,1756015206.0,0.0095
2025-08-24 07:00:00,1756018809.0,0.0095
2025-08-24 08:00:00,1756022416.0,0.0095
2025-08-24 09:00:00,1756026015.0,0.0095
2025-08-24 10:00:00,1756029607.0,0.0095
2025-08-24 11:00:00,1756033214.0,0.0095
2025-08-24 12:00:00,1756036812.0,0.0095
2025-08-24 13:00:00,1756040402.0,0.0095
2025-08-24 14:00:00,1756044014.0,0.0115
2025-08-24 15:00:00,1756047608.0,0.0115
2025-08-24 16:00:00,1756051204.0,0.0115
2025-08-24 17:00:00,1756054802.0,0.0115
2025-08-24 18:00:00,1756058412.0,0.0115
2025-08-24 19:00:00,1756062007.0,0.0115
2025-08-24 20:00:00,1756065602.0,0.0115
2025-08-24 21:00:00,1756069206.0,0.0115
2025-08-24 22:00:00,1756072818.0,0.0115
2025-08-24 23:00:00,1756076413.0,0.0115
2025-08-25 00:00:00,1756080015.0,0.0115
2025-08-25 01:00:00,1756083605.0,0.0115
2025-08-25 02:00:00,1756087210.0,0.0115
2025-08-25 03:00:00,1756090802.0,0.0115
2025-08-25 04:00:00,1756094413.0,0.0115
2025-08-25 05:00:00,1756098012.0,0.0115
2025-08-25 06:00:00,1756101612.0,0.0115
2025-08-25 07:00:00,1756105202.0,0.0115
2025-08-25 08:00:00,1756108802.0,0.0115
2025-08-25 09:00:00,1756112418.0,0.0115
2025-08-25 10:00:00,1756116002.0,0.0115
2025-08-25 11:00:00,1756119614.0,0.0115
2025-08-25 12:00:00,1756123206.0,0.0115
2025-08-25 13:00:00,1756126813.0,0.0115
2025-08-25 14:00:00,1756130402.0,0.0115
2025-08-25 15:00:00,1756134005.0,0.0115
2025-08-25 16:00:00,1756137603.0,0.0115
2025-08-25 17:00:00,1756141202.0,0.0115
2025-08-25 18:00:00,1756144810.0,0.0115
2025-08-25 19:00:00,1756148409.0,0.0115
2025-08-25 20:00:00,1756152002.0,0.0115
2025-08-25 21:00:00,1756155617.0,0.0115
2025-08-25 22:00:00,1756159207.0,0.0115
2025-08-25 23:00:00,1756162809.0,0.0115
2025-08-26 00:00:00,1756166405.0,0.0115
2025-08-26 01:00:00,1756170004.0,0.0115
2025-08-26 02:00:00,1756173609.0,0.0115
2025-08-26 03:00:00,1756177207.0,0.0115
2025-08-26 04:00:00,1756180813.0,0.0115
2025-08-26 05:00:00,1756184410.0,0.011
2025-08-26 06:00:00,1756188016.0,0.0115
2025-08-26 07:00:00,1756191616.0,0.0115
2025-08-26 08:00:00,1756195202.0,0.012
2025-08-26 09:00:00,1756198813.0,0.012
2025-08-26 10:00:00,1756202403.0,0.012
2025-08-26 11:00:00,1756206006.0,0.012
2025-08-26 12:00:00,1756209602.0,0.012
2025-08-26 13:00:00,1756213204.0,0.012
2025-08-26 14:00:00,1756216813.0,0.012
2025-08-26 15:00:00,1756220411.0,0.012
2025-08-26 16:00:00,1756224005.0,0.012
2025-08-26 17:00:00,1756227606.0,0.012
2025-08-26 18:00:00,1756231212.0,0.012
2025-08-26 19:00:00,1756234813.0,0.012
2025-08-26 20:00:00,1756238405.0,0.012
2025-08-26 21:00:00,1756242010.0,0.012
2025-08-26 22:00:00,1756245608.0,0.012
2025-08-26 23:00:00,1756249216.0,0.012
2025-08-27 00:00:00,1756252809.0,0.012
2025-08-27 01:00:00,1756256410.0,0.012
2025-08-27 02:00:00,1756260010.0,0.012
2025-08-27 03:00:00,1756263617.0,0.012
2025-08-27 04:00:00,1756267205.0,0.012
2025-08-27 05:00:00,1756270814.0,0.012
2025-08-27 06:00:00,1756274411.0,0.012
2025-08-27 07:00:00,1756278019.0,0.012
2025-08-27 08:00:00,1756281610.0,0.012
2025-08-27 09:00:00,1756285205.0,0.012
2025-08-27 10:00:00,1756288813.0,0.012
2025-08-27 11:00:00,1756292403.0,0.012
2025-08-27 12:00:00,1756296010.0,0.012
2025-08-27 13:00:00,1756299605.0,0.012
2025-08-27 14:00:00,1756303220.0,0.012
2025-08-27 15:00:00,1756306809.0,0.012
2025-08-27 16:00:00,1756310408.0,0.012
2025-08-27 17:00:00,1756314007.0,0.012
2025-08-27 18:00:00,1756317610.0,0.012
2025-08-27 19:00:00,1756321204.0,0.012
2025-08-27 20:00:00,1756324808.0,0.012
2025-08-27 21:00:00,1756328404.0,0.012
2025-08-27 22:00:00,1756332013.0,0.012
2025-08-27 23:00:00,1756335614.0,0.012
2025-08-28 00:00:00,1756339202.0,0.012
2025-08-28 01:00:00,1756342807.0,0.012
2025-08-28 02:00:00,1756346409.0,0.012
2025-08-28 03:00:00,1756350009.0,0.012
2025-08-28 04:00:00,1756353616.0,0.012
2025-08-28 05:00:00,1756357213.0,0.012
2025-08-28 06:00:00,1756360807.0,0.012
2025-08-28 07:00:00,1756364405.0,0.012
2025-08-28 08:00:00,1756368014.0,0.012
2025-08-28 09:00:00,1756371614.0,0.012
2025-08-28 10:00:00,1756375214.0,0.012
2025-08-28 11:00:00,1756378808.0,0.012
2025-08-28 12:00:00,1756382419.0,0.012
2025-08-28 13:00:00,1756386013.0,0.012
2025-08-28 14:00:00,1756389603.0,0.012
2025-08-28 15:00:00,1756393210.0,0.012
2025-08-28 16:00:00,1756396812.0,0.012
2025-08-28 17:00:00,1756400410.0,0.012
2025-08-28 18:00:00,1756404007.0,0.012
2025-08-28 19:00:00,1756407603.0,0.012
2025-08-28 20:00:00,1756411211.0,0.012
2025-08-28 21:00:00,1756414811.0,0.012
2025-08-28 22:00:00,1756418415.0,0.012
2025-08-28 23:00:00,1756422012.0,0.012
2025-08-29 00:00:00,1756425611.0,0.012
2025-08-29 01:00:00,1756429205.0,0.012
2025-08-29 02:00:00,1756432811.0,0.012
2025-08-29 03:00:00,1756436403.0,0.012
2025-08-29 04:00:00,1756440020.0,0.012
2025-08-29 05:00:00,1756443611.0,0.012
2025-08-29 06:00:00,1756447216.0,0.012
2025-08-29 07:00:00,1756450819.0,0.012
2025-08-29 08:00:00,1756454405.0,0.012
2025-08-29 09:00:00,1756458016.0,0.012
2025-08-29 10:00:00,1756461621.0,0.012
2025-08-29 11:00:00,1756465217.0,0.012
2025-08-29 12:00:00,1756468826.0,0.012
2025-08-29 13:00:00,1756472407.0,0.012
2025-08-29 14:00:00,1756476019.0,0.012
2025-08-29 15:00:00,1756479609.0,0.012
2025-08-29 16:00:00,1756483211.0,0.012
2025-08-29 17:00:00,1756486814.0,0.012
2025-08-29 18:00:00,1756490406.0,0.012
2025-08-29 19:00:00,1756494022.0,0.012
2025-08-29 20:00:00,1756497607.0,0.012
2025-08-29 21:00:00,1756501209.0,0.012
2025-08-29 22:00:00,1756504812.0,0.012
2025-08-29 23:00:00,1756508421.0,0.012
2025-08-30 00:00:00,1756512013.0,0.012
2025-08-30 01:00:00,1756515610.0,0.012
2025-08-30 02:00:00,1756519215.0,0.012
2025-08-30 03:00:00,1756522811.0,0.012
2025-08-30 04:00:00,1756526408.0,0.012
2025-08-30 05:00:00,1756530005.0,0.012
2025-08-30 06:00:00,1756533604.0,0.012
2025-08-30 07:00:00,1756537216.0,0.012
2025-08-30 08:00:00,1756540802.0,0.012
2025-08-30 09:00:00,1756544419.0,0.012
2025-08-30 10:00:00,1756548013.0,0.012
2025-08-30 11:00:00,1756551617.0,0.012
2025-08-30 12:00:00,1756555221.0,0.012
2025-08-30 13:00:00,1756558817.0,0.012
2025-08-30 14:00:00,1756562408.0,0.012
2025-08-30 15:00:00,1756566018.0,0.012
2025-08-30 16:00:00,1756569617.0,0.012
2025-08-30 17:00:00,1756573217.0,0.012
2025-08-30 18:00:00,1756576804.0,0.012
2025-08-30 19:00:00,1756580411.0,0.012
2025-08-30 20:00:00,1756584010.0,0.012
2025-08-30 21:00:00,1756587618.0,0.012
2025-08-30 22:00:00,1756591211.0,0.012
2025-08-30 23:00:00,1756594819.0,0.012
2025-08-31 00:00:00,1756598404.0,0.012
2025-08-31 01:00:00,1756602002.0,0.012
2025-08-31 02:00:00,1756605606.0,0.012
2025-08-31 03:00:00,1756609207.0,0.012
2025-08-31 04:00:00,1756612812.0,0.012
2025-08-31 05:00:00,1756616408.0,0.012
2025-08-31 06:00:00,1756620002.0,0.012
2025-08-31 07:00:00,1756623611.0,0.012
2025-08-31 08:00:00,1756627218.0,0.012
2025-08-31 09:00:00,1756630824.0,0.012
2025-08-31 10:00:00,1756634402.0,0.012
2025-08-31 11:00:00,1756638020.0,0.012
2025-08-31 12:00:00,1756641628.0,0.012
2025-08-31 13:00:00,1756645216.0,0.012
2025-08-31 14:00:00,1756648802.0,0.012
2025-08-31 15:00:00,1756652405.0,0.012
2025-08-31 16:00:00,1756656012.0,0.012
2025-08-31 17:00:00,1756659620.0,0.012
2025-08-31 18:00:00,1756663212.0,0.012
2025-08-31 19:00:00,1756666821.0,0.012
2025-08-31 20:00:00,1756670414.0,0.012
2025-08-31 21:00:00,1756674021.0,0.012
2025-08-31 22:00:00,1756677621.0,0.012
2025-08-31 23:00:00,1756681212.0,0.012
2025-09-01 00:00:00,1756684811.0,0.012
2025-09-01 01:00:00,1756688403.0,0.012
2025-09-01 02:00:00,1756692014.0,0.012
2025-09-01 03:00:00,1756695602.0,0.012
2025-09-01 04:00:00,1756699208.0,0.012
2025-09-01 05:00:00,1756702819.0,0.012
2025-09-01 06:00:00,1756706415.0,0.012
2025-09-01 07:00:00,1756710008.0,0.012
2025-09-01 08:00:00,1756713619.0,0.012
2025-09-01 09:00:00,1756717206.0,0.012
2025-09-01 10:00:00,1756720812.0,0.012
2025-09-01 11:00:00,1756724413.0,0.012
2025-09-01 12:00:00,1756728010.0,0.012
2025-09-01 13:00:00,1756731612.0,0.012
2025-09-01 14:00:00,1756735213.0,0.012
2025-09-01 15:00:00,1756738806.0,0.012
2025-09-01 16:00:00,1756742404.0,0.012
2025-09-01 17:00:00,1756746019.0,0.012
2025-09-01 18:00:00,1756749612.0,0.012
2025-09-01 19:00:00,1756753208.0,0.012
2025-09-01 20:00:00,1756756805.0,0.012
2025-09-01 21:00:00,1756760407.0,0.012
2025-09-01 22:00:00,1756764008.0,0.012
2025-09-01 23:00:00,1756767614.0,0.012
2025-09-02 00:00:00,1756771209.0,0.012
2025-09-02 01:00:00,1756774807.0,0.012
2025-09-02 02:00:00,1756778408.0,0.012
2025-09-02 03:00:00,1756782021.0,0.012
2025-09-02 04:00:00,1756785603.0,0.012
2025-09-02 05:00:00,1756789212.0,0.012
2025-09-02 06:00:00,1756792811.0,0.012
2025-09-02 07:00:00,1756796415.0,0.012
2025-09-02 08:00:00,1756800007.0,0.012
2025-09-02 09:00:00,1756803615.0,0.012
2025-09-02 10:00:00,1756807217.0,0.012
2025-09-02 11:00:00,1756810806.0,0.012
2025-09-02 12:00:00,1756814405.0,0.012
2025-09-02 13:00:00,1756818002.0,0.0115
2025-09-02 14:00:00,1756821612.0,0.0115
2025-09-02 15:00:00,1756825214.0,0.0115
2025-09-02 16:00:00,1756828805.0,0.0115
2025-09-02 17:00:00,1756832423.0,0.0115
2025-09-02 18:00:00,1756836003.0,0.0115
2025-09-02 19:00:00,1756839617.0,0.0115
2025-09-02 20:00:00,1756843202.0,0.0115
2025-09-02 21:00:00,1756846812.0,0.0115
2025-09-02 22:00:00,1756850416.0,0.0115
2025-09-02 23:00:00,1756854019.0,0.0115
2025-09-03 00:00:00,1756857614.0,0.0115
2025-09-03 01:00:00,1756861211.0,0.0115
2025-09-03 02:00:00,1756864802.0,0.0115
2025-09-03 03:00:00,1756868421.0,0.0115
2025-09-03 04:00:00,1756872022.0,0.0115
2025-09-03 05:00:00,1756875615.0,0.0115
2025-09-03 06:00:00,1756879212.0,0.0115
2025-09-03 07:00:00,1756882823.0,0.0115
2025-09-03 08:00:00,1756886406.0,0.0115
2025-09-03 09:00:00,1756890002.0,0.0115
2025-09-03 10:00:00,1756893604.0,0.0115
2025-09-03 11:00:00,1756897223.0,0.0115
2025-09-03 12:00:00,1756900814.0,0.0115
2025-09-03 13:00:00,1756904407.0,0.0115
2025-09-03 14:00:00,1756908004.0,0.0115
2025-09-03 15:00:00,1756911611.0,0.0115
2025-09-03 16:00:00,1756915210.0,0.0115
2025-09-03 17:00:00,1756918818.0,0.0115
2025-09-03 18:00:00,1756922409.0,0.0115
2025-09-03 19:00:00,1756926006.0,0.0115
2025-09-03 20:00:00,1756929616.0,0.0115
2025-09-03 21:00:00,1756933214.0,0.0115
2025-09-03 22:00:00,1756936815.0,0.0115
2025-09-03 23:00:00,1756940402.0,0.0115
2025-09-04 00:00:00,1756944004.0,0.0115
2025-09-04 01:00:00,1756947604.0,0.0115
2025-09-04 02:00:00,1756951210.0,0.0115
2025-09-04 03:00:00,1756954823.0,0.0115
2025-09-04 04:00:00,1756958418.0,0.0115
2025-09-04 05:00:00,1756962016.0,0.0115
2025-09-04 06:00:00,1756965620.0,0.0115
2025-09-04 07:00:00,1756969217.0,0.0115
2025-09-04 08:00:00,1756972820.0,0.0115
2025-09-04 09:00:00,1756976404.0,0.0115
2025-09-04 10:00:00,1756980016.0,0.0115
2025-09-04 11:00:00,1756983615.0,0.0115
2025-09-04 12:00:00,1756987231.0,0.0115
2025-09-04 13:00:00,1756990810.0,0.0115
2025-09-04 14:00:00,1756994415.0,0.0115
2025-09-04 15:00:00,1756998016.0,0.0115
2025-09-04 16:00:00,1757001619.0,0.0115
2025-09-04 17:00:00,1757005204.0,0.0115
2025-09-04 18:00:00,1757008810.0,0.0115
2025-09-04 19:00:00,1757012420.0,0.0115
2025-09-04 20:00:00,1757016021.0,0.0115
2025-09-04 21:00:00,1757019602.0,0.0115
2025-09-04 22:00:00,1757023214.0,0.0115
2025-09-04 23:00:00,1757026820.0,0.0115
2025-09-05 00:00:00,1757030407.0,0.0115
2025-09-05 01:00:00,1757034009.0,0.0115
2025-09-05 02:00:00,1757037604.0,0.0115
2025-09-05 03:00:00,1757041209.0,0.0115
2025-09-05 04:00:00,1757044802.0,0.0115
2025-09-05 05:00:00,1757048411.0,0.0115
2025-09-05 06:00:00,1757052019.0,0.0115
2025-09-05 07:00:00,1757055605.0,0.0115
2025-09-05 08:00:00,1757059212.0,0.0115
2025-09-05 09:00:00,1757062811.0,0.0115
2025-09-05 10:00:00,1757066420.0,0.0115
2025-09-05 11:00:00,1757070011.0,0.0115
2025-09-05 12:00:00,1757073616.0,0.0115
2025-09-05 13:00:00,1757077211.0,0.0115
2025-09-05 14:00:00,1757080804.0,0.0115
2025-09-05 15:00:00,1757084410.0,0.0115
2025-09-05 16:00:00,1757088015.0,0.0115
2025-09-05 17:00:00,1757091626.0,0.0115
2025-09-05 18:00:00,1757095207.0,0.0115
2025-09-05 19:00:00,1757098813.0,0.0115
2025-09-05 20:00:00,1757102403.0,0.0115
2025-09-05 21:00:00,1757106016.0,0.0115
2025-09-05 22:00:00,1757109618.0,0.0085
2025-09-05 23:00:00,1757113208.0,0.0085
2025-09-06 00:00:00,1757116802.0,0.0085
2025-09-06 01:00:00,1757120404.0,0.0085
2025-09-06 02:00:00,1757124008.0,0.0085
2025-09-06 03:00:00,1757127623.0,0.0085
2025-09-06 04:00:00,1757131211.0,0.0085
2025-09-06 05:00:00,1757134810.0,0.0085
2025-09-06 06:00:00,1757138408.0,0.0085
2025-09-06 07:00:00,1757142017.0,0.0085
2025-09-06 08:00:00,1757145611.0,0.0085
2025-09-06 09:00:00,1757149202.0,0.0085
2025-09-06 10:00:00,1757152824.0,0.0085
2025-09-06 11:00:00,1757156413.0,0.0085
2025-09-06 12:00:00,1757160016.0,0.0085
2025-09-06 13:00:00,1757163610.0,0.0085
2025-09-06 14:00:00,1757167222.0,0.0085
2025-09-06 15:00:00,1757170818.0,0.0085
2025-09-06 16:00:00,1757174408.0,0.0085
2025-09-06 17:00:00,1757178014.0,0.0085
2025-09-06 18:00:00,1757181613.0,0.008
2025-09-06 19:00:00,1757185221.0,0.008
2025-09-06 20:00:00,1757188804.0,0.008
2025-09-06 21:00:00,1757192406.0,0.008
2025-09-06 22:00:00,1757196011.0,0.008
2025-09-06 23:00:00,1757199618.0,0.008
2025-09-07 00:00:00,1757203209.0,0.008
2025-09-07 01:00:00,1757206811.0,0.008
2025-09-07 02:00:00,1757210415.0,0.008
2025-09-07 03:00:00,1757214005.0,0.008
2025-09-07 04:00:00,1757217603.0,0.008
2025-09-07 05:00:00,1757221211.0,0.008
2025-09-07 06:00:00,1757224818.0,0.008
2025-09-07 07:00:00,1757228406.0,0.008
2025-09-07 08:00:00,1757232006.0,0.008
2025-09-07 09:00:00,1757235626.0,0.008
2025-09-07 10:00:00,1757239215.0,0.008
2025-09-07 11:00:00,1757242805.0,0.008
2025-09-07 12:00:00,1757246432.0,0.008
2025-09-07 13:00:00,1757250019.0,0.008
2025-09-07 14:00:00,1757253621.0,0.008
2025-09-07 15:00:00,1757257207.0,0.008
2025-09-07 16:00:00,1757260806.0,0.008
2025-09-07 17:00:00,1757264416.0,0.008
2025-09-07 18:00:00,1757268021.0,0.008
2025-09-07 19:00:00,1757271610.0,0.008
2025-09-07 20:00:00,1757275205.0,0.008
2025-09-07 21:00:00,1757278804.0,0.008
2025-09-07 22:00:00,1757282419.0,0.008
2025-09-07 23:00:00,1757286009.0,0.008
2025-09-08 00:00:00,1757289617.0,0.008
2025-09-08 01:00:00,1757293202.0,0.008
2025-09-08 02:00:00,1757296807.0,0.008
2025-09-08 03:00:00,1757300420.0,0.008
2025-09-08 04:00:00,1757304017.0,0.008
2025-09-08 05:00:00,1757307622.0,0.008
2025-09-08 06:00:00,1757311211.0,0.008
2025-09-08 07:00:00,1757314816.0,0.008
2025-09-08 08:00:00,1757318410.0,0.008
2025-09-08 09:00:00,1757322009.0,0.008
2025-09-08 10:00:00,1757325602.0,0.008
2025-09-08 11:00:00,1757329211.0,0.008
2025-09-08 12:00:00,1757332814.0,0.008
2025-09-08 13:00:00,1757336418.0,0.008
2025-09-08 14:00:00,1757340012.0,0.008
2025-09-08 15:00:00,1757343608.0,0.008
2025-09-08 16:00:00,1757347221.0,0.008
2025-09-08 17:00:00,1757350824.0,0.008
2025-09-08 18:00:00,1757354405.0,0.008
2025-09-08 19:00:00,1757358002.0,0.008
2025-09-08 20:00:00,1757361616.0,0.007
2025-09-08 21:00:00,1757365215.0,0.007
2025-09-08 22:00:00,1757368808.0,0.007
2025-09-08 23:00:00,1757372414.0,0.007
2025-09-09 00:00:00,1757376005.0,0.007
2025-09-09 01:00:00,1757379612.0,0.0055
2025-09-09 02:00:00,1757383212.0,0.0055
2025-09-09 03:00:00,1757386804.0,0.0055
2025-09-09 04:00:00,1757390416.0,0.0055
2025-09-09 05:00:00,1757394017.0,0.0055
2025-09-09 06:00:00,1757397609.0,0.0055
2025-09-09 07:00:00,1757401222.0,0.0055
2025-09-09 08:00:00,1757404804.0,0.007
2025-09-09 09:00:00,1757408412.0,0.007
2025-09-09 10:00:00,1757412009.0,0.007
2025-09-09 11:00:00,1757415605.0,0.007
2025-09-09 12:00:00,1757419212.0,0.0055
2025-09-09 13:00:00,1757422802.0,0.0055
2025-09-09 14:00:00,1757426404.0,0.0055
2025-09-09 15:00:00,1757430018.0,0.0055
2025-09-09 16:00:00,1757433616.0,0.0055
2025-09-09 17:00:00,1757437212.0,0.0055
2025-09-09 18:00:00,1757440825.0,0.0055
2025-09-09 19:00:00,1757444402.0,0.0055
2025-09-09 20:00:00,1757448016.0,0.0055
2025-09-09 21:00:00,1757451616.0,0.0055
2025-09-09 22:00:00,1757455207.0,0.0055
2025-09-09 23:00:00,1757458813.0,0.005
2025-09-10 00:00:00,1757462402.0,0.005
2025-09-10 01:00:00,1757466009.0,0.005
2025-09-10 02:00:00,1757469617.0,0.005
2025-09-10 03:00:00,1757473209.0,0.005
2025-09-10 04:00:00,1757476819.0,0.005
2025-09-10 05:00:00,1757480402.0,0.005
2025-09-10 06:00:00,1757484015.0,0.005
2025-09-10 07:00:00,1757487608.0,0.005
2025-09-10 08:00:00,1757491219.0,0.005
2025-09-10 09:00:00,1757494806.0,0.005
2025-09-10 10:00:00,1757498408.0,0.005
2025-09-10 11:00:00,1757502010.0,0.005
2025-09-10 12:00:00,1757505605.0,0.005
2025-09-10 13:00:00,1757509206.0,0.005
2025-09-10 14:00:00,1757512809.0,0.005
2025-09-10 15:00:00,1757516411.0,0.005
2025-09-10 16:00:00,1757520003.0,0.005
2025-09-10 17:00:00,1757523609.0,0.005
2025-09-10 18:00:00,1757527223.0,0.005
2025-09-10 19:00:00,1757530805.0,0.005
2025-09-10 20:00:00,1757534408.0,0.005
2025-09-10 21:00:00,1757538021.0,0.005
2025-09-10 22:00:00,1757541610.0,0.005
2025-09-10 23:00:00,1757545210.0,0.005
2025-09-11 00:00:00,1757548804.0,0.005
2025-09-11 01:00:00,1757552410.0,0.005
2025-09-11 02:00:00,1757556011.0,0.005
2025-09-11 03:00:00,1757559607.0,0.004
2025-09-11 04:00:00,1757563209.0,0.004
2025-09-11 05:00:00,1757566803.0,0.004
2025-09-11 06:00:00,1757570418.0,0.004
2025-09-11 07:00:00,1757574006.0,0.004
2025-09-11 08:00:00,1757577611.0,0.004
2025-09-11 09:00:00,1757581222.0,0.004
2025-09-11 10:00:00,1757584805.0,0.004
2025-09-11 11:00:00,1757588408.0,0.004
2025-09-11 12:00:00,1757592014.0,0.004
2025-09-11 13:00:00,1757595613.0,0.004
2025-09-11 14:00:00,1757599216.0,0.004
2025-09-11 15:00:00,1757602810.0,0.004
2025-09-11 16:00:00,1757606413.0,0.004
2025-09-11 17:00:00,1757610006.0,0.004
2025-09-11 18:00:00,1757613620.0,0.004
2025-09-11 19:00:00,1757617214.0,0.0045
2025-09-11 20:00:00,1757620821.0,0.004
2025-09-11 21:00:00,1757624430.0,0.004
2025-09-11 22:00:00,1757628015.0,0.004
2025-09-11 23:00:00,1757631602.0,0.004
2025-09-12 00:00:00,1757635203.0,0.004
2025-09-12 01:00:00,1757638812.0,0.004
2025-09-12 02:00:00,1757642421.0,0.004
2025-09-12 03:00:00,1757646006.0,0.004
2025-09-12 04:00:00,1757649615.0,0.004
2025-09-12 05:00:00,1757653212.0,0.004
2025-09-12 06:00:00,1757656804.0,0.004
2025-09-12 07:00:00,1757660408.0,0.004
2025-09-12 08:00:00,1757664012.0,0.004
2025-09-12 09:00:00,1757667610.0,0.004
2025-09-12 10:00:00,1757671229.0,0.004
2025-09-12 11:00:00,1757674814.0,0.004
2025-09-12 12:00:00,1757678411.0,0.004
2025-09-12 13:00:00,1757682018.0,0.004
2025-09-12 14:00:00,1757685622.0,0.004
2025-09-12 15:00:00,1757689211.0,0.004
2025-09-12 16:00:00,1757692810.0,0.004
2025-09-12 17:00:00,1757696411.0,0.004
2025-09-12 18:00:00,1757700031.0,0.004
2025-09-12 19:00:00,1757703609.0,0.003
2025-09-12 20:00:00,1757707202.0,0.003
2025-09-12 21:00:00,1757710826.0,0.003
2025-09-12 22:00:00,1757714412.0,0.003
2025-09-12 23:00:00,1757718007.0,0.003
2025-09-13 00:00:00,1757721603.0,0.003
2025-09-13 01:00:00,1757725206.0,0.003
2025-09-13 02:00:00,1757728806.0,0.003
2025-09-13 03:00:00,1757732408.0,0.003
2025-09-13 04:00:00,1757736018.0,0.003
2025-09-13 05:00:00,1757739604.0,0.003
2025-09-13 06:00:00,1757743222.0,0.003
2025-09-13 07:00:00,1757746811.0,0.0025
2025-09-13 08:00:00,1757750419.0,0.0025
2025-09-13 09:00:00,1757754018.0,0.0025
2025-09-13 10:00:00,1757757622.0,0.0025
2025-09-13 11:00:00,1757761205.0,0.0025
2025-09-13 12:00:00,1757764833.0,0.0025
2025-09-13 13:00:00,1757768403.0,0.0025
2025-09-13 14:00:00,1757772011.0,0.0025
2025-09-13 15:00:00,1757775608.0,0.0025
2025-09-13 16:00:00,1757779215.0,0.0025
2025-09-13 17:00:00,1757782818.0,0.0025
2025-09-13 18:00:00,1757786422.0,0.0025
2025-09-13 19:00:00,1757790007.0,0.0025
2025-09-13 20:00:00,1757793605.0,0.0025
2025-09-13 21:00:00,1757797212.0,0.0025
2025-09-13 22:00:00,1757800812.0,0.0025
2025-09-13 23:00:00,1757804414.0,0.0025
2025-09-14 00:00:00,1757808010.0,0.0025
2025-09-14 01:00:00,1757811616.0,0.0025
2025-09-14 02:00:00,1757815206.0,0.0025
2025-09-14 03:00:00,1757818817.0,0.0025
2025-09-14 04:00:00,1757822414.0,0.0025
2025-09-14 05:00:00,1757826017.0,0.0025
2025-09-14 06:00:00,1757829610.0,0.0025
2025-09-14 07:00:00,1757833214.0,0.0025
2025-09-14 08:00:00,1757836803.0,0.0025
2025-09-14 09:00:00,1757840406.0,0.0025
2025-09-14 10:00:00,1757844020.0,0.0025
2025-09-14 11:00:00,1757847606.0,0.0025
2025-09-14 12:00:00,1757851213.0,0.0025
2025-09-14 13:00:00,1757854813.0,0.0025
2025-09-14 14:00:00,1757858402.0,0.0025
2025-09-14 15:00:00,1757862020.0,0.0025
2025-09-14 16:00:00,1757865605.0,0.0025
2025-09-14 17:00:00,1757869226.0,0.0025
2025-09-14 18:00:00,1757872809.0,0.0025
2025-09-14 19:00:00,1757876416.0,0.0025
2025-09-14 20:00:00,1757880014.0,0.0025
2025-09-14 21:00:00,1757883602.0,0.0025
2025-09-14 22:00:00,1757887210.0,0.0025
2025-09-14 23:00:00,1757890820.0,0.0025
2025-09-15 00:00:00,1757894409.0,0.0025
2025-09-15 01:00:00,1757898010.0,0.0025
2025-09-15 02:00:00,1757901615.0,0.0025
2025-09-15 03:00:00,1757905215.0,0.0025
2025-09-15 04:00:00,1757908816.0,0.0025
2025-09-15 05:00:00,1757912415.0,0.0025
2025-09-15 06:00:00,1757916019.0,0.0025
2025-09-15 07:00:00,1757919618.0,0.0025
2025-09-15 08:00:00,1757923219.0,0.0025
2025-09-15 09:00:00,1757926817.0,0.0025
2025-09-15 10:00:00,1757930422.0,0.0025
2025-09-15 11:00:00,1757934013.0,0.0025
2025-09-15 12:00:00,1757937631.0,0.0025
2025-09-15 13:00:00,1757941204.0,0.0025
2025-09-15 14:00:00,1757944805.0,0.0025
2025-09-15 15:00:00,1757948414.0,0.0025
2025-09-15 16:00:00,1757952005.0,0.0025
2025-09-15 17:00:00,1757955606.0,0.0025
2025-09-15 18:00:00,1757959220.0,0.0025
2025-09-15 19:00:00,1757962820.0,0.002
2025-09-15 20:00:00,1757966413.0,0.0025
2025-09-15 21:00:00,1757970014.0,0.0025
2025-09-15 22:00:00,1757973619.0,0.0025
2025-09-15 23:00:00,1757977215.0,0.0025
2025-09-16 00:00:00,1757980819.0,0.0025
2025-09-16 01:00:00,1757984415.0,0.0025
2025-09-16 02:00:00,1757988004.0,0.0025
2025-09-16 03:00:00,1757991608.0,0.0025
2025-09-16 04:00:00,1757995210.0,0.0025
2025-09-16 05:00:00,1757998807.0,0.0025
2025-09-16 06:00:00,1758002402.0,0.0025
2025-09-16 07:00:00,1758006019.0,0.0025
2025-09-16 08:00:00,1758009617.0,0.0025
2025-09-16 09:00:00,1758013216.0,0.0025
2025-09-16 10:00:00,1758016807.0,0.0025
2025-09-16 11:00:00,1758020406.0,0.0025
2025-09-16 12:00:00,1758024005.0,0.0025
2025-09-16 13:00:00,1758027608.0,0.0025
2025-09-16 14:00:00,1758031206.0,0.0025
2025-09-16 15:00:00,1758034807.0,0.0025
2025-09-16 16:00:00,1758038413.0,0.0025
2025-09-16 17:00:00,1758042005.0,0.0025
2025-09-16 18:00:00,1758045625.0,0.0025
2025-09-16 19:00:00,1758049211.0,0.0025
2025-09-16 20:00:00,1758052818.0,0.0025
2025-09-16 21:00:00,1758056430.0,0.0025
2025-09-16 22:00:00,1758060016.0,0.0025
2025-09-16 23:00:00,1758063616.0,0.0025
2025-09-17 00:00:00,1758067202.0,0.0025
2025-09-17 01:00:00,1758070813.0,0.0025
2025-09-17 02:00:00,1758074409.0,0.0025
2025-09-17 03:00:00,1758078029.0,0.0025
2025-09-17 04:00:00,1758081604.0,0.0025
2025-09-17 05:00:00,1758085213.0,0.0025
2025-09-17 06:00:00,1758088807.0,0.0025
2025-09-17 07:00:00,1758092412.0,0.0025
2025-09-17 08:00:00,1758096013.0,0.0025
2025-09-17 09:00:00,1758099622.0,0.0025
2025-09-17 10:00:00,1758103211.0,0.0025
2025-09-17 11:00:00,1758106807.0,0.0025
2025-09-17 12:00:00,1758110416.0,0.0025
2025-09-17 13:00:00,1758114012.0,0.0025
2025-09-17 14:00:00,1758117613.0,0.0025
2025-09-17 15:00:00,1758121214.0,0.0025
2025-09-17 16:00:00,1758124818.0,0.0015
2025-09-17 17:00:00,1758128411.0,0.0015
2025-09-17 18:00:00,1758132237.0,0.0015
2025-09-17 19:00:00,1758135603.0,0.0015
2025-09-17 20:00:00,1758139210.0,0.0015
2025-09-17 21:00:00,1758142814.0,0.0015
2025-09-17 22:00:00,1758146408.0,0.0015
2025-09-17 23:00:00,1758150006.0,0.0015
2025-09-18 00:00:00,1758153606.0,0.0015
2025-09-18 01:00:00,1758157203.0,0.0015
2025-09-18 02:00:00,1758160812.0,0.0015
2025-09-18 03:00:00,1758164419.0,0.0015
2025-09-18 04:00:00,1758168003.0,0.0015
2025-09-18 05:00:00,1758171614.0,0.0015
2025-09-18 06:00:00,1758175223.0,0.0015
2025-09-18 07:00:00,1758178814.0,0.0015
2025-09-18 08:00:00,1758182410.0,0.0015
2025-09-18 09:00:00,1758186004.0,0.0015
2025-09-18 10:00:00,1758189608.0,0.0015
2025-09-18 11:00:00,1758193215.0,0.0015
2025-09-18 12:00:00,1758196834.0,0.0015
2025-09-18 13:00:00,1758200406.0,0.0015
2025-09-18 14:00:00,1758204004.0,0.0015
2025-09-18 15:00:00,1758207610.0,0.0015
2025-09-18 16:00:00,1758211215.0,0.0015
2025-09-18 17:00:00,1758214816.0,0.0015
2025-09-18 18:00:00,1758218415.0,0.0015
2025-09-18 19:00:00,1758222023.0,0.0015
2025-09-18 20:00:00,1758225609.0,0.0015
2025-09-18 21:00:00,1758229217.0,0.0015
2025-09-18 22:00:00,1758232815.0,0.0015
2025-09-18 23:00:00,1758236402.0,0.0015
2025-09-19 00:00:00,1758240009.0,0.0015
2025-09-19 01:00:00,1758243606.0,0.0015
2025-09-19 02:00:00,1758247213.0,0.0015
2025-09-19 03:00:00,1758250822.0,0.0015
2025-09-19 04:00:00,1758254402.0,0.0015
2025-09-19 05:00:00,1758258004.0,0.0015
2025-09-19 06:00:00,1758261603.0,0.0015
2025-09-19 07:00:00,1758265220.0,0.0015
2025-09-19 08:00:00,1758268805.0,0.0015
2025-09-19 09:00:00,1758272420.0,0.0015
2025-09-19 10:00:00,1758276003.0,0.001
2025-09-19 11:00:00,1758279610.0,0.001
2025-09-19 12:00:00,1758283223.0,0.001
2025-09-19 13:00:00,1758286802.0,0.001
2025-09-19 14:00:00,1758290408.0,0.001
2025-09-19 15:00:00,1758294019.0,0.001
2025-09-19 16:00:00,1758297604.0,0.001
2025-09-19 17:00:00,1758301222.0,0.001
2025-09-19 18:00:00,1758304827.0,0.001
2025-09-19 19:00:00,1758308404.0,0.001
2025-09-19 20:00:00,1758312012.0,0.001
2025-09-19 21:00:00,1758315622.0,0.001
2025-09-19 22:00:00,1758319214.0,0.001
2025-09-19 23:00:00,1758322802.0,0.001
2025-09-20 00:00:00,1758326410.0,0.001
2025-09-20 01:00:00,1758330016.0,0.001
2025-09-20 02:00:00,1758333606.0,0.001
2025-09-20 03:00:00,1758337212.0,0.001
2025-09-20 04:00:00,1758340808.0,0.001
2025-09-20 05:00:00,1758344409.0,0.001
2025-09-20 06:00:00,1758348002.0,0.001
2025-09-20 07:00:00,1758351608.0,0.001
2025-09-20 08:00:00,1758355211.0,0.001
2025-09-20 09:00:00,1758358809.0,0.001
2025-09-20 10:00:00,1758362404.0,0.001
2025-09-20 11:00:00,1758366013.0,0.001
2025-09-20 12:00:00,1758369637.0,0.001
2025-09-20 13:00:00,1758373219.0,0.001
2025-09-20 14:00:00,1758376817.0,0.001
2025-09-20 15:00:00,1758380407.0,0.001
2025-09-20 16:00:00,1758384005.0,0.001
2025-09-20 17:00:00,1758387606.0,0.001
2025-09-20 18:00:00,1758391218.0,0.001
2025-09-20 19:00:00,1758394813.0,0.001
2025-09-20 20:00:00,1758398402.0,0.001
2025-09-20 21:00:00,1758402027.0,0.001
2025-09-20 22:00:00,1758405624.0,0.001
2025-09-20 23:00:00,1758409205.0,0.001
2025-09-21 00:00:00,1758412809.0,0.001
2025-09-21 01:00:00,1758416407.0,0.001
2025-09-21 02:00:00,1758420014.0,0.001
2025-09-21 03:00:00,1758423614.0,0.001
2025-09-21 04:00:00,1758427212.0,0.001
2025-09-21 05:00:00,1758430810.0,0.001
2025-09-21 06:00:00,1758434405.0,0.001
2025-09-21 07:00:00,1758438021.0,0.001
2025-09-21 08:00:00,1758441602.0,0.001
2025-09-21 09:00:00,1758445221.0,0.001
2025-09-21 10:00:00,1758448821.0,0.001
2025-09-21 11:00:00,1758452419.0,0.001
2025-09-21 12:00:00,1758456012.0,0.001
2025-09-21 13:00:00,1758459602.0,0.001
2025-09-21 14:00:00,1758463214.0,0.001
2025-09-21 15:00:00,1758466812.0,0.001
2025-09-21 16:00:00,1758470416.0,0.001
2025-09-21 17:00:00,1758474006.0,0.001
2025-09-21 18:00:00,1758477617.0,0.001
2025-09-21 19:00:00,1758481218.0,0.001
2025-09-21 20:00:00,1758484815.0,0.001
2025-09-21 21:00:00,1758488418.0,0.001
2025-09-21 22:00:00,1758492019.0,0.001
2025-09-21 23:00:00,1758495615.0,0.001
2025-09-22 00:00:00,1758499209.0,0.001
2025-09-22 01:00:00,1758502814.0,0.001
2025-09-22 02:00:00,1758506412.0,0.001
2025-09-22 03:00:00,1758510006.0,0.001
2025-09-22 04:00:00,1758513614.0,0.001
2025-09-22 05:00:00,1758517222.0,0.001
2025-09-22 06:00:00,1758520814.0,0.001
2025-09-22 07:00:00,1758524415.0,0.001
2025-09-22 08:00:00,1758528007.0,0.001
2025-09-22 09:00:00,1758531618.0,0.001
2025-09-22 10:00:00,1758535223.0,0.001
2025-09-22 11:00:00,1758538802.0,0.001
2025-09-22 12:00:00,1758542405.0,0.001
2025-09-22 13:00:00,1758546011.0,0.0005
2025-09-22 14:00:00,1758549618.0,0.0005
2025-09-22 15:00:00,1758553212.0,0.0005
2025-09-22 16:00:00,1758556804.0,0.0005
2025-09-22 17:00:00,1758560417.0,0.0005
2025-09-22 18:00:00,1758564013.0,0.0005
2025-09-22 19:00:00,1758567616.0,0.0005
2025-09-22 20:00:00,1758571206.0,0.0005
2025-09-22 21:00:00,1758574822.0,0.0005
2025-09-22 22:00:00,1758578417.0,0.0005
2025-09-22 23:00:00,1758582006.0,0.001
2025-09-23 00:00:00,1758585605.0,0.001
2025-09-23 01:00:00,1758589204.0,0.001
2025-09-23 02:00:00,1758592804.0,0.001
2025-09-23 03:00:00,1758596416.0,0.001
2025-09-23 04:00:00,1758600022.0,0.001
2025-09-23 05:00:00,1758603613.0,0.001
2025-09-23 06:00:00,1758607209.0,0.001
2025-09-23 07:00:00,1758610821.0,0.001
2025-09-23 08:00:00,1758614423.0,0.001
2025-09-23 09:00:00,1758618018.0,0.001
2025-09-23 10:00:00,1758621617.0,0.001
2025-09-23 11:00:00,1758625215.0,0.001
2025-09-23 12:00:00,1758628828.0,0.001
2025-09-23 13:00:00,1758632411.0,0.001
2025-09-23 14:00:00,1758636021.0,0.001
2025-09-23 15:00:00,1758639620.0,0.001
2025-09-23 16:00:00,1758643213.0,0.001
2025-09-23 17:00:00,1758646807.0,0.001
2025-09-23 18:00:00,1758650416.0,0.001
2025-09-23 19:00:00,1758654004.0,0.001
2025-09-23 20:00:00,1758657620.0,0.001
2025-09-23 21:00:00,1758661205.0,0.001
2025-09-23 22:00:00,1758664808.0,0.001
2025-09-23 23:00:00,1758668411.0,0.001
2025-09-24 00:00:00,1758672010.0,0.001
2025-09-24 01:00:00,1758675613.0,0.001
2025-09-24 02:00:00,1758679211.0,0.001
2025-09-24 03:00:00,1758682802.0,0.001
2025-09-24 04:00:00,1758686419.0,0.001
2025-09-24 05:00:00,1758690023.0,0.001
2025-09-24 06:00:00,1758693613.0,0.001
2025-09-24 07:00:00,1758697215.0,0.001
2025-09-24 08:00:00,1758700821.0,0.001
2025-09-24 09:00:00,1758704408.0,0.001
2025-09-24 10:00:00,1758708007.0,0.001
2025-09-24 11:00:00,1758711608.0,0.001
2025-09-24 12:00:00,1758715213.0,0.001
2025-09-24 13:00:00,1758718808.0,0.001
2025-09-24 14:00:00,1758722403.0,0.001
2025-09-24 15:00:00,1758726003.0,0.001
2025-09-24 16:00:00,1758729612.0,0.001
2025-09-24 17:00:00,1758733202.0,0.001
2025-09-24 18:00:00,1758736815.0,0.001
2025-09-24 19:00:00,1758740406.0,0.001
2025-09-24 20:00:00,1758744012.0,0.001
2025-09-24 21:00:00,1758747614.0,0.001
2025-09-24 22:00:00,1758751214.0,0.001
2025-09-24 23:00:00,1758754807.0,0.001
2025-09-25 00:00:00,1758758406.0,0.001
2025-09-25 01:00:00,1758762006.0,0.001
2025-09-25 02:00:00,1758765607.0,0.001
2025-09-25 03:00:00,1758769205.0,0.001
2025-09-25 04:00:00,1758772809.0,0.001
2025-09-25 05:00:00,1758776403.0,0.001
2025-09-25 06:00:00,1758780009.0,0.001
2025-09-25 07:00:00,1758783607.0,0.001
2025-09-25 08:00:00,1758787203.0,0.001
2025-09-25 09:00:00,1758790806.0,0.001
2025-09-25 10:00:00,1758794406.0,0.001
2025-09-25 11:00:00,1758798013.0,0.001
2025-09-25 12:00:00,1758801614.0,0.001
2025-09-25 13:00:00,1758805204.0,0.001
2025-09-25 14:00:00,1758808805.0,0.001
2025-09-25 15:00:00,1758812413.0,0.001
2025-09-25 16:00:00,1758816008.0,0.001
2025-09-25 17:00:00,1758819604.0,0.001
2025-09-25 18:00:00,1758823202.0,0.001
2025-09-25 19:00:00,1758826810.0,0.001
2025-09-25 20:00:00,1758830408.0,0.001
2025-09-25 21:00:00,1758834004.0,0.001
2025-09-25 22:00:00,1758837607.0,0.001
2025-09-25 23:00:00,1758841214.0,0.001
2025-09-26 00:00:00,1758844810.0,0.001
2025-09-26 01:00:00,1758848409.0,0.001
2025-09-26 02:00:00,1758852009.0,0.001
2025-09-26 03:00:00,1758855613.0,0.001
2025-09-26 04:00:00,1758859208.0,0.001
2025-09-26 05:00:00,1758862808.0,0.001
2025-09-26 06:00:00,1758866412.0,0.001
2025-09-26 07:00:00,1758870004.0,0.001
2025-09-26 08:00:00,1758873613.0,0.001
2025-09-26 09:00:00,1758877209.0,0.001
2025-09-26 10:00:00,1758880815.0,0.001
2025-09-26 11:00:00,1758884406.0,0.001
2025-09-26 12:00:00,1758888012.0,0.001
2025-09-26 13:00:00,1758891614.0,0.001
2025-09-26 14:00:00,1758895212.0,0.001
2025-09-26 15:00:00,1758898812.0,0.001
2025-09-26 16:00:00,1758902409.0,0.001
2025-09-26 17:00:00,1758906008.0,0.001
2025-09-26 18:00:00,1758909613.0,0.001
2025-09-26 19:00:00,1758913205.0,0.001
2025-09-26 20:00:00,1758916814.0,0.001
2025-09-26 21:00:00,1758920415.0,0.001
2025-09-26 22:00:00,1758924010.0,0.001
2025-09-26 23:00:00,1758927611.0,0.001
2025-09-27 00:00:00,1758931208.0,0.001
2025-09-27 01:00:00,1758934806.0,0.001
2025-09-27 02:00:00,1758938404.0,0.001
2025-09-27 03:00:00,1758942012.0,0.001
2025-09-27 04:00:00,1758945608.0,0.001
2025-09-27 05:00:00,1758949207.0,0.001
2025-09-27 06:00:00,1758952806.0,0.001
2025-09-27 07:00:00,1758956403.0,0.001
2025-09-27 08:00:00,1758960014.0,0.001
2025-09-27 09:00:00,1758963611.0,0.001
2025-09-27 10:00:00,1758967217.0,0.001
2025-09-27 11:00:00,1758970808.0,0.001
2025-09-27 12:00:00,1758974416.0,0.001
2025-09-27 13:00:00,1758978006.0,0.001
2025-09-27 14:00:00,1758981617.0,0.001
2025-09-27 15:00:00,1758985203.0,0.001
2025-09-27 16:00:00,1758988805.0,0.001
2025-09-27 17:00:00,1758992411.0,0.001
2025-09-27 18:00:00,1758996017.0,0.001
2025-09-27 19:00:00,1758999608.0,0.001
2025-09-27 20:00:00,1759003208.0,0.001
2025-09-27 21:00:00,1759006806.0,0.001
2025-09-27 22:00:00,1759010410.0,0.001
2025-09-27 23:00:00,1759014008.0,0.001
2025-09-28 00:00:00,1759017613.0,0.001
2025-09-28 01:00:00,1759021203.0,0.001
2025-09-28 02:00:00,1759024813.0,0.001
2025-09-28 03:00:00,1759028413.0,0.001
2025-09-28 04:00:00,1759032005.0,0.001
2025-09-28 05:00:00,1759035616.0,0.001
2025-09-28 06:00:00,1759039218.0,0.001
2025-09-28 07:00:00,1759042815.0,0.001
2025-09-28 08:00:00,1759046408.0,0.001
2025-09-28 09:00:00,1759050007.0,0.001
2025-09-28 10:00:00,1759053613.0,0.001
2025-09-28 11:00:00,1759057210.0,0.001
2025-09-28 12:00:00,1759060807.0,0.001
2025-09-28 13:00:00,1759064404.0,0.001
2025-09-28 14:00:00,1759068014.0,0.001
2025-09-28 15:00:00,1759071614.0,0.001
2025-09-28 16:00:00,1759075208.0,0.001
2025-09-28 17:00:00,1759078809.0,0.001
2025-09-28 18:00:00,1759082409.0,0.001
2025-09-28 19:00:00,1759086007.0,0.001
2025-09-28 20:00:00,1759089610.0,0.001
2025-09-28 21:00:00,1759093215.0,0.0015
2025-09-28 22:00:00,1759096810.0,0.001
2025-09-28 23:00:00,1759100404.0,0.001
2025-09-29 00:00:00,1759104006.0,0.001
2025-09-29 01:00:00,1759107603.0,0.001
2025-09-29 02:00:00,1759111210.0,0.001
2025-09-29 03:00:00,1759114809.0,0.001
2025-09-29 04:00:00,1759118413.0,0.001
2025-09-29 05:00:00,1759122007.0,0.001
2025-09-29 06:00:00,1759125614.0,0.001
2025-09-29 07:00:00,1759129208.0,0.001
2025-09-29 08:00:00,1759132804.0,0.001
2025-09-29 09:00:00,1759136410.0,0.001
2025-09-29 10:00:00,1759140009.0,0.001
2025-09-29 11:00:00,1759143604.0,0.001
2025-09-29 12:00:00,1759147204.0,0.001
2025-09-29 13:00:00,1759150804.0,0.001
2025-09-29 14:00:00,1759154406.0,0.001
2025-09-29 15:00:00,1759158004.0,0.001
2025-09-29 16:00:00,1759161607.0,0.005
2025-09-29 17:00:00,1759165207.0,0.002
2025-09-29 18:00:00,1759168807.0,0.0025
2025-09-29 19:00:00,1759172404.0,0.0025
2025-09-29 20:00:00,1759176011.0,0.0025
2025-09-29 21:00:00,1759179608.0,0.0025
2025-09-29 22:00:00,1759183204.0,0.0025
2025-09-29 23:00:00,1759186812.0,0.0025
2025-09-30 00:00:00,1759190402.0,0.0025
2025-09-30 01:00:00,1759194003.0,0.0025
2025-09-30 02:00:00,1759197607.0,0.0025
2025-09-30 03:00:00,1759201212.0,0.0025
2025-09-30 04:00:00,1759204806.0,0.0025
2025-09-30 05:00:00,1759208412.0,0.0025
2025-09-30 06:00:00,1759212006.0,0.0025
2025-09-30 07:00:00,1759215609.0,0.0025
2025-09-30 08:00:00,1759219209.0,0.0025
2025-09-30 09:00:00,1759222814.0,0.0025
2025-09-30 10:00:00,1759226407.0,0.0025
2025-09-30 11:00:00,1759230011.0,0.0025
2025-09-30 12:00:00,1759233610.0,0.003
2025-09-30 13:00:00,1759237207.0,0.0025
2025-09-30 14:00:00,1759240802.0,0.0025
2025-09-30 15:00:00,1759244413.0,0.0025
2025-09-30 16:00:00,1759248006.0,0.0025
2025-09-30 17:00:00,1759251615.0,0.0025
2025-09-30 18:00:00,1759255209.0,0.0025
2025-09-30 19:00:00,1759258802.0,0.0025
2025-09-30 20:00:00,1759262408.0,0.0025
2025-09-30 21:00:00,1759266017.0,0.0025
2025-09-30 22:00:00,1759269605.0,0.0025
2025-09-30 23:00:00,1759273211.0,0.0025
2025-10-01 00:00:00,1759276804.0,0.0025
2025-10-01 01:00:00,1759280409.0,0.0025
2025-10-01 02:00:00,1759284008.0,0.0025
2025-10-01 03:00:00,1759287610.0,0.0025
2025-10-01 04:00:00,1759291205.0,0.0025
2025-10-01 05:00:00,1759294808.0,0.0025
2025-10-01 06:00:00,1759298403.0,0.0025
2025-10-01 07:00:00,1759302003.0,0.0025
2025-10-01 08:00:00,1759305602.0,0.0025
2025-10-01 09:00:00,1759309205.0,0.0025
2025-10-01 10:00:00,1759312804.0,0.0025
2025-10-01 11:00:00,1759316413.0,0.0025
2025-10-01 12:00:00,1759320013.0,0.0025
2025-10-01 13:00:00,1759323611.0,0.0025
2025-10-01 14:00:00,1759327203.0,0.0025
2025-10-01 15:00:00,1759330808.0,0.0025
2025-10-01 16:00:00,1759334408.0,0.0025
2025-10-01 17:00:00,1759338002.0,0.0025
2025-10-01 18:00:00,1759341612.0,0.0025
2025-10-01 19:00:00,1759345213.0,0.0025
2025-10-01 20:00:00,1759348802.0,0.0025
2025-10-01 21:00:00,1759352402.0,0.0025
2025-10-01 22:00:00,1759356002.0,0.0025
2025-10-01 23:00:00,1759359612.0,0.0025
2025-10-02 00:00:00,1759363208.0,0.0025
2025-10-02 01:00:00,1759366808.0,0.0025
2025-10-02 02:00:00,1759370409.0,0.0025
2025-10-02 03:00:00,1759374008.0,0.0025
2025-10-02 04:00:00,1759377610.0,0.0025
2025-10-02 05:00:00,1759381208.0,0.0025
2025-10-02 06:00:00,1759384812.0,0.0025
2025-10-02 07:00:00,1759388409.0,0.0025
2025-10-02 08:00:00,1759392013.0,0.0025
2025-10-02 09:00:00,1759395613.0,0.0025
2025-10-02 10:00:00,1759399205.0,0.0025
2025-10-02 11:00:00,1759402803.0,0.0025
2025-10-02 12:00:00,1759406407.0,0.0025
2025-10-02 13:00:00,1759410010.0,0.0025
2025-10-02 14:00:00,1759413605.0,0.0025
2025-10-02 15:00:00,1759417202.0,0.0025
2025-10-02 16:00:00,1759420814.0,0.0025
2025-10-02 17:00:00,1759424404.0,0.0025
2025-10-02 18:00:00,1759428011.0,0.0025
2025-10-02 19:00:00,1759431607.0,0.0025
2025-10-02 20:00:00,1759435211.0,0.0025
2025-10-02 21:00:00,1759438809.0,0.0025
2025-10-02 22:00:00,1759442407.0,0.0025
2025-10-02 23:00:00,1759446010.0,0.0025
2025-10-03 00:00:00,1759449611.0,0.0025
2025-10-03 01:00:00,1759453203.0,0.0025
2025-10-03 02:00:00,1759456811.0,0.0025
2025-10-03 03:00:00,1759460406.0,0.0025
2025-10-03 04:00:00,1759464015.0,0.0025
2025-10-03 05:00:00,1759467609.0,0.0025
2025-10-03 06:00:00,1759471208.0,0.0025
2025-10-03 07:00:00,1759474814.0,0.0025
2025-10-03 08:00:00,1759478408.0,0.0025
2025-10-03 09:00:00,1759482006.0,0.0025
2025-10-03 10:00:00,1759485607.0,0.0025
2025-10-03 11:00:00,1759489206.0,0.0025
2025-10-03 12:00:00,1759492805.0,0.0025
2025-10-03 13:00:00,1759496406.0,0.0025
2025-10-03 14:00:00,1759500007.0,0.0025
2025-10-03 15:00:00,1759503607.0,0.0025
2025-10-03 16:00:00,1759507207.0,0.0035
2025-10-03 17:00:00,1759510807.0,0.0035
2025-10-03 18:00:00,1759514403.0,0.0035
2025-10-03 19:00:00,1759518005.0,0.0035
2025-10-03 20:00:00,1759521606.0,0.0035
2025-10-03 21:00:00,1759525203.0,0.0035
2025-10-03 22:00:00,1759528807.0,0.0035
2025-10-03 23:00:00,1759532408.0,0.0035
2025-10-04 00:00:00,1759536011.0,0.0035
2025-10-04 01:00:00,1759539602.0,0.0035
2025-10-04 02:00:00,1759543202.0,0.0035
2025-10-04 03:00:00,1759546809.0,0.0035
2025-10-04 04:00:00,1759550407.0,0.0035
2025-10-04 05:00:00,1759554007.0,0.0035
2025-10-04 06:00:00,1759557609.0,0.0035
2025-10-04 07:00:00,1759561202.0,0.0035
2025-10-04 08:00:00,1759564803.0,0.0035
2025-10-04 09:00:00,1759568409.0,0.0035
2025-10-04 10:00:00,1759572007.0,0.0035
2025-10-04 11:00:00,1759575605.0,0.0035
2025-10-04 12:00:00,1759579208.0,0.0035
2025-10-04 13:00:00,1759582806.0,0.0035
2025-10-04 14:00:00,1759586404.0,0.0035
2025-10-04 15:00:00,1759590008.0,0.0035
2025-10-04 16:00:00,1759593605.0,0.0035
2025-10-04 17:00:00,1759597206.0,0.0035
2025-10-04 18:00:00,1759600808.0,0.0035
2025-10-04 19:00:00,1759604406.0,0.0035
2025-10-04 20:00:00,1759608004.0,0.0035
2025-10-04 21:00:00,1759611609.0,0.0035
2025-10-04 22:00:00,1759615205.0,0.0035
2025-10-04 23:00:00,1759618805.0,0.0035
2025-10-05 00:00:00,1759622408.0,0.0035
2025-10-05 01:00:00,1759626004.0,0.0035
2025-10-05 02:00:00,1759629606.0,0.0035
2025-10-05 03:00:00,1759633202.0,0.0035
2025-10-05 04:00:00,1759636806.0,0.0035
2025-10-05 05:00:00,1759640404.0,0.0035
2025-10-05 06:00:00,1759644008.0,0.0035
2025-10-05 07:00:00,1759647607.0,0.0035
2025-10-05 08:00:00,1759651206.0,0.0035
2025-10-05 09:00:00,1759654809.0,0.0035
2025-10-05 10:00:00,1759658405.0,0.0035
2025-10-05 11:00:00,1759662008.0,0.0035
2025-10-05 12:00:00,1759665610.0,0.0035
2025-10-05 13:00:00,1759669207.0,0.0035
2025-10-05 14:00:00,1759672802.0,0.0035
2025-10-05 15:00:00,1759676408.0,0.0035
2025-10-05 16:00:00,1759680007.0,0.0035
2025-10-05 17:00:00,1759683611.0,0.0035
2025-10-05 18:00:00,1759687209.0,0.0035
2025-10-05 19:00:00,1759690807.0,0.0035
2025-10-05 20:00:00,1759694404.0,0.0035
2025-10-05 21:00:00,1759698005.0,0.0035
2025-10-05 22:00:00,1759701606.0,0.0035
2025-10-05 23:00:00,1759705204.0,0.0035
2025-10-06 00:00:00,1759708806.0,0.0035
2025-10-06 01:00:00,1759712407.0,0.0035
2025-10-06 02:00:00,1759716003.0,0.0035
2025-10-06 03:00:00,1759719609.0,0.0035
2025-10-06 04:00:00,1759723207.0,0.0035
2025-10-06 05:00:00,1759726805.0,0.0035
2025-10-06 06:00:00,1759730412.0,0.0035
2025-10-06 07:00:00,1759734013.0,0.0035
2025-10-06 08:00:00,1759737607.0,0.0035
2025-10-06 09:00:00,1759741203.0,0.0035
2025-10-06 10:00:00,1759744806.0,0.0035
2025-10-06 11:00:00,1759748404.0,0.0035
2025-10-06 12:00:00,1759752009.0,0.0035
2025-10-06 13:00:00,1759755607.0,0.006
2025-10-06 14:00:00,1759759206.0,0.006
2025-10-06 15:00:00,1759762809.0,0.006
2025-10-06 16:00:00,1759766406.0,0.006
2025-10-06 17:00:00,1759770009.0,0.006
2025-10-06 18:00:00,1759773608.0,0.006
2025-10-06 19:00:00,1759777205.0,0.006
2025-10-06 20:00:00,1759780807.0,0.006
2025-10-06 21:00:00,1759784405.0,0.006
2025-10-06 22:00:00,1759788011.0,0.006
2025-10-06 23:00:00,1759791603.0,0.006
2025-10-07 00:00:00,1759795211.0,0.005
2025-10-07 01:00:00,1759798805.0,0.005
2025-10-07 02:00:00,1759802406.0,0.005
2025-10-07 03:00:00,1759806014.0,0.0055
2025-10-07 04:00:00,1759809606.0,0.0055
2025-10-07 05:00:00,1759813207.0,0.0055
2025-10-07 06:00:00,1759816809.0,0.0055
2025-10-07 07:00:00,1759820404.0,0.0055
2025-10-07 08:00:00,1759824013.0,0.0055
2025-10-07 09:00:00,1759827610.0,0.0055
2025-10-07 10:00:00,1759831205.0,0.0055
2025-10-07 11:00:00,1759834815.0,0.0055
2025-10-07 12:00:00,1759838414.0,0.0035
2025-10-07 13:00:00,1759842010.0,0.0035
2025-10-07 14:00:00,1759845605.0,0.0035
2025-10-07 15:00:00,1759849209.0,0.0035
2025-10-07 16:00:00,1759852812.0,0.0035
2025-10-07 17:00:00,1759856411.0,0.0035
2025-10-07 18:00:00,1759860008.0,0.0035
2025-10-07 19:00:00,1759863609.0,0.0035
2025-10-07 20:00:00,1759867211.0,0.0035
2025-10-07 21:00:00,1759870814.0,0.0035
2025-10-07 22:00:00,1759874412.0,0.0035
2025-10-07 23:00:00,1759878005.0,0.0035
2025-10-08 00:00:00,1759881606.0,0.0035
2025-10-08 01:00:00,1759885208.0,0.0035
2025-10-08 02:00:00,1759888809.0,0.0035
2025-10-08 03:00:00,1759892414.0,0.0035
2025-10-08 04:00:00,1759896012.0,0.0035
2025-10-08 05:00:00,1759899611.0,0.0035
2025-10-08 06:00:00,1759903205.0,0.0035
2025-10-08 07:00:00,1759906809.0,0.0035
2025-10-08 08:00:00,1759910412.0,0.0035
2025-10-08 09:00:00,1759914008.0,0.0035
2025-10-08 10:00:00,1759917610.0,0.0035
2025-10-08 11:00:00,1759921213.0,0.0035
2025-10-08 12:00:00,1759924819.0,0.0035
2025-10-08 13:00:00,1759928409.0,0.0035
2025-10-08 14:00:00,1759932008.0,0.0035
2025-10-08 15:00:00,1759935614.0,0.0035
2025-10-08 16:00:00,1759939206.0,0.0035
2025-10-08 17:00:00,1759942813.0,0.0035
2025-10-08 18:00:00,1759946411.0,0.0035
2025-10-08 19:00:00,1759950003.0,0.0035
2025-10-08 20:00:00,1759953607.0,0.0035
2025-10-08 21:00:00,1759957213.0,0.0035
2025-10-08 22:00:00,1759960802.0,0.0035
2025-10-08 23:00:00,1759964408.0,0.0035
2025-10-09 00:00:00,1759968013.0,0.0035
2025-10-09 01:00:00,1759971609.0,0.0035
2025-10-09 02:00:00,1759975207.0,0.0035
2025-10-09 03:00:00,1759978809.0,0.0035
2025-10-09 04:00:00,1759982409.0,0.0035
2025-10-09 05:00:00,1759986007.0,0.0035
2025-10-09 06:00:00,1759989606.0,0.0035
2025-10-09 07:00:00,1759993210.0,0.0035
2025-10-09 08:00:00,1759996808.0,0.0035
2025-10-09 09:00:00,1760000411.0,0.0035
2025-10-09 10:00:00,1760004002.0,0.0035
2025-10-09 11:00:00,1760007603.0,0.0035
2025-10-09 12:00:00,1760011202.0,0.0035
2025-10-09 13:00:00,1760014803.0,0.0035
2025-10-09 14:00:00,1760018408.0,0.0035
2025-10-09 15:00:00,1760022017.0,0.0035
2025-10-09 16:00:00,1760025615.0,0.0035
2025-10-09 17:00:00,1760029214.0,0.0035
2025-10-09 18:00:00,1760032804.0,0.0035
2025-10-09 19:00:00,1760036407.0,0.0035
2025-10-09 20:00:00,1760040006.0,0.0035
2025-10-09 21:00:00,1760043618.0,0.006
2025-10-09 22:00:00,1760047205.0,0.006
2025-10-09 23:00:00,1760050805.0,0.006
2025-10-10 00:00:00,1760054407.0,0.005
2025-10-10 01:00:00,1760058015.0,0.0055
2025-10-10 02:00:00,1760061613.0,0.0055
2025-10-10 03:00:00,1760065210.0,0.0055
2025-10-10 04:00:00,1760068816.0,0.006
2025-10-10 05:00:00,1760072413.0,0.006
2025-10-10 06:00:00,1760076017.0,0.0055
2025-10-10 07:00:00,1760079604.0,0.006
2025-10-10 08:00:00,1760083206.0,0.006
2025-10-10 09:00:00,1760086814.0,0.006
2025-10-10 10:00:00,1760090414.0,0.006
2025-10-10 11:00:00,1760094004.0,0.005
2025-10-10 12:00:00,1760097618.0,0.0025
2025-10-10 13:00:00,1760101216.0,0.0025
2025-10-10 14:00:00,1760104806.0,0.0025
2025-10-10 15:00:00,1760108404.0,0.0025
2025-10-10 16:00:00,1760112018.0,0.0025
2025-10-10 17:00:00,1760115605.0,0.0025
2025-10-10 18:00:00,1760119214.0,0.0025
2025-10-10 19:00:00,1760122806.0,0.0025
2025-10-10 20:00:00,1760126415.0,0.0025
2025-10-10 21:00:00,1760130022.0,0.0025
2025-10-10 22:00:00,1760133612.0,0.0055
2025-10-10 23:00:00,1760137207.0,0.005
2025-10-11 00:00:00,1760140806.0,0.0055
2025-10-11 01:00:00,1760144408.0,0.005
2025-10-11 02:00:00,1760148014.0,0.005
2025-10-11 03:00:00,1760151606.0,0.005
2025-10-11 04:00:00,1760155212.0,0.005
2025-10-11 05:00:00,1760158809.0,0.005
2025-10-11 06:00:00,1760162424.0,0.005
2025-10-11 07:00:00,1760166003.0,0.005
2025-10-11 08:00:00,1760169614.0,0.005
2025-10-11 09:00:00,1760173205.0,0.005
2025-10-11 10:00:00,1760176817.0,0.0045
2025-10-11 11:00:00,1760180417.0,0.0045
2025-10-11 12:00:00,1760184024.0,0.004
2025-10-11 13:00:00,1760187615.0,0.0035
2025-10-11 14:00:00,1760191204.0,0.004
2025-10-11 15:00:00,1760194817.0,0.004
2025-10-11 16:00:00,1760198412.0,0.004
2025-10-11 17:00:00,1760202019.0,0.004
2025-10-11 18:00:00,1760205617.0,0.004
2025-10-11 19:00:00,1760209207.0,0.0045
2025-10-11 20:00:00,1760212805.0,0.0045
2025-10-11 21:00:00,1760216415.0,0.0045
2025-10-11 22:00:00,1760220016.0,0.0045
2025-10-11 23:00:00,1760223619.0,0.0045
2025-10-12 00:00:00,1760227219.0,0.0045
2025-10-12 01:00:00,1760230806.0,0.004
2025-10-12 02:00:00,1760234408.0,0.004
2025-10-12 03:00:00,1760238009.0,0.004
2025-10-12 04:00:00,1760241614.0,0.004
2025-10-12 05:00:00,1760245216.0,0.004
2025-10-12 06:00:00,1760248820.0,0.004
2025-10-12 07:00:00,1760252419.0,0.004
2025-10-12 08:00:00,1760256012.0,0.004
2025-10-12 09:00:00,1760259610.0,0.004
2025-10-12 10:00:00,1760263204.0,0.004
2025-10-12 11:00:00,1760266817.0,0.004
2025-10-12 12:00:00,1760270405.0,0.004
2025-10-12 13:00:00,1760274003.0,0.004
2025-10-12 14:00:00,1760277611.0,0.004
2025-10-12 15:00:00,1760281210.0,0.004
2025-10-12 16:00:00,1760284811.0,0.004
2025-10-12 17:00:00,1760288406.0,0.004
2025-10-12 18:00:00,1760292021.0,0.004
2025-10-12 19:00:00,1760295612.0,0.003
2025-10-12 20:00:00,1760299213.0,0.0035
2025-10-12 21:00:00,1760302805.0,0.003
2025-10-12 22:00:00,1760306413.0,0.003
2025-10-12 23:00:00,1760310008.0,0.003
2025-10-13 00:00:00,1760313616.0,0.003
2025-10-13 01:00:00,1760317212.0,0.003
2025-10-13 02:00:00,1760320810.0,0.003
2025-10-13 03:00:00,1760324406.0,0.003
2025-10-13 04:00:00,1760328008.0,0.003
2025-10-13 05:00:00,1760331615.0,0.003
2025-10-13 06:00:00,1760335210.0,0.003
2025-10-13 07:00:00,1760338814.0,0.003
2025-10-13 08:00:00,1760342411.0,0.003
2025-10-13 09:00:00,1760346013.0,0.003
2025-10-13 10:00:00,1760349606.0,0.003
2025-10-13 11:00:00,1760353218.0,0.003
2025-10-13 12:00:00,1760356814.0,0.003
2025-10-13 13:00:00,1760360409.0,0.003
2025-10-13 14:00:00,1760364002.0,0.003
2025-10-13 15:00:00,1760367612.0,0.003
2025-10-13 16:00:00,1760371209.0,0.003
2025-10-13 17:00:00,1760374822.0,0.003
2025-10-13 18:00:00,1760378412.0,0.003
2025-10-13 19:00:00,1760382020.0,0.003
2025-10-13 20:00:00,1760385618.0,0.003
2025-10-13 21:00:00,1760389216.0,0.003
2025-10-13 22:00:00,1760392810.0,0.003
2025-10-13 23:00:00,1760396420.0,0.003
2025-10-14 00:00:00,1760400014.0,0.003
2025-10-14 01:00:00,1760403603.0,0.003
2025-10-14 02:00:00,1760407203.0,0.003
2025-10-14 03:00:00,1760410815.0,0.003
2025-10-14 04:00:00,1760414408.0,0.003
2025-10-14 05:00:00,1760418008.0,0.003
2025-10-14 06:00:00,1760421608.0,0.003
2025-10-14 07:00:00,1760425206.0,0.003
2025-10-14 08:00:00,1760428804.0,0.003
2025-10-14 09:00:00,1760432410.0,0.003
2025-10-14 10:00:00,1760436004.0,0.003
2025-10-14 11:00:00,1760439607.0,0.003
2025-10-14 12:00:00,1760443217.0,0.003
2025-10-14 13:00:00,1760446807.0,0.003
2025-10-14 14:00:00,1760450407.0,0.003
2025-10-14 15:00:00,1760454014.0,0.003
2025-10-14 16:00:00,1760457604.0,0.003
2025-10-14 17:00:00,1760461212.0,0.003
2025-10-14 18:00:00,1760464826.0,0.003
2025-10-14 19:00:00,1760468403.0,0.003
2025-10-14 20:00:00,1760472017.0,0.003
2025-10-14 21:00:00,1760475604.0,0.003
2025-10-14 22:00:00,1760479212.0,0.003
2025-10-14 23:00:00,1760482807.0,0.003
2025-10-15 00:00:00,1760486409.0,0.003
2025-10-15 01:00:00,1760490008.0,0.003
2025-10-15 02:00:00,1760493610.0,0.003
2025-10-15 03:00:00,1760497216.0,0.003
2025-10-15 04:00:00,1760500814.0,0.003
2025-10-15 05:00:00,1760504415.0,0.003
2025-10-15 06:00:00,1760508022.0,0.003
2025-10-15 07:00:00,1760511613.0,0.003
2025-10-15 08:00:00,1760515207.0,0.003
2025-10-15 09:00:00,1760518818.0,0.003
2025-10-15 10:00:00,1760522411.0,0.003
2025-10-15 11:00:00,1760526005.0,0.003
2025-10-15 12:00:00,1760529608.0,0.003
2025-10-15 13:00:00,1760533215.0,0.003
2025-10-15 14:00:00,1760536805.0,0.003
2025-10-15 15:00:00,1760540417.0,0.003
2025-10-15 16:00:00,1760544003.0,0.003
2025-10-15 17:00:00,1760547620.0,0.003
2025-10-15 18:00:00,1760551220.0,0.003
2025-10-15 19:00:00,1760554815.0,0.003
2025-10-15 20:00:00,1760558417.0,0.003
2025-10-15 21:00:00,1760562025.0,0.003
2025-10-15 22:00:00,1760565604.0,0.003
2025-10-15 23:00:00,1760569217.0,0.003
2025-10-16 00:00:00,1760572813.0,0.003
2025-10-16 01:00:00,1760576405.0,0.003
2025-10-16 02:00:00,1760580015.0,0.003
2025-10-16 03:00:00,1760583610.0,0.003
2025-10-16 04:00:00,1760587213.0,0.003
2025-10-16 05:00:00,1760590813.0,0.003
2025-10-16 06:00:00,1760594426.0,0.003
2025-10-16 07:00:00,1760598015.0,0.003
2025-10-16 08:00:00,1760601612.0,0.003
2025-10-16 09:00:00,1760605213.0,0.003
2025-10-16 10:00:00,1760608805.0,0.003
2025-10-16 11:00:00,1760612414.0,0.003
2025-10-16 12:00:00,1760616006.0,0.003
2025-10-16 13:00:00,1760619615.0,0.003
2025-10-16 14:00:00,1760623205.0,0.003
2025-10-16 15:00:00,1760626809.0,0.003
2025-10-16 16:00:00,1760630415.0,0.003
2025-10-16 17:00:00,1760634014.0,0.003
2025-10-16 18:00:00,1760637603.0,0.003
2025-10-16 19:00:00,1760641203.0,0.0025
2025-10-16 20:00:00,1760644807.0,0.0025
2025-10-16 21:00:00,1760648429.0,0.0025
2025-10-16 22:00:00,1760652008.0,0.0025
2025-10-16 23:00:00,1760655604.0,0.0025
2025-10-17 00:00:00,1760659211.0,0.0025
2025-10-17 01:00:00,1760662806.0,0.0025
2025-10-17 02:00:00,1760666405.0,0.0025
2025-10-17 03:00:00,1760670024.0,0.0025
2025-10-17 04:00:00,1760673608.0,0.0025
2025-10-17 05:00:00,1760677214.0,0.0025
2025-10-17 06:00:00,1760680812.0,0.0025
2025-10-17 07:00:00,1760684415.0,0.0025
2025-10-17 08:00:00,1760688019.0,0.0025
2025-10-17 09:00:00,1760691617.0,0.0025
2025-10-17 10:00:00,1760695209.0,0.0025
2025-10-17 11:00:00,1760698817.0,0.0025
2025-10-17 12:00:00,1760702420.0,0.0025
2025-10-17 13:00:00,1760706009.0,0.0025
2025-10-17 14:00:00,1760709608.0,0.0025
2025-10-17 15:00:00,1760713224.0,0.0025
2025-10-17 16:00:00,1760716813.0,0.0025
2025-10-17 17:00:00,1760720403.0,0.0025
2025-10-17 18:00:00,1760724014.0,0.0025
2025-10-17 19:00:00,1760727611.0,0.0025
2025-10-17 20:00:00,1760731204.0,0.0025
2025-10-17 21:00:00,1760734826.0,0.0025
2025-10-17 22:00:00,1760738403.0,0.0025
2025-10-17 23:00:00,1760742003.0,0.0025
2025-10-18 00:00:00,1760745604.0,0.0025
2025-10-18 01:00:00,1760749204.0,0.0025
2025-10-18 02:00:00,1760752820.0,0.0025
2025-10-18 03:00:00,1760756423.0,0.0025
2025-10-18 04:00:00,1760760010.0,0.0025
2025-10-18 05:00:00,1760763617.0,0.0025
2025-10-18 06:00:00,1760767222.0,0.0025
2025-10-18 07:00:00,1760770815.0,0.0025
2025-10-18 08:00:00,1760774406.0,0.0025
2025-10-18 09:00:00,1760778008.0,0.0025
2025-10-18 10:00:00,1760781615.0,0.0025
2025-10-18 11:00:00,1760785211.0,0.0025
2025-10-18 12:00:00,1760788803.0,0.0025
2025-10-18 13:00:00,1760792415.0,0.0025
2025-10-18 14:00:00,1760796013.0,0.0025
2025-10-18 15:00:00,1760799621.0,0.0025
2025-10-18 16:00:00,1760803203.0,0.0025
2025-10-18 17:00:00,1760806813.0,0.0025
2025-10-18 18:00:00,1760810429.0,0.0025
2025-10-18 19:00:00,1760814021.0,0.0025
2025-10-18 20:00:00,1760817606.0,0.0025
2025-10-18 21:00:00,1760821221.0,0.0025
2025-10-18 22:00:00,1760824807.0,0.0025
2025-10-18 23:00:00,1760828407.0,0.0025
2025-10-19 00:00:00,1760832017.0,0.0025
2025-10-19 01:00:00,1760835605.0,0.0025
2025-10-19 02:00:00,1760839213.0,0.0025
2025-10-19 03:00:00,1760842803.0,0.0025
2025-10-19 04:00:00,1760846403.0,0.0025
2025-10-19 05:00:00,1760850018.0,0.0025
2025-10-19 06:00:00,1760853610.0,0.0025
2025-10-19 07:00:00,1760857212.0,0.002
2025-10-19 08:00:00,1760860813.0,0.0015
2025-10-19 09:00:00,1760864403.0,0.0025
2025-10-19 10:00:00,1760868013.0,0.002
2025-10-19 11:00:00,1760871611.0,0.002
2025-10-19 12:00:00,1760875225.0,0.002
2025-10-19 13:00:00,1760878804.0,0.002
2025-10-19 14:00:00,1760882412.0,0.002
2025-10-19 15:00:00,1760886014.0,0.002
2025-10-19 16:00:00,1760889611.0,0.002
2025-10-19 17:00:00,1760893213.0,0.002
2025-10-19 18:00:00,1760896807.0,0.002
2025-10-19 19:00:00,1760900413.0,0.002
2025-10-19 20:00:00,1760904008.0,0.002
2025-10-19 21:00:00,1760907614.0,0.002
2025-10-19 22:00:00,1760911210.0,0.002
2025-10-19 23:00:00,1760914804.0,0.002
2025-10-20 00:00:00,1760918406.0,0.002
2025-10-20 01:00:00,1760922016.0,0.002
2025-10-20 02:00:00,1760925607.0,0.002
2025-10-20 03:00:00,1760929218.0,0.002
2025-10-20 04:00:00,1760932807.0,0.002
2025-10-20 05:00:00,1760936417.0,0.002
2025-10-20 06:00:00,1760940005.0,0.002
2025-10-20 07:00:00,1760943615.0,0.002
2025-10-20 08:00:00,1760947218.0,0.002
2025-10-20 09:00:00,1760950828.0,0.002
2025-10-20 10:00:00,1760954404.0,0.002
2025-10-20 11:00:00,1760958009.0,0.002
2025-10-20 12:00:00,1760961616.0,0.002
2025-10-20 13:00:00,1760965214.0,0.002
2025-10-20 14:00:00,1760968811.0,0.002
2025-10-20 15:00:00,1760972419.0,0.002
2025-10-20 16:00:00,1760976003.0,0.002
2025-10-20 17:00:00,1760979609.0,0.002
2025-10-20 18:00:00,1760983209.0,0.002
2025-10-20 19:00:00,1760986818.0,0.002
2025-10-20 20:00:00,1760990409.0,0.002
2025-10-20 21:00:00,1760994013.0,0.002
2025-10-20 22:00:00,1760997607.0,0.002
2025-10-20 23:00:00,1761001208.0,0.002
2025-10-21 00:00:00,1761004817.0,0.002
2025-10-21 01:00:00,1761008409.0,0.002
2025-10-21 02:00:00,1761012015.0,0.002
2025-10-21 03:00:00,1761015620.0,0.002
2025-10-21 04:00:00,1761019213.0,0.002
2025-10-21 05:00:00,1761022811.0,0.002
2025-10-21 06:00:00,1761026412.0,0.002
2025-10-21 07:00:00,1761030013.0,0.002
2025-10-21 08:00:00,1761033605.0,0.002
2025-10-21 09:00:00,1761037225.0,0.002
2025-10-21 10:00:00,1761040818.0,0.002
2025-10-21 11:00:00,1761044410.0,0.002
2025-10-21 12:00:00,1761048027.0,0.002
2025-10-21 13:00:00,1761051616.0,0.002
2025-10-21 14:00:00,1761055206.0,0.002
2025-10-21 15:00:00,1761058824.0,0.002
2025-10-21 16:00:00,1761062407.0,0.002
2025-10-21 17:00:00,1761066005.0,0.002
2025-10-21 18:00:00,1761069629.0,0.002
2025-10-21 19:00:00,1761073211.0,0.002
2025-10-21 20:00:00,1761076810.0,0.002
2025-10-21 21:00:00,1761080414.0,0.002
2025-10-21 22:00:00,1761084020.0,0.002
2025-10-21 23:00:00,1761087611.0,0.002
2025-10-22 00:00:00,1761091216.0,0.002
2025-10-22 01:00:00,1761094812.0,0.002
2025-10-22 02:00:00,1761098410.0,0.002
2025-10-22 03:00:00,1761102020.0,0.002
2025-10-22 04:00:00,1761105615.0,0.002
2025-10-22 05:00:00,1761109215.0,0.002
2025-10-22 06:00:00,1761112816.0,0.002
2025-10-22 07:00:00,1761116410.0,0.002
2025-10-22 08:00:00,1761120012.0,0.002
2025-10-22 09:00:00,1761123616.0,0.002
2025-10-22 10:00:00,1761127214.0,0.002
2025-10-22 11:00:00,1761130811.0,0.002
2025-10-22 12:00:00,1761134420.0,0.002
2025-10-22 13:00:00,1761138016.0,0.002
2025-10-22 14:00:00,1761141613.0,0.002
2025-10-22 15:00:00,1761145219.0,0.002
2025-10-22 16:00:00,1761148814.0,0.002
2025-10-22 17:00:00,1761152417.0,0.002
2025-10-22 18:00:00,1761156021.0,0.002
2025-10-22 19:00:00,1761159616.0,0.002
2025-10-22 20:00:00,1761163216.0,0.002
2025-10-22 21:00:00,1761166820.0,0.002
2025-10-22 22:00:00,1761170416.0,0.002
2025-10-22 23:00:00,1761174015.0,0.002
2025-10-23 00:00:00,1761177609.0,0.002
2025-10-23 01:00:00,1761181209.0,0.002
2025-10-23 02:00:00,1761184809.0,0.002
2025-10-23 03:00:00,1761188410.0,0.002
2025-10-23 04:00:00,1761192010.0,0.002
2025-10-23 05:00:00,1761195611.0,0.002
2025-10-23 06:00:00,1761199212.0,0.002
2025-10-23 07:00:00,1761202809.0,0.002
2025-10-23 08:00:00,1761206411.0,0.002
2025-10-23 09:00:00,1761210011.0,0.002
2025-10-23 10:00:00,1761213610.0,0.002
2025-10-23 11:00:00,1761217212.0,0.002
2025-10-23 12:00:00,1761220814.0,0.002
2025-10-23 13:00:00,1761224412.0,0.002
2025-10-23 14:00:00,1761228041.0,0.002
2025-10-23 15:00:00,1761231611.0,0.002
2025-10-23 16:00:00,1761235212.0,0.002
2025-10-23 17:00:00,1761238813.0,0.002
2025-10-23 18:00:00,1761242413.0,0.002
2025-10-23 19:00:00,1761246013.0,0.002
2025-10-23 20:00:00,1761249613.0,0.002
2025-10-23 21:00:00,1761253215.0,0.002
2025-10-23 22:00:00,1761256814.0,0.002
2025-10-23 23:00:00,1761260413.0,0.002
2025-10-24 00:00:00,1761264013.0,0.002
2025-10-24 01:00:00,1761267611.0,0.002
2025-10-24 02:00:00,1761271213.0,0.002
2025-10-24 03:00:00,1761274814.0,0.002
2025-10-24 04:00:00,1761278414.0,0.002
2025-10-24 05:00:00,1761282014.0,0.002
2025-10-24 06:00:00,1761285615.0,0.002
2025-10-24 07:00:00,1761289214.0,0.002
2025-10-24 08:00:00,1761292814.0,0.002
2025-10-24 09:00:00,1761296415.0,0.002
2025-10-24 10:00:00,1761300014.0,0.002
2025-10-24 11:00:00,1761303614.0,0.002
2025-10-24 12:00:00,1761307217.0,0.002
2025-10-24 13:00:00,1761310814.0,0.002
2025-10-24 14:00:00,1761314415.0,0.002
2025-10-24 15:00:00,1761318016.0,0.002
2025-10-24 16:00:00,1761321614.0,0.002
2025-10-24 17:00:00,1761325215.0,0.002
2025-10-24 18:00:00,1761328815.0,0.002
2025-10-24 19:00:00,1761332415.0,0.002
2025-10-24 20:00:00,1761336014.0,0.002
2025-10-24 21:00:00,1761339616.0,0.002
2025-10-24 22:00:00,1761343214.0,0.002
2025-10-24 23:00:00,1761346813.0,0.002
2025-10-25 00:00:00,1761350413.0,0.002
2025-10-25 01:00:00,1761354010.0,0.002
2025-10-25 02:00:00,1761357612.0,0.002
2025-10-25 03:00:00,1761361214.0,0.002
2025-10-25 04:00:00,1761364814.0,0.0015
2025-10-25 05:00:00,1761368414.0,0.0015
2025-10-25 06:00:00,1761372015.0,0.0015
2025-10-25 07:00:00,1761375615.0,0.0015
2025-10-25 08:00:00,1761379213.0,0.0015
2025-10-25 09:00:00,1761382816.0,0.0015
2025-10-25 10:00:00,1761386415.0,0.0015
2025-10-25 11:00:00,1761390014.0,0.0015
2025-10-25 12:00:00,1761393617.0,0.0015
2025-10-25 13:00:00,1761397213.0,0.002
2025-10-25 14:00:00,1761400814.0,0.002
2025-10-25 15:00:00,1761404416.0,0.002
2025-10-25 16:00:00,1761408014.0,0.002
2025-10-25 17:00:00,1761411616.0,0.002
2025-10-25 18:00:00,1761415216.0,0.002
2025-10-25 19:00:00,1761418814.0,0.002
2025-10-25 20:00:00,1761422414.0,0.002
2025-10-25 21:00:00,1761426016.0,0.002
2025-10-25 22:00:00,1761429614.0,0.002
2025-10-25 23:00:00,1761433214.0,0.002
2025-10-26 00:00:00,1761436815.0,0.002
2025-10-26 01:00:00,1761440411.0,0.002
2025-10-26 02:00:00,1761444013.0,0.002
2025-10-26 03:00:00,1761447615.0,0.0025
2025-10-26 04:00:00,1761451213.0,0.0025
2025-10-26 05:00:00,1761454814.0,0.0025
2025-10-26 06:00:00,1761458415.0,0.0025
2025-10-26 07:00:00,1761462014.0,0.0025
2025-10-26 08:00:00,1761465614.0,0.0025
2025-10-26 09:00:00,1761469215.0,0.0025
2025-10-26 10:00:00,1761472814.0,0.0025
2025-10-26 11:00:00,1761476413.0,0.0025
2025-10-26 12:00:00,1761480019.0,0.0025
2025-10-26 13:00:00,1761483613.0,0.0025
2025-10-26 14:00:00,1761487213.0,0.0025
2025-10-26 15:00:00,1761490813.0,0.0025
2025-10-26 16:00:00,1761494412.0,0.0025
2025-10-26 17:00:00,1761498013.0,0.0025
2025-10-26 18:00:00,1761501615.0,0.0025
2025-10-26 19:00:00,1761505212.0,0.0025
2025-10-26 20:00:00,1761508812.0,0.0025
2025-10-26 21:00:00,1761512414.0,0.0025
2025-10-26 22:00:00,1761516012.0,0.0025
2025-10-26 23:00:00,1761519612.0,0.0025
2025-10-27 00:00:00,1761523213.0,0.0025
2025-10-27 01:00:00,1761526810.0,0.0025
2025-10-27 02:00:00,1761530412.0,0.0025
2025-10-27 03:00:00,1761534014.0,0.0025
2025-10-27 04:00:00,1761537611.0,0.0025
2025-10-27 05:00:00,1761541212.0,0.0025
2025-10-27 06:00:00,1761544813.0,0.0025
2025-10-27 07:00:00,1761548410.0,0.0025
2025-10-27 08:00:00,1761552012.0,0.0025
2025-10-27 09:00:00,1761555613.0,0.0025
2025-10-27 10:00:00,1761559212.0,0.0025
2025-10-27 11:00:00,1761562811.0,0.0025
2025-10-27 12:00:00,1761566416.0,0.0025
2025-10-27 13:00:00,1761570013.0,0.0025
2025-10-27 14:00:00,1761573611.0,0.0025
2025-10-27 15:00:00,1761577214.0,0.0025
2025-10-27 16:00:00,1761580813.0,0.0025
2025-10-27 17:00:00,1761584413.0,0.0025
2025-10-27 18:00:00,1761588015.0,0.0015
2025-10-27 19:00:00,1761591612.0,0.0015
2025-10-27 20:00:00,1761595214.0,0.0015
2025-10-27 21:00:00,1761598815.0,0.0015
2025-10-27 22:00:00,1761602413.0,0.0015
2025-10-27 23:00:00,1761606012.0,0.0015
2025-10-28 00:00:00,1761609616.0,0.0015
2025-10-28 01:00:00,1761613212.0,0.0015
2025-10-28 02:00:00,1761616813.0,0.0015
2025-10-28 03:00:00,1761620421.0,0.0015
2025-10-28 04:00:00,1761624018.0,0.0015
2025-10-28 05:00:00,1761627612.0,0.0015
2025-10-28 06:00:00,1761631216.0,0.0015
2025-10-28 07:00:00,1761634812.0,0.0015
2025-10-28 08:00:00,1761638413.0,0.0015
2025-10-28 09:00:00,1761642013.0,0.0015
2025-10-28 10:00:00,1761645617.0,0.0015
2025-10-28 11:00:00,1761649217.0,0.0015
2025-10-28 12:00:00,1761652814.0,0.0015
2025-10-28 13:00:00,1761656417.0,0.0015
2025-10-28 14:00:00,1761660015.0,0.0015
2025-10-28 15:00:00,1761663618.0,0.0015
2025-10-28 16:00:00,1761667218.0,0.0015
2025-10-28 17:00:00,1761670819.0,0.0015
2025-10-28 18:00:00,1761674418.0,0.0015
2025-10-28 19:00:00,1761678016.0,0.0015
2025-10-28 20:00:00,1761681618.0,0.0015
2025-10-28 21:00:00,1761685218.0,0.0015
2025-10-28 22:00:00,1761688817.0,0.0015
2025-10-28 23:00:00,1761692418.0,0.0015
2025-10-29 00:00:00,1761696015.0,0.0015
2025-10-29 01:00:00,1761699612.0,0.0015
2025-10-29 02:00:00,1761703211.0,0.0015
2025-10-29 03:00:00,1761706817.0,0.0015
2025-10-29 04:00:00,1761710416.0,0.0015
2025-10-29 05:00:00,1761714017.0,0.0015
2025-10-29 06:00:00,1761717614.0,0.0015
2025-10-29 07:00:00,1761721212.0,0.0015
2025-10-29 08:00:00,1761724818.0,0.0015
2025-10-29 09:00:00,1761728418.0,0.0015
2025-10-29 11:00:00,1761738141.0,0.0015
2025-10-29 13:00:00,1761743340.0,0.0015
2025-10-29 14:00:00,1761746412.0,0.0015
2025-10-29 15:00:00,1761750015.0,0.0015
2025-10-29 16:00:00,1761753612.0,0.0015
2025-10-29 17:00:00,1761757214.0,0.0015
2025-10-29 18:00:00,1761760814.0,0.0015
2025-10-29 19:00:00,1761764414.0,0.0015
2025-10-29 20:00:00,1761768014.0,0.0015
2025-10-29 21:00:00,1761771614.0,0.0015
2025-10-29 22:00:00,1761775215.0,0.0015
2025-10-29 23:00:00,1761778815.0,0.0015
2025-10-30 00:00:00,1761782415.0,0.0015
2025-10-30 01:00:00,1761786012.0,0.0015
2025-10-30 02:00:00,1761789613.0,0.0015
2025-10-30 03:00:00,1761793216.0,0.0015
2025-10-30 04:00:00,1761796815.0,0.0015
2025-10-30 05:00:00,1761800415.0,0.0015
2025-10-30 06:00:00,1761804015.0,0.0015
2025-10-30 07:00:00,1761807614.0,0.0015
2025-10-30 08:00:00,1761811215.0,0.0015
2025-10-30 09:00:00,1761814815.0,0.0015
2025-10-30 10:00:00,1761818410.0,0.0015
2025-10-30 11:00:00,1761822015.0,0.0015
2025-10-30 12:00:00,1761825617.0,0.0015
2025-10-30 13:00:00,1761829215.0,0.0015
2025-10-30 14:00:00,1761832814.0,0.0015
2025-10-30 15:00:00,1761836416.0,0.0015
2025-10-30 16:00:00,1761840014.0,0.0015
2025-10-30 17:00:00,1761843616.0,0.0015
2025-10-30 18:00:00,1761847216.0,0.0015
2025-10-30 19:00:00,1761850815.0,0.0015
2025-10-30 20:00:00,1761854415.0,0.0015
2025-10-30 21:00:00,1761858017.0,0.0015
2025-10-30 22:00:00,1761861616.0,0.0015
2025-10-30 23:00:00,1761865216.0,0.0015
2025-10-31 00:00:00,1761868810.0,0.0015
2025-10-31 01:00:00,1761872410.0,0.0015
2025-10-31 02:00:00,1761876012.0,0.0015
2025-10-31 03:00:00,1761879613.0,0.0015
2025-10-31 04:00:00,1761883214.0,0.0015
2025-10-31 05:00:00,1761886814.0,0.0015
2025-10-31 06:00:00,1761890415.0,0.0015
2025-10-31 07:00:00,1761894015.0,0.0015
2025-10-31 08:00:00,1761897619.0,0.0015
2025-10-31 09:00:00,1761901215.0,0.0015
2025-10-31 10:00:00,1761904815.0,0.0015
2025-10-31 11:00:00,1761908414.0,0.0015
2025-10-31 12:00:00,1761912017.0,0.0015
2025-10-31 13:00:00,1761915614.0,0.0015
2025-10-31 14:00:00,1761919215.0,0.0015
2025-10-31 15:00:00,1761922815.0,0.0015
2025-10-31 16:00:00,1761926415.0,0.0015
2025-10-31 17:00:00,1761930016.0,0.0015
2025-10-31 18:00:00,1761933616.0,0.0015
2025-10-31 19:00:00,1761937215.0,0.0015
2025-10-31 20:00:00,1761940814.0,0.0015
2025-10-31 21:00:00,1761944416.0,0.0015
2025-10-31 22:00:00,1761948015.0,0.0015
2025-10-31 23:00:00,1761951615.0,0.0015
2025-11-01 00:00:00,1761955214.0,0.0015
2025-11-01 01:00:00,1761958813.0,0.0015
2025-11-01 02:00:00,1761962414.0,0.0015
2025-11-01 03:00:00,1761966016.0,0.0015
2025-11-01 04:00:00,1761969615.0,0.0015
2025-11-01 05:00:00,1761973215.0,0.0015
2025-11-01 06:00:00,1761976816.0,0.0015
2025-11-01 07:00:00,1761980416.0,0.0015
2025-11-01 08:00:00,1761984015.0,0.0015
2025-11-01 09:00:00,1761987616.0,0.0015
2025-11-01 10:00:00,1761991216.0,0.0015
2025-11-01 11:00:00,1761994815.0,0.0015
2025-11-01 12:00:00,1761998419.0,0.0015
2025-11-01 13:00:00,1762002014.0,0.0015
2025-11-01 14:00:00,1762005615.0,0.0015
2025-11-01 15:00:00,1762009217.0,0.0015
2025-11-01 16:00:00,1762012815.0,0.0015
2025-11-01 17:00:00,1762016417.0,0.0015
2025-11-01 18:00:00,1762020015.0,0.0015
2025-11-01 19:00:00,1762023615.0,0.0015
2025-11-01 20:00:00,1762027216.0,0.0015
2025-11-01 21:00:00,1762030817.0,0.0015
2025-11-01 22:00:00,1762034416.0,0.0015
2025-11-01 23:00:00,1762038015.0,0.0015
2025-11-02 00:00:00,1762041612.0,0.0015
2025-11-02 01:00:00,1762045211.0,0.0015
2025-11-02 02:00:00,1762048812.0,0.0015
2025-11-02 03:00:00,1762052414.0,0.0015
2025-11-02 04:00:00,1762056014.0,0.0015
2025-11-02 05:00:00,1762059615.0,0.0015
2025-11-02 06:00:00,1762063215.0,0.0015
2025-11-02 07:00:00,1762066814.0,0.0015
2025-11-02 08:00:00,1762070413.0,0.0015
2025-11-02 09:00:00,1762074014.0,0.0015
2025-11-02 10:00:00,1762077614.0,0.0015
2025-11-02 11:00:00,1762081215.0,0.0015
2025-11-02 12:00:00,1762084816.0,0.0015
2025-11-02 13:00:00,1762088414.0,0.0015
2025-11-02 14:00:00,1762092014.0,0.0015
2025-11-02 15:00:00,1762095614.0,0.0015
2025-11-02 16:00:00,1762099214.0,0.0015
2025-11-02 17:00:00,1762102815.0,0.0015
2025-11-02 18:00:00,1762106416.0,0.0015
2025-11-02 19:00:00,1762110015.0,0.0015
2025-11-02 20:00:00,1762113614.0,0.0015
2025-11-02 21:00:00,1762117216.0,0.0015
2025-11-02 22:00:00,1762120815.0,0.0015
2025-11-02 23:00:00,1762124415.0,0.0015
2025-11-03 00:00:00,1762128013.0,0.0015
2025-11-03 01:00:00,1762131613.0,0.0015
2025-11-03 02:00:00,1762135214.0,0.0015
2025-11-03 03:00:00,1762138814.0,0.0015
2025-11-03 04:00:00,1762142415.0,0.0015
2025-11-03 05:00:00,1762146014.0,0.0015
2025-11-03 06:00:00,1762149615.0,0.0015
2025-11-03 07:00:00,1762153214.0,0.0015
2025-11-03 08:00:00,1762156814.0,0.0015
2025-11-03 09:00:00,1762160414.0,0.0015
2025-11-03 10:00:00,1762164015.0,0.0015
2025-11-03 11:00:00,1762167614.0,0.0015
2025-11-03 12:00:00,1762171216.0,0.0015
2025-11-03 13:00:00,1762174814.0,0.0015
2025-11-03 14:00:00,1762178414.0,0.0015
2025-11-03 15:00:00,1762182014.0,0.0015
2025-11-03 16:00:00,1762185614.0,0.0015
2025-11-03 17:00:00,1762189215.0,0.0015
2025-11-03 18:00:00,1762192815.0,0.0015
2025-11-03 19:00:00,1762196414.0,0.0015
2025-11-03 20:00:00,1762200015.0,0.0015
2025-11-03 21:00:00,1762203617.0,0.0015
2025-11-03 22:00:00,1762207215.0,0.0015
2025-11-03 23:00:00,1762210815.0,0.0015
2025-11-04 00:00:00,1762214414.0,0.0015
2025-11-04 01:00:00,1762218011.0,0.0015
2025-11-04 02:00:00,1762221613.0,0.0015
2025-11-04 03:00:00,1762225215.0,0.0015
2025-11-04 04:00:00,1762228815.0,0.0015
2025-11-04 05:00:00,1762232414.0,0.0015
2025-11-04 06:00:00,1762236016.0,0.0015
2025-11-04 07:00:00,1762239615.0,0.0015
2025-11-04 08:00:00,1762243215.0,0.0015
2025-11-04 09:00:00,1762246816.0,0.0015
2025-11-04 10:00:00,1762250415.0,0.0015
2025-11-04 11:00:00,1762254015.0,0.0015
2025-11-04 12:00:00,1762257618.0,0.0015
2025-11-04 13:00:00,1762261215.0,0.0015
2025-11-04 14:00:00,1762264816.0,0.0015
2025-11-04 15:00:00,1762268415.0,0.0015
2025-11-04 16:00:00,1762272016.0,0.0015
2025-11-04 17:00:00,1762275616.0,0.0015
2025-11-04 18:00:00,1762279216.0,0.0015
2025-11-04 19:00:00,1762282816.0,0.0015
2025-11-04 20:00:00,1762286415.0,0.0015
2025-11-04 21:00:00,1762290018.0,0.0015
2025-11-04 22:00:00,1762293616.0,0.0015
2025-11-04 23:00:00,1762297215.0,0.0015
2025-11-05 00:00:00,1762300814.0,0.0015
2025-11-05 01:00:00,1762304413.0,0.0015
2025-11-05 02:00:00,1762308014.0,0.0015
2025-11-05 03:00:00,1762311616.0,0.0015
2025-11-05 04:00:00,1762315215.0,0.0015
2025-11-05 05:00:00,1762318816.0,0.0015
2025-11-05 06:00:00,1762322416.0,0.0015
2025-11-05 07:00:00,1762326016.0,0.0015
2025-11-05 08:00:00,1762329615.0,0.0015
2025-11-05 09:00:00,1762333216.0,0.0015
2025-11-05 10:00:00,1762336815.0,0.0015
2025-11-05 11:00:00,1762340415.0,0.0015
2025-11-05 12:00:00,1762344018.0,0.0015
2025-11-05 13:00:00,1762347615.0,0.0015
2025-11-05 14:00:00,1762351215.0,0.0015
2025-11-05 15:00:00,1762354816.0,0.0015
2025-11-05 16:00:00,1762358414.0,0.0015
2025-11-05 17:00:00,1762362016.0,0.0015
2025-11-05 18:00:00,1762365616.0,0.0015
2025-11-05 19:00:00,1762369216.0,0.0015
2025-11-05 20:00:00,1762372815.0,0.0015
2025-11-05 21:00:00,1762376416.0,0.0015
2025-11-05 22:00:00,1762380015.0,0.0015
2025-11-05 23:00:00,1762383615.0,0.0015
2025-11-06 00:00:00,1762387209.0,0.0015
2025-11-06 01:00:00,1762390810.0,0.0015
2025-11-06 02:00:00,1762394412.0,0.0015
2025-11-06 03:00:00,1762398015.0,0.0015
2025-11-06 04:00:00,1762401615.0,0.0015
2025-11-06 05:00:00,1762405214.0,0.0015
2025-11-06 06:00:00,1762408816.0,0.0015
2025-11-06 07:00:00,1762412415.0,0.0015
2025-11-06 08:00:00,1762416012.0,0.0015
2025-11-06 09:00:00,1762419616.0,0.0015
2025-11-06 10:00:00,1762423209.0,0.0015
2025-11-06 11:00:00,1762426815.0,0.0015
2025-11-06 12:00:00,1762430419.0,0.0015
2025-11-06 13:00:00,1762434014.0,0.0015
2025-11-06 14:00:00,1762437615.0,0.0015
2025-11-06 15:00:00,1762441215.0,0.0015
2025-11-06 16:00:00,1762444815.0,0.0015
2025-11-06 17:00:00,1762448417.0,0.0015
2025-11-06 18:00:00,1762452016.0,0.0015
2025-11-06 19:00:00,1762455615.0,0.0015
2025-11-06 20:00:00,1762459217.0,0.0015
2025-11-06 21:00:00,1762462819.0,0.0015
2025-11-06 22:00:00,1762466415.0,0.0015
2025-11-06 23:00:00,1762470015.0,0.0015
2025-11-07 00:00:00,1762473614.0,0.0015
2025-11-07 01:00:00,1762477212.0,0.0015
2025-11-07 02:00:00,1762480817.0,0.0015
2025-11-07 03:00:00,1762484417.0,0.0015
2025-11-07 04:00:00,1762488015.0,0.0015
2025-11-07 05:00:00,1762491617.0,0.0015
2025-11-07 06:00:00,1762495219.0,0.0015
2025-11-07 07:00:00,1762498816.0,0.0015
2025-11-07 08:00:00,1762502415.0,0.0015
2025-11-07 09:00:00,1762506016.0,0.0015
2025-11-07 10:00:00,1762509616.0,0.0015
2025-11-07 11:00:00,1762513215.0,0.0015
2025-11-07 12:00:00,1762516819.0,0.0015
2025-11-07 13:00:00,1762520416.0,0.0015
2025-11-07 14:00:00,1762524018.0,0.0015
2025-11-07 15:00:00,1762527627.0,0.0015
2025-11-07 16:00:00,1762531217.0,0.0015
2025-11-07 17:00:00,1762534834.0,0.0015
2025-11-07 18:00:00,1762538418.0,0.0015
2025-11-07 19:00:00,1762542018.0,0.0015
2025-11-07 20:00:00,1762545628.0,0.0015
2025-11-07 21:00:00,1762549217.0,0.0015
2025-11-07 22:00:00,1762552815.0,0.0015
2025-11-07 23:00:00,1762556431.0,0.0015
2025-11-08 00:00:00,1762560010.0,0.0015
2025-11-08 01:00:00,1762563611.0,0.0015
2025-11-08 02:00:00,1762567207.0,0.0015
2025-11-08 03:00:00,1762570815.0,0.0015
2025-11-08 04:00:00,1762574415.0,0.0015
2025-11-08 05:00:00,1762578008.0,0.0015
2025-11-08 06:00:00,1762581615.0,0.0015
2025-11-08 07:00:00,1762585215.0,0.0015
2025-11-08 08:00:00,1762588812.0,0.0015
2025-11-08 09:00:00,1762592415.0,0.0015
2025-11-08 10:00:00,1762596015.0,0.0015
2025-11-08 11:00:00,1762599627.0,0.0015
2025-11-08 12:00:00,1762603231.0,0.0015
2025-11-08 13:00:00,1762606814.0,0.0015
2025-11-08 14:00:00,1762610415.0,0.0015
2025-11-08 15:00:00,1762614015.0,0.0015
2025-11-08 16:00:00,1762617615.0,0.0015
2025-11-08 17:00:00,1762621216.0,0.0015
2025-11-08 18:00:00,1762624816.0,0.0015
2025-11-08 19:00:00,1762628415.0,0.0015
2025-11-08 20:00:00,1762632014.0,0.0015
2025-11-08 21:00:00,1762635616.0,0.0015
2025-11-08 22:00:00,1762639215.0,0.0015
2025-11-08 23:00:00,1762642815.0,0.0015
2025-11-09 00:00:00,1762646427.0,0.0015
2025-11-09 01:00:00,1762650012.0,0.0015
2025-11-09 02:00:00,1762653614.0,0.0015
2025-11-09 03:00:00,1762657215.0,0.0015
2025-11-09 04:00:00,1762660826.0,0.0015
2025-11-09 05:00:00,1762664414.0,0.0015
2025-11-09 06:00:00,1762668016.0,0.0015
2025-11-09 07:00:00,1762671615.0,0.0015
2025-11-09 08:00:00,1762675215.0,0.0015
2025-11-09 09:00:00,1762678815.0,0.0015
2025-11-09 10:00:00,1762682414.0,0.0015
2025-11-09 11:00:00,1762686015.0,0.0015
2025-11-09 12:00:00,1762689616.0,0.0015
2025-11-09 13:00:00,1762693213.0,0.0015
2025-11-09 14:00:00,1762696814.0,0.0015
2025-11-09 15:00:00,1762700415.0,0.0015
2025-11-09 16:00:00,1762704014.0,0.0015
2025-11-09 17:00:00,1762707615.0,0.0015
2025-11-09 18:00:00,1762711216.0,0.0015
2025-11-09 19:00:00,1762714814.0,0.0015
2025-11-09 20:00:00,1762718413.0,0.0015
2025-11-09 21:00:00,1762722016.0,0.0015
2025-11-09 22:00:00,1762725614.0,0.0015
2025-11-09 23:00:00,1762729214.0,0.0015
2025-11-10 00:00:00,1762732810.0,0.0015
2025-11-10 01:00:00,1762736423.0,0.0015
2025-11-10 02:00:00,1762740011.0,0.0015
2025-11-10 03:00:00,1762743613.0,0.0015
2025-11-10 04:00:00,1762747214.0,0.0015
2025-11-10 05:00:00,1762750815.0,0.0015
2025-11-10 06:00:00,1762754415.0,0.0015
2025-11-10 07:00:00,1762758013.0,0.0015
2025-11-10 08:00:00,1762761613.0,0.0015
2025-11-10 09:00:00,1762765226.0,0.0015
2025-11-10 10:00:00,1762768815.0,0.0015
2025-11-10 11:00:00,1762772414.0,0.0015
2025-11-10 12:00:00,1762776016.0,0.0015
2025-11-10 13:00:00,1762779615.0,0.0015
2025-11-10 14:00:00,1762783214.0,0.0015
2025-11-10 15:00:00,1762786816.0,0.0015
2025-11-10 16:00:00,1762790416.0,0.0015
2025-11-10 17:00:00,1762794014.0,0.0015
2025-11-10 18:00:00,1762797616.0,0.0015
2025-11-10 19:00:00,1762801215.0,0.0015
2025-11-10 20:00:00,1762804815.0,0.0015
2025-11-10 21:00:00,1762808417.0,0.0015
2025-11-10 22:00:00,1762812015.0,0.0015
2025-11-10 23:00:00,1762815615.0,0.0015
2025-11-11 00:00:00,1762819216.0,0.0015
2025-11-11 01:00:00,1762822815.0,0.0015
2025-11-11 02:00:00,1762826416.0,0.0015
2025-11-11 03:00:00,1762830018.0,0.0015
2025-11-11 04:00:00,1762833618.0,0.0015
2025-11-11 05:00:00,1762837216.0,0.0015
2025-11-11 06:00:00,1762840823.0,0.0015
2025-11-11 07:00:00,1762844417.0,0.0015
2025-11-11 08:00:00,1762848028.0,0.0015
2025-11-11 09:00:00,1762851616.0,0.0015
2025-11-11 10:00:00,1762855216.0,0.0015
2025-11-11 11:00:00,1762858831.0,0.0015
2025-11-11 12:00:00,1762862432.0,0.0015
2025-11-11 13:00:00,1762866014.0,0.0015
2025-11-11 14:00:00,1762869616.0,0.0015
2025-11-11 15:00:00,1762873230.0,0.0015
2025-11-11 16:00:00,1762876816.0,0.0015
2025-11-11 17:00:00,1762880417.0,0.0015
2025-11-11 18:00:00,1762884016.0,0.0015
2025-11-11 19:00:00,1762887615.0,0.0015
2025-11-11 20:00:00,1762891216.0,0.0015
2025-11-11 21:00:00,1762894818.0,0.0015
2025-11-11 22:00:00,1762898415.0,0.0015
2025-11-11 23:00:00,1762902016.0,0.0015
2025-11-12 00:00:00,1762905614.0,0.0015
2025-11-12 01:00:00,1762909211.0,0.0015
2025-11-12 02:00:00,1762912813.0,0.0015
2025-11-12 03:00:00,1762916416.0,0.0015
2025-11-12 04:00:00,1762920016.0,0.0015
2025-11-12 05:00:00,1762923615.0,0.0015
2025-11-12 06:00:00,1762927217.0,0.0015
2025-11-12 07:00:00,1762930817.0,0.0015
2025-11-12 08:00:00,1762934414.0,0.0015
2025-11-12 09:00:00,1762938017.0,0.0015
2025-11-12 10:00:00,1762941614.0,0.0015
2025-11-12 11:00:00,1762945215.0,0.0015
2025-11-12 12:00:00,1762948818.0,0.0015
2025-11-12 13:00:00,1762952415.0,0.0015
2025-11-12 14:00:00,1762956016.0,0.0015
2025-11-12 15:00:00,1762959616.0,0.0015
2025-11-12 16:00:00,1762963217.0,0.0015
2025-11-12 17:00:00,1762966831.0,0.0015
2025-11-12 18:00:00,1762970417.0,0.0015
2025-11-12 19:00:00,1762974016.0,0.0015
2025-11-12 20:00:00,1762977617.0,0.0015
2025-11-12 21:00:00,1762981218.0,0.0015
2025-11-12 22:00:00,1762984816.0,0.0015
2025-11-12 23:00:00,1762988417.0,0.0015
2025-11-13 00:00:00,1762992014.0,0.0015
2025-11-13 01:00:00,1762995613.0,0.0015
2025-11-13 02:00:00,1762999209.0,0.0015
2025-11-13 03:00:00,1763002817.0,0.0015
2025-11-13 04:00:00,1763006417.0,0.0015
2025-11-13 05:00:00,1763010016.0,0.0015
2025-11-13 06:00:00,1763013618.0,0.0015
2025-11-13 07:00:00,1763017218.0,0.0015
2025-11-13 08:00:00,1763020815.0,0.0015
2025-11-13 09:00:00,1763024418.0,0.0015
2025-11-13 10:00:00,1763028015.0,0.0015
2025-11-13 11:00:00,1763031617.0,0.0015
2025-11-13 12:00:00,1763035220.0,0.0015
2025-11-13 13:00:00,1763038816.0,0.0015
2025-11-13 14:00:00,1763042416.0,0.0015
2025-11-13 15:00:00,1763046018.0,0.0015
2025-11-13 16:00:00,1763049618.0,0.0015
2025-11-13 17:00:00,1763053221.0,0.0015
2025-11-13 18:00:00,1763056819.0,0.0015
2025-11-13 19:00:00,1763060432.0,0.0015
2025-11-13 20:00:00,1763064017.0,0.0015
2025-11-13 21:00:00,1763067619.0,0.0015
2025-11-13 22:00:00,1763071217.0,0.0015
2025-11-13 23:00:00,1763074818.0,0.0015
2025-11-14 00:00:00,1763078413.0,0.0015
2025-11-14 01:00:00,1763082012.0,0.0015
2025-11-14 02:00:00,1763085615.0,0.0015
2025-11-14 03:00:00,1763089216.0,0.0015
2025-11-14 04:00:00,1763092817.0,0.0015
2025-11-14 05:00:00,1763096416.0,0.0015
2025-11-14 06:00:00,1763100018.0,0.0015
2025-11-14 07:00:00,1763103618.0,0.0015
2025-11-14 08:00:00,1763107216.0,0.0015
2025-11-14 09:00:00,1763110818.0,0.0015
2025-11-14 10:00:00,1763114416.0,0.0015
2025-11-14 11:00:00,1763118018.0,0.0015
2025-11-14 12:00:00,1763121620.0,0.0015
2025-11-14 13:00:00,1763125229.0,0.0015
2025-11-14 14:00:00,1763128818.0,0.0015
2025-11-14 15:00:00,1763132417.0,0.0015
2025-11-14 16:00:00,1763136017.0,0.0015
2025-11-14 17:00:00,1763139619.0,0.0015
2025-11-14 18:00:00,1763143218.0,0.0015
2025-11-14 19:00:00,1763146818.0,0.0015
2025-11-14 20:00:00,1763150417.0,0.0015
2025-11-14 21:00:00,1763154031.0,0.0015
2025-11-14 22:00:00,1763157618.0,0.0015
2025-11-14 23:00:00,1763161217.0,0.0015
2025-11-15 00:00:00,1763164816.0,0.0015
2025-11-15 01:00:00,1763168414.0,0.0015
2025-11-15 02:00:00,1763172016.0,0.0015
2025-11-15 03:00:00,1763175618.0,0.0015
2025-11-15 04:00:00,1763179218.0,0.0015
2025-11-15 05:00:00,1763182817.0,0.0015
2025-11-15 06:00:00,1763186418.0,0.0015
2025-11-15 07:00:00,1763190017.0,0.0015
2025-11-15 08:00:00,1763193617.0,0.0015
2025-11-15 09:00:00,1763197218.0,0.0015
2025-11-15 10:00:00,1763200819.0,0.0015
2025-11-15 11:00:00,1763204417.0,0.0015
2025-11-15 12:00:00,1763208020.0,0.0015
2025-11-15 13:00:00,1763211616.0,0.0015
2025-11-15 14:00:00,1763215217.0,0.0015
2025-11-15 15:00:00,1763218818.0,0.0015
2025-11-15 16:00:00,1763222416.0,0.0015
2025-11-15 17:00:00,1763226020.0,0.0015
2025-11-15 18:00:00,1763229619.0,0.0015
2025-11-15 19:00:00,1763233219.0,0.0015
2025-11-15 20:00:00,1763236818.0,0.0015
2025-11-15 21:00:00,1763240420.0,0.0015
2025-11-15 22:00:00,1763244017.0,0.0015
2025-11-15 23:00:00,1763247618.0,0.0015
2025-11-16 00:00:00,1763251211.0,0.0015
2025-11-16 01:00:00,1763254822.0,0.0015
2025-11-16 02:00:00,1763258413.0,0.0015
2025-11-16 03:00:00,1763262015.0,0.0015
2025-11-16 04:00:00,1763265615.0,0.0015
2025-11-16 05:00:00,1763269214.0,0.0015
2025-11-16 06:00:00,1763272816.0,0.0015
2025-11-16 07:00:00,1763276415.0,0.0015
2025-11-16 08:00:00,1763280014.0,0.0015
2025-11-16 09:00:00,1763283616.0,0.0015
2025-11-16 10:00:00,1763287216.0,0.0015
2025-11-16 11:00:00,1763290816.0,0.0015
2025-11-16 12:00:00,1763294419.0,0.0015
2025-11-16 13:00:00,1763298015.0,0.0015
2025-11-16 14:00:00,1763301615.0,0.0015
2025-11-16 15:00:00,1763305216.0,0.0015
2025-11-16 16:00:00,1763308815.0,0.0015
2025-11-16 17:00:00,1763312417.0,0.0015
2025-11-16 18:00:00,1763316020.0,0.0015
2025-11-16 19:00:00,1763319616.0,0.0015
2025-11-16 20:00:00,1763323216.0,0.0015
2025-11-16 21:00:00,1763326819.0,0.0015
2025-11-16 22:00:00,1763330416.0,0.0015
2025-11-16 23:00:00,1763334015.0,0.0015
2025-11-17 00:00:00,1763337615.0,0.0015
2025-11-17 01:00:00,1763341213.0,0.0015
2025-11-17 02:00:00,1763344815.0,0.0015
2025-11-17 03:00:00,1763348415.0,0.0015
2025-11-17 04:00:00,1763352015.0,0.0015
2025-11-17 05:00:00,1763355615.0,0.0015
2025-11-17 06:00:00,1763359216.0,0.0015
2025-11-17 07:00:00,1763362816.0,0.0015
2025-11-17 08:00:00,1763366430.0,0.0015
2025-11-17 09:00:00,1763370034.0,0.0015
2025-11-17 10:00:00,1763373619.0,0.0015
2025-11-17 11:00:00,1763377216.0,0.0015
2025-11-17 12:00:00,1763380817.0,0.0015
2025-11-17 13:00:00,1763384415.0,0.0015
2025-11-17 14:00:00,1763388014.0,0.0015
2025-11-17 15:00:00,1763391632.0,0.0015
2025-11-17 16:00:00,1763395214.0,0.0015
2025-11-17 17:00:00,1763398817.0,0.0015
2025-11-17 18:00:00,1763402417.0,0.0015
2025-11-17 19:00:00,1763406018.0,0.0015
2025-11-17 20:00:00,1763409617.0,0.0015
2025-11-17 21:00:00,1763413218.0,0.0015
2025-11-17 22:00:00,1763416819.0,0.0015
2025-11-17 23:00:00,1763420419.0,0.0015
2025-11-18 00:00:00,1763424012.0,0.0015
2025-11-18 01:00:00,1763427612.0,0.0015
2025-11-18 02:00:00,1763431213.0,0.0015
2025-11-18 03:00:00,1763434815.0,0.0015
2025-11-18 04:00:00,1763438416.0,0.0015
2025-11-18 05:00:00,1763442015.0,0.0015
2025-11-18 06:00:00,1763445617.0,0.0015
2025-11-18 07:00:00,1763449216.0,0.0015
2025-11-18 08:00:00,1763452815.0,0.0015
2025-11-18 09:00:00,1763456417.0,0.0015
2025-11-18 10:00:00,1763460016.0,0.0015
2025-11-18 11:00:00,1763463614.0,0.0015
2025-11-18 12:00:00,1763467219.0,0.0015
2025-11-18 13:00:00,1763470818.0,0.0015
2025-11-18 14:00:00,1763474416.0,0.0015
2025-11-18 15:00:00,1763478017.0,0.0015
2025-11-18 16:00:00,1763481617.0,0.0015
2025-11-18 17:00:00,1763485217.0,0.0015
2025-11-18 18:00:00,1763488817.0,0.0015
2025-11-18 19:00:00,1763492417.0,0.0015
2025-11-18 20:00:00,1763496018.0,0.0015
2025-11-18 21:00:00,1763499620.0,0.0015
2025-11-18 22:00:00,1763503218.0,0.0015
2025-11-18 23:00:00,1763506832.0,0.0015
2025-11-19 00:00:00,1763510417.0,0.0015
2025-11-19 01:00:00,1763514016.0,0.0015
2025-11-19 02:00:00,1763517617.0,0.0015
2025-11-19 03:00:00,1763521218.0,0.0015
2025-11-19 04:00:00,1763524818.0,0.0015
2025-11-19 05:00:00,1763528417.0,0.0015
2025-11-19 06:00:00,1763532020.0,0.0015
2025-11-19 07:00:00,1763535618.0,0.0015
2025-11-19 08:00:00,1763539218.0,0.0015
2025-11-19 09:00:00,1763542819.0,0.0015
2025-11-19 10:00:00,1763546417.0,0.0015
2025-11-19 11:00:00,1763550017.0,0.0015
2025-11-19 12:00:00,1763553620.0,0.0015
2025-11-19 13:00:00,1763557216.0,0.0015
2025-11-19 14:00:00,1763560830.0,0.0015
2025-11-19 15:00:00,1763564418.0,0.0015
2025-11-19 16:00:00,1763568030.0,0.0015
2025-11-19 17:00:00,1763571619.0,0.0015
2025-11-19 18:00:00,1763575226.0,0.0015
2025-11-19 19:00:00,1763578818.0,0.0015
2025-11-19 20:00:00,1763582417.0,0.0015
2025-11-19 21:00:00,1763586019.0,0.0015
2025-11-19 22:00:00,1763589617.0,0.0015
2025-11-19 23:00:00,1763593233.0,0.0015
2025-11-20 00:00:00,1763596811.0,0.0015
2025-11-20 01:00:00,1763600412.0,0.0015
2025-11-20 02:00:00,1763604014.0,0.0015
2025-11-20 03:00:00,1763607617.0,0.0015
2025-11-20 04:00:00,1763611217.0,0.0015
2025-11-20 05:00:00,1763614816.0,0.0015
2025-11-20 06:00:00,1763618418.0,0.0015
2025-11-20 07:00:00,1763622025.0,0.0015
2025-11-20 08:00:00,1763625616.0,0.0015
2025-11-20 09:00:00,1763629219.0,0.0015
2025-11-20 10:00:00,1763632816.0,0.0015
2025-11-20 11:00:00,1763636417.0,0.0005
2025-11-20 12:00:00,1763640012.0,0.0005
2025-11-20 13:00:00,1763643610.0,0.0005
2025-11-20 14:00:00,1763647209.0,0.0005
2025-11-20 15:00:00,1763650810.0,0.0005
2025-11-20 16:00:00,1763654409.0,0.0005
2025-11-20 17:00:00,1763658012.0,0.0005
2025-11-20 18:00:00,1763661612.0,0.0005
2025-11-20 19:00:00,1763665210.0,0.0005
2025-11-20 20:00:00,1763668811.0,0.0005
2025-11-20 21:00:00,1763672414.0,0.0005
2025-11-20 22:00:00,1763676025.0,0.0005
2025-11-20 23:00:00,1763679611.0,0.0005
2025-11-21 00:00:00,1763683217.0,0.0005
2025-11-21 01:00:00,1763686810.0,0.0005
2025-11-21 02:00:00,1763690409.0,0.0005
2025-11-21 03:00:00,1763694011.0,0.0005
2025-11-21 04:00:00,1763697623.0,0.0005
2025-11-21 05:00:00,1763701216.0,0.0005
2025-11-21 06:00:00,1763704811.0,0.0005
2025-11-21 07:00:00,1763708410.0,0.0005
2025-11-21 08:00:00,1763712010.0,0.0005
2025-11-21 09:00:00,1763715611.0,0.0005
2025-11-21 10:00:00,1763719209.0,0.0005
2025-11-21 11:00:00,1763722812.0,0.0005
2025-11-21 12:00:00,1763726412.0,0.0005
2025-11-21 13:00:00,1763730024.0,0.0005
2025-11-21 14:00:00,1763733611.0,0.0005
2025-11-21 15:00:00,1763737211.0,0.0005
2025-11-21 16:00:00,1763740811.0,0.001
2025-11-21 17:00:00,1763744421.0,0.001
2025-11-21 18:00:00,1763748011.0,0.001
2025-11-21 19:00:00,1763751610.0,0.001
2025-11-21 20:00:00,1763755211.0,0.001
2025-11-21 21:00:00,1763758811.0,0.001
2025-11-21 22:00:00,1763762410.0,0.001
2025-11-21 23:00:00,1763766016.0,0.001
2025-11-22 00:00:00,1763769612.0,0.001
2025-11-22 01:00:00,1763773210.0,0.001
2025-11-22 02:00:00,1763776809.0,0.001
2025-11-22 03:00:00,1763780411.0,0.001
2025-11-22 04:00:00,1763784025.0,0.001
2025-11-22 05:00:00,1763787616.0,0.001
2025-11-22 06:00:00,1763791219.0,0.001
2025-11-22 07:00:00,1763794809.0,0.001
2025-11-22 08:00:00,1763798409.0,0.001
2025-11-22 09:00:00,1763802012.0,0.001
2025-11-22 10:00:00,1763805610.0,0.001
2025-11-22 11:00:00,1763809211.0,0.001
2025-11-22 12:00:00,1763812813.0,0.001
2025-11-22 13:00:00,1763816423.0,0.001
2025-11-22 14:00:00,1763820011.0,0.001
2025-11-22 15:00:00,1763823610.0,0.001
2025-11-22 16:00:00,1763827210.0,0.001
2025-11-22 17:00:00,1763830820.0,0.001
2025-11-22 18:00:00,1763834410.0,0.001
2025-11-22 19:00:00,1763838009.0,0.001
2025-11-22 20:00:00,1763841610.0,0.001
2025-11-22 21:00:00,1763845212.0,0.001
2025-11-22 22:00:00,1763848809.0,0.001
2025-11-22 23:00:00,1763852410.0,0.001
2025-11-23 00:00:00,1763856013.0,0.001
2025-11-23 01:00:00,1763859622.0,0.001
2025-11-23 02:00:00,1763863209.0,0.001
2025-11-23 03:00:00,1763866812.0,0.001
2025-11-23 04:00:00,1763870409.0,0.001
2025-11-23 05:00:00,1763874009.0,0.001
2025-11-23 06:00:00,1763877617.0,0.001
2025-11-23 07:00:00,1763881209.0,0.001
2025-11-23 08:00:00,1763884809.0,0.001
2025-11-23 09:00:00,1763888410.0,0.001
2025-11-23 10:00:00,1763892009.0,0.001
2025-11-23 11:00:00,1763895610.0,0.001
2025-11-23 12:00:00,1763899212.0,0.001
2025-11-23 13:00:00,1763902809.0,0.001
2025-11-23 14:00:00,1763906410.0,0.001
2025-11-23 15:00:00,1763910010.0,0.001
2025-11-23 16:00:00,1763913609.0,0.001
2025-11-23 17:00:00,1763917224.0,0.001
2025-11-23 18:00:00,1763920812.0,0.001
2025-11-23 19:00:00,1763924409.0,0.001
2025-11-23 20:00:00,1763928010.0,0.001
2025-11-23 21:00:00,1763931627.0,0.001
2025-11-23 22:00:00,1763935209.0,0.001
2025-11-23 23:00:00,1763938809.0,0.001
2025-11-24 00:00:00,1763942413.0,0.001
2025-11-24 01:00:00,1763946008.0,0.001
2025-11-24 02:00:00,1763949607.0,0.001
2025-11-24 03:00:00,1763953208.0,0.0005
2025-11-24 04:00:00,1763956807.0,0.0005
2025-11-24 05:00:00,1763960407.0,0.0005
2025-11-24 06:00:00,1763964015.0,0.0005
2025-11-24 07:00:00,1763967608.0,0.0005
2025-11-24 08:00:00,1763971207.0,0.0005
2025-11-24 09:00:00,1763974808.0,0.0005
2025-11-24 10:00:00,1763978407.0,0.0005
2025-11-24 11:00:00,1763982007.0,0.0005
2025-11-24 12:00:00,1763985609.0,0.0005
2025-11-24 13:00:00,1763989207.0,0.0005
2025-11-24 14:00:00,1763992809.0,0.0005
2025-11-24 15:00:00,1763996408.0,0.0005
2025-11-24 16:00:00,1764000007.0,0.0005
2025-11-24 17:00:00,1764003612.0,0.0005
2025-11-24 18:00:00,1764007209.0,0.0005
2025-11-24 19:00:00,1764010809.0,0.0005
2025-11-24 20:00:00,1764014409.0,0.0005
2025-11-24 21:00:00,1764018018.0,0.0005
2025-11-24 22:00:00,1764021617.0,0.0005
2025-11-24 23:00:00,1764025217.0,0.0005
2025-11-25 00:00:00,1764028815.0,0.0005
2025-11-25 01:00:00,1764032415.0,0.0005
2025-11-25 02:00:00,1764036016.0,0.0005
2025-11-25 03:00:00,1764039617.0,0.0005
2025-11-25 04:00:00,1764043217.0,0.0005
2025-11-25 05:00:00,1764046817.0,0.0005
2025-11-25 06:00:00,1764050417.0,0.0005
2025-11-25 07:00:00,1764054017.0,0.0005
2025-11-25 08:00:00,1764057617.0,0.0005
2025-11-25 09:00:00,1764061218.0,0.0005
2025-11-25 10:00:00,1764064817.0,0.0005
2025-11-25 11:00:00,1764068417.0,0.0005
2025-11-25 12:00:00,1764072019.0,0.0005
2025-11-25 13:00:00,1764075617.0,0.0005
2025-11-25 14:00:00,1764079218.0,0.0005
2025-11-25 15:00:00,1764082819.0,0.0005
2025-11-25 16:00:00,1764086417.0,0.0005
2025-11-25 17:00:00,1764090019.0,0.0005
2025-11-25 18:00:00,1764093618.0,0.001
2025-11-25 19:00:00,1764097218.0,0.0005
2025-11-25 20:00:00,1764100819.0,0.0005
2025-11-25 21:00:00,1764104419.0,0.0005
2025-11-25 22:00:00,1764108018.0,0.0005
2025-11-25 23:00:00,1764111617.0,0.0005
2025-11-26 00:00:00,1764115213.0,0.0005
2025-11-26 01:00:00,1764118813.0,0.0005
2025-11-26 02:00:00,1764122415.0,0.0005
2025-11-26 03:00:00,1764126018.0,0.0005
2025-11-26 04:00:00,1764129617.0,0.0005
2025-11-26 05:00:00,1764133216.0,0.0005
2025-11-26 06:00:00,1764136831.0,0.0005
2025-11-26 07:00:00,1764140417.0,0.0005
2025-11-26 08:00:00,1764144020.0,0.0005
2025-11-26 09:00:00,1764147618.0,0.0005
2025-11-26 10:00:00,1764151217.0,0.0005
2025-11-26 11:00:00,1764154818.0,0.0005
2025-11-26 12:00:00,1764158435.0,0.0005
2025-11-26 13:00:00,1764162018.0,0.0005
2025-11-26 14:00:00,1764165619.0,0.0005
2025-11-26 15:00:00,1764169217.0,0.0005
2025-11-26 16:00:00,1764172819.0,0.0005
2025-11-26 17:00:00,1764176421.0,0.0005
2025-11-26 18:00:00,1764180019.0,0.0005
2025-11-26 19:00:00,1764183621.0,0.0005
2025-11-26 20:00:00,1764187218.0,0.0005
2025-11-26 21:00:00,1764190821.0,0.0005
2025-11-26 22:00:00,1764194419.0,0.0005
2025-11-26 23:00:00,1764198019.0,0.0005
2025-11-27 00:00:00,1764201616.0,0.0005
2025-11-27 01:00:00,1764205227.0,0.0005
2025-11-27 02:00:00,1764208817.0,0.0005
2025-11-27 03:00:00,1764212419.0,0.0005
2025-11-27 04:00:00,1764216019.0,0.0005
2025-11-27 05:00:00,1764219619.0,0.0005
2025-11-27 06:00:00,1764223220.0,0.0005
2025-11-27 07:00:00,1764226820.0,0.0005
2025-11-27 08:00:00,1764230418.0,0.0005
2025-11-27 09:00:00,1764234019.0,0.0005
2025-11-27 10:00:00,1764237620.0,0.0005
2025-11-27 11:00:00,1764241218.0,0.0005
2025-11-27 12:00:00,1764244824.0,0.0005
2025-11-27 13:00:00,1764248418.0,0.0005
2025-11-27 14:00:00,1764252019.0,0.0005
2025-11-27 15:00:00,1764255618.0,0.0005
2025-11-27 16:00:00,1764259219.0,0.0005
2025-11-27 17:00:00,1764262822.0,0.0005
2025-11-27 18:00:00,1764266420.0,0.0005
2025-11-27 19:00:00,1764270020.0,0.0005
2025-11-27 20:00:00,1764273620.0,0.0005
2025-11-27 21:00:00,1764277221.0,0.0005
2025-11-27 22:00:00,1764280819.0,0.0005
2025-11-27 23:00:00,1764284420.0,0.0005
2025-11-28 00:00:00,1764288015.0,0.0005
2025-11-28 01:00:00,1764291615.0,0.0005
2025-11-28 02:00:00,1764295216.0,0.0005
2025-11-28 03:00:00,1764298818.0,0.0005
2025-11-28 04:00:00,1764302419.0,0.0005
2025-11-28 05:00:00,1764306018.0,0.0005
2025-11-28 06:00:00,1764309619.0,0.0005
2025-11-28 07:00:00,1764313220.0,0.0005
2025-11-28 08:00:00,1764316818.0,0.0005
2025-11-28 09:00:00,1764320420.0,0.0005
2025-11-28 10:00:00,1764324019.0,0.0005
2025-11-28 11:00:00,1764327619.0,0.0005
2025-11-28 12:00:00,1764331223.0,0.0005
2025-11-28 13:00:00,1764334819.0,0.0005
2025-11-28 14:00:00,1764338420.0,0.0005
2025-11-28 15:00:00,1764342020.0,0.0005
2025-11-28 16:00:00,1764345633.0,0.0005
2025-11-28 17:00:00,1764349223.0,0.0005
2025-11-28 18:00:00,1764352820.0,0.0005
2025-11-28 19:00:00,1764356421.0,0.0005
2025-11-28 20:00:00,1764360019.0,0.0005
2025-11-28 21:00:00,1764363623.0,0.0005
2025-11-28 22:00:00,1764367222.0,0.0005
2025-11-28 23:00:00,1764370819.0,0.0005
2025-11-29 00:00:00,1764374420.0,0.0005
2025-11-29 01:00:00,1764378017.0,0.0005
2025-11-29 02:00:00,1764381619.0,0.0005
2025-11-29 03:00:00,1764385212.0,0.0005
2025-11-29 04:00:00,1764388820.0,0.0005
2025-11-29 05:00:00,1764392419.0,0.0005
2025-11-29 06:00:00,1764396020.0,0.0005
2025-11-29 07:00:00,1764399620.0,0.0005
2025-11-29 08:00:00,1764403219.0,0.0005
2025-11-29 09:00:00,1764406822.0,0.0005
2025-11-29 10:00:00,1764410434.0,0.0005
2025-11-29 11:00:00,1764414020.0,0.0005
2025-11-29 12:00:00,1764417623.0,0.0005
2025-11-29 13:00:00,1764421219.0,0.0005
2025-11-29 14:00:00,1764424820.0,0.0005
2025-11-29 15:00:00,1764428421.0,0.0005
2025-11-29 16:00:00,1764432020.0,0.0005
2025-11-29 17:00:00,1764435621.0,0.0005
2025-11-29 18:00:00,1764439220.0,0.0005
2025-11-29 19:00:00,1764442821.0,0.0005
2025-11-29 20:00:00,1764446420.0,0.0005
2025-11-29 21:00:00,1764450022.0,0.0005
2025-11-29 22:00:00,1764453611.0,0.0005
2025-11-29 23:00:00,1764457219.0,0.0005
2025-11-30 00:00:00,1764460815.0,0.0005
2025-11-30 01:00:00,1764464416.0,0.0005
2025-11-30 02:00:00,1764468017.0,0.0005
2025-11-30 03:00:00,1764471618.0,0.0005
2025-11-30 04:00:00,1764475218.0,0.0005
2025-11-30 05:00:00,1764478818.0,0.0005
2025-11-30 06:00:00,1764482417.0,0.0005
2025-11-30 07:00:00,1764486021.0,0.0005
2025-11-30 08:00:00,1764489610.0,0.0005
2025-11-30 09:00:00,1764493220.0,0.0005
2025-11-30 10:00:00,1764496832.0,0.0005
2025-11-30 11:00:00,1764500418.0,0.0005
2025-11-30 12:00:00,1764504048.0,0.0005
2025-11-30 13:00:00,1764507609.0,0.0005
2025-11-30 14:00:00,1764511219.0,0.0005
2025-11-30 15:00:00,1764514831.0,0.0005
2025-11-30 16:00:00,1764518431.0,0.0005
2025-11-30 17:00:00,1764522020.0,0.0005
2025-11-30 18:00:00,1764525620.0,0.0005
2025-11-30 19:00:00,1764529219.0,0.0005
2025-11-30 20:00:00,1764532819.0,0.0005
2025-11-30 21:00:00,1764536421.0,0.0005
2025-11-30 22:00:00,1764540019.0,0.0005
2025-11-30 23:00:00,1764543624.0,0.0005
2025-12-01 00:00:00,1764547216.0,0.0005
2025-12-01 01:00:00,1764550817.0,0.0005
2025-12-01 02:00:00,1764554416.0,0.0005
2025-12-01 03:00:00,1764558030.0,0.0005
2025-12-01 04:00:00,1764561617.0,0.0005
2025-12-01 05:00:00,1764565219.0,0.0005
2025-12-01 06:00:00,1764568818.0,0.0005
2025-12-01 07:00:00,1764572418.0,0.0005
2025-12-01 08:00:00,1764576016.0,0.0005
2025-12-01 09:00:00,1764579631.0,0.0005
2025-12-01 10:00:00,1764583231.0,0.0005
2025-12-01 11:00:00,1764586817.0,0.0005
2025-12-01 12:00:00,1764590431.0,0.0005
2025-12-01 13:00:00,1764594017.0,0.0005
2025-12-01 14:00:00,1764597617.0,0.0005
2025-12-01 15:00:00,1764601230.0,0.0005
2025-12-01 16:00:00,1764604828.0,0.0005
2025-12-01 17:00:00,1764608419.0,0.0005
2025-12-01 18:00:00,1764612031.0,0.0005
2025-12-01 19:00:00,1764615618.0,0.0005
2025-12-01 20:00:00,1764619218.0,0.0005
2025-12-01 21:00:00,1764622819.0,0.0005
2025-12-01 22:00:00,1764626418.0,0.0005
2025-12-01 23:00:00,1764630018.0,0.0005
2025-12-02 00:00:00,1764633612.0,0.0005
2025-12-02 01:00:00,1764637212.0,0.0005
2025-12-02 02:00:00,1764640814.0,0.0005
2025-12-02 03:00:00,1764644416.0,0.0005
2025-12-02 04:00:00,1764648016.0,0.0005
2025-12-02 05:00:00,1764651615.0,0.0005
2025-12-02 06:00:00,1764655217.0,0.0005
2025-12-02 07:00:00,1764658817.0,0.0005
2025-12-02 08:00:00,1764662416.0,0.0005
2025-12-02 09:00:00,1764666017.0,0.0005
2025-12-02 10:00:00,1764669616.0,0.0005
2025-12-02 11:00:00,1764673217.0,0.0005
2025-12-02 12:00:00,1764676821.0,0.0005
2025-12-02 13:00:00,1764680416.0,0.0005
2025-12-02 14:00:00,1764684017.0,0.0005
2025-12-02 15:00:00,1764687617.0,0.0005
2025-12-02 16:00:00,1764691209.0,0.0005
2025-12-02 17:00:00,1764694819.0,0.0005
2025-12-02 18:00:00,1764698419.0,0.0015
2025-12-02 19:00:00,1764702018.0,0.0015
2025-12-02 20:00:00,1764705617.0,0.0005
2025-12-02 21:00:00,1764709219.0,0.0005
2025-12-02 22:00:00,1764712817.0,0.0005
2025-12-02 23:00:00,1764716418.0,0.0005
2025-12-03 00:00:00,1764720017.0,0.0005
2025-12-03 01:00:00,1764723615.0,0.0005
2025-12-03 02:00:00,1764727216.0,0.0005
2025-12-03 03:00:00,1764730818.0,0.0005
2025-12-03 04:00:00,1764734419.0,0.0005
2025-12-03 05:00:00,1764738018.0,0.0005
2025-12-03 06:00:00,1764741619.0,0.0005
2025-12-03 07:00:00,1764745219.0,0.0005
2025-12-03 08:00:00,1764748817.0,0.0005
2025-12-03 09:00:00,1764752420.0,0.0005
2025-12-03 10:00:00,1764756018.0,0.0005
2025-12-03 11:00:00,1764759619.0,0.0005
2025-12-03 12:00:00,1764763223.0,0.001
2025-12-03 13:00:00,1764766817.0,0.0005
2025-12-03 14:00:00,1764770419.0,0.0005
2025-12-03 15:00:00,1764774011.0,0.0005
2025-12-03 16:00:00,1764777618.0,0.0005
2025-12-03 17:00:00,1764781221.0,0.0005
2025-12-03 18:00:00,1764784820.0,0.0005
2025-12-03 19:00:00,1764788420.0,0.0015
2025-12-03 20:00:00,1764792018.0,0.0015
2025-12-03 21:00:00,1764795622.0,0.0015
2025-12-03 22:00:00,1764799219.0,0.0025
2025-12-03 23:00:00,1764802819.0,0.002
2025-12-04 00:00:00,1764806412.0,0.01
2025-12-04 01:00:00,1764810012.0,0.0055
2025-12-04 02:00:00,1764813615.0,0.006
2025-12-04 03:00:00,1764817217.0,0.0045
2025-12-04 04:00:00,1764820818.0,0.0055
2025-12-04 05:00:00,1764824417.0,0.0025
2025-12-04 06:00:00,1764828018.0,0.0025
2025-12-04 07:00:00,1764831618.0,0.0025
2025-12-04 08:00:00,1764835216.0,0.0025
2025-12-04 09:00:00,1764838824.0,0.0025
2025-12-04 10:00:00,1764842417.0,0.002
2025-12-04 11:00:00,1764846018.0,0.006
2025-12-04 12:00:00,1764849623.0,0.0135
2025-12-04 13:00:00,1764853217.0,0.006
2025-12-04 14:00:00,1764856818.0,0.0055
2025-12-04 15:00:00,1764860417.0,0.0055
2025-12-04 16:00:00,1764864010.0,0.0085
2025-12-04 17:00:00,1764867613.0,0.0075
2025-12-04 18:00:00,1764871212.0,0.0075
2025-12-04 19:00:00,1764874809.0,0.004
2025-12-04 20:00:00,1764878410.0,0.004
2025-12-04 21:00:00,1764882011.0,0.004
2025-12-04 22:00:00,1764885609.0,0.004
2025-12-04 23:00:00,1764889210.0,0.0035
2025-12-05 00:00:00,1764892814.0,0.003
2025-12-05 01:00:00,1764896410.0,0.003
2025-12-05 02:00:00,1764900010.0,0.003
2025-12-05 03:00:00,1764903613.0,0.003
2025-12-05 04:00:00,1764907211.0,0.003
2025-12-05 05:00:00,1764910810.0,0.003
2025-12-05 06:00:00,1764914411.0,0.003
2025-12-05 07:00:00,1764918010.0,0.003
2025-12-05 08:00:00,1764921610.0,0.0035
2025-12-05 09:00:00,1764925212.0,0.0035
2025-12-05 10:00:00,1764928810.0,0.003
2025-12-05 11:00:00,1764932410.0,0.003
2025-12-05 12:00:00,1764936015.0,0.003
2025-12-05 13:00:00,1764939610.0,0.003
2025-12-05 14:00:00,1764943211.0,0.0025
2025-12-05 15:00:00,1764946812.0,0.0025
2025-12-05 16:00:00,1764950410.0,0.0025
2025-12-05 17:00:00,1764954012.0,0.0025
2025-12-05 18:00:00,1764957611.0,0.0025
2025-12-05 19:00:00,1764961214.0,0.0025
2025-12-05 20:00:00,1764964811.0,0.0025
2025-12-05 21:00:00,1764968413.0,0.0025
2025-12-05 22:00:00,1764972011.0,0.0025
2025-12-05 23:00:00,1764975610.0,0.0025
2025-12-06 00:00:00,1764979214.0,0.0025
2025-12-06 01:00:00,1764982811.0,0.0025
2025-12-06 02:00:00,1764986411.0,0.0025
2025-12-06 03:00:00,1764990012.0,0.0025
2025-12-06 04:00:00,1764993611.0,0.0025
2025-12-06 05:00:00,1764997211.0,0.0025
2025-12-06 06:00:00,1765000812.0,0.0025
2025-12-06 07:00:00,1765004421.0,0.0025
2025-12-06 08:00:00,1765008011.0,0.0025
2025-12-06 09:00:00,1765011614.0,0.0025
2025-12-06 10:00:00,1765015212.0,0.0025
2025-12-06 11:00:00,1765018812.0,0.0025
2025-12-06 12:00:00,1765022415.0,0.0025
2025-12-06 13:00:00,1765026012.0,0.0025
2025-12-06 14:00:00,1765029611.0,0.003
2025-12-06 15:00:00,1765033213.0,0.003
2025-12-06 16:00:00,1765036811.0,0.0025
2025-12-06 17:00:00,1765040416.0,0.0025
2025-12-06 18:00:00,1765044013.0,0.0025
2025-12-06 19:00:00,1765047613.0,0.0025
2025-12-06 20:00:00,1765051212.0,0.0025
2025-12-06 21:00:00,1765054813.0,0.0025
2025-12-06 22:00:00,1765058411.0,0.0025
2025-12-06 23:00:00,1765062011.0,0.0025
2025-12-07 00:00:00,1765065627.0,0.0025
2025-12-07 01:00:00,1765069212.0,0.0025
2025-12-07 02:00:00,1765072811.0,0.0025
2025-12-07 03:00:00,1765076414.0,0.002
2025-12-07 04:00:00,1765080010.0,0.002
2025-12-07 05:00:00,1765083610.0,0.002
2025-12-07 06:00:00,1765087220.0,0.002
2025-12-07 07:00:00,1765090811.0,0.002
2025-12-07 08:00:00,1765094411.0,0.002
2025-12-07 09:00:00,1765098012.0,0.0025
2025-12-07 10:00:00,1765101610.0,0.0025
2025-12-07 11:00:00,1765105210.0,0.0035
2025-12-07 12:00:00,1765108817.0,0.0035
2025-12-07 13:00:00,1765112410.0,0.003
2025-12-07 14:00:00,1765116010.0,0.003
2025-12-07 15:00:00,1765119612.0,0.002
2025-12-07 16:00:00,1765123210.0,0.0025
2025-12-07 17:00:00,1765126814.0,0.0025
2025-12-07 18:00:00,1765130420.0,0.0025
2025-12-07 19:00:00,1765134012.0,0.0025
2025-12-07 20:00:00,1765137626.0,0.0025
2025-12-07 21:00:00,1765141213.0,0.0025
2025-12-07 22:00:00,1765144810.0,0.0025
2025-12-07 23:00:00,1765148410.0,0.0025
2025-12-08 00:00:00,1765152026.0,0.0025
2025-12-08 01:00:00,1765155624.0,0.0025
2025-12-08 02:00:00,1765159209.0,0.0025
2025-12-08 03:00:00,1765162810.0,0.0025
2025-12-08 04:00:00,1765166410.0,0.0025
2025-12-08 05:00:00,1765170009.0,0.0025
2025-12-08 06:00:00,1765173611.0,0.0025
2025-12-08 07:00:00,1765177210.0,0.0035
2025-12-08 08:00:00,1765180810.0,0.0035
2025-12-08 09:00:00,1765184411.0,0.0035
2025-12-08 10:00:00,1765188009.0,0.0035
2025-12-08 11:00:00,1765191609.0,0.0035
2025-12-08 12:00:00,1765195228.0,0.003
2025-12-08 13:00:00,1765198812.0,0.003
2025-12-08 14:00:00,1765202409.0,0.003
2025-12-08 15:00:00,1765206010.0,0.003
2025-12-08 16:00:00,1765209623.0,0.003
2025-12-08 17:00:00,1765213211.0,0.003
2025-12-08 18:00:00,1765216810.0,0.003
2025-12-08 19:00:00,1765220410.0,0.003
2025-12-08 20:00:00,1765224011.0,0.003
2025-12-08 21:00:00,1765227625.0,0.003
2025-12-08 22:00:00,1765231209.0,0.003
2025-12-08 23:00:00,1765234811.0,0.003
2025-12-09 00:00:00,1765238424.0,0.003
2025-12-09 01:00:00,1765242015.0,0.003
2025-12-09 02:00:00,1765245612.0,0.003
2025-12-09 03:00:00,1765249211.0,0.003
2025-12-09 04:00:00,1765252810.0,0.003
2025-12-09 05:00:00,1765256410.0,0.003
2025-12-09 06:00:00,1765260013.0,0.003
2025-12-09 07:00:00,1765263616.0,0.003
2025-12-09 08:00:00,1765267213.0,0.003
2025-12-09 09:00:00,1765270813.0,0.003
2025-12-09 10:00:00,1765274410.0,0.003
2025-12-09 11:00:00,1765278012.0,0.003
2025-12-09 12:00:00,1765281613.0,0.003
2025-12-09 13:00:00,1765285213.0,0.003
2025-12-09 14:00:00,1765288826.0,0.003
2025-12-09 15:00:00,1765292415.0,0.002
2025-12-09 16:00:00,1765296010.0,0.002
2025-12-09 17:00:00,1765299614.0,0.002
2025-12-09 18:00:00,1765303212.0,0.002
2025-12-09 19:00:00,1765306810.0,0.0025
2025-12-09 20:00:00,1765310412.0,0.0025
2025-12-09 21:00:00,1765314014.0,0.002
2025-12-09 22:00:00,1765317611.0,0.0015
2025-12-09 23:00:00,1765321212.0,0.002
2025-12-10 00:00:00,1765324812.0,0.0025
2025-12-10 01:00:00,1765328421.0,0.002
2025-12-10 02:00:00,1765332008.0,0.0045
2025-12-10 03:00:00,1765335610.0,0.0055
2025-12-10 04:00:00,1765339209.0,0.0045
2025-12-10 05:00:00,1765342811.0,0.0065
2025-12-10 06:00:00,1765346412.0,0.007
2025-12-10 07:00:00,1765350009.0,0.0065
2025-12-10 08:00:00,1765353610.0,0.005
2025-12-10 09:00:00,1765357224.0,0.0045
2025-12-10 10:00:00,1765360808.0,0.0035
2025-12-10 11:00:00,1765364409.0,0.003
2025-12-10 12:00:00,1765368022.0,0.004
2025-12-10 13:00:00,1765371609.0,0.003
2025-12-10 14:00:00,1765375208.0,0.003
2025-12-10 15:00:00,1765378812.0,0.003
2025-12-10 16:00:00,1765382409.0,0.003
2025-12-10 17:00:00,1765386011.0,0.003
2025-12-10 18:00:00,1765389610.0,0.003
2025-12-10 19:00:00,1765393209.0,0.004
2025-12-10 20:00:00,1765396809.0,0.003
2025-12-10 21:00:00,1765400410.0,0.003
2025-12-10 22:00:00,1765404009.0,0.004
2025-12-10 23:00:00,1765407609.0,0.003
2025-12-11 00:00:00,1765411213.0,0.003
2025-12-11 01:00:00,1765414814.0,0.003
2025-12-11 02:00:00,1765418421.0,0.003
2025-12-11 03:00:00,1765422011.0,0.003
2025-12-11 04:00:00,1765425626.0,0.002
2025-12-11 05:00:00,1765429218.0,0.002
2025-12-11 06:00:00,1765432810.0,0.003
2025-12-11 07:00:00,1765436409.0,0.0025
2025-12-11 08:00:00,1765440010.0,0.002
2025-12-11 09:00:00,1765443611.0,0.0015
2025-12-11 10:00:00,1765447211.0,0.002
2025-12-11 11:00:00,1765450819.0,0.002
2025-12-11 12:00:00,1765454415.0,0.002
2025-12-11 13:00:00,1765458011.0,0.002
2025-12-11 14:00:00,1765461609.0,0.002
2025-12-11 15:00:00,1765465211.0,0.0015
2025-12-11 16:00:00,1765468819.0,0.0015
2025-12-11 17:00:00,1765472412.0,0.0015
2025-12-11 18:00:00,1765476010.0,0.0015
2025-12-11 19:00:00,1765479623.0,0.0015
2025-12-11 20:00:00,1765483212.0,0.0015
2025-12-11 21:00:00,1765486811.0,0.0015
2025-12-11 22:00:00,1765490410.0,0.0015
2025-12-11 23:00:00,1765494011.0,0.0015
2025-12-12 00:00:00,1765497613.0,0.0015
2025-12-12 01:00:00,1765501210.0,0.0015
2025-12-12 02:00:00,1765504809.0,0.0015
2025-12-12 03:00:00,1765508413.0,0.0015
2025-12-12 04:00:00,1765512010.0,0.0015
2025-12-12 05:00:00,1765515623.0,0.0015
2025-12-12 06:00:00,1765519212.0,0.0015
2025-12-12 07:00:00,1765522810.0,0.0015
2025-12-12 08:00:00,1765526410.0,0.0015
2025-12-12 09:00:00,1765530011.0,0.0015
2025-12-12 10:00:00,1765533610.0,0.0015
2025-12-12 11:00:00,1765537211.0,0.0015
2025-12-12 12:00:00,1765540814.0,0.0015
2025-12-12 13:00:00,1765544410.0,0.0015
2025-12-12 14:00:00,1765548011.0,0.0015
2025-12-12 15:00:00,1765551612.0,0.0015
2025-12-12 16:00:00,1765555211.0,0.0015
2025-12-12 17:00:00,1765558817.0,0.0015
2025-12-12 18:00:00,1765562413.0,0.0015
2025-12-12 19:00:00,1765566011.0,0.0015
2025-12-12 20:00:00,1765569613.0,0.0015
2025-12-12 21:00:00,1765573213.0,0.0015
2025-12-12 22:00:00,1765576814.0,0.0005
2025-12-12 23:00:00,1765580411.0,0.0005
2025-12-13 00:00:00,1765584015.0,0.0005
2025-12-13 01:00:00,1765587611.0,0.0005
2025-12-13 02:00:00,1765591211.0,0.0005
2025-12-13 03:00:00,1765594812.0,0.0005
2025-12-13 04:00:00,1765598412.0,0.0005
2025-12-13 05:00:00,1765602010.0,0.0005
2025-12-13 06:00:00,1765605621.0,0.0005
2025-12-13 07:00:00,1765609211.0,0.0005
2025-12-13 08:00:00,1765612811.0,0.0005
2025-12-13 09:00:00,1765616413.0,0.0005
2025-12-13 10:00:00,1765620011.0,0.0005
2025-12-13 11:00:00,1765623611.0,0.0005
2025-12-13 12:00:00,1765627216.0,0.0005
2025-12-13 13:00:00,1765630811.0,0.0005
2025-12-13 14:00:00,1765634421.0,0.0005
2025-12-13 15:00:00,1765638013.0,0.0005
2025-12-13 16:00:00,1765641610.0,0.0005
2025-12-13 17:00:00,1765645214.0,0.0005
2025-12-13 18:00:00,1765648813.0,0.0005
2025-12-13 19:00:00,1765652411.0,0.0005
2025-12-13 20:00:00,1765656011.0,0.0005
2025-12-13 21:00:00,1765659613.0,0.0005
2025-12-13 22:00:00,1765663212.0,0.0005
2025-12-13 23:00:00,1765666811.0,0.0005
2025-12-14 00:00:00,1765670415.0,0.0005
2025-12-14 01:00:00,1765674011.0,0.0005
2025-12-14 02:00:00,1765677611.0,0.0005
2025-12-14 03:00:00,1765681213.0,0.0005
2025-12-14 04:00:00,1765684811.0,0.0005
2025-12-14 05:00:00,1765688411.0,0.0005
2025-12-14 06:00:00,1765692013.0,0.0005
2025-12-14 07:00:00,1765695611.0,0.0005
2025-12-14 08:00:00,1765699211.0,0.0005
2025-12-14 09:00:00,1765702813.0,0.0005
2025-12-14 10:00:00,1765706412.0,0.0005
2025-12-14 11:00:00,1765710010.0,0.0005
2025-12-14 12:00:00,1765713615.0,0.0005
2025-12-14 13:00:00,1765717210.0,0.0005
2025-12-14 14:00:00,1765720811.0,0.0005
2025-12-14 15:00:00,1765724413.0,0.0005
2025-12-14 16:00:00,1765728011.0,0.0005
2025-12-14 17:00:00,1765731614.0,0.0005
2025-12-14 18:00:00,1765735213.0,0.0005
2025-12-14 19:00:00,1765738813.0,0.0005
2025-12-14 20:00:00,1765742413.0,0.0005
2025-12-14 21:00:00,1765746013.0,0.0005
2025-12-14 22:00:00,1765749610.0,0.0005
2025-12-14 23:00:00,1765753211.0,0.0005
2025-12-15 00:00:00,1765756816.0,0.0005
2025-12-15 01:00:00,1765760410.0,0.0005
2025-12-15 02:00:00,1765764010.0,0.0005
2025-12-15 03:00:00,1765767612.0,0.0005
2025-12-15 04:00:00,1765771213.0,0.0005
2025-12-15 05:00:00,1765774811.0,0.0005
2025-12-15 06:00:00,1765778414.0,0.0005
2025-12-15 07:00:00,1765782010.0,0.0005
2025-12-15 08:00:00,1765785610.0,0.0005
2025-12-15 09:00:00,1765789217.0,0.0005
2025-12-15 10:00:00,1765792810.0,0.0005
2025-12-15 11:00:00,1765796413.0,0.0005
2025-12-15 12:00:00,1765800014.0,0.0005
2025-12-15 13:00:00,1765803623.0,0.0005
2025-12-15 14:00:00,1765807210.0,0.0005
2025-12-15 15:00:00,1765810813.0,0.0005
2025-12-15 16:00:00,1765814411.0,0.0005
2025-12-15 17:00:00,1765818013.0,0.0005
2025-12-15 18:00:00,1765821628.0,0.0005
2025-12-15 19:00:00,1765825210.0,0.0005
2025-12-15 20:00:00,1765828810.0,0.0005
2025-12-15 21:00:00,1765832412.0,0.0005
2025-12-15 22:00:00,1765836026.0,0.001
2025-12-15 23:00:00,1765839610.0,0.001
2025-12-16 00:00:00,1765843214.0,0.001
2025-12-16 01:00:00,1765846814.0,0.001
2025-12-16 02:00:00,1765850410.0,0.001
2025-12-16 03:00:00,1765854011.0,0.001
2025-12-16 04:00:00,1765857610.0,0.0005
2025-12-16 05:00:00,1765861210.0,0.0005
2025-12-16 06:00:00,1765864812.0,0.0005
2025-12-16 07:00:00,1765868416.0,0.0005
2025-12-16 08:00:00,1765872017.0,0.0005
2025-12-16 09:00:00,1765875611.0,0.0005
2025-12-16 10:00:00,1765879210.0,0.0005
2025-12-16 11:00:00,1765882810.0,0.0005
2025-12-16 12:00:00,1765886426.0,0.0005
2025-12-16 13:00:00,1765890010.0,0.0005
2025-12-16 14:00:00,1765893624.0,0.0005
2025-12-16 15:00:00,1765897211.0,0.0005
2025-12-16 16:00:00,1765900827.0,0.0005
2025-12-16 17:00:00,1765904412.0,0.0005
2025-12-16 18:00:00,1765908013.0,0.0005
2025-12-16 19:00:00,1765911612.0,0.0005
2025-12-16 20:00:00,1765915211.0,0.0005
2025-12-16 21:00:00,1765918812.0,0.0005
2025-12-16 22:00:00,1765922410.0,0.0005
2025-12-16 23:00:00,1765926012.0,0.0005
2025-12-17 00:00:00,1765929611.0,0.0065
2025-12-17 01:00:00,1765933211.0,0.001
2025-12-17 02:00:00,1765936811.0,0.0005
2025-12-17 03:00:00,1765940426.0,0.0005
2025-12-17 04:00:00,1765944011.0,0.0005
2025-12-17 05:00:00,1765947612.0,0.0005
2025-12-17 06:00:00,1765951221.0,0.0005
2025-12-17 07:00:00,1765954813.0,0.0005
2025-12-17 08:00:00,1765958423.0,0.003
2025-12-17 09:00:00,1765962013.0,0.0015
2025-12-17 10:00:00,1765965612.0,0.0005
2025-12-17 11:00:00,1765969213.0,0.0005
2025-12-17 12:00:00,1765972816.0,0.0005
2025-12-17 13:00:00,1765976411.0,0.0005
2025-12-17 14:00:00,1765980011.0,0.0005
2025-12-17 15:00:00,1765983615.0,0.0005
2025-12-17 16:00:00,1765987212.0,0.0005
2025-12-17 17:00:00,1765990811.0,0.0005
2025-12-17 18:00:00,1765994413.0,0.0005
2025-12-17 19:00:00,1765998014.0,0.0005
2025-12-17 20:00:00,1766001611.0,0.0005
2025-12-17 21:00:00,1766005214.0,0.0005
2025-12-17 22:00:00,1766008811.0,0.0005
2025-12-17 23:00:00,1766012411.0,0.002
2025-12-18 00:00:00,1766016023.0,0.002
2025-12-18 01:00:00,1766019609.0,0.002
2025-12-18 02:00:00,1766023209.0,0.002
2025-12-18 03:00:00,1766026811.0,0.0015
2025-12-18 04:00:00,1766030409.0,0.0015
2025-12-18 05:00:00,1766034017.0,0.001
2025-12-18 06:00:00,1766037612.0,0.001
2025-12-18 07:00:00,1766041210.0,0.001
2025-12-18 08:00:00,1766044809.0,0.001
2025-12-18 09:00:00,1766048411.0,0.001
2025-12-18 10:00:00,1766052019.0,0.0005
2025-12-18 11:00:00,1766055610.0,0.0005
2025-12-18 12:00:00,1766059213.0,0.002
2025-12-18 13:00:00,1766062812.0,0.0035
2025-12-18 14:00:00,1766066424.0,0.002
2025-12-18 15:00:00,1766070011.0,0.0015
2025-12-18 16:00:00,1766073619.0,0.001
2025-12-18 17:00:00,1766077214.0,0.0015
2025-12-18 18:00:00,1766080813.0,0.0015
2025-12-18 19:00:00,1766084414.0,0.0015
2025-12-18 20:00:00,1766088012.0,0.0005
2025-12-18 21:00:00,1766091613.0,0.0005
2025-12-18 22:00:00,1766095213.0,0.0005
2025-12-18 23:00:00,1766098810.0,0.0005
2025-12-19 00:00:00,1766102414.0,0.001
2025-12-19 01:00:00,1766106011.0,0.0015
2025-12-19 02:00:00,1766109611.0,0.0015
2025-12-19 03:00:00,1766113213.0,0.001
2025-12-19 04:00:00,1766116812.0,0.001
2025-12-19 05:00:00,1766120411.0,0.001
2025-12-19 06:00:00,1766124013.0,0.001
2025-12-19 07:00:00,1766127612.0,0.001
2025-12-19 08:00:00,1766131212.0,0.0015
2025-12-19 09:00:00,1766134815.0,0.0015
2025-12-19 10:00:00,1766138412.0,0.0015
2025-12-19 11:00:00,1766142011.0,0.0025
2025-12-19 12:00:00,1766145615.0,0.0015
2025-12-19 13:00:00,1766149212.0,0.0005
2025-12-19 14:00:00,1766152812.0,0.0005
2025-12-19 15:00:00,1766156427.0,0.0005
2025-12-19 16:00:00,1766160027.0,0.0005
2025-12-19 17:00:00,1766163613.0,0.0015
2025-12-19 18:00:00,1766167212.0,0.0015
2025-12-19 19:00:00,1766170811.0,0.0015
2025-12-19 20:00:00,1766174411.0,0.0015
2025-12-19 21:00:00,1766178012.0,0.0015
2025-12-19 22:00:00,1766181610.0,0.0015
2025-12-19 23:00:00,1766185210.0,0.0015
2025-12-20 00:00:00,1766188813.0,0.0015
2025-12-20 01:00:00,1766192412.0,0.0015
2025-12-20 02:00:00,1766196010.0,0.0015
2025-12-20 03:00:00,1766199623.0,0.0015
2025-12-20 04:00:00,1766203211.0,0.001
2025-12-20 05:00:00,1766206811.0,0.0005
2025-12-20 06:00:00,1766210412.0,0.0005
2025-12-20 07:00:00,1766214012.0,0.0005
2025-12-20 08:00:00,1766217611.0,0.0005
2025-12-20 09:00:00,1766221215.0,0.0005
2025-12-20 10:00:00,1766224811.0,0.0005
2025-12-20 11:00:00,1766228411.0,0.0005
2025-12-20 12:00:00,1766232015.0,0.0005
2025-12-20 13:00:00,1766235611.0,0.0005
2025-12-20 14:00:00,1766239211.0,0.0005
2025-12-20 15:00:00,1766242813.0,0.0005
2025-12-20 16:00:00,1766246412.0,0.0005
2025-12-20 17:00:00,1766250015.0,0.0005
2025-12-20 18:00:00,1766253612.0,0.0005
2025-12-20 19:00:00,1766257213.0,0.0005
2025-12-20 20:00:00,1766260815.0,0.0005
2025-12-20 21:00:00,1766264415.0,0.0005
2025-12-20 22:00:00,1766268013.0,0.0005
2025-12-20 23:00:00,1766271616.0,0.0005
2025-12-21 00:00:00,1766275214.0,0.0005
2025-12-21 01:00:00,1766278811.0,0.0005
2025-12-21 02:00:00,1766282410.0,0.0005
2025-12-21 03:00:00,1766286021.0,0.0005
2025-12-21 04:00:00,1766289619.0,0.0005
2025-12-21 05:00:00,1766293210.0,0.0005
2025-12-21 06:00:00,1766296814.0,0.0005
2025-12-21 07:00:00,1766300410.0,0.0005
2025-12-21 08:00:00,1766304011.0,0.0005
2025-12-21 09:00:00,1766307612.0,0.0005
2025-12-21 10:00:00,1766311210.0,0.0005
2025-12-21 11:00:00,1766314811.0,0.0005
2025-12-21 12:00:00,1766318413.0,0.0005
2025-12-21 13:00:00,1766322011.0,0.0005
2025-12-21 14:00:00,1766325610.0,0.0005
2025-12-21 15:00:00,1766329213.0,0.0005
2025-12-21 16:00:00,1766332810.0,0.0005
2025-12-21 17:00:00,1766336416.0,0.0005
2025-12-21 18:00:00,1766340013.0,0.0005
2025-12-21 19:00:00,1766343611.0,0.0005
2025-12-21 20:00:00,1766347213.0,0.0005
2025-12-21 21:00:00,1766350813.0,0.0005
2025-12-21 22:00:00,1766354410.0,0.0005
2025-12-21 23:00:00,1766358011.0,0.0005
2025-12-22 00:00:00,1766361613.0,0.0005
2025-12-22 01:00:00,1766365211.0,0.0005
2025-12-22 02:00:00,1766368811.0,0.0005
2025-12-22 03:00:00,1766372412.0,0.0005
2025-12-22 04:00:00,1766376017.0,0.0005
2025-12-22 05:00:00,1766379610.0,0.0005
2025-12-22 06:00:00,1766383212.0,0.0005
2025-12-22 07:00:00,1766386811.0,0.0005
2025-12-22 08:00:00,1766390424.0,0.0005
2025-12-22 09:00:00,1766394026.0,0.0005
2025-12-22 10:00:00,1766397611.0,0.0005
2025-12-22 11:00:00,1766401211.0,0.0005
2025-12-22 12:00:00,1766404813.0,0.0005
2025-12-22 13:00:00,1766408410.0,0.0005
2025-12-22 14:00:00,1766412011.0,0.0005
2025-12-22 15:00:00,1766415613.0,0.0005
2025-12-22 16:00:00,1766419210.0,0.0005
2025-12-22 17:00:00,1766422813.0,0.0005
2025-12-22 18:00:00,1766426412.0,0.0005
2025-12-22 19:00:00,1766430011.0,0.0005
2025-12-22 20:00:00,1766433624.0,0.0005
2025-12-22 21:00:00,1766437213.0,0.0005
2025-12-22 22:00:00,1766440823.0,0.0005
2025-12-22 23:00:00,1766444411.0,0.0005
2025-12-23 00:00:00,1766448015.0,0.0005
2025-12-23 01:00:00,1766451612.0,0.0005
2025-12-23 02:00:00,1766455211.0,0.0005
2025-12-23 03:00:00,1766458814.0,0.0005
2025-12-23 04:00:00,1766462424.0,0.0005
2025-12-23 05:00:00,1766466032.0,0.0005
2025-12-23 06:00:00,1766469628.0,0.0005
2025-12-23 07:00:00,1766473212.0,0.0005
2025-12-23 08:00:00,1766476825.0,0.0005
2025-12-23 09:00:00,1766480412.0,0.0005
2025-12-23 10:00:00,1766484011.0,0.0005
2025-12-23 11:00:00,1766487611.0,0.0005
2025-12-23 12:00:00,1766491217.0,0.0005
2025-12-23 13:00:00,1766494812.0,0.0005
2025-12-23 14:00:00,1766498411.0,0.0005
2025-12-23 15:00:00,1766502014.0,0.0005
2025-12-23 16:00:00,1766505611.0,0.0005
2025-12-23 17:00:00,1766509230.0,0.0005
2025-12-23 18:00:00,1766512813.0,0.0005
2025-12-23 19:00:00,1766516412.0,0.0005
2025-12-23 20:00:00,1766520011.0,0.0005
2025-12-23 21:00:00,1766523613.0,0.0005
2025-12-23 22:00:00,1766527213.0,0.0005
2025-12-23 23:00:00,1766530812.0,0.0005
2025-12-24 00:00:00,1766534415.0,0.0005
2025-12-24 01:00:00,1766538013.0,0.0005
2025-12-24 02:00:00,1766541611.0,0.0005
2025-12-24 03:00:00,1766545213.0,0.0005
2025-12-24 04:00:00,1766548812.0,0.0005
2025-12-24 05:00:00,1766552412.0,0.0005
2025-12-24 06:00:00,1766556014.0,0.0005
2025-12-24 07:00:00,1766559612.0,0.0005
2025-12-24 08:00:00,1766563213.0,0.0005
2025-12-24 09:00:00,1766566814.0,0.0005
2025-12-24 10:00:00,1766570413.0,0.0005
2025-12-24 11:00:00,1766574013.0,0.0005
2025-12-24 12:00:00,1766577614.0,0.0005
2025-12-24 13:00:00,1766581212.0,0.0005
2025-12-24 14:00:00,1766584812.0,0.0005
2025-12-24 15:00:00,1766588413.0,0.0005
2025-12-24 16:00:00,1766592011.0,0.0005
2025-12-24 17:00:00,1766595615.0,0.0005
2025-12-24 18:00:00,1766599213.0,0.0005
2025-12-24 19:00:00,1766602813.0,0.0005
2025-12-24 20:00:00,1766606412.0,0.0005
2025-12-24 21:00:00,1766610015.0,0.0005
2025-12-24 22:00:00,1766613612.0,0.0005
2025-12-24 23:00:00,1766617211.0,0.0005
2025-12-25 00:00:00,1766620825.0,0.0005
2025-12-25 01:00:00,1766624411.0,0.0005
2025-12-25 02:00:00,1766628012.0,0.0005
2025-12-25 03:00:00,1766631614.0,0.0005
2025-12-25 04:00:00,1766635212.0,0.0005
2025-12-25 05:00:00,1766638812.0,0.0005
2025-12-25 06:00:00,1766642414.0,0.0005
2025-12-25 07:00:00,1766646012.0,0.0005
2025-12-25 08:00:00,1766649613.0,0.0005
2025-12-25 09:00:00,1766653213.0,0.0005
2025-12-25 10:00:00,1766656811.0,0.0005
2025-12-25 11:00:00,1766660411.0,0.0005
2025-12-25 12:00:00,1766664016.0,0.0005
2025-12-25 13:00:00,1766667612.0,0.0005
2025-12-25 14:00:00,1766671212.0,0.0005
2025-12-25 15:00:00,1766674813.0,0.0005
2025-12-25 16:00:00,1766678412.0,0.0005
2025-12-25 17:00:00,1766682017.0,0.0005
2025-12-25 18:00:00,1766685615.0,0.0005
2025-12-25 19:00:00,1766689212.0,0.0005
2025-12-25 20:00:00,1766692814.0,0.0005
2025-12-25 21:00:00,1766696413.0,0.0005
2025-12-25 22:00:00,1766700014.0,0.0005
2025-12-25 23:00:00,1766703612.0,0.0005
2025-12-26 00:00:00,1766707211.0,0.0005
2025-12-26 01:00:00,1766710809.0,0.0005
2025-12-26 02:00:00,1766714409.0,0.0005
2025-12-26 03:00:00,1766718010.0,0.0005
2025-12-26 04:00:00,1766721610.0,0.0005
2025-12-26 05:00:00,1766725211.0,0.0005
2025-12-26 06:00:00,1766728810.0,0.0005
2025-12-26 07:00:00,1766732409.0,0.0005
2025-12-26 08:00:00,1766736010.0,0.0005
2025-12-26 09:00:00,1766739611.0,0.0005
2025-12-26 10:00:00,1766743210.0,0.0005
2025-12-26 11:00:00,1766746810.0,0.0005
2025-12-26 12:00:00,1766750413.0,0.0005
2025-12-26 13:00:00,1766754010.0,0.0005
2025-12-26 14:00:00,1766757610.0,0.0005
2025-12-26 15:00:00,1766761212.0,0.0005
2025-12-26 16:00:00,1766764810.0,0.0005
2025-12-26 17:00:00,1766768415.0,0.0005
2025-12-26 18:00:00,1766772011.0,0.0005
2025-12-26 19:00:00,1766775611.0,0.0005
2025-12-26 20:00:00,1766779211.0,0.0005
2025-12-26 21:00:00,1766782813.0,0.0005
2025-12-26 22:00:00,1766786411.0,0.0005
2025-12-26 23:00:00,1766790010.0,0.0005
2025-12-27 00:00:00,1766793615.0,0.0005
2025-12-27 01:00:00,1766797211.0,0.0005
2025-12-27 02:00:00,1766800811.0,0.0005
2025-12-27 03:00:00,1766804413.0,0.0005
2025-12-27 04:00:00,1766808013.0,0.0005
2025-12-27 05:00:00,1766811613.0,0.0005
2025-12-27 06:00:00,1766815212.0,0.0005
2025-12-27 07:00:00,1766818822.0,0.0005
2025-12-27 08:00:00,1766822412.0,0.0005
2025-12-27 09:00:00,1766826013.0,0.0005
2025-12-27 10:00:00,1766829612.0,0.0005
2025-12-27 11:00:00,1766833214.0,0.0005
2025-12-27 12:00:00,1766836815.0,0.0005
2025-12-27 13:00:00,1766840412.0,0.0005
2025-12-27 14:00:00,1766844012.0,0.0005
2025-12-27 15:00:00,1766847612.0,0.0005
2025-12-27 16:00:00,1766851212.0,0.0005
2025-12-27 17:00:00,1766854812.0,0.0005
2025-12-27 18:00:00,1766858413.0,0.0005
2025-12-27 19:00:00,1766862012.0,0.0005
2025-12-27 20:00:00,1766865612.0,0.0005
2025-12-27 21:00:00,1766869213.0,0.0005
2025-12-27 22:00:00,1766872813.0,0.0005
2025-12-27 23:00:00,1766876412.0,0.0005
2025-12-28 00:00:00,1766880015.0,0.0005
2025-12-28 01:00:00,1766883686.0,0.0005
2025-12-28 02:00:00,1766887212.0,0.0005
2025-12-28 03:00:00,1766890813.0,0.0005
2025-12-28 04:00:00,1766894412.0,0.0005
2025-12-28 05:00:00,1766898012.0,0.0005
2025-12-28 06:00:00,1766901613.0,0.0005
2025-12-28 07:00:00,1766905212.0,0.0005
2025-12-28 08:00:00,1766908813.0,0.0005
2025-12-28 09:00:00,1766912413.0,0.0005
2025-12-28 10:00:00,1766916014.0,0.0005
2025-12-28 11:00:00,1766919612.0,0.0005
2025-12-28 12:00:00,1766923215.0,0.0005
2025-12-28 13:00:00,1766926811.0,0.0005
2025-12-28 14:00:00,1766930412.0,0.0005
2025-12-28 15:00:00,1766934022.0,0.0005
2025-12-28 16:00:00,1766937627.0,0.0005
2025-12-28 17:00:00,1766941215.0,0.0005
2025-12-28 18:00:00,1766944814.0,0.0005
2025-12-28 19:00:00,1766948412.0,0.0005
2025-12-28 20:00:00,1766952027.0,0.0005
2025-12-28 21:00:00,1766955615.0,0.0005
2025-12-28 22:00:00,1766959213.0,0.0005
2025-12-28 23:00:00,1766962814.0,0.0005
2025-12-29 00:00:00,1766966432.0,0.0005
2025-12-29 01:00:00,1766970086.0,0.0005
2025-12-29 02:00:00,1766973613.0,0.0005
2025-12-29 03:00:00,1766977227.0,0.0005
2025-12-29 04:00:00,1766980812.0,0.0005
2025-12-29 05:00:00,1766984421.0,0.0005
2025-12-29 06:00:00,1766988014.0,0.0005
2025-12-29 07:00:00,1766991615.0,0.0005
2025-12-29 08:00:00,1766995221.0,0.0005
2025-12-29 09:00:00,1766998813.0,0.0005
2025-12-29 10:00:00,1767002414.0,0.0005
2025-12-29 11:00:00,1767006014.0,0.0005
2025-12-29 12:00:00,1767009615.0,0.0005
2025-12-29 13:00:00,1767013213.0,0.0005
2025-12-29 14:00:00,1767016812.0,0.0005
2025-12-29 15:00:00,1767020413.0,0.0005
2025-12-29 16:00:00,1767024011.0,0.0005
2025-12-29 17:00:00,1767027613.0,0.0005
2025-12-29 18:00:00,1767031213.0,0.0005
2025-12-29 19:00:00,1767034814.0,0.0005
2025-12-29 20:00:00,1767038412.0,0.0005
2025-12-29 21:00:00,1767042012.0,0.0005
2025-12-29 22:00:00,1767045613.0,0.0005
2025-12-29 23:00:00,1767049223.0,0.0005
2025-12-30 00:00:00,1767052818.0,0.0005
2025-12-30 01:00:00,1767056412.0,0.0005
2025-12-30 02:00:00,1767060012.0,0.0005
2025-12-30 03:00:00,1767063614.0,0.0005
2025-12-30 04:00:00,1767067212.0,0.0005
2025-12-30 05:00:00,1767070821.0,0.0005
2025-12-30 06:00:00,1767074413.0,0.0005
2025-12-30 07:00:00,1767078017.0,0.0005
2025-12-30 08:00:00,1767081613.0,0.0005
2025-12-30 09:00:00,1767085215.0,0.0005
2025-12-30 10:00:00,1767088812.0,0.0005
2025-12-30 11:00:00,1767092414.0,0.0005
2025-12-30 12:00:00,1767096017.0,0.0005
2025-12-30 13:00:00,1767099612.0,0.0005
2025-12-30 14:00:00,1767103212.0,0.0005
2025-12-30 15:00:00,1767106814.0,0.0005
2025-12-30 16:00:00,1767110413.0,0.0005
2025-12-30 17:00:00,1767114016.0,0.0005
2025-12-30 18:00:00,1767117618.0,0.0005
2025-12-30 19:00:00,1767121212.0,0.0005
2025-12-30 20:00:00,1767124824.0,0.0005
2025-12-30 21:00:00,1767128413.0,0.0005
2025-12-30 22:00:00,1767132014.0,0.0005
2025-12-30 23:00:00,1767135613.0,0.0005
2025-12-31 00:00:00,1767139215.0,0.0005
2025-12-31 01:00:00,1767142813.0,0.0005
2025-12-31 02:00:00,1767146413.0,0.0005
2025-12-31 03:00:00,1767150015.0,0.0005
2025-12-31 04:00:00,1767153625.0,0.0005
2025-12-31 05:00:00,1767157212.0,0.0005
2025-12-31 06:00:00,1767160814.0,0.0005
2025-12-31 07:00:00,1767164412.0,0.0005
2025-12-31 08:00:00,1767168014.0,0.0005
2025-12-31 09:00:00,1767171614.0,0.0005
2025-12-31 10:00:00,1767175213.0,0.0005
2025-12-31 11:00:00,1767178824.0,0.0005
2025-12-31 12:00:00,1767182415.0,0.0005
2025-12-31 13:00:00,1767186012.0,0.0005
2025-12-31 14:00:00,1767189614.0,0.0005
2025-12-31 15:00:00,1767193214.0,0.0005
2025-12-31 16:00:00,1767196815.0,0.0005
2025-12-31 17:00:00,1767200416.0,0.0005
2025-12-31 18:00:00,1767204015.0,0.0005
2025-12-31 19:00:00,1767207641.0,0.0005
2025-12-31 20:00:00,1767211214.0,0.0005
2025-12-31 21:00:00,1767214815.0,0.0015
2025-12-31 22:00:00,1767218414.0,0.0015
2025-12-31 23:00:00,1767222013.0,0.0015
2026-01-01 00:00:00,1767225615.0,0.0015
2026-01-01 01:00:00,1767229213.0,0.0005
2026-01-01 02:00:00,1767232813.0,0.0005
2026-01-01 03:00:00,1767236414.0,0.0005
2026-01-01 04:00:00,1767240028.0,0.0005
2026-01-01 05:00:00,1767243613.0,0.0005
2026-01-01 06:00:00,1767247215.0,0.0005
2026-01-01 07:00:00,1767250812.0,0.0005
2026-01-01 08:00:00,1767254412.0,0.0005
2026-01-01 09:00:00,1767258014.0,0.0005
2026-01-01 10:00:00,1767261613.0,0.0005
2026-01-01 11:00:00,1767265212.0,0.0005
2026-01-01 12:00:00,1767268817.0,0.0005
2026-01-01 13:00:00,1767272431.0,0.0005
2026-01-01 14:00:00,1767276011.0,0.0005
2026-01-01 15:00:00,1767279614.0,0.0005
2026-01-01 16:00:00,1767283211.0,0.0005
2026-01-01 17:00:00,1767286814.0,0.0005
2026-01-01 18:00:00,1767290414.0,0.0005
2026-01-01 19:00:00,1767294011.0,0.0005
2026-01-01 20:00:00,1767297624.0,0.0005
2026-01-01 21:00:00,1767301212.0,0.0005
2026-01-01 22:00:00,1767304821.0,0.0005
2026-01-01 23:00:00,1767308412.0,0.0005
2026-01-02 00:00:00,1767312015.0,0.0005
2026-01-02 01:00:00,1767315612.0,0.0005
2026-01-02 02:00:00,1767319212.0,0.0005
2026-01-02 03:00:00,1767322824.0,0.0005
2026-01-02 04:00:00,1767326411.0,0.0005
2026-01-02 05:00:00,1767330013.0,0.0005
2026-01-02 06:00:00,1767333613.0,0.0005
2026-01-02 07:00:00,1767337211.0,0.0005
2026-01-02 08:00:00,1767340814.0,0.0005
2026-01-02 09:00:00,1767344413.0,0.0005
2026-01-02 10:00:00,1767348014.0,0.0005
2026-01-02 11:00:00,1767351613.0,0.0005
2026-01-02 12:00:00,1767355214.0,0.0005
2026-01-02 13:00:00,1767358811.0,0.0005
2026-01-02 14:00:00,1767362412.0,0.0005
2026-01-02 15:00:00,1767366015.0,0.0005
2026-01-02 16:00:00,1767369613.0,0.0005
2026-01-02 17:00:00,1767373215.0,0.0005
2026-01-02 18:00:00,1767376828.0,0.0005
2026-01-02 19:00:00,1767380413.0,0.0005
2026-01-02 20:00:00,1767384014.0,0.0005
2026-01-02 21:00:00,1767387614.0,0.0005
2026-01-02 22:00:00,1767391214.0,0.0005
2026-01-02 23:00:00,1767394812.0,0.0005
2026-01-03 00:00:00,1767398414.0,0.0005
2026-01-03 01:00:00,1767402085.0,0.0005
2026-01-03 02:00:00,1767405610.0,0.0005
2026-01-03 03:00:00,1767409212.0,0.0005
2026-01-03 04:00:00,1767412813.0,0.0005
2026-01-03 05:00:00,1767416423.0,0.0005
2026-01-03 06:00:00,1767420023.0,0.001
2026-01-03 07:00:00,1767423611.0,0.001
2026-01-03 08:00:00,1767427210.0,0.001
2026-01-03 09:00:00,1767430825.0,0.001
2026-01-03 10:00:00,1767434411.0,0.001
2026-01-03 11:00:00,1767438012.0,0.001
2026-01-03 12:00:00,1767441615.0,0.001
2026-01-03 13:00:00,1767445211.0,0.001
2026-01-03 14:00:00,1767448812.0,0.001
2026-01-03 15:00:00,1767452428.0,0.001
2026-01-03 16:00:00,1767456012.0,0.001
2026-01-03 17:00:00,1767459616.0,0.001
2026-01-03 18:00:00,1767463213.0,0.001
2026-01-03 19:00:00,1767466812.0,0.0005
2026-01-03 20:00:00,1767470414.0,0.0005
2026-01-03 21:00:00,1767474014.0,0.0005
2026-01-03 22:00:00,1767477612.0,0.0005
2026-01-03 23:00:00,1767481211.0,0.0005
2026-01-04 00:00:00,1767484815.0,0.0005
2026-01-04 01:00:00,1767488413.0,0.0005
2026-01-04 02:00:00,1767492012.0,0.0005
2026-01-04 03:00:00,1767495627.0,0.001
2026-01-04 04:00:00,1767499214.0,0.001
2026-01-04 05:00:00,1767502811.0,0.001
2026-01-04 06:00:00,1767506413.0,0.001
2026-01-04 07:00:00,1767510013.0,0.001
2026-01-04 08:00:00,1767513612.0,0.0005
2026-01-04 09:00:00,1767517213.0,0.0005
2026-01-04 10:00:00,1767520811.0,0.0005
2026-01-04 11:00:00,1767524418.0,0.001
2026-01-04 12:00:00,1767528017.0,0.001
2026-01-04 13:00:00,1767531612.0,0.001
2026-01-04 14:00:00,1767535213.0,0.001
2026-01-04 15:00:00,1767538819.0,0.0005
2026-01-04 16:00:00,1767542421.0,0.0005
2026-01-04 17:00:00,1767546014.0,0.0005
2026-01-04 18:00:00,1767549615.0,0.0005
2026-01-04 19:00:00,1767553212.0,0.0005
2026-01-04 20:00:00,1767556830.0,0.0005
2026-01-04 21:00:00,1767560416.0,0.0005
2026-01-04 22:00:00,1767564013.0,0.0005
2026-01-04 23:00:00,1767567612.0,0.0005
2026-01-05 00:00:00,1767571217.0,0.0005
2026-01-05 01:00:00,1767574812.0,0.0015
2026-01-05 02:00:00,1767578412.0,0.0005
2026-01-05 03:00:00,1767582014.0,0.0005
2026-01-05 04:00:00,1767585612.0,0.0005
2026-01-05 05:00:00,1767589226.0,0.0005
2026-01-05 06:00:00,1767592814.0,0.0005
2026-01-05 07:00:00,1767596413.0,0.0005
2026-01-05 08:00:00,1767600013.0,0.0005
2026-01-05 09:00:00,1767603619.0,0.0005
2026-01-05 10:00:00,1767607212.0,0.0005
2026-01-05 11:00:00,1767610811.0,0.0005
2026-01-05 12:00:00,1767614414.0,0.0005
2026-01-05 13:00:00,1767618012.0,0.0005
2026-01-05 14:00:00,1767621612.0,0.0005
2026-01-05 15:00:00,1767625214.0,0.0005
2026-01-05 16:00:00,1767628813.0,0.0005
2026-01-05 17:00:00,1767632424.0,0.0005
2026-01-05 18:00:00,1767636014.0,0.0005
2026-01-05 19:00:00,1767639613.0,0.0005
2026-01-05 20:00:00,1767643212.0,0.0005
2026-01-05 21:00:00,1767646815.0,0.0005
2026-01-05 22:00:00,1767650430.0,0.0005
2026-01-05 23:00:00,1767654013.0,0.0005
2026-01-06 00:00:00,1767657619.0,0.0005
2026-01-06 01:00:00,1767661219.0,0.0005
2026-01-06 02:00:00,1767664814.0,0.0005
2026-01-06 03:00:00,1767668414.0,0.0005
2026-01-06 04:00:00,1767672016.0,0.0005
2026-01-06 05:00:00,1767675613.0,0.0005
2026-01-06 06:00:00,1767679218.0,0.0005
2026-01-06 07:00:00,1767682817.0,0.0005
2026-01-06 08:00:00,1767686417.0,0.0005
2026-01-06 09:00:00,1767690016.0,0.0005
2026-01-06 10:00:00,1767693613.0,0.0005
2026-01-06 11:00:00,1767697218.0,0.0005
2026-01-06 12:00:00,1767700816.0,0.0005
2026-01-06 13:00:00,1767704424.0,0.0005
2026-01-06 14:00:00,1767708014.0,0.0005
2026-01-06 15:00:00,1767711620.0,0.0005
2026-01-06 16:00:00,1767715213.0,0.0005
2026-01-06 17:00:00,1767718817.0,0.0005
2026-01-06 18:00:00,1767722415.0,0.0005
2026-01-06 19:00:00,1767726013.0,0.0005
2026-01-06 20:00:00,1767729614.0,0.0005
2026-01-06 21:00:00,1767733214.0,0.0005
2026-01-06 22:00:00,1767736813.0,0.0005
2026-01-06 23:00:00,1767740424.0,0.0005
2026-01-07 00:00:00,1767744016.0,0.0005
2026-01-07 01:00:00,1767747613.0,0.0005
2026-01-07 02:00:00,1767751214.0,0.0005
2026-01-07 03:00:00,1767754816.0,0.0005
2026-01-07 04:00:00,1767758413.0,0.0005
2026-01-07 05:00:00,1767762014.0,0.0005
2026-01-07 06:00:00,1767765619.0,0.0005
2026-01-07 07:00:00,1767769214.0,0.001
2026-01-07 08:00:00,1767772815.0,0.001
2026-01-07 09:00:00,1767776416.0,0.0005
2026-01-07 10:00:00,1767780019.0,0.0005
2026-01-07 11:00:00,1767783612.0,0.0005
2026-01-07 12:00:00,1767787221.0,0.0005
2026-01-07 13:00:00,1767790814.0,0.0005
2026-01-07 14:00:00,1767794413.0,0.0005
2026-01-07 15:00:00,1767798018.0,0.0005
2026-01-07 16:00:00,1767801614.0,0.0005
2026-01-07 17:00:00,1767805219.0,0.0005
2026-01-07 18:00:00,1767808815.0,0.0005
2026-01-07 19:00:00,1767812416.0,0.0005
2026-01-07 20:00:00,1767816015.0,0.0005
2026-01-07 21:00:00,1767819621.0,0.0005
2026-01-07 22:00:00,1767823218.0,0.0005
2026-01-07 23:00:00,1767826815.0,0.0005
2026-01-08 00:00:00,1767830432.0,0.0005
2026-01-08 01:00:00,1767834028.0,0.001
2026-01-08 02:00:00,1767837614.0,0.001
2026-01-08 03:00:00,1767841215.0,0.001
2026-01-08 04:00:00,1767844814.0,0.001
2026-01-08 05:00:00,1767848414.0,0.001
2026-01-08 06:00:00,1767852016.0,0.0005
2026-01-08 07:00:00,1767855614.0,0.0005
2026-01-08 08:00:00,1767859224.0,0.0005
2026-01-08 09:00:00,1767862815.0,0.0005
2026-01-08 10:00:00,1767866425.0,0.0005
2026-01-08 11:00:00,1767870014.0,0.0005
2026-01-08 12:00:00,1767873628.0,0.0005
2026-01-08 13:00:00,1767877213.0,0.0005
2026-01-08 14:00:00,1767880818.0,0.001
2026-01-08 15:00:00,1767884415.0,0.0005
2026-01-08 16:00:00,1767888029.0,0.0005
2026-01-08 17:00:00,1767891619.0,0.0005
2026-01-08 18:00:00,1767895215.0,0.0005
2026-01-08 19:00:00,1767898815.0,0.0005
2026-01-08 20:00:00,1767902415.0,0.0005
2026-01-08 21:00:00,1767906017.0,0.0005
2026-01-08 22:00:00,1767909617.0,0.0005
2026-01-08 23:00:00,1767913216.0,0.0005
2026-01-09 00:00:00,1767916817.0,0.0005
2026-01-09 01:00:00,1767920414.0,0.0005
2026-01-09 02:00:00,1767924014.0,0.0005
2026-01-09 03:00:00,1767927617.0,0.0005
2026-01-09 04:00:00,1767931214.0,0.0005
2026-01-09 05:00:00,1767934814.0,0.0005
2026-01-09 06:00:00,1767938417.0,0.0005
2026-01-09 07:00:00,1767942014.0,0.0005
2026-01-09 08:00:00,1767945615.0,0.0005
2026-01-09 09:00:00,1767949216.0,0.0005
2026-01-09 10:00:00,1767952816.0,0.0005
2026-01-09 11:00:00,1767956414.0,0.0005
2026-01-09 12:00:00,1767960031.0,0.0005
2026-01-09 13:00:00,1767963615.0,0.0005
2026-01-09 14:00:00,1767967215.0,0.0005
2026-01-09 15:00:00,1767970817.0,0.0005
2026-01-09 16:00:00,1767974417.0,0.0005
2026-01-09 17:00:00,1767978018.0,0.0005
2026-01-09 18:00:00,1767981618.0,0.0005
2026-01-09 19:00:00,1767985216.0,0.0005
2026-01-09 20:00:00,1767988827.0,0.0005
2026-01-09 21:00:00,1767992417.0,0.0005
2026-01-09 22:00:00,1767996016.0,0.0005
2026-01-09 23:00:00,1767999615.0,0.0005
2026-01-10 00:00:00,1768003217.0,0.0005
2026-01-10 01:00:00,1768006816.0,0.0005
2026-01-10 02:00:00,1768010413.0,0.0005
2026-01-10 03:00:00,1768014016.0,0.0005
2026-01-10 04:00:00,1768017614.0,0.0005
2026-01-10 05:00:00,1768021214.0,0.0005
2026-01-10 06:00:00,1768024818.0,0.0005
2026-01-10 07:00:00,1768028414.0,0.0005
2026-01-10 08:00:00,1768032029.0,0.0005
2026-01-10 09:00:00,1768035618.0,0.0005
2026-01-10 10:00:00,1768039216.0,0.0005
2026-01-10 11:00:00,1768042816.0,0.0005
2026-01-10 12:00:00,1768046419.0,0.0005
2026-01-10 13:00:00,1768050016.0,0.0005
2026-01-10 14:00:00,1768053619.0,0.0005
2026-01-10 15:00:00,1768057217.0,0.0005
2026-01-10 16:00:00,1768060827.0,0.0005
2026-01-10 17:00:00,1768064418.0,0.0005
2026-01-10 18:00:00,1768068019.0,0.0005
2026-01-10 19:00:00,1768071615.0,0.0005
2026-01-10 20:00:00,1768075215.0,0.0005
2026-01-10 21:00:00,1768078820.0,0.0005
2026-01-10 22:00:00,1768082416.0,0.0005
2026-01-10 23:00:00,1768086027.0,0.0005
2026-01-11 00:00:00,1768089616.0,0.0005
2026-01-11 01:00:00,1768093214.0,0.0005
2026-01-11 02:00:00,1768096827.0,0.0005
2026-01-11 03:00:00,1768100415.0,0.0005
2026-01-11 04:00:00,1768104015.0,0.0005
2026-01-11 05:00:00,1768107611.0,0.0005
2026-01-11 06:00:00,1768111215.0,0.0005
2026-01-11 07:00:00,1768114814.0,0.0005
2026-01-11 08:00:00,1768118414.0,0.0005
2026-01-11 09:00:00,1768122013.0,0.0005
2026-01-11 10:00:00,1768125611.0,0.0005
2026-01-11 11:00:00,1768129223.0,0.0005
2026-01-11 12:00:00,1768132815.0,0.0005
2026-01-11 13:00:00,1768136413.0,0.0005
2026-01-11 14:00:00,1768140014.0,0.0005
2026-01-11 15:00:00,1768143624.0,0.0005
2026-01-11 16:00:00,1768147212.0,0.0005
2026-01-11 17:00:00,1768150825.0,0.0005
2026-01-11 18:00:00,1768154418.0,0.0005
2026-01-11 19:00:00,1768158015.0,0.0005
2026-01-11 20:00:00,1768161616.0,0.0005
2026-01-11 21:00:00,1768165233.0,0.0005
2026-01-11 22:00:00,1768168816.0,0.0005
2026-01-11 23:00:00,1768172414.0,0.0005
2026-01-12 00:00:00,1768176018.0,0.0005
2026-01-12 01:00:00,1768179614.0,0.0005
2026-01-12 02:00:00,1768183224.0,0.0005
2026-01-12 03:00:00,1768186831.0,0.0005
2026-01-12 04:00:00,1768190415.0,0.0005
2026-01-12 05:00:00,1768194014.0,0.0005
2026-01-12 06:00:00,1768197615.0,0.0005
2026-01-12 07:00:00,1768201215.0,0.0005
2026-01-12 08:00:00,1768204815.0,0.0005
2026-01-12 09:00:00,1768208415.0,0.0005
2026-01-12 10:00:00,1768212013.0,0.0005
2026-01-12 11:00:00,1768215624.0,0.0005
2026-01-12 12:00:00,1768219221.0,0.0005
2026-01-12 13:00:00,1768222815.0,0.0005
2026-01-12 14:00:00,1768226413.0,0.0005
2026-01-12 15:00:00,1768230018.0,0.0005
2026-01-12 16:00:00,1768233613.0,0.0005
2026-01-12 17:00:00,1768237214.0,0.0005
2026-01-12 18:00:00,1768240842.0,0.0005
2026-01-12 19:00:00,1768244414.0,0.0005
2026-01-12 20:00:00,1768248017.0,0.0005
2026-01-12 21:00:00,1768251619.0,0.0005
2026-01-12 22:00:00,1768255242.0,0.0005
2026-01-12 23:00:00,1768258819.0,0.0005
2026-01-13 00:00:00,1768262418.0,0.0005
2026-01-13 01:00:00,1768266087.0,0.0005
2026-01-13 02:00:00,1768269614.0,0.0005
2026-01-13 03:00:00,1768273218.0,0.0005
2026-01-13 04:00:00,1768276815.0,0.0005
2026-01-13 05:00:00,1768280415.0,0.0005
2026-01-13 06:00:00,1768284017.0,0.0005
2026-01-13 07:00:00,1768287627.0,0.0005
2026-01-13 08:00:00,1768291228.0,0.0005
2026-01-13 09:00:00,1768294820.0,0.0005
2026-01-13 10:00:00,1768298415.0,0.0005
2026-01-13 11:00:00,1768302015.0,0.0005
2026-01-13 12:00:00,1768305621.0,0.0005
2026-01-13 13:00:00,1768309259.0,0.0005
2026-01-13 14:00:00,1768312829.0,0.0005
2026-01-13 15:00:00,1768316417.0,0.0005
2026-01-13 16:00:00,1768320025.0,0.0005
2026-01-13 17:00:00,1768323618.0,0.0005
2026-01-13 18:00:00,1768327218.0,0.0005
2026-01-13 19:00:00,1768330855.0,0.0005
2026-01-13 20:00:00,1768334415.0,0.0005
2026-01-13 21:00:00,1768338018.0,0.0005
2026-01-13 22:00:00,1768341616.0,0.0005
2026-01-13 23:00:00,1768345216.0,0.0005
2026-01-14 00:00:00,1768348818.0,0.0005
2026-01-14 01:00:00,1768352415.0,0.0005
2026-01-14 02:00:00,1768356016.0,0.0005
2026-01-14 03:00:00,1768359618.0,0.0005
2026-01-14 04:00:00,1768363217.0,0.0005
2026-01-14 05:00:00,1768366818.0,0.0005
2026-01-14 06:00:00,1768370418.0,0.0005
2026-01-14 07:00:00,1768374017.0,0.0005
2026-01-14 08:00:00,1768377631.0,0.0005
2026-01-14 09:00:00,1768381217.0,0.0005
2026-01-14 10:00:00,1768384815.0,0.0005
2026-01-14 11:00:00,1768388415.0,0.0005
2026-01-14 12:00:00,1768392020.0,0.0005
2026-01-14 13:00:00,1768395618.0,0.0005
2026-01-14 14:00:00,1768399215.0,0.0005
2026-01-14 15:00:00,1768402827.0,0.0005
2026-01-14 16:00:00,1768406429.0,0.0005
2026-01-14 17:00:00,1768410019.0,0.0005
2026-01-14 18:00:00,1768413619.0,0.0005
2026-01-14 19:00:00,1768417216.0,0.0005
2026-01-14 20:00:00,1768420816.0,0.0005
2026-01-14 21:00:00,1768424420.0,0.0005
2026-01-14 22:00:00,1768428018.0,0.0005
2026-01-14 23:00:00,1768431616.0,0.0005
2026-01-15 00:00:00,1768435219.0,0.0005
2026-01-15 01:00:00,1768438815.0,0.0005
2026-01-15 02:00:00,1768442415.0,0.0005
2026-01-15 03:00:00,1768446026.0,0.0005
2026-01-15 04:00:00,1768449616.0,0.0005
2026-01-15 05:00:00,1768453215.0,0.0005
2026-01-15 06:00:00,1768456818.0,0.0005
2026-01-15 07:00:00,1768460416.0,0.0005
2026-01-15 08:00:00,1768464015.0,0.0005
2026-01-15 09:00:00,1768467621.0,0.0005
2026-01-15 10:00:00,1768471216.0,0.0005
2026-01-15 11:00:00,1768474816.0,0.0005
2026-01-15 12:00:00,1768478419.0,0.0005
2026-01-15 13:00:00,1768482017.0,0.0005
2026-01-15 14:00:00,1768485616.0,0.0005
2026-01-15 15:00:00,1768489218.0,0.0005
2026-01-15 16:00:00,1768492816.0,0.0005
2026-01-15 17:00:00,1768496421.0,0.0005
2026-01-15 18:00:00,1768500022.0,0.0005
2026-01-15 19:00:00,1768503621.0,0.0005
2026-01-15 20:00:00,1768507219.0,0.0005
2026-01-15 21:00:00,1768510823.0,0.0005
2026-01-15 22:00:00,1768514417.0,0.0005
2026-01-15 23:00:00,1768518018.0,0.0005
2026-01-16 00:00:00,1768521622.0,0.0005
2026-01-16 01:00:00,1768525220.0,0.0005
2026-01-16 02:00:00,1768528818.0,0.0005
2026-01-16 03:00:00,1768532421.0,0.0005
2026-01-16 04:00:00,1768536017.0,0.0005
2026-01-16 05:00:00,1768539617.0,0.0005
2026-01-16 06:00:00,1768543219.0,0.0005
2026-01-16 07:00:00,1768546817.0,0.0005
2026-01-16 08:00:00,1768550417.0,0.0005
2026-01-16 09:00:00,1768554018.0,0.0005
2026-01-16 10:00:00,1768557616.0,0.0005
2026-01-16 11:00:00,1768561216.0,0.0005
2026-01-16 12:00:00,1768564820.0,0.0005
2026-01-16 13:00:00,1768568417.0,0.0005
2026-01-16 14:00:00,1768572016.0,0.0005
2026-01-16 15:00:00,1768575618.0,0.0005
2026-01-16 16:00:00,1768579216.0,0.0005
2026-01-16 17:00:00,1768582818.0,0.0005
2026-01-16 18:00:00,1768586420.0,0.0005
2026-01-16 19:00:00,1768590019.0,0.0005
2026-01-16 20:00:00,1768593617.0,0.0005
2026-01-16 21:00:00,1768597222.0,0.0005
2026-01-16 22:00:00,1768600830.0,0.0005
2026-01-16 23:00:00,1768604417.0,0.0005
2026-01-17 00:00:00,1768608020.0,0.0005
2026-01-17 01:00:00,1768611617.0,0.0005
2026-01-17 02:00:00,1768615217.0,0.0005
2026-01-17 03:00:00,1768618820.0,0.0005
2026-01-17 04:00:00,1768622416.0,0.0005
2026-01-17 05:00:00,1768626017.0,0.0005
2026-01-17 06:00:00,1768629619.0,0.0005
2026-01-17 07:00:00,1768633218.0,0.0005
2026-01-17 08:00:00,1768636816.0,0.0005
2026-01-17 09:00:00,1768640419.0,0.0005
2026-01-17 10:00:00,1768644030.0,0.0005
2026-01-17 11:00:00,1768647616.0,0.0005
2026-01-17 12:00:00,1768651224.0,0.0005
2026-01-17 13:00:00,1768654818.0,0.0005
2026-01-17 14:00:00,1768658430.0,0.0005
2026-01-17 15:00:00,1768662022.0,0.0005
2026-01-17 16:00:00,1768665616.0,0.0005
2026-01-17 17:00:00,1768669230.0,0.0005
2026-01-17 18:00:00,1768672821.0,0.0005
2026-01-17 19:00:00,1768676418.0,0.0005
2026-01-17 20:00:00,1768680029.0,0.0005
2026-01-17 21:00:00,1768683632.0,0.0005
2026-01-17 22:00:00,1768687217.0,0.0005
2026-01-17 23:00:00,1768690817.0,0.0005
2026-01-18 00:00:00,1768694428.0,0.0005
2026-01-18 01:00:00,1768698016.0,0.0005
2026-01-18 02:00:00,1768701648.0,0.0005
2026-01-18 03:00:00,1768705220.0,0.0005
2026-01-18 04:00:00,1768708819.0,0.0005
2026-01-18 05:00:00,1768712427.0,0.0005
2026-01-18 06:00:00,1768716046.0,0.0005
2026-01-18 07:00:00,1768719616.0,0.0005
2026-01-18 08:00:00,1768723240.0,0.0005
2026-01-18 09:00:00,1768726817.0,0.0005
2026-01-18 10:00:00,1768730415.0,0.0005
2026-01-18 11:00:00,1768734018.0,0.0005
2026-01-18 12:00:00,1768737635.0,0.0005
2026-01-18 13:00:00,1768741229.0,0.0005
2026-01-18 14:00:00,1768744817.0,0.0005
2026-01-18 15:00:00,1768748418.0,0.0005
2026-01-18 16:00:00,1768752015.0,0.0005
2026-01-18 17:00:00,1768755635.0,0.0005
2026-01-18 18:00:00,1768759234.0,0.0005
2026-01-18 19:00:00,1768762816.0,0.0005
2026-01-18 20:00:00,1768766419.0,0.0005
2026-01-18 21:00:00,1768770018.0,0.0005
2026-01-18 22:00:00,1768773615.0,0.0005
2026-01-18 23:00:00,1768777218.0,0.0005
2026-01-19 00:00:00,1768780817.0,0.0005
2026-01-19 01:00:00,1768784508.0,0.0005
2026-01-19 02:00:00,1768788024.0,0.0005
2026-01-19 03:00:00,1768791616.0,0.0005
2026-01-19 04:00:00,1768795219.0,0.0005
2026-01-19 05:00:00,1768798824.0,0.0005
2026-01-19 06:00:00,1768802416.0,0.0005
2026-01-19 07:00:00,1768806025.0,0.0005
2026-01-19 08:00:00,1768809625.0,0.0005
2026-01-19 09:00:00,1768813217.0,0.0005
2026-01-19 10:00:00,1768816814.0,0.0005
2026-01-19 11:00:00,1768820424.0,0.0005
2026-01-19 12:00:00,1768824019.0,0.0005
2026-01-19 13:00:00,1768827613.0,0.0005
2026-01-19 14:00:00,1768831212.0,0.0005
2026-01-19 15:00:00,1768834817.0,0.0005
2026-01-19 16:00:00,1768838414.0,0.0005
2026-01-19 17:00:00,1768842027.0,0.0005
2026-01-19 18:00:00,1768845618.0,0.0005
2026-01-19 19:00:00,1768849216.0,0.0005
2026-01-19 20:00:00,1768852819.0,0.0005
2026-01-19 21:00:00,1768856418.0,0.0005
2026-01-19 22:00:00,1768860017.0,0.0005
2026-01-19 23:00:00,1768863627.0,0.0005
2026-01-20 00:00:00,1768867218.0,0.0005
2026-01-20 01:00:00,1768870814.0,0.0005
2026-01-20 02:00:00,1768874414.0,0.0005
2026-01-20 03:00:00,1768878032.0,0.0005
2026-01-20 04:00:00,1768881627.0,0.0005
2026-01-20 05:00:00,1768885229.0,0.0005
2026-01-20 06:00:00,1768888820.0,0.0005
2026-01-20 07:00:00,1768892415.0,0.0005
2026-01-20 08:00:00,1768896016.0,0.0005
2026-01-20 09:00:00,1768899616.0,0.0005
2026-01-20 10:00:00,1768903217.0,0.0005
2026-01-20 11:00:00,1768906815.0,0.0005
2026-01-20 12:00:00,1768910419.0,0.0005
2026-01-20 13:00:00,1768914015.0,0.0005
2026-01-20 14:00:00,1768917615.0,0.0005
2026-01-20 15:00:00,1768921218.0,0.0005
2026-01-20 16:00:00,1768924814.0,0.0005
2026-01-20 17:00:00,1768928416.0,0.0005
2026-01-20 18:00:00,1768932017.0,0.0005
2026-01-20 19:00:00,1768935614.0,0.0005
2026-01-20 20:00:00,1768939215.0,0.0005
2026-01-20 21:00:00,1768942834.0,0.0005
2026-01-20 22:00:00,1768946415.0,0.0005
2026-01-20 23:00:00,1768950015.0,0.0005
2026-01-21 00:00:00,1768953619.0,0.0005
2026-01-21 01:00:00,1768957214.0,0.0005
2026-01-21 02:00:00,1768960816.0,0.0005
2026-01-21 03:00:00,1768964419.0,0.0005
2026-01-21 04:00:00,1768968014.0,0.0005
2026-01-21 05:00:00,1768971614.0,0.0005
2026-01-21 06:00:00,1768975218.0,0.0005
2026-01-21 07:00:00,1768978817.0,0.0005
2026-01-21 08:00:00,1768982416.0,0.0005
2026-01-21 09:00:00,1768986035.0,0.0005
2026-01-21 10:00:00,1768989616.0,0.0005
2026-01-21 11:00:00,1768993216.0,0.0005
2026-01-21 12:00:00,1768996839.0,0.0005
2026-01-21 13:00:00,1769000415.0,0.0005
2026-01-21 14:00:00,1769004017.0,0.0005
2026-01-21 15:00:00,1769007618.0,0.0005
2026-01-21 16:00:00,1769011217.0,0.0005
2026-01-21 17:00:00,1769014821.0,0.0005
2026-01-21 18:00:00,1769018438.0,0.0005
2026-01-21 19:00:00,1769022030.0,0.0005
2026-01-21 20:00:00,1769025618.0,0.0005
2026-01-21 21:00:00,1769029251.0,0.0005
2026-01-21 22:00:00,1769032817.0,0.0005
2026-01-21 23:00:00,1769036418.0,0.0005
2026-01-22 00:00:00,1769040027.0,0.0005
2026-01-22 01:00:00,1769043616.0,0.0005
2026-01-22 02:00:00,1769047219.0,0.0005
2026-01-22 03:00:00,1769050823.0,0.0005
2026-01-22 04:00:00,1769054415.0,0.0005
2026-01-22 05:00:00,1769058015.0,0.0005
2026-01-22 06:00:00,1769061618.0,0.0005
2026-01-22 07:00:00,1769065217.0,0.0005
2026-01-22 08:00:00,1769068818.0,0.0005
2026-01-22 09:00:00,1769072423.0,0.0005
2026-01-22 10:00:00,1769076016.0,0.0005
2026-01-22 11:00:00,1769079616.0,0.0005
2026-01-22 12:00:00,1769083243.0,0.0005
2026-01-22 13:00:00,1769086816.0,0.0005
2026-01-22 14:00:00,1769090415.0,0.0005
2026-01-22 15:00:00,1769094029.0,0.0005
2026-01-22 16:00:00,1769097616.0,0.0005
2026-01-22 17:00:00,1769101219.0,0.0005
2026-01-22 18:00:00,1769104830.0,0.0005
2026-01-22 19:00:00,1769108416.0,0.0005
2026-01-22 20:00:00,1769112018.0,0.0005
2026-01-22 21:00:00,1769115624.0,0.0005
2026-01-22 22:00:00,1769119217.0,0.0005
2026-01-22 23:00:00,1769122817.0,0.0005
2026-01-23 00:00:00,1769126435.0,0.0005
2026-01-23 01:00:00,1769130016.0,0.0005
2026-01-23 02:00:00,1769133617.0,0.0005
2026-01-23 03:00:00,1769137227.0,0.0005
2026-01-23 04:00:00,1769140817.0,0.0005
2026-01-23 05:00:00,1769144415.0,0.0005
2026-01-23 06:00:00,1769148019.0,0.0005
2026-01-23 07:00:00,1769151617.0,0.0005
2026-01-23 08:00:00,1769155217.0,0.0005
2026-01-23 09:00:00,1769158820.0,0.0005
2026-01-23 10:00:00,1769162428.0,0.0005
2026-01-23 11:00:00,1769166018.0,0.0005
2026-01-23 12:00:00,1769169640.0,0.0005
2026-01-23 13:00:00,1769173215.0,0.0005
2026-01-23 14:00:00,1769176816.0,0.0005
2026-01-23 15:00:00,1769180419.0,0.0005
2026-01-23 16:00:00,1769184015.0,0.0005
2026-01-23 17:00:00,1769187634.0,0.0005
2026-01-23 18:00:00,1769191231.0,0.0005
2026-01-23 19:00:00,1769194818.0,0.0005
2026-01-23 20:00:00,1769198417.0,0.0005
2026-01-23 21:00:00,1769202019.0,0.0005
2026-01-23 22:00:00,1769205620.0,0.0005
2026-01-23 23:00:00,1769209220.0,0.0005
2026-01-24 00:00:00,1769212829.0,0.0005
2026-01-24 01:00:00,1769216418.0,0.0005
2026-01-24 02:00:00,1769220021.0,0.0005
2026-01-24 03:00:00,1769223636.0,0.0005
2026-01-24 04:00:00,1769227216.0,0.0005
2026-01-24 05:00:00,1769230838.0,0.0005
2026-01-24 06:00:00,1769234436.0,0.0005
2026-01-24 07:00:00,1769238018.0,0.0005
2026-01-24 08:00:00,1769241619.0,0.0005
2026-01-24 09:00:00,1769245224.0,0.0005
2026-01-24 10:00:00,1769248829.0,0.0005
2026-01-24 11:00:00,1769252421.0,0.0005
2026-01-24 12:00:00,1769256028.0,0.0005
2026-01-24 13:00:00,1769259617.0,0.0005
2026-01-24 14:00:00,1769263225.0,0.0005
2026-01-24 15:00:00,1769266824.0,0.0005
2026-01-24 16:00:00,1769270417.0,0.0005
2026-01-24 17:00:00,1769274021.0,0.0005
2026-01-24 18:00:00,1769277621.0,0.0005
2026-01-24 19:00:00,1769281219.0,0.0005
2026-01-24 20:00:00,1769284817.0,0.0005
2026-01-24 21:00:00,1769288426.0,0.0005
2026-01-24 22:00:00,1769292017.0,0.0005
2026-01-24 23:00:00,1769295617.0,0.0005
2026-01-25 00:00:00,1769299238.0,0.0005
2026-01-25 01:00:00,1769302817.0,0.0005
2026-01-25 02:00:00,1769306416.0,0.0005
2026-01-25 03:00:00,1769310023.0,0.0005
2026-01-25 04:00:00,1769313615.0,0.0005
2026-01-25 05:00:00,1769317216.0,0.0005
2026-01-25 06:00:00,1769320817.0,0.0005
2026-01-25 07:00:00,1769324419.0,0.0005
2026-01-25 08:00:00,1769328016.0,0.0005
2026-01-25 09:00:00,1769331636.0,0.0005
2026-01-25 10:00:00,1769335229.0,0.0005
2026-01-25 11:00:00,1769338816.0,0.0005
2026-01-25 12:00:00,1769342441.0,0.0005
2026-01-25 13:00:00,1769346028.0,0.0005
2026-01-25 14:00:00,1769349618.0,0.0005
2026-01-25 15:00:00,1769353220.0,0.0005
2026-01-25 16:00:00,1769356828.0,0.0005
2026-01-25 17:00:00,1769360429.0,0.0005
2026-01-25 18:00:00,1769364024.0,0.0005
2026-01-25 19:00:00,1769367616.0,0.0005
2026-01-25 20:00:00,1769371217.0,0.0005
2026-01-25 21:00:00,1769374823.0,0.0005
2026-01-25 22:00:00,1769378419.0,0.0005
2026-01-25 23:00:00,1769382017.0,0.0005
2026-01-26 00:00:00,1769385637.0,0.0005
2026-01-26 01:00:00,1769389216.0,0.0005
2026-01-26 02:00:00,1769392819.0,0.0005
2026-01-26 03:00:00,1769396418.0,0.0005
2026-01-26 04:00:00,1769400016.0,0.0005
2026-01-26 05:00:00,1769403616.0,0.0005
2026-01-26 06:00:00,1769407225.0,0.0005
2026-01-26 07:00:00,1769410818.0,0.0005
2026-01-26 08:00:00,1769414417.0,0.0005
2026-01-26 09:00:00,1769418025.0,0.0005
2026-01-26 10:00:00,1769421616.0,0.0005
2026-01-26 11:00:00,1769425219.0,0.0005
2026-01-26 12:00:00,1769428827.0,0.0005
2026-01-26 13:00:00,1769432420.0,0.0005
2026-01-26 14:00:00,1769436016.0,0.0005
2026-01-26 15:00:00,1769439620.0,0.0005
2026-01-26 16:00:00,1769443217.0,0.0005
2026-01-26 17:00:00,1769446823.0,0.0005
2026-01-26 18:00:00,1769450423.0,0.0005
2026-01-26 19:00:00,1769454017.0,0.0005
2026-01-26 20:00:00,1769457620.0,0.0005
2026-01-26 21:00:00,1769461220.0,0.0005
2026-01-26 22:00:00,1769464817.0,0.0005
2026-01-26 23:00:00,1769468418.0,0.0005
2026-01-27 00:00:00,1769472032.0,0.0005
2026-01-27 01:00:00,1769475615.0,0.0005
2026-01-27 02:00:00,1769479214.0,0.0005
2026-01-27 03:00:00,1769482823.0,0.0005
2026-01-27 04:00:00,1769486416.0,0.0005
2026-01-27 05:00:00,1769490015.0,0.0005
2026-01-27 06:00:00,1769493616.0,0.0005
2026-01-27 07:00:00,1769497222.0,0.0005
2026-01-27 08:00:00,1769500816.0,0.0005
2026-01-27 09:00:00,1769504418.0,0.0005
2026-01-27 10:00:00,1769508023.0,0.0005
2026-01-27 11:00:00,1769511616.0,0.0005
2026-01-27 12:00:00,1769515221.0,0.0005
2026-01-27 13:00:00,1769518828.0,0.0005
2026-01-27 14:00:00,1769522415.0,0.0005
2026-01-27 15:00:00,1769526017.0,0.0005
2026-01-27 16:00:00,1769529615.0,0.0005
2026-01-27 17:00:00,1769533215.0,0.0005
2026-01-27 18:00:00,1769536817.0,0.0005
2026-01-27 19:00:00,1769540416.0,0.0005
2026-01-27 20:00:00,1769544015.0,0.0005
2026-01-27 21:00:00,1769547617.0,0.0005
2026-01-27 22:00:00,1769551215.0,0.0005
2026-01-27 23:00:00,1769554817.0,0.0005
2026-01-28 00:00:00,1769558422.0,0.0005
2026-01-28 01:00:00,1769562024.0,0.0005
2026-01-28 02:00:00,1769565618.0,0.0005
2026-01-28 03:00:00,1769569219.0,0.0005
2026-01-28 04:00:00,1769572829.0,0.0005
2026-01-28 05:00:00,1769576416.0,0.0005
2026-01-28 06:00:00,1769580017.0,0.0005
2026-01-28 07:00:00,1769583617.0,0.0005
2026-01-28 08:00:00,1769587216.0,0.0005
2026-01-28 09:00:00,1769590821.0,0.0005
2026-01-28 10:00:00,1769594434.0,0.0005
2026-01-28 11:00:00,1769598016.0,0.0005
2026-01-28 12:00:00,1769601623.0,0.0005
2026-01-28 13:00:00,1769605229.0,0.0005
2026-01-28 14:00:00,1769608816.0,0.0005
2026-01-28 15:00:00,1769612418.0,0.0005
2026-01-28 16:00:00,1769616017.0,0.0005
2026-01-28 17:00:00,1769619618.0,0.0005
2026-01-28 18:00:00,1769623231.0,0.0005
2026-01-28 19:00:00,1769626817.0,0.0005
2026-01-28 20:00:00,1769630420.0,0.0005
2026-01-28 21:00:00,1769634018.0,0.0005
2026-01-28 22:00:00,1769637617.0,0.0005
2026-01-28 23:00:00,1769641218.0,0.0005
2026-01-29 00:00:00,1769644836.0,0.0005
2026-01-29 01:00:00,1769648417.0,0.0005
2026-01-29 02:00:00,1769652017.0,0.0005
2026-01-29 03:00:00,1769655621.0,0.0005
2026-01-29 04:00:00,1769659218.0,0.0005
2026-01-29 05:00:00,1769662817.0,0.0005
2026-01-29 06:00:00,1769666419.0,0.0005
2026-01-29 07:00:00,1769670019.0,0.0005
2026-01-29 08:00:00,1769673618.0,0.0005
2026-01-29 09:00:00,1769677221.0,0.0005
2026-01-29 10:00:00,1769680820.0,0.0005
2026-01-29 11:00:00,1769684419.0,0.0005
2026-01-29 12:00:00,1769688025.0,0.0005
2026-01-29 13:00:00,1769691618.0,0.0005
2026-01-29 14:00:00,1769695218.0,0.0005
2026-01-29 15:00:00,1769698820.0,0.0005
2026-01-29 16:00:00,1769702418.0,0.0005
2026-01-29 17:00:00,1769706018.0,0.0005
2026-01-29 18:00:00,1769709620.0,0.0005
2026-01-29 19:00:00,1769713219.0,0.0005
2026-01-29 20:00:00,1769716829.0,0.0005
2026-01-29 21:00:00,1769720422.0,0.0005
2026-01-29 22:00:00,1769724019.0,0.0005
2026-01-29 23:00:00,1769727619.0,0.0005
2026-01-30 00:00:00,1769731224.0,0.0005
2026-01-30 01:00:00,1769734818.0,0.0005
2026-01-30 02:00:00,1769738419.0,0.0005
2026-01-30 03:00:00,1769742020.0,0.0005
2026-01-30 04:00:00,1769745619.0,0.0005
2026-01-30 05:00:00,1769749219.0,0.0005
2026-01-30 06:00:00,1769752820.0,0.0005
2026-01-30 07:00:00,1769756418.0,0.0005
2026-01-30 08:00:00,1769760018.0,0.0005
2026-01-30 09:00:00,1769763635.0,0.0005
2026-01-30 10:00:00,1769767218.0,0.0005
2026-01-30 11:00:00,1769770833.0,0.0005
2026-01-30 12:00:00,1769774438.0,0.0005
2026-01-30 13:00:00,1769778019.0,0.0005
2026-01-30 14:00:00,1769781619.0,0.0005
2026-01-30 15:00:00,1769785222.0,0.0005
2026-01-30 16:00:00,1769788820.0,0.0005
2026-01-30 17:00:00,1769792421.0,0.0005
2026-01-30 18:00:00,1769796020.0,0.0005
2026-01-30 19:00:00,1769799620.0,0.0005
2026-01-30 20:00:00,1769803219.0,0.0005
2026-01-30 21:00:00,1769806822.0,0.0005
2026-01-30 22:00:00,1769810423.0,0.0005
2026-01-30 23:00:00,1769814019.0,0.0005
2026-01-31 00:00:00,1769817625.0,0.0005
2026-01-31 01:00:00,1769821219.0,0.0005
2026-01-31 02:00:00,1769824819.0,0.0005
2026-01-31 03:00:00,1769828421.0,0.0005
2026-01-31 04:00:00,1769832020.0,0.0005
2026-01-31 05:00:00,1769835619.0,0.0005
2026-01-31 06:00:00,1769839221.0,0.0005
2026-01-31 07:00:00,1769842820.0,0.0005
2026-01-31 08:00:00,1769846420.0,0.0005
2026-01-31 09:00:00,1769850036.0,0.0005
2026-01-31 10:00:00,1769853620.0,0.0005
2026-01-31 11:00:00,1769857219.0,0.0005
2026-01-31 12:00:00,1769860828.0,0.0005
2026-01-31 13:00:00,1769864422.0,0.0005
2026-01-31 14:00:00,1769868019.0,0.0005
2026-01-31 15:00:00,1769871624.0,0.0005
2026-01-31 16:00:00,1769875220.0,0.0005
2026-01-31 17:00:00,1769878831.0,0.0005
2026-01-31 18:00:00,1769882424.0,0.0005
2026-01-31 19:00:00,1769886021.0,0.0005
2026-01-31 20:00:00,1769889620.0,0.0005
2026-01-31 21:00:00,1769893238.0,0.0005
2026-01-31 22:00:00,1769896833.0,0.0005
2026-01-31 23:00:00,1769900419.0,0.0005
2026-02-01 00:00:00,1769904029.0,0.0005
2026-02-01 01:00:00,1769907752.0,0.0005
2026-02-01 02:00:00,1769911217.0,0.0005
2026-02-01 03:00:00,1769914822.0,0.0005
