time_utc,t,p
2026-02-01 04:00:00,1769921531.0,0.0025
2025-08-13 14:00:00,1755097083.0,0.5
2025-08-13 15:00:00,1755097202.0,0.5
2025-08-13 16:00:00,1755100815.0,0.235
2025-08-13 17:00:00,1755104410.0,0.245
2025-08-13 18:00:00,1755108002.0,0.2
2025-08-13 19:00:00,1755111604.0,0.0305
2025-08-13 20:00:00,1755115208.0,0.028
2025-08-13 21:00:00,1755118808.0,0.024
2025-08-13 22:00:00,1755122408.0,0.027
2025-08-13 23:00:00,1755126013.0,0.0255
2025-08-14 00:00:00,1755129603.0,0.026
2025-08-14 01:00:00,1755133207.0,0.026
2025-08-14 02:00:00,1755136809.0,0.025
2025-08-14 03:00:00,1755140408.0,0.025
2025-08-14 04:00:00,1755144011.0,0.03
2025-08-14 05:00:00,1755147607.0,0.03
2025-08-14 06:00:00,1755151206.0,0.029
2025-08-14 07:00:00,1755154804.0,0.03
2025-08-14 08:00:00,1755158413.0,0.029
2025-08-14 09:00:00,1755162017.0,0.03
2025-08-14 10:00:00,1755165614.0,0.03
2025-08-14 11:00:00,1755169212.0,0.033
2025-08-14 12:00:00,1755172805.0,0.033
2025-08-14 13:00:00,1755176409.0,0.033
2025-08-14 14:00:00,1755180004.0,0.0335
2025-08-14 15:00:00,1755183606.0,0.033
2025-08-14 16:00:00,1755187210.0,0.033
2025-08-14 17:00:00,1755190811.0,0.0395
2025-08-14 18:00:00,1755194410.0,0.039
2025-08-14 19:00:00,1755198003.0,0.0395
2025-08-14 20:00:00,1755201613.0,0.036
2025-08-14 21:00:00,1755205207.0,0.0375
2025-08-14 22:00:00,1755208813.0,0.032
2025-08-14 23:00:00,1755212405.0,0.0325
2025-08-15 00:00:00,1755216013.0,0.032
2025-08-15 01:00:00,1755219612.0,0.0325
2025-08-15 02:00:00,1755223214.0,0.0325
2025-08-15 03:00:00,1755226805.0,0.032
2025-08-15 04:00:00,1755230416.0,0.0305
2025-08-15 05:00:00,1755234015.0,0.03
2025-08-15 06:00:00,1755237602.0,0.03
2025-08-15 07:00:00,1755241215.0,0.0285
2025-08-15 08:00:00,1755244807.0,0.0285
2025-08-15 09:00:00,1755248408.0,0.0275
2025-08-15 10:00:00,1755252013.0,0.027
2025-08-15 11:00:00,1755255611.0,0.0265
2025-08-15 12:00:00,1755259203.0,0.0275
2025-08-15 13:00:00,1755262809.0,0.0275
2025-08-15 14:00:00,1755266411.0,0.028
2025-08-15 15:00:00,1755270017.0,0.027
2025-08-15 16:00:00,1755273610.0,0.0275
2025-08-15 17:00:00,1755277206.0,0.027
2025-08-15 18:00:00,1755280810.0,0.0265
2025-08-15 19:00:00,1755284408.0,0.024
2025-08-15 20:00:00,1755288007.0,0.0235
2025-08-15 21:00:00,1755291615.0,0.0235
2025-08-15 22:00:00,1755295217.0,0.023
2025-08-15 23:00:00,1755298807.0,0.023
2025-08-16 00:00:00,1755302407.0,0.023
2025-08-16 01:00:00,1755306005.0,0.0215
2025-08-16 02:00:00,1755309604.0,0.0215
2025-08-16 03:00:00,1755313208.0,0.0215
2025-08-16 04:00:00,1755316815.0,0.0215
2025-08-16 05:00:00,1755320416.0,0.0215
2025-08-16 06:00:00,1755324008.0,0.021
2025-08-16 07:00:00,1755327605.0,0.0215
2025-08-16 08:00:00,1755331208.0,0.021
2025-08-16 09:00:00,1755334811.0,0.0215
2025-08-16 10:00:00,1755338414.0,0.021
2025-08-16 11:00:00,1755342002.0,0.0225
2025-08-16 12:00:00,1755345604.0,0.0215
2025-08-16 13:00:00,1755349216.0,0.021
2025-08-16 14:00:00,1755352807.0,0.0205
2025-08-16 15:00:00,1755356407.0,0.0215
2025-08-16 16:00:00,1755360010.0,0.021
2025-08-16 17:00:00,1755363618.0,0.0215
2025-08-16 18:00:00,1755367202.0,0.022
2025-08-16 19:00:00,1755370809.0,0.022
2025-08-16 20:00:00,1755374412.0,0.022
2025-08-16 21:00:00,1755378004.0,0.022
2025-08-16 22:00:00,1755381602.0,0.022
2025-08-16 23:00:00,1755385209.0,0.1175
2025-08-17 00:00:00,1755388802.0,0.0535
2025-08-17 01:00:00,1755392411.0,0.0535
2025-08-17 02:00:00,1755396010.0,0.053
2025-08-17 03:00:00,1755399614.0,0.0525
2025-08-17 04:00:00,1755403211.0,0.053
2025-08-17 05:00:00,1755406805.0,0.0525
2025-08-17 06:00:00,1755410411.0,0.054
2025-08-17 07:00:00,1755414009.0,0.0545
2025-08-17 08:00:00,1755417602.0,0.054
2025-08-17 09:00:00,1755421212.0,0.0555
2025-08-17 10:00:00,1755424808.0,0.0555
2025-08-17 11:00:00,1755428414.0,0.054
2025-08-17 12:00:00,1755432010.0,0.0525
2025-08-17 13:00:00,1755435611.0,0.0545
2025-08-17 14:00:00,1755439202.0,0.054
2025-08-17 15:00:00,1755442802.0,0.055
2025-08-17 16:00:00,1755446411.0,0.054
2025-08-17 17:00:00,1755450008.0,0.0545
2025-08-17 18:00:00,1755453616.0,0.0545
2025-08-17 19:00:00,1755457202.0,0.055
2025-08-17 20:00:00,1755460817.0,0.055
2025-08-17 21:00:00,1755464410.0,0.056
2025-08-17 22:00:00,1755468007.0,0.0555
2025-08-17 23:00:00,1755471611.0,0.056
2025-08-18 00:00:00,1755475208.0,0.056
2025-08-18 01:00:00,1755478805.0,0.055
2025-08-18 02:00:00,1755482404.0,0.055
2025-08-18 03:00:00,1755486005.0,0.0555
2025-08-18 04:00:00,1755489609.0,0.0545
2025-08-18 05:00:00,1755493215.0,0.054
2025-08-18 06:00:00,1755496811.0,0.054
2025-08-18 07:00:00,1755500409.0,0.054
2025-08-18 08:00:00,1755504009.0,0.054
2025-08-18 09:00:00,1755507611.0,0.0535
2025-08-18 10:00:00,1755511206.0,0.054
2025-08-18 11:00:00,1755514808.0,0.054
2025-08-18 12:00:00,1755518414.0,0.054
2025-08-18 13:00:00,1755522008.0,0.054
2025-08-18 14:00:00,1755525608.0,0.054
2025-08-18 15:00:00,1755529212.0,0.054
2025-08-18 16:00:00,1755532802.0,0.054
2025-08-18 17:00:00,1755536415.0,0.0545
2025-08-18 18:00:00,1755540014.0,0.049
2025-08-18 19:00:00,1755543611.0,0.049
2025-08-18 20:00:00,1755547215.0,0.0465
2025-08-18 21:00:00,1755550813.0,0.049
2025-08-18 22:00:00,1755554412.0,0.049
2025-08-18 23:00:00,1755558012.0,0.057
2025-08-19 00:00:00,1755561607.0,0.057
2025-08-19 01:00:00,1755565202.0,0.0565
2025-08-19 02:00:00,1755568813.0,0.056
2025-08-19 03:00:00,1755572418.0,0.057
2025-08-19 04:00:00,1755576003.0,0.057
2025-08-19 05:00:00,1755579607.0,0.057
2025-08-19 06:00:00,1755583209.0,0.057
2025-08-19 07:00:00,1755586802.0,0.057
2025-08-19 08:00:00,1755590414.0,0.0565
2025-08-19 09:00:00,1755594016.0,0.057
2025-08-19 10:00:00,1755597605.0,0.06
2025-08-19 11:00:00,1755601213.0,0.06
2025-08-19 12:00:00,1755604806.0,0.06
2025-08-19 13:00:00,1755608406.0,0.06
2025-08-19 14:00:00,1755612011.0,0.06
2025-08-19 15:00:00,1755615610.0,0.0605
2025-08-19 16:00:00,1755619204.0,0.057
2025-08-19 17:00:00,1755622811.0,0.0565
2025-08-19 18:00:00,1755626408.0,0.0565
2025-08-19 19:00:00,1755630007.0,0.0565
2025-08-19 20:00:00,1755633614.0,0.057
2025-08-19 21:00:00,1755637202.0,0.057
2025-08-19 22:00:00,1755640807.0,0.045
2025-08-19 23:00:00,1755644411.0,0.046
2025-08-20 00:00:00,1755648008.0,0.043
2025-08-20 01:00:00,1755651602.0,0.041
2025-08-20 02:00:00,1755655208.0,0.0395
2025-08-20 03:00:00,1755658808.0,0.0395
2025-08-20 04:00:00,1755662409.0,0.048
2025-08-20 05:00:00,1755666003.0,0.0475
2025-08-20 06:00:00,1755669603.0,0.047
2025-08-20 07:00:00,1755673206.0,0.0475
2025-08-20 08:00:00,1755676813.0,0.0455
2025-08-20 09:00:00,1755680411.0,0.049
2025-08-20 10:00:00,1755684003.0,0.0455
2025-08-20 11:00:00,1755687605.0,0.0455
2025-08-20 12:00:00,1755691217.0,0.046
2025-08-20 13:00:00,1755694804.0,0.045
2025-08-20 14:00:00,1755698405.0,0.0465
2025-08-20 15:00:00,1755702013.0,0.045
2025-08-20 16:00:00,1755705611.0,0.045
2025-08-20 17:00:00,1755709217.0,0.0445
2025-08-20 18:00:00,1755712802.0,0.046
2025-08-20 19:00:00,1755716404.0,0.045
2025-08-20 20:00:00,1755720003.0,0.0485
2025-08-20 21:00:00,1755723613.0,0.048
2025-08-20 22:00:00,1755727207.0,0.049
2025-08-20 23:00:00,1755730806.0,0.049
2025-08-21 00:00:00,1755734408.0,0.054
2025-08-21 01:00:00,1755738003.0,0.053
2025-08-21 02:00:00,1755741610.0,0.053
2025-08-21 03:00:00,1755745213.0,0.053
2025-08-21 04:00:00,1755748812.0,0.053
2025-08-21 05:00:00,1755752402.0,0.0535
2025-08-21 06:00:00,1755756015.0,0.0535
2025-08-21 07:00:00,1755759608.0,0.0535
2025-08-21 08:00:00,1755763209.0,0.0535
2025-08-21 09:00:00,1755766817.0,0.053
2025-08-21 10:00:00,1755770415.0,0.049
2025-08-21 11:00:00,1755774013.0,0.048
2025-08-21 12:00:00,1755777604.0,0.0505
2025-08-21 13:00:00,1755781208.0,0.049
2025-08-21 14:00:00,1755784817.0,0.0505
2025-08-21 15:00:00,1755788416.0,0.049
2025-08-21 16:00:00,1755792009.0,0.046
2025-08-21 17:00:00,1755795615.0,0.0475
2025-08-21 18:00:00,1755799214.0,0.049
2025-08-21 19:00:00,1755802813.0,0.0475
2025-08-21 20:00:00,1755806407.0,0.0465
2025-08-21 21:00:00,1755810011.0,0.049
2025-08-21 22:00:00,1755813606.0,0.0485
2025-08-21 23:00:00,1755817206.0,0.048
2025-08-22 00:00:00,1755820805.0,0.0485
2025-08-22 01:00:00,1755824407.0,0.047
2025-08-22 02:00:00,1755828002.0,0.047
2025-08-22 03:00:00,1755831605.0,0.046
2025-08-22 04:00:00,1755835202.0,0.0445
2025-08-22 05:00:00,1755838813.0,0.046
2025-08-22 06:00:00,1755842415.0,0.0455
2025-08-22 07:00:00,1755846016.0,0.0435
2025-08-22 08:00:00,1755849605.0,0.0445
2025-08-22 09:00:00,1755853212.0,0.044
2025-08-22 10:00:00,1755856817.0,0.0445
2025-08-22 11:00:00,1755860415.0,0.046
2025-08-22 12:00:00,1755864008.0,0.044
2025-08-22 13:00:00,1755867611.0,0.046
2025-08-22 14:00:00,1755871219.0,0.0465
2025-08-22 15:00:00,1755874816.0,0.0465
2025-08-22 16:00:00,1755878412.0,0.046
2025-08-22 17:00:00,1755882019.0,0.0465
2025-08-22 18:00:00,1755885608.0,0.049
2025-08-22 19:00:00,1755889205.0,0.047
2025-08-22 20:00:00,1755892805.0,0.0465
2025-08-22 21:00:00,1755896412.0,0.047
2025-08-22 22:00:00,1755900002.0,0.0465
2025-08-22 23:00:00,1755903614.0,0.0465
2025-08-23 00:00:00,1755907210.0,0.046
2025-08-23 01:00:00,1755910810.0,0.046
2025-08-23 02:00:00,1755914405.0,0.0455
2025-08-23 03:00:00,1755918009.0,0.046
2025-08-23 04:00:00,1755921610.0,0.0455
2025-08-23 05:00:00,1755925213.0,0.045
2025-08-23 06:00:00,1755928818.0,0.045
2025-08-23 07:00:00,1755932419.0,0.045
2025-08-23 08:00:00,1755936018.0,0.045
2025-08-23 09:00:00,1755939613.0,0.0455
2025-08-23 10:00:00,1755943219.0,0.0455
2025-08-23 11:00:00,1755946811.0,0.045
2025-08-23 12:00:00,1755950421.0,0.042
2025-08-23 13:00:00,1755954016.0,0.0425
2025-08-23 14:00:00,1755957618.0,0.0425
2025-08-23 15:00:00,1755961205.0,0.0425
2025-08-23 16:00:00,1755964803.0,0.042
2025-08-23 17:00:00,1755968403.0,0.042
2025-08-23 18:00:00,1755972008.0,0.042
2025-08-23 19:00:00,1755975610.0,0.0425
2025-08-23 20:00:00,1755979218.0,0.0425
2025-08-23 21:00:00,1755982808.0,0.0425
2025-08-23 22:00:00,1755986404.0,0.042
2025-08-23 23:00:00,1755990006.0,0.043
2025-08-24 00:00:00,1755993608.0,0.042
2025-08-24 01:00:00,1755997205.0,0.042
2025-08-24 02:00:00,1756000805.0,0.045
2025-08-24 03:00:00,1756004416.0,0.044
2025-08-24 04:00:00,1756008002.0,0.0435
2025-08-24 05:00:00,1756011606.0,0.0435
2025-08-24 06:00:00,1756015213.0,0.043
2025-08-24 07:00:00,1756018814.0,0.0435
2025-08-24 08:00:00,1756022406.0,0.0405
2025-08-24 09:00:00,1756026008.0,0.0395
2025-08-24 10:00:00,1756029615.0,0.039
2025-08-24 11:00:00,1756033206.0,0.0435
2025-08-24 12:00:00,1756036802.0,0.0435
2025-08-24 13:00:00,1756040411.0,0.0435
2025-08-24 14:00:00,1756044006.0,0.038
2025-08-24 15:00:00,1756047617.0,0.038
2025-08-24 16:00:00,1756051214.0,0.038
2025-08-24 17:00:00,1756054810.0,0.038
2025-08-24 18:00:00,1756058421.0,0.038
2025-08-24 19:00:00,1756062016.0,0.038
2025-08-24 20:00:00,1756065611.0,0.038
2025-08-24 21:00:00,1756069214.0,0.038
2025-08-24 22:00:00,1756072809.0,0.038
2025-08-24 23:00:00,1756076405.0,0.038
2025-08-25 00:00:00,1756080009.0,0.038
2025-08-25 01:00:00,1756083612.0,0.038
2025-08-25 02:00:00,1756087203.0,0.038
2025-08-25 03:00:00,1756090811.0,0.038
2025-08-25 04:00:00,1756094406.0,0.038
2025-08-25 05:00:00,1756098003.0,0.038
2025-08-25 06:00:00,1756101604.0,0.038
2025-08-25 07:00:00,1756105211.0,0.038
2025-08-25 08:00:00,1756108811.0,0.047
2025-08-25 09:00:00,1756112404.0,0.048
2025-08-25 10:00:00,1756116006.0,0.048
2025-08-25 11:00:00,1756119602.0,0.048
2025-08-25 12:00:00,1756123210.0,0.048
2025-08-25 13:00:00,1756126803.0,0.047
2025-08-25 14:00:00,1756130405.0,0.0465
2025-08-25 15:00:00,1756134011.0,0.0475
2025-08-25 16:00:00,1756137607.0,0.0435
2025-08-25 17:00:00,1756141207.0,0.0425
2025-08-25 18:00:00,1756144814.0,0.043
2025-08-25 19:00:00,1756148413.0,0.0425
2025-08-25 20:00:00,1756152006.0,0.0425
2025-08-25 21:00:00,1756155605.0,0.0425
2025-08-25 22:00:00,1756159212.0,0.0435
2025-08-25 23:00:00,1756162814.0,0.043
2025-08-26 00:00:00,1756166408.0,0.043
2025-08-26 01:00:00,1756170007.0,0.0425
2025-08-26 02:00:00,1756173611.0,0.0425
2025-08-26 03:00:00,1756177215.0,0.0435
2025-08-26 04:00:00,1756180807.0,0.043
2025-08-26 05:00:00,1756184404.0,0.043
2025-08-26 06:00:00,1756188010.0,0.0425
2025-08-26 07:00:00,1756191609.0,0.043
2025-08-26 08:00:00,1756195210.0,0.0425
2025-08-26 09:00:00,1756198817.0,0.043
2025-08-26 10:00:00,1756202404.0,0.043
2025-08-26 11:00:00,1756206010.0,0.0435
2025-08-26 12:00:00,1756209606.0,0.0435
2025-08-26 13:00:00,1756213208.0,0.043
2025-08-26 14:00:00,1756216817.0,0.043
2025-08-26 15:00:00,1756220415.0,0.0425
2025-08-26 16:00:00,1756224008.0,0.043
2025-08-26 17:00:00,1756227609.0,0.0425
2025-08-26 18:00:00,1756231214.0,0.0425
2025-08-26 19:00:00,1756234817.0,0.043
2025-08-26 20:00:00,1756238407.0,0.043
2025-08-26 21:00:00,1756242014.0,0.043
2025-08-26 22:00:00,1756245612.0,0.043
2025-08-26 23:00:00,1756249203.0,0.043
2025-08-27 00:00:00,1756252802.0,0.0435
2025-08-27 01:00:00,1756256413.0,0.044
2025-08-27 02:00:00,1756260014.0,0.0435
2025-08-27 03:00:00,1756263605.0,0.0435
2025-08-27 04:00:00,1756267210.0,0.044
2025-08-27 05:00:00,1756270802.0,0.044
2025-08-27 06:00:00,1756274416.0,0.044
2025-08-27 07:00:00,1756278005.0,0.0435
2025-08-27 08:00:00,1756281615.0,0.044
2025-08-27 09:00:00,1756285207.0,0.044
2025-08-27 10:00:00,1756288816.0,0.044
2025-08-27 11:00:00,1756292405.0,0.0435
2025-08-27 12:00:00,1756296012.0,0.0435
2025-08-27 13:00:00,1756299606.0,0.0435
2025-08-27 14:00:00,1756303221.0,0.0435
2025-08-27 15:00:00,1756306810.0,0.044
2025-08-27 16:00:00,1756310410.0,0.043
2025-08-27 17:00:00,1756314021.0,0.043
2025-08-27 18:00:00,1756317604.0,0.0425
2025-08-27 19:00:00,1756321219.0,0.043
2025-08-27 20:00:00,1756324819.0,0.0415
2025-08-27 21:00:00,1756328419.0,0.042
2025-08-27 22:00:00,1756332008.0,0.042
2025-08-27 23:00:00,1756335607.0,0.042
2025-08-28 00:00:00,1756339209.0,0.042
2025-08-28 01:00:00,1756342804.0,0.0425
2025-08-28 02:00:00,1756346406.0,0.042
2025-08-28 03:00:00,1756350005.0,0.0425
2025-08-28 04:00:00,1756353610.0,0.0425
2025-08-28 05:00:00,1756357217.0,0.043
2025-08-28 06:00:00,1756360812.0,0.0425
2025-08-28 07:00:00,1756364419.0,0.0425
2025-08-28 08:00:00,1756368011.0,0.043
2025-08-28 09:00:00,1756371614.0,0.0425
2025-08-28 10:00:00,1756375214.0,0.043
2025-08-28 11:00:00,1756378807.0,0.0425
2025-08-28 12:00:00,1756382419.0,0.0425
2025-08-28 13:00:00,1756386012.0,0.042
2025-08-28 14:00:00,1756389617.0,0.043
2025-08-28 15:00:00,1756393214.0,0.0435
2025-08-28 16:00:00,1756396817.0,0.0435
2025-08-28 17:00:00,1756400415.0,0.0435
2025-08-28 18:00:00,1756404013.0,0.0435
2025-08-28 19:00:00,1756407608.0,0.044
2025-08-28 20:00:00,1756411216.0,0.044
2025-08-28 21:00:00,1756414817.0,0.0445
2025-08-28 22:00:00,1756418420.0,0.0445
2025-08-28 23:00:00,1756422017.0,0.0425
2025-08-29 00:00:00,1756425616.0,0.0425
2025-08-29 01:00:00,1756429209.0,0.039
2025-08-29 02:00:00,1756432816.0,0.0385
2025-08-29 03:00:00,1756436410.0,0.0385
2025-08-29 04:00:00,1756440005.0,0.0385
2025-08-29 05:00:00,1756443616.0,0.0385
2025-08-29 06:00:00,1756447202.0,0.0385
2025-08-29 07:00:00,1756450805.0,0.0385
2025-08-29 08:00:00,1756454411.0,0.0385
2025-08-29 09:00:00,1756458021.0,0.0385
2025-08-29 10:00:00,1756461624.0,0.0385
2025-08-29 11:00:00,1756465221.0,0.0385
2025-08-29 12:00:00,1756468807.0,0.0385
2025-08-29 13:00:00,1756472411.0,0.0385
2025-08-29 14:00:00,1756476003.0,0.0385
2025-08-29 15:00:00,1756479613.0,0.0385
2025-08-29 16:00:00,1756483213.0,0.0385
2025-08-29 17:00:00,1756486817.0,0.0385
2025-08-29 18:00:00,1756490407.0,0.0385
2025-08-29 19:00:00,1756494003.0,0.0385
2025-08-29 20:00:00,1756497610.0,0.0385
2025-08-29 21:00:00,1756501211.0,0.038
2025-08-29 22:00:00,1756504814.0,0.038
2025-08-29 23:00:00,1756508403.0,0.038
2025-08-30 00:00:00,1756512002.0,0.038
2025-08-30 01:00:00,1756515611.0,0.038
2025-08-30 02:00:00,1756519215.0,0.038
2025-08-30 03:00:00,1756522812.0,0.038
2025-08-30 04:00:00,1756526405.0,0.038
2025-08-30 05:00:00,1756530002.0,0.038
2025-08-30 06:00:00,1756533621.0,0.038
2025-08-30 07:00:00,1756537213.0,0.038
2025-08-30 08:00:00,1756540819.0,0.038
2025-08-30 09:00:00,1756544422.0,0.038
2025-08-30 10:00:00,1756548016.0,0.038
2025-08-30 11:00:00,1756551619.0,0.038
2025-08-30 12:00:00,1756555225.0,0.038
2025-08-30 13:00:00,1756558819.0,0.038
2025-08-30 14:00:00,1756562411.0,0.038
2025-08-30 15:00:00,1756566021.0,0.038
2025-08-30 16:00:00,1756569620.0,0.038
2025-08-30 17:00:00,1756573220.0,0.038
2025-08-30 18:00:00,1756576807.0,0.038
2025-08-30 19:00:00,1756580412.0,0.038
2025-08-30 20:00:00,1756584013.0,0.038
2025-08-30 21:00:00,1756587621.0,0.038
2025-08-30 22:00:00,1756591214.0,0.038
2025-08-30 23:00:00,1756594822.0,0.038
2025-08-31 00:00:00,1756598407.0,0.038
2025-08-31 01:00:00,1756602004.0,0.038
2025-08-31 02:00:00,1756605609.0,0.038
2025-08-31 03:00:00,1756609210.0,0.038
2025-08-31 04:00:00,1756612815.0,0.038
2025-08-31 05:00:00,1756616412.0,0.038
2025-08-31 06:00:00,1756620006.0,0.038
2025-08-31 07:00:00,1756623614.0,0.038
2025-08-31 08:00:00,1756627220.0,0.038
2025-08-31 09:00:00,1756630808.0,0.038
2025-08-31 10:00:00,1756634417.0,0.038
2025-08-31 11:00:00,1756638002.0,0.038
2025-08-31 12:00:00,1756641606.0,0.038
2025-08-31 13:00:00,1756645226.0,0.038
2025-08-31 14:00:00,1756648812.0,0.038
2025-08-31 15:00:00,1756652414.0,0.038
2025-08-31 16:00:00,1756656020.0,0.038
2025-08-31 17:00:00,1756659607.0,0.038
2025-08-31 18:00:00,1756663221.0,0.038
2025-08-31 19:00:00,1756666810.0,0.038
2025-08-31 20:00:00,1756670403.0,0.038
2025-08-31 21:00:00,1756674009.0,0.038
2025-08-31 22:00:00,1756677607.0,0.038
2025-08-31 23:00:00,1756681220.0,0.038
2025-09-01 00:00:00,1756684805.0,0.038
2025-09-01 01:00:00,1756688409.0,0.038
2025-09-01 02:00:00,1756692006.0,0.038
2025-09-01 03:00:00,1756695613.0,0.038
2025-09-01 04:00:00,1756699217.0,0.038
2025-09-01 05:00:00,1756702808.0,0.038
2025-09-01 06:00:00,1756706402.0,0.038
2025-09-01 07:00:00,1756710015.0,0.038
2025-09-01 08:00:00,1756713609.0,0.038
2025-09-01 09:00:00,1756717208.0,0.038
2025-09-01 10:00:00,1756720813.0,0.038
2025-09-01 11:00:00,1756724415.0,0.038
2025-09-01 12:00:00,1756728013.0,0.038
2025-09-01 13:00:00,1756731613.0,0.038
2025-09-01 14:00:00,1756735214.0,0.038
2025-09-01 15:00:00,1756738807.0,0.038
2025-09-01 16:00:00,1756742406.0,0.038
2025-09-01 17:00:00,1756746021.0,0.038
2025-09-01 18:00:00,1756749613.0,0.0385
2025-09-01 19:00:00,1756753209.0,0.0385
2025-09-01 20:00:00,1756756806.0,0.0385
2025-09-01 21:00:00,1756760409.0,0.0385
2025-09-01 22:00:00,1756764009.0,0.0385
2025-09-01 23:00:00,1756767616.0,0.0385
2025-09-02 00:00:00,1756771211.0,0.0385
2025-09-02 01:00:00,1756774808.0,0.0385
2025-09-02 02:00:00,1756778409.0,0.0385
2025-09-02 03:00:00,1756782022.0,0.0385
2025-09-02 04:00:00,1756785604.0,0.0385
2025-09-02 05:00:00,1756789213.0,0.0385
2025-09-02 06:00:00,1756792812.0,0.0385
2025-09-02 07:00:00,1756796416.0,0.0385
2025-09-02 08:00:00,1756800008.0,0.0385
2025-09-02 09:00:00,1756803609.0,0.0385
2025-09-02 10:00:00,1756807215.0,0.0385
2025-09-02 11:00:00,1756810803.0,0.0385
2025-09-02 12:00:00,1756814425.0,0.0385
2025-09-02 13:00:00,1756818019.0,0.034
2025-09-02 14:00:00,1756821609.0,0.0325
2025-09-02 15:00:00,1756825208.0,0.0325
2025-09-02 16:00:00,1756828802.0,0.0325
2025-09-02 17:00:00,1756832420.0,0.0325
2025-09-02 18:00:00,1756836022.0,0.0325
2025-09-02 19:00:00,1756839614.0,0.0325
2025-09-02 20:00:00,1756843217.0,0.0325
2025-09-02 21:00:00,1756846809.0,0.0325
2025-09-02 22:00:00,1756850414.0,0.033
2025-09-02 23:00:00,1756854017.0,0.034
2025-09-03 00:00:00,1756857612.0,0.034
2025-09-03 01:00:00,1756861209.0,0.034
2025-09-03 02:00:00,1756864815.0,0.034
2025-09-03 03:00:00,1756868418.0,0.0335
2025-09-03 04:00:00,1756872011.0,0.034
2025-09-03 05:00:00,1756875607.0,0.0335
2025-09-03 06:00:00,1756879228.0,0.0335
2025-09-03 07:00:00,1756882815.0,0.0335
2025-09-03 08:00:00,1756886417.0,0.034
2025-09-03 09:00:00,1756890024.0,0.034
2025-09-03 10:00:00,1756893622.0,0.033
2025-09-03 11:00:00,1756897220.0,0.0325
2025-09-03 12:00:00,1756900809.0,0.0325
2025-09-03 13:00:00,1756904404.0,0.0325
2025-09-03 14:00:00,1756908022.0,0.0325
2025-09-03 15:00:00,1756911608.0,0.034
2025-09-03 16:00:00,1756915206.0,0.0335
2025-09-03 17:00:00,1756918814.0,0.034
2025-09-03 18:00:00,1756922403.0,0.034
2025-09-03 19:00:00,1756926004.0,0.0335
2025-09-03 20:00:00,1756929613.0,0.034
2025-09-03 21:00:00,1756933212.0,0.034
2025-09-03 22:00:00,1756936813.0,0.034
2025-09-03 23:00:00,1756940418.0,0.0335
2025-09-04 00:00:00,1756944016.0,0.034
2025-09-04 01:00:00,1756947616.0,0.0335
2025-09-04 02:00:00,1756951207.0,0.034
2025-09-04 03:00:00,1756954819.0,0.0335
2025-09-04 04:00:00,1756958416.0,0.0335
2025-09-04 05:00:00,1756962014.0,0.034
2025-09-04 06:00:00,1756965616.0,0.034
2025-09-04 07:00:00,1756969214.0,0.034
2025-09-04 08:00:00,1756972816.0,0.034
2025-09-04 09:00:00,1756976408.0,0.0335
2025-09-04 10:00:00,1756980018.0,0.034
2025-09-04 11:00:00,1756983619.0,0.0325
2025-09-04 12:00:00,1756987235.0,0.0325
2025-09-04 13:00:00,1756990814.0,0.0325
2025-09-04 14:00:00,1756994419.0,0.0325
2025-09-04 15:00:00,1756998021.0,0.0325
2025-09-04 16:00:00,1757001623.0,0.0325
2025-09-04 17:00:00,1757005213.0,0.0325
2025-09-04 18:00:00,1757008819.0,0.0325
2025-09-04 19:00:00,1757012404.0,0.0325
2025-09-04 20:00:00,1757016007.0,0.0325
2025-09-04 21:00:00,1757019612.0,0.0325
2025-09-04 22:00:00,1757023223.0,0.0325
2025-09-04 23:00:00,1757026805.0,0.0325
2025-09-05 00:00:00,1757030410.0,0.0325
2025-09-05 01:00:00,1757034003.0,0.0325
2025-09-05 02:00:00,1757037605.0,0.0325
2025-09-05 03:00:00,1757041212.0,0.0325
2025-09-05 04:00:00,1757044807.0,0.0325
2025-09-05 05:00:00,1757048415.0,0.0325
2025-09-05 06:00:00,1757052023.0,0.0325
2025-09-05 07:00:00,1757055609.0,0.0325
2025-09-05 08:00:00,1757059216.0,0.0325
2025-09-05 09:00:00,1757062816.0,0.033
2025-09-05 10:00:00,1757066403.0,0.033
2025-09-05 11:00:00,1757070015.0,0.033
2025-09-05 12:00:00,1757073625.0,0.033
2025-09-05 13:00:00,1757077217.0,0.033
2025-09-05 14:00:00,1757080810.0,0.033
2025-09-05 15:00:00,1757084415.0,0.033
2025-09-05 16:00:00,1757088022.0,0.033
2025-09-05 17:00:00,1757091609.0,0.033
2025-09-05 18:00:00,1757095214.0,0.033
2025-09-05 19:00:00,1757098818.0,0.033
2025-09-05 20:00:00,1757102409.0,0.033
2025-09-05 21:00:00,1757106023.0,0.033
2025-09-05 22:00:00,1757109604.0,0.02
2025-09-05 23:00:00,1757113213.0,0.02
2025-09-06 00:00:00,1757116810.0,0.02
2025-09-06 01:00:00,1757120408.0,0.02
2025-09-06 02:00:00,1757124013.0,0.02
2025-09-06 03:00:00,1757127608.0,0.02
2025-09-06 04:00:00,1757131217.0,0.02
2025-09-06 05:00:00,1757134807.0,0.02
2025-09-06 06:00:00,1757138404.0,0.02
2025-09-06 07:00:00,1757142013.0,0.02
2025-09-06 08:00:00,1757145607.0,0.02
2025-09-06 09:00:00,1757149218.0,0.02
2025-09-06 10:00:00,1757152817.0,0.02
2025-09-06 11:00:00,1757156406.0,0.0205
2025-09-06 12:00:00,1757160007.0,0.02
2025-09-06 13:00:00,1757163604.0,0.02
2025-09-06 14:00:00,1757167216.0,0.02
2025-09-06 15:00:00,1757170811.0,0.02
2025-09-06 16:00:00,1757174422.0,0.02
2025-09-06 17:00:00,1757178005.0,0.02
2025-09-06 18:00:00,1757181606.0,0.02
2025-09-06 19:00:00,1757185214.0,0.02
2025-09-06 20:00:00,1757188817.0,0.02
2025-09-06 21:00:00,1757192423.0,0.02
2025-09-06 22:00:00,1757196004.0,0.02
2025-09-06 23:00:00,1757199612.0,0.02
2025-09-07 00:00:00,1757203204.0,0.02
2025-09-07 01:00:00,1757206809.0,0.02
2025-09-07 02:00:00,1757210410.0,0.02
2025-09-07 03:00:00,1757214021.0,0.02
2025-09-07 04:00:00,1757217616.0,0.02
2025-09-07 05:00:00,1757221204.0,0.02
2025-09-07 06:00:00,1757224809.0,0.02
2025-09-07 07:00:00,1757228419.0,0.02
2025-09-07 08:00:00,1757232021.0,0.02
2025-09-07 09:00:00,1757235617.0,0.02
2025-09-07 10:00:00,1757239207.0,0.02
2025-09-07 11:00:00,1757242819.0,0.02
2025-09-07 12:00:00,1757246424.0,0.02
2025-09-07 13:00:00,1757250014.0,0.02
2025-09-07 14:00:00,1757253616.0,0.02
2025-09-07 15:00:00,1757257218.0,0.02
2025-09-07 16:00:00,1757260816.0,0.02
2025-09-07 17:00:00,1757264406.0,0.02
2025-09-07 18:00:00,1757268011.0,0.02
2025-09-07 19:00:00,1757271619.0,0.02
2025-09-07 20:00:00,1757275214.0,0.02
2025-09-07 21:00:00,1757278816.0,0.02
2025-09-07 22:00:00,1757282409.0,0.02
2025-09-07 23:00:00,1757286017.0,0.02
2025-09-08 00:00:00,1757289606.0,0.02
2025-09-08 01:00:00,1757293210.0,0.02
2025-09-08 02:00:00,1757296815.0,0.02
2025-09-08 03:00:00,1757300410.0,0.02
2025-09-08 04:00:00,1757304009.0,0.031
2025-09-08 05:00:00,1757307614.0,0.031
2025-09-08 06:00:00,1757311209.0,0.0315
2025-09-08 07:00:00,1757314814.0,0.031
2025-09-08 08:00:00,1757318409.0,0.031
2025-09-08 09:00:00,1757322007.0,0.0275
2025-09-08 10:00:00,1757325623.0,0.027
2025-09-08 11:00:00,1757329209.0,0.028
2025-09-08 12:00:00,1757332812.0,0.029
2025-09-08 13:00:00,1757336417.0,0.0285
2025-09-08 14:00:00,1757340011.0,0.0285
2025-09-08 15:00:00,1757343606.0,0.029
2025-09-08 16:00:00,1757347220.0,0.029
2025-09-08 17:00:00,1757350822.0,0.0285
2025-09-08 18:00:00,1757354404.0,0.028
2025-09-08 19:00:00,1757358021.0,0.0275
2025-09-08 20:00:00,1757361615.0,0.029
2025-09-08 21:00:00,1757365213.0,0.0295
2025-09-08 22:00:00,1757368807.0,0.0295
2025-09-08 23:00:00,1757372412.0,0.0295
2025-09-09 00:00:00,1757376004.0,0.0295
2025-09-09 01:00:00,1757379611.0,0.0295
2025-09-09 02:00:00,1757383211.0,0.0295
2025-09-09 03:00:00,1757386802.0,0.03
2025-09-09 04:00:00,1757390415.0,0.03
2025-09-09 05:00:00,1757394016.0,0.0295
2025-09-09 06:00:00,1757397607.0,0.0295
2025-09-09 07:00:00,1757401208.0,0.03
2025-09-09 08:00:00,1757404809.0,0.0295
2025-09-09 09:00:00,1757408421.0,0.03
2025-09-09 10:00:00,1757412014.0,0.0265
2025-09-09 11:00:00,1757415612.0,0.024
2025-09-09 12:00:00,1757419218.0,0.022
2025-09-09 13:00:00,1757422807.0,0.0215
2025-09-09 14:00:00,1757426410.0,0.022
2025-09-09 15:00:00,1757430004.0,0.0215
2025-09-09 16:00:00,1757433621.0,0.0215
2025-09-09 17:00:00,1757437219.0,0.022
2025-09-09 18:00:00,1757440807.0,0.022
2025-09-09 19:00:00,1757444408.0,0.0215
2025-09-09 20:00:00,1757448004.0,0.017
2025-09-09 21:00:00,1757451621.0,0.0175
2025-09-09 22:00:00,1757455213.0,0.017
2025-09-09 23:00:00,1757458816.0,0.017
2025-09-10 00:00:00,1757462406.0,0.017
2025-09-10 01:00:00,1757466012.0,0.017
2025-09-10 02:00:00,1757469604.0,0.0165
2025-09-10 03:00:00,1757473216.0,0.0165
2025-09-10 04:00:00,1757476803.0,0.0165
2025-09-10 05:00:00,1757480408.0,0.0165
2025-09-10 06:00:00,1757484021.0,0.0165
2025-09-10 07:00:00,1757487612.0,0.0165
2025-09-10 08:00:00,1757491206.0,0.0165
2025-09-10 09:00:00,1757494812.0,0.0165
2025-09-10 10:00:00,1757498412.0,0.0145
2025-09-10 11:00:00,1757502013.0,0.0145
2025-09-10 12:00:00,1757505611.0,0.015
2025-09-10 13:00:00,1757509210.0,0.0145
2025-09-10 14:00:00,1757512813.0,0.0165
2025-09-10 15:00:00,1757516413.0,0.0135
2025-09-10 16:00:00,1757520004.0,0.0165
2025-09-10 17:00:00,1757523611.0,0.0165
2025-09-10 18:00:00,1757527226.0,0.017
2025-09-10 19:00:00,1757530807.0,0.0165
2025-09-10 20:00:00,1757534411.0,0.0165
2025-09-10 21:00:00,1757538002.0,0.0165
2025-09-10 22:00:00,1757541611.0,0.0165
2025-09-10 23:00:00,1757545213.0,0.0165
2025-09-11 00:00:00,1757548806.0,0.0165
2025-09-11 01:00:00,1757552411.0,0.0165
2025-09-11 02:00:00,1757556013.0,0.0165
2025-09-11 03:00:00,1757559611.0,0.0165
2025-09-11 04:00:00,1757563211.0,0.0165
2025-09-11 05:00:00,1757566804.0,0.0165
2025-09-11 06:00:00,1757570422.0,0.0165
2025-09-11 07:00:00,1757574008.0,0.0165
2025-09-11 08:00:00,1757577613.0,0.0165
2025-09-11 09:00:00,1757581224.0,0.0165
2025-09-11 10:00:00,1757584808.0,0.0155
2025-09-11 11:00:00,1757588410.0,0.0155
2025-09-11 12:00:00,1757592019.0,0.0155
2025-09-11 13:00:00,1757595615.0,0.0155
2025-09-11 14:00:00,1757599219.0,0.0155
2025-09-11 15:00:00,1757602813.0,0.0155
2025-09-11 16:00:00,1757606414.0,0.0145
2025-09-11 17:00:00,1757610007.0,0.0165
2025-09-11 18:00:00,1757613623.0,0.0165
2025-09-11 19:00:00,1757617215.0,0.0165
2025-09-11 20:00:00,1757620803.0,0.0165
2025-09-11 21:00:00,1757624402.0,0.0165
2025-09-11 22:00:00,1757628016.0,0.0165
2025-09-11 23:00:00,1757631606.0,0.0165
2025-09-12 00:00:00,1757635207.0,0.0165
2025-09-12 01:00:00,1757638814.0,0.0165
2025-09-12 02:00:00,1757642402.0,0.0165
2025-09-12 03:00:00,1757646009.0,0.0165
2025-09-12 04:00:00,1757649618.0,0.0165
2025-09-12 05:00:00,1757653214.0,0.0165
2025-09-12 06:00:00,1757656808.0,0.0165
2025-09-12 07:00:00,1757660409.0,0.016
2025-09-12 08:00:00,1757664016.0,0.016
2025-09-12 09:00:00,1757667614.0,0.016
2025-09-12 10:00:00,1757671206.0,0.016
2025-09-12 11:00:00,1757674817.0,0.016
2025-09-12 12:00:00,1757678415.0,0.016
2025-09-12 13:00:00,1757682020.0,0.016
2025-09-12 14:00:00,1757685625.0,0.016
2025-09-12 15:00:00,1757689214.0,0.016
2025-09-12 16:00:00,1757692815.0,0.016
2025-09-12 17:00:00,1757696414.0,0.016
2025-09-12 18:00:00,1757700002.0,0.016
2025-09-12 19:00:00,1757703612.0,0.015
2025-09-12 20:00:00,1757707204.0,0.0145
2025-09-12 21:00:00,1757710805.0,0.0145
2025-09-12 22:00:00,1757714415.0,0.0145
2025-09-12 23:00:00,1757718010.0,0.0145
2025-09-13 00:00:00,1757721604.0,0.0145
2025-09-13 01:00:00,1757725208.0,0.0145
2025-09-13 02:00:00,1757728809.0,0.0145
2025-09-13 03:00:00,1757732412.0,0.0135
2025-09-13 04:00:00,1757736003.0,0.0135
2025-09-13 05:00:00,1757739608.0,0.0135
2025-09-13 06:00:00,1757743202.0,0.0135
2025-09-13 07:00:00,1757746813.0,0.0135
2025-09-13 08:00:00,1757750404.0,0.0135
2025-09-13 09:00:00,1757754007.0,0.0135
2025-09-13 10:00:00,1757757615.0,0.0145
2025-09-13 11:00:00,1757761218.0,0.015
2025-09-13 12:00:00,1757764822.0,0.015
2025-09-13 13:00:00,1757768416.0,0.015
2025-09-13 14:00:00,1757772003.0,0.015
2025-09-13 15:00:00,1757775620.0,0.015
2025-09-13 16:00:00,1757779207.0,0.015
2025-09-13 17:00:00,1757782809.0,0.015
2025-09-13 18:00:00,1757786414.0,0.015
2025-09-13 19:00:00,1757790021.0,0.015
2025-09-13 20:00:00,1757793617.0,0.015
2025-09-13 21:00:00,1757797203.0,0.015
2025-09-13 22:00:00,1757800822.0,0.015
2025-09-13 23:00:00,1757804405.0,0.015
2025-09-14 00:00:00,1757808021.0,0.015
2025-09-14 01:00:00,1757811611.0,0.015
2025-09-14 02:00:00,1757815217.0,0.015
2025-09-14 03:00:00,1757818807.0,0.015
2025-09-14 04:00:00,1757822404.0,0.015
2025-09-14 05:00:00,1757826007.0,0.015
2025-09-14 06:00:00,1757829606.0,0.015
2025-09-14 07:00:00,1757833203.0,0.015
2025-09-14 08:00:00,1757836816.0,0.015
2025-09-14 09:00:00,1757840413.0,0.015
2025-09-14 10:00:00,1757844024.0,0.015
2025-09-14 11:00:00,1757847610.0,0.015
2025-09-14 12:00:00,1757851220.0,0.015
2025-09-14 13:00:00,1757854816.0,0.015
2025-09-14 14:00:00,1757858407.0,0.015
2025-09-14 15:00:00,1757862002.0,0.015
2025-09-14 16:00:00,1757865609.0,0.015
2025-09-14 17:00:00,1757869206.0,0.015
2025-09-14 18:00:00,1757872813.0,0.015
2025-09-14 19:00:00,1757876420.0,0.015
2025-09-14 20:00:00,1757880017.0,0.015
2025-09-14 21:00:00,1757883607.0,0.015
2025-09-14 22:00:00,1757887214.0,0.015
2025-09-14 23:00:00,1757890804.0,0.015
2025-09-15 00:00:00,1757894411.0,0.015
2025-09-15 01:00:00,1757898012.0,0.015
2025-09-15 02:00:00,1757901602.0,0.015
2025-09-15 03:00:00,1757905220.0,0.015
2025-09-15 04:00:00,1757908819.0,0.015
2025-09-15 05:00:00,1757912419.0,0.015
2025-09-15 06:00:00,1757916023.0,0.015
2025-09-15 07:00:00,1757919622.0,0.015
2025-09-15 08:00:00,1757923205.0,0.015
2025-09-15 09:00:00,1757926829.0,0.017
2025-09-15 10:00:00,1757930408.0,0.015
2025-09-15 11:00:00,1757934022.0,0.015
2025-09-15 12:00:00,1757937612.0,0.015
2025-09-15 13:00:00,1757941212.0,0.015
2025-09-15 14:00:00,1757944813.0,0.015
2025-09-15 15:00:00,1757948404.0,0.015
2025-09-15 16:00:00,1757952014.0,0.015
2025-09-15 17:00:00,1757955616.0,0.015
2025-09-15 18:00:00,1757959207.0,0.015
2025-09-15 19:00:00,1757962809.0,0.0085
2025-09-15 20:00:00,1757966402.0,0.0105
2025-09-15 21:00:00,1757970025.0,0.011
2025-09-15 22:00:00,1757973607.0,0.012
2025-09-15 23:00:00,1757977203.0,0.0115
2025-09-16 00:00:00,1757980820.0,0.0105
2025-09-16 01:00:00,1757984416.0,0.01
2025-09-16 02:00:00,1757988005.0,0.01
2025-09-16 03:00:00,1757991609.0,0.01
2025-09-16 04:00:00,1757995218.0,0.01
2025-09-16 05:00:00,1757998815.0,0.0095
2025-09-16 06:00:00,1758002409.0,0.0095
2025-09-16 07:00:00,1758006005.0,0.0095
2025-09-16 08:00:00,1758009604.0,0.011
2025-09-16 09:00:00,1758013202.0,0.0095
2025-09-16 10:00:00,1758016826.0,0.011
2025-09-16 11:00:00,1758020426.0,0.0095
2025-09-16 12:00:00,1758024029.0,0.0115
2025-09-16 13:00:00,1758027621.0,0.01
2025-09-16 14:00:00,1758031221.0,0.0115
2025-09-16 15:00:00,1758034823.0,0.0105
2025-09-16 16:00:00,1758038406.0,0.0105
2025-09-16 17:00:00,1758042012.0,0.0075
2025-09-16 18:00:00,1758045604.0,0.0075
2025-09-16 19:00:00,1758049216.0,0.0075
2025-09-16 20:00:00,1758052826.0,0.0075
2025-09-16 21:00:00,1758056410.0,0.0075
2025-09-16 22:00:00,1758060003.0,0.0075
2025-09-16 23:00:00,1758063602.0,0.0075
2025-09-17 00:00:00,1758067210.0,0.0075
2025-09-17 01:00:00,1758070802.0,0.0075
2025-09-17 02:00:00,1758074415.0,0.0075
2025-09-17 03:00:00,1758078009.0,0.0075
2025-09-17 04:00:00,1758081609.0,0.0075
2025-09-17 05:00:00,1758085218.0,0.0075
2025-09-17 06:00:00,1758088814.0,0.0075
2025-09-17 07:00:00,1758092402.0,0.0075
2025-09-17 08:00:00,1758096018.0,0.0075
2025-09-17 09:00:00,1758099622.0,0.0075
2025-09-17 10:00:00,1758103211.0,0.0075
2025-09-17 11:00:00,1758106806.0,0.0075
2025-09-17 12:00:00,1758110416.0,0.0075
2025-09-17 13:00:00,1758114010.0,0.0075
2025-09-17 14:00:00,1758117613.0,0.007
2025-09-17 15:00:00,1758121213.0,0.0065
2025-09-17 16:00:00,1758124818.0,0.006
2025-09-17 17:00:00,1758128411.0,0.006
2025-09-17 18:00:00,1758132237.0,0.006
2025-09-17 19:00:00,1758135610.0,0.006
2025-09-17 20:00:00,1758139214.0,0.006
2025-09-17 21:00:00,1758142817.0,0.006
2025-09-17 22:00:00,1758146412.0,0.006
2025-09-17 23:00:00,1758150010.0,0.006
2025-09-18 00:00:00,1758153608.0,0.006
2025-09-18 01:00:00,1758157206.0,0.006
2025-09-18 02:00:00,1758160815.0,0.006
2025-09-18 03:00:00,1758164424.0,0.0055
2025-09-18 04:00:00,1758168006.0,0.0055
2025-09-18 05:00:00,1758171618.0,0.0055
2025-09-18 06:00:00,1758175228.0,0.0055
2025-09-18 07:00:00,1758178804.0,0.0055
2025-09-18 08:00:00,1758182413.0,0.0055
2025-09-18 09:00:00,1758186008.0,0.0055
2025-09-18 10:00:00,1758189611.0,0.0055
2025-09-18 11:00:00,1758193218.0,0.0045
2025-09-18 12:00:00,1758196825.0,0.0045
2025-09-18 13:00:00,1758200420.0,0.0045
2025-09-18 14:00:00,1758204019.0,0.0045
2025-09-18 15:00:00,1758207604.0,0.0015
2025-09-18 16:00:00,1758211209.0,0.0015
2025-09-18 17:00:00,1758214803.0,0.0015
2025-09-18 18:00:00,1758218403.0,0.0015
2025-09-18 19:00:00,1758222010.0,0.0015
2025-09-18 20:00:00,1758225616.0,0.0015
2025-09-18 21:00:00,1758229202.0,0.0015
2025-09-18 22:00:00,1758232803.0,0.0015
2025-09-18 23:00:00,1758236411.0,0.0015
2025-09-19 00:00:00,1758240016.0,0.0015
2025-09-19 01:00:00,1758243610.0,0.0015
2025-09-19 02:00:00,1758247203.0,0.0015
2025-09-19 03:00:00,1758250810.0,0.0015
2025-09-19 04:00:00,1758254413.0,0.0015
2025-09-19 05:00:00,1758258013.0,0.0015
2025-09-19 06:00:00,1758261614.0,0.0015
2025-09-19 07:00:00,1758265206.0,0.0015
2025-09-19 08:00:00,1758268814.0,0.0015
2025-09-19 09:00:00,1758272414.0,0.0015
2025-09-19 10:00:00,1758276022.0,0.0015
2025-09-19 11:00:00,1758279606.0,0.0015
2025-09-19 12:00:00,1758283217.0,0.0015
2025-09-19 13:00:00,1758286821.0,0.0015
2025-09-19 14:00:00,1758290402.0,0.0015
2025-09-19 15:00:00,1758294015.0,0.0015
2025-09-19 16:00:00,1758297625.0,0.0015
2025-09-19 17:00:00,1758301217.0,0.0015
2025-09-19 18:00:00,1758304822.0,0.0015
2025-09-19 19:00:00,1758308424.0,0.0015
2025-09-19 20:00:00,1758312008.0,0.0015
2025-09-19 21:00:00,1758315618.0,0.0015
2025-09-19 22:00:00,1758319210.0,0.0015
2025-09-19 23:00:00,1758322821.0,0.0015
2025-09-20 00:00:00,1758326407.0,0.0015
2025-09-20 01:00:00,1758330013.0,0.0015
2025-09-20 02:00:00,1758333623.0,0.0015
2025-09-20 03:00:00,1758337208.0,0.0015
2025-09-20 04:00:00,1758340807.0,0.0015
2025-09-20 05:00:00,1758344404.0,0.0015
2025-09-20 06:00:00,1758348024.0,0.0015
2025-09-20 07:00:00,1758351603.0,0.0015
2025-09-20 08:00:00,1758355207.0,0.0015
2025-09-20 09:00:00,1758358820.0,0.0015
2025-09-20 10:00:00,1758362411.0,0.0015
2025-09-20 11:00:00,1758366019.0,0.0015
2025-09-20 12:00:00,1758369610.0,0.0015
2025-09-20 13:00:00,1758373202.0,0.0015
2025-09-20 14:00:00,1758376824.0,0.0015
2025-09-20 15:00:00,1758380414.0,0.0015
2025-09-20 16:00:00,1758384012.0,0.0015
2025-09-20 17:00:00,1758387614.0,0.0015
2025-09-20 18:00:00,1758391225.0,0.0015
2025-09-20 19:00:00,1758394820.0,0.0015
2025-09-20 20:00:00,1758398410.0,0.0015
2025-09-20 21:00:00,1758402009.0,0.0015
2025-09-20 22:00:00,1758405608.0,0.0015
2025-09-20 23:00:00,1758409211.0,0.0015
2025-09-21 00:00:00,1758412802.0,0.0015
2025-09-21 01:00:00,1758416410.0,0.0015
2025-09-21 02:00:00,1758420002.0,0.0015
2025-09-21 03:00:00,1758423602.0,0.0015
2025-09-21 04:00:00,1758427217.0,0.0015
2025-09-21 05:00:00,1758430816.0,0.0015
2025-09-21 06:00:00,1758434411.0,0.0015
2025-09-21 07:00:00,1758438006.0,0.0015
2025-09-21 08:00:00,1758441610.0,0.0015
2025-09-21 09:00:00,1758445204.0,0.0015
2025-09-21 10:00:00,1758448802.0,0.0015
2025-09-21 11:00:00,1758452422.0,0.0015
2025-09-21 12:00:00,1758456017.0,0.0015
2025-09-21 13:00:00,1758459608.0,0.0015
2025-09-21 14:00:00,1758463220.0,0.0015
2025-09-21 15:00:00,1758466815.0,0.0015
2025-09-21 16:00:00,1758470422.0,0.0015
2025-09-21 17:00:00,1758474011.0,0.0015
2025-09-21 18:00:00,1758477621.0,0.0015
2025-09-21 19:00:00,1758481223.0,0.0015
2025-09-21 20:00:00,1758484819.0,0.0015
2025-09-21 21:00:00,1758488422.0,0.0015
2025-09-21 22:00:00,1758492002.0,0.0015
2025-09-21 23:00:00,1758495619.0,0.0015
2025-09-22 00:00:00,1758499214.0,0.0015
2025-09-22 01:00:00,1758502817.0,0.0015
2025-09-22 02:00:00,1758506415.0,0.0015
2025-09-22 03:00:00,1758510010.0,0.0015
2025-09-22 04:00:00,1758513618.0,0.0015
2025-09-22 05:00:00,1758517207.0,0.0015
2025-09-22 06:00:00,1758520818.0,0.0015
2025-09-22 07:00:00,1758524419.0,0.0015
2025-09-22 08:00:00,1758528011.0,0.0015
2025-09-22 09:00:00,1758531613.0,0.0015
2025-09-22 10:00:00,1758535219.0,0.0015
2025-09-22 11:00:00,1758538822.0,0.0015
2025-09-22 12:00:00,1758542425.0,0.0015
2025-09-22 13:00:00,1758546008.0,0.0015
2025-09-22 14:00:00,1758549615.0,0.0015
2025-09-22 15:00:00,1758553209.0,0.0015
2025-09-22 16:00:00,1758556820.0,0.0015
2025-09-22 17:00:00,1758560413.0,0.0015
2025-09-22 18:00:00,1758564010.0,0.0015
2025-09-22 19:00:00,1758567614.0,0.0015
2025-09-22 20:00:00,1758571222.0,0.0015
2025-09-22 21:00:00,1758574818.0,0.0015
2025-09-22 22:00:00,1758578415.0,0.0015
2025-09-22 23:00:00,1758582002.0,0.0015
2025-09-23 00:00:00,1758585602.0,0.0015
2025-09-23 01:00:00,1758589213.0,0.0015
2025-09-23 02:00:00,1758592817.0,0.0015
2025-09-23 03:00:00,1758596413.0,0.0015
2025-09-23 04:00:00,1758600019.0,0.0015
2025-09-23 05:00:00,1758603609.0,0.0015
2025-09-23 06:00:00,1758607206.0,0.0015
2025-09-23 07:00:00,1758610817.0,0.0015
2025-09-23 08:00:00,1758614419.0,0.0015
2025-09-23 09:00:00,1758618012.0,0.0015
2025-09-23 10:00:00,1758621613.0,0.0015
2025-09-23 11:00:00,1758625210.0,0.0015
2025-09-23 12:00:00,1758628822.0,0.0015
2025-09-23 13:00:00,1758632405.0,0.0015
2025-09-23 14:00:00,1758636017.0,0.0015
2025-09-23 15:00:00,1758639616.0,0.0015
2025-09-23 16:00:00,1758643207.0,0.0015
2025-09-23 17:00:00,1758646827.0,0.0015
2025-09-23 18:00:00,1758650410.0,0.0015
2025-09-23 19:00:00,1758654022.0,0.0015
2025-09-23 20:00:00,1758657616.0,0.0015
2025-09-23 21:00:00,1758661223.0,0.0015
2025-09-23 22:00:00,1758664804.0,0.0015
2025-09-23 23:00:00,1758668420.0,0.0015
2025-09-24 00:00:00,1758672018.0,0.0015
2025-09-24 01:00:00,1758675604.0,0.0015
2025-09-24 02:00:00,1758679219.0,0.0015
2025-09-24 03:00:00,1758682813.0,0.0015
2025-09-24 04:00:00,1758686406.0,0.0015
2025-09-24 05:00:00,1758690011.0,0.0015
2025-09-24 06:00:00,1758693623.0,0.0015
2025-09-24 07:00:00,1758697225.0,0.0015
2025-09-24 08:00:00,1758700809.0,0.0015
2025-09-24 09:00:00,1758704426.0,0.0015
2025-09-24 10:00:00,1758708004.0,0.0015
2025-09-24 11:00:00,1758711605.0,0.0015
2025-09-24 12:00:00,1758715210.0,0.0015
2025-09-24 13:00:00,1758718805.0,0.0015
2025-09-24 14:00:00,1758722412.0,0.0015
2025-09-24 15:00:00,1758726013.0,0.0015
2025-09-24 16:00:00,1758729609.0,0.0015
2025-09-24 17:00:00,1758733210.0,0.0015
2025-09-24 18:00:00,1758736811.0,0.0015
2025-09-24 19:00:00,1758740403.0,0.0015
2025-09-24 20:00:00,1758744009.0,0.0015
2025-09-24 21:00:00,1758747610.0,0.0015
2025-09-24 22:00:00,1758751210.0,0.0015
2025-09-24 23:00:00,1758754804.0,0.0015
2025-09-25 00:00:00,1758758404.0,0.0015
2025-09-25 01:00:00,1758762004.0,0.0015
2025-09-25 02:00:00,1758765604.0,0.0015
2025-09-25 03:00:00,1758769214.0,0.0035
2025-09-25 04:00:00,1758772807.0,0.0035
2025-09-25 05:00:00,1758776412.0,0.0035
2025-09-25 06:00:00,1758780006.0,0.0035
2025-09-25 07:00:00,1758783604.0,0.0035
2025-09-25 08:00:00,1758787213.0,0.0035
2025-09-25 09:00:00,1758790812.0,0.0035
2025-09-25 10:00:00,1758794414.0,0.0035
2025-09-25 11:00:00,1758798009.0,0.0035
2025-09-25 12:00:00,1758801609.0,0.0035
2025-09-25 13:00:00,1758805212.0,0.0035
2025-09-25 14:00:00,1758808814.0,0.0035
2025-09-25 15:00:00,1758812409.0,0.0035
2025-09-25 16:00:00,1758816004.0,0.0035
2025-09-25 17:00:00,1758819615.0,0.0035
2025-09-25 18:00:00,1758823212.0,0.0035
2025-09-25 19:00:00,1758826806.0,0.0035
2025-09-25 20:00:00,1758830404.0,0.0035
2025-09-25 21:00:00,1758834014.0,0.0035
2025-09-25 22:00:00,1758837603.0,0.003
2025-09-25 23:00:00,1758841209.0,0.0035
2025-09-26 00:00:00,1758844806.0,0.0035
2025-09-26 01:00:00,1758848406.0,0.0035
2025-09-26 02:00:00,1758852005.0,0.0035
2025-09-26 03:00:00,1758855609.0,0.0035
2025-09-26 04:00:00,1758859204.0,0.0035
2025-09-26 05:00:00,1758862803.0,0.0035
2025-09-26 06:00:00,1758866408.0,0.0035
2025-09-26 07:00:00,1758870014.0,0.0035
2025-09-26 08:00:00,1758873609.0,0.0035
2025-09-26 09:00:00,1758877218.0,0.0035
2025-09-26 10:00:00,1758880809.0,0.0035
2025-09-26 11:00:00,1758884414.0,0.0035
2025-09-26 12:00:00,1758888005.0,0.0035
2025-09-26 13:00:00,1758891609.0,0.0035
2025-09-26 14:00:00,1758895206.0,0.0035
2025-09-26 15:00:00,1758898807.0,0.0035
2025-09-26 16:00:00,1758902403.0,0.0035
2025-09-26 17:00:00,1758906018.0,0.0035
2025-09-26 18:00:00,1758909608.0,0.0035
2025-09-26 19:00:00,1758913214.0,0.0035
2025-09-26 20:00:00,1758916809.0,0.0035
2025-09-26 21:00:00,1758920410.0,0.0035
2025-09-26 22:00:00,1758924003.0,0.003
2025-09-26 23:00:00,1758927606.0,0.003
2025-09-27 00:00:00,1758931204.0,0.003
2025-09-27 01:00:00,1758934810.0,0.003
2025-09-27 02:00:00,1758938410.0,0.003
2025-09-27 03:00:00,1758942007.0,0.003
2025-09-27 04:00:00,1758945603.0,0.003
2025-09-27 05:00:00,1758949215.0,0.003
2025-09-27 06:00:00,1758952815.0,0.003
2025-09-27 07:00:00,1758956412.0,0.003
2025-09-27 08:00:00,1758960009.0,0.003
2025-09-27 09:00:00,1758963609.0,0.003
2025-09-27 10:00:00,1758967216.0,0.003
2025-09-27 11:00:00,1758970807.0,0.003
2025-09-27 12:00:00,1758974414.0,0.003
2025-09-27 13:00:00,1758978005.0,0.003
2025-09-27 14:00:00,1758981616.0,0.003
2025-09-27 15:00:00,1758985202.0,0.003
2025-09-27 16:00:00,1758988804.0,0.003
2025-09-27 17:00:00,1758992409.0,0.003
2025-09-27 18:00:00,1758996016.0,0.003
2025-09-27 19:00:00,1758999607.0,0.003
2025-09-27 20:00:00,1759003207.0,0.003
2025-09-27 21:00:00,1759006804.0,0.003
2025-09-27 22:00:00,1759010409.0,0.003
2025-09-27 23:00:00,1759014006.0,0.003
2025-09-28 00:00:00,1759017612.0,0.003
2025-09-28 01:00:00,1759021202.0,0.003
2025-09-28 02:00:00,1759024812.0,0.003
2025-09-28 03:00:00,1759028412.0,0.003
2025-09-28 04:00:00,1759032004.0,0.003
2025-09-28 05:00:00,1759035615.0,0.003
2025-09-28 06:00:00,1759039217.0,0.003
2025-09-28 07:00:00,1759042814.0,0.003
2025-09-28 08:00:00,1759046407.0,0.003
2025-09-28 09:00:00,1759050015.0,0.003
2025-09-28 10:00:00,1759053605.0,0.003
2025-09-28 11:00:00,1759057203.0,0.003
2025-09-28 12:00:00,1759060816.0,0.003
2025-09-28 13:00:00,1759064411.0,0.003
2025-09-28 14:00:00,1759068007.0,0.003
2025-09-28 15:00:00,1759071608.0,0.003
2025-09-28 16:00:00,1759075216.0,0.003
2025-09-28 17:00:00,1759078817.0,0.003
2025-09-28 18:00:00,1759082417.0,0.003
2025-09-28 19:00:00,1759086015.0,0.003
2025-09-28 20:00:00,1759089604.0,0.003
2025-09-28 21:00:00,1759093208.0,0.003
2025-09-28 22:00:00,1759096804.0,0.003
2025-09-28 23:00:00,1759100410.0,0.003
2025-09-29 00:00:00,1759104010.0,0.003
2025-09-29 01:00:00,1759107607.0,0.003
2025-09-29 02:00:00,1759111207.0,0.003
2025-09-29 03:00:00,1759114804.0,0.003
2025-09-29 04:00:00,1759118408.0,0.003
2025-09-29 05:00:00,1759122013.0,0.003
2025-09-29 06:00:00,1759125609.0,0.003
2025-09-29 07:00:00,1759129203.0,0.003
2025-09-29 08:00:00,1759132810.0,0.003
2025-09-29 09:00:00,1759136403.0,0.003
2025-09-29 10:00:00,1759140004.0,0.003
2025-09-29 11:00:00,1759143611.0,0.003
2025-09-29 12:00:00,1759147212.0,0.003
2025-09-29 13:00:00,1759150809.0,0.0075
2025-09-29 14:00:00,1759154410.0,0.0075
2025-09-29 15:00:00,1759158007.0,0.0075
2025-09-29 16:00:00,1759161610.0,0.007
2025-09-29 17:00:00,1759165210.0,0.0055
2025-09-29 18:00:00,1759168810.0,0.005
2025-09-29 19:00:00,1759172408.0,0.005
2025-09-29 20:00:00,1759176003.0,0.003
2025-09-29 21:00:00,1759179612.0,0.005
2025-09-29 22:00:00,1759183207.0,0.005
2025-09-29 23:00:00,1759186803.0,0.004
2025-09-30 00:00:00,1759190410.0,0.003
2025-09-30 01:00:00,1759194007.0,0.005
2025-09-30 02:00:00,1759197611.0,0.005
2025-09-30 03:00:00,1759201203.0,0.005
2025-09-30 04:00:00,1759204811.0,0.003
2025-09-30 05:00:00,1759208403.0,0.0055
2025-09-30 06:00:00,1759212012.0,0.005
2025-09-30 07:00:00,1759215615.0,0.0035
2025-09-30 08:00:00,1759219214.0,0.006
2025-09-30 09:00:00,1759222804.0,0.0055
2025-09-30 10:00:00,1759226402.0,0.006
2025-09-30 11:00:00,1759230002.0,0.005
2025-09-30 12:00:00,1759233616.0,0.005
2025-09-30 13:00:00,1759237212.0,0.006
2025-09-30 14:00:00,1759240807.0,0.0055
2025-09-30 15:00:00,1759244404.0,0.0055
2025-09-30 16:00:00,1759248011.0,0.0055
2025-09-30 17:00:00,1759251606.0,0.0055
2025-09-30 18:00:00,1759255214.0,0.0055
2025-09-30 19:00:00,1759258806.0,0.0055
2025-09-30 20:00:00,1759262412.0,0.0055
2025-09-30 21:00:00,1759266006.0,0.0055
2025-09-30 22:00:00,1759269609.0,0.0055
2025-09-30 23:00:00,1759273203.0,0.0055
2025-10-01 00:00:00,1759276808.0,0.0055
2025-10-01 01:00:00,1759280404.0,0.0055
2025-10-01 02:00:00,1759284002.0,0.0055
2025-10-01 03:00:00,1759287604.0,0.0055
2025-10-01 04:00:00,1759291202.0,0.0055
2025-10-01 05:00:00,1759294803.0,0.0055
2025-10-01 06:00:00,1759298411.0,0.0055
2025-10-01 07:00:00,1759302008.0,0.0055
2025-10-01 08:00:00,1759305605.0,0.0055
2025-10-01 09:00:00,1759309204.0,0.0055
2025-10-01 10:00:00,1759312804.0,0.0055
2025-10-01 11:00:00,1759316413.0,0.0055
2025-10-01 12:00:00,1759320012.0,0.0055
2025-10-01 13:00:00,1759323610.0,0.0055
2025-10-01 14:00:00,1759327202.0,0.0055
2025-10-01 15:00:00,1759330807.0,0.0055
2025-10-01 16:00:00,1759334407.0,0.0055
2025-10-01 17:00:00,1759338015.0,0.0055
2025-10-01 18:00:00,1759341611.0,0.0055
2025-10-01 19:00:00,1759345212.0,0.0055
2025-10-01 20:00:00,1759348813.0,0.0055
2025-10-01 21:00:00,1759352414.0,0.0055
2025-10-01 22:00:00,1759356002.0,0.0055
2025-10-01 23:00:00,1759359612.0,0.0055
2025-10-02 00:00:00,1759363207.0,0.0055
2025-10-02 01:00:00,1759366807.0,0.0055
2025-10-02 02:00:00,1759370409.0,0.0055
2025-10-02 03:00:00,1759374004.0,0.0055
2025-10-02 04:00:00,1759377607.0,0.0055
2025-10-02 05:00:00,1759381205.0,0.0055
2025-10-02 06:00:00,1759384808.0,0.0055
2025-10-02 07:00:00,1759388407.0,0.0055
2025-10-02 08:00:00,1759392009.0,0.0055
2025-10-02 09:00:00,1759395613.0,0.0055
2025-10-02 10:00:00,1759399205.0,0.0055
2025-10-02 11:00:00,1759402803.0,0.0055
2025-10-02 12:00:00,1759406408.0,0.0055
2025-10-02 13:00:00,1759410010.0,0.0055
2025-10-02 14:00:00,1759413605.0,0.0055
2025-10-02 15:00:00,1759417202.0,0.0055
2025-10-02 16:00:00,1759420814.0,0.0055
2025-10-02 17:00:00,1759424405.0,0.0055
2025-10-02 18:00:00,1759428011.0,0.0055
2025-10-02 19:00:00,1759431608.0,0.0055
2025-10-02 20:00:00,1759435212.0,0.0055
2025-10-02 21:00:00,1759438810.0,0.0055
2025-10-02 22:00:00,1759442407.0,0.0055
2025-10-02 23:00:00,1759446011.0,0.0055
2025-10-03 00:00:00,1759449611.0,0.0055
2025-10-03 01:00:00,1759453203.0,0.0055
2025-10-03 02:00:00,1759456812.0,0.0055
2025-10-03 03:00:00,1759460406.0,0.0055
2025-10-03 04:00:00,1759464002.0,0.0055
2025-10-03 05:00:00,1759467609.0,0.0055
2025-10-03 06:00:00,1759471209.0,0.0055
2025-10-03 07:00:00,1759474814.0,0.0055
2025-10-03 08:00:00,1759478402.0,0.0055
2025-10-03 09:00:00,1759482006.0,0.0055
2025-10-03 10:00:00,1759485606.0,0.0055
2025-10-03 11:00:00,1759489206.0,0.0055
2025-10-03 12:00:00,1759492804.0,0.0055
2025-10-03 13:00:00,1759496406.0,0.0055
2025-10-03 14:00:00,1759500007.0,0.0055
2025-10-03 15:00:00,1759503606.0,0.0055
2025-10-03 16:00:00,1759507207.0,0.0055
2025-10-03 17:00:00,1759510806.0,0.0055
2025-10-03 18:00:00,1759514403.0,0.0055
2025-10-03 19:00:00,1759518005.0,0.0055
2025-10-03 20:00:00,1759521606.0,0.005
2025-10-03 21:00:00,1759525202.0,0.0055
2025-10-03 22:00:00,1759528807.0,0.0055
2025-10-03 23:00:00,1759532408.0,0.0055
2025-10-04 00:00:00,1759536010.0,0.0055
2025-10-04 01:00:00,1759539602.0,0.0055
2025-10-04 02:00:00,1759543208.0,0.0055
2025-10-04 03:00:00,1759546809.0,0.0055
2025-10-04 04:00:00,1759550406.0,0.0055
2025-10-04 05:00:00,1759554007.0,0.0055
2025-10-04 06:00:00,1759557608.0,0.0055
2025-10-04 07:00:00,1759561217.0,0.0055
2025-10-04 08:00:00,1759564802.0,0.0055
2025-10-04 09:00:00,1759568410.0,0.0055
2025-10-04 10:00:00,1759572007.0,0.0055
2025-10-04 11:00:00,1759575606.0,0.0055
2025-10-04 12:00:00,1759579210.0,0.0055
2025-10-04 13:00:00,1759582807.0,0.0055
2025-10-04 14:00:00,1759586404.0,0.0055
2025-10-04 15:00:00,1759590009.0,0.0055
2025-10-04 16:00:00,1759593606.0,0.0055
2025-10-04 17:00:00,1759597207.0,0.0055
2025-10-04 18:00:00,1759600809.0,0.0055
2025-10-04 19:00:00,1759604407.0,0.0055
2025-10-04 20:00:00,1759608004.0,0.0055
2025-10-04 21:00:00,1759611602.0,0.0055
2025-10-04 22:00:00,1759615206.0,0.0055
2025-10-04 23:00:00,1759618805.0,0.0055
2025-10-05 00:00:00,1759622409.0,0.0055
2025-10-05 01:00:00,1759626004.0,0.005
2025-10-05 02:00:00,1759629602.0,0.005
2025-10-05 03:00:00,1759633203.0,0.005
2025-10-05 04:00:00,1759636806.0,0.005
2025-10-05 05:00:00,1759640405.0,0.005
2025-10-05 06:00:00,1759644009.0,0.005
2025-10-05 07:00:00,1759647602.0,0.005
2025-10-05 08:00:00,1759651207.0,0.005
2025-10-05 09:00:00,1759654806.0,0.005
2025-10-05 10:00:00,1759658409.0,0.005
2025-10-05 11:00:00,1759662005.0,0.005
2025-10-05 12:00:00,1759665606.0,0.005
2025-10-05 13:00:00,1759669204.0,0.005
2025-10-05 14:00:00,1759672806.0,0.005
2025-10-05 15:00:00,1759676405.0,0.006
2025-10-05 16:00:00,1759680004.0,0.006
2025-10-05 17:00:00,1759683605.0,0.007
2025-10-05 18:00:00,1759687219.0,0.0065
2025-10-05 19:00:00,1759690804.0,0.007
2025-10-05 20:00:00,1759694408.0,0.007
2025-10-05 21:00:00,1759698003.0,0.007
2025-10-05 22:00:00,1759701604.0,0.007
2025-10-05 23:00:00,1759705202.0,0.007
2025-10-06 00:00:00,1759708803.0,0.0065
2025-10-06 01:00:00,1759712405.0,0.0065
2025-10-06 02:00:00,1759716006.0,0.0065
2025-10-06 03:00:00,1759719606.0,0.0065
2025-10-06 04:00:00,1759723205.0,0.0065
2025-10-06 05:00:00,1759726803.0,0.0065
2025-10-06 06:00:00,1759730406.0,0.0065
2025-10-06 07:00:00,1759734006.0,0.0065
2025-10-06 08:00:00,1759737604.0,0.0065
2025-10-06 09:00:00,1759741207.0,0.0065
2025-10-06 10:00:00,1759744803.0,0.0065
2025-10-06 11:00:00,1759748407.0,0.0065
2025-10-06 12:00:00,1759752002.0,0.006
2025-10-06 13:00:00,1759755605.0,0.006
2025-10-06 14:00:00,1759759203.0,0.006
2025-10-06 15:00:00,1759762805.0,0.006
2025-10-06 16:00:00,1759766403.0,0.0055
2025-10-06 17:00:00,1759770005.0,0.006
2025-10-06 18:00:00,1759773604.0,0.0055
2025-10-06 19:00:00,1759777208.0,0.0055
2025-10-06 20:00:00,1759780814.0,0.006
2025-10-06 21:00:00,1759784412.0,0.0055
2025-10-06 22:00:00,1759788002.0,0.0055
2025-10-06 23:00:00,1759791609.0,0.0065
2025-10-07 00:00:00,1759795205.0,0.0055
2025-10-07 01:00:00,1759798808.0,0.0055
2025-10-07 02:00:00,1759802409.0,0.0055
2025-10-07 03:00:00,1759806006.0,0.006
2025-10-07 04:00:00,1759809611.0,0.006
2025-10-07 05:00:00,1759813212.0,0.006
2025-10-07 06:00:00,1759816815.0,0.006
2025-10-07 07:00:00,1759820410.0,0.006
2025-10-07 08:00:00,1759824007.0,0.006
2025-10-07 09:00:00,1759827602.0,0.006
2025-10-07 10:00:00,1759831213.0,0.006
2025-10-07 11:00:00,1759834810.0,0.006
2025-10-07 12:00:00,1759838408.0,0.006
2025-10-07 13:00:00,1759842005.0,0.006
2025-10-07 14:00:00,1759845613.0,0.006
2025-10-07 15:00:00,1759849202.0,0.006
2025-10-07 16:00:00,1759852806.0,0.006
2025-10-07 17:00:00,1759856405.0,0.006
2025-10-07 18:00:00,1759860018.0,0.006
2025-10-07 19:00:00,1759863603.0,0.006
2025-10-07 20:00:00,1759867206.0,0.006
2025-10-07 21:00:00,1759870807.0,0.006
2025-10-07 22:00:00,1759874407.0,0.0055
2025-10-07 23:00:00,1759878014.0,0.0055
2025-10-08 00:00:00,1759881613.0,0.0055
2025-10-08 01:00:00,1759885203.0,0.0055
2025-10-08 02:00:00,1759888803.0,0.0055
2025-10-08 03:00:00,1759892407.0,0.0055
2025-10-08 04:00:00,1759896006.0,0.0055
2025-10-08 05:00:00,1759899605.0,0.0055
2025-10-08 06:00:00,1759903216.0,0.0055
2025-10-08 07:00:00,1759906804.0,0.0055
2025-10-08 08:00:00,1759910407.0,0.0055
2025-10-08 09:00:00,1759914004.0,0.0055
2025-10-08 10:00:00,1759917607.0,0.0055
2025-10-08 11:00:00,1759921210.0,0.0055
2025-10-08 12:00:00,1759924815.0,0.0055
2025-10-08 13:00:00,1759928406.0,0.0055
2025-10-08 14:00:00,1759932012.0,0.0055
2025-10-08 15:00:00,1759935604.0,0.0055
2025-10-08 16:00:00,1759939212.0,0.0055
2025-10-08 17:00:00,1759942804.0,0.0055
2025-10-08 18:00:00,1759946417.0,0.0055
2025-10-08 19:00:00,1759950008.0,0.0055
2025-10-08 20:00:00,1759953612.0,0.0055
2025-10-08 21:00:00,1759957218.0,0.0055
2025-10-08 22:00:00,1759960807.0,0.0055
2025-10-08 23:00:00,1759964413.0,0.0055
2025-10-09 00:00:00,1759968007.0,0.0055
2025-10-09 01:00:00,1759971610.0,0.0055
2025-10-09 02:00:00,1759975210.0,0.0055
2025-10-09 03:00:00,1759978815.0,0.0055
2025-10-09 04:00:00,1759982412.0,0.0055
2025-10-09 05:00:00,1759986013.0,0.0055
2025-10-09 06:00:00,1759989614.0,0.0055
2025-10-09 07:00:00,1759993203.0,0.0055
2025-10-09 08:00:00,1759996814.0,0.0055
2025-10-09 09:00:00,1760000413.0,0.0055
2025-10-09 10:00:00,1760004005.0,0.0055
2025-10-09 11:00:00,1760007607.0,0.0055
2025-10-09 12:00:00,1760011208.0,0.0055
2025-10-09 13:00:00,1760014807.0,0.0055
2025-10-09 14:00:00,1760018412.0,0.0055
2025-10-09 15:00:00,1760022003.0,0.0045
2025-10-09 16:00:00,1760025619.0,0.0045
2025-10-09 17:00:00,1760029218.0,0.0045
2025-10-09 18:00:00,1760032809.0,0.0045
2025-10-09 19:00:00,1760036411.0,0.0045
2025-10-09 20:00:00,1760040010.0,0.0045
2025-10-09 21:00:00,1760043622.0,0.011
2025-10-09 22:00:00,1760047209.0,0.0115
2025-10-09 23:00:00,1760050809.0,0.0115
2025-10-10 00:00:00,1760054410.0,0.0105
2025-10-10 01:00:00,1760058005.0,0.0105
2025-10-10 02:00:00,1760061615.0,0.0105
2025-10-10 03:00:00,1760065214.0,0.0105
2025-10-10 04:00:00,1760068819.0,0.011
2025-10-10 05:00:00,1760072416.0,0.011
2025-10-10 06:00:00,1760076021.0,0.0105
2025-10-10 07:00:00,1760079608.0,0.011
2025-10-10 08:00:00,1760083210.0,0.011
2025-10-10 09:00:00,1760086817.0,0.011
2025-10-10 10:00:00,1760090415.0,0.011
2025-10-10 11:00:00,1760094007.0,0.0105
2025-10-10 12:00:00,1760097621.0,0.083
2025-10-10 13:00:00,1760101208.0,0.08
2025-10-10 14:00:00,1760104803.0,0.073
2025-10-10 15:00:00,1760108420.0,0.073
2025-10-10 16:00:00,1760112010.0,0.064
2025-10-10 17:00:00,1760115616.0,0.0415
2025-10-10 18:00:00,1760119204.0,0.041
2025-10-10 19:00:00,1760122817.0,0.0415
2025-10-10 20:00:00,1760126407.0,0.042
2025-10-10 21:00:00,1760130012.0,0.042
2025-10-10 22:00:00,1760133603.0,0.042
2025-10-10 23:00:00,1760137217.0,0.041
2025-10-11 00:00:00,1760140814.0,0.0205
2025-10-11 01:00:00,1760144403.0,0.022
2025-10-11 02:00:00,1760148009.0,0.0275
2025-10-11 03:00:00,1760151618.0,0.042
2025-10-11 04:00:00,1760155205.0,0.042
2025-10-11 05:00:00,1760158818.0,0.041
2025-10-11 06:00:00,1760162416.0,0.0445
2025-10-11 07:00:00,1760166013.0,0.044
2025-10-11 08:00:00,1760169607.0,0.044
2025-10-11 09:00:00,1760173219.0,0.0425
2025-10-11 10:00:00,1760176812.0,0.0415
2025-10-11 11:00:00,1760180413.0,0.0435
2025-10-11 12:00:00,1760184017.0,0.0415
2025-10-11 13:00:00,1760187610.0,0.04
2025-10-11 14:00:00,1760191217.0,0.0435
2025-10-11 15:00:00,1760194812.0,0.043
2025-10-11 16:00:00,1760198407.0,0.044
2025-10-11 17:00:00,1760202015.0,0.044
2025-10-11 18:00:00,1760205611.0,0.043
2025-10-11 19:00:00,1760209220.0,0.0405
2025-10-11 20:00:00,1760212818.0,0.0415
2025-10-11 21:00:00,1760216408.0,0.0405
2025-10-11 22:00:00,1760220012.0,0.044
2025-10-11 23:00:00,1760223613.0,0.0475
2025-10-12 00:00:00,1760227214.0,0.042
2025-10-12 01:00:00,1760230815.0,0.0435
2025-10-12 02:00:00,1760234404.0,0.044
2025-10-12 03:00:00,1760238023.0,0.0265
2025-10-12 04:00:00,1760241608.0,0.0245
2025-10-12 05:00:00,1760245210.0,0.0345
2025-10-12 06:00:00,1760248814.0,0.0355
2025-10-12 07:00:00,1760252414.0,0.037
2025-10-12 08:00:00,1760256008.0,0.036
2025-10-12 09:00:00,1760259608.0,0.034
2025-10-12 10:00:00,1760263219.0,0.0335
2025-10-12 11:00:00,1760266816.0,0.0355
2025-10-12 12:00:00,1760270402.0,0.035
2025-10-12 13:00:00,1760274003.0,0.033
2025-10-12 14:00:00,1760277610.0,0.0315
2025-10-12 15:00:00,1760281209.0,0.036
2025-10-12 16:00:00,1760284809.0,0.0375
2025-10-12 17:00:00,1760288404.0,0.036
2025-10-12 18:00:00,1760292020.0,0.037
2025-10-12 19:00:00,1760295611.0,0.045
2025-10-12 20:00:00,1760299212.0,0.0415
2025-10-12 21:00:00,1760302804.0,0.037
2025-10-12 22:00:00,1760306412.0,0.0285
2025-10-12 23:00:00,1760310007.0,0.0285
2025-10-13 00:00:00,1760313615.0,0.0255
2025-10-13 01:00:00,1760317212.0,0.022
2025-10-13 02:00:00,1760320808.0,0.0185
2025-10-13 03:00:00,1760324403.0,0.0245
2025-10-13 04:00:00,1760328007.0,0.0305
2025-10-13 05:00:00,1760331614.0,0.029
2025-10-13 06:00:00,1760335207.0,0.029
2025-10-13 07:00:00,1760338813.0,0.028
2025-10-13 08:00:00,1760342411.0,0.029
2025-10-13 09:00:00,1760346017.0,0.03
2025-10-13 10:00:00,1760349609.0,0.027
2025-10-13 11:00:00,1760353204.0,0.029
2025-10-13 12:00:00,1760356818.0,0.026
2025-10-13 13:00:00,1760360413.0,0.0265
2025-10-13 14:00:00,1760364005.0,0.0275
2025-10-13 15:00:00,1760367616.0,0.03
2025-10-13 16:00:00,1760371212.0,0.0385
2025-10-13 17:00:00,1760374806.0,0.038
2025-10-13 18:00:00,1760378416.0,0.038
2025-10-13 19:00:00,1760382005.0,0.0385
2025-10-13 20:00:00,1760385604.0,0.0415
2025-10-13 21:00:00,1760389220.0,0.0465
2025-10-13 22:00:00,1760392813.0,0.047
2025-10-13 23:00:00,1760396405.0,0.047
2025-10-14 00:00:00,1760400017.0,0.047
2025-10-14 01:00:00,1760403606.0,0.047
2025-10-14 02:00:00,1760407207.0,0.047
2025-10-14 03:00:00,1760410819.0,0.047
2025-10-14 04:00:00,1760414411.0,0.047
2025-10-14 05:00:00,1760418011.0,0.047
2025-10-14 06:00:00,1760421612.0,0.047
2025-10-14 07:00:00,1760425208.0,0.047
2025-10-14 08:00:00,1760428808.0,0.047
2025-10-14 09:00:00,1760432422.0,0.047
2025-10-14 10:00:00,1760436014.0,0.047
2025-10-14 11:00:00,1760439616.0,0.047
2025-10-14 12:00:00,1760443207.0,0.047
2025-10-14 13:00:00,1760446816.0,0.042
2025-10-14 14:00:00,1760450414.0,0.0435
2025-10-14 15:00:00,1760454004.0,0.0425
2025-10-14 16:00:00,1760457614.0,0.048
2025-10-14 17:00:00,1760461205.0,0.047
2025-10-14 18:00:00,1760464817.0,0.0405
2025-10-14 19:00:00,1760468413.0,0.0425
2025-10-14 20:00:00,1760472005.0,0.048
2025-10-14 21:00:00,1760475611.0,0.043
2025-10-14 22:00:00,1760479216.0,0.042
2025-10-14 23:00:00,1760482813.0,0.043
2025-10-15 00:00:00,1760486409.0,0.042
2025-10-15 01:00:00,1760490009.0,0.044
2025-10-15 02:00:00,1760493608.0,0.0425
2025-10-15 03:00:00,1760497210.0,0.0455
2025-10-15 04:00:00,1760500812.0,0.043
2025-10-15 05:00:00,1760504411.0,0.039
2025-10-15 06:00:00,1760508017.0,0.039
2025-10-15 07:00:00,1760511611.0,0.038
2025-10-15 08:00:00,1760515217.0,0.0375
2025-10-15 09:00:00,1760518806.0,0.038
2025-10-15 10:00:00,1760522417.0,0.0375
2025-10-15 11:00:00,1760526011.0,0.037
2025-10-15 12:00:00,1760529618.0,0.038
2025-10-15 13:00:00,1760533206.0,0.048
2025-10-15 14:00:00,1760536809.0,0.048
2025-10-15 15:00:00,1760540403.0,0.048
2025-10-15 16:00:00,1760544010.0,0.048
2025-10-15 17:00:00,1760547612.0,0.0485
2025-10-15 18:00:00,1760551205.0,0.048
2025-10-15 19:00:00,1760554804.0,0.0485
2025-10-15 20:00:00,1760558408.0,0.048
2025-10-15 21:00:00,1760562014.0,0.048
2025-10-15 22:00:00,1760565612.0,0.048
2025-10-15 23:00:00,1760569210.0,0.047
2025-10-16 00:00:00,1760572820.0,0.047
2025-10-16 01:00:00,1760576407.0,0.047
2025-10-16 02:00:00,1760580015.0,0.047
2025-10-16 03:00:00,1760583605.0,0.047
2025-10-16 04:00:00,1760587210.0,0.047
2025-10-16 05:00:00,1760590810.0,0.047
2025-10-16 06:00:00,1760594424.0,0.047
2025-10-16 07:00:00,1760598013.0,0.047
2025-10-16 08:00:00,1760601608.0,0.047
2025-10-16 09:00:00,1760605222.0,0.047
2025-10-16 10:00:00,1760608812.0,0.047
2025-10-16 11:00:00,1760612406.0,0.047
2025-10-16 12:00:00,1760616020.0,0.047
2025-10-16 13:00:00,1760619607.0,0.047
2025-10-16 14:00:00,1760623214.0,0.047
2025-10-16 15:00:00,1760626817.0,0.047
2025-10-16 16:00:00,1760630405.0,0.047
2025-10-16 17:00:00,1760634003.0,0.047
2025-10-16 18:00:00,1760637613.0,0.047
2025-10-16 19:00:00,1760641213.0,0.046
2025-10-16 20:00:00,1760644815.0,0.0435
2025-10-16 21:00:00,1760648415.0,0.0435
2025-10-16 22:00:00,1760652017.0,0.0435
2025-10-16 23:00:00,1760655614.0,0.0435
2025-10-17 00:00:00,1760659205.0,0.043
2025-10-17 01:00:00,1760662809.0,0.043
2025-10-17 02:00:00,1760666410.0,0.043
2025-10-17 03:00:00,1760670010.0,0.042
2025-10-17 04:00:00,1760673610.0,0.042
2025-10-17 05:00:00,1760677216.0,0.042
2025-10-17 06:00:00,1760680814.0,0.042
2025-10-17 07:00:00,1760684417.0,0.042
2025-10-17 08:00:00,1760688004.0,0.042
2025-10-17 09:00:00,1760691621.0,0.042
2025-10-17 10:00:00,1760695212.0,0.042
2025-10-17 11:00:00,1760698820.0,0.042
2025-10-17 12:00:00,1760702424.0,0.042
2025-10-17 13:00:00,1760706012.0,0.042
2025-10-17 14:00:00,1760709611.0,0.042
2025-10-17 15:00:00,1760713228.0,0.042
2025-10-17 16:00:00,1760716816.0,0.042
2025-10-17 17:00:00,1760720407.0,0.042
2025-10-17 18:00:00,1760724018.0,0.042
2025-10-17 19:00:00,1760727615.0,0.042
2025-10-17 20:00:00,1760731208.0,0.042
2025-10-17 21:00:00,1760734829.0,0.042
2025-10-17 22:00:00,1760738407.0,0.042
2025-10-17 23:00:00,1760742007.0,0.042
2025-10-18 00:00:00,1760745608.0,0.042
2025-10-18 01:00:00,1760749207.0,0.042
2025-10-18 02:00:00,1760752805.0,0.042
2025-10-18 03:00:00,1760756428.0,0.042
2025-10-18 04:00:00,1760760013.0,0.042
2025-10-18 05:00:00,1760763621.0,0.042
2025-10-18 06:00:00,1760767226.0,0.042
2025-10-18 07:00:00,1760770819.0,0.042
2025-10-18 08:00:00,1760774409.0,0.042
2025-10-18 09:00:00,1760778024.0,0.042
2025-10-18 10:00:00,1760781608.0,0.042
2025-10-18 11:00:00,1760785203.0,0.042
2025-10-18 12:00:00,1760788822.0,0.042
2025-10-18 13:00:00,1760792407.0,0.042
2025-10-18 14:00:00,1760796004.0,0.042
2025-10-18 15:00:00,1760799612.0,0.042
2025-10-18 16:00:00,1760803215.0,0.042
2025-10-18 17:00:00,1760806805.0,0.042
2025-10-18 18:00:00,1760810420.0,0.042
2025-10-18 19:00:00,1760814013.0,0.042
2025-10-18 20:00:00,1760817618.0,0.042
2025-10-18 21:00:00,1760821209.0,0.042
2025-10-18 22:00:00,1760824818.0,0.042
2025-10-18 23:00:00,1760828418.0,0.042
2025-10-19 00:00:00,1760832010.0,0.042
2025-10-19 01:00:00,1760835612.0,0.042
2025-10-19 02:00:00,1760839208.0,0.042
2025-10-19 03:00:00,1760842819.0,0.042
2025-10-19 04:00:00,1760846414.0,0.042
2025-10-19 05:00:00,1760850012.0,0.042
2025-10-19 06:00:00,1760853624.0,0.042
2025-10-19 07:00:00,1760857204.0,0.0455
2025-10-19 08:00:00,1760860806.0,0.02
2025-10-19 09:00:00,1760864414.0,0.02
2025-10-19 10:00:00,1760868019.0,0.0205
2025-10-19 11:00:00,1760871617.0,0.02
2025-10-19 12:00:00,1760875209.0,0.018
2025-10-19 13:00:00,1760878810.0,0.017
2025-10-19 14:00:00,1760882418.0,0.017
2025-10-19 15:00:00,1760886022.0,0.017
2025-10-19 16:00:00,1760889616.0,0.0205
2025-10-19 17:00:00,1760893219.0,0.02
2025-10-19 18:00:00,1760896815.0,0.02
2025-10-19 19:00:00,1760900419.0,0.0205
2025-10-19 20:00:00,1760904014.0,0.02
2025-10-19 21:00:00,1760907622.0,0.0205
2025-10-19 22:00:00,1760911216.0,0.0205
2025-10-19 23:00:00,1760914810.0,0.014
2025-10-20 00:00:00,1760918415.0,0.014
2025-10-20 01:00:00,1760922007.0,0.014
2025-10-20 02:00:00,1760925612.0,0.014
2025-10-20 03:00:00,1760929226.0,0.014
2025-10-20 04:00:00,1760932812.0,0.014
2025-10-20 05:00:00,1760936406.0,0.014
2025-10-20 06:00:00,1760940013.0,0.014
2025-10-20 07:00:00,1760943603.0,0.014
2025-10-20 08:00:00,1760947207.0,0.014
2025-10-20 09:00:00,1760950812.0,0.014
2025-10-20 10:00:00,1760954410.0,0.014
2025-10-20 11:00:00,1760958014.0,0.014
2025-10-20 12:00:00,1760961625.0,0.014
2025-10-20 13:00:00,1760965220.0,0.014
2025-10-20 14:00:00,1760968803.0,0.014
2025-10-20 15:00:00,1760972403.0,0.0145
2025-10-20 16:00:00,1760976008.0,0.0145
2025-10-20 17:00:00,1760979615.0,0.0145
2025-10-20 18:00:00,1760983217.0,0.0145
2025-10-20 19:00:00,1760986808.0,0.0145
2025-10-20 20:00:00,1760990414.0,0.014
2025-10-20 21:00:00,1760994020.0,0.0145
2025-10-20 22:00:00,1760997613.0,0.014
2025-10-20 23:00:00,1761001214.0,0.0145
2025-10-21 00:00:00,1761004805.0,0.0145
2025-10-21 01:00:00,1761008412.0,0.014
2025-10-21 02:00:00,1761012006.0,0.014
2025-10-21 03:00:00,1761015612.0,0.0145
2025-10-21 04:00:00,1761019209.0,0.014
2025-10-21 05:00:00,1761022804.0,0.014
2025-10-21 06:00:00,1761026427.0,0.014
2025-10-21 07:00:00,1761030006.0,0.014
2025-10-21 08:00:00,1761033616.0,0.014
2025-10-21 09:00:00,1761037208.0,0.0145
2025-10-21 10:00:00,1761040808.0,0.014
2025-10-21 11:00:00,1761044416.0,0.014
2025-10-21 12:00:00,1761048012.0,0.014
2025-10-21 13:00:00,1761051605.0,0.014
2025-10-21 14:00:00,1761055212.0,0.014
2025-10-21 15:00:00,1761058806.0,0.014
2025-10-21 16:00:00,1761062414.0,0.0145
2025-10-21 17:00:00,1761066013.0,0.0145
2025-10-21 18:00:00,1761069612.0,0.0145
2025-10-21 19:00:00,1761073218.0,0.0145
2025-10-21 20:00:00,1761076818.0,0.0145
2025-10-21 21:00:00,1761080423.0,0.0145
2025-10-21 22:00:00,1761084004.0,0.0145
2025-10-21 23:00:00,1761087603.0,0.0145
2025-10-22 00:00:00,1761091203.0,0.0145
2025-10-22 01:00:00,1761094804.0,0.0145
2025-10-22 02:00:00,1761098403.0,0.0145
2025-10-22 03:00:00,1761102003.0,0.0145
2025-10-22 04:00:00,1761105603.0,0.0145
2025-10-22 05:00:00,1761109203.0,0.0145
2025-10-22 06:00:00,1761112803.0,0.0145
2025-10-22 07:00:00,1761116403.0,0.0145
2025-10-22 08:00:00,1761120003.0,0.0145
2025-10-22 09:00:00,1761123603.0,0.0145
2025-10-22 10:00:00,1761127203.0,0.0145
2025-10-22 11:00:00,1761130803.0,0.0145
2025-10-22 12:00:00,1761134404.0,0.0145
2025-10-22 13:00:00,1761138004.0,0.0145
2025-10-22 14:00:00,1761141604.0,0.0145
2025-10-22 15:00:00,1761145204.0,0.0145
2025-10-22 16:00:00,1761148804.0,0.0145
2025-10-22 17:00:00,1761152404.0,0.0145
2025-10-22 18:00:00,1761156004.0,0.0145
2025-10-22 19:00:00,1761159604.0,0.0145
2025-10-22 20:00:00,1761163204.0,0.0145
2025-10-22 21:00:00,1761166803.0,0.0145
2025-10-22 22:00:00,1761170404.0,0.0145
2025-10-22 23:00:00,1761174003.0,0.0145
2025-10-23 00:00:00,1761177605.0,0.014
2025-10-23 01:00:00,1761181204.0,0.014
2025-10-23 02:00:00,1761184804.0,0.014
2025-10-23 03:00:00,1761188404.0,0.0145
2025-10-23 04:00:00,1761192004.0,0.0145
2025-10-23 05:00:00,1761195603.0,0.0145
2025-10-23 06:00:00,1761199205.0,0.0145
2025-10-23 07:00:00,1761202803.0,0.0145
2025-10-23 08:00:00,1761206403.0,0.0145
2025-10-23 09:00:00,1761210004.0,0.0145
2025-10-23 10:00:00,1761213604.0,0.0145
2025-10-23 11:00:00,1761217204.0,0.0145
2025-10-23 12:00:00,1761220804.0,0.0145
2025-10-23 13:00:00,1761224404.0,0.0145
2025-10-23 14:00:00,1761228033.0,0.0145
2025-10-23 15:00:00,1761231603.0,0.0145
2025-10-23 16:00:00,1761235204.0,0.0145
2025-10-23 17:00:00,1761238804.0,0.0145
2025-10-23 18:00:00,1761242404.0,0.0145
2025-10-23 19:00:00,1761246004.0,0.0145
2025-10-23 20:00:00,1761249604.0,0.0145
2025-10-23 21:00:00,1761253204.0,0.0145
2025-10-23 22:00:00,1761256804.0,0.0145
2025-10-23 23:00:00,1761260404.0,0.0145
2025-10-24 00:00:00,1761264004.0,0.0145
2025-10-24 01:00:00,1761267604.0,0.014
2025-10-24 02:00:00,1761271204.0,0.0145
2025-10-24 03:00:00,1761274804.0,0.0145
2025-10-24 04:00:00,1761278404.0,0.0145
2025-10-24 05:00:00,1761282004.0,0.014
2025-10-24 06:00:00,1761285604.0,0.0145
2025-10-24 07:00:00,1761289204.0,0.0145
2025-10-24 08:00:00,1761292804.0,0.0145
2025-10-24 09:00:00,1761296404.0,0.0145
2025-10-24 10:00:00,1761300004.0,0.0145
2025-10-24 11:00:00,1761303604.0,0.0145
2025-10-24 12:00:00,1761307204.0,0.014
2025-10-24 13:00:00,1761310804.0,0.0145
2025-10-24 14:00:00,1761314405.0,0.0145
2025-10-24 15:00:00,1761318004.0,0.0145
2025-10-24 16:00:00,1761321604.0,0.014
2025-10-24 17:00:00,1761325204.0,0.0145
2025-10-24 18:00:00,1761328804.0,0.0145
2025-10-24 19:00:00,1761332404.0,0.0145
2025-10-24 20:00:00,1761336004.0,0.0145
2025-10-24 21:00:00,1761339605.0,0.0145
2025-10-24 22:00:00,1761343204.0,0.0145
2025-10-24 23:00:00,1761346804.0,0.0145
2025-10-25 00:00:00,1761350405.0,0.0145
2025-10-25 01:00:00,1761354004.0,0.0145
2025-10-25 02:00:00,1761357604.0,0.0145
2025-10-25 03:00:00,1761361204.0,0.0145
2025-10-25 04:00:00,1761364804.0,0.0145
2025-10-25 05:00:00,1761368404.0,0.0145
2025-10-25 06:00:00,1761372004.0,0.0145
2025-10-25 07:00:00,1761375604.0,0.0145
2025-10-25 08:00:00,1761379204.0,0.0145
2025-10-25 09:00:00,1761382804.0,0.0145
2025-10-25 10:00:00,1761386404.0,0.0145
2025-10-25 11:00:00,1761390004.0,0.014
2025-10-25 12:00:00,1761393604.0,0.014
2025-10-25 13:00:00,1761397204.0,0.0145
2025-10-25 14:00:00,1761400804.0,0.0145
2025-10-25 15:00:00,1761404404.0,0.0145
2025-10-25 16:00:00,1761408004.0,0.0145
2025-10-25 17:00:00,1761411604.0,0.0145
2025-10-25 18:00:00,1761415205.0,0.014
2025-10-25 19:00:00,1761418804.0,0.014
2025-10-25 20:00:00,1761422404.0,0.014
2025-10-25 21:00:00,1761426005.0,0.014
2025-10-25 22:00:00,1761429604.0,0.014
2025-10-25 23:00:00,1761433205.0,0.014
2025-10-26 00:00:00,1761436804.0,0.014
2025-10-26 01:00:00,1761440403.0,0.0145
2025-10-26 02:00:00,1761444004.0,0.0145
2025-10-26 03:00:00,1761447603.0,0.0145
2025-10-26 04:00:00,1761451203.0,0.0145
2025-10-26 05:00:00,1761454803.0,0.0145
2025-10-26 06:00:00,1761458403.0,0.0145
2025-10-26 07:00:00,1761462003.0,0.0145
2025-10-26 08:00:00,1761465604.0,0.0145
2025-10-26 09:00:00,1761469203.0,0.0145
2025-10-26 10:00:00,1761472804.0,0.0145
2025-10-26 11:00:00,1761476404.0,0.0145
2025-10-26 12:00:00,1761480004.0,0.0145
2025-10-26 13:00:00,1761483604.0,0.0145
2025-10-26 14:00:00,1761487204.0,0.0145
2025-10-26 15:00:00,1761490804.0,0.0145
2025-10-26 16:00:00,1761494404.0,0.0145
2025-10-26 17:00:00,1761498004.0,0.0145
2025-10-26 18:00:00,1761501604.0,0.0145
2025-10-26 19:00:00,1761505204.0,0.0145
2025-10-26 20:00:00,1761508803.0,0.0145
2025-10-26 21:00:00,1761512404.0,0.014
2025-10-26 22:00:00,1761516004.0,0.0145
2025-10-26 23:00:00,1761519603.0,0.0145
2025-10-27 00:00:00,1761523204.0,0.0145
2025-10-27 01:00:00,1761526804.0,0.0145
2025-10-27 02:00:00,1761530404.0,0.0145
2025-10-27 03:00:00,1761534004.0,0.0145
2025-10-27 04:00:00,1761537604.0,0.0145
2025-10-27 05:00:00,1761541204.0,0.014
2025-10-27 06:00:00,1761544803.0,0.0145
2025-10-27 07:00:00,1761548404.0,0.02
2025-10-27 08:00:00,1761552003.0,0.0205
2025-10-27 09:00:00,1761555604.0,0.022
2025-10-27 10:00:00,1761559203.0,0.022
2025-10-27 11:00:00,1761562803.0,0.022
2025-10-27 12:00:00,1761566404.0,0.04
2025-10-27 13:00:00,1761570004.0,0.0295
2025-10-27 14:00:00,1761573604.0,0.0305
2025-10-27 15:00:00,1761577204.0,0.031
2025-10-27 16:00:00,1761580804.0,0.037
2025-10-27 17:00:00,1761584403.0,0.037
2025-10-27 18:00:00,1761588003.0,0.038
2025-10-27 19:00:00,1761591604.0,0.039
2025-10-27 20:00:00,1761595204.0,0.04
2025-10-27 21:00:00,1761598804.0,0.04
2025-10-27 22:00:00,1761602404.0,0.04
2025-10-27 23:00:00,1761606004.0,0.04
2025-10-28 00:00:00,1761609604.0,0.04
2025-10-28 01:00:00,1761613204.0,0.04
2025-10-28 02:00:00,1761616804.0,0.04
2025-10-28 03:00:00,1761620405.0,0.04
2025-10-28 04:00:00,1761624005.0,0.04
2025-10-28 05:00:00,1761627604.0,0.04
2025-10-28 06:00:00,1761631204.0,0.04
2025-10-28 07:00:00,1761634804.0,0.04
2025-10-28 08:00:00,1761638404.0,0.04
2025-10-28 09:00:00,1761642004.0,0.04
2025-10-28 10:00:00,1761645604.0,0.034
2025-10-28 11:00:00,1761649205.0,0.0345
2025-10-28 12:00:00,1761652805.0,0.0375
2025-10-28 13:00:00,1761656404.0,0.0385
2025-10-28 14:00:00,1761660004.0,0.0375
2025-10-28 15:00:00,1761663604.0,0.038
2025-10-28 16:00:00,1761667204.0,0.0355
2025-10-28 17:00:00,1761670804.0,0.038
2025-10-28 18:00:00,1761674404.0,0.035
2025-10-28 19:00:00,1761678004.0,0.033
2025-10-28 20:00:00,1761681605.0,0.0385
2025-10-28 21:00:00,1761685204.0,0.0385
2025-10-28 22:00:00,1761688804.0,0.0385
2025-10-28 23:00:00,1761692404.0,0.0385
2025-10-29 00:00:00,1761696004.0,0.0385
2025-10-29 01:00:00,1761699605.0,0.034
2025-10-29 02:00:00,1761703204.0,0.0345
2025-10-29 03:00:00,1761706804.0,0.034
2025-10-29 04:00:00,1761710404.0,0.034
2025-10-29 05:00:00,1761714004.0,0.0345
2025-10-29 06:00:00,1761717604.0,0.0345
2025-10-29 07:00:00,1761721204.0,0.034
2025-10-29 08:00:00,1761724805.0,0.034
2025-10-29 09:00:00,1761728404.0,0.0345
2025-10-29 11:00:00,1761735871.0,0.034
2025-10-29 12:00:00,1761741827.0,0.033
2025-10-29 13:00:00,1761743309.0,0.0335
2025-10-29 14:00:00,1761746404.0,0.033
2025-10-29 15:00:00,1761750004.0,0.033
2025-10-29 16:00:00,1761753604.0,0.0305
2025-10-29 17:00:00,1761757204.0,0.0315
2025-10-29 18:00:00,1761760805.0,0.0315
2025-10-29 19:00:00,1761764404.0,0.03
2025-10-29 20:00:00,1761768004.0,0.0195
2025-10-29 21:00:00,1761771604.0,0.019
2025-10-29 22:00:00,1761775204.0,0.019
2025-10-29 23:00:00,1761778804.0,0.019
2025-10-30 00:00:00,1761782404.0,0.019
2025-10-30 01:00:00,1761786004.0,0.019
2025-10-30 02:00:00,1761789604.0,0.019
2025-10-30 03:00:00,1761793204.0,0.0415
2025-10-30 04:00:00,1761796804.0,0.037
2025-10-30 05:00:00,1761800404.0,0.03
2025-10-30 06:00:00,1761804004.0,0.03
2025-10-30 07:00:00,1761807604.0,0.0245
2025-10-30 08:00:00,1761811205.0,0.025
2025-10-30 09:00:00,1761814804.0,0.0235
2025-10-30 10:00:00,1761818404.0,0.0235
2025-10-30 11:00:00,1761822004.0,0.0415
2025-10-30 12:00:00,1761825604.0,0.041
2025-10-30 13:00:00,1761829204.0,0.031
2025-10-30 14:00:00,1761832805.0,0.0205
2025-10-30 15:00:00,1761836405.0,0.028
2025-10-30 16:00:00,1761840004.0,0.028
2025-10-30 17:00:00,1761843604.0,0.028
2025-10-30 18:00:00,1761847204.0,0.028
2025-10-30 19:00:00,1761850804.0,0.028
2025-10-30 20:00:00,1761854404.0,0.028
2025-10-30 21:00:00,1761858005.0,0.029
2025-10-30 22:00:00,1761861605.0,0.0285
2025-10-30 23:00:00,1761865205.0,0.0285
2025-10-31 00:00:00,1761868804.0,0.0285
2025-10-31 01:00:00,1761872404.0,0.0285
2025-10-31 02:00:00,1761876005.0,0.0285
2025-10-31 03:00:00,1761879604.0,0.029
2025-10-31 04:00:00,1761883204.0,0.0295
2025-10-31 05:00:00,1761886805.0,0.029
2025-10-31 06:00:00,1761890405.0,0.0295
2025-10-31 07:00:00,1761894005.0,0.0295
2025-10-31 08:00:00,1761897610.0,0.029
2025-10-31 09:00:00,1761901205.0,0.0295
2025-10-31 10:00:00,1761904805.0,0.0295
2025-10-31 11:00:00,1761908404.0,0.0295
2025-10-31 12:00:00,1761912005.0,0.029
2025-10-31 13:00:00,1761915605.0,0.0295
2025-10-31 14:00:00,1761919204.0,0.029
2025-10-31 15:00:00,1761922805.0,0.029
2025-10-31 16:00:00,1761926405.0,0.0295
2025-10-31 17:00:00,1761930005.0,0.029
2025-10-31 18:00:00,1761933605.0,0.029
2025-10-31 19:00:00,1761937205.0,0.0295
2025-10-31 20:00:00,1761940804.0,0.029
2025-10-31 21:00:00,1761944405.0,0.028
2025-10-31 22:00:00,1761948005.0,0.029
2025-10-31 23:00:00,1761951605.0,0.029
2025-11-01 00:00:00,1761955205.0,0.028
2025-11-01 01:00:00,1761958805.0,0.029
2025-11-01 02:00:00,1761962404.0,0.0295
2025-11-01 03:00:00,1761966005.0,0.0295
2025-11-01 04:00:00,1761969604.0,0.029
2025-11-01 05:00:00,1761973204.0,0.0295
2025-11-01 06:00:00,1761976805.0,0.0295
2025-11-01 07:00:00,1761980405.0,0.0295
2025-11-01 08:00:00,1761984005.0,0.029
2025-11-01 09:00:00,1761987604.0,0.029
2025-11-01 10:00:00,1761991205.0,0.0295
2025-11-01 11:00:00,1761994804.0,0.0295
2025-11-01 12:00:00,1761998405.0,0.0295
2025-11-01 13:00:00,1762002004.0,0.0295
2025-11-01 14:00:00,1762005604.0,0.0295
2025-11-01 15:00:00,1762009205.0,0.0295
2025-11-01 16:00:00,1762012804.0,0.0295
2025-11-01 17:00:00,1762016405.0,0.0295
2025-11-01 18:00:00,1762020004.0,0.0295
2025-11-01 19:00:00,1762023604.0,0.0295
2025-11-01 20:00:00,1762027205.0,0.0295
2025-11-01 21:00:00,1762030805.0,0.0295
2025-11-01 22:00:00,1762034405.0,0.0295
2025-11-01 23:00:00,1762038005.0,0.0295
2025-11-02 00:00:00,1762041605.0,0.0295
2025-11-02 01:00:00,1762045204.0,0.0295
2025-11-02 02:00:00,1762048805.0,0.029
2025-11-02 03:00:00,1762052404.0,0.029
2025-11-02 04:00:00,1762056004.0,0.029
2025-11-02 05:00:00,1762059604.0,0.029
2025-11-02 06:00:00,1762063204.0,0.0295
2025-11-02 07:00:00,1762066804.0,0.029
2025-11-02 08:00:00,1762070404.0,0.029
2025-11-02 09:00:00,1762074004.0,0.0295
2025-11-02 10:00:00,1762077604.0,0.0265
2025-11-02 11:00:00,1762081205.0,0.0265
2025-11-02 12:00:00,1762084804.0,0.03
2025-11-02 13:00:00,1762088404.0,0.0275
2025-11-02 14:00:00,1762092004.0,0.027
2025-11-02 15:00:00,1762095604.0,0.03
2025-11-02 16:00:00,1762099204.0,0.03
2025-11-02 17:00:00,1762102804.0,0.0285
2025-11-02 18:00:00,1762106405.0,0.029
2025-11-02 19:00:00,1762110005.0,0.03
2025-11-02 20:00:00,1762113604.0,0.03
2025-11-02 21:00:00,1762117205.0,0.03
2025-11-02 22:00:00,1762120804.0,0.03
2025-11-02 23:00:00,1762124404.0,0.029
2025-11-03 00:00:00,1762128004.0,0.028
2025-11-03 01:00:00,1762131604.0,0.025
2025-11-03 02:00:00,1762135204.0,0.027
2025-11-03 03:00:00,1762138804.0,0.028
2025-11-03 04:00:00,1762142404.0,0.0265
2025-11-03 05:00:00,1762146004.0,0.0265
2025-11-03 06:00:00,1762149604.0,0.029
2025-11-03 07:00:00,1762153204.0,0.026
2025-11-03 08:00:00,1762156804.0,0.029
2025-11-03 09:00:00,1762160403.0,0.0295
2025-11-03 10:00:00,1762164004.0,0.029
2025-11-03 11:00:00,1762167604.0,0.0295
2025-11-03 12:00:00,1762171204.0,0.029
2025-11-03 13:00:00,1762174804.0,0.0295
2025-11-03 14:00:00,1762178404.0,0.029
2025-11-03 15:00:00,1762182003.0,0.029
2025-11-03 16:00:00,1762185604.0,0.0295
2025-11-03 17:00:00,1762189204.0,0.035
2025-11-03 18:00:00,1762192804.0,0.035
2025-11-03 19:00:00,1762196404.0,0.035
2025-11-03 20:00:00,1762200004.0,0.035
2025-11-03 21:00:00,1762203604.0,0.035
2025-11-03 22:00:00,1762207204.0,0.035
2025-11-03 23:00:00,1762210805.0,0.03
2025-11-04 00:00:00,1762214404.0,0.0305
2025-11-04 01:00:00,1762218004.0,0.0305
2025-11-04 02:00:00,1762221604.0,0.0305
2025-11-04 03:00:00,1762225204.0,0.031
2025-11-04 04:00:00,1762228804.0,0.0325
2025-11-04 05:00:00,1762232404.0,0.031
2025-11-04 06:00:00,1762236005.0,0.0285
2025-11-04 07:00:00,1762239604.0,0.0285
2025-11-04 08:00:00,1762243204.0,0.0285
2025-11-04 09:00:00,1762246804.0,0.0275
2025-11-04 10:00:00,1762250404.0,0.0275
2025-11-04 11:00:00,1762254004.0,0.0275
2025-11-04 12:00:00,1762257604.0,0.0275
2025-11-04 13:00:00,1762261204.0,0.0275
2025-11-04 14:00:00,1762264804.0,0.0275
2025-11-04 15:00:00,1762268404.0,0.0275
2025-11-04 16:00:00,1762272004.0,0.0275
2025-11-04 17:00:00,1762275604.0,0.0275
2025-11-04 18:00:00,1762279204.0,0.0275
2025-11-04 19:00:00,1762282804.0,0.027
2025-11-04 20:00:00,1762286404.0,0.028
2025-11-04 21:00:00,1762290004.0,0.0275
2025-11-04 22:00:00,1762293605.0,0.0275
2025-11-04 23:00:00,1762297204.0,0.0275
2025-11-05 00:00:00,1762300804.0,0.0275
2025-11-05 01:00:00,1762304404.0,0.0275
2025-11-05 02:00:00,1762308004.0,0.027
2025-11-05 03:00:00,1762311604.0,0.028
2025-11-05 04:00:00,1762315203.0,0.028
2025-11-05 05:00:00,1762318804.0,0.0275
2025-11-05 06:00:00,1762322405.0,0.0275
2025-11-05 07:00:00,1762326005.0,0.0275
2025-11-05 08:00:00,1762329605.0,0.028
2025-11-05 09:00:00,1762333204.0,0.0275
2025-11-05 10:00:00,1762336804.0,0.0275
2025-11-05 11:00:00,1762340405.0,0.0275
2025-11-05 12:00:00,1762344005.0,0.0275
2025-11-05 13:00:00,1762347605.0,0.0275
2025-11-05 14:00:00,1762351205.0,0.027
2025-11-05 15:00:00,1762354805.0,0.0275
2025-11-05 16:00:00,1762358404.0,0.027
2025-11-05 17:00:00,1762362003.0,0.0265
2025-11-05 18:00:00,1762365604.0,0.0265
2025-11-05 19:00:00,1762369204.0,0.0265
2025-11-05 20:00:00,1762372804.0,0.0265
2025-11-05 21:00:00,1762376403.0,0.0265
2025-11-05 22:00:00,1762380004.0,0.0265
2025-11-05 23:00:00,1762383604.0,0.0265
2025-11-06 00:00:00,1762387203.0,0.0265
2025-11-06 01:00:00,1762390804.0,0.0265
2025-11-06 02:00:00,1762394404.0,0.0265
2025-11-06 03:00:00,1762398004.0,0.0265
2025-11-06 04:00:00,1762401604.0,0.0265
2025-11-06 05:00:00,1762405204.0,0.0265
2025-11-06 06:00:00,1762408804.0,0.0265
2025-11-06 07:00:00,1762412404.0,0.0265
2025-11-06 08:00:00,1762416003.0,0.0265
2025-11-06 09:00:00,1762419604.0,0.026
2025-11-06 10:00:00,1762423203.0,0.026
2025-11-06 11:00:00,1762426803.0,0.0275
2025-11-06 12:00:00,1762430404.0,0.0275
2025-11-06 13:00:00,1762434003.0,0.0275
2025-11-06 14:00:00,1762437604.0,0.0275
2025-11-06 15:00:00,1762441204.0,0.0275
2025-11-06 16:00:00,1762444804.0,0.0275
2025-11-06 17:00:00,1762448404.0,0.0275
2025-11-06 18:00:00,1762452004.0,0.0275
2025-11-06 19:00:00,1762455604.0,0.0275
2025-11-06 20:00:00,1762459206.0,0.0275
2025-11-06 21:00:00,1762462806.0,0.0275
2025-11-06 22:00:00,1762466404.0,0.0275
2025-11-06 23:00:00,1762470004.0,0.0275
2025-11-07 00:00:00,1762473604.0,0.0275
2025-11-07 01:00:00,1762477204.0,0.0275
2025-11-07 02:00:00,1762480807.0,0.0275
2025-11-07 03:00:00,1762484405.0,0.0275
2025-11-07 04:00:00,1762488004.0,0.0275
2025-11-07 05:00:00,1762491606.0,0.0275
2025-11-07 06:00:00,1762495207.0,0.0275
2025-11-07 07:00:00,1762498804.0,0.0275
2025-11-07 08:00:00,1762502404.0,0.0275
2025-11-07 09:00:00,1762506004.0,0.0275
2025-11-07 10:00:00,1762509604.0,0.0275
2025-11-07 11:00:00,1762513203.0,0.0275
2025-11-07 12:00:00,1762516805.0,0.0265
2025-11-07 13:00:00,1762520406.0,0.0265
2025-11-07 14:00:00,1762524006.0,0.0265
2025-11-07 15:00:00,1762527615.0,0.0265
2025-11-07 16:00:00,1762531205.0,0.0265
2025-11-07 17:00:00,1762534821.0,0.0265
2025-11-07 18:00:00,1762538407.0,0.0265
2025-11-07 19:00:00,1762542006.0,0.0265
2025-11-07 20:00:00,1762545617.0,0.0265
2025-11-07 21:00:00,1762549205.0,0.0265
2025-11-07 22:00:00,1762552804.0,0.0265
2025-11-07 23:00:00,1762556420.0,0.0265
2025-11-08 00:00:00,1762560005.0,0.0265
2025-11-08 01:00:00,1762563606.0,0.0265
2025-11-08 02:00:00,1762567205.0,0.0265
2025-11-08 03:00:00,1762570805.0,0.0265
2025-11-08 04:00:00,1762574405.0,0.0265
2025-11-08 05:00:00,1762578005.0,0.0265
2025-11-08 06:00:00,1762581605.0,0.0265
2025-11-08 07:00:00,1762585205.0,0.0265
2025-11-08 08:00:00,1762588804.0,0.0265
2025-11-08 09:00:00,1762592404.0,0.0265
2025-11-08 10:00:00,1762596005.0,0.0265
2025-11-08 11:00:00,1762599617.0,0.0265
2025-11-08 12:00:00,1762603219.0,0.0265
2025-11-08 13:00:00,1762606805.0,0.0265
2025-11-08 14:00:00,1762610405.0,0.0265
2025-11-08 15:00:00,1762614005.0,0.0265
2025-11-08 16:00:00,1762617605.0,0.0265
2025-11-08 17:00:00,1762621204.0,0.0265
2025-11-08 18:00:00,1762624805.0,0.0265
2025-11-08 19:00:00,1762628405.0,0.0265
2025-11-08 20:00:00,1762632004.0,0.0265
2025-11-08 21:00:00,1762635605.0,0.0265
2025-11-08 22:00:00,1762639205.0,0.0265
2025-11-08 23:00:00,1762642805.0,0.0265
2025-11-09 00:00:00,1762646417.0,0.0265
2025-11-09 01:00:00,1762650004.0,0.0265
2025-11-09 02:00:00,1762653605.0,0.0265
2025-11-09 03:00:00,1762657205.0,0.0265
2025-11-09 04:00:00,1762660816.0,0.0265
2025-11-09 05:00:00,1762664404.0,0.0265
2025-11-09 06:00:00,1762668004.0,0.0265
2025-11-09 07:00:00,1762671604.0,0.0265
2025-11-09 08:00:00,1762675204.0,0.0265
2025-11-09 09:00:00,1762678804.0,0.0265
2025-11-09 10:00:00,1762682404.0,0.0265
2025-11-09 11:00:00,1762686004.0,0.0265
2025-11-09 12:00:00,1762689604.0,0.0265
2025-11-09 13:00:00,1762693204.0,0.0265
2025-11-09 14:00:00,1762696804.0,0.0265
2025-11-09 15:00:00,1762700404.0,0.0255
2025-11-09 16:00:00,1762704004.0,0.024
2025-11-09 17:00:00,1762707604.0,0.0235
2025-11-09 18:00:00,1762711204.0,0.0235
2025-11-09 19:00:00,1762714804.0,0.0235
2025-11-09 20:00:00,1762718404.0,0.0235
2025-11-09 21:00:00,1762722004.0,0.0235
2025-11-09 22:00:00,1762725604.0,0.0235
2025-11-09 23:00:00,1762729204.0,0.0235
2025-11-10 00:00:00,1762732804.0,0.0235
2025-11-10 01:00:00,1762736416.0,0.025
2025-11-10 02:00:00,1762740004.0,0.025
2025-11-10 03:00:00,1762743604.0,0.0245
2025-11-10 04:00:00,1762747205.0,0.023
2025-11-10 05:00:00,1762750805.0,0.023
2025-11-10 06:00:00,1762754404.0,0.023
2025-11-10 07:00:00,1762758003.0,0.023
2025-11-10 08:00:00,1762761604.0,0.023
2025-11-10 09:00:00,1762765215.0,0.023
2025-11-10 10:00:00,1762768805.0,0.023
2025-11-10 11:00:00,1762772403.0,0.0245
2025-11-10 12:00:00,1762776004.0,0.025
2025-11-10 13:00:00,1762779605.0,0.027
2025-11-10 14:00:00,1762783204.0,0.027
2025-11-10 15:00:00,1762786806.0,0.027
2025-11-10 16:00:00,1762790406.0,0.027
2025-11-10 17:00:00,1762794003.0,0.046
2025-11-10 18:00:00,1762797605.0,0.0445
2025-11-10 19:00:00,1762801204.0,0.0445
2025-11-10 20:00:00,1762804805.0,0.0445
2025-11-10 21:00:00,1762808404.0,0.0405
2025-11-10 22:00:00,1762812004.0,0.0385
2025-11-10 23:00:00,1762815604.0,0.0385
2025-11-11 00:00:00,1762819206.0,0.0385
2025-11-11 01:00:00,1762822806.0,0.038
2025-11-11 02:00:00,1762826406.0,0.0385
2025-11-11 03:00:00,1762830006.0,0.038
2025-11-11 04:00:00,1762833607.0,0.038
2025-11-11 05:00:00,1762837205.0,0.038
2025-11-11 06:00:00,1762840811.0,0.038
2025-11-11 07:00:00,1762844405.0,0.038
2025-11-11 08:00:00,1762848017.0,0.038
2025-11-11 09:00:00,1762851604.0,0.038
2025-11-11 10:00:00,1762855205.0,0.038
2025-11-11 11:00:00,1762858820.0,0.038
2025-11-11 12:00:00,1762862419.0,0.038
2025-11-11 13:00:00,1762866004.0,0.039
2025-11-11 14:00:00,1762869605.0,0.049
2025-11-11 15:00:00,1762873218.0,0.044
2025-11-11 16:00:00,1762876804.0,0.0495
2025-11-11 17:00:00,1762880405.0,0.048
2025-11-11 18:00:00,1762884005.0,0.045
2025-11-11 19:00:00,1762887604.0,0.0445
2025-11-11 20:00:00,1762891205.0,0.0425
2025-11-11 21:00:00,1762894806.0,0.041
2025-11-11 22:00:00,1762898405.0,0.0415
2025-11-11 23:00:00,1762902005.0,0.0415
2025-11-12 00:00:00,1762905608.0,0.0415
2025-11-12 01:00:00,1762909204.0,0.0415
2025-11-12 02:00:00,1762912804.0,0.0415
2025-11-12 03:00:00,1762916406.0,0.0415
2025-11-12 04:00:00,1762920005.0,0.0415
2025-11-12 05:00:00,1762923604.0,0.0415
2025-11-12 06:00:00,1762927206.0,0.0415
2025-11-12 07:00:00,1762930806.0,0.0415
2025-11-12 08:00:00,1762934404.0,0.0415
2025-11-12 09:00:00,1762938005.0,0.041
2025-11-12 10:00:00,1762941604.0,0.0515
2025-11-12 11:00:00,1762945204.0,0.051
2025-11-12 12:00:00,1762948805.0,0.0515
2025-11-12 13:00:00,1762952404.0,0.051
2025-11-12 14:00:00,1762956005.0,0.051
2025-11-12 15:00:00,1762959604.0,0.0505
2025-11-12 16:00:00,1762963205.0,0.051
2025-11-12 17:00:00,1762966819.0,0.0505
2025-11-12 18:00:00,1762970404.0,0.051
2025-11-12 19:00:00,1762974004.0,0.051
2025-11-12 20:00:00,1762977605.0,0.051
2025-11-12 21:00:00,1762981205.0,0.0505
2025-11-12 22:00:00,1762984804.0,0.0505
2025-11-12 23:00:00,1762988405.0,0.0505
2025-11-13 00:00:00,1762992004.0,0.0505
2025-11-13 01:00:00,1762995604.0,0.0505
2025-11-13 02:00:00,1762999204.0,0.051
2025-11-13 03:00:00,1763002804.0,0.0505
2025-11-13 04:00:00,1763006404.0,0.051
2025-11-13 05:00:00,1763010004.0,0.049
2025-11-13 06:00:00,1763013605.0,0.05
2025-11-13 07:00:00,1763017204.0,0.0475
2025-11-13 08:00:00,1763020804.0,0.0465
2025-11-13 09:00:00,1763024404.0,0.048
2025-11-13 10:00:00,1763028004.0,0.0415
2025-11-13 11:00:00,1763031604.0,0.0385
2025-11-13 12:00:00,1763035204.0,0.0385
2025-11-13 13:00:00,1763038804.0,0.0385
2025-11-13 14:00:00,1763042404.0,0.0385
2025-11-13 15:00:00,1763046005.0,0.0385
2025-11-13 16:00:00,1763049606.0,0.0385
2025-11-13 17:00:00,1763053207.0,0.0385
2025-11-13 18:00:00,1763056806.0,0.0385
2025-11-13 19:00:00,1763060419.0,0.0385
2025-11-13 20:00:00,1763064005.0,0.038
2025-11-13 21:00:00,1763067604.0,0.0375
2025-11-13 22:00:00,1763071204.0,0.038
2025-11-13 23:00:00,1763074805.0,0.038
2025-11-14 00:00:00,1763078405.0,0.0385
2025-11-14 01:00:00,1763082004.0,0.0385
2025-11-14 02:00:00,1763085605.0,0.0385
2025-11-14 03:00:00,1763089205.0,0.038
2025-11-14 04:00:00,1763092805.0,0.0385
2025-11-14 05:00:00,1763096404.0,0.0385
2025-11-14 06:00:00,1763100005.0,0.0385
2025-11-14 07:00:00,1763103606.0,0.0385
2025-11-14 08:00:00,1763107205.0,0.0385
2025-11-14 09:00:00,1763110804.0,0.0495
2025-11-14 10:00:00,1763114404.0,0.05
2025-11-14 11:00:00,1763118006.0,0.051
2025-11-14 12:00:00,1763121605.0,0.0465
2025-11-14 13:00:00,1763125218.0,0.0455
2025-11-14 14:00:00,1763128805.0,0.0455
2025-11-14 15:00:00,1763132404.0,0.044
2025-11-14 16:00:00,1763136005.0,0.046
2025-11-14 17:00:00,1763139605.0,0.046
2025-11-14 18:00:00,1763143205.0,0.046
2025-11-14 19:00:00,1763146805.0,0.046
2025-11-14 20:00:00,1763150406.0,0.046
2025-11-14 21:00:00,1763154017.0,0.0445
2025-11-14 22:00:00,1763157606.0,0.0455
2025-11-14 23:00:00,1763161205.0,0.046
2025-11-15 00:00:00,1763164805.0,0.04
2025-11-15 01:00:00,1763168404.0,0.04
2025-11-15 02:00:00,1763172005.0,0.04
2025-11-15 03:00:00,1763175605.0,0.04
2025-11-15 04:00:00,1763179205.0,0.04
2025-11-15 05:00:00,1763182805.0,0.04
2025-11-15 06:00:00,1763186405.0,0.04
2025-11-15 07:00:00,1763190005.0,0.04
2025-11-15 08:00:00,1763193605.0,0.04
2025-11-15 09:00:00,1763197204.0,0.04
2025-11-15 10:00:00,1763200805.0,0.04
2025-11-15 11:00:00,1763204405.0,0.04
2025-11-15 12:00:00,1763208005.0,0.022
2025-11-15 13:00:00,1763211605.0,0.0275
2025-11-15 14:00:00,1763215205.0,0.027
2025-11-15 15:00:00,1763218805.0,0.0265
2025-11-15 16:00:00,1763222404.0,0.0265
2025-11-15 17:00:00,1763226005.0,0.027
2025-11-15 18:00:00,1763229605.0,0.0305
2025-11-15 19:00:00,1763233206.0,0.029
2025-11-15 20:00:00,1763236805.0,0.029
2025-11-15 21:00:00,1763240405.0,0.027
2025-11-15 22:00:00,1763244005.0,0.026
2025-11-15 23:00:00,1763247605.0,0.022
2025-11-16 00:00:00,1763251205.0,0.023
2025-11-16 01:00:00,1763254816.0,0.0225
2025-11-16 02:00:00,1763258405.0,0.022
2025-11-16 03:00:00,1763262004.0,0.028
2025-11-16 04:00:00,1763265604.0,0.022
2025-11-16 05:00:00,1763269205.0,0.022
2025-11-16 06:00:00,1763272804.0,0.0275
2025-11-16 07:00:00,1763276404.0,0.0265
2025-11-16 08:00:00,1763280004.0,0.027
2025-11-16 09:00:00,1763283605.0,0.027
2025-11-16 10:00:00,1763287205.0,0.0265
2025-11-16 11:00:00,1763290805.0,0.0265
2025-11-16 12:00:00,1763294404.0,0.0265
2025-11-16 13:00:00,1763298005.0,0.027
2025-11-16 14:00:00,1763301604.0,0.0265
2025-11-16 15:00:00,1763305205.0,0.0265
2025-11-16 16:00:00,1763308804.0,0.0265
2025-11-16 17:00:00,1763312405.0,0.0265
2025-11-16 18:00:00,1763316007.0,0.0265
2025-11-16 19:00:00,1763319604.0,0.0265
2025-11-16 20:00:00,1763323205.0,0.0265
2025-11-16 21:00:00,1763326805.0,0.0265
2025-11-16 22:00:00,1763330404.0,0.0265
2025-11-16 23:00:00,1763334004.0,0.0265
2025-11-17 00:00:00,1763337604.0,0.0265
2025-11-17 01:00:00,1763341204.0,0.0265
2025-11-17 02:00:00,1763344805.0,0.0265
2025-11-17 03:00:00,1763348404.0,0.0265
2025-11-17 04:00:00,1763352004.0,0.0265
2025-11-17 05:00:00,1763355604.0,0.0265
2025-11-17 06:00:00,1763359204.0,0.0265
2025-11-17 07:00:00,1763362806.0,0.025
2025-11-17 08:00:00,1763366419.0,0.024
2025-11-17 09:00:00,1763370022.0,0.0245
2025-11-17 10:00:00,1763373608.0,0.031
2025-11-17 11:00:00,1763377205.0,0.031
2025-11-17 12:00:00,1763380804.0,0.031
2025-11-17 13:00:00,1763384405.0,0.031
2025-11-17 14:00:00,1763388004.0,0.031
2025-11-17 15:00:00,1763391620.0,0.027
2025-11-17 16:00:00,1763395204.0,0.0265
2025-11-17 17:00:00,1763398805.0,0.0295
2025-11-17 18:00:00,1763402405.0,0.0285
2025-11-17 19:00:00,1763406006.0,0.03
2025-11-17 20:00:00,1763409606.0,0.0295
2025-11-17 21:00:00,1763413205.0,0.0265
2025-11-17 22:00:00,1763416808.0,0.025
2025-11-17 23:00:00,1763420407.0,0.025
2025-11-18 00:00:00,1763424005.0,0.025
2025-11-18 01:00:00,1763427604.0,0.025
2025-11-18 02:00:00,1763431204.0,0.025
2025-11-18 03:00:00,1763434804.0,0.025
2025-11-18 04:00:00,1763438404.0,0.025
2025-11-18 05:00:00,1763442004.0,0.0255
2025-11-18 06:00:00,1763445604.0,0.0255
2025-11-18 07:00:00,1763449205.0,0.0255
2025-11-18 08:00:00,1763452804.0,0.0255
2025-11-18 09:00:00,1763456404.0,0.0255
2025-11-18 10:00:00,1763460004.0,0.025
2025-11-18 11:00:00,1763463604.0,0.025
2025-11-18 12:00:00,1763467204.0,0.025
2025-11-18 13:00:00,1763470807.0,0.025
2025-11-18 14:00:00,1763474404.0,0.025
2025-11-18 15:00:00,1763478004.0,0.023
2025-11-18 16:00:00,1763481605.0,0.025
2025-11-18 17:00:00,1763485205.0,0.026
2025-11-18 18:00:00,1763488804.0,0.0275
2025-11-18 19:00:00,1763492405.0,0.027
2025-11-18 20:00:00,1763496006.0,0.0265
2025-11-18 21:00:00,1763499606.0,0.026
2025-11-18 22:00:00,1763503205.0,0.026
2025-11-18 23:00:00,1763506820.0,0.026
2025-11-19 00:00:00,1763510405.0,0.028
2025-11-19 01:00:00,1763514006.0,0.0255
2025-11-19 02:00:00,1763517605.0,0.028
2025-11-19 03:00:00,1763521205.0,0.027
2025-11-19 04:00:00,1763524805.0,0.0185
2025-11-19 05:00:00,1763528406.0,0.019
2025-11-19 06:00:00,1763532005.0,0.021
2025-11-19 07:00:00,1763535605.0,0.022
2025-11-19 08:00:00,1763539206.0,0.025
2025-11-19 09:00:00,1763542804.0,0.019
2025-11-19 10:00:00,1763546405.0,0.0175
2025-11-19 11:00:00,1763550005.0,0.0245
2025-11-19 12:00:00,1763553605.0,0.027
2025-11-19 13:00:00,1763557204.0,0.027
2025-11-19 14:00:00,1763560817.0,0.024
2025-11-19 15:00:00,1763564405.0,0.0255
2025-11-19 16:00:00,1763568017.0,0.0205
2025-11-19 17:00:00,1763571605.0,0.026
2025-11-19 18:00:00,1763575212.0,0.028
2025-11-19 19:00:00,1763578805.0,0.028
2025-11-19 20:00:00,1763582405.0,0.0305
2025-11-19 21:00:00,1763586005.0,0.031
2025-11-19 22:00:00,1763589605.0,0.031
2025-11-19 23:00:00,1763593220.0,0.03
2025-11-20 00:00:00,1763596805.0,0.0295
2025-11-20 01:00:00,1763600405.0,0.029
2025-11-20 02:00:00,1763604006.0,0.027
2025-11-20 03:00:00,1763607605.0,0.027
2025-11-20 04:00:00,1763611205.0,0.0275
2025-11-20 05:00:00,1763614805.0,0.027
2025-11-20 06:00:00,1763618404.0,0.0275
2025-11-20 07:00:00,1763622012.0,0.0275
2025-11-20 08:00:00,1763625605.0,0.027
2025-11-20 09:00:00,1763629205.0,0.027
2025-11-20 10:00:00,1763632805.0,0.027
2025-11-20 11:00:00,1763636405.0,0.027
2025-11-20 12:00:00,1763640005.0,0.027
2025-11-20 13:00:00,1763643605.0,0.0245
2025-11-20 14:00:00,1763647205.0,0.021
2025-11-20 15:00:00,1763650804.0,0.019
2025-11-20 16:00:00,1763654405.0,0.019
2025-11-20 17:00:00,1763658005.0,0.019
2025-11-20 18:00:00,1763661605.0,0.019
2025-11-20 19:00:00,1763665205.0,0.019
2025-11-20 20:00:00,1763668806.0,0.019
2025-11-20 21:00:00,1763672406.0,0.0205
2025-11-20 22:00:00,1763676020.0,0.0205
2025-11-20 23:00:00,1763679606.0,0.0205
2025-11-21 00:00:00,1763683205.0,0.0205
2025-11-21 01:00:00,1763686805.0,0.0205
2025-11-21 02:00:00,1763690405.0,0.0205
2025-11-21 03:00:00,1763694005.0,0.0205
2025-11-21 04:00:00,1763697619.0,0.02
2025-11-21 05:00:00,1763701211.0,0.021
2025-11-21 06:00:00,1763704805.0,0.021
2025-11-21 07:00:00,1763708405.0,0.021
2025-11-21 08:00:00,1763712005.0,0.021
2025-11-21 09:00:00,1763715604.0,0.021
2025-11-21 10:00:00,1763719205.0,0.021
2025-11-21 11:00:00,1763722805.0,0.0215
2025-11-21 12:00:00,1763726405.0,0.0215
2025-11-21 13:00:00,1763730019.0,0.0215
2025-11-21 14:00:00,1763733605.0,0.0215
2025-11-21 15:00:00,1763737205.0,0.0215
2025-11-21 16:00:00,1763740806.0,0.0215
2025-11-21 17:00:00,1763744406.0,0.022
2025-11-21 18:00:00,1763748005.0,0.022
2025-11-21 19:00:00,1763751606.0,0.022
2025-11-21 20:00:00,1763755206.0,0.022
2025-11-21 21:00:00,1763758805.0,0.022
2025-11-21 22:00:00,1763762405.0,0.022
2025-11-21 23:00:00,1763766012.0,0.022
2025-11-22 00:00:00,1763769605.0,0.024
2025-11-22 01:00:00,1763773205.0,0.024
2025-11-22 02:00:00,1763776805.0,0.024
2025-11-22 03:00:00,1763780405.0,0.024
2025-11-22 04:00:00,1763784021.0,0.024
2025-11-22 05:00:00,1763787612.0,0.0235
2025-11-22 06:00:00,1763791206.0,0.0235
2025-11-22 07:00:00,1763794805.0,0.0235
2025-11-22 08:00:00,1763798405.0,0.0235
2025-11-22 09:00:00,1763802006.0,0.0235
2025-11-22 10:00:00,1763805605.0,0.023
2025-11-22 11:00:00,1763809205.0,0.023
2025-11-22 12:00:00,1763812806.0,0.023
2025-11-22 13:00:00,1763816418.0,0.0225
2025-11-22 14:00:00,1763820005.0,0.023
2025-11-22 15:00:00,1763823605.0,0.023
2025-11-22 16:00:00,1763827206.0,0.023
2025-11-22 17:00:00,1763830806.0,0.023
2025-11-22 18:00:00,1763834405.0,0.023
2025-11-22 19:00:00,1763838005.0,0.023
2025-11-22 20:00:00,1763841606.0,0.023
2025-11-22 21:00:00,1763845206.0,0.023
2025-11-22 22:00:00,1763848805.0,0.023
2025-11-22 23:00:00,1763852405.0,0.023
2025-11-23 00:00:00,1763856005.0,0.023
2025-11-23 01:00:00,1763859618.0,0.0225
2025-11-23 02:00:00,1763863205.0,0.023
2025-11-23 03:00:00,1763866806.0,0.023
2025-11-23 04:00:00,1763870405.0,0.023
2025-11-23 05:00:00,1763874004.0,0.0225
2025-11-23 06:00:00,1763877604.0,0.023
2025-11-23 07:00:00,1763881204.0,0.023
2025-11-23 08:00:00,1763884805.0,0.023
2025-11-23 09:00:00,1763888405.0,0.022
2025-11-23 10:00:00,1763892004.0,0.0205
2025-11-23 11:00:00,1763895605.0,0.02
2025-11-23 12:00:00,1763899204.0,0.02
2025-11-23 13:00:00,1763902805.0,0.0195
2025-11-23 14:00:00,1763906405.0,0.022
2025-11-23 15:00:00,1763910005.0,0.022
2025-11-23 16:00:00,1763913605.0,0.022
2025-11-23 17:00:00,1763917211.0,0.022
2025-11-23 18:00:00,1763920805.0,0.0215
2025-11-23 19:00:00,1763924405.0,0.0215
2025-11-23 20:00:00,1763928005.0,0.02
2025-11-23 21:00:00,1763931621.0,0.0175
2025-11-23 22:00:00,1763935205.0,0.017
2025-11-23 23:00:00,1763938805.0,0.017
2025-11-24 00:00:00,1763942408.0,0.017
2025-11-24 01:00:00,1763946005.0,0.017
2025-11-24 02:00:00,1763949605.0,0.017
2025-11-24 03:00:00,1763953205.0,0.017
2025-11-24 04:00:00,1763956804.0,0.017
2025-11-24 05:00:00,1763960405.0,0.0165
2025-11-24 06:00:00,1763964004.0,0.0165
2025-11-24 07:00:00,1763967605.0,0.0165
2025-11-24 08:00:00,1763971204.0,0.0165
2025-11-24 09:00:00,1763974804.0,0.0165
2025-11-24 10:00:00,1763978404.0,0.0165
2025-11-24 11:00:00,1763982004.0,0.0165
2025-11-24 12:00:00,1763985604.0,0.0165
2025-11-24 13:00:00,1763989205.0,0.0165
2025-11-24 14:00:00,1763992805.0,0.0165
2025-11-24 15:00:00,1763996405.0,0.0165
2025-11-24 16:00:00,1764000004.0,0.0165
2025-11-24 17:00:00,1764003605.0,0.0165
2025-11-24 18:00:00,1764007205.0,0.0165
2025-11-24 19:00:00,1764010805.0,0.0165
2025-11-24 20:00:00,1764014406.0,0.0165
2025-11-24 21:00:00,1764018005.0,0.0165
2025-11-24 22:00:00,1764021605.0,0.016
2025-11-24 23:00:00,1764025205.0,0.016
2025-11-25 00:00:00,1764028805.0,0.016
2025-11-25 01:00:00,1764032406.0,0.016
2025-11-25 02:00:00,1764036005.0,0.016
2025-11-25 03:00:00,1764039605.0,0.016
2025-11-25 04:00:00,1764043205.0,0.016
2025-11-25 05:00:00,1764046805.0,0.016
2025-11-25 06:00:00,1764050405.0,0.016
2025-11-25 07:00:00,1764054005.0,0.016
2025-11-25 08:00:00,1764057605.0,0.016
2025-11-25 09:00:00,1764061205.0,0.016
2025-11-25 10:00:00,1764064805.0,0.016
2025-11-25 11:00:00,1764068405.0,0.0165
2025-11-25 12:00:00,1764072005.0,0.0165
2025-11-25 13:00:00,1764075605.0,0.016
2025-11-25 14:00:00,1764079206.0,0.016
2025-11-25 15:00:00,1764082805.0,0.016
2025-11-25 16:00:00,1764086405.0,0.016
2025-11-25 17:00:00,1764090005.0,0.016
2025-11-25 18:00:00,1764093605.0,0.0135
2025-11-25 19:00:00,1764097205.0,0.014
2025-11-25 20:00:00,1764100806.0,0.014
2025-11-25 21:00:00,1764104406.0,0.013
2025-11-25 22:00:00,1764108005.0,0.013
2025-11-25 23:00:00,1764111605.0,0.013
2025-11-26 00:00:00,1764115206.0,0.013
2025-11-26 01:00:00,1764118805.0,0.013
2025-11-26 02:00:00,1764122405.0,0.013
2025-11-26 03:00:00,1764126006.0,0.013
2025-11-26 04:00:00,1764129605.0,0.0135
2025-11-26 05:00:00,1764133205.0,0.0135
2025-11-26 06:00:00,1764136817.0,0.0135
2025-11-26 07:00:00,1764140405.0,0.0135
2025-11-26 08:00:00,1764144009.0,0.0135
2025-11-26 09:00:00,1764147605.0,0.0135
2025-11-26 10:00:00,1764151205.0,0.0135
2025-11-26 11:00:00,1764154806.0,0.0135
2025-11-26 12:00:00,1764158420.0,0.0135
2025-11-26 13:00:00,1764162005.0,0.0135
2025-11-26 14:00:00,1764165606.0,0.014
2025-11-26 15:00:00,1764169205.0,0.014
2025-11-26 16:00:00,1764172805.0,0.014
2025-11-26 17:00:00,1764176405.0,0.014
2025-11-26 18:00:00,1764180005.0,0.014
2025-11-26 19:00:00,1764183606.0,0.014
2025-11-26 20:00:00,1764187205.0,0.0135
2025-11-26 21:00:00,1764190806.0,0.012
2025-11-26 22:00:00,1764194405.0,0.0135
2025-11-26 23:00:00,1764198005.0,0.013
2025-11-27 00:00:00,1764201605.0,0.013
2025-11-27 01:00:00,1764205217.0,0.013
2025-11-27 02:00:00,1764208806.0,0.0135
2025-11-27 03:00:00,1764212405.0,0.0135
2025-11-27 04:00:00,1764216005.0,0.0135
2025-11-27 05:00:00,1764219605.0,0.013
2025-11-27 06:00:00,1764223206.0,0.013
2025-11-27 07:00:00,1764226805.0,0.013
2025-11-27 08:00:00,1764230405.0,0.013
2025-11-27 09:00:00,1764234005.0,0.013
2025-11-27 10:00:00,1764237606.0,0.013
2025-11-27 11:00:00,1764241206.0,0.012
2025-11-27 12:00:00,1764244805.0,0.012
2025-11-27 13:00:00,1764248405.0,0.011
2025-11-27 14:00:00,1764252005.0,0.0095
2025-11-27 15:00:00,1764255605.0,0.0095
2025-11-27 16:00:00,1764259206.0,0.0095
2025-11-27 17:00:00,1764262805.0,0.0105
2025-11-27 18:00:00,1764266406.0,0.0055
2025-11-27 19:00:00,1764270005.0,0.0055
2025-11-27 20:00:00,1764273607.0,0.0055
2025-11-27 21:00:00,1764277206.0,0.0055
2025-11-27 22:00:00,1764280807.0,0.0055
2025-11-27 23:00:00,1764284407.0,0.005
2025-11-28 00:00:00,1764288006.0,0.005
2025-11-28 01:00:00,1764291606.0,0.005
2025-11-28 02:00:00,1764295206.0,0.005
2025-11-28 03:00:00,1764298805.0,0.005
2025-11-28 04:00:00,1764302405.0,0.005
2025-11-28 05:00:00,1764306005.0,0.005
2025-11-28 06:00:00,1764309606.0,0.005
2025-11-28 07:00:00,1764313205.0,0.005
2025-11-28 08:00:00,1764316806.0,0.0055
2025-11-28 09:00:00,1764320405.0,0.0055
2025-11-28 10:00:00,1764324005.0,0.0055
2025-11-28 11:00:00,1764327605.0,0.0055
2025-11-28 12:00:00,1764331206.0,0.0075
2025-11-28 13:00:00,1764334805.0,0.008
2025-11-28 14:00:00,1764338406.0,0.0065
2025-11-28 15:00:00,1764342006.0,0.0065
2025-11-28 16:00:00,1764345620.0,0.007
2025-11-28 17:00:00,1764349206.0,0.007
2025-11-28 18:00:00,1764352805.0,0.007
2025-11-28 19:00:00,1764356405.0,0.013
2025-11-28 20:00:00,1764360005.0,0.0125
2025-11-28 21:00:00,1764363609.0,0.0125
2025-11-28 22:00:00,1764367208.0,0.0105
2025-11-28 23:00:00,1764370806.0,0.0115
2025-11-29 00:00:00,1764374406.0,0.012
2025-11-29 01:00:00,1764378006.0,0.011
2025-11-29 02:00:00,1764381607.0,0.0085
2025-11-29 03:00:00,1764385205.0,0.007
2025-11-29 04:00:00,1764388806.0,0.007
2025-11-29 05:00:00,1764392405.0,0.007
2025-11-29 06:00:00,1764396005.0,0.007
2025-11-29 07:00:00,1764399605.0,0.007
2025-11-29 08:00:00,1764403206.0,0.0075
2025-11-29 09:00:00,1764406806.0,0.007
2025-11-29 10:00:00,1764410420.0,0.007
2025-11-29 11:00:00,1764414006.0,0.007
2025-11-29 12:00:00,1764417606.0,0.007
2025-11-29 13:00:00,1764421205.0,0.007
2025-11-29 14:00:00,1764424805.0,0.007
2025-11-29 15:00:00,1764428406.0,0.011
2025-11-29 16:00:00,1764432006.0,0.01
2025-11-29 17:00:00,1764435605.0,0.0095
2025-11-29 18:00:00,1764439206.0,0.0095
2025-11-29 19:00:00,1764442806.0,0.009
2025-11-29 20:00:00,1764446406.0,0.009
2025-11-29 21:00:00,1764450006.0,0.0085
2025-11-29 22:00:00,1764453606.0,0.009
2025-11-29 23:00:00,1764457206.0,0.009
2025-11-30 00:00:00,1764460806.0,0.009
2025-11-30 01:00:00,1764464406.0,0.007
2025-11-30 02:00:00,1764468007.0,0.007
2025-11-30 03:00:00,1764471606.0,0.0075
2025-11-30 04:00:00,1764475206.0,0.0075
2025-11-30 05:00:00,1764478805.0,0.0075
2025-11-30 06:00:00,1764482405.0,0.0075
2025-11-30 07:00:00,1764486007.0,0.0075
2025-11-30 08:00:00,1764489606.0,0.0075
2025-11-30 09:00:00,1764493206.0,0.0075
2025-11-30 10:00:00,1764496820.0,0.007
2025-11-30 11:00:00,1764500405.0,0.007
2025-11-30 12:00:00,1764504032.0,0.007
2025-11-30 13:00:00,1764507605.0,0.007
2025-11-30 14:00:00,1764511206.0,0.007
2025-11-30 15:00:00,1764514818.0,0.006
2025-11-30 16:00:00,1764518418.0,0.006
2025-11-30 17:00:00,1764522005.0,0.006
2025-11-30 18:00:00,1764525605.0,0.006
2025-11-30 19:00:00,1764529206.0,0.006
2025-11-30 20:00:00,1764532807.0,0.006
2025-11-30 21:00:00,1764536406.0,0.006
2025-11-30 22:00:00,1764540006.0,0.006
2025-11-30 23:00:00,1764543611.0,0.007
2025-12-01 00:00:00,1764547205.0,0.007
2025-12-01 01:00:00,1764550806.0,0.007
2025-12-01 02:00:00,1764554405.0,0.007
2025-12-01 03:00:00,1764558017.0,0.007
2025-12-01 04:00:00,1764561605.0,0.007
2025-12-01 05:00:00,1764565206.0,0.0065
2025-12-01 06:00:00,1764568805.0,0.0065
2025-12-01 07:00:00,1764572405.0,0.0065
2025-12-01 08:00:00,1764576005.0,0.0065
2025-12-01 09:00:00,1764579618.0,0.0065
2025-12-01 10:00:00,1764583218.0,0.0065
2025-12-01 11:00:00,1764586805.0,0.0065
2025-12-01 12:00:00,1764590415.0,0.0065
2025-12-01 13:00:00,1764594005.0,0.0065
2025-12-01 14:00:00,1764597605.0,0.006
2025-12-01 15:00:00,1764601218.0,0.006
2025-12-01 16:00:00,1764604816.0,0.0075
2025-12-01 17:00:00,1764608404.0,0.0065
2025-12-01 18:00:00,1764612018.0,0.0055
2025-12-01 19:00:00,1764615605.0,0.0035
2025-12-01 20:00:00,1764619205.0,0.003
2025-12-01 21:00:00,1764622805.0,0.003
2025-12-01 22:00:00,1764626405.0,0.003
2025-12-01 23:00:00,1764630005.0,0.003
2025-12-02 00:00:00,1764633605.0,0.003
2025-12-02 01:00:00,1764637205.0,0.0035
2025-12-02 02:00:00,1764640805.0,0.003
2025-12-02 03:00:00,1764644405.0,0.006
2025-12-02 04:00:00,1764648005.0,0.005
2025-12-02 05:00:00,1764651605.0,0.005
2025-12-02 06:00:00,1764655205.0,0.0055
2025-12-02 07:00:00,1764658806.0,0.006
2025-12-02 08:00:00,1764662405.0,0.005
2025-12-02 09:00:00,1764666005.0,0.0035
2025-12-02 10:00:00,1764669605.0,0.0035
2025-12-02 11:00:00,1764673206.0,0.0035
2025-12-02 12:00:00,1764676805.0,0.0035
2025-12-02 13:00:00,1764680405.0,0.0035
2025-12-02 14:00:00,1764684006.0,0.003
2025-12-02 15:00:00,1764687605.0,0.004
2025-12-02 16:00:00,1764691205.0,0.0045
2025-12-02 17:00:00,1764694805.0,0.0035
2025-12-02 18:00:00,1764698406.0,0.006
2025-12-02 19:00:00,1764702006.0,0.0055
2025-12-02 20:00:00,1764705606.0,0.005
2025-12-02 21:00:00,1764709205.0,0.005
2025-12-02 22:00:00,1764712806.0,0.0045
2025-12-02 23:00:00,1764716406.0,0.008
2025-12-03 00:00:00,1764720006.0,0.0045
2025-12-03 01:00:00,1764723605.0,0.0045
2025-12-03 02:00:00,1764727205.0,0.0045
2025-12-03 03:00:00,1764730805.0,0.005
2025-12-03 04:00:00,1764734406.0,0.005
2025-12-03 05:00:00,1764738006.0,0.015
2025-12-03 06:00:00,1764741606.0,0.0085
2025-12-03 07:00:00,1764745206.0,0.008
2025-12-03 08:00:00,1764748805.0,0.0075
2025-12-03 09:00:00,1764752406.0,0.0065
2025-12-03 10:00:00,1764756005.0,0.013
2025-12-03 11:00:00,1764759606.0,0.015
2025-12-03 12:00:00,1764763206.0,0.0125
2025-12-03 13:00:00,1764766806.0,0.0175
2025-12-03 14:00:00,1764770407.0,0.0175
2025-12-03 15:00:00,1764774005.0,0.012
2025-12-03 16:00:00,1764777606.0,0.0135
2025-12-03 17:00:00,1764781206.0,0.012
2025-12-03 18:00:00,1764784807.0,0.011
2025-12-03 19:00:00,1764788406.0,0.007
2025-12-03 20:00:00,1764792006.0,0.0065
2025-12-03 21:00:00,1764795607.0,0.006
2025-12-03 22:00:00,1764799206.0,0.011
2025-12-03 23:00:00,1764802806.0,0.016
2025-12-04 00:00:00,1764806406.0,0.007
2025-12-04 01:00:00,1764810006.0,0.008
2025-12-04 02:00:00,1764813606.0,0.009
2025-12-04 03:00:00,1764817206.0,0.0145
2025-12-04 04:00:00,1764820806.0,0.0165
2025-12-04 05:00:00,1764824405.0,0.0175
2025-12-04 06:00:00,1764828005.0,0.0085
2025-12-04 07:00:00,1764831605.0,0.017
2025-12-04 08:00:00,1764835205.0,0.0115
2025-12-04 09:00:00,1764838811.0,0.017
2025-12-04 10:00:00,1764842405.0,0.017
2025-12-04 11:00:00,1764846005.0,0.0125
2025-12-04 12:00:00,1764849606.0,0.012
2025-12-04 13:00:00,1764853205.0,0.0115
2025-12-04 14:00:00,1764856805.0,0.012
2025-12-04 15:00:00,1764860405.0,0.0115
2025-12-04 16:00:00,1764864005.0,0.012
2025-12-04 17:00:00,1764867605.0,0.0125
2025-12-04 18:00:00,1764871205.0,0.016
2025-12-04 19:00:00,1764874805.0,0.01
2025-12-04 20:00:00,1764878405.0,0.013
2025-12-04 21:00:00,1764882005.0,0.01
2025-12-04 22:00:00,1764885605.0,0.01
2025-12-04 23:00:00,1764889206.0,0.01
2025-12-05 00:00:00,1764892806.0,0.0095
2025-12-05 01:00:00,1764896406.0,0.0095
2025-12-05 02:00:00,1764900006.0,0.0105
2025-12-05 03:00:00,1764903605.0,0.014
2025-12-05 04:00:00,1764907206.0,0.0175
2025-12-05 05:00:00,1764910806.0,0.016
2025-12-05 06:00:00,1764914406.0,0.0155
2025-12-05 07:00:00,1764918006.0,0.0155
2025-12-05 08:00:00,1764921605.0,0.0155
2025-12-05 09:00:00,1764925205.0,0.0155
2025-12-05 10:00:00,1764928806.0,0.0125
2025-12-05 11:00:00,1764932405.0,0.0125
2025-12-05 12:00:00,1764936005.0,0.0125
2025-12-05 13:00:00,1764939606.0,0.0125
2025-12-05 14:00:00,1764943206.0,0.0135
2025-12-05 15:00:00,1764946806.0,0.012
2025-12-05 16:00:00,1764950406.0,0.0145
2025-12-05 17:00:00,1764954006.0,0.015
2025-12-05 18:00:00,1764957605.0,0.016
2025-12-05 19:00:00,1764961208.0,0.0165
2025-12-05 20:00:00,1764964806.0,0.02
2025-12-05 21:00:00,1764968406.0,0.018
2025-12-05 22:00:00,1764972006.0,0.0235
2025-12-05 23:00:00,1764975605.0,0.0245
2025-12-06 00:00:00,1764979206.0,0.025
2025-12-06 01:00:00,1764982807.0,0.0355
2025-12-06 02:00:00,1764986407.0,0.0335
2025-12-06 03:00:00,1764990006.0,0.034
2025-12-06 04:00:00,1764993606.0,0.029
2025-12-06 05:00:00,1764997206.0,0.0335
2025-12-06 06:00:00,1765000806.0,0.033
2025-12-06 07:00:00,1765004406.0,0.033
2025-12-06 08:00:00,1765008006.0,0.035
2025-12-06 09:00:00,1765011607.0,0.035
2025-12-06 10:00:00,1765015206.0,0.027
2025-12-06 11:00:00,1765018808.0,0.027
2025-12-06 12:00:00,1765022407.0,0.0275
2025-12-06 13:00:00,1765026007.0,0.027
2025-12-06 14:00:00,1765029606.0,0.022
2025-12-06 15:00:00,1765033206.0,0.024
2025-12-06 16:00:00,1765036806.0,0.021
2025-12-06 17:00:00,1765040407.0,0.0195
2025-12-06 18:00:00,1765044006.0,0.0295
2025-12-06 19:00:00,1765047606.0,0.0205
2025-12-06 20:00:00,1765051207.0,0.0205
2025-12-06 21:00:00,1765054806.0,0.019
2025-12-06 22:00:00,1765058406.0,0.0175
2025-12-06 23:00:00,1765062006.0,0.0185
2025-12-07 00:00:00,1765065619.0,0.017
2025-12-07 01:00:00,1765069206.0,0.0185
2025-12-07 02:00:00,1765072806.0,0.017
2025-12-07 03:00:00,1765076406.0,0.0165
2025-12-07 04:00:00,1765080005.0,0.016
2025-12-07 05:00:00,1765083605.0,0.016
2025-12-07 06:00:00,1765087206.0,0.016
2025-12-07 07:00:00,1765090806.0,0.016
2025-12-07 08:00:00,1765094405.0,0.016
2025-12-07 09:00:00,1765098005.0,0.0215
2025-12-07 10:00:00,1765101605.0,0.016
2025-12-07 11:00:00,1765105205.0,0.026
2025-12-07 12:00:00,1765108805.0,0.0155
2025-12-07 13:00:00,1765112406.0,0.015
2025-12-07 14:00:00,1765116005.0,0.015
2025-12-07 15:00:00,1765119605.0,0.016
2025-12-07 16:00:00,1765123205.0,0.015
2025-12-07 17:00:00,1765126805.0,0.0155
2025-12-07 18:00:00,1765130406.0,0.0155
2025-12-07 19:00:00,1765134006.0,0.015
2025-12-07 20:00:00,1765137620.0,0.015
2025-12-07 21:00:00,1765141206.0,0.04
2025-12-07 22:00:00,1765144806.0,0.015
2025-12-07 23:00:00,1765148405.0,0.015
2025-12-08 00:00:00,1765152018.0,0.015
2025-12-08 01:00:00,1765155619.0,0.015
2025-12-08 02:00:00,1765159205.0,0.015
2025-12-08 03:00:00,1765162805.0,0.0195
2025-12-08 04:00:00,1765166405.0,0.0205
2025-12-08 05:00:00,1765170005.0,0.021
2025-12-08 06:00:00,1765173605.0,0.021
2025-12-08 07:00:00,1765177206.0,0.021
2025-12-08 08:00:00,1765180804.0,0.021
2025-12-08 09:00:00,1765184406.0,0.021
2025-12-08 10:00:00,1765188005.0,0.021
2025-12-08 11:00:00,1765191605.0,0.015
2025-12-08 12:00:00,1765195218.0,0.015
2025-12-08 13:00:00,1765198807.0,0.0165
2025-12-08 14:00:00,1765202405.0,0.017
2025-12-08 15:00:00,1765206005.0,0.017
2025-12-08 16:00:00,1765209619.0,0.0205
2025-12-08 17:00:00,1765213205.0,0.0185
2025-12-08 18:00:00,1765216805.0,0.0185
2025-12-08 19:00:00,1765220405.0,0.018
2025-12-08 20:00:00,1765224005.0,0.017
2025-12-08 21:00:00,1765227620.0,0.0205
2025-12-08 22:00:00,1765231205.0,0.0205
2025-12-08 23:00:00,1765234805.0,0.022
2025-12-09 00:00:00,1765238417.0,0.022
2025-12-09 01:00:00,1765242005.0,0.022
2025-12-09 02:00:00,1765245607.0,0.0185
2025-12-09 03:00:00,1765249206.0,0.0205
2025-12-09 04:00:00,1765252806.0,0.02
2025-12-09 05:00:00,1765256406.0,0.02
2025-12-09 06:00:00,1765260005.0,0.0185
2025-12-09 07:00:00,1765263606.0,0.02
2025-12-09 08:00:00,1765267207.0,0.0165
2025-12-09 09:00:00,1765270806.0,0.016
2025-12-09 10:00:00,1765274406.0,0.016
2025-12-09 11:00:00,1765278007.0,0.016
2025-12-09 12:00:00,1765281605.0,0.016
2025-12-09 13:00:00,1765285207.0,0.016
2025-12-09 14:00:00,1765288820.0,0.016
2025-12-09 15:00:00,1765292407.0,0.015
2025-12-09 16:00:00,1765296006.0,0.0135
2025-12-09 17:00:00,1765299606.0,0.014
2025-12-09 18:00:00,1765303206.0,0.014
2025-12-09 19:00:00,1765306805.0,0.014
2025-12-09 20:00:00,1765310407.0,0.014
2025-12-09 21:00:00,1765314005.0,0.014
2025-12-09 22:00:00,1765317606.0,0.018
2025-12-09 23:00:00,1765321208.0,0.017
2025-12-10 00:00:00,1765324806.0,0.0165
2025-12-10 01:00:00,1765328418.0,0.016
2025-12-10 02:00:00,1765332005.0,0.0155
2025-12-10 03:00:00,1765335605.0,0.017
2025-12-10 04:00:00,1765339207.0,0.0235
2025-12-10 05:00:00,1765342808.0,0.024
2025-12-10 06:00:00,1765346406.0,0.0245
2025-12-10 07:00:00,1765350006.0,0.02
2025-12-10 08:00:00,1765353607.0,0.0185
2025-12-10 09:00:00,1765357220.0,0.0185
2025-12-10 10:00:00,1765360805.0,0.0185
2025-12-10 11:00:00,1765364406.0,0.018
2025-12-10 12:00:00,1765368005.0,0.018
2025-12-10 13:00:00,1765371606.0,0.018
2025-12-10 14:00:00,1765375205.0,0.018
2025-12-10 15:00:00,1765378807.0,0.0155
2025-12-10 16:00:00,1765382406.0,0.0155
2025-12-10 17:00:00,1765386005.0,0.019
2025-12-10 18:00:00,1765389606.0,0.018
2025-12-10 19:00:00,1765393205.0,0.018
2025-12-10 20:00:00,1765396805.0,0.015
2025-12-10 21:00:00,1765400405.0,0.0135
2025-12-10 22:00:00,1765404005.0,0.014
2025-12-10 23:00:00,1765407606.0,0.014
2025-12-11 00:00:00,1765411206.0,0.0135
2025-12-11 01:00:00,1765414806.0,0.0125
2025-12-11 02:00:00,1765418418.0,0.0135
2025-12-11 03:00:00,1765422006.0,0.013
2025-12-11 04:00:00,1765425622.0,0.013
2025-12-11 05:00:00,1765429206.0,0.0145
2025-12-11 06:00:00,1765432806.0,0.0145
2025-12-11 07:00:00,1765436406.0,0.014
2025-12-11 08:00:00,1765440006.0,0.0135
2025-12-11 09:00:00,1765443606.0,0.013
2025-12-11 10:00:00,1765447206.0,0.0135
2025-12-11 11:00:00,1765450806.0,0.0135
2025-12-11 12:00:00,1765454406.0,0.014
2025-12-11 13:00:00,1765458006.0,0.014
2025-12-11 14:00:00,1765461605.0,0.014
2025-12-11 15:00:00,1765465207.0,0.013
2025-12-11 16:00:00,1765468815.0,0.015
2025-12-11 17:00:00,1765472406.0,0.015
2025-12-11 18:00:00,1765476005.0,0.015
2025-12-11 19:00:00,1765479618.0,0.0135
2025-12-11 20:00:00,1765483206.0,0.014
2025-12-11 21:00:00,1765486806.0,0.014
2025-12-11 22:00:00,1765490406.0,0.0255
2025-12-11 23:00:00,1765494008.0,0.03
2025-12-12 00:00:00,1765497606.0,0.029
2025-12-12 01:00:00,1765501206.0,0.027
2025-12-12 02:00:00,1765504806.0,0.0185
2025-12-12 03:00:00,1765508407.0,0.015
2025-12-12 04:00:00,1765512006.0,0.0155
2025-12-12 05:00:00,1765515618.0,0.017
2025-12-12 06:00:00,1765519207.0,0.017
2025-12-12 07:00:00,1765522806.0,0.016
2025-12-12 08:00:00,1765526405.0,0.016
2025-12-12 09:00:00,1765530006.0,0.016
2025-12-12 10:00:00,1765533605.0,0.0165
2025-12-12 11:00:00,1765537206.0,0.0165
2025-12-12 12:00:00,1765540805.0,0.017
2025-12-12 13:00:00,1765544406.0,0.017
2025-12-12 14:00:00,1765548006.0,0.0175
2025-12-12 15:00:00,1765551606.0,0.0175
2025-12-12 16:00:00,1765555206.0,0.017
2025-12-12 17:00:00,1765558808.0,0.018
2025-12-12 18:00:00,1765562407.0,0.016
2025-12-12 19:00:00,1765566007.0,0.016
2025-12-12 20:00:00,1765569607.0,0.016
2025-12-12 21:00:00,1765573206.0,0.0175
2025-12-12 22:00:00,1765576807.0,0.0145
2025-12-12 23:00:00,1765580406.0,0.0145
2025-12-13 00:00:00,1765584008.0,0.0135
2025-12-13 01:00:00,1765587606.0,0.0155
2025-12-13 02:00:00,1765591207.0,0.015
2025-12-13 03:00:00,1765594807.0,0.0155
2025-12-13 04:00:00,1765598408.0,0.0155
2025-12-13 05:00:00,1765602006.0,0.0155
2025-12-13 06:00:00,1765605606.0,0.0155
2025-12-13 07:00:00,1765609206.0,0.0155
2025-12-13 08:00:00,1765612807.0,0.0155
2025-12-13 09:00:00,1765616406.0,0.015
2025-12-13 10:00:00,1765620006.0,0.015
2025-12-13 11:00:00,1765623606.0,0.0155
2025-12-13 12:00:00,1765627206.0,0.016
2025-12-13 13:00:00,1765630806.0,0.016
2025-12-13 14:00:00,1765634407.0,0.016
2025-12-13 15:00:00,1765638007.0,0.016
2025-12-13 16:00:00,1765641606.0,0.0155
2025-12-13 17:00:00,1765645207.0,0.0155
2025-12-13 18:00:00,1765648807.0,0.0155
2025-12-13 19:00:00,1765652406.0,0.0155
2025-12-13 20:00:00,1765656007.0,0.0155
2025-12-13 21:00:00,1765659607.0,0.016
2025-12-13 22:00:00,1765663206.0,0.016
2025-12-13 23:00:00,1765666807.0,0.0165
2025-12-14 00:00:00,1765670406.0,0.0175
2025-12-14 01:00:00,1765674007.0,0.017
2025-12-14 02:00:00,1765677606.0,0.0175
2025-12-14 03:00:00,1765681207.0,0.0165
2025-12-14 04:00:00,1765684806.0,0.016
2025-12-14 05:00:00,1765688406.0,0.016
2025-12-14 06:00:00,1765692006.0,0.016
2025-12-14 07:00:00,1765695606.0,0.016
2025-12-14 08:00:00,1765699206.0,0.0155
2025-12-14 09:00:00,1765702806.0,0.0155
2025-12-14 10:00:00,1765706407.0,0.015
2025-12-14 11:00:00,1765710006.0,0.015
2025-12-14 12:00:00,1765713606.0,0.0145
2025-12-14 13:00:00,1765717206.0,0.0145
2025-12-14 14:00:00,1765720806.0,0.0145
2025-12-14 15:00:00,1765724406.0,0.0145
2025-12-14 16:00:00,1765728006.0,0.016
2025-12-14 17:00:00,1765731606.0,0.016
2025-12-14 18:00:00,1765735206.0,0.016
2025-12-14 19:00:00,1765738807.0,0.015
2025-12-14 20:00:00,1765742406.0,0.0145
2025-12-14 21:00:00,1765746007.0,0.0145
2025-12-14 22:00:00,1765749605.0,0.0145
2025-12-14 23:00:00,1765753206.0,0.0145
2025-12-15 00:00:00,1765756807.0,0.0145
2025-12-15 01:00:00,1765760406.0,0.015
2025-12-15 02:00:00,1765764005.0,0.015
2025-12-15 03:00:00,1765767606.0,0.015
2025-12-15 04:00:00,1765771207.0,0.0145
2025-12-15 05:00:00,1765774806.0,0.0145
2025-12-15 06:00:00,1765778405.0,0.0145
2025-12-15 07:00:00,1765782005.0,0.0145
2025-12-15 08:00:00,1765785605.0,0.0155
2025-12-15 09:00:00,1765789207.0,0.0155
2025-12-15 10:00:00,1765792805.0,0.0155
2025-12-15 11:00:00,1765796408.0,0.015
2025-12-15 12:00:00,1765800005.0,0.015
2025-12-15 13:00:00,1765803617.0,0.015
2025-12-15 14:00:00,1765807205.0,0.015
2025-12-15 15:00:00,1765810807.0,0.015
2025-12-15 16:00:00,1765814406.0,0.015
2025-12-15 17:00:00,1765818007.0,0.015
2025-12-15 18:00:00,1765821620.0,0.015
2025-12-15 19:00:00,1765825205.0,0.015
2025-12-15 20:00:00,1765828805.0,0.0145
2025-12-15 21:00:00,1765832406.0,0.0145
2025-12-15 22:00:00,1765836021.0,0.015
2025-12-15 23:00:00,1765839605.0,0.014
2025-12-16 00:00:00,1765843205.0,0.014
2025-12-16 01:00:00,1765846805.0,0.014
2025-12-16 02:00:00,1765850405.0,0.014
2025-12-16 03:00:00,1765854006.0,0.014
2025-12-16 04:00:00,1765857606.0,0.014
2025-12-16 05:00:00,1765861205.0,0.0135
2025-12-16 06:00:00,1765864806.0,0.0135
2025-12-16 07:00:00,1765868412.0,0.014
2025-12-16 08:00:00,1765872006.0,0.0135
2025-12-16 09:00:00,1765875605.0,0.0135
2025-12-16 10:00:00,1765879205.0,0.0135
2025-12-16 11:00:00,1765882805.0,0.0135
2025-12-16 12:00:00,1765886417.0,0.014
2025-12-16 13:00:00,1765890005.0,0.0135
2025-12-16 14:00:00,1765893620.0,0.0145
2025-12-16 15:00:00,1765897205.0,0.0135
2025-12-16 16:00:00,1765900822.0,0.0135
2025-12-16 17:00:00,1765904406.0,0.0135
2025-12-16 18:00:00,1765908007.0,0.0135
2025-12-16 19:00:00,1765911606.0,0.0135
2025-12-16 20:00:00,1765915207.0,0.0145
2025-12-16 21:00:00,1765918806.0,0.0145
2025-12-16 22:00:00,1765922406.0,0.0145
2025-12-16 23:00:00,1765926007.0,0.0145
2025-12-17 00:00:00,1765929602.0,0.014
2025-12-17 01:00:00,1765933206.0,0.014
2025-12-17 02:00:00,1765936806.0,0.0145
2025-12-17 03:00:00,1765940418.0,0.014
2025-12-17 04:00:00,1765944006.0,0.014
2025-12-17 05:00:00,1765947606.0,0.014
2025-12-17 06:00:00,1765951207.0,0.014
2025-12-17 07:00:00,1765954808.0,0.014
2025-12-17 08:00:00,1765958418.0,0.0145
2025-12-17 09:00:00,1765962007.0,0.0145
2025-12-17 10:00:00,1765965608.0,0.0145
2025-12-17 11:00:00,1765969206.0,0.0135
2025-12-17 12:00:00,1765972807.0,0.0125
2025-12-17 13:00:00,1765976406.0,0.012
2025-12-17 14:00:00,1765980006.0,0.0115
2025-12-17 15:00:00,1765983607.0,0.012
2025-12-17 16:00:00,1765987207.0,0.012
2025-12-17 17:00:00,1765990807.0,0.012
2025-12-17 18:00:00,1765994406.0,0.0125
2025-12-17 19:00:00,1765998008.0,0.0125
2025-12-17 20:00:00,1766001606.0,0.0125
2025-12-17 21:00:00,1766005206.0,0.0125
2025-12-17 22:00:00,1766008806.0,0.012
2025-12-17 23:00:00,1766012406.0,0.012
2025-12-18 00:00:00,1766016018.0,0.012
2025-12-18 01:00:00,1766019607.0,0.013
2025-12-18 02:00:00,1766023207.0,0.012
2025-12-18 03:00:00,1766026807.0,0.0105
2025-12-18 04:00:00,1766030406.0,0.011
2025-12-18 05:00:00,1766034006.0,0.012
2025-12-18 06:00:00,1766037606.0,0.0115
2025-12-18 07:00:00,1766041207.0,0.0125
2025-12-18 08:00:00,1766044806.0,0.013
2025-12-18 09:00:00,1766048406.0,0.013
2025-12-18 10:00:00,1766052007.0,0.013
2025-12-18 11:00:00,1766055607.0,0.0125
2025-12-18 12:00:00,1766059207.0,0.011
2025-12-18 13:00:00,1766062807.0,0.012
2025-12-18 14:00:00,1766066422.0,0.012
2025-12-18 15:00:00,1766070007.0,0.012
2025-12-18 16:00:00,1766073606.0,0.011
2025-12-18 17:00:00,1766077208.0,0.011
2025-12-18 18:00:00,1766080808.0,0.0115
2025-12-18 19:00:00,1766084411.0,0.0115
2025-12-18 20:00:00,1766088008.0,0.022
2025-12-18 21:00:00,1766091607.0,0.0345
2025-12-18 22:00:00,1766095209.0,0.019
2025-12-18 23:00:00,1766098807.0,0.0225
2025-12-19 00:00:00,1766102408.0,0.016
2025-12-19 01:00:00,1766106007.0,0.015
2025-12-19 02:00:00,1766109607.0,0.0265
2025-12-19 03:00:00,1766113207.0,0.027
2025-12-19 04:00:00,1766116808.0,0.0265
2025-12-19 05:00:00,1766120408.0,0.027
2025-12-19 06:00:00,1766124008.0,0.015
2025-12-19 07:00:00,1766127608.0,0.015
2025-12-19 08:00:00,1766131208.0,0.017
2025-12-19 09:00:00,1766134808.0,0.0165
2025-12-19 10:00:00,1766138407.0,0.0165
2025-12-19 11:00:00,1766142007.0,0.017
2025-12-19 12:00:00,1766145609.0,0.015
2025-12-19 13:00:00,1766149208.0,0.0105
2025-12-19 14:00:00,1766152808.0,0.0115
2025-12-19 15:00:00,1766156422.0,0.011
2025-12-19 16:00:00,1766160023.0,0.0115
2025-12-19 17:00:00,1766163608.0,0.011
2025-12-19 18:00:00,1766167207.0,0.012
2025-12-19 19:00:00,1766170806.0,0.0125
2025-12-19 20:00:00,1766174406.0,0.022
2025-12-19 21:00:00,1766178006.0,0.0165
2025-12-19 22:00:00,1766181606.0,0.016
2025-12-19 23:00:00,1766185206.0,0.0105
2025-12-20 00:00:00,1766188807.0,0.0095
2025-12-20 01:00:00,1766192408.0,0.0175
2025-12-20 02:00:00,1766196006.0,0.0125
2025-12-20 03:00:00,1766199618.0,0.013
2025-12-20 04:00:00,1766203207.0,0.013
2025-12-20 05:00:00,1766206807.0,0.0115
2025-12-20 06:00:00,1766210406.0,0.012
2025-12-20 07:00:00,1766214007.0,0.013
2025-12-20 08:00:00,1766217607.0,0.012
2025-12-20 09:00:00,1766221206.0,0.011
2025-12-20 10:00:00,1766224806.0,0.011
2025-12-20 11:00:00,1766228407.0,0.0105
2025-12-20 12:00:00,1766232006.0,0.0105
2025-12-20 13:00:00,1766235607.0,0.0105
2025-12-20 14:00:00,1766239207.0,0.0105
2025-12-20 15:00:00,1766242807.0,0.0105
2025-12-20 16:00:00,1766246408.0,0.0115
2025-12-20 17:00:00,1766250007.0,0.011
2025-12-20 18:00:00,1766253607.0,0.013
2025-12-20 19:00:00,1766257209.0,0.013
2025-12-20 20:00:00,1766260808.0,0.013
2025-12-20 21:00:00,1766264408.0,0.016
2025-12-20 22:00:00,1766268008.0,0.016
2025-12-20 23:00:00,1766271609.0,0.0135
2025-12-21 00:00:00,1766275207.0,0.0135
2025-12-21 01:00:00,1766278806.0,0.0135
2025-12-21 02:00:00,1766282406.0,0.0125
2025-12-21 03:00:00,1766286007.0,0.0125
2025-12-21 04:00:00,1766289606.0,0.0175
2025-12-21 05:00:00,1766293206.0,0.0165
2025-12-21 06:00:00,1766296807.0,0.013
2025-12-21 07:00:00,1766300405.0,0.013
2025-12-21 08:00:00,1766304006.0,0.0115
2025-12-21 09:00:00,1766307606.0,0.011
2025-12-21 10:00:00,1766311206.0,0.011
2025-12-21 11:00:00,1766314806.0,0.011
2025-12-21 12:00:00,1766318406.0,0.011
2025-12-21 13:00:00,1766322007.0,0.011
2025-12-21 14:00:00,1766325606.0,0.011
2025-12-21 15:00:00,1766329207.0,0.012
2025-12-21 16:00:00,1766332806.0,0.012
2025-12-21 17:00:00,1766336408.0,0.012
2025-12-21 18:00:00,1766340007.0,0.012
2025-12-21 19:00:00,1766343606.0,0.011
2025-12-21 20:00:00,1766347209.0,0.011
2025-12-21 21:00:00,1766350806.0,0.016
2025-12-21 22:00:00,1766354406.0,0.0195
2025-12-21 23:00:00,1766358007.0,0.0195
2025-12-22 00:00:00,1766361606.0,0.0195
2025-12-22 01:00:00,1766365207.0,0.02
2025-12-22 02:00:00,1766368806.0,0.02
2025-12-22 03:00:00,1766372407.0,0.021
2025-12-22 04:00:00,1766376005.0,0.02
2025-12-22 05:00:00,1766379605.0,0.0165
2025-12-22 06:00:00,1766383205.0,0.017
2025-12-22 07:00:00,1766386806.0,0.011
2025-12-22 08:00:00,1766390419.0,0.01
2025-12-22 09:00:00,1766394019.0,0.01
2025-12-22 10:00:00,1766397606.0,0.0105
2025-12-22 11:00:00,1766401206.0,0.01
2025-12-22 12:00:00,1766404806.0,0.012
2025-12-22 13:00:00,1766408405.0,0.014
2025-12-22 14:00:00,1766412006.0,0.0105
2025-12-22 15:00:00,1766415606.0,0.0105
2025-12-22 16:00:00,1766419205.0,0.009
2025-12-22 17:00:00,1766422806.0,0.01
2025-12-22 18:00:00,1766426406.0,0.009
2025-12-22 19:00:00,1766430007.0,0.009
2025-12-22 20:00:00,1766433619.0,0.009
2025-12-22 21:00:00,1766437206.0,0.009
2025-12-22 22:00:00,1766440818.0,0.0095
2025-12-22 23:00:00,1766444406.0,0.01
2025-12-23 00:00:00,1766448007.0,0.01
2025-12-23 01:00:00,1766451606.0,0.01
2025-12-23 02:00:00,1766455206.0,0.01
2025-12-23 03:00:00,1766458806.0,0.01
2025-12-23 04:00:00,1766462419.0,0.01
2025-12-23 05:00:00,1766466021.0,0.011
2025-12-23 06:00:00,1766469622.0,0.011
2025-12-23 07:00:00,1766473207.0,0.011
2025-12-23 08:00:00,1766476819.0,0.011
2025-12-23 09:00:00,1766480406.0,0.014
2025-12-23 10:00:00,1766484006.0,0.0145
2025-12-23 11:00:00,1766487606.0,0.0135
2025-12-23 12:00:00,1766491207.0,0.013
2025-12-23 13:00:00,1766494806.0,0.013
2025-12-23 14:00:00,1766498406.0,0.013
2025-12-23 15:00:00,1766502006.0,0.0115
2025-12-23 16:00:00,1766505606.0,0.0115
2025-12-23 17:00:00,1766509221.0,0.0115
2025-12-23 18:00:00,1766512806.0,0.0115
2025-12-23 19:00:00,1766516407.0,0.011
2025-12-23 20:00:00,1766520006.0,0.011
2025-12-23 21:00:00,1766523606.0,0.011
2025-12-23 22:00:00,1766527206.0,0.011
2025-12-23 23:00:00,1766530807.0,0.0105
2025-12-24 00:00:00,1766534408.0,0.019
2025-12-24 01:00:00,1766538008.0,0.0125
2025-12-24 02:00:00,1766541607.0,0.012
2025-12-24 03:00:00,1766545207.0,0.015
2025-12-24 04:00:00,1766548807.0,0.015
2025-12-24 05:00:00,1766552407.0,0.0175
2025-12-24 06:00:00,1766556008.0,0.0175
2025-12-24 07:00:00,1766559606.0,0.02
2025-12-24 08:00:00,1766563207.0,0.012
2025-12-24 09:00:00,1766566808.0,0.012
2025-12-24 10:00:00,1766570407.0,0.013
2025-12-24 11:00:00,1766574008.0,0.013
2025-12-24 12:00:00,1766577606.0,0.0125
2025-12-24 13:00:00,1766581207.0,0.012
2025-12-24 14:00:00,1766584806.0,0.012
2025-12-24 15:00:00,1766588407.0,0.0135
2025-12-24 16:00:00,1766592007.0,0.0165
2025-12-24 17:00:00,1766595607.0,0.0165
2025-12-24 18:00:00,1766599207.0,0.0105
2025-12-24 19:00:00,1766602806.0,0.0115
2025-12-24 20:00:00,1766606407.0,0.0115
2025-12-24 21:00:00,1766610006.0,0.0115
2025-12-24 22:00:00,1766613606.0,0.012
2025-12-24 23:00:00,1766617206.0,0.012
2025-12-25 00:00:00,1766620817.0,0.0115
2025-12-25 01:00:00,1766624406.0,0.0115
2025-12-25 02:00:00,1766628008.0,0.011
2025-12-25 03:00:00,1766631606.0,0.011
2025-12-25 04:00:00,1766635206.0,0.011
2025-12-25 05:00:00,1766638807.0,0.011
2025-12-25 06:00:00,1766642407.0,0.012
2025-12-25 07:00:00,1766646007.0,0.012
2025-12-25 08:00:00,1766649607.0,0.019
2025-12-25 09:00:00,1766653207.0,0.0155
2025-12-25 10:00:00,1766656806.0,0.018
2025-12-25 11:00:00,1766660407.0,0.0185
2025-12-25 12:00:00,1766664007.0,0.015
2025-12-25 13:00:00,1766667607.0,0.016
2025-12-25 14:00:00,1766671207.0,0.0145
2025-12-25 15:00:00,1766674807.0,0.0145
2025-12-25 16:00:00,1766678406.0,0.0135
2025-12-25 17:00:00,1766682007.0,0.0135
2025-12-25 18:00:00,1766685607.0,0.0135
2025-12-25 19:00:00,1766689207.0,0.012
2025-12-25 20:00:00,1766692807.0,0.012
2025-12-25 21:00:00,1766696407.0,0.012
2025-12-25 22:00:00,1766700007.0,0.012
2025-12-25 23:00:00,1766703607.0,0.0125
2025-12-26 00:00:00,1766707206.0,0.0115
2025-12-26 01:00:00,1766710806.0,0.0115
2025-12-26 02:00:00,1766714406.0,0.0135
2025-12-26 03:00:00,1766718007.0,0.013
2025-12-26 04:00:00,1766721607.0,0.013
2025-12-26 05:00:00,1766725208.0,0.013
2025-12-26 06:00:00,1766728806.0,0.0135
2025-12-26 07:00:00,1766732406.0,0.0135
2025-12-26 08:00:00,1766736007.0,0.014
2025-12-26 09:00:00,1766739606.0,0.0145
2025-12-26 10:00:00,1766743206.0,0.0125
2025-12-26 11:00:00,1766746807.0,0.012
2025-12-26 12:00:00,1766750406.0,0.012
2025-12-26 13:00:00,1766754006.0,0.012
2025-12-26 14:00:00,1766757607.0,0.012
2025-12-26 15:00:00,1766761208.0,0.011
2025-12-26 16:00:00,1766764807.0,0.011
2025-12-26 17:00:00,1766768408.0,0.011
2025-12-26 18:00:00,1766772006.0,0.011
2025-12-26 19:00:00,1766775607.0,0.011
2025-12-26 20:00:00,1766779207.0,0.012
2025-12-26 21:00:00,1766782808.0,0.013
2025-12-26 22:00:00,1766786407.0,0.013
2025-12-26 23:00:00,1766790006.0,0.013
2025-12-27 00:00:00,1766793609.0,0.013
2025-12-27 01:00:00,1766797208.0,0.013
2025-12-27 02:00:00,1766800807.0,0.011
2025-12-27 03:00:00,1766804408.0,0.0105
2025-12-27 04:00:00,1766808007.0,0.0115
2025-12-27 05:00:00,1766811608.0,0.012
2025-12-27 06:00:00,1766815208.0,0.011
2025-12-27 07:00:00,1766818808.0,0.0115
2025-12-27 08:00:00,1766822408.0,0.011
2025-12-27 09:00:00,1766826009.0,0.0105
2025-12-27 10:00:00,1766829608.0,0.011
2025-12-27 11:00:00,1766833208.0,0.011
2025-12-27 12:00:00,1766836808.0,0.011
2025-12-27 13:00:00,1766840408.0,0.0105
2025-12-27 14:00:00,1766844008.0,0.0105
2025-12-27 15:00:00,1766847607.0,0.0105
2025-12-27 16:00:00,1766851208.0,0.0105
2025-12-27 17:00:00,1766854807.0,0.0105
2025-12-27 18:00:00,1766858409.0,0.0105
2025-12-27 19:00:00,1766862008.0,0.0105
2025-12-27 20:00:00,1766865608.0,0.01
2025-12-27 21:00:00,1766869208.0,0.01
2025-12-27 22:00:00,1766872808.0,0.01
2025-12-27 23:00:00,1766876408.0,0.01
2025-12-28 00:00:00,1766880009.0,0.01
2025-12-28 01:00:00,1766883683.0,0.0115
2025-12-28 02:00:00,1766887208.0,0.0115
2025-12-28 03:00:00,1766890807.0,0.0115
2025-12-28 04:00:00,1766894408.0,0.0115
2025-12-28 05:00:00,1766898007.0,0.0115
2025-12-28 06:00:00,1766901607.0,0.0115
2025-12-28 07:00:00,1766905207.0,0.0115
2025-12-28 08:00:00,1766908808.0,0.0125
2025-12-28 09:00:00,1766912408.0,0.012
2025-12-28 10:00:00,1766916008.0,0.0125
2025-12-28 11:00:00,1766919607.0,0.013
2025-12-28 12:00:00,1766923207.0,0.0135
2025-12-28 13:00:00,1766926807.0,0.0125
2025-12-28 14:00:00,1766930407.0,0.0125
2025-12-28 15:00:00,1766934007.0,0.0125
2025-12-28 16:00:00,1766937620.0,0.013
2025-12-28 17:00:00,1766941207.0,0.013
2025-12-28 18:00:00,1766944808.0,0.013
2025-12-28 19:00:00,1766948407.0,0.013
2025-12-28 20:00:00,1766952019.0,0.0125
2025-12-28 21:00:00,1766955607.0,0.012
2025-12-28 22:00:00,1766959209.0,0.012
2025-12-28 23:00:00,1766962809.0,0.012
2025-12-29 00:00:00,1766966424.0,0.013
2025-12-29 01:00:00,1766970084.0,0.013
2025-12-29 02:00:00,1766973608.0,0.014
2025-12-29 03:00:00,1766977222.0,0.0145
2025-12-29 04:00:00,1766980807.0,0.015
2025-12-29 05:00:00,1766984408.0,0.016
2025-12-29 06:00:00,1766988008.0,0.017
2025-12-29 07:00:00,1766991609.0,0.017
2025-12-29 08:00:00,1766995207.0,0.017
2025-12-29 09:00:00,1766998807.0,0.017
2025-12-29 10:00:00,1767002407.0,0.017
2025-12-29 11:00:00,1767006007.0,0.017
2025-12-29 12:00:00,1767009608.0,0.016
2025-12-29 13:00:00,1767013208.0,0.015
2025-12-29 14:00:00,1767016807.0,0.0145
2025-12-29 15:00:00,1767020407.0,0.0135
2025-12-29 16:00:00,1767024007.0,0.0135
2025-12-29 17:00:00,1767027607.0,0.0145
2025-12-29 18:00:00,1767031207.0,0.0155
2025-12-29 19:00:00,1767034808.0,0.016
2025-12-29 20:00:00,1767038407.0,0.017
2025-12-29 21:00:00,1767042007.0,0.02
2025-12-29 22:00:00,1767045606.0,0.017
2025-12-29 23:00:00,1767049207.0,0.017
2025-12-30 00:00:00,1767052811.0,0.0165
2025-12-30 01:00:00,1767056407.0,0.016
2025-12-30 02:00:00,1767060008.0,0.0215
2025-12-30 03:00:00,1767063608.0,0.015
2025-12-30 04:00:00,1767067207.0,0.0145
2025-12-30 05:00:00,1767070807.0,0.0145
2025-12-30 06:00:00,1767074407.0,0.017
2025-12-30 07:00:00,1767078012.0,0.017
2025-12-30 08:00:00,1767081607.0,0.016
2025-12-30 09:00:00,1767085209.0,0.016
2025-12-30 10:00:00,1767088807.0,0.0175
2025-12-30 11:00:00,1767092408.0,0.0165
2025-12-30 12:00:00,1767096007.0,0.0165
2025-12-30 13:00:00,1767099607.0,0.0165
2025-12-30 14:00:00,1767103207.0,0.015
2025-12-30 15:00:00,1767106807.0,0.015
2025-12-30 16:00:00,1767110408.0,0.015
2025-12-30 17:00:00,1767114008.0,0.0175
2025-12-30 18:00:00,1767117612.0,0.019
2025-12-30 19:00:00,1767121207.0,0.0205
2025-12-30 20:00:00,1767124809.0,0.0225
2025-12-30 21:00:00,1767128407.0,0.0225
2025-12-30 22:00:00,1767132008.0,0.024
2025-12-30 23:00:00,1767135608.0,0.026
2025-12-31 00:00:00,1767139208.0,0.024
2025-12-31 01:00:00,1767142808.0,0.024
2025-12-31 02:00:00,1767146407.0,0.024
2025-12-31 03:00:00,1767150009.0,0.023
2025-12-31 04:00:00,1767153610.0,0.0225
2025-12-31 05:00:00,1767157207.0,0.0215
2025-12-31 06:00:00,1767160807.0,0.022
2025-12-31 07:00:00,1767164407.0,0.0225
2025-12-31 08:00:00,1767168007.0,0.0225
2025-12-31 09:00:00,1767171607.0,0.0225
2025-12-31 10:00:00,1767175208.0,0.022
2025-12-31 11:00:00,1767178818.0,0.022
2025-12-31 12:00:00,1767182407.0,0.022
2025-12-31 13:00:00,1767186007.0,0.022
2025-12-31 14:00:00,1767189607.0,0.022
2025-12-31 15:00:00,1767193207.0,0.0315
2025-12-31 16:00:00,1767196808.0,0.0315
2025-12-31 17:00:00,1767200409.0,0.037
2025-12-31 18:00:00,1767204009.0,0.0285
2025-12-31 19:00:00,1767207626.0,0.023
2025-12-31 20:00:00,1767211208.0,0.024
2025-12-31 21:00:00,1767214809.0,0.0285
2025-12-31 22:00:00,1767218409.0,0.027
2025-12-31 23:00:00,1767222008.0,0.027
2026-01-01 00:00:00,1767225608.0,0.0255
2026-01-01 01:00:00,1767229207.0,0.024
2026-01-01 02:00:00,1767232807.0,0.024
2026-01-01 03:00:00,1767236408.0,0.024
2026-01-01 04:00:00,1767240023.0,0.024
2026-01-01 05:00:00,1767243608.0,0.027
2026-01-01 06:00:00,1767247209.0,0.0265
2026-01-01 07:00:00,1767250807.0,0.0265
2026-01-01 08:00:00,1767254407.0,0.026
2026-01-01 09:00:00,1767258008.0,0.026
2026-01-01 10:00:00,1767261608.0,0.026
2026-01-01 11:00:00,1767265207.0,0.026
2026-01-01 12:00:00,1767268806.0,0.026
2026-01-01 13:00:00,1767272419.0,0.0265
2026-01-01 14:00:00,1767276006.0,0.027
2026-01-01 15:00:00,1767279607.0,0.028
2026-01-01 16:00:00,1767283206.0,0.0255
2026-01-01 17:00:00,1767286807.0,0.0255
2026-01-01 18:00:00,1767290408.0,0.024
2026-01-01 19:00:00,1767294006.0,0.024
2026-01-01 20:00:00,1767297618.0,0.024
2026-01-01 21:00:00,1767301206.0,0.0235
2026-01-01 22:00:00,1767304807.0,0.0245
2026-01-01 23:00:00,1767308408.0,0.0225
2026-01-02 00:00:00,1767312008.0,0.025
2026-01-02 01:00:00,1767315607.0,0.0255
2026-01-02 02:00:00,1767319208.0,0.0255
2026-01-02 03:00:00,1767322809.0,0.027
2026-01-02 04:00:00,1767326406.0,0.0265
2026-01-02 05:00:00,1767330008.0,0.026
2026-01-02 06:00:00,1767333607.0,0.027
2026-01-02 07:00:00,1767337206.0,0.0245
2026-01-02 08:00:00,1767340807.0,0.024
2026-01-02 09:00:00,1767344407.0,0.024
2026-01-02 10:00:00,1767348010.0,0.0245
2026-01-02 11:00:00,1767351608.0,0.025
2026-01-02 12:00:00,1767355207.0,0.022
2026-01-02 13:00:00,1767358806.0,0.0225
2026-01-02 14:00:00,1767362407.0,0.022
2026-01-02 15:00:00,1767366008.0,0.022
2026-01-02 16:00:00,1767369608.0,0.022
2026-01-02 17:00:00,1767373208.0,0.0205
2026-01-02 18:00:00,1767376821.0,0.0185
2026-01-02 19:00:00,1767380407.0,0.018
2026-01-02 20:00:00,1767384009.0,0.017
2026-01-02 21:00:00,1767387608.0,0.019
2026-01-02 22:00:00,1767391208.0,0.018
2026-01-02 23:00:00,1767394807.0,0.0175
2026-01-03 00:00:00,1767398408.0,0.023
2026-01-03 01:00:00,1767402079.0,0.023
2026-01-03 02:00:00,1767405608.0,0.023
2026-01-03 03:00:00,1767409208.0,0.0195
2026-01-03 04:00:00,1767412809.0,0.0185
2026-01-03 05:00:00,1767416420.0,0.018
2026-01-03 06:00:00,1767420009.0,0.018
2026-01-03 07:00:00,1767423608.0,0.018
2026-01-03 08:00:00,1767427207.0,0.0175
2026-01-03 09:00:00,1767430819.0,0.018
2026-01-03 10:00:00,1767434408.0,0.0175
2026-01-03 11:00:00,1767438007.0,0.021
2026-01-03 12:00:00,1767441607.0,0.0215
2026-01-03 13:00:00,1767445207.0,0.0215
2026-01-03 14:00:00,1767448809.0,0.023
2026-01-03 15:00:00,1767452423.0,0.023
2026-01-03 16:00:00,1767456008.0,0.023
2026-01-03 17:00:00,1767459608.0,0.0255
2026-01-03 18:00:00,1767463208.0,0.026
2026-01-03 19:00:00,1767466808.0,0.023
2026-01-03 20:00:00,1767470409.0,0.022
2026-01-03 21:00:00,1767474009.0,0.021
2026-01-03 22:00:00,1767477608.0,0.036
2026-01-03 23:00:00,1767481207.0,0.0315
2026-01-04 00:00:00,1767484809.0,0.041
2026-01-04 01:00:00,1767488407.0,0.032
2026-01-04 02:00:00,1767492008.0,0.0345
2026-01-04 03:00:00,1767495622.0,0.0375
2026-01-04 04:00:00,1767499209.0,0.0335
2026-01-04 05:00:00,1767502807.0,0.0305
2026-01-04 06:00:00,1767506406.0,0.0315
2026-01-04 07:00:00,1767510008.0,0.0315
2026-01-04 08:00:00,1767513607.0,0.0255
2026-01-04 09:00:00,1767517207.0,0.0255
2026-01-04 10:00:00,1767520807.0,0.025
2026-01-04 11:00:00,1767524412.0,0.0245
2026-01-04 12:00:00,1767528008.0,0.0245
2026-01-04 13:00:00,1767531607.0,0.0225
2026-01-04 14:00:00,1767535207.0,0.023
2026-01-04 15:00:00,1767538813.0,0.0215
2026-01-04 16:00:00,1767542407.0,0.029
2026-01-04 17:00:00,1767546008.0,0.032
2026-01-04 18:00:00,1767549607.0,0.03
2026-01-04 19:00:00,1767553208.0,0.033
2026-01-04 20:00:00,1767556826.0,0.0275
2026-01-04 21:00:00,1767560410.0,0.024
2026-01-04 22:00:00,1767564008.0,0.019
2026-01-04 23:00:00,1767567608.0,0.0185
2026-01-05 00:00:00,1767571209.0,0.0195
2026-01-05 01:00:00,1767574808.0,0.0235
2026-01-05 02:00:00,1767578408.0,0.017
2026-01-05 03:00:00,1767582009.0,0.0175
2026-01-05 04:00:00,1767585607.0,0.0165
2026-01-05 05:00:00,1767589222.0,0.022
2026-01-05 06:00:00,1767592808.0,0.02
2026-01-05 07:00:00,1767596408.0,0.0185
2026-01-05 08:00:00,1767600009.0,0.017
2026-01-05 09:00:00,1767603613.0,0.018
2026-01-05 10:00:00,1767607207.0,0.02
2026-01-05 11:00:00,1767610807.0,0.018
2026-01-05 12:00:00,1767614407.0,0.018
2026-01-05 13:00:00,1767618007.0,0.017
2026-01-05 14:00:00,1767621607.0,0.017
2026-01-05 15:00:00,1767625207.0,0.0185
2026-01-05 16:00:00,1767628808.0,0.0205
2026-01-05 17:00:00,1767632409.0,0.018
2026-01-05 18:00:00,1767636008.0,0.018
2026-01-05 19:00:00,1767639608.0,0.018
2026-01-05 20:00:00,1767643207.0,0.018
2026-01-05 21:00:00,1767646809.0,0.019
2026-01-05 22:00:00,1767650425.0,0.019
2026-01-05 23:00:00,1767654008.0,0.019
2026-01-06 00:00:00,1767657611.0,0.018
2026-01-06 01:00:00,1767661214.0,0.018
2026-01-06 02:00:00,1767664807.0,0.0175
2026-01-06 03:00:00,1767668408.0,0.0175
2026-01-06 04:00:00,1767672009.0,0.017
2026-01-06 05:00:00,1767675608.0,0.018
2026-01-06 06:00:00,1767679209.0,0.0195
2026-01-06 07:00:00,1767682812.0,0.0195
2026-01-06 08:00:00,1767686410.0,0.02
2026-01-06 09:00:00,1767690009.0,0.017
2026-01-06 10:00:00,1767693607.0,0.0165
2026-01-06 11:00:00,1767697213.0,0.0165
2026-01-06 12:00:00,1767700807.0,0.014
2026-01-06 13:00:00,1767704410.0,0.0145
2026-01-06 14:00:00,1767708008.0,0.0145
2026-01-06 15:00:00,1767711613.0,0.0145
2026-01-06 16:00:00,1767715208.0,0.0145
2026-01-06 17:00:00,1767718808.0,0.0175
2026-01-06 18:00:00,1767722408.0,0.0185
2026-01-06 19:00:00,1767726008.0,0.0175
2026-01-06 20:00:00,1767729609.0,0.0175
2026-01-06 21:00:00,1767733207.0,0.016
2026-01-06 22:00:00,1767736808.0,0.0195
2026-01-06 23:00:00,1767740409.0,0.0185
2026-01-07 00:00:00,1767744009.0,0.0185
2026-01-07 01:00:00,1767747608.0,0.0175
2026-01-07 02:00:00,1767751209.0,0.0175
2026-01-07 03:00:00,1767754809.0,0.0185
2026-01-07 04:00:00,1767758408.0,0.018
2026-01-07 05:00:00,1767762009.0,0.0165
2026-01-07 06:00:00,1767765612.0,0.0165
2026-01-07 07:00:00,1767769208.0,0.0175
2026-01-07 08:00:00,1767772808.0,0.018
2026-01-07 09:00:00,1767776408.0,0.017
2026-01-07 10:00:00,1767780013.0,0.02
2026-01-07 11:00:00,1767783607.0,0.0195
2026-01-07 12:00:00,1767787212.0,0.019
2026-01-07 13:00:00,1767790808.0,0.0185
2026-01-07 14:00:00,1767794407.0,0.018
2026-01-07 15:00:00,1767798009.0,0.018
2026-01-07 16:00:00,1767801609.0,0.018
2026-01-07 17:00:00,1767805209.0,0.018
2026-01-07 18:00:00,1767808808.0,0.0195
2026-01-07 19:00:00,1767812409.0,0.0175
2026-01-07 20:00:00,1767816008.0,0.0165
2026-01-07 21:00:00,1767819614.0,0.017
2026-01-07 22:00:00,1767823212.0,0.017
2026-01-07 23:00:00,1767826809.0,0.017
2026-01-08 00:00:00,1767830424.0,0.017
2026-01-08 01:00:00,1767834021.0,0.017
2026-01-08 02:00:00,1767837608.0,0.017
2026-01-08 03:00:00,1767841208.0,0.017
2026-01-08 04:00:00,1767844808.0,0.017
2026-01-08 05:00:00,1767848408.0,0.0165
2026-01-08 06:00:00,1767852008.0,0.017
2026-01-08 07:00:00,1767855608.0,0.0175
2026-01-08 08:00:00,1767859219.0,0.0175
2026-01-08 09:00:00,1767862808.0,0.017
2026-01-08 10:00:00,1767866409.0,0.017
2026-01-08 11:00:00,1767870009.0,0.017
2026-01-08 12:00:00,1767873609.0,0.017
2026-01-08 13:00:00,1767877208.0,0.017
2026-01-08 14:00:00,1767880812.0,0.0185
2026-01-08 15:00:00,1767884408.0,0.018
2026-01-08 16:00:00,1767888023.0,0.0185
2026-01-08 17:00:00,1767891611.0,0.0175
2026-01-08 18:00:00,1767895208.0,0.018
2026-01-08 19:00:00,1767898809.0,0.016
2026-01-08 20:00:00,1767902409.0,0.0155
2026-01-08 21:00:00,1767906010.0,0.0285
2026-01-08 22:00:00,1767909610.0,0.0225
2026-01-08 23:00:00,1767913210.0,0.0225
2026-01-09 00:00:00,1767916808.0,0.0225
2026-01-09 01:00:00,1767920409.0,0.019
2026-01-09 02:00:00,1767924010.0,0.018
2026-01-09 03:00:00,1767927610.0,0.016
2026-01-09 04:00:00,1767931209.0,0.0175
2026-01-09 05:00:00,1767934809.0,0.017
2026-01-09 06:00:00,1767938409.0,0.0175
2026-01-09 07:00:00,1767942008.0,0.018
2026-01-09 08:00:00,1767945609.0,0.018
2026-01-09 09:00:00,1767949209.0,0.017
2026-01-09 10:00:00,1767952810.0,0.017
2026-01-09 11:00:00,1767956409.0,0.017
2026-01-09 12:00:00,1767960023.0,0.017
2026-01-09 13:00:00,1767963609.0,0.017
2026-01-09 14:00:00,1767967209.0,0.017
2026-01-09 15:00:00,1767970809.0,0.017
2026-01-09 16:00:00,1767974412.0,0.0165
2026-01-09 17:00:00,1767978010.0,0.0165
2026-01-09 18:00:00,1767981611.0,0.0155
2026-01-09 19:00:00,1767985211.0,0.016
2026-01-09 20:00:00,1767988811.0,0.016
2026-01-09 21:00:00,1767992411.0,0.0165
2026-01-09 22:00:00,1767996011.0,0.016
2026-01-09 23:00:00,1767999609.0,0.018
2026-01-10 00:00:00,1768003210.0,0.019
2026-01-10 01:00:00,1768006811.0,0.0185
2026-01-10 02:00:00,1768010408.0,0.019
2026-01-10 03:00:00,1768014009.0,0.0195
2026-01-10 04:00:00,1768017608.0,0.0175
2026-01-10 05:00:00,1768021208.0,0.017
2026-01-10 06:00:00,1768024810.0,0.017
2026-01-10 07:00:00,1768028409.0,0.0165
2026-01-10 08:00:00,1768032023.0,0.016
2026-01-10 09:00:00,1768035611.0,0.0165
2026-01-10 10:00:00,1768039209.0,0.0165
2026-01-10 11:00:00,1768042810.0,0.0165
2026-01-10 12:00:00,1768046408.0,0.0165
2026-01-10 13:00:00,1768050011.0,0.0165
2026-01-10 14:00:00,1768053613.0,0.0155
2026-01-10 15:00:00,1768057210.0,0.0155
2026-01-10 16:00:00,1768060821.0,0.0155
2026-01-10 17:00:00,1768064410.0,0.015
2026-01-10 18:00:00,1768068011.0,0.0145
2026-01-10 19:00:00,1768071609.0,0.011
2026-01-10 20:00:00,1768075209.0,0.012
2026-01-10 21:00:00,1768078813.0,0.011
2026-01-10 22:00:00,1768082410.0,0.0115
2026-01-10 23:00:00,1768086010.0,0.0115
2026-01-11 00:00:00,1768089609.0,0.0115
2026-01-11 01:00:00,1768093211.0,0.0115
2026-01-11 02:00:00,1768096823.0,0.011
2026-01-11 03:00:00,1768100410.0,0.011
2026-01-11 04:00:00,1768104011.0,0.011
2026-01-11 05:00:00,1768107608.0,0.0115
2026-01-11 06:00:00,1768111209.0,0.0115
2026-01-11 07:00:00,1768114810.0,0.0115
2026-01-11 08:00:00,1768118409.0,0.01
2026-01-11 09:00:00,1768122007.0,0.01
2026-01-11 10:00:00,1768125608.0,0.0105
2026-01-11 11:00:00,1768129208.0,0.0105
2026-01-11 12:00:00,1768132809.0,0.01
2026-01-11 13:00:00,1768136410.0,0.0115
2026-01-11 14:00:00,1768140008.0,0.0175
2026-01-11 15:00:00,1768143609.0,0.0125
2026-01-11 16:00:00,1768147208.0,0.015
2026-01-11 17:00:00,1768150808.0,0.016
2026-01-11 18:00:00,1768154409.0,0.0145
2026-01-11 19:00:00,1768158011.0,0.0135
2026-01-11 20:00:00,1768161609.0,0.013
2026-01-11 21:00:00,1768165227.0,0.016
2026-01-11 22:00:00,1768168810.0,0.02
2026-01-11 23:00:00,1768172410.0,0.02
2026-01-12 00:00:00,1768176011.0,0.02
2026-01-12 01:00:00,1768179609.0,0.016
2026-01-12 02:00:00,1768183220.0,0.0195
2026-01-12 03:00:00,1768186825.0,0.016
2026-01-12 04:00:00,1768190408.0,0.016
2026-01-12 05:00:00,1768194009.0,0.018
2026-01-12 06:00:00,1768197609.0,0.018
2026-01-12 07:00:00,1768201210.0,0.018
2026-01-12 08:00:00,1768204811.0,0.017
2026-01-12 09:00:00,1768208408.0,0.017
2026-01-12 10:00:00,1768212008.0,0.017
2026-01-12 11:00:00,1768215620.0,0.017
2026-01-12 12:00:00,1768219214.0,0.0165
2026-01-12 13:00:00,1768222810.0,0.017
2026-01-12 14:00:00,1768226409.0,0.0205
2026-01-12 15:00:00,1768230009.0,0.0155
2026-01-12 16:00:00,1768233608.0,0.0195
2026-01-12 17:00:00,1768237208.0,0.0145
2026-01-12 18:00:00,1768240835.0,0.0125
2026-01-12 19:00:00,1768244410.0,0.0135
2026-01-12 20:00:00,1768248010.0,0.0135
2026-01-12 21:00:00,1768251611.0,0.0155
2026-01-12 22:00:00,1768255238.0,0.0155
2026-01-12 23:00:00,1768258814.0,0.0165
2026-01-13 00:00:00,1768262411.0,0.016
2026-01-13 01:00:00,1768266085.0,0.0165
2026-01-13 02:00:00,1768269609.0,0.0165
2026-01-13 03:00:00,1768273212.0,0.021
2026-01-13 04:00:00,1768276810.0,0.0195
2026-01-13 05:00:00,1768280409.0,0.016
2026-01-13 06:00:00,1768284010.0,0.0165
2026-01-13 07:00:00,1768287613.0,0.015
2026-01-13 08:00:00,1768291222.0,0.0155
2026-01-13 09:00:00,1768294811.0,0.015
2026-01-13 10:00:00,1768298410.0,0.017
2026-01-13 11:00:00,1768302010.0,0.0155
2026-01-13 12:00:00,1768305611.0,0.015
2026-01-13 13:00:00,1768309254.0,0.0145
2026-01-13 14:00:00,1768312825.0,0.0145
2026-01-13 15:00:00,1768316410.0,0.015
2026-01-13 16:00:00,1768320009.0,0.015
2026-01-13 17:00:00,1768323610.0,0.015
2026-01-13 18:00:00,1768327210.0,0.015
2026-01-13 19:00:00,1768330839.0,0.022
2026-01-13 20:00:00,1768334410.0,0.0245
2026-01-13 21:00:00,1768338010.0,0.0245
2026-01-13 22:00:00,1768341609.0,0.0245
2026-01-13 23:00:00,1768345211.0,0.0245
2026-01-14 00:00:00,1768348809.0,0.0245
2026-01-14 01:00:00,1768352410.0,0.0255
2026-01-14 02:00:00,1768356011.0,0.025
2026-01-14 03:00:00,1768359610.0,0.0165
2026-01-14 04:00:00,1768363210.0,0.016
2026-01-14 05:00:00,1768366811.0,0.016
2026-01-14 06:00:00,1768370409.0,0.016
2026-01-14 07:00:00,1768374011.0,0.0155
2026-01-14 08:00:00,1768377625.0,0.0155
2026-01-14 09:00:00,1768381210.0,0.0155
2026-01-14 10:00:00,1768384809.0,0.0155
2026-01-14 11:00:00,1768388409.0,0.0155
2026-01-14 12:00:00,1768392009.0,0.0155
2026-01-14 13:00:00,1768395610.0,0.0155
2026-01-14 14:00:00,1768399209.0,0.014
2026-01-14 15:00:00,1768402811.0,0.0145
2026-01-14 16:00:00,1768406424.0,0.0135
2026-01-14 17:00:00,1768410012.0,0.0135
2026-01-14 18:00:00,1768413610.0,0.0195
2026-01-14 19:00:00,1768417211.0,0.018
2026-01-14 20:00:00,1768420810.0,0.015
2026-01-14 21:00:00,1768424412.0,0.014
2026-01-14 22:00:00,1768428010.0,0.0145
2026-01-14 23:00:00,1768431611.0,0.0145
2026-01-15 00:00:00,1768435211.0,0.0145
2026-01-15 01:00:00,1768438809.0,0.0145
2026-01-15 02:00:00,1768442410.0,0.0145
2026-01-15 03:00:00,1768446011.0,0.014
2026-01-15 04:00:00,1768449611.0,0.0145
2026-01-15 05:00:00,1768453210.0,0.0155
2026-01-15 06:00:00,1768456809.0,0.018
2026-01-15 07:00:00,1768460410.0,0.017
2026-01-15 08:00:00,1768464010.0,0.0155
2026-01-15 09:00:00,1768467610.0,0.015
2026-01-15 10:00:00,1768471210.0,0.0145
2026-01-15 11:00:00,1768474810.0,0.0145
2026-01-15 12:00:00,1768478410.0,0.0145
2026-01-15 13:00:00,1768482011.0,0.0145
2026-01-15 14:00:00,1768485610.0,0.0155
2026-01-15 15:00:00,1768489210.0,0.0205
2026-01-15 16:00:00,1768492811.0,0.025
2026-01-15 17:00:00,1768496412.0,0.018
2026-01-15 18:00:00,1768500013.0,0.016
2026-01-15 19:00:00,1768503613.0,0.0155
2026-01-15 20:00:00,1768507212.0,0.0145
2026-01-15 21:00:00,1768510812.0,0.0145
2026-01-15 22:00:00,1768514411.0,0.014
2026-01-15 23:00:00,1768518012.0,0.0145
2026-01-16 00:00:00,1768521612.0,0.0145
2026-01-16 01:00:00,1768525212.0,0.0145
2026-01-16 02:00:00,1768528812.0,0.0145
2026-01-16 03:00:00,1768532411.0,0.0145
2026-01-16 04:00:00,1768536011.0,0.0145
2026-01-16 05:00:00,1768539611.0,0.0125
2026-01-16 06:00:00,1768543211.0,0.012
2026-01-16 07:00:00,1768546810.0,0.0105
2026-01-16 08:00:00,1768550411.0,0.0125
2026-01-16 09:00:00,1768554010.0,0.0125
2026-01-16 10:00:00,1768557610.0,0.016
2026-01-16 11:00:00,1768561210.0,0.015
2026-01-16 12:00:00,1768564810.0,0.017
2026-01-16 13:00:00,1768568411.0,0.015
2026-01-16 14:00:00,1768572010.0,0.015
2026-01-16 15:00:00,1768575610.0,0.015
2026-01-16 16:00:00,1768579210.0,0.015
2026-01-16 17:00:00,1768582811.0,0.0135
2026-01-16 18:00:00,1768586411.0,0.013
2026-01-16 19:00:00,1768590011.0,0.0125
2026-01-16 20:00:00,1768593610.0,0.013
2026-01-16 21:00:00,1768597211.0,0.013
2026-01-16 22:00:00,1768600810.0,0.009
2026-01-16 23:00:00,1768604411.0,0.0115
2026-01-17 00:00:00,1768608010.0,0.013
2026-01-17 01:00:00,1768611611.0,0.011
2026-01-17 02:00:00,1768615211.0,0.0085
2026-01-17 03:00:00,1768618812.0,0.0085
2026-01-17 04:00:00,1768622410.0,0.009
2026-01-17 05:00:00,1768626011.0,0.0105
2026-01-17 06:00:00,1768629611.0,0.0095
2026-01-17 07:00:00,1768633212.0,0.0085
2026-01-17 08:00:00,1768636810.0,0.0095
2026-01-17 09:00:00,1768640410.0,0.0095
2026-01-17 10:00:00,1768644023.0,0.0185
2026-01-17 11:00:00,1768647611.0,0.0135
2026-01-17 12:00:00,1768651211.0,0.009
2026-01-17 13:00:00,1768654811.0,0.009
2026-01-17 14:00:00,1768658413.0,0.009
2026-01-17 15:00:00,1768662012.0,0.009
2026-01-17 16:00:00,1768665610.0,0.0095
2026-01-17 17:00:00,1768669222.0,0.014
2026-01-17 18:00:00,1768672813.0,0.0115
2026-01-17 19:00:00,1768676411.0,0.0105
2026-01-17 20:00:00,1768680010.0,0.0105
2026-01-17 21:00:00,1768683624.0,0.0115
2026-01-17 22:00:00,1768687211.0,0.012
2026-01-17 23:00:00,1768690811.0,0.012
2026-01-18 00:00:00,1768694410.0,0.0105
2026-01-18 01:00:00,1768698010.0,0.01
2026-01-18 02:00:00,1768701641.0,0.0125
2026-01-18 03:00:00,1768705210.0,0.014
2026-01-18 04:00:00,1768708811.0,0.0165
2026-01-18 05:00:00,1768712421.0,0.015
2026-01-18 06:00:00,1768716036.0,0.0155
2026-01-18 07:00:00,1768719609.0,0.013
2026-01-18 08:00:00,1768723222.0,0.0125
2026-01-18 09:00:00,1768726809.0,0.01
2026-01-18 10:00:00,1768730409.0,0.0085
2026-01-18 11:00:00,1768734012.0,0.0095
2026-01-18 12:00:00,1768737626.0,0.009
2026-01-18 13:00:00,1768741223.0,0.0105
2026-01-18 14:00:00,1768744811.0,0.0095
2026-01-18 15:00:00,1768748409.0,0.0125
2026-01-18 16:00:00,1768752009.0,0.0125
2026-01-18 17:00:00,1768755625.0,0.0125
2026-01-18 18:00:00,1768759223.0,0.0125
2026-01-18 19:00:00,1768762810.0,0.0105
2026-01-18 20:00:00,1768766410.0,0.0095
2026-01-18 21:00:00,1768770009.0,0.0095
2026-01-18 22:00:00,1768773609.0,0.0085
2026-01-18 23:00:00,1768777210.0,0.0085
2026-01-19 00:00:00,1768780810.0,0.011
2026-01-19 01:00:00,1768784506.0,0.011
2026-01-19 02:00:00,1768788013.0,0.0095
2026-01-19 03:00:00,1768791610.0,0.0085
2026-01-19 04:00:00,1768795215.0,0.0085
2026-01-19 05:00:00,1768798820.0,0.0075
2026-01-19 06:00:00,1768802409.0,0.0075
2026-01-19 07:00:00,1768806021.0,0.009
2026-01-19 08:00:00,1768809621.0,0.0085
2026-01-19 09:00:00,1768813209.0,0.0075
2026-01-19 10:00:00,1768816810.0,0.0075
2026-01-19 11:00:00,1768820420.0,0.0085
2026-01-19 12:00:00,1768824010.0,0.0085
2026-01-19 13:00:00,1768827609.0,0.008
2026-01-19 14:00:00,1768831209.0,0.0075
2026-01-19 15:00:00,1768834809.0,0.0075
2026-01-19 16:00:00,1768838410.0,0.008
2026-01-19 17:00:00,1768842021.0,0.0085
2026-01-19 18:00:00,1768845610.0,0.009
2026-01-19 19:00:00,1768849211.0,0.009
2026-01-19 20:00:00,1768852812.0,0.008
2026-01-19 21:00:00,1768856410.0,0.0075
2026-01-19 22:00:00,1768860011.0,0.0065
2026-01-19 23:00:00,1768863611.0,0.0075
2026-01-20 00:00:00,1768867210.0,0.0075
2026-01-20 01:00:00,1768870810.0,0.0075
2026-01-20 02:00:00,1768874410.0,0.007
2026-01-20 03:00:00,1768878025.0,0.007
2026-01-20 04:00:00,1768881611.0,0.0075
2026-01-20 05:00:00,1768885224.0,0.0065
2026-01-20 06:00:00,1768888811.0,0.0065
2026-01-20 07:00:00,1768892410.0,0.0075
2026-01-20 08:00:00,1768896011.0,0.0075
2026-01-20 09:00:00,1768899609.0,0.0075
2026-01-20 10:00:00,1768903210.0,0.008
2026-01-20 11:00:00,1768906810.0,0.008
2026-01-20 12:00:00,1768910411.0,0.0075
2026-01-20 13:00:00,1768914010.0,0.008
2026-01-20 14:00:00,1768917610.0,0.0085
2026-01-20 15:00:00,1768921210.0,0.0075
2026-01-20 16:00:00,1768924808.0,0.0075
2026-01-20 17:00:00,1768928409.0,0.0085
2026-01-20 18:00:00,1768932009.0,0.0085
2026-01-20 19:00:00,1768935609.0,0.008
2026-01-20 20:00:00,1768939210.0,0.0105
2026-01-20 21:00:00,1768942827.0,0.0125
2026-01-20 22:00:00,1768946410.0,0.014
2026-01-20 23:00:00,1768950009.0,0.013
2026-01-21 00:00:00,1768953610.0,0.014
2026-01-21 01:00:00,1768957209.0,0.014
2026-01-21 02:00:00,1768960811.0,0.012
2026-01-21 03:00:00,1768964409.0,0.0155
2026-01-21 04:00:00,1768968009.0,0.014
2026-01-21 05:00:00,1768971609.0,0.014
2026-01-21 06:00:00,1768975209.0,0.0115
2026-01-21 07:00:00,1768978811.0,0.0125
2026-01-21 08:00:00,1768982410.0,0.014
2026-01-21 09:00:00,1768986009.0,0.013
2026-01-21 10:00:00,1768989609.0,0.0135
2026-01-21 11:00:00,1768993209.0,0.0135
2026-01-21 12:00:00,1768996821.0,0.0125
2026-01-21 13:00:00,1769000410.0,0.0115
2026-01-21 14:00:00,1769004010.0,0.0115
2026-01-21 15:00:00,1769007610.0,0.0065
2026-01-21 16:00:00,1769011210.0,0.009
2026-01-21 17:00:00,1769014811.0,0.0065
2026-01-21 18:00:00,1769018424.0,0.0075
2026-01-21 19:00:00,1769022024.0,0.0075
2026-01-21 20:00:00,1769025611.0,0.0075
2026-01-21 21:00:00,1769029237.0,0.0075
2026-01-21 22:00:00,1769032810.0,0.0065
2026-01-21 23:00:00,1769036412.0,0.0065
2026-01-22 00:00:00,1769040010.0,0.0065
2026-01-22 01:00:00,1769043610.0,0.0075
2026-01-22 02:00:00,1769047213.0,0.0075
2026-01-22 03:00:00,1769050811.0,0.0075
2026-01-22 04:00:00,1769054409.0,0.0075
2026-01-22 05:00:00,1769058009.0,0.009
2026-01-22 06:00:00,1769061610.0,0.0085
2026-01-22 07:00:00,1769065210.0,0.008
2026-01-22 08:00:00,1769068809.0,0.0085
2026-01-22 09:00:00,1769072409.0,0.0075
2026-01-22 10:00:00,1769076010.0,0.008
2026-01-22 11:00:00,1769079609.0,0.008
2026-01-22 12:00:00,1769083223.0,0.008
2026-01-22 13:00:00,1769086810.0,0.0075
2026-01-22 14:00:00,1769090410.0,0.012
2026-01-22 15:00:00,1769094010.0,0.011
2026-01-22 16:00:00,1769097610.0,0.0125
2026-01-22 17:00:00,1769101211.0,0.0085
2026-01-22 18:00:00,1769104811.0,0.0085
2026-01-22 19:00:00,1769108410.0,0.0085
2026-01-22 20:00:00,1769112011.0,0.0085
2026-01-22 21:00:00,1769115611.0,0.0085
2026-01-22 22:00:00,1769119212.0,0.0075
2026-01-22 23:00:00,1769122811.0,0.0075
2026-01-23 00:00:00,1769126425.0,0.0075
2026-01-23 01:00:00,1769130010.0,0.0075
2026-01-23 02:00:00,1769133611.0,0.0075
2026-01-23 03:00:00,1769137213.0,0.0085
2026-01-23 04:00:00,1769140812.0,0.01
2026-01-23 05:00:00,1769144409.0,0.01
2026-01-23 06:00:00,1769148009.0,0.0095
2026-01-23 07:00:00,1769151610.0,0.0075
2026-01-23 08:00:00,1769155209.0,0.0085
2026-01-23 09:00:00,1769158810.0,0.0075
2026-01-23 10:00:00,1769162411.0,0.0085
2026-01-23 11:00:00,1769166012.0,0.008
2026-01-23 12:00:00,1769169611.0,0.0085
2026-01-23 13:00:00,1769173209.0,0.008
2026-01-23 14:00:00,1769176810.0,0.0085
2026-01-23 15:00:00,1769180409.0,0.0075
2026-01-23 16:00:00,1769184009.0,0.0075
2026-01-23 17:00:00,1769187623.0,0.0075
2026-01-23 18:00:00,1769191211.0,0.0075
2026-01-23 19:00:00,1769194812.0,0.0085
2026-01-23 20:00:00,1769198410.0,0.0075
2026-01-23 21:00:00,1769202011.0,0.0075
2026-01-23 22:00:00,1769205611.0,0.0075
2026-01-23 23:00:00,1769209212.0,0.0075
2026-01-24 00:00:00,1769212813.0,0.0085
2026-01-24 01:00:00,1769216412.0,0.0085
2026-01-24 02:00:00,1769220015.0,0.008
2026-01-24 03:00:00,1769223610.0,0.008
2026-01-24 04:00:00,1769227210.0,0.0085
2026-01-24 05:00:00,1769230829.0,0.008
2026-01-24 06:00:00,1769234411.0,0.0105
2026-01-24 07:00:00,1769238011.0,0.01
2026-01-24 08:00:00,1769241612.0,0.011
2026-01-24 09:00:00,1769245211.0,0.0115
2026-01-24 10:00:00,1769248810.0,0.0075
2026-01-24 11:00:00,1769252412.0,0.009
2026-01-24 12:00:00,1769256011.0,0.0085
2026-01-24 13:00:00,1769259611.0,0.0085
2026-01-24 14:00:00,1769263217.0,0.0085
2026-01-24 15:00:00,1769266816.0,0.0085
2026-01-24 16:00:00,1769270411.0,0.009
2026-01-24 17:00:00,1769274013.0,0.01
2026-01-24 18:00:00,1769277612.0,0.009
2026-01-24 19:00:00,1769281212.0,0.0075
2026-01-24 20:00:00,1769284810.0,0.0075
2026-01-24 21:00:00,1769288411.0,0.0105
2026-01-24 22:00:00,1769292011.0,0.0105
2026-01-24 23:00:00,1769295611.0,0.014
2026-01-25 00:00:00,1769299227.0,0.014
2026-01-25 01:00:00,1769302811.0,0.0135
2026-01-25 02:00:00,1769306410.0,0.0115
2026-01-25 03:00:00,1769310010.0,0.012
2026-01-25 04:00:00,1769313609.0,0.012
2026-01-25 05:00:00,1769317210.0,0.012
2026-01-25 06:00:00,1769320809.0,0.012
2026-01-25 07:00:00,1769324411.0,0.009
2026-01-25 08:00:00,1769328010.0,0.009
2026-01-25 09:00:00,1769331611.0,0.009
2026-01-25 10:00:00,1769335211.0,0.01
2026-01-25 11:00:00,1769338810.0,0.009
2026-01-25 12:00:00,1769342411.0,0.0095
2026-01-25 13:00:00,1769346022.0,0.0095
2026-01-25 14:00:00,1769349610.0,0.0095
2026-01-25 15:00:00,1769353212.0,0.0115
2026-01-25 16:00:00,1769356810.0,0.011
2026-01-25 17:00:00,1769360421.0,0.019
2026-01-25 18:00:00,1769364013.0,0.023
2026-01-25 19:00:00,1769367610.0,0.018
2026-01-25 20:00:00,1769371210.0,0.013
2026-01-25 21:00:00,1769374811.0,0.011
2026-01-25 22:00:00,1769378411.0,0.01
2026-01-25 23:00:00,1769382011.0,0.0105
2026-01-26 00:00:00,1769385623.0,0.011
2026-01-26 01:00:00,1769389211.0,0.009
2026-01-26 02:00:00,1769392811.0,0.0105
2026-01-26 03:00:00,1769396410.0,0.0095
2026-01-26 04:00:00,1769400011.0,0.0115
2026-01-26 05:00:00,1769403609.0,0.0115
2026-01-26 06:00:00,1769407211.0,0.0115
2026-01-26 07:00:00,1769410811.0,0.0095
2026-01-26 08:00:00,1769414410.0,0.01
2026-01-26 09:00:00,1769418011.0,0.01
2026-01-26 10:00:00,1769421610.0,0.01
2026-01-26 11:00:00,1769425210.0,0.0115
2026-01-26 12:00:00,1769428811.0,0.0155
2026-01-26 13:00:00,1769432414.0,0.015
2026-01-26 14:00:00,1769436010.0,0.013
2026-01-26 15:00:00,1769439611.0,0.012
2026-01-26 16:00:00,1769443210.0,0.013
2026-01-26 17:00:00,1769446815.0,0.017
2026-01-26 18:00:00,1769450411.0,0.015
2026-01-26 19:00:00,1769454011.0,0.0185
2026-01-26 20:00:00,1769457611.0,0.013
2026-01-26 21:00:00,1769461210.0,0.0125
2026-01-26 22:00:00,1769464811.0,0.0125
2026-01-26 23:00:00,1769468411.0,0.012
2026-01-27 00:00:00,1769472022.0,0.012
2026-01-27 01:00:00,1769475611.0,0.013
2026-01-27 02:00:00,1769479210.0,0.0185
2026-01-27 03:00:00,1769482818.0,0.0115
2026-01-27 04:00:00,1769486412.0,0.012
2026-01-27 05:00:00,1769490010.0,0.012
2026-01-27 06:00:00,1769493611.0,0.011
2026-01-27 07:00:00,1769497217.0,0.011
2026-01-27 08:00:00,1769500810.0,0.01
2026-01-27 09:00:00,1769504412.0,0.0095
2026-01-27 10:00:00,1769508019.0,0.01
2026-01-27 11:00:00,1769511611.0,0.0155
2026-01-27 12:00:00,1769515212.0,0.0155
2026-01-27 13:00:00,1769518824.0,0.0165
2026-01-27 14:00:00,1769522411.0,0.0155
2026-01-27 15:00:00,1769526011.0,0.016
2026-01-27 16:00:00,1769529610.0,0.016
2026-01-27 17:00:00,1769533211.0,0.016
2026-01-27 18:00:00,1769536811.0,0.018
2026-01-27 19:00:00,1769540412.0,0.0195
2026-01-27 20:00:00,1769544011.0,0.017
2026-01-27 21:00:00,1769547611.0,0.016
2026-01-27 22:00:00,1769551211.0,0.013
2026-01-27 23:00:00,1769554812.0,0.011
2026-01-28 00:00:00,1769558413.0,0.011
2026-01-28 01:00:00,1769562010.0,0.0155
2026-01-28 02:00:00,1769565611.0,0.016
2026-01-28 03:00:00,1769569211.0,0.011
2026-01-28 04:00:00,1769572812.0,0.0125
2026-01-28 05:00:00,1769576411.0,0.012
2026-01-28 06:00:00,1769580010.0,0.011
2026-01-28 07:00:00,1769583611.0,0.012
2026-01-28 08:00:00,1769587211.0,0.0115
2026-01-28 09:00:00,1769590812.0,0.013
2026-01-28 10:00:00,1769594417.0,0.013
2026-01-28 11:00:00,1769598011.0,0.013
2026-01-28 12:00:00,1769601613.0,0.0135
2026-01-28 13:00:00,1769605212.0,0.014
2026-01-28 14:00:00,1769608811.0,0.0135
2026-01-28 15:00:00,1769612412.0,0.0135
2026-01-28 16:00:00,1769616011.0,0.014
2026-01-28 17:00:00,1769619611.0,0.015
2026-01-28 18:00:00,1769623212.0,0.0145
2026-01-28 19:00:00,1769626812.0,0.019
2026-01-28 20:00:00,1769630412.0,0.0085
2026-01-28 21:00:00,1769634011.0,0.0085
2026-01-28 22:00:00,1769637612.0,0.0155
2026-01-28 23:00:00,1769641212.0,0.0135
2026-01-29 00:00:00,1769644826.0,0.0095
2026-01-29 01:00:00,1769648412.0,0.01
2026-01-29 02:00:00,1769652011.0,0.01
2026-01-29 03:00:00,1769655615.0,0.0095
2026-01-29 04:00:00,1769659213.0,0.01
2026-01-29 05:00:00,1769662812.0,0.01
2026-01-29 06:00:00,1769666411.0,0.0105
2026-01-29 07:00:00,1769670012.0,0.0105
2026-01-29 08:00:00,1769673612.0,0.0095
2026-01-29 09:00:00,1769677213.0,0.01
2026-01-29 10:00:00,1769680813.0,0.0105
2026-01-29 11:00:00,1769684413.0,0.01
2026-01-29 12:00:00,1769688013.0,0.011
2026-01-29 13:00:00,1769691612.0,0.011
2026-01-29 14:00:00,1769695212.0,0.0095
2026-01-29 15:00:00,1769698813.0,0.0095
2026-01-29 16:00:00,1769702412.0,0.011
2026-01-29 17:00:00,1769706012.0,0.0105
2026-01-29 18:00:00,1769709613.0,0.01
2026-01-29 19:00:00,1769713212.0,0.01
2026-01-29 20:00:00,1769716823.0,0.0135
2026-01-29 21:00:00,1769720414.0,0.0145
2026-01-29 22:00:00,1769724013.0,0.0145
2026-01-29 23:00:00,1769727612.0,0.012
2026-01-30 00:00:00,1769731213.0,0.0105
2026-01-30 01:00:00,1769734812.0,0.0075
2026-01-30 02:00:00,1769738413.0,0.003
2026-01-30 03:00:00,1769742013.0,0.003
2026-01-30 04:00:00,1769745613.0,0.003
2026-01-30 05:00:00,1769749212.0,0.004
2026-01-30 06:00:00,1769752811.0,0.0025
2026-01-30 07:00:00,1769756412.0,0.004
2026-01-30 08:00:00,1769760012.0,0.0035
2026-01-30 09:00:00,1769763612.0,0.0035
2026-01-30 10:00:00,1769767211.0,0.0025
2026-01-30 11:00:00,1769770813.0,0.0025
2026-01-30 12:00:00,1769774411.0,0.0015
2026-01-30 13:00:00,1769778012.0,0.0015
2026-01-30 14:00:00,1769781613.0,0.0025
2026-01-30 15:00:00,1769785213.0,0.0015
2026-01-30 16:00:00,1769788813.0,0.0015
2026-01-30 17:00:00,1769792413.0,0.0005
2026-01-30 18:00:00,1769796013.0,0.0005
2026-01-30 19:00:00,1769799613.0,0.0005
2026-01-30 20:00:00,1769803212.0,0.0005
2026-01-30 21:00:00,1769806814.0,0.0005
2026-01-30 22:00:00,1769810413.0,0.0015
2026-01-30 23:00:00,1769814012.0,0.0015
2026-01-31 00:00:00,1769817613.0,0.0005
2026-01-31 01:00:00,1769821212.0,0.0005
2026-01-31 02:00:00,1769824813.0,0.0025
2026-01-31 03:00:00,1769828413.0,0.0015
2026-01-31 04:00:00,1769832013.0,0.0015
2026-01-31 05:00:00,1769835612.0,0.0015
2026-01-31 06:00:00,1769839213.0,0.0025
2026-01-31 07:00:00,1769842813.0,0.0025
2026-01-31 08:00:00,1769846413.0,0.0045
2026-01-31 09:00:00,1769850014.0,0.0015
2026-01-31 10:00:00,1769853613.0,0.0025
2026-01-31 11:00:00,1769857212.0,0.0015
2026-01-31 12:00:00,1769860814.0,0.0015
2026-01-31 13:00:00,1769864413.0,0.0025
2026-01-31 14:00:00,1769868012.0,0.0015
2026-01-31 15:00:00,1769871614.0,0.0015
2026-01-31 16:00:00,1769875213.0,0.0015
2026-01-31 17:00:00,1769878814.0,0.0015
2026-01-31 18:00:00,1769882415.0,0.0015
2026-01-31 19:00:00,1769886013.0,0.0015
2026-01-31 20:00:00,1769889613.0,0.0015
2026-01-31 21:00:00,1769893228.0,0.0025
2026-01-31 22:00:00,1769896813.0,0.0035
2026-01-31 23:00:00,1769900413.0,0.002
2026-02-01 00:00:00,1769904015.0,0.0025
2026-02-01 01:00:00,1769907750.0,0.0025
2026-02-01 02:00:00,1769911211.0,0.0025
2026-02-01 03:00:00,1769914812.0,0.0025
