time_utc,t,p
2025-08-05 17:00:00,1754415850.0,0.505
2025-08-05 18:00:00,1754416808.0,0.495
2025-08-05 19:00:00,1754420409.0,0.055
2025-08-05 20:00:00,1754424009.0,0.035
2025-08-05 21:00:00,1754427610.0,0.0355
2025-08-05 22:00:00,1754431209.0,0.035
2025-08-05 23:00:00,1754434808.0,0.025
2025-08-06 00:00:00,1754438409.0,0.023
2025-08-06 01:00:00,1754442009.0,0.023
2025-08-06 02:00:00,1754445610.0,0.024
2025-08-06 03:00:00,1754449209.0,0.0235
2025-08-06 04:00:00,1754452810.0,0.024
2025-08-06 05:00:00,1754456410.0,0.0235
2025-08-06 06:00:00,1754460009.0,0.024
2025-08-06 07:00:00,1754463609.0,0.024
2025-08-06 08:00:00,1754467209.0,0.024
2025-08-06 09:00:00,1754470809.0,0.024
2025-08-06 10:00:00,1754474409.0,0.0245
2025-08-06 11:00:00,1754478009.0,0.0245
2025-08-06 12:00:00,1754481608.0,0.0245
2025-08-06 13:00:00,1754485209.0,0.0245
2025-08-06 14:00:00,1754488809.0,0.0245
2025-08-06 15:00:00,1754492410.0,0.0245
2025-08-06 16:00:00,1754496009.0,0.024
2025-08-06 17:00:00,1754499608.0,0.0245
2025-08-06 18:00:00,1754503209.0,0.023
2025-08-06 19:00:00,1754506806.0,0.023
2025-08-06 20:00:00,1754510407.0,0.023
2025-08-06 21:00:00,1754514009.0,0.023
2025-08-06 22:00:00,1754517602.0,0.023
2025-08-06 23:00:00,1754521202.0,0.021
2025-08-07 00:00:00,1754524807.0,0.021
2025-08-07 01:00:00,1754528406.0,0.021
2025-08-07 02:00:00,1754532010.0,0.021
2025-08-07 03:00:00,1754535614.0,0.021
2025-08-07 04:00:00,1754539205.0,0.021
2025-08-07 05:00:00,1754542806.0,0.021
2025-08-07 06:00:00,1754546403.0,0.021
2025-08-07 07:00:00,1754550005.0,0.021
2025-08-07 08:00:00,1754553607.0,0.021
2025-08-07 09:00:00,1754557221.0,0.021
2025-08-07 10:00:00,1754560807.0,0.021
2025-08-07 11:00:00,1754564412.0,0.021
2025-08-07 12:00:00,1754568013.0,0.021
2025-08-07 13:00:00,1754571603.0,0.021
2025-08-07 14:00:00,1754575213.0,0.021
2025-08-07 15:00:00,1754578814.0,0.0165
2025-08-07 16:00:00,1754582404.0,0.016
2025-08-07 17:00:00,1754586011.0,0.016
2025-08-07 18:00:00,1754589608.0,0.016
2025-08-07 19:00:00,1754593205.0,0.016
2025-08-07 20:00:00,1754596802.0,0.016
2025-08-07 21:00:00,1754600413.0,0.016
2025-08-07 22:00:00,1754604006.0,0.016
2025-08-07 23:00:00,1754607603.0,0.016
2025-08-08 00:00:00,1754611205.0,0.016
2025-08-08 01:00:00,1754614805.0,0.016
2025-08-08 02:00:00,1754618411.0,0.016
2025-08-08 03:00:00,1754622002.0,0.016
2025-08-08 04:00:00,1754625612.0,0.016
2025-08-08 05:00:00,1754629211.0,0.016
2025-08-08 06:00:00,1754632809.0,0.016
2025-08-08 07:00:00,1754636408.0,0.016
2025-08-08 08:00:00,1754640006.0,0.016
2025-08-08 09:00:00,1754643602.0,0.016
2025-08-08 10:00:00,1754647211.0,0.016
2025-08-08 11:00:00,1754650814.0,0.016
2025-08-08 12:00:00,1754654402.0,0.016
2025-08-08 13:00:00,1754658014.0,0.016
2025-08-08 14:00:00,1754661605.0,0.016
2025-08-08 15:00:00,1754665213.0,0.016
2025-08-08 16:00:00,1754668809.0,0.016
2025-08-08 17:00:00,1754672413.0,0.016
2025-08-08 18:00:00,1754676014.0,0.016
2025-08-08 19:00:00,1754679616.0,0.016
2025-08-08 20:00:00,1754683207.0,0.016
2025-08-08 21:00:00,1754686816.0,0.016
2025-08-08 22:00:00,1754690409.0,0.016
2025-08-08 23:00:00,1754694015.0,0.016
2025-08-09 00:00:00,1754697608.0,0.016
2025-08-09 01:00:00,1754701204.0,0.016
2025-08-09 02:00:00,1754704803.0,0.0135
2025-08-09 03:00:00,1754708414.0,0.0135
2025-08-09 04:00:00,1754712015.0,0.0135
2025-08-09 05:00:00,1754715610.0,0.0135
2025-08-09 06:00:00,1754719218.0,0.014
2025-08-09 07:00:00,1754722811.0,0.015
2025-08-09 08:00:00,1754726406.0,0.015
2025-08-09 09:00:00,1754730009.0,0.014
2025-08-09 10:00:00,1754733609.0,0.015
2025-08-09 11:00:00,1754737202.0,0.015
2025-08-09 12:00:00,1754740820.0,0.015
2025-08-09 13:00:00,1754744408.0,0.015
2025-08-09 14:00:00,1754748002.0,0.015
2025-08-09 15:00:00,1754751611.0,0.015
2025-08-09 16:00:00,1754755209.0,0.015
2025-08-09 17:00:00,1754758812.0,0.015
2025-08-09 18:00:00,1754762415.0,0.015
2025-08-09 19:00:00,1754766013.0,0.015
2025-08-09 20:00:00,1754769608.0,0.015
2025-08-09 21:00:00,1754773216.0,0.012
2025-08-09 22:00:00,1754776808.0,0.0115
2025-08-09 23:00:00,1754780405.0,0.0115
2025-08-10 00:00:00,1754784006.0,0.0115
2025-08-10 01:00:00,1754787607.0,0.0115
2025-08-10 02:00:00,1754791211.0,0.0115
2025-08-10 03:00:00,1754794804.0,0.0115
2025-08-10 04:00:00,1754798403.0,0.0115
2025-08-10 05:00:00,1754802014.0,0.0115
2025-08-10 06:00:00,1754805608.0,0.0115
2025-08-10 07:00:00,1754809216.0,0.0115
2025-08-10 08:00:00,1754812815.0,0.0115
2025-08-10 09:00:00,1754816411.0,0.0115
2025-08-10 10:00:00,1754820010.0,0.0115
2025-08-10 11:00:00,1754823613.0,0.0115
2025-08-10 12:00:00,1754827215.0,0.0115
2025-08-10 13:00:00,1754830802.0,0.0115
2025-08-10 14:00:00,1754834405.0,0.0115
2025-08-10 15:00:00,1754838016.0,0.0115
2025-08-10 16:00:00,1754841602.0,0.0115
2025-08-10 17:00:00,1754845203.0,0.0115
2025-08-10 18:00:00,1754848809.0,0.0115
2025-08-10 19:00:00,1754852405.0,0.0115
2025-08-10 20:00:00,1754856016.0,0.0115
2025-08-10 21:00:00,1754859617.0,0.01
2025-08-10 22:00:00,1754863206.0,0.0095
2025-08-10 23:00:00,1754866810.0,0.009
2025-08-11 00:00:00,1754870414.0,0.008
2025-08-11 01:00:00,1754874006.0,0.0085
2025-08-11 02:00:00,1754877604.0,0.0095
2025-08-11 03:00:00,1754881205.0,0.0085
2025-08-11 04:00:00,1754884804.0,0.0085
2025-08-11 05:00:00,1754888410.0,0.009
2025-08-11 06:00:00,1754892015.0,0.0085
2025-08-11 07:00:00,1754895606.0,0.0085
2025-08-11 08:00:00,1754899204.0,0.008
2025-08-11 09:00:00,1754902816.0,0.007
2025-08-11 10:00:00,1754906405.0,0.008
2025-08-11 11:00:00,1754910007.0,0.006
2025-08-11 12:00:00,1754913617.0,0.006
2025-08-11 13:00:00,1754917217.0,0.0065
2025-08-11 14:00:00,1754920811.0,0.006
2025-08-11 15:00:00,1754924413.0,0.0065
2025-08-11 16:00:00,1754928003.0,0.0045
2025-08-11 17:00:00,1754931606.0,0.0045
2025-08-11 18:00:00,1754935211.0,0.0045
2025-08-11 19:00:00,1754938805.0,0.0045
2025-08-11 20:00:00,1754942406.0,0.0045
2025-08-11 21:00:00,1754946010.0,0.0045
2025-08-11 22:00:00,1754949606.0,0.0045
2025-08-11 23:00:00,1754953209.0,0.0045
2025-08-12 00:00:00,1754956806.0,0.0045
2025-08-12 01:00:00,1754960406.0,0.0045
2025-08-12 02:00:00,1754964002.0,0.0045
2025-08-12 03:00:00,1754967610.0,0.0045
2025-08-12 04:00:00,1754971212.0,0.0045
2025-08-12 05:00:00,1754974811.0,0.0045
2025-08-12 06:00:00,1754978415.0,0.0045
2025-08-12 07:00:00,1754982012.0,0.0045
2025-08-12 08:00:00,1754985607.0,0.0045
2025-08-12 09:00:00,1754989218.0,0.0045
2025-08-12 10:00:00,1754992803.0,0.0045
2025-08-12 11:00:00,1754996404.0,0.0045
2025-08-12 12:00:00,1755000010.0,0.0045
2025-08-12 13:00:00,1755003609.0,0.0045
2025-08-12 14:00:00,1755007203.0,0.0045
2025-08-12 15:00:00,1755010807.0,0.0045
2025-08-12 16:00:00,1755014412.0,0.0045
2025-08-12 17:00:00,1755018009.0,0.0045
2026-02-01 04:00:00,1769921777.0,0.0005
2025-08-12 18:00:00,1755021612.0,0.0045
2025-08-12 19:00:00,1755025210.0,0.0045
2025-08-12 20:00:00,1755028807.0,0.0045
2025-08-12 21:00:00,1755032413.0,0.0045
2025-08-12 22:00:00,1755036009.0,0.0045
2025-08-12 23:00:00,1755039603.0,0.0045
2025-08-13 00:00:00,1755043205.0,0.0045
2025-08-13 01:00:00,1755046802.0,0.0045
2025-08-13 02:00:00,1755050413.0,0.0045
2025-08-13 03:00:00,1755054014.0,0.0045
2025-08-13 04:00:00,1755057604.0,0.0045
2025-08-13 05:00:00,1755061202.0,0.0045
2025-08-13 06:00:00,1755064812.0,0.0045
2025-08-13 07:00:00,1755068413.0,0.0045
2025-08-13 08:00:00,1755072006.0,0.0045
2025-08-13 09:00:00,1755075619.0,0.0045
2025-08-13 10:00:00,1755079206.0,0.0045
2025-08-13 11:00:00,1755082808.0,0.0045
2025-08-13 12:00:00,1755086402.0,0.0045
2025-08-13 13:00:00,1755090022.0,0.0045
2025-08-13 14:00:00,1755093609.0,0.0045
2025-08-13 15:00:00,1755097212.0,0.0045
2025-08-13 16:00:00,1755100811.0,0.0045
2025-08-13 17:00:00,1755104406.0,0.0045
2025-08-13 18:00:00,1755108013.0,0.0045
2025-08-13 19:00:00,1755111614.0,0.0045
2025-08-13 20:00:00,1755115204.0,0.0045
2025-08-13 21:00:00,1755118804.0,0.0045
2025-08-13 22:00:00,1755122404.0,0.0045
2025-08-13 23:00:00,1755126009.0,0.0045
2025-08-14 00:00:00,1755129607.0,0.0045
2025-08-14 01:00:00,1755133206.0,0.0045
2025-08-14 02:00:00,1755136807.0,0.0045
2025-08-14 03:00:00,1755140402.0,0.0045
2025-08-14 04:00:00,1755144007.0,0.0045
2025-08-14 05:00:00,1755147603.0,0.0045
2025-08-14 06:00:00,1755151204.0,0.0045
2025-08-14 07:00:00,1755154814.0,0.0045
2025-08-14 08:00:00,1755158410.0,0.0045
2025-08-14 09:00:00,1755162002.0,0.0045
2025-08-14 10:00:00,1755165614.0,0.0045
2025-08-14 11:00:00,1755169213.0,0.0045
2025-08-14 12:00:00,1755172807.0,0.0045
2025-08-14 13:00:00,1755176410.0,0.0045
2025-08-14 14:00:00,1755180005.0,0.0045
2025-08-14 15:00:00,1755183608.0,0.0045
2025-08-14 16:00:00,1755187210.0,0.0045
2025-08-14 17:00:00,1755190812.0,0.004
2025-08-14 18:00:00,1755194411.0,0.004
2025-08-14 19:00:00,1755198003.0,0.004
2025-08-14 20:00:00,1755201614.0,0.004
2025-08-14 21:00:00,1755205207.0,0.004
2025-08-14 22:00:00,1755208813.0,0.004
2025-08-14 23:00:00,1755212405.0,0.004
2025-08-15 00:00:00,1755216013.0,0.004
2025-08-15 01:00:00,1755219602.0,0.004
2025-08-15 02:00:00,1755223202.0,0.004
2025-08-15 03:00:00,1755226806.0,0.004
2025-08-15 04:00:00,1755230402.0,0.004
2025-08-15 05:00:00,1755234017.0,0.0025
2025-08-15 06:00:00,1755237602.0,0.0025
2025-08-15 07:00:00,1755241217.0,0.0025
2025-08-15 08:00:00,1755244809.0,0.0025
2025-08-15 09:00:00,1755248414.0,0.0025
2025-08-15 10:00:00,1755252005.0,0.0035
2025-08-15 11:00:00,1755255602.0,0.004
2025-08-15 12:00:00,1755259211.0,0.004
2025-08-15 13:00:00,1755262816.0,0.004
2025-08-15 14:00:00,1755266417.0,0.004
2025-08-15 15:00:00,1755270007.0,0.003
2025-08-15 16:00:00,1755273617.0,0.003
2025-08-15 17:00:00,1755277213.0,0.003
2025-08-15 18:00:00,1755280817.0,0.003
2025-08-15 19:00:00,1755284415.0,0.003
2025-08-15 20:00:00,1755288014.0,0.003
2025-08-15 21:00:00,1755291603.0,0.003
2025-08-15 22:00:00,1755295207.0,0.003
2025-08-15 23:00:00,1755298813.0,0.003
2025-08-16 00:00:00,1755302410.0,0.003
2025-08-16 01:00:00,1755306008.0,0.003
2025-08-16 02:00:00,1755309609.0,0.003
2025-08-16 03:00:00,1755313215.0,0.003
2025-08-16 04:00:00,1755316806.0,0.003
2025-08-16 05:00:00,1755320407.0,0.003
2025-08-16 06:00:00,1755324015.0,0.003
2025-08-16 07:00:00,1755327612.0,0.003
2025-08-16 08:00:00,1755331214.0,0.003
2025-08-16 09:00:00,1755334817.0,0.003
2025-08-16 10:00:00,1755338403.0,0.003
2025-08-16 11:00:00,1755342008.0,0.003
2025-08-16 12:00:00,1755345610.0,0.003
2025-08-16 13:00:00,1755349206.0,0.003
2025-08-16 14:00:00,1755352813.0,0.003
2025-08-16 15:00:00,1755356412.0,0.0025
2025-08-16 16:00:00,1755360015.0,0.0025
2025-08-16 17:00:00,1755363606.0,0.005
2025-08-16 18:00:00,1755367208.0,0.0045
2025-08-16 19:00:00,1755370815.0,0.0045
2025-08-16 20:00:00,1755374417.0,0.0045
2025-08-16 21:00:00,1755378009.0,0.0045
2025-08-16 22:00:00,1755381607.0,0.0045
2025-08-16 23:00:00,1755385214.0,0.0045
2025-08-17 00:00:00,1755388808.0,0.0045
2025-08-17 01:00:00,1755392405.0,0.0045
2025-08-17 02:00:00,1755396002.0,0.0045
2025-08-17 03:00:00,1755399604.0,0.0045
2025-08-17 04:00:00,1755403216.0,0.0035
2025-08-17 05:00:00,1755406810.0,0.003
2025-08-17 06:00:00,1755410416.0,0.003
2025-08-17 07:00:00,1755414015.0,0.003
2025-08-17 08:00:00,1755417607.0,0.003
2025-08-17 09:00:00,1755421210.0,0.003
2025-08-17 10:00:00,1755424806.0,0.003
2025-08-17 11:00:00,1755428411.0,0.003
2025-08-17 12:00:00,1755432007.0,0.003
2025-08-17 13:00:00,1755435610.0,0.003
2025-08-17 14:00:00,1755439216.0,0.003
2025-08-17 15:00:00,1755442816.0,0.003
2025-08-17 16:00:00,1755446408.0,0.003
2025-08-17 17:00:00,1755450006.0,0.003
2025-08-17 18:00:00,1755453614.0,0.003
2025-08-17 19:00:00,1755457214.0,0.003
2025-08-17 20:00:00,1755460814.0,0.003
2025-08-17 21:00:00,1755464407.0,0.003
2025-08-17 22:00:00,1755468005.0,0.003
2025-08-17 23:00:00,1755471610.0,0.003
2025-08-18 00:00:00,1755475207.0,0.003
2025-08-18 01:00:00,1755478803.0,0.003
2025-08-18 02:00:00,1755482412.0,0.003
2025-08-18 03:00:00,1755486002.0,0.003
2025-08-18 04:00:00,1755489607.0,0.003
2025-08-18 05:00:00,1755493213.0,0.003
2025-08-18 06:00:00,1755496808.0,0.003
2025-08-18 07:00:00,1755500408.0,0.003
2025-08-18 08:00:00,1755504008.0,0.003
2025-08-18 09:00:00,1755507605.0,0.003
2025-08-18 10:00:00,1755511216.0,0.003
2025-08-18 11:00:00,1755514802.0,0.003
2025-08-18 12:00:00,1755518409.0,0.003
2025-08-18 13:00:00,1755522002.0,0.003
2025-08-18 14:00:00,1755525603.0,0.003
2025-08-18 15:00:00,1755529206.0,0.003
2025-08-18 16:00:00,1755532811.0,0.003
2025-08-18 17:00:00,1755536409.0,0.003
2025-08-18 18:00:00,1755540008.0,0.003
2025-08-18 19:00:00,1755543605.0,0.003
2025-08-18 20:00:00,1755547209.0,0.003
2025-08-18 21:00:00,1755550809.0,0.003
2025-08-18 22:00:00,1755554407.0,0.003
2025-08-18 23:00:00,1755558006.0,0.003
2025-08-19 00:00:00,1755561602.0,0.003
2025-08-19 01:00:00,1755565210.0,0.003
2025-08-19 02:00:00,1755568808.0,0.003
2025-08-19 03:00:00,1755572412.0,0.003
2025-08-19 04:00:00,1755576015.0,0.003
2025-08-19 05:00:00,1755579617.0,0.003
2025-08-19 06:00:00,1755583203.0,0.003
2025-08-19 07:00:00,1755586814.0,0.003
2025-08-19 08:00:00,1755590409.0,0.003
2025-08-19 09:00:00,1755594019.0,0.003
2025-08-19 10:00:00,1755597609.0,0.003
2025-08-19 11:00:00,1755601216.0,0.003
2025-08-19 12:00:00,1755604809.0,0.003
2025-08-19 13:00:00,1755608408.0,0.003
2025-08-19 14:00:00,1755612015.0,0.0035
2025-08-19 15:00:00,1755615614.0,0.0035
2025-08-19 16:00:00,1755619208.0,0.0035
2025-08-19 17:00:00,1755622814.0,0.0035
2025-08-19 18:00:00,1755626412.0,0.003
2025-08-19 19:00:00,1755630010.0,0.003
2025-08-19 20:00:00,1755633602.0,0.003
2025-08-19 21:00:00,1755637207.0,0.003
2025-08-19 22:00:00,1755640810.0,0.003
2025-08-19 23:00:00,1755644413.0,0.003
2025-08-20 00:00:00,1755648004.0,0.003
2025-08-20 01:00:00,1755651605.0,0.003
2025-08-20 02:00:00,1755655210.0,0.003
2025-08-20 03:00:00,1755658811.0,0.003
2025-08-20 04:00:00,1755662411.0,0.003
2025-08-20 05:00:00,1755666006.0,0.003
2025-08-20 06:00:00,1755669605.0,0.003
2025-08-20 07:00:00,1755673203.0,0.003
2025-08-20 08:00:00,1755676802.0,0.003
2025-08-20 09:00:00,1755680404.0,0.003
2025-08-20 10:00:00,1755684010.0,0.003
2025-08-20 11:00:00,1755687612.0,0.003
2025-08-20 12:00:00,1755691209.0,0.003
2025-08-20 13:00:00,1755694803.0,0.003
2025-08-20 14:00:00,1755698412.0,0.003
2025-08-20 15:00:00,1755702006.0,0.003
2025-08-20 16:00:00,1755705604.0,0.003
2025-08-20 17:00:00,1755709210.0,0.003
2025-08-20 18:00:00,1755712810.0,0.003
2025-08-20 19:00:00,1755716412.0,0.003
2025-08-20 20:00:00,1755720010.0,0.0025
2025-08-20 21:00:00,1755723606.0,0.0025
2025-08-20 22:00:00,1755727214.0,0.0025
2025-08-20 23:00:00,1755730813.0,0.0025
2025-08-21 00:00:00,1755734404.0,0.0025
2025-08-21 01:00:00,1755738010.0,0.0025
2025-08-21 02:00:00,1755741609.0,0.0025
2025-08-21 03:00:00,1755745210.0,0.0025
2025-08-21 04:00:00,1755748810.0,0.0025
2025-08-21 05:00:00,1755752416.0,0.0025
2025-08-21 06:00:00,1755756006.0,0.0025
2025-08-21 07:00:00,1755759614.0,0.0025
2025-08-21 08:00:00,1755763214.0,0.0025
2025-08-21 09:00:00,1755766814.0,0.0025
2025-08-21 10:00:00,1755770411.0,0.0025
2025-08-21 11:00:00,1755774009.0,0.0025
2025-08-21 12:00:00,1755777617.0,0.0025
2025-08-21 13:00:00,1755781204.0,0.003
2025-08-21 14:00:00,1755784813.0,0.0025
2025-08-21 15:00:00,1755788412.0,0.0025
2025-08-21 16:00:00,1755792005.0,0.0025
2025-08-21 17:00:00,1755795611.0,0.0025
2025-08-21 18:00:00,1755799210.0,0.0025
2025-08-21 19:00:00,1755802809.0,0.0025
2025-08-21 20:00:00,1755806403.0,0.0025
2025-08-21 21:00:00,1755810007.0,0.0025
2025-08-21 22:00:00,1755813602.0,0.0025
2025-08-21 23:00:00,1755817202.0,0.0025
2025-08-22 00:00:00,1755820802.0,0.0025
2025-08-22 01:00:00,1755824406.0,0.0025
2025-08-22 02:00:00,1755828011.0,0.0025
2025-08-22 03:00:00,1755831615.0,0.003
2025-08-22 04:00:00,1755835205.0,0.003
2025-08-22 05:00:00,1755838810.0,0.003
2025-08-22 06:00:00,1755842411.0,0.003
2025-08-22 07:00:00,1755846017.0,0.003
2025-08-22 08:00:00,1755849606.0,0.003
2025-08-22 09:00:00,1755853210.0,0.003
2025-08-22 10:00:00,1755856816.0,0.003
2025-08-22 11:00:00,1755860415.0,0.003
2025-08-22 12:00:00,1755864007.0,0.003
2025-08-22 13:00:00,1755867610.0,0.003
2025-08-22 14:00:00,1755871218.0,0.003
2025-08-22 15:00:00,1755874816.0,0.003
2025-08-22 16:00:00,1755878410.0,0.003
2025-08-22 17:00:00,1755882019.0,0.003
2025-08-22 18:00:00,1755885606.0,0.003
2025-08-22 19:00:00,1755889204.0,0.003
2025-08-22 20:00:00,1755892803.0,0.003
2025-08-22 21:00:00,1755896411.0,0.003
2025-08-22 22:00:00,1755900018.0,0.003
2025-08-22 23:00:00,1755903612.0,0.003
2025-08-23 00:00:00,1755907209.0,0.003
2025-08-23 01:00:00,1755910809.0,0.003
2025-08-23 02:00:00,1755914404.0,0.003
2025-08-23 03:00:00,1755918008.0,0.003
2025-08-23 04:00:00,1755921610.0,0.003
2025-08-23 05:00:00,1755925212.0,0.003
2025-08-23 06:00:00,1755928817.0,0.003
2025-08-23 07:00:00,1755932418.0,0.003
2025-08-23 08:00:00,1755936016.0,0.003
2025-08-23 09:00:00,1755939615.0,0.003
2025-08-23 10:00:00,1755943202.0,0.003
2025-08-23 11:00:00,1755946812.0,0.003
2025-08-23 12:00:00,1755950402.0,0.003
2025-08-23 13:00:00,1755954018.0,0.003
2025-08-23 14:00:00,1755957602.0,0.003
2025-08-23 15:00:00,1755961206.0,0.003
2025-08-23 16:00:00,1755964805.0,0.003
2025-08-23 17:00:00,1755968406.0,0.003
2025-08-23 18:00:00,1755972010.0,0.003
2025-08-23 19:00:00,1755975613.0,0.003
2025-08-23 20:00:00,1755979203.0,0.003
2025-08-23 21:00:00,1755982810.0,0.003
2025-08-23 22:00:00,1755986407.0,0.003
2025-08-23 23:00:00,1755990008.0,0.003
2025-08-24 00:00:00,1755993609.0,0.003
2025-08-24 01:00:00,1755997207.0,0.003
2025-08-24 02:00:00,1756000806.0,0.003
2025-08-24 03:00:00,1756004402.0,0.003
2025-08-24 04:00:00,1756008003.0,0.003
2025-08-24 05:00:00,1756011607.0,0.003
2025-08-24 06:00:00,1756015214.0,0.003
2025-08-24 07:00:00,1756018817.0,0.003
2025-08-24 08:00:00,1756022408.0,0.003
2025-08-24 09:00:00,1756026006.0,0.003
2025-08-24 10:00:00,1756029614.0,0.003
2025-08-24 11:00:00,1756033205.0,0.003
2025-08-24 12:00:00,1756036820.0,0.003
2025-08-24 13:00:00,1756040409.0,0.003
2025-08-24 14:00:00,1756044005.0,0.003
2025-08-24 15:00:00,1756047616.0,0.003
2025-08-24 16:00:00,1756051212.0,0.003
2025-08-24 17:00:00,1756054809.0,0.003
2025-08-24 18:00:00,1756058419.0,0.0025
2025-08-24 19:00:00,1756062014.0,0.0025
2025-08-24 20:00:00,1756065610.0,0.0025
2025-08-24 21:00:00,1756069213.0,0.0025
2025-08-24 22:00:00,1756072808.0,0.0025
2025-08-24 23:00:00,1756076403.0,0.0025
2025-08-25 00:00:00,1756080009.0,0.0025
2025-08-25 01:00:00,1756083611.0,0.0025
2025-08-25 02:00:00,1756087203.0,0.0025
2025-08-25 03:00:00,1756090810.0,0.0025
2025-08-25 04:00:00,1756094405.0,0.0025
2025-08-25 05:00:00,1756098002.0,0.0025
2025-08-25 06:00:00,1756101602.0,0.0025
2025-08-25 07:00:00,1756105209.0,0.0025
2025-08-25 08:00:00,1756108810.0,0.0025
2025-08-25 09:00:00,1756112419.0,0.0025
2025-08-25 10:00:00,1756116002.0,0.0025
2025-08-25 11:00:00,1756119616.0,0.0025
2025-08-25 12:00:00,1756123207.0,0.0025
2025-08-25 13:00:00,1756126815.0,0.0025
2025-08-25 14:00:00,1756130403.0,0.0025
2025-08-25 15:00:00,1756134006.0,0.0025
2025-08-25 16:00:00,1756137605.0,0.0025
2025-08-25 17:00:00,1756141203.0,0.003
2025-08-25 18:00:00,1756144812.0,0.003
2025-08-25 19:00:00,1756148410.0,0.003
2025-08-25 20:00:00,1756152004.0,0.003
2025-08-25 21:00:00,1756155618.0,0.003
2025-08-25 22:00:00,1756159208.0,0.003
2025-08-25 23:00:00,1756162810.0,0.003
2025-08-26 00:00:00,1756166406.0,0.003
2025-08-26 01:00:00,1756170005.0,0.003
2025-08-26 02:00:00,1756173610.0,0.003
2025-08-26 03:00:00,1756177205.0,0.003
2025-08-26 04:00:00,1756180813.0,0.003
2025-08-26 05:00:00,1756184410.0,0.003
2025-08-26 06:00:00,1756188016.0,0.0035
2025-08-26 07:00:00,1756191616.0,0.0035
2025-08-26 08:00:00,1756195216.0,0.0035
2025-08-26 09:00:00,1756198806.0,0.0035
2025-08-26 10:00:00,1756202406.0,0.0035
2025-08-26 11:00:00,1756206016.0,0.0035
2025-08-26 12:00:00,1756209613.0,0.0035
2025-08-26 13:00:00,1756213214.0,0.0035
2025-08-26 14:00:00,1756216806.0,0.003
2025-08-26 15:00:00,1756220405.0,0.003
2025-08-26 16:00:00,1756224014.0,0.003
2025-08-26 17:00:00,1756227616.0,0.003
2025-08-26 18:00:00,1756231204.0,0.003
2025-08-26 19:00:00,1756234806.0,0.003
2025-08-26 20:00:00,1756238413.0,0.003
2025-08-26 21:00:00,1756242002.0,0.003
2025-08-26 22:00:00,1756245602.0,0.003
2025-08-26 23:00:00,1756249210.0,0.003
2025-08-27 00:00:00,1756252811.0,0.003
2025-08-27 01:00:00,1756256404.0,0.003
2025-08-27 02:00:00,1756260004.0,0.003
2025-08-27 03:00:00,1756263610.0,0.003
2025-08-27 04:00:00,1756267215.0,0.003
2025-08-27 05:00:00,1756270808.0,0.003
2025-08-27 06:00:00,1756274404.0,0.003
2025-08-27 07:00:00,1756278011.0,0.003
2025-08-27 08:00:00,1756281603.0,0.003
2025-08-27 09:00:00,1756285207.0,0.003
2025-08-27 10:00:00,1756288816.0,0.003
2025-08-27 11:00:00,1756292405.0,0.003
2025-08-27 12:00:00,1756296012.0,0.003
2025-08-27 13:00:00,1756299606.0,0.003
2025-08-27 14:00:00,1756303221.0,0.003
2025-08-27 15:00:00,1756306810.0,0.003
2025-08-27 16:00:00,1756310410.0,0.003
2025-08-27 17:00:00,1756314007.0,0.003
2025-08-27 18:00:00,1756317612.0,0.003
2025-08-27 19:00:00,1756321205.0,0.003
2025-08-27 20:00:00,1756324808.0,0.003
2025-08-27 21:00:00,1756328405.0,0.003
2025-08-27 22:00:00,1756332015.0,0.003
2025-08-27 23:00:00,1756335614.0,0.003
2025-08-28 00:00:00,1756339204.0,0.003
2025-08-28 01:00:00,1756342807.0,0.003
2025-08-28 02:00:00,1756346410.0,0.003
2025-08-28 03:00:00,1756350010.0,0.003
2025-08-28 04:00:00,1756353616.0,0.003
2025-08-28 05:00:00,1756357213.0,0.003
2025-08-28 06:00:00,1756360807.0,0.003
2025-08-28 07:00:00,1756364419.0,0.003
2025-08-28 08:00:00,1756368012.0,0.003
2025-08-28 09:00:00,1756371611.0,0.003
2025-08-28 10:00:00,1756375210.0,0.003
2025-08-28 11:00:00,1756378804.0,0.003
2025-08-28 12:00:00,1756382414.0,0.003
2025-08-28 13:00:00,1756386008.0,0.003
2025-08-28 14:00:00,1756389615.0,0.003
2025-08-28 15:00:00,1756393206.0,0.003
2025-08-28 16:00:00,1756396808.0,0.003
2025-08-28 17:00:00,1756400405.0,0.003
2025-08-28 18:00:00,1756404003.0,0.003
2025-08-28 19:00:00,1756407617.0,0.003
2025-08-28 20:00:00,1756411207.0,0.003
2025-08-28 21:00:00,1756414806.0,0.003
2025-08-28 22:00:00,1756418411.0,0.003
2025-08-28 23:00:00,1756422008.0,0.003
2025-08-29 00:00:00,1756425608.0,0.003
2025-08-29 01:00:00,1756429214.0,0.003
2025-08-29 02:00:00,1756432808.0,0.003
2025-08-29 03:00:00,1756436419.0,0.003
2025-08-29 04:00:00,1756440016.0,0.003
2025-08-29 05:00:00,1756443607.0,0.003
2025-08-29 06:00:00,1756447212.0,0.003
2025-08-29 07:00:00,1756450815.0,0.003
2025-08-29 08:00:00,1756454419.0,0.003
2025-08-29 09:00:00,1756458021.0,0.003
2025-08-29 10:00:00,1756461624.0,0.003
2025-08-29 11:00:00,1756465221.0,0.003
2025-08-29 12:00:00,1756468807.0,0.003
2025-08-29 13:00:00,1756472409.0,0.003
2025-08-29 14:00:00,1756476003.0,0.003
2025-08-29 15:00:00,1756479612.0,0.003
2025-08-29 16:00:00,1756483209.0,0.003
2025-08-29 17:00:00,1756486811.0,0.003
2025-08-29 18:00:00,1756490422.0,0.003
2025-08-29 19:00:00,1756494018.0,0.003
2025-08-29 20:00:00,1756497604.0,0.003
2025-08-29 21:00:00,1756501215.0,0.0035
2025-08-29 22:00:00,1756504818.0,0.0035
2025-08-29 23:00:00,1756508407.0,0.0035
2025-08-30 00:00:00,1756512005.0,0.0035
2025-08-30 01:00:00,1756515602.0,0.0035
2025-08-30 02:00:00,1756519204.0,0.0035
2025-08-30 03:00:00,1756522815.0,0.0035
2025-08-30 04:00:00,1756526417.0,0.0125
2025-08-30 05:00:00,1756530014.0,0.0135
2025-08-30 06:00:00,1756533613.0,0.015
2025-08-30 07:00:00,1756537204.0,0.0115
2025-08-30 08:00:00,1756540811.0,0.011
2025-08-30 09:00:00,1756544404.0,0.0115
2025-08-30 10:00:00,1756548021.0,0.0085
2025-08-30 11:00:00,1756551602.0,0.0075
2025-08-30 12:00:00,1756555229.0,0.0145
2025-08-30 13:00:00,1756558804.0,0.0115
2025-08-30 14:00:00,1756562415.0,0.013
2025-08-30 15:00:00,1756566004.0,0.013
2025-08-30 16:00:00,1756569604.0,0.0125
2025-08-30 17:00:00,1756573224.0,0.0105
2025-08-30 18:00:00,1756576812.0,0.0115
2025-08-30 19:00:00,1756580418.0,0.0105
2025-08-30 20:00:00,1756584017.0,0.015
2025-08-30 21:00:00,1756587602.0,0.013
2025-08-30 22:00:00,1756591218.0,0.0135
2025-08-30 23:00:00,1756594805.0,0.0135
2025-08-31 00:00:00,1756598411.0,0.013
2025-08-31 01:00:00,1756602008.0,0.013
2025-08-31 02:00:00,1756605613.0,0.0105
2025-08-31 03:00:00,1756609214.0,0.0105
2025-08-31 04:00:00,1756612819.0,0.009
2025-08-31 05:00:00,1756616416.0,0.01
2025-08-31 06:00:00,1756620011.0,0.0095
2025-08-31 07:00:00,1756623619.0,0.0095
2025-08-31 08:00:00,1756627203.0,0.0095
2025-08-31 09:00:00,1756630802.0,0.0095
2025-08-31 10:00:00,1756634412.0,0.013
2025-08-31 11:00:00,1756638028.0,0.013
2025-08-31 12:00:00,1756641635.0,0.013
2025-08-31 13:00:00,1756645223.0,0.013
2025-08-31 14:00:00,1756648809.0,0.013
2025-08-31 15:00:00,1756652412.0,0.013
2025-08-31 16:00:00,1756656019.0,0.013
2025-08-31 17:00:00,1756659604.0,0.0135
2025-08-31 18:00:00,1756663218.0,0.013
2025-08-31 19:00:00,1756666807.0,0.012
2025-08-31 20:00:00,1756670421.0,0.011
2025-08-31 21:00:00,1756674007.0,0.012
2025-08-31 22:00:00,1756677606.0,0.016
2025-08-31 23:00:00,1756681219.0,0.016
2025-09-01 00:00:00,1756684802.0,0.0165
2025-09-01 01:00:00,1756688407.0,0.016
2025-09-01 02:00:00,1756692003.0,0.016
2025-09-01 03:00:00,1756695611.0,0.0165
2025-09-01 04:00:00,1756699214.0,0.0165
2025-09-01 05:00:00,1756702807.0,0.0155
2025-09-01 06:00:00,1756706421.0,0.0155
2025-09-01 07:00:00,1756710014.0,0.0155
2025-09-01 08:00:00,1756713608.0,0.0155
2025-09-01 09:00:00,1756717217.0,0.0155
2025-09-01 10:00:00,1756720820.0,0.0155
2025-09-01 11:00:00,1756724402.0,0.0155
2025-09-01 12:00:00,1756728022.0,0.0155
2025-09-01 13:00:00,1756731620.0,0.0155
2025-09-01 14:00:00,1756735221.0,0.0125
2025-09-01 15:00:00,1756738815.0,0.014
2025-09-01 16:00:00,1756742413.0,0.013
2025-09-01 17:00:00,1756746006.0,0.0145
2025-09-01 18:00:00,1756749621.0,0.0155
2025-09-01 19:00:00,1756753216.0,0.013
2025-09-01 20:00:00,1756756813.0,0.0135
2025-09-01 21:00:00,1756760416.0,0.0115
2025-09-01 22:00:00,1756764015.0,0.011
2025-09-01 23:00:00,1756767604.0,0.011
2025-09-02 00:00:00,1756771217.0,0.011
2025-09-02 01:00:00,1756774813.0,0.011
2025-09-02 02:00:00,1756778415.0,0.011
2025-09-02 03:00:00,1756782009.0,0.012
2025-09-02 04:00:00,1756785612.0,0.012
2025-09-02 05:00:00,1756789221.0,0.012
2025-09-02 06:00:00,1756792820.0,0.012
2025-09-02 07:00:00,1756796402.0,0.012
2025-09-02 08:00:00,1756800015.0,0.0285
2025-09-02 09:00:00,1756803618.0,0.028
2025-09-02 10:00:00,1756807220.0,0.028
2025-09-02 11:00:00,1756810809.0,0.028
2025-09-02 12:00:00,1756814409.0,0.028
2025-09-02 13:00:00,1756818005.0,0.028
2025-09-02 14:00:00,1756821615.0,0.0285
2025-09-02 15:00:00,1756825217.0,0.0265
2025-09-02 16:00:00,1756828808.0,0.0265
2025-09-02 17:00:00,1756832404.0,0.0245
2025-09-02 18:00:00,1756836006.0,0.0245
2025-09-02 19:00:00,1756839619.0,0.0245
2025-09-02 20:00:00,1756843205.0,0.0245
2025-09-02 21:00:00,1756846815.0,0.0245
2025-09-02 22:00:00,1756850419.0,0.0275
2025-09-02 23:00:00,1756854004.0,0.0275
2025-09-03 00:00:00,1756857615.0,0.0275
2025-09-03 01:00:00,1756861212.0,0.0275
2025-09-03 02:00:00,1756864805.0,0.0275
2025-09-03 03:00:00,1756868402.0,0.0275
2025-09-03 04:00:00,1756872003.0,0.0275
2025-09-03 05:00:00,1756875616.0,0.0275
2025-09-03 06:00:00,1756879212.0,0.0275
2025-09-03 07:00:00,1756882816.0,0.0275
2025-09-03 08:00:00,1756886419.0,0.0275
2025-09-03 09:00:00,1756890011.0,0.028
2025-09-03 10:00:00,1756893610.0,0.0275
2025-09-03 11:00:00,1756897207.0,0.0275
2025-09-03 12:00:00,1756900821.0,0.0275
2025-09-03 13:00:00,1756904412.0,0.0275
2025-09-03 14:00:00,1756908010.0,0.0275
2025-09-03 15:00:00,1756911618.0,0.028
2025-09-03 16:00:00,1756915215.0,0.028
2025-09-03 17:00:00,1756918803.0,0.028
2025-09-03 18:00:00,1756922416.0,0.028
2025-09-03 19:00:00,1756926011.0,0.028
2025-09-03 20:00:00,1756929621.0,0.028
2025-09-03 21:00:00,1756933219.0,0.028
2025-09-03 22:00:00,1756936803.0,0.028
2025-09-03 23:00:00,1756940407.0,0.028
2025-09-04 00:00:00,1756944008.0,0.028
2025-09-04 01:00:00,1756947609.0,0.028
2025-09-04 02:00:00,1756951214.0,0.028
2025-09-04 03:00:00,1756954808.0,0.028
2025-09-04 04:00:00,1756958405.0,0.028
2025-09-04 05:00:00,1756962004.0,0.028
2025-09-04 06:00:00,1756965625.0,0.028
2025-09-04 07:00:00,1756969205.0,0.027
2025-09-04 08:00:00,1756972804.0,0.027
2025-09-04 09:00:00,1756976406.0,0.0275
2025-09-04 10:00:00,1756980017.0,0.0275
2025-09-04 11:00:00,1756983618.0,0.022
2025-09-04 12:00:00,1756987232.0,0.025
2025-09-04 13:00:00,1756990812.0,0.022
2025-09-04 14:00:00,1756994417.0,0.0225
2025-09-04 15:00:00,1756998019.0,0.0225
2025-09-04 16:00:00,1757001622.0,0.022
2025-09-04 17:00:00,1757005223.0,0.022
2025-09-04 18:00:00,1757008803.0,0.022
2025-09-04 19:00:00,1757012413.0,0.022
2025-09-04 20:00:00,1757016014.0,0.022
2025-09-04 21:00:00,1757019622.0,0.022
2025-09-04 22:00:00,1757023208.0,0.022
2025-09-04 23:00:00,1757026813.0,0.0225
2025-09-05 00:00:00,1757030404.0,0.0225
2025-09-05 01:00:00,1757034007.0,0.0225
2025-09-05 02:00:00,1757037603.0,0.0225
2025-09-05 03:00:00,1757041209.0,0.0225
2025-09-05 04:00:00,1757044802.0,0.0225
2025-09-05 05:00:00,1757048411.0,0.0225
2025-09-05 06:00:00,1757052023.0,0.0225
2025-09-05 07:00:00,1757055609.0,0.0225
2025-09-05 08:00:00,1757059217.0,0.0225
2025-09-05 09:00:00,1757062823.0,0.0225
2025-09-05 10:00:00,1757066411.0,0.0225
2025-09-05 11:00:00,1757070021.0,0.0225
2025-09-05 12:00:00,1757073603.0,0.0225
2025-09-05 13:00:00,1757077204.0,0.0225
2025-09-05 14:00:00,1757080816.0,0.0225
2025-09-05 15:00:00,1757084422.0,0.02
2025-09-05 16:00:00,1757088007.0,0.0225
2025-09-05 17:00:00,1757091617.0,0.0225
2025-09-05 18:00:00,1757095221.0,0.0225
2025-09-05 19:00:00,1757098804.0,0.022
2025-09-05 20:00:00,1757102415.0,0.0225
2025-09-05 21:00:00,1757106007.0,0.0225
2025-09-05 22:00:00,1757109610.0,0.018
2025-09-05 23:00:00,1757113218.0,0.02
2025-09-06 00:00:00,1757116817.0,0.02
2025-09-06 01:00:00,1757120413.0,0.0205
2025-09-06 02:00:00,1757124018.0,0.0205
2025-09-06 03:00:00,1757127615.0,0.0205
2025-09-06 04:00:00,1757131202.0,0.0205
2025-09-06 05:00:00,1757134818.0,0.0205
2025-09-06 06:00:00,1757138413.0,0.0205
2025-09-06 07:00:00,1757142019.0,0.0205
2025-09-06 08:00:00,1757145614.0,0.014
2025-09-06 09:00:00,1757149216.0,0.016
2025-09-06 10:00:00,1757152814.0,0.0155
2025-09-06 11:00:00,1757156404.0,0.0185
2025-09-06 12:00:00,1757160005.0,0.0205
2025-09-06 13:00:00,1757163602.0,0.0205
2025-09-06 14:00:00,1757167213.0,0.015
2025-09-06 15:00:00,1757170810.0,0.0205
2025-09-06 16:00:00,1757174419.0,0.0145
2025-09-06 17:00:00,1757178004.0,0.0205
2025-09-06 18:00:00,1757181604.0,0.0155
2025-09-06 19:00:00,1757185213.0,0.009
2025-09-06 20:00:00,1757188816.0,0.0085
2025-09-06 21:00:00,1757192422.0,0.009
2025-09-06 22:00:00,1757196023.0,0.01
2025-09-06 23:00:00,1757199610.0,0.01
2025-09-07 00:00:00,1757203203.0,0.01
2025-09-07 01:00:00,1757206808.0,0.01
2025-09-07 02:00:00,1757210409.0,0.01
2025-09-07 03:00:00,1757214018.0,0.01
2025-09-07 04:00:00,1757217615.0,0.01
2025-09-07 05:00:00,1757221202.0,0.01
2025-09-07 06:00:00,1757224807.0,0.01
2025-09-07 07:00:00,1757228418.0,0.01
2025-09-07 08:00:00,1757232019.0,0.01
2025-09-07 09:00:00,1757235608.0,0.0095
2025-09-07 10:00:00,1757239224.0,0.01
2025-09-07 11:00:00,1757242814.0,0.01
2025-09-07 12:00:00,1757246415.0,0.009
2025-09-07 13:00:00,1757250009.0,0.0105
2025-09-07 14:00:00,1757253609.0,0.0105
2025-09-07 15:00:00,1757257206.0,0.0105
2025-09-07 16:00:00,1757260804.0,0.0105
2025-09-07 17:00:00,1757264415.0,0.0105
2025-09-07 18:00:00,1757268020.0,0.0105
2025-09-07 19:00:00,1757271609.0,0.0105
2025-09-07 20:00:00,1757275204.0,0.0105
2025-09-07 21:00:00,1757278804.0,0.0105
2025-09-07 22:00:00,1757282418.0,0.0105
2025-09-07 23:00:00,1757286007.0,0.01
2025-09-08 00:00:00,1757289616.0,0.01
2025-09-08 01:00:00,1757293217.0,0.01
2025-09-08 02:00:00,1757296806.0,0.01
2025-09-08 03:00:00,1757300419.0,0.01
2025-09-08 04:00:00,1757304023.0,0.01
2025-09-08 05:00:00,1757307606.0,0.01
2025-09-08 06:00:00,1757311221.0,0.01
2025-09-08 07:00:00,1757314804.0,0.01
2025-09-08 08:00:00,1757318420.0,0.01
2025-09-08 09:00:00,1757322002.0,0.01
2025-09-08 10:00:00,1757325621.0,0.01
2025-09-08 11:00:00,1757329206.0,0.01
2025-09-08 12:00:00,1757332807.0,0.009
2025-09-08 13:00:00,1757336414.0,0.009
2025-09-08 14:00:00,1757340008.0,0.01
2025-09-08 15:00:00,1757343624.0,0.01
2025-09-08 16:00:00,1757347217.0,0.01
2025-09-08 17:00:00,1757350818.0,0.008
2025-09-08 18:00:00,1757354422.0,0.0075
2025-09-08 19:00:00,1757358019.0,0.006
2025-09-08 20:00:00,1757361612.0,0.008
2025-09-08 21:00:00,1757365209.0,0.0085
2025-09-08 22:00:00,1757368804.0,0.0085
2025-09-08 23:00:00,1757372409.0,0.008
2025-09-09 00:00:00,1757376017.0,0.008
2025-09-09 01:00:00,1757379610.0,0.005
2025-09-09 02:00:00,1757383209.0,0.005
2025-09-09 03:00:00,1757386820.0,0.005
2025-09-09 04:00:00,1757390412.0,0.005
2025-09-09 05:00:00,1757394013.0,0.005
2025-09-09 06:00:00,1757397604.0,0.005
2025-09-09 07:00:00,1757401202.0,0.005
2025-09-09 08:00:00,1757404805.0,0.005
2025-09-09 09:00:00,1757408417.0,0.005
2025-09-09 10:00:00,1757412011.0,0.005
2025-09-09 11:00:00,1757415607.0,0.005
2025-09-09 12:00:00,1757419214.0,0.005
2025-09-09 13:00:00,1757422804.0,0.005
2025-09-09 14:00:00,1757426406.0,0.005
2025-09-09 15:00:00,1757430019.0,0.005
2025-09-09 16:00:00,1757433618.0,0.005
2025-09-09 17:00:00,1757437214.0,0.005
2025-09-09 18:00:00,1757440828.0,0.005
2025-09-09 19:00:00,1757444405.0,0.005
2025-09-09 20:00:00,1757448019.0,0.005
2025-09-09 21:00:00,1757451617.0,0.005
2025-09-09 22:00:00,1757455209.0,0.005
2025-09-09 23:00:00,1757458814.0,0.005
2025-09-10 00:00:00,1757462403.0,0.005
2025-09-10 01:00:00,1757466010.0,0.005
2025-09-10 02:00:00,1757469618.0,0.005
2025-09-10 03:00:00,1757473211.0,0.005
2025-09-10 04:00:00,1757476821.0,0.005
2025-09-10 05:00:00,1757480404.0,0.005
2025-09-10 06:00:00,1757484017.0,0.005
2025-09-10 07:00:00,1757487609.0,0.005
2025-09-10 08:00:00,1757491202.0,0.005
2025-09-10 09:00:00,1757494808.0,0.005
2025-09-10 10:00:00,1757498409.0,0.005
2025-09-10 11:00:00,1757502011.0,0.005
2025-09-10 12:00:00,1757505607.0,0.005
2025-09-10 13:00:00,1757509207.0,0.005
2025-09-10 14:00:00,1757512810.0,0.005
2025-09-10 15:00:00,1757516418.0,0.005
2025-09-10 16:00:00,1757520008.0,0.005
2025-09-10 17:00:00,1757523615.0,0.005
2025-09-10 18:00:00,1757527206.0,0.005
2025-09-10 19:00:00,1757530811.0,0.005
2025-09-10 20:00:00,1757534414.0,0.005
2025-09-10 21:00:00,1757538007.0,0.005
2025-09-10 22:00:00,1757541614.0,0.005
2025-09-10 23:00:00,1757545216.0,0.005
2025-09-11 00:00:00,1757548808.0,0.005
2025-09-11 01:00:00,1757552403.0,0.005
2025-09-11 02:00:00,1757556015.0,0.005
2025-09-11 03:00:00,1757559615.0,0.005
2025-09-11 04:00:00,1757563214.0,0.005
2025-09-11 05:00:00,1757566809.0,0.005
2025-09-11 06:00:00,1757570427.0,0.005
2025-09-11 07:00:00,1757574011.0,0.005
2025-09-11 08:00:00,1757577617.0,0.005
2025-09-11 09:00:00,1757581214.0,0.005
2025-09-11 10:00:00,1757584820.0,0.005
2025-09-11 11:00:00,1757588423.0,0.005
2025-09-11 12:00:00,1757592005.0,0.005
2025-09-11 13:00:00,1757595608.0,0.005
2025-09-11 14:00:00,1757599210.0,0.005
2025-09-11 15:00:00,1757602804.0,0.005
2025-09-11 16:00:00,1757606407.0,0.005
2025-09-11 17:00:00,1757610022.0,0.005
2025-09-11 18:00:00,1757613614.0,0.005
2025-09-11 19:00:00,1757617206.0,0.005
2025-09-11 20:00:00,1757620815.0,0.005
2025-09-11 21:00:00,1757624422.0,0.005
2025-09-11 22:00:00,1757628007.0,0.005
2025-09-11 23:00:00,1757631619.0,0.005
2025-09-12 00:00:00,1757635223.0,0.005
2025-09-12 01:00:00,1757638808.0,0.005
2025-09-12 02:00:00,1757642415.0,0.005
2025-09-12 03:00:00,1757646024.0,0.005
2025-09-12 04:00:00,1757649609.0,0.005
2025-09-12 05:00:00,1757653204.0,0.005
2025-09-12 06:00:00,1757656823.0,0.005
2025-09-12 07:00:00,1757660425.0,0.005
2025-09-12 08:00:00,1757664006.0,0.005
2025-09-12 09:00:00,1757667622.0,0.005
2025-09-12 10:00:00,1757671213.0,0.005
2025-09-12 11:00:00,1757674826.0,0.005
2025-09-12 12:00:00,1757678427.0,0.005
2025-09-12 13:00:00,1757682002.0,0.005
2025-09-12 14:00:00,1757685608.0,0.005
2025-09-12 15:00:00,1757689220.0,0.005
2025-09-12 16:00:00,1757692821.0,0.005
2025-09-12 17:00:00,1757696420.0,0.0105
2025-09-12 18:00:00,1757700011.0,0.0105
2025-09-12 19:00:00,1757703620.0,0.0105
2025-09-12 20:00:00,1757707206.0,0.0105
2025-09-12 21:00:00,1757710811.0,0.0105
2025-09-12 22:00:00,1757714421.0,0.0105
2025-09-12 23:00:00,1757718015.0,0.0105
2025-09-13 00:00:00,1757721607.0,0.0105
2025-09-13 01:00:00,1757725210.0,0.011
2025-09-13 02:00:00,1757728812.0,0.011
2025-09-13 03:00:00,1757732418.0,0.011
2025-09-13 04:00:00,1757736008.0,0.011
2025-09-13 05:00:00,1757739612.0,0.011
2025-09-13 06:00:00,1757743209.0,0.011
2025-09-13 07:00:00,1757746818.0,0.011
2025-09-13 08:00:00,1757750408.0,0.011
2025-09-13 09:00:00,1757754009.0,0.0175
2025-09-13 10:00:00,1757757616.0,0.0175
2025-09-13 11:00:00,1757761219.0,0.018
2025-09-13 12:00:00,1757764824.0,0.018
2025-09-13 13:00:00,1757768417.0,0.018
2025-09-13 14:00:00,1757772004.0,0.018
2025-09-13 15:00:00,1757775623.0,0.018
2025-09-13 16:00:00,1757779209.0,0.018
2025-09-13 17:00:00,1757782811.0,0.018
2025-09-13 18:00:00,1757786415.0,0.018
2025-09-13 19:00:00,1757790022.0,0.018
2025-09-13 20:00:00,1757793619.0,0.0185
2025-09-13 21:00:00,1757797205.0,0.0195
2025-09-13 22:00:00,1757800814.0,0.0195
2025-09-13 23:00:00,1757804417.0,0.0195
2025-09-14 00:00:00,1757808013.0,0.0195
2025-09-14 01:00:00,1757811604.0,0.0175
2025-09-14 02:00:00,1757815210.0,0.02
2025-09-14 03:00:00,1757818820.0,0.02
2025-09-14 04:00:00,1757822417.0,0.02
2025-09-14 05:00:00,1757826020.0,0.02
2025-09-14 06:00:00,1757829611.0,0.02
2025-09-14 07:00:00,1757833219.0,0.02
2025-09-14 08:00:00,1757836808.0,0.02
2025-09-14 09:00:00,1757840406.0,0.02
2025-09-14 10:00:00,1757844020.0,0.017
2025-09-14 11:00:00,1757847606.0,0.017
2025-09-14 12:00:00,1757851213.0,0.017
2025-09-14 13:00:00,1757854814.0,0.017
2025-09-14 14:00:00,1757858402.0,0.017
2025-09-14 15:00:00,1757862020.0,0.017
2025-09-14 16:00:00,1757865605.0,0.017
2025-09-14 17:00:00,1757869202.0,0.017
2025-09-14 18:00:00,1757872809.0,0.017
2025-09-14 19:00:00,1757876416.0,0.017
2025-09-14 20:00:00,1757880014.0,0.017
2025-09-14 21:00:00,1757883602.0,0.017
2025-09-14 22:00:00,1757887210.0,0.017
2025-09-14 23:00:00,1757890820.0,0.017
2025-09-15 00:00:00,1757894409.0,0.017
2025-09-15 01:00:00,1757898010.0,0.017
2025-09-15 02:00:00,1757901615.0,0.017
2025-09-15 03:00:00,1757905216.0,0.017
2025-09-15 04:00:00,1757908816.0,0.017
2025-09-15 05:00:00,1757912415.0,0.017
2025-09-15 06:00:00,1757916019.0,0.017
2025-09-15 07:00:00,1757919620.0,0.017
2025-09-15 08:00:00,1757923219.0,0.017
2025-09-15 09:00:00,1757926805.0,0.0175
2025-09-15 10:00:00,1757930413.0,0.0175
2025-09-15 11:00:00,1757934004.0,0.0175
2025-09-15 12:00:00,1757937618.0,0.017
2025-09-15 13:00:00,1757941216.0,0.017
2025-09-15 14:00:00,1757944817.0,0.017
2025-09-15 15:00:00,1757948407.0,0.017
2025-09-15 16:00:00,1757952018.0,0.017
2025-09-15 17:00:00,1757955619.0,0.017
2025-09-15 18:00:00,1757959211.0,0.017
2025-09-15 19:00:00,1757962813.0,0.0045
2025-09-15 20:00:00,1757966406.0,0.0155
2025-09-15 21:00:00,1757970004.0,0.017
2025-09-15 22:00:00,1757973611.0,0.017
2025-09-15 23:00:00,1757977207.0,0.017
2025-09-16 00:00:00,1757980816.0,0.017
2025-09-16 01:00:00,1757984413.0,0.017
2025-09-16 02:00:00,1757988019.0,0.017
2025-09-16 03:00:00,1757991602.0,0.017
2025-09-16 04:00:00,1757995218.0,0.017
2025-09-16 05:00:00,1757998815.0,0.017
2025-09-16 06:00:00,1758002409.0,0.017
2025-09-16 07:00:00,1758006018.0,0.017
2025-09-16 08:00:00,1758009617.0,0.017
2025-09-16 09:00:00,1758013211.0,0.017
2025-09-16 10:00:00,1758016802.0,0.017
2025-09-16 11:00:00,1758020402.0,0.017
2025-09-16 12:00:00,1758024034.0,0.017
2025-09-16 13:00:00,1758027605.0,0.017
2025-09-16 14:00:00,1758031202.0,0.017
2025-09-16 15:00:00,1758034804.0,0.017
2025-09-16 16:00:00,1758038410.0,0.017
2025-09-16 17:00:00,1758042007.0,0.014
2025-09-16 18:00:00,1758045627.0,0.014
2025-09-16 19:00:00,1758049212.0,0.0155
2025-09-16 20:00:00,1758052820.0,0.014
2025-09-16 21:00:00,1758056402.0,0.0125
2025-09-16 22:00:00,1758060017.0,0.0155
2025-09-16 23:00:00,1758063617.0,0.017
2025-09-17 00:00:00,1758067204.0,0.015
2025-09-17 01:00:00,1758070813.0,0.017
2025-09-17 02:00:00,1758074410.0,0.0135
2025-09-17 03:00:00,1758078030.0,0.014
2025-09-17 04:00:00,1758081605.0,0.016
2025-09-17 05:00:00,1758085214.0,0.0155
2025-09-17 06:00:00,1758088809.0,0.0155
2025-09-17 07:00:00,1758092413.0,0.0135
2025-09-17 08:00:00,1758096014.0,0.0135
2025-09-17 09:00:00,1758099619.0,0.0145
2025-09-17 10:00:00,1758103208.0,0.0145
2025-09-17 11:00:00,1758106803.0,0.015
2025-09-17 12:00:00,1758110412.0,0.0175
2025-09-17 13:00:00,1758114008.0,0.0175
2025-09-17 14:00:00,1758117612.0,0.017
2025-09-17 15:00:00,1758121210.0,0.0175
2025-09-17 16:00:00,1758124816.0,0.017
2025-09-17 17:00:00,1758128408.0,0.017
2025-09-17 18:00:00,1758132004.0,0.018
2025-09-17 19:00:00,1758135612.0,0.018
2025-09-17 20:00:00,1758139217.0,0.017
2025-09-17 21:00:00,1758142824.0,0.017
2025-09-17 22:00:00,1758146416.0,0.016
2025-09-17 23:00:00,1758150014.0,0.017
2025-09-18 00:00:00,1758153611.0,0.017
2025-09-18 01:00:00,1758157209.0,0.017
2025-09-18 02:00:00,1758160818.0,0.016
2025-09-18 03:00:00,1758164404.0,0.016
2025-09-18 04:00:00,1758168009.0,0.0165
2025-09-18 05:00:00,1758171605.0,0.016
2025-09-18 06:00:00,1758175207.0,0.017
2025-09-18 07:00:00,1758178807.0,0.0175
2025-09-18 08:00:00,1758182417.0,0.0165
2025-09-18 09:00:00,1758186014.0,0.016
2025-09-18 10:00:00,1758189615.0,0.016
2025-09-18 11:00:00,1758193203.0,0.0155
2025-09-18 12:00:00,1758196825.0,0.0145
2025-09-18 13:00:00,1758200418.0,0.0135
2025-09-18 14:00:00,1758204019.0,0.0135
2025-09-18 15:00:00,1758207602.0,0.015
2025-09-18 16:00:00,1758211208.0,0.015
2025-09-18 17:00:00,1758214820.0,0.016
2025-09-18 18:00:00,1758218419.0,0.014
2025-09-18 19:00:00,1758222004.0,0.016
2025-09-18 20:00:00,1758225611.0,0.018
2025-09-18 21:00:00,1758229221.0,0.0135
2025-09-18 22:00:00,1758232818.0,0.0155
2025-09-18 23:00:00,1758236404.0,0.0165
2025-09-19 00:00:00,1758240012.0,0.0155
2025-09-19 01:00:00,1758243608.0,0.0145
2025-09-19 02:00:00,1758247215.0,0.0155
2025-09-19 03:00:00,1758250805.0,0.0155
2025-09-19 04:00:00,1758254407.0,0.0145
2025-09-19 05:00:00,1758258007.0,0.0145
2025-09-19 06:00:00,1758261608.0,0.0135
2025-09-19 07:00:00,1758265223.0,0.0155
2025-09-19 08:00:00,1758268809.0,0.016
2025-09-19 09:00:00,1758272405.0,0.015
2025-09-19 10:00:00,1758276017.0,0.0155
2025-09-19 11:00:00,1758279623.0,0.0145
2025-09-19 12:00:00,1758283208.0,0.015
2025-09-19 13:00:00,1758286816.0,0.015
2025-09-19 14:00:00,1758290421.0,0.014
2025-09-19 15:00:00,1758294009.0,0.015
2025-09-19 16:00:00,1758297619.0,0.015
2025-09-19 17:00:00,1758301211.0,0.0095
2025-09-19 18:00:00,1758304816.0,0.009
2025-09-19 19:00:00,1758308417.0,0.0095
2025-09-19 20:00:00,1758312002.0,0.01
2025-09-19 21:00:00,1758315612.0,0.01
2025-09-19 22:00:00,1758319204.0,0.01
2025-09-19 23:00:00,1758322816.0,0.01
2025-09-20 00:00:00,1758326402.0,0.01
2025-09-20 01:00:00,1758330009.0,0.01
2025-09-20 02:00:00,1758333618.0,0.01
2025-09-20 03:00:00,1758337203.0,0.01
2025-09-20 04:00:00,1758340805.0,0.01
2025-09-20 05:00:00,1758344422.0,0.01
2025-09-20 06:00:00,1758348017.0,0.01
2025-09-20 07:00:00,1758351622.0,0.01
2025-09-20 08:00:00,1758355224.0,0.01
2025-09-20 09:00:00,1758358822.0,0.01
2025-09-20 10:00:00,1758362412.0,0.01
2025-09-20 11:00:00,1758366022.0,0.01
2025-09-20 12:00:00,1758369613.0,0.01
2025-09-20 13:00:00,1758373204.0,0.01
2025-09-20 14:00:00,1758376802.0,0.01
2025-09-20 15:00:00,1758380416.0,0.01
2025-09-20 16:00:00,1758384013.0,0.01
2025-09-20 17:00:00,1758387615.0,0.01
2025-09-20 18:00:00,1758391228.0,0.01
2025-09-20 19:00:00,1758394822.0,0.01
2025-09-20 20:00:00,1758398411.0,0.01
2025-09-20 21:00:00,1758402011.0,0.01
2025-09-20 22:00:00,1758405610.0,0.01
2025-09-20 23:00:00,1758409212.0,0.01
2025-09-21 00:00:00,1758412803.0,0.01
2025-09-21 01:00:00,1758416410.0,0.01
2025-09-21 02:00:00,1758420005.0,0.01
2025-09-21 03:00:00,1758423603.0,0.01
2025-09-21 04:00:00,1758427218.0,0.01
2025-09-21 05:00:00,1758430817.0,0.01
2025-09-21 06:00:00,1758434412.0,0.01
2025-09-21 07:00:00,1758438008.0,0.01
2025-09-21 08:00:00,1758441611.0,0.01
2025-09-21 09:00:00,1758445210.0,0.01
2025-09-21 10:00:00,1758448809.0,0.01
2025-09-21 11:00:00,1758452408.0,0.01
2025-09-21 12:00:00,1758456022.0,0.01
2025-09-21 13:00:00,1758459614.0,0.0095
2025-09-21 14:00:00,1758463204.0,0.01
2025-09-21 15:00:00,1758466820.0,0.01
2025-09-21 16:00:00,1758470405.0,0.01
2025-09-21 17:00:00,1758474017.0,0.01
2025-09-21 18:00:00,1758477605.0,0.01
2025-09-21 19:00:00,1758481206.0,0.01
2025-09-21 20:00:00,1758484805.0,0.01
2025-09-21 21:00:00,1758488406.0,0.01
2025-09-21 22:00:00,1758492008.0,0.008
2025-09-21 23:00:00,1758495605.0,0.0075
2025-09-22 00:00:00,1758499217.0,0.0075
2025-09-22 01:00:00,1758502806.0,0.0075
2025-09-22 02:00:00,1758506419.0,0.0075
2025-09-22 03:00:00,1758510015.0,0.0075
2025-09-22 04:00:00,1758513602.0,0.0075
2025-09-22 05:00:00,1758517213.0,0.0075
2025-09-22 06:00:00,1758520824.0,0.0075
2025-09-22 07:00:00,1758524402.0,0.0075
2025-09-22 08:00:00,1758528016.0,0.0075
2025-09-22 09:00:00,1758531616.0,0.0075
2025-09-22 10:00:00,1758535222.0,0.0075
2025-09-22 11:00:00,1758538823.0,0.0075
2025-09-22 12:00:00,1758542402.0,0.0075
2025-09-22 13:00:00,1758546010.0,0.0075
2025-09-22 14:00:00,1758549616.0,0.0075
2025-09-22 15:00:00,1758553210.0,0.0075
2025-09-22 16:00:00,1758556802.0,0.0075
2025-09-22 17:00:00,1758560416.0,0.0075
2025-09-22 18:00:00,1758564012.0,0.0075
2025-09-22 19:00:00,1758567615.0,0.0075
2025-09-22 20:00:00,1758571204.0,0.0075
2025-09-22 21:00:00,1758574821.0,0.0075
2025-09-22 22:00:00,1758578416.0,0.0075
2025-09-22 23:00:00,1758582005.0,0.0075
2025-09-23 00:00:00,1758585604.0,0.0075
2025-09-23 01:00:00,1758589203.0,0.0075
2025-09-23 02:00:00,1758592803.0,0.0075
2025-09-23 03:00:00,1758596414.0,0.0075
2025-09-23 04:00:00,1758600020.0,0.0075
2025-09-23 05:00:00,1758603610.0,0.0075
2025-09-23 06:00:00,1758607208.0,0.0075
2025-09-23 07:00:00,1758610820.0,0.0075
2025-09-23 08:00:00,1758614421.0,0.0075
2025-09-23 09:00:00,1758618018.0,0.0075
2025-09-23 10:00:00,1758621617.0,0.0075
2025-09-23 11:00:00,1758625215.0,0.0075
2025-09-23 12:00:00,1758628828.0,0.0075
2025-09-23 13:00:00,1758632411.0,0.0075
2025-09-23 14:00:00,1758636021.0,0.0075
2025-09-23 15:00:00,1758639620.0,0.0075
2025-09-23 16:00:00,1758643213.0,0.0075
2025-09-23 17:00:00,1758646807.0,0.0075
2025-09-23 18:00:00,1758650416.0,0.0075
2025-09-23 19:00:00,1758654004.0,0.0075
2025-09-23 20:00:00,1758657620.0,0.0075
2025-09-23 21:00:00,1758661205.0,0.0075
2025-09-23 22:00:00,1758664808.0,0.0075
2025-09-23 23:00:00,1758668411.0,0.0075
2025-09-24 00:00:00,1758672011.0,0.0075
2025-09-24 01:00:00,1758675614.0,0.0075
2025-09-24 02:00:00,1758679212.0,0.0075
2025-09-24 03:00:00,1758682804.0,0.0075
2025-09-24 04:00:00,1758686420.0,0.0075
2025-09-24 05:00:00,1758690002.0,0.0075
2025-09-24 06:00:00,1758693614.0,0.0075
2025-09-24 07:00:00,1758697215.0,0.0075
2025-09-24 08:00:00,1758700821.0,0.0075
2025-09-24 09:00:00,1758704402.0,0.0075
2025-09-24 10:00:00,1758708005.0,0.0075
2025-09-24 11:00:00,1758711605.0,0.0075
2025-09-24 12:00:00,1758715211.0,0.0075
2025-09-24 13:00:00,1758718806.0,0.0075
2025-09-24 14:00:00,1758722413.0,0.0075
2025-09-24 15:00:00,1758726014.0,0.0075
2025-09-24 16:00:00,1758729610.0,0.0075
2025-09-24 17:00:00,1758733211.0,0.0075
2025-09-24 18:00:00,1758736812.0,0.0075
2025-09-24 19:00:00,1758740404.0,0.0075
2025-09-24 20:00:00,1758744010.0,0.0075
2025-09-24 21:00:00,1758747612.0,0.0075
2025-09-24 22:00:00,1758751212.0,0.0075
2025-09-24 23:00:00,1758754805.0,0.0075
2025-09-25 00:00:00,1758758405.0,0.0075
2025-09-25 01:00:00,1758762005.0,0.0075
2025-09-25 02:00:00,1758765605.0,0.0075
2025-09-25 03:00:00,1758769214.0,0.0075
2025-09-25 04:00:00,1758772807.0,0.0075
2025-09-25 05:00:00,1758776413.0,0.0075
2025-09-25 06:00:00,1758780007.0,0.0075
2025-09-25 07:00:00,1758783606.0,0.0075
2025-09-25 08:00:00,1758787214.0,0.0075
2025-09-25 09:00:00,1758790810.0,0.0075
2025-09-25 10:00:00,1758794410.0,0.0075
2025-09-25 11:00:00,1758798005.0,0.0075
2025-09-25 12:00:00,1758801604.0,0.0075
2025-09-25 13:00:00,1758805209.0,0.0075
2025-09-25 14:00:00,1758808810.0,0.0075
2025-09-25 15:00:00,1758812405.0,0.0075
2025-09-25 16:00:00,1758816014.0,0.0075
2025-09-25 17:00:00,1758819611.0,0.0075
2025-09-25 18:00:00,1758823208.0,0.0075
2025-09-25 19:00:00,1758826815.0,0.0075
2025-09-25 20:00:00,1758830413.0,0.0075
2025-09-25 21:00:00,1758834010.0,0.0075
2025-09-25 22:00:00,1758837612.0,0.0075
2025-09-25 23:00:00,1758841205.0,0.0075
2025-09-26 00:00:00,1758844814.0,0.0075
2025-09-26 01:00:00,1758848412.0,0.0075
2025-09-26 02:00:00,1758852014.0,0.0075
2025-09-26 03:00:00,1758855605.0,0.0075
2025-09-26 04:00:00,1758859214.0,0.0075
2025-09-26 05:00:00,1758862813.0,0.0075
2025-09-26 06:00:00,1758866403.0,0.0075
2025-09-26 07:00:00,1758870010.0,0.0075
2025-09-26 08:00:00,1758873605.0,0.0075
2025-09-26 09:00:00,1758877211.0,0.0075
2025-09-26 10:00:00,1758880803.0,0.0075
2025-09-26 11:00:00,1758884408.0,0.0075
2025-09-26 12:00:00,1758888015.0,0.0075
2025-09-26 13:00:00,1758891604.0,0.0075
2025-09-26 14:00:00,1758895214.0,0.0075
2025-09-26 15:00:00,1758898814.0,0.0075
2025-09-26 16:00:00,1758902411.0,0.0075
2025-09-26 17:00:00,1758906011.0,0.0075
2025-09-26 18:00:00,1758909616.0,0.0075
2025-09-26 19:00:00,1758913208.0,0.0075
2025-09-26 20:00:00,1758916804.0,0.0075
2025-09-26 21:00:00,1758920403.0,0.0075
2025-09-26 22:00:00,1758924012.0,0.0075
2025-09-26 23:00:00,1758927613.0,0.0075
2025-09-27 00:00:00,1758931209.0,0.0075
2025-09-27 01:00:00,1758934808.0,0.0075
2025-09-27 02:00:00,1758938406.0,0.0075
2025-09-27 03:00:00,1758942014.0,0.0075
2025-09-27 04:00:00,1758945610.0,0.0075
2025-09-27 05:00:00,1758949209.0,0.0075
2025-09-27 06:00:00,1758952809.0,0.0075
2025-09-27 07:00:00,1758956406.0,0.0075
2025-09-27 08:00:00,1758960004.0,0.0075
2025-09-27 09:00:00,1758963611.0,0.0075
2025-09-27 10:00:00,1758967202.0,0.0075
2025-09-27 11:00:00,1758970808.0,0.0075
2025-09-27 12:00:00,1758974416.0,0.0075
2025-09-27 13:00:00,1758978007.0,0.0075
2025-09-27 14:00:00,1758981603.0,0.0075
2025-09-27 15:00:00,1758985204.0,0.0075
2025-09-27 16:00:00,1758988806.0,0.0075
2025-09-27 17:00:00,1758992412.0,0.0075
2025-09-27 18:00:00,1758996018.0,0.0075
2025-09-27 19:00:00,1758999609.0,0.0075
2025-09-27 20:00:00,1759003209.0,0.0075
2025-09-27 21:00:00,1759006806.0,0.0075
2025-09-27 22:00:00,1759010411.0,0.0075
2025-09-27 23:00:00,1759014008.0,0.0075
2025-09-28 00:00:00,1759017614.0,0.0075
2025-09-28 01:00:00,1759021204.0,0.0075
2025-09-28 02:00:00,1759024814.0,0.0075
2025-09-28 03:00:00,1759028414.0,0.0075
2025-09-28 04:00:00,1759032006.0,0.0075
2025-09-28 05:00:00,1759035617.0,0.0075
2025-09-28 06:00:00,1759039203.0,0.0075
2025-09-28 07:00:00,1759042815.0,0.0075
2025-09-28 08:00:00,1759046409.0,0.0075
2025-09-28 09:00:00,1759050007.0,0.0075
2025-09-28 10:00:00,1759053613.0,0.0075
2025-09-28 11:00:00,1759057210.0,0.0075
2025-09-28 12:00:00,1759060808.0,0.0075
2025-09-28 13:00:00,1759064404.0,0.0075
2025-09-28 14:00:00,1759068015.0,0.0075
2025-09-28 15:00:00,1759071614.0,0.0075
2025-09-28 16:00:00,1759075208.0,0.0075
2025-09-28 17:00:00,1759078810.0,0.0075
2025-09-28 18:00:00,1759082409.0,0.0075
2025-09-28 19:00:00,1759086007.0,0.0075
2025-09-28 20:00:00,1759089610.0,0.0075
2025-09-28 21:00:00,1759093216.0,0.0075
2025-09-28 22:00:00,1759096811.0,0.0075
2025-09-28 23:00:00,1759100404.0,0.0075
2025-09-29 00:00:00,1759104007.0,0.0075
2025-09-29 01:00:00,1759107603.0,0.0075
2025-09-29 02:00:00,1759111203.0,0.0075
2025-09-29 03:00:00,1759114810.0,0.0075
2025-09-29 04:00:00,1759118402.0,0.0075
2025-09-29 05:00:00,1759122008.0,0.0075
2025-09-29 06:00:00,1759125615.0,0.0075
2025-09-29 07:00:00,1759129209.0,0.0075
2025-09-29 08:00:00,1759132804.0,0.0075
2025-09-29 09:00:00,1759136410.0,0.0075
2025-09-29 10:00:00,1759140010.0,0.0075
2025-09-29 11:00:00,1759143604.0,0.0075
2025-09-29 12:00:00,1759147204.0,0.0075
2025-09-29 13:00:00,1759150804.0,0.0075
2025-09-29 14:00:00,1759154403.0,0.0075
2025-09-29 15:00:00,1759158012.0,0.0075
2025-09-29 16:00:00,1759161604.0,0.0075
2025-09-29 17:00:00,1759165215.0,0.002
2025-09-29 18:00:00,1759168803.0,0.002
2025-09-29 19:00:00,1759172412.0,0.002
2025-09-29 20:00:00,1759176008.0,0.0025
2025-09-29 21:00:00,1759179604.0,0.0025
2025-09-29 22:00:00,1759183212.0,0.0025
2025-09-29 23:00:00,1759186808.0,0.0025
2025-09-30 00:00:00,1759190409.0,0.0025
2025-09-30 01:00:00,1759194008.0,0.0025
2025-09-30 02:00:00,1759197602.0,0.0025
2025-09-30 03:00:00,1759201204.0,0.0025
2025-09-30 04:00:00,1759204812.0,0.0025
2025-09-30 05:00:00,1759208404.0,0.0025
2025-09-30 06:00:00,1759212012.0,0.0025
2025-09-30 07:00:00,1759215616.0,0.0025
2025-09-30 08:00:00,1759219214.0,0.0025
2025-09-30 09:00:00,1759222806.0,0.0025
2025-09-30 10:00:00,1759226403.0,0.0025
2025-09-30 11:00:00,1759230003.0,0.0025
2025-09-30 12:00:00,1759233616.0,0.0025
2025-09-30 13:00:00,1759237212.0,0.0025
2025-09-30 14:00:00,1759240808.0,0.0025
2025-09-30 15:00:00,1759244405.0,0.0025
2025-09-30 16:00:00,1759248012.0,0.0025
2025-09-30 17:00:00,1759251607.0,0.0025
2025-09-30 18:00:00,1759255215.0,0.0025
2025-09-30 19:00:00,1759258807.0,0.0025
2025-09-30 20:00:00,1759262414.0,0.0025
2025-09-30 21:00:00,1759266008.0,0.0025
2025-09-30 22:00:00,1759269611.0,0.0025
2025-09-30 23:00:00,1759273208.0,0.0025
2025-10-01 00:00:00,1759276802.0,0.0025
2025-10-01 01:00:00,1759280408.0,0.003
2025-10-01 02:00:00,1759284006.0,0.003
2025-10-01 03:00:00,1759287608.0,0.003
2025-10-01 04:00:00,1759291204.0,0.003
2025-10-01 05:00:00,1759294805.0,0.003
2025-10-01 06:00:00,1759298402.0,0.003
2025-10-01 07:00:00,1759302011.0,0.003
2025-10-01 08:00:00,1759305607.0,0.003
2025-10-01 09:00:00,1759309207.0,0.003
2025-10-01 10:00:00,1759312807.0,0.0035
2025-10-01 11:00:00,1759316405.0,0.0035
2025-10-01 12:00:00,1759320004.0,0.0035
2025-10-01 13:00:00,1759323603.0,0.0035
2025-10-01 14:00:00,1759327205.0,0.0035
2025-10-01 15:00:00,1759330802.0,0.0035
2025-10-01 16:00:00,1759334413.0,0.0035
2025-10-01 17:00:00,1759338007.0,0.0035
2025-10-01 18:00:00,1759341602.0,0.0035
2025-10-01 19:00:00,1759345205.0,0.0035
2025-10-01 20:00:00,1759348807.0,0.0035
2025-10-01 21:00:00,1759352407.0,0.0035
2025-10-01 22:00:00,1759356005.0,0.0035
2025-10-01 23:00:00,1759359605.0,0.0035
2025-10-02 00:00:00,1759363202.0,0.0035
2025-10-02 01:00:00,1759366811.0,0.0035
2025-10-02 02:00:00,1759370402.0,0.0035
2025-10-02 03:00:00,1759374013.0,0.0035
2025-10-02 04:00:00,1759377604.0,0.0035
2025-10-02 05:00:00,1759381213.0,0.0035
2025-10-02 06:00:00,1759384802.0,0.0035
2025-10-02 07:00:00,1759388403.0,0.0035
2025-10-02 08:00:00,1759392004.0,0.0035
2025-10-02 09:00:00,1759395604.0,0.0035
2025-10-02 10:00:00,1759399208.0,0.0035
2025-10-02 11:00:00,1759402804.0,0.0035
2025-10-02 12:00:00,1759406413.0,0.0035
2025-10-02 13:00:00,1759410002.0,0.0035
2025-10-02 14:00:00,1759413608.0,0.0035
2025-10-02 15:00:00,1759417206.0,0.0035
2025-10-02 16:00:00,1759420804.0,0.0035
2025-10-02 17:00:00,1759424410.0,0.0035
2025-10-02 18:00:00,1759428015.0,0.0035
2025-10-02 19:00:00,1759431612.0,0.0035
2025-10-02 20:00:00,1759435203.0,0.0035
2025-10-02 21:00:00,1759438814.0,0.0035
2025-10-02 22:00:00,1759442411.0,0.0035
2025-10-02 23:00:00,1759446003.0,0.0035
2025-10-03 00:00:00,1759449604.0,0.0035
2025-10-03 01:00:00,1759453205.0,0.0035
2025-10-03 02:00:00,1759456803.0,0.0035
2025-10-03 03:00:00,1759460408.0,0.0035
2025-10-03 04:00:00,1759464006.0,0.0035
2025-10-03 05:00:00,1759467612.0,0.0035
2025-10-03 06:00:00,1759471213.0,0.0035
2025-10-03 07:00:00,1759474802.0,0.0035
2025-10-03 08:00:00,1759478404.0,0.0035
2025-10-03 09:00:00,1759482008.0,0.0035
2025-10-03 10:00:00,1759485603.0,0.0035
2025-10-03 11:00:00,1759489207.0,0.0035
2025-10-03 12:00:00,1759492808.0,0.0035
2025-10-03 13:00:00,1759496410.0,0.0035
2025-10-03 14:00:00,1759500003.0,0.0035
2025-10-03 15:00:00,1759503609.0,0.0035
2025-10-03 16:00:00,1759507203.0,0.0035
2025-10-03 17:00:00,1759510811.0,0.0035
2025-10-03 18:00:00,1759514406.0,0.0035
2025-10-03 19:00:00,1759518007.0,0.0035
2025-10-03 20:00:00,1759521608.0,0.0035
2025-10-03 21:00:00,1759525205.0,0.0035
2025-10-03 22:00:00,1759528803.0,0.0035
2025-10-03 23:00:00,1759532404.0,0.0035
2025-10-04 00:00:00,1759536005.0,0.0035
2025-10-04 01:00:00,1759539604.0,0.0035
2025-10-04 02:00:00,1759543204.0,0.0035
2025-10-04 03:00:00,1759546804.0,0.0035
2025-10-04 04:00:00,1759550402.0,0.0035
2025-10-04 05:00:00,1759554003.0,0.0035
2025-10-04 06:00:00,1759557603.0,0.0035
2025-10-04 07:00:00,1759561207.0,0.0035
2025-10-04 08:00:00,1759564805.0,0.0035
2025-10-04 09:00:00,1759568409.0,0.0035
2025-10-04 10:00:00,1759572007.0,0.0035
2025-10-04 11:00:00,1759575605.0,0.0035
2025-10-04 12:00:00,1759579209.0,0.0035
2025-10-04 13:00:00,1759582806.0,0.0035
2025-10-04 14:00:00,1759586404.0,0.0035
2025-10-04 15:00:00,1759590008.0,0.0035
2025-10-04 16:00:00,1759593605.0,0.0035
2025-10-04 17:00:00,1759597207.0,0.0035
2025-10-04 18:00:00,1759600808.0,0.0035
2025-10-04 19:00:00,1759604406.0,0.0035
2025-10-04 20:00:00,1759608004.0,0.0035
2025-10-04 21:00:00,1759611609.0,0.0035
2025-10-04 22:00:00,1759615205.0,0.0035
2025-10-04 23:00:00,1759618805.0,0.0035
2025-10-05 00:00:00,1759622408.0,0.0035
2025-10-05 01:00:00,1759626004.0,0.0035
2025-10-05 02:00:00,1759629606.0,0.0035
2025-10-05 03:00:00,1759633203.0,0.0035
2025-10-05 04:00:00,1759636806.0,0.0035
2025-10-05 05:00:00,1759640404.0,0.0035
2025-10-05 06:00:00,1759644008.0,0.0035
2025-10-05 07:00:00,1759647607.0,0.0035
2025-10-05 08:00:00,1759651206.0,0.0035
2025-10-05 09:00:00,1759654809.0,0.0035
2025-10-05 10:00:00,1759658406.0,0.0035
2025-10-05 11:00:00,1759662002.0,0.0035
2025-10-05 12:00:00,1759665610.0,0.0035
2025-10-05 13:00:00,1759669207.0,0.0035
2025-10-05 14:00:00,1759672803.0,0.0035
2025-10-05 15:00:00,1759676409.0,0.0035
2025-10-05 16:00:00,1759680007.0,0.0035
2025-10-05 17:00:00,1759683612.0,0.0035
2025-10-05 18:00:00,1759687210.0,0.0035
2025-10-05 19:00:00,1759690809.0,0.0035
2025-10-05 20:00:00,1759694405.0,0.0035
2025-10-05 21:00:00,1759698006.0,0.0035
2025-10-05 22:00:00,1759701606.0,0.0035
2025-10-05 23:00:00,1759705205.0,0.0035
2025-10-06 00:00:00,1759708806.0,0.0035
2025-10-06 01:00:00,1759712408.0,0.0035
2025-10-06 02:00:00,1759716003.0,0.0035
2025-10-06 03:00:00,1759719610.0,0.0035
2025-10-06 04:00:00,1759723208.0,0.0035
2025-10-06 05:00:00,1759726806.0,0.0035
2025-10-06 06:00:00,1759730402.0,0.0035
2025-10-06 07:00:00,1759734013.0,0.0035
2025-10-06 08:00:00,1759737607.0,0.0035
2025-10-06 09:00:00,1759741207.0,0.0035
2025-10-06 10:00:00,1759744802.0,0.0035
2025-10-06 11:00:00,1759748407.0,0.0035
2025-10-06 12:00:00,1759752002.0,0.0035
2025-10-06 13:00:00,1759755604.0,0.0035
2025-10-06 14:00:00,1759759202.0,0.0035
2025-10-06 15:00:00,1759762804.0,0.0035
2025-10-06 16:00:00,1759766403.0,0.0035
2025-10-06 17:00:00,1759770005.0,0.0035
2025-10-06 18:00:00,1759773604.0,0.0035
2025-10-06 19:00:00,1759777208.0,0.0035
2025-10-06 20:00:00,1759780814.0,0.0035
2025-10-06 21:00:00,1759784415.0,0.0035
2025-10-06 22:00:00,1759788006.0,0.0035
2025-10-06 23:00:00,1759791612.0,0.0035
2025-10-07 00:00:00,1759795207.0,0.0035
2025-10-07 01:00:00,1759798809.0,0.0035
2025-10-07 02:00:00,1759802402.0,0.0035
2025-10-07 03:00:00,1759806009.0,0.0035
2025-10-07 04:00:00,1759809614.0,0.0035
2025-10-07 05:00:00,1759813203.0,0.0035
2025-10-07 06:00:00,1759816817.0,0.0035
2025-10-07 07:00:00,1759820413.0,0.0035
2025-10-07 08:00:00,1759824010.0,0.0035
2025-10-07 09:00:00,1759827610.0,0.0035
2025-10-07 10:00:00,1759831206.0,0.0035
2025-10-07 11:00:00,1759834802.0,0.0035
2025-10-07 12:00:00,1759838415.0,0.0035
2025-10-07 13:00:00,1759842010.0,0.0035
2025-10-07 14:00:00,1759845606.0,0.0035
2025-10-07 15:00:00,1759849210.0,0.0035
2025-10-07 16:00:00,1759852813.0,0.0035
2025-10-07 17:00:00,1759856412.0,0.0035
2025-10-07 18:00:00,1759860009.0,0.0035
2025-10-07 19:00:00,1759863610.0,0.0035
2025-10-07 20:00:00,1759867211.0,0.0035
2025-10-07 21:00:00,1759870815.0,0.0035
2025-10-07 22:00:00,1759874413.0,0.0035
2025-10-07 23:00:00,1759878006.0,0.0035
2025-10-08 00:00:00,1759881607.0,0.0035
2025-10-08 01:00:00,1759885209.0,0.0035
2025-10-08 02:00:00,1759888810.0,0.0035
2025-10-08 03:00:00,1759892415.0,0.0035
2025-10-08 04:00:00,1759896013.0,0.0035
2025-10-08 05:00:00,1759899611.0,0.0035
2025-10-08 06:00:00,1759903206.0,0.0035
2025-10-08 07:00:00,1759906809.0,0.0035
2025-10-08 08:00:00,1759910413.0,0.0035
2025-10-08 09:00:00,1759914015.0,0.0035
2025-10-08 10:00:00,1759917605.0,0.0035
2025-10-08 11:00:00,1759921209.0,0.0035
2025-10-08 12:00:00,1759924814.0,0.0035
2025-10-08 13:00:00,1759928404.0,0.0035
2025-10-08 14:00:00,1759932003.0,0.0035
2025-10-08 15:00:00,1759935607.0,0.0035
2025-10-08 16:00:00,1759939214.0,0.0035
2025-10-08 17:00:00,1759942807.0,0.0035
2025-10-08 18:00:00,1759946419.0,0.0035
2025-10-08 19:00:00,1759950011.0,0.0035
2025-10-08 20:00:00,1759953615.0,0.0035
2025-10-08 21:00:00,1759957206.0,0.0035
2025-10-08 22:00:00,1759960810.0,0.0035
2025-10-08 23:00:00,1759964415.0,0.0035
2025-10-09 00:00:00,1759968010.0,0.0035
2025-10-09 01:00:00,1759971604.0,0.0035
2025-10-09 02:00:00,1759975212.0,0.0035
2025-10-09 03:00:00,1759978818.0,0.0035
2025-10-09 04:00:00,1759982404.0,0.0035
2025-10-09 05:00:00,1759986014.0,0.0035
2025-10-09 06:00:00,1759989617.0,0.0035
2025-10-09 07:00:00,1759993206.0,0.0035
2025-10-09 08:00:00,1759996817.0,0.0035
2025-10-09 09:00:00,1760000407.0,0.0035
2025-10-09 10:00:00,1760004012.0,0.0035
2025-10-09 11:00:00,1760007615.0,0.0035
2025-10-09 12:00:00,1760011219.0,0.0035
2025-10-09 13:00:00,1760014815.0,0.0035
2025-10-09 14:00:00,1760018404.0,0.0035
2025-10-09 15:00:00,1760022013.0,0.0035
2025-10-09 16:00:00,1760025612.0,0.0035
2025-10-09 17:00:00,1760029209.0,0.0035
2025-10-09 18:00:00,1760032819.0,0.0035
2025-10-09 19:00:00,1760036402.0,0.0035
2025-10-09 20:00:00,1760040018.0,0.0035
2025-10-09 21:00:00,1760043613.0,0.0035
2025-10-09 22:00:00,1760047217.0,0.0035
2025-10-09 23:00:00,1760050819.0,0.0035
2025-10-10 00:00:00,1760054419.0,0.0035
2025-10-10 01:00:00,1760058012.0,0.0035
2025-10-10 02:00:00,1760061609.0,0.0035
2025-10-10 03:00:00,1760065204.0,0.0035
2025-10-10 04:00:00,1760068811.0,0.0035
2025-10-10 05:00:00,1760072408.0,0.0035
2025-10-10 06:00:00,1760076013.0,0.0035
2025-10-10 07:00:00,1760079619.0,0.0035
2025-10-10 08:00:00,1760083219.0,0.0035
2025-10-10 09:00:00,1760086822.0,0.0035
2025-10-10 10:00:00,1760090420.0,0.0035
2025-10-10 11:00:00,1760094011.0,0.0035
2025-10-10 12:00:00,1760097604.0,0.0035
2025-10-10 13:00:00,1760101213.0,0.0035
2025-10-10 14:00:00,1760104819.0,0.0035
2025-10-10 15:00:00,1760108417.0,0.0035
2025-10-10 16:00:00,1760112016.0,0.0035
2025-10-10 17:00:00,1760115603.0,0.0035
2025-10-10 18:00:00,1760119212.0,0.0035
2025-10-10 19:00:00,1760122805.0,0.0035
2025-10-10 20:00:00,1760126414.0,0.0035
2025-10-10 21:00:00,1760130021.0,0.0035
2025-10-10 22:00:00,1760133610.0,0.0035
2025-10-10 23:00:00,1760137205.0,0.0035
2025-10-11 00:00:00,1760140812.0,0.0035
2025-10-11 01:00:00,1760144402.0,0.0035
2025-10-11 02:00:00,1760148007.0,0.0035
2025-10-11 03:00:00,1760151616.0,0.0035
2025-10-11 04:00:00,1760155203.0,0.0035
2025-10-11 05:00:00,1760158817.0,0.0035
2025-10-11 06:00:00,1760162414.0,0.0035
2025-10-11 07:00:00,1760166013.0,0.0035
2025-10-11 08:00:00,1760169606.0,0.0035
2025-10-11 09:00:00,1760173215.0,0.0035
2025-10-11 10:00:00,1760176809.0,0.0035
2025-10-11 11:00:00,1760180409.0,0.0035
2025-10-11 12:00:00,1760184013.0,0.0035
2025-10-11 13:00:00,1760187607.0,0.0035
2025-10-11 14:00:00,1760191213.0,0.0035
2025-10-11 15:00:00,1760194808.0,0.0035
2025-10-11 16:00:00,1760198404.0,0.0035
2025-10-11 17:00:00,1760202011.0,0.0035
2025-10-11 18:00:00,1760205607.0,0.0035
2025-10-11 19:00:00,1760209216.0,0.0035
2025-10-11 20:00:00,1760212815.0,0.0035
2025-10-11 21:00:00,1760216404.0,0.0035
2025-10-11 22:00:00,1760220009.0,0.0035
2025-10-11 23:00:00,1760223611.0,0.0035
2025-10-12 00:00:00,1760227211.0,0.0035
2025-10-12 01:00:00,1760230813.0,0.0035
2025-10-12 02:00:00,1760234416.0,0.0035
2025-10-12 03:00:00,1760238019.0,0.0035
2025-10-12 04:00:00,1760241605.0,0.0035
2025-10-12 05:00:00,1760245208.0,0.0035
2025-10-12 06:00:00,1760248811.0,0.0035
2025-10-12 07:00:00,1760252410.0,0.0035
2025-10-12 08:00:00,1760256004.0,0.0035
2025-10-12 09:00:00,1760259623.0,0.0035
2025-10-12 10:00:00,1760263215.0,0.0035
2025-10-12 11:00:00,1760266811.0,0.0035
2025-10-12 12:00:00,1760270419.0,0.0035
2025-10-12 13:00:00,1760274013.0,0.0035
2025-10-12 14:00:00,1760277604.0,0.0035
2025-10-12 15:00:00,1760281223.0,0.0035
2025-10-12 16:00:00,1760284805.0,0.0035
2025-10-12 17:00:00,1760288417.0,0.0035
2025-10-12 18:00:00,1760292014.0,0.0035
2025-10-12 19:00:00,1760295606.0,0.0035
2025-10-12 20:00:00,1760299208.0,0.0035
2025-10-12 21:00:00,1760302820.0,0.0035
2025-10-12 22:00:00,1760306407.0,0.0035
2025-10-12 23:00:00,1760310017.0,0.0035
2025-10-13 00:00:00,1760313611.0,0.0035
2025-10-13 01:00:00,1760317209.0,0.0035
2025-10-13 02:00:00,1760320805.0,0.0035
2025-10-13 03:00:00,1760324418.0,0.0035
2025-10-13 04:00:00,1760328018.0,0.0035
2025-10-13 05:00:00,1760331610.0,0.0035
2025-10-13 06:00:00,1760335223.0,0.0035
2025-10-13 07:00:00,1760338808.0,0.0035
2025-10-13 08:00:00,1760342405.0,0.0035
2025-10-13 09:00:00,1760346022.0,0.0035
2025-10-13 10:00:00,1760349613.0,0.0035
2025-10-13 11:00:00,1760353208.0,0.0035
2025-10-13 12:00:00,1760356824.0,0.0035
2025-10-13 13:00:00,1760360416.0,0.0035
2025-10-13 14:00:00,1760364010.0,0.0035
2025-10-13 15:00:00,1760367620.0,0.0035
2025-10-13 16:00:00,1760371216.0,0.0035
2025-10-13 17:00:00,1760374811.0,0.0035
2025-10-13 18:00:00,1760378421.0,0.0035
2025-10-13 19:00:00,1760382009.0,0.0035
2025-10-13 20:00:00,1760385609.0,0.0035
2025-10-13 21:00:00,1760389225.0,0.0025
2025-10-13 22:00:00,1760392817.0,0.0025
2025-10-13 23:00:00,1760396409.0,0.0025
2025-10-14 00:00:00,1760400004.0,0.0025
2025-10-14 01:00:00,1760403610.0,0.0025
2025-10-14 02:00:00,1760407210.0,0.0025
2025-10-14 03:00:00,1760410824.0,0.0025
2025-10-14 04:00:00,1760414414.0,0.0025
2025-10-14 05:00:00,1760418015.0,0.0025
2025-10-14 06:00:00,1760421618.0,0.0025
2025-10-14 07:00:00,1760425211.0,0.0025
2025-10-14 08:00:00,1760428811.0,0.0025
2025-10-14 09:00:00,1760432403.0,0.0025
2025-10-14 10:00:00,1760436016.0,0.0025
2025-10-14 11:00:00,1760439603.0,0.0025
2025-10-14 12:00:00,1760443211.0,0.0025
2025-10-14 13:00:00,1760446818.0,0.0025
2025-10-14 14:00:00,1760450403.0,0.0025
2025-10-14 15:00:00,1760454008.0,0.0025
2025-10-14 16:00:00,1760457617.0,0.0025
2025-10-14 17:00:00,1760461207.0,0.0025
2025-10-14 18:00:00,1760464820.0,0.0025
2025-10-14 19:00:00,1760468415.0,0.0025
2025-10-14 20:00:00,1760472010.0,0.0025
2025-10-14 21:00:00,1760475617.0,0.0025
2025-10-14 22:00:00,1760479204.0,0.003
2025-10-14 23:00:00,1760482817.0,0.0025
2025-10-15 00:00:00,1760486405.0,0.0025
2025-10-15 01:00:00,1760490007.0,0.0025
2025-10-15 02:00:00,1760493609.0,0.0025
2025-10-15 03:00:00,1760497213.0,0.0025
2025-10-15 04:00:00,1760500813.0,0.0025
2025-10-15 05:00:00,1760504414.0,0.0025
2025-10-15 06:00:00,1760508020.0,0.0025
2025-10-15 07:00:00,1760511612.0,0.0025
2025-10-15 08:00:00,1760515205.0,0.0025
2025-10-15 09:00:00,1760518807.0,0.0025
2025-10-15 10:00:00,1760522403.0,0.0025
2025-10-15 11:00:00,1760526012.0,0.0025
2025-10-15 12:00:00,1760529619.0,0.0025
2025-10-15 13:00:00,1760533207.0,0.0025
2025-10-15 14:00:00,1760536810.0,0.0025
2025-10-15 15:00:00,1760540406.0,0.0025
2025-10-15 16:00:00,1760544012.0,0.0025
2025-10-15 17:00:00,1760547613.0,0.0025
2025-10-15 18:00:00,1760551207.0,0.0025
2025-10-15 19:00:00,1760554805.0,0.0025
2025-10-15 20:00:00,1760558409.0,0.0025
2025-10-15 21:00:00,1760562015.0,0.0025
2025-10-15 22:00:00,1760565613.0,0.0025
2025-10-15 23:00:00,1760569211.0,0.0025
2025-10-16 00:00:00,1760572821.0,0.0025
2025-10-16 01:00:00,1760576409.0,0.0025
2025-10-16 02:00:00,1760580005.0,0.0025
2025-10-16 03:00:00,1760583603.0,0.0025
2025-10-16 04:00:00,1760587210.0,0.0025
2025-10-16 05:00:00,1760590810.0,0.0025
2025-10-16 06:00:00,1760594424.0,0.0025
2025-10-16 07:00:00,1760598013.0,0.0025
2025-10-16 08:00:00,1760601608.0,0.0025
2025-10-16 09:00:00,1760605208.0,0.0025
2025-10-16 10:00:00,1760608816.0,0.0025
2025-10-16 11:00:00,1760612411.0,0.0025
2025-10-16 12:00:00,1760616027.0,0.0025
2025-10-16 13:00:00,1760619612.0,0.0025
2025-10-16 14:00:00,1760623219.0,0.0025
2025-10-16 15:00:00,1760626804.0,0.0025
2025-10-16 16:00:00,1760630411.0,0.0025
2025-10-16 17:00:00,1760634011.0,0.0025
2025-10-16 18:00:00,1760637619.0,0.0025
2025-10-16 19:00:00,1760641219.0,0.0025
2025-10-16 20:00:00,1760644821.0,0.0025
2025-10-16 21:00:00,1760648423.0,0.0025
2025-10-16 22:00:00,1760652013.0,0.0025
2025-10-16 23:00:00,1760655610.0,0.0025
2025-10-17 00:00:00,1760659214.0,0.0025
2025-10-17 01:00:00,1760662805.0,0.0025
2025-10-17 02:00:00,1760666403.0,0.0025
2025-10-17 03:00:00,1760670022.0,0.0025
2025-10-17 04:00:00,1760673609.0,0.0025
2025-10-17 05:00:00,1760677215.0,0.0025
2025-10-17 06:00:00,1760680813.0,0.0025
2025-10-17 07:00:00,1760684416.0,0.0025
2025-10-17 08:00:00,1760688019.0,0.0025
2025-10-17 09:00:00,1760691617.0,0.0025
2025-10-17 10:00:00,1760695209.0,0.0025
2025-10-17 11:00:00,1760698818.0,0.0025
2025-10-17 12:00:00,1760702421.0,0.0025
2025-10-17 13:00:00,1760706009.0,0.0025
2025-10-17 14:00:00,1760709608.0,0.0025
2025-10-17 15:00:00,1760713224.0,0.0025
2025-10-17 16:00:00,1760716813.0,0.0025
2025-10-17 17:00:00,1760720404.0,0.0025
2025-10-17 18:00:00,1760724015.0,0.0025
2025-10-17 19:00:00,1760727611.0,0.0025
2025-10-17 20:00:00,1760731204.0,0.0025
2025-10-17 21:00:00,1760734826.0,0.0025
2025-10-17 22:00:00,1760738404.0,0.0025
2025-10-17 23:00:00,1760742003.0,0.0025
2025-10-18 00:00:00,1760745605.0,0.0025
2025-10-18 01:00:00,1760749205.0,0.0025
2025-10-18 02:00:00,1760752821.0,0.0025
2025-10-18 03:00:00,1760756423.0,0.0025
2025-10-18 04:00:00,1760760010.0,0.0025
2025-10-18 05:00:00,1760763617.0,0.0025
2025-10-18 06:00:00,1760767223.0,0.0025
2025-10-18 07:00:00,1760770816.0,0.0025
2025-10-18 08:00:00,1760774406.0,0.0025
2025-10-18 09:00:00,1760778029.0,0.0025
2025-10-18 10:00:00,1760781611.0,0.0025
2025-10-18 11:00:00,1760785206.0,0.0025
2025-10-18 12:00:00,1760788827.0,0.0025
2025-10-18 13:00:00,1760792411.0,0.0025
2025-10-18 14:00:00,1760796007.0,0.0025
2025-10-18 15:00:00,1760799615.0,0.0025
2025-10-18 16:00:00,1760803217.0,0.0025
2025-10-18 17:00:00,1760806808.0,0.0025
2025-10-18 18:00:00,1760810423.0,0.0025
2025-10-18 19:00:00,1760814016.0,0.0025
2025-10-18 20:00:00,1760817621.0,0.0025
2025-10-18 21:00:00,1760821215.0,0.0025
2025-10-18 22:00:00,1760824821.0,0.0025
2025-10-18 23:00:00,1760828403.0,0.0025
2025-10-19 00:00:00,1760832014.0,0.0025
2025-10-19 01:00:00,1760835613.0,0.003
2025-10-19 02:00:00,1760839210.0,0.003
2025-10-19 03:00:00,1760842822.0,0.003
2025-10-19 04:00:00,1760846418.0,0.003
2025-10-19 05:00:00,1760850014.0,0.003
2025-10-19 06:00:00,1760853628.0,0.003
2025-10-19 07:00:00,1760857207.0,0.003
2025-10-19 08:00:00,1760860809.0,0.0025
2025-10-19 09:00:00,1760864413.0,0.0025
2025-10-19 10:00:00,1760868018.0,0.0025
2025-10-19 11:00:00,1760871616.0,0.0025
2025-10-19 12:00:00,1760875208.0,0.0025
2025-10-19 13:00:00,1760878809.0,0.0025
2025-10-19 14:00:00,1760882418.0,0.0025
2025-10-19 15:00:00,1760886021.0,0.0025
2025-10-19 16:00:00,1760889616.0,0.0025
2025-10-19 17:00:00,1760893217.0,0.0025
2025-10-19 18:00:00,1760896812.0,0.0025
2025-10-19 19:00:00,1760900418.0,0.0025
2025-10-19 20:00:00,1760904013.0,0.0025
2025-10-19 21:00:00,1760907620.0,0.0025
2025-10-19 22:00:00,1760911215.0,0.0025
2025-10-19 23:00:00,1760914809.0,0.0025
2025-10-20 00:00:00,1760918414.0,0.0025
2025-10-20 01:00:00,1760922007.0,0.0025
2025-10-20 02:00:00,1760925611.0,0.0025
2025-10-20 03:00:00,1760929224.0,0.0025
2025-10-20 04:00:00,1760932811.0,0.0025
2025-10-20 05:00:00,1760936405.0,0.0025
2025-10-20 06:00:00,1760940012.0,0.0025
2025-10-20 07:00:00,1760943620.0,0.0025
2025-10-20 08:00:00,1760947206.0,0.0025
2025-10-20 09:00:00,1760950810.0,0.0025
2025-10-20 10:00:00,1760954409.0,0.0025
2025-10-20 11:00:00,1760958014.0,0.0025
2025-10-20 12:00:00,1760961622.0,0.0025
2025-10-20 13:00:00,1760965219.0,0.0025
2025-10-20 14:00:00,1760968814.0,0.0025
2025-10-20 15:00:00,1760972425.0,0.0025
2025-10-20 16:00:00,1760976007.0,0.0025
2025-10-20 17:00:00,1760979614.0,0.0025
2025-10-20 18:00:00,1760983216.0,0.0025
2025-10-20 19:00:00,1760986807.0,0.0025
2025-10-20 20:00:00,1760990413.0,0.0025
2025-10-20 21:00:00,1760994019.0,0.0025
2025-10-20 22:00:00,1760997611.0,0.0025
2025-10-20 23:00:00,1761001212.0,0.0025
2025-10-21 00:00:00,1761004803.0,0.0025
2025-10-21 01:00:00,1761008412.0,0.0025
2025-10-21 02:00:00,1761012005.0,0.0025
2025-10-21 03:00:00,1761015609.0,0.0025
2025-10-21 04:00:00,1761019208.0,0.0025
2025-10-21 05:00:00,1761022803.0,0.0025
2025-10-21 06:00:00,1761026425.0,0.0025
2025-10-21 07:00:00,1761030005.0,0.0025
2025-10-21 08:00:00,1761033616.0,0.0025
2025-10-21 09:00:00,1761037211.0,0.0025
2025-10-21 10:00:00,1761040810.0,0.0025
2025-10-21 11:00:00,1761044417.0,0.0025
2025-10-21 12:00:00,1761048015.0,0.0025
2025-10-21 13:00:00,1761051607.0,0.0025
2025-10-21 14:00:00,1761055214.0,0.0025
2025-10-21 15:00:00,1761058809.0,0.0025
2025-10-21 16:00:00,1761062416.0,0.0025
2025-10-21 17:00:00,1761066015.0,0.0025
2025-10-21 18:00:00,1761069615.0,0.0025
2025-10-21 19:00:00,1761073220.0,0.0025
2025-10-21 20:00:00,1761076820.0,0.0105
2025-10-21 21:00:00,1761080425.0,0.0085
2025-10-21 22:00:00,1761084014.0,0.008
2025-10-21 23:00:00,1761087617.0,0.008
2025-10-22 00:00:00,1761091223.0,0.008
2025-10-22 01:00:00,1761094817.0,0.008
2025-10-22 02:00:00,1761098416.0,0.008
2025-10-22 03:00:00,1761102032.0,0.008
2025-10-22 04:00:00,1761105623.0,0.008
2025-10-22 05:00:00,1761109224.0,0.008
2025-10-22 06:00:00,1761112825.0,0.008
2025-10-22 07:00:00,1761116415.0,0.008
2025-10-22 08:00:00,1761120017.0,0.008
2025-10-22 09:00:00,1761123624.0,0.008
2025-10-22 10:00:00,1761127222.0,0.008
2025-10-22 11:00:00,1761130816.0,0.008
2025-10-22 12:00:00,1761134432.0,0.008
2025-10-22 13:00:00,1761138024.0,0.008
2025-10-22 14:00:00,1761141622.0,0.008
2025-10-22 15:00:00,1761145231.0,0.008
2025-10-22 16:00:00,1761148825.0,0.008
2025-10-22 17:00:00,1761152427.0,0.0055
2025-10-22 18:00:00,1761156038.0,0.0055
2025-10-22 19:00:00,1761159625.0,0.0055
2025-10-22 20:00:00,1761163226.0,0.0055
2025-10-22 21:00:00,1761166832.0,0.0055
2025-10-22 22:00:00,1761170426.0,0.008
2025-10-22 23:00:00,1761174027.0,0.008
2025-10-23 00:00:00,1761177612.0,0.007
2025-10-23 01:00:00,1761181211.0,0.007
2025-10-23 02:00:00,1761184813.0,0.0075
2025-10-23 03:00:00,1761188416.0,0.007
2025-10-23 04:00:00,1761192014.0,0.0085
2025-10-23 05:00:00,1761195616.0,0.008
2025-10-23 06:00:00,1761199218.0,0.008
2025-10-23 07:00:00,1761202813.0,0.008
2025-10-23 08:00:00,1761206418.0,0.008
2025-10-23 09:00:00,1761210016.0,0.008
2025-10-23 10:00:00,1761213616.0,0.008
2025-10-23 11:00:00,1761217219.0,0.008
2025-10-23 12:00:00,1761220822.0,0.008
2025-10-23 13:00:00,1761224418.0,0.008
2025-10-23 14:00:00,1761228048.0,0.0085
2025-10-23 15:00:00,1761231618.0,0.0085
2025-10-23 16:00:00,1761235219.0,0.008
2025-10-23 17:00:00,1761238821.0,0.008
2025-10-23 18:00:00,1761242420.0,0.008
2025-10-23 19:00:00,1761246020.0,0.0085
2025-10-23 20:00:00,1761249620.0,0.0085
2025-10-23 21:00:00,1761253222.0,0.008
2025-10-23 22:00:00,1761256820.0,0.008
2025-10-23 23:00:00,1761260420.0,0.008
2025-10-24 00:00:00,1761264019.0,0.0135
2025-10-24 01:00:00,1761267616.0,0.0095
2025-10-24 02:00:00,1761271219.0,0.0095
2025-10-24 03:00:00,1761274821.0,0.0085
2025-10-24 04:00:00,1761278421.0,0.01
2025-10-24 05:00:00,1761282021.0,0.009
2025-10-24 06:00:00,1761285622.0,0.0085
2025-10-24 07:00:00,1761289222.0,0.0085
2025-10-24 08:00:00,1761292822.0,0.0105
2025-10-24 09:00:00,1761296423.0,0.0095
2025-10-24 10:00:00,1761300022.0,0.01
2025-10-24 11:00:00,1761303622.0,0.0095
2025-10-24 12:00:00,1761307226.0,0.007
2025-10-24 13:00:00,1761310821.0,0.01
2025-10-24 14:00:00,1761314423.0,0.01
2025-10-24 15:00:00,1761318024.0,0.009
2025-10-24 16:00:00,1761321621.0,0.009
2025-10-24 17:00:00,1761325223.0,0.0095
2025-10-24 18:00:00,1761328822.0,0.0095
2025-10-24 19:00:00,1761332423.0,0.0085
2025-10-24 20:00:00,1761336022.0,0.008
2025-10-24 21:00:00,1761339625.0,0.009
2025-10-24 22:00:00,1761343222.0,0.009
2025-10-24 23:00:00,1761346821.0,0.009
2025-10-25 00:00:00,1761350417.0,0.009
2025-10-25 01:00:00,1761354014.0,0.009
2025-10-25 02:00:00,1761357617.0,0.009
2025-10-25 03:00:00,1761361222.0,0.009
2025-10-25 04:00:00,1761364821.0,0.009
2025-10-25 05:00:00,1761368422.0,0.009
2025-10-25 06:00:00,1761372022.0,0.009
2025-10-25 07:00:00,1761375623.0,0.009
2025-10-25 08:00:00,1761379220.0,0.009
2025-10-25 09:00:00,1761382824.0,0.009
2025-10-25 10:00:00,1761386423.0,0.0085
2025-10-25 11:00:00,1761390021.0,0.007
2025-10-25 12:00:00,1761393626.0,0.007
2025-10-25 13:00:00,1761397221.0,0.0075
2025-10-25 14:00:00,1761400822.0,0.0075
2025-10-25 15:00:00,1761404423.0,0.0075
2025-10-25 16:00:00,1761408021.0,0.0075
2025-10-25 17:00:00,1761411627.0,0.0075
2025-10-25 18:00:00,1761415225.0,0.006
2025-10-25 19:00:00,1761418822.0,0.006
2025-10-25 20:00:00,1761422422.0,0.0065
2025-10-25 21:00:00,1761426024.0,0.006
2025-10-25 22:00:00,1761429622.0,0.006
2025-10-25 23:00:00,1761433222.0,0.006
2025-10-26 00:00:00,1761436821.0,0.006
2025-10-26 01:00:00,1761440417.0,0.008
2025-10-26 02:00:00,1761444019.0,0.008
2025-10-26 03:00:00,1761447624.0,0.008
2025-10-26 04:00:00,1761451221.0,0.008
2025-10-26 05:00:00,1761454821.0,0.008
2025-10-26 06:00:00,1761458423.0,0.008
2025-10-26 07:00:00,1761462022.0,0.007
2025-10-26 08:00:00,1761465621.0,0.0075
2025-10-26 09:00:00,1761469223.0,0.0075
2025-10-26 10:00:00,1761472821.0,0.0075
2025-10-26 11:00:00,1761476420.0,0.0075
2025-10-26 12:00:00,1761480028.0,0.0075
2025-10-26 13:00:00,1761483620.0,0.0075
2025-10-26 14:00:00,1761487222.0,0.0075
2025-10-26 15:00:00,1761490820.0,0.0075
2025-10-26 16:00:00,1761494419.0,0.008
2025-10-26 17:00:00,1761498020.0,0.008
2025-10-26 18:00:00,1761501622.0,0.0075
2025-10-26 19:00:00,1761505217.0,0.0075
2025-10-26 20:00:00,1761508820.0,0.0075
2025-10-26 21:00:00,1761512422.0,0.007
2025-10-26 22:00:00,1761516019.0,0.0075
2025-10-26 23:00:00,1761519619.0,0.007
2025-10-27 00:00:00,1761523218.0,0.007
2025-10-27 01:00:00,1761526814.0,0.008
2025-10-27 02:00:00,1761530418.0,0.0075
2025-10-27 03:00:00,1761534020.0,0.008
2025-10-27 04:00:00,1761537617.0,0.008
2025-10-27 05:00:00,1761541218.0,0.0075
2025-10-27 06:00:00,1761544820.0,0.0075
2025-10-27 07:00:00,1761548416.0,0.008
2025-10-27 08:00:00,1761552019.0,0.008
2025-10-27 09:00:00,1761555620.0,0.008
2025-10-27 10:00:00,1761559218.0,0.008
2025-10-27 11:00:00,1761562817.0,0.008
2025-10-27 12:00:00,1761566424.0,0.0055
2025-10-27 13:00:00,1761570020.0,0.007
2025-10-27 14:00:00,1761573617.0,0.0065
2025-10-27 15:00:00,1761577222.0,0.0065
2025-10-27 16:00:00,1761580820.0,0.0075
2025-10-27 17:00:00,1761584421.0,0.0075
2025-10-27 18:00:00,1761588021.0,0.007
2025-10-27 19:00:00,1761591619.0,0.007
2025-10-27 20:00:00,1761595221.0,0.007
2025-10-27 21:00:00,1761598823.0,0.0085
2025-10-27 22:00:00,1761602419.0,0.008
2025-10-27 23:00:00,1761606020.0,0.007
2025-10-28 00:00:00,1761609623.0,0.007
2025-10-28 01:00:00,1761613219.0,0.007
2025-10-28 02:00:00,1761616820.0,0.007
2025-10-28 03:00:00,1761620432.0,0.007
2025-10-28 04:00:00,1761624027.0,0.007
2025-10-28 05:00:00,1761627619.0,0.0075
2025-10-28 06:00:00,1761631223.0,0.0075
2025-10-28 07:00:00,1761634818.0,0.0075
2025-10-28 08:00:00,1761638420.0,0.0075
2025-10-28 09:00:00,1761642021.0,0.0075
2025-10-28 10:00:00,1761645627.0,0.0075
2025-10-28 11:00:00,1761649227.0,0.0075
2025-10-28 12:00:00,1761652823.0,0.0075
2025-10-28 13:00:00,1761656428.0,0.0075
2025-10-28 14:00:00,1761660027.0,0.007
2025-10-28 15:00:00,1761663630.0,0.007
2025-10-28 16:00:00,1761667230.0,0.007
2025-10-28 17:00:00,1761670831.0,0.0065
2025-10-28 18:00:00,1761674431.0,0.0065
2025-10-28 19:00:00,1761678030.0,0.005
2025-10-28 20:00:00,1761681631.0,0.0045
2025-10-28 21:00:00,1761685230.0,0.005
2025-10-28 22:00:00,1761688828.0,0.0055
2025-10-28 23:00:00,1761692430.0,0.0055
2025-10-29 00:00:00,1761696022.0,0.005
2025-10-29 01:00:00,1761699616.0,0.005
2025-10-29 02:00:00,1761703216.0,0.005
2025-10-29 03:00:00,1761706828.0,0.005
2025-10-29 04:00:00,1761710425.0,0.0045
2025-10-29 05:00:00,1761714028.0,0.005
2025-10-29 06:00:00,1761717622.0,0.005
2025-10-29 07:00:00,1761721219.0,0.0045
2025-10-29 08:00:00,1761724828.0,0.0045
2025-10-29 09:00:00,1761728429.0,0.0045
2025-10-29 12:00:00,1761740242.0,0.005
2025-10-29 13:00:00,1761743359.0,0.005
2025-10-29 14:00:00,1761746419.0,0.005
2025-10-29 15:00:00,1761750022.0,0.004
2025-10-29 16:00:00,1761753620.0,0.004
2025-10-29 17:00:00,1761757223.0,0.004
2025-10-29 18:00:00,1761760823.0,0.0035
2025-10-29 19:00:00,1761764422.0,0.0035
2025-10-29 20:00:00,1761768023.0,0.003
2025-10-29 21:00:00,1761771623.0,0.0035
2025-10-29 22:00:00,1761775223.0,0.0035
2025-10-29 23:00:00,1761778822.0,0.0035
2025-10-30 00:00:00,1761782421.0,0.003
2025-10-30 01:00:00,1761786018.0,0.003
2025-10-30 02:00:00,1761789619.0,0.003
2025-10-30 03:00:00,1761793224.0,0.003
2025-10-30 04:00:00,1761796824.0,0.0035
2025-10-30 05:00:00,1761800424.0,0.004
2025-10-30 06:00:00,1761804024.0,0.004
2025-10-30 07:00:00,1761807624.0,0.003
2025-10-30 08:00:00,1761811222.0,0.003
2025-10-30 09:00:00,1761814825.0,0.003
2025-10-30 10:00:00,1761818420.0,0.003
2025-10-30 11:00:00,1761822024.0,0.0035
2025-10-30 12:00:00,1761825626.0,0.0035
2025-10-30 13:00:00,1761829222.0,0.0035
2025-10-30 14:00:00,1761832823.0,0.002
2025-10-30 15:00:00,1761836424.0,0.002
2025-10-30 16:00:00,1761840023.0,0.002
2025-10-30 17:00:00,1761843626.0,0.002
2025-10-30 18:00:00,1761847225.0,0.002
2025-10-30 19:00:00,1761850823.0,0.002
2025-10-30 20:00:00,1761854422.0,0.002
2025-10-30 21:00:00,1761858025.0,0.002
2025-10-30 22:00:00,1761861624.0,0.002
2025-10-30 23:00:00,1761865225.0,0.002
2025-10-31 00:00:00,1761868814.0,0.002
2025-10-31 01:00:00,1761872414.0,0.002
2025-10-31 02:00:00,1761876017.0,0.002
2025-10-31 03:00:00,1761879620.0,0.002
2025-10-31 04:00:00,1761883222.0,0.002
2025-10-31 05:00:00,1761886821.0,0.002
2025-10-31 06:00:00,1761890423.0,0.002
2025-10-31 07:00:00,1761894023.0,0.002
2025-10-31 08:00:00,1761897626.0,0.002
2025-10-31 09:00:00,1761901222.0,0.002
2025-10-31 10:00:00,1761904822.0,0.002
2025-10-31 11:00:00,1761908421.0,0.002
2025-10-31 12:00:00,1761912025.0,0.002
2025-10-31 13:00:00,1761915621.0,0.002
2025-10-31 14:00:00,1761919222.0,0.002
2025-10-31 15:00:00,1761922822.0,0.002
2025-10-31 16:00:00,1761926423.0,0.002
2025-10-31 17:00:00,1761930025.0,0.002
2025-10-31 18:00:00,1761933624.0,0.002
2025-10-31 19:00:00,1761937223.0,0.002
2025-10-31 20:00:00,1761940822.0,0.002
2025-10-31 21:00:00,1761944425.0,0.002
2025-10-31 22:00:00,1761948023.0,0.002
2025-10-31 23:00:00,1761951623.0,0.002
2025-11-01 00:00:00,1761955221.0,0.002
2025-11-01 01:00:00,1761958819.0,0.002
2025-11-01 02:00:00,1761962421.0,0.0015
2025-11-01 03:00:00,1761966024.0,0.0015
2025-11-01 04:00:00,1761969623.0,0.0015
2025-11-01 05:00:00,1761973223.0,0.0015
2025-11-01 06:00:00,1761976825.0,0.0015
2025-11-01 07:00:00,1761980424.0,0.0015
2025-11-01 08:00:00,1761984023.0,0.0015
2025-11-01 09:00:00,1761987625.0,0.0015
2025-11-01 10:00:00,1761991225.0,0.0015
2025-11-01 11:00:00,1761994823.0,0.0015
2025-11-01 12:00:00,1761998429.0,0.0015
2025-11-01 13:00:00,1762002022.0,0.0015
2025-11-01 14:00:00,1762005624.0,0.0025
2025-11-01 15:00:00,1762009225.0,0.0025
2025-11-01 16:00:00,1762012823.0,0.0025
2025-11-01 17:00:00,1762016427.0,0.0025
2025-11-01 18:00:00,1762020024.0,0.0025
2025-11-01 19:00:00,1762023624.0,0.0025
2025-11-01 20:00:00,1762027224.0,0.0025
2025-11-01 21:00:00,1762030826.0,0.0025
2025-11-01 22:00:00,1762034424.0,0.0025
2025-11-01 23:00:00,1762038023.0,0.0025
2025-11-02 00:00:00,1762041617.0,0.0025
2025-11-02 01:00:00,1762045215.0,0.0025
2025-11-02 02:00:00,1762048818.0,0.0025
2025-11-02 03:00:00,1762052422.0,0.0025
2025-11-02 04:00:00,1762056021.0,0.0025
2025-11-02 05:00:00,1762059622.0,0.0025
2025-11-02 06:00:00,1762063223.0,0.0025
2025-11-02 07:00:00,1762066823.0,0.0025
2025-11-02 08:00:00,1762070421.0,0.0025
2025-11-02 09:00:00,1762074022.0,0.0025
2025-11-02 10:00:00,1762077622.0,0.0025
2025-11-02 11:00:00,1762081223.0,0.0025
2025-11-02 12:00:00,1762084825.0,0.0025
2025-11-02 13:00:00,1762088421.0,0.0025
2025-11-02 14:00:00,1762092022.0,0.0025
2025-11-02 15:00:00,1762095623.0,0.0025
2025-11-02 16:00:00,1762099222.0,0.0025
2025-11-02 17:00:00,1762102824.0,0.0025
2025-11-02 18:00:00,1762106425.0,0.0025
2025-11-02 19:00:00,1762110023.0,0.0025
2025-11-02 20:00:00,1762113622.0,0.0025
2025-11-02 21:00:00,1762117225.0,0.0025
2025-11-02 22:00:00,1762120823.0,0.0025
2025-11-02 23:00:00,1762124422.0,0.0025
2025-11-03 00:00:00,1762128020.0,0.007
2025-11-03 01:00:00,1762131619.0,0.007
2025-11-03 02:00:00,1762135220.0,0.0065
2025-11-03 03:00:00,1762138823.0,0.0065
2025-11-03 04:00:00,1762142423.0,0.0065
2025-11-03 05:00:00,1762146023.0,0.007
2025-11-03 06:00:00,1762149624.0,0.0065
2025-11-03 07:00:00,1762153224.0,0.0065
2025-11-03 08:00:00,1762156822.0,0.0065
2025-11-03 09:00:00,1762160423.0,0.0055
2025-11-03 10:00:00,1762164022.0,0.0055
2025-11-03 11:00:00,1762167622.0,0.0045
2025-11-03 12:00:00,1762171225.0,0.0035
2025-11-03 13:00:00,1762174821.0,0.0035
2025-11-03 14:00:00,1762178421.0,0.0035
2025-11-03 15:00:00,1762182023.0,0.0035
2025-11-03 16:00:00,1762185622.0,0.0035
2025-11-03 17:00:00,1762189223.0,0.0035
2025-11-03 18:00:00,1762192824.0,0.0035
2025-11-03 19:00:00,1762196423.0,0.0035
2025-11-03 20:00:00,1762200023.0,0.0035
2025-11-03 21:00:00,1762203626.0,0.0035
2025-11-03 22:00:00,1762207224.0,0.0035
2025-11-03 23:00:00,1762210824.0,0.0035
2025-11-04 00:00:00,1762214420.0,0.003
2025-11-04 01:00:00,1762218016.0,0.003
2025-11-04 02:00:00,1762221619.0,0.003
2025-11-04 03:00:00,1762225223.0,0.003
2025-11-04 04:00:00,1762228824.0,0.003
2025-11-04 05:00:00,1762232422.0,0.003
2025-11-04 06:00:00,1762236025.0,0.003
2025-11-04 07:00:00,1762239624.0,0.003
2025-11-04 08:00:00,1762243223.0,0.003
2025-11-04 09:00:00,1762246826.0,0.003
2025-11-04 10:00:00,1762250424.0,0.003
2025-11-04 11:00:00,1762254024.0,0.003
2025-11-04 12:00:00,1762257628.0,0.003
2025-11-04 13:00:00,1762261223.0,0.003
2025-11-04 14:00:00,1762264825.0,0.003
2025-11-04 15:00:00,1762268425.0,0.003
2025-11-04 16:00:00,1762272025.0,0.003
2025-11-04 17:00:00,1762275626.0,0.006
2025-11-04 18:00:00,1762279226.0,0.0055
2025-11-04 19:00:00,1762282825.0,0.006
2025-11-04 20:00:00,1762286425.0,0.006
2025-11-04 21:00:00,1762290028.0,0.006
2025-11-04 22:00:00,1762293625.0,0.006
2025-11-04 23:00:00,1762297224.0,0.006
2025-11-05 00:00:00,1762300822.0,0.006
2025-11-05 01:00:00,1762304420.0,0.006
2025-11-05 02:00:00,1762308022.0,0.006
2025-11-05 03:00:00,1762311625.0,0.008
2025-11-05 04:00:00,1762315224.0,0.008
2025-11-05 05:00:00,1762318825.0,0.008
2025-11-05 06:00:00,1762322428.0,0.008
2025-11-05 07:00:00,1762326025.0,0.008
2025-11-05 08:00:00,1762329625.0,0.008
2025-11-05 09:00:00,1762333227.0,0.008
2025-11-05 10:00:00,1762336824.0,0.0065
2025-11-05 11:00:00,1762340425.0,0.006
2025-11-05 12:00:00,1762344029.0,0.006
2025-11-05 13:00:00,1762347623.0,0.0065
2025-11-05 14:00:00,1762351225.0,0.008
2025-11-05 15:00:00,1762354826.0,0.008
2025-11-05 16:00:00,1762358424.0,0.008
2025-11-05 17:00:00,1762362026.0,0.008
2025-11-05 18:00:00,1762365626.0,0.008
2025-11-05 19:00:00,1762369226.0,0.008
2025-11-05 20:00:00,1762372824.0,0.008
2025-11-05 21:00:00,1762376427.0,0.008
2025-11-05 22:00:00,1762380025.0,0.008
2025-11-05 23:00:00,1762383624.0,0.008
2025-11-06 00:00:00,1762387214.0,0.008
2025-11-06 01:00:00,1762390814.0,0.008
2025-11-06 02:00:00,1762394418.0,0.008
2025-11-06 03:00:00,1762398024.0,0.008
2025-11-06 04:00:00,1762401623.0,0.008
2025-11-06 05:00:00,1762405223.0,0.008
2025-11-06 06:00:00,1762408824.0,0.008
2025-11-06 07:00:00,1762412424.0,0.008
2025-11-06 08:00:00,1762416021.0,0.008
2025-11-06 09:00:00,1762419625.0,0.008
2025-11-06 10:00:00,1762423218.0,0.0055
2025-11-06 11:00:00,1762426823.0,0.005
2025-11-06 12:00:00,1762430430.0,0.0045
2025-11-06 13:00:00,1762434021.0,0.0045
2025-11-06 14:00:00,1762437623.0,0.0045
2025-11-06 15:00:00,1762441223.0,0.0045
2025-11-06 16:00:00,1762444824.0,0.0045
2025-11-06 17:00:00,1762448427.0,0.0045
2025-11-06 18:00:00,1762452025.0,0.0045
2025-11-06 19:00:00,1762455625.0,0.005
2025-11-06 20:00:00,1762459226.0,0.005
2025-11-06 21:00:00,1762462829.0,0.005
2025-11-06 22:00:00,1762466424.0,0.005
2025-11-06 23:00:00,1762470024.0,0.005
2025-11-07 00:00:00,1762473622.0,0.005
2025-11-07 01:00:00,1762477219.0,0.005
2025-11-07 02:00:00,1762480825.0,0.005
2025-11-07 03:00:00,1762484426.0,0.005
2025-11-07 04:00:00,1762488024.0,0.005
2025-11-07 05:00:00,1762491626.0,0.005
2025-11-07 06:00:00,1762495228.0,0.005
2025-11-07 07:00:00,1762498825.0,0.005
2025-11-07 08:00:00,1762502424.0,0.005
2025-11-07 09:00:00,1762506026.0,0.005
2025-11-07 10:00:00,1762509624.0,0.005
2025-11-07 11:00:00,1762513224.0,0.005
2025-11-07 12:00:00,1762516830.0,0.0035
2025-11-07 13:00:00,1762520425.0,0.004
2025-11-07 14:00:00,1762524027.0,0.004
2025-11-07 15:00:00,1762527636.0,0.004
2025-11-07 16:00:00,1762531226.0,0.004
2025-11-07 17:00:00,1762534844.0,0.005
2025-11-07 18:00:00,1762538428.0,0.005
2025-11-07 19:00:00,1762542027.0,0.005
2025-11-07 20:00:00,1762545637.0,0.0055
2025-11-07 21:00:00,1762549227.0,0.0055
2025-11-07 22:00:00,1762552825.0,0.0055
2025-11-07 23:00:00,1762556440.0,0.0055
2025-11-08 00:00:00,1762560014.0,0.0055
2025-11-08 01:00:00,1762563615.0,0.0055
2025-11-08 02:00:00,1762567209.0,0.0055
2025-11-08 03:00:00,1762570822.0,0.0055
2025-11-08 04:00:00,1762574422.0,0.0055
2025-11-08 05:00:00,1762578009.0,0.0055
2025-11-08 06:00:00,1762581624.0,0.0055
2025-11-08 07:00:00,1762585223.0,0.0055
2025-11-08 08:00:00,1762588819.0,0.0055
2025-11-08 09:00:00,1762592423.0,0.0055
2025-11-08 10:00:00,1762596022.0,0.0055
2025-11-08 11:00:00,1762599634.0,0.0055
2025-11-08 12:00:00,1762603240.0,0.0055
2025-11-08 13:00:00,1762606822.0,0.0055
2025-11-08 14:00:00,1762610422.0,0.005
2025-11-08 15:00:00,1762614024.0,0.005
2025-11-08 16:00:00,1762617623.0,0.005
2025-11-08 17:00:00,1762621226.0,0.0065
2025-11-08 18:00:00,1762624824.0,0.0065
2025-11-08 19:00:00,1762628424.0,0.0065
2025-11-08 20:00:00,1762632022.0,0.0065
2025-11-08 21:00:00,1762635625.0,0.0065
2025-11-08 22:00:00,1762639223.0,0.0065
2025-11-08 23:00:00,1762642823.0,0.0065
2025-11-09 00:00:00,1762646434.0,0.0065
2025-11-09 01:00:00,1762650018.0,0.0065
2025-11-09 02:00:00,1762653621.0,0.0065
2025-11-09 03:00:00,1762657224.0,0.0065
2025-11-09 04:00:00,1762660834.0,0.0045
2025-11-09 05:00:00,1762664422.0,0.0045
2025-11-09 06:00:00,1762668024.0,0.0045
2025-11-09 07:00:00,1762671623.0,0.0045
2025-11-09 08:00:00,1762675222.0,0.0045
2025-11-09 09:00:00,1762678824.0,0.004
2025-11-09 10:00:00,1762682422.0,0.004
2025-11-09 11:00:00,1762686022.0,0.004
2025-11-09 12:00:00,1762689626.0,0.004
2025-11-09 13:00:00,1762693221.0,0.004
2025-11-09 14:00:00,1762696822.0,0.004
2025-11-09 15:00:00,1762700423.0,0.004
2025-11-09 16:00:00,1762704022.0,0.004
2025-11-09 17:00:00,1762707624.0,0.004
2025-11-09 18:00:00,1762711224.0,0.004
2025-11-09 19:00:00,1762714822.0,0.004
2025-11-09 20:00:00,1762718422.0,0.004
2025-11-09 21:00:00,1762722024.0,0.004
2025-11-09 22:00:00,1762725623.0,0.004
2025-11-09 23:00:00,1762729222.0,0.004
2025-11-10 00:00:00,1762732814.0,0.004
2025-11-10 01:00:00,1762736427.0,0.004
2025-11-10 02:00:00,1762740017.0,0.004
2025-11-10 03:00:00,1762743621.0,0.004
2025-11-10 04:00:00,1762747222.0,0.004
2025-11-10 05:00:00,1762750822.0,0.004
2025-11-10 06:00:00,1762754423.0,0.004
2025-11-10 07:00:00,1762758021.0,0.004
2025-11-10 08:00:00,1762761620.0,0.004
2025-11-10 09:00:00,1762765235.0,0.004
2025-11-10 10:00:00,1762768823.0,0.004
2025-11-10 11:00:00,1762772421.0,0.004
2025-11-10 12:00:00,1762776026.0,0.004
2025-11-10 13:00:00,1762779622.0,0.004
2025-11-10 14:00:00,1762783223.0,0.004
2025-11-10 15:00:00,1762786825.0,0.004
2025-11-10 16:00:00,1762790425.0,0.004
2025-11-10 17:00:00,1762794024.0,0.0035
2025-11-10 18:00:00,1762797625.0,0.0035
2025-11-10 19:00:00,1762801223.0,0.0035
2025-11-10 20:00:00,1762804823.0,0.0035
2025-11-10 21:00:00,1762808426.0,0.0035
2025-11-10 22:00:00,1762812023.0,0.004
2025-11-10 23:00:00,1762815624.0,0.004
2025-11-11 00:00:00,1762819223.0,0.004
2025-11-11 01:00:00,1762822822.0,0.004
2025-11-11 02:00:00,1762826424.0,0.004
2025-11-11 03:00:00,1762830027.0,0.0035
2025-11-11 04:00:00,1762833627.0,0.0035
2025-11-11 05:00:00,1762837224.0,0.0035
2025-11-11 06:00:00,1762840833.0,0.0035
2025-11-11 07:00:00,1762844426.0,0.0035
2025-11-11 08:00:00,1762848037.0,0.0035
2025-11-11 09:00:00,1762851626.0,0.0035
2025-11-11 10:00:00,1762855225.0,0.0035
2025-11-11 11:00:00,1762858840.0,0.0035
2025-11-11 12:00:00,1762862443.0,0.0035
2025-11-11 13:00:00,1762866023.0,0.0035
2025-11-11 14:00:00,1762869626.0,0.0035
2025-11-11 15:00:00,1762873239.0,0.0035
2025-11-11 16:00:00,1762876825.0,0.0035
2025-11-11 17:00:00,1762880426.0,0.0035
2025-11-11 18:00:00,1762884026.0,0.0035
2025-11-11 19:00:00,1762887625.0,0.003
2025-11-11 20:00:00,1762891225.0,0.0025
2025-11-11 21:00:00,1762894828.0,0.0025
2025-11-11 22:00:00,1762898424.0,0.0025
2025-11-11 23:00:00,1762902026.0,0.0045
2025-11-12 00:00:00,1762905620.0,0.0045
2025-11-12 01:00:00,1762909217.0,0.0045
2025-11-12 02:00:00,1762912819.0,0.0045
2025-11-12 03:00:00,1762916424.0,0.0045
2025-11-12 04:00:00,1762920026.0,0.0045
2025-11-12 05:00:00,1762923623.0,0.0045
2025-11-12 06:00:00,1762927227.0,0.0045
2025-11-12 07:00:00,1762930826.0,0.0045
2025-11-12 08:00:00,1762934422.0,0.0045
2025-11-12 09:00:00,1762938027.0,0.0045
2025-11-12 10:00:00,1762941622.0,0.0045
2025-11-12 11:00:00,1762945224.0,0.0045
2025-11-12 12:00:00,1762948830.0,0.0045
2025-11-12 13:00:00,1762952423.0,0.0045
2025-11-12 14:00:00,1762956026.0,0.0045
2025-11-12 15:00:00,1762959625.0,0.0045
2025-11-12 16:00:00,1762963226.0,0.0045
2025-11-12 17:00:00,1762966842.0,0.0045
2025-11-12 18:00:00,1762970428.0,0.0045
2025-11-12 19:00:00,1762974027.0,0.0045
2025-11-12 20:00:00,1762977625.0,0.0045
2025-11-12 21:00:00,1762981229.0,0.0045
2025-11-12 22:00:00,1762984825.0,0.0045
2025-11-12 23:00:00,1762988426.0,0.0045
2025-11-13 00:00:00,1762992021.0,0.0045
2025-11-13 01:00:00,1762995620.0,0.0045
2025-11-13 02:00:00,1762999212.0,0.0045
2025-11-13 03:00:00,1763002826.0,0.0045
2025-11-13 04:00:00,1763006427.0,0.005
2025-11-13 05:00:00,1763010026.0,0.005
2025-11-13 06:00:00,1763013629.0,0.005
2025-11-13 07:00:00,1763017228.0,0.005
2025-11-13 08:00:00,1763020825.0,0.005
2025-11-13 09:00:00,1763024429.0,0.005
2025-11-13 10:00:00,1763028024.0,0.005
2025-11-13 11:00:00,1763031626.0,0.005
2025-11-13 12:00:00,1763035232.0,0.005
2025-11-13 13:00:00,1763038825.0,0.005
2025-11-13 14:00:00,1763042427.0,0.005
2025-11-13 15:00:00,1763046028.0,0.005
2025-11-13 16:00:00,1763049628.0,0.005
2025-11-13 17:00:00,1763053233.0,0.005
2025-11-13 18:00:00,1763056829.0,0.005
2025-11-13 19:00:00,1763060443.0,0.005
2025-11-13 20:00:00,1763064027.0,0.004
2025-11-13 21:00:00,1763067630.0,0.005
2025-11-13 22:00:00,1763071227.0,0.005
2025-11-13 23:00:00,1763074828.0,0.005
2025-11-14 00:00:00,1763078420.0,0.0065
2025-11-14 01:00:00,1763082018.0,0.006
2025-11-14 02:00:00,1763085622.0,0.006
2025-11-14 03:00:00,1763089225.0,0.0055
2025-11-14 04:00:00,1763092827.0,0.0175
2025-11-14 05:00:00,1763096425.0,0.012
2025-11-14 06:00:00,1763100028.0,0.0085
2025-11-14 07:00:00,1763103628.0,0.0075
2025-11-14 08:00:00,1763107225.0,0.013
2025-11-14 09:00:00,1763110828.0,0.021
2025-11-14 10:00:00,1763114426.0,0.0165
2025-11-14 11:00:00,1763118027.0,0.015
2025-11-14 12:00:00,1763121632.0,0.0135
2025-11-14 13:00:00,1763125238.0,0.0135
2025-11-14 14:00:00,1763128828.0,0.0135
2025-11-14 15:00:00,1763132427.0,0.013
2025-11-14 16:00:00,1763136026.0,0.0155
2025-11-14 17:00:00,1763139630.0,0.0155
2025-11-14 18:00:00,1763143229.0,0.0155
2025-11-14 19:00:00,1763146828.0,0.0155
2025-11-14 20:00:00,1763150428.0,0.0155
2025-11-14 21:00:00,1763154043.0,0.0145
2025-11-14 22:00:00,1763157629.0,0.0135
2025-11-14 23:00:00,1763161227.0,0.0135
2025-11-15 00:00:00,1763164825.0,0.0135
2025-11-15 01:00:00,1763168422.0,0.0135
2025-11-15 02:00:00,1763172024.0,0.0135
2025-11-15 03:00:00,1763175629.0,0.0135
2025-11-15 04:00:00,1763179227.0,0.0135
2025-11-15 05:00:00,1763182827.0,0.0135
2025-11-15 06:00:00,1763186429.0,0.0135
2025-11-15 07:00:00,1763190029.0,0.0135
2025-11-15 08:00:00,1763193627.0,0.0135
2025-11-15 09:00:00,1763197231.0,0.0135
2025-11-15 10:00:00,1763200828.0,0.0135
2025-11-15 11:00:00,1763204427.0,0.013
2025-11-15 12:00:00,1763208034.0,0.0075
2025-11-15 13:00:00,1763211626.0,0.0075
2025-11-15 14:00:00,1763215228.0,0.011
2025-11-15 15:00:00,1763218829.0,0.011
2025-11-15 16:00:00,1763222427.0,0.0115
2025-11-15 17:00:00,1763226030.0,0.012
2025-11-15 18:00:00,1763229630.0,0.012
2025-11-15 19:00:00,1763233230.0,0.012
2025-11-15 20:00:00,1763236828.0,0.012
2025-11-15 21:00:00,1763240431.0,0.012
2025-11-15 22:00:00,1763244028.0,0.013
2025-11-15 23:00:00,1763247628.0,0.013
2025-11-16 00:00:00,1763251216.0,0.013
2025-11-16 01:00:00,1763254826.0,0.013
2025-11-16 02:00:00,1763258419.0,0.013
2025-11-16 03:00:00,1763262024.0,0.013
2025-11-16 04:00:00,1763265623.0,0.013
2025-11-16 05:00:00,1763269222.0,0.013
2025-11-16 06:00:00,1763272824.0,0.013
2025-11-16 07:00:00,1763276423.0,0.013
2025-11-16 08:00:00,1763280021.0,0.013
2025-11-16 09:00:00,1763283625.0,0.013
2025-11-16 10:00:00,1763287223.0,0.013
2025-11-16 11:00:00,1763290823.0,0.013
2025-11-16 12:00:00,1763294428.0,0.013
2025-11-16 13:00:00,1763298023.0,0.013
2025-11-16 14:00:00,1763301623.0,0.013
2025-11-16 15:00:00,1763305225.0,0.014
2025-11-16 16:00:00,1763308824.0,0.014
2025-11-16 17:00:00,1763312428.0,0.014
2025-11-16 18:00:00,1763316030.0,0.014
2025-11-16 19:00:00,1763319625.0,0.014
2025-11-16 20:00:00,1763323225.0,0.014
2025-11-16 21:00:00,1763326829.0,0.014
2025-11-16 22:00:00,1763330425.0,0.014
2025-11-16 23:00:00,1763334024.0,0.014
2025-11-17 00:00:00,1763337622.0,0.014
2025-11-17 01:00:00,1763341219.0,0.014
2025-11-17 02:00:00,1763344822.0,0.014
2025-11-17 03:00:00,1763348425.0,0.014
2025-11-17 04:00:00,1763352023.0,0.014
2025-11-17 05:00:00,1763355624.0,0.0135
2025-11-17 06:00:00,1763359226.0,0.0125
2025-11-17 07:00:00,1763362826.0,0.013
2025-11-17 08:00:00,1763366438.0,0.0135
2025-11-17 09:00:00,1763370044.0,0.0115
2025-11-17 10:00:00,1763373628.0,0.0115
2025-11-17 11:00:00,1763377224.0,0.0115
2025-11-17 12:00:00,1763380827.0,0.0115
2025-11-17 13:00:00,1763384423.0,0.0115
2025-11-17 14:00:00,1763388022.0,0.012
2025-11-17 15:00:00,1763391641.0,0.012
2025-11-17 16:00:00,1763395223.0,0.012
2025-11-17 17:00:00,1763398827.0,0.0165
2025-11-17 18:00:00,1763402427.0,0.0135
2025-11-17 19:00:00,1763406026.0,0.0135
2025-11-17 20:00:00,1763409625.0,0.0135
2025-11-17 21:00:00,1763413227.0,0.0135
2025-11-17 22:00:00,1763416828.0,0.0135
2025-11-17 23:00:00,1763420427.0,0.0135
2025-11-18 00:00:00,1763424016.0,0.0135
2025-11-18 01:00:00,1763427616.0,0.0145
2025-11-18 02:00:00,1763431218.0,0.0145
2025-11-18 03:00:00,1763434823.0,0.0145
2025-11-18 04:00:00,1763438424.0,0.0145
2025-11-18 05:00:00,1763442023.0,0.015
2025-11-18 06:00:00,1763445626.0,0.015
2025-11-18 07:00:00,1763449225.0,0.015
2025-11-18 08:00:00,1763452823.0,0.015
2025-11-18 09:00:00,1763456426.0,0.015
2025-11-18 10:00:00,1763460024.0,0.015
2025-11-18 11:00:00,1763463622.0,0.015
2025-11-18 12:00:00,1763467229.0,0.015
2025-11-18 13:00:00,1763470826.0,0.015
2025-11-18 14:00:00,1763474425.0,0.015
2025-11-18 15:00:00,1763478027.0,0.015
2025-11-18 16:00:00,1763481626.0,0.015
2025-11-18 17:00:00,1763485227.0,0.015
2025-11-18 18:00:00,1763488827.0,0.015
2025-11-18 19:00:00,1763492427.0,0.014
2025-11-18 20:00:00,1763496026.0,0.014
2025-11-18 21:00:00,1763499631.0,0.012
2025-11-18 22:00:00,1763503227.0,0.0135
2025-11-18 23:00:00,1763506842.0,0.0085
2025-11-19 00:00:00,1763510425.0,0.007
2025-11-19 01:00:00,1763514023.0,0.006
2025-11-19 02:00:00,1763517625.0,0.006
2025-11-19 03:00:00,1763521228.0,0.0075
2025-11-19 04:00:00,1763524828.0,0.006
2025-11-19 05:00:00,1763528427.0,0.006
2025-11-19 06:00:00,1763532030.0,0.006
2025-11-19 07:00:00,1763535628.0,0.006
2025-11-19 08:00:00,1763539227.0,0.006
2025-11-19 09:00:00,1763542831.0,0.006
2025-11-19 10:00:00,1763546427.0,0.0065
2025-11-19 11:00:00,1763550028.0,0.004
2025-11-19 12:00:00,1763553633.0,0.0065
2025-11-19 13:00:00,1763557226.0,0.006
2025-11-19 14:00:00,1763560840.0,0.0065
2025-11-19 15:00:00,1763564429.0,0.0065
2025-11-19 16:00:00,1763568039.0,0.0065
2025-11-19 17:00:00,1763571630.0,0.0065
2025-11-19 18:00:00,1763575237.0,0.0065
2025-11-19 19:00:00,1763578829.0,0.0065
2025-11-19 20:00:00,1763582426.0,0.0065
2025-11-19 21:00:00,1763586031.0,0.0065
2025-11-19 22:00:00,1763589627.0,0.0055
2025-11-19 23:00:00,1763593243.0,0.006
2025-11-20 00:00:00,1763596816.0,0.006
2025-11-20 01:00:00,1763600416.0,0.0055
2025-11-20 02:00:00,1763604021.0,0.0055
2025-11-20 03:00:00,1763607626.0,0.0055
2025-11-20 04:00:00,1763611227.0,0.0055
2025-11-20 05:00:00,1763614825.0,0.0055
2025-11-20 06:00:00,1763618430.0,0.0055
2025-11-20 07:00:00,1763622036.0,0.0055
2025-11-20 08:00:00,1763625625.0,0.0055
2025-11-20 09:00:00,1763629230.0,0.004
2025-11-20 10:00:00,1763632825.0,0.005
2025-11-20 11:00:00,1763636427.0,0.0065
2025-11-20 12:00:00,1763640017.0,0.0065
2025-11-20 13:00:00,1763643613.0,0.006
2025-11-20 14:00:00,1763647213.0,0.005
2025-11-20 15:00:00,1763650815.0,0.005
2025-11-20 16:00:00,1763654413.0,0.0045
2025-11-20 17:00:00,1763658019.0,0.0045
2025-11-20 18:00:00,1763661618.0,0.0045
2025-11-20 19:00:00,1763665213.0,0.0045
2025-11-20 20:00:00,1763668815.0,0.0045
2025-11-20 21:00:00,1763672420.0,0.0035
2025-11-20 22:00:00,1763676028.0,0.0035
2025-11-20 23:00:00,1763679614.0,0.0035
2025-11-21 00:00:00,1763683228.0,0.007
2025-11-21 01:00:00,1763686813.0,0.007
2025-11-21 02:00:00,1763690413.0,0.007
2025-11-21 03:00:00,1763694016.0,0.007
2025-11-21 04:00:00,1763697627.0,0.007
2025-11-21 05:00:00,1763701219.0,0.007
2025-11-21 06:00:00,1763704816.0,0.007
2025-11-21 07:00:00,1763708414.0,0.007
2025-11-21 08:00:00,1763712013.0,0.007
2025-11-21 09:00:00,1763715616.0,0.007
2025-11-21 10:00:00,1763719213.0,0.0075
2025-11-21 11:00:00,1763722816.0,0.0075
2025-11-21 12:00:00,1763726418.0,0.0065
2025-11-21 13:00:00,1763730027.0,0.007
2025-11-21 14:00:00,1763733616.0,0.007
2025-11-21 15:00:00,1763737216.0,0.0075
2025-11-21 16:00:00,1763740815.0,0.0075
2025-11-21 17:00:00,1763744433.0,0.006
2025-11-21 18:00:00,1763748016.0,0.006
2025-11-21 19:00:00,1763751614.0,0.0055
2025-11-21 20:00:00,1763755215.0,0.005
2025-11-21 21:00:00,1763758816.0,0.005
2025-11-21 22:00:00,1763762414.0,0.004
2025-11-21 23:00:00,1763766020.0,0.004
2025-11-22 00:00:00,1763769617.0,0.004
2025-11-22 01:00:00,1763773214.0,0.004
2025-11-22 02:00:00,1763776813.0,0.004
2025-11-22 03:00:00,1763780416.0,0.004
2025-11-22 04:00:00,1763784029.0,0.004
2025-11-22 05:00:00,1763787619.0,0.0035
2025-11-22 06:00:00,1763791230.0,0.0035
2025-11-22 07:00:00,1763794813.0,0.004
2025-11-22 08:00:00,1763798413.0,0.004
2025-11-22 09:00:00,1763802016.0,0.004
2025-11-22 10:00:00,1763805614.0,0.004
2025-11-22 11:00:00,1763809215.0,0.004
2025-11-22 12:00:00,1763812817.0,0.004
2025-11-22 13:00:00,1763816426.0,0.004
2025-11-22 14:00:00,1763820015.0,0.0045
2025-11-22 15:00:00,1763823614.0,0.0045
2025-11-22 16:00:00,1763827213.0,0.0045
2025-11-22 17:00:00,1763830832.0,0.0035
2025-11-22 18:00:00,1763834415.0,0.0035
2025-11-22 19:00:00,1763838013.0,0.004
2025-11-22 20:00:00,1763841613.0,0.004
2025-11-22 21:00:00,1763845216.0,0.004
2025-11-22 22:00:00,1763848812.0,0.004
2025-11-22 23:00:00,1763852413.0,0.004
2025-11-23 00:00:00,1763856019.0,0.004
2025-11-23 01:00:00,1763859625.0,0.004
2025-11-23 02:00:00,1763863213.0,0.004
2025-11-23 03:00:00,1763866818.0,0.0045
2025-11-23 04:00:00,1763870412.0,0.0045
2025-11-23 05:00:00,1763874012.0,0.0045
2025-11-23 06:00:00,1763877629.0,0.0045
2025-11-23 07:00:00,1763881212.0,0.0045
2025-11-23 08:00:00,1763884812.0,0.0045
2025-11-23 09:00:00,1763888415.0,0.0045
2025-11-23 10:00:00,1763892012.0,0.0045
2025-11-23 11:00:00,1763895615.0,0.0045
2025-11-23 12:00:00,1763899217.0,0.0045
2025-11-23 13:00:00,1763902812.0,0.0045
2025-11-23 14:00:00,1763906415.0,0.0045
2025-11-23 15:00:00,1763910015.0,0.0045
2025-11-23 16:00:00,1763913612.0,0.0045
2025-11-23 17:00:00,1763917236.0,0.0045
2025-11-23 18:00:00,1763920817.0,0.0045
2025-11-23 19:00:00,1763924413.0,0.0045
2025-11-23 20:00:00,1763928014.0,0.0045
2025-11-23 21:00:00,1763931631.0,0.0045
2025-11-23 22:00:00,1763935213.0,0.0045
2025-11-23 23:00:00,1763938813.0,0.0045
2025-11-24 00:00:00,1763942416.0,0.0045
2025-11-24 01:00:00,1763946010.0,0.0045
2025-11-24 02:00:00,1763949609.0,0.0045
2025-11-24 03:00:00,1763953211.0,0.004
2025-11-24 04:00:00,1763956809.0,0.004
2025-11-24 05:00:00,1763960409.0,0.004
2025-11-24 06:00:00,1763964023.0,0.004
2025-11-24 07:00:00,1763967610.0,0.004
2025-11-24 08:00:00,1763971209.0,0.004
2025-11-24 09:00:00,1763974811.0,0.004
2025-11-24 10:00:00,1763978410.0,0.0035
2025-11-24 11:00:00,1763982009.0,0.0035
2025-11-24 12:00:00,1763985612.0,0.0035
2025-11-24 13:00:00,1763989210.0,0.0035
2025-11-24 14:00:00,1763992812.0,0.0035
2025-11-24 15:00:00,1763996411.0,0.0035
2025-11-24 16:00:00,1764000010.0,0.0035
2025-11-24 17:00:00,1764003617.0,0.0035
2025-11-24 18:00:00,1764007212.0,0.0035
2025-11-24 19:00:00,1764010811.0,0.0035
2025-11-24 20:00:00,1764014412.0,0.0035
2025-11-24 21:00:00,1764018027.0,0.0035
2025-11-24 22:00:00,1764021626.0,0.0035
2025-11-24 23:00:00,1764025227.0,0.0035
2025-11-25 00:00:00,1764028823.0,0.0035
2025-11-25 01:00:00,1764032422.0,0.0035
2025-11-25 02:00:00,1764036024.0,0.0035
2025-11-25 03:00:00,1764039626.0,0.0035
2025-11-25 04:00:00,1764043228.0,0.0035
2025-11-25 05:00:00,1764046827.0,0.0035
2025-11-25 06:00:00,1764050428.0,0.0035
2025-11-25 07:00:00,1764054027.0,0.0035
2025-11-25 08:00:00,1764057626.0,0.0025
2025-11-25 09:00:00,1764061229.0,0.0025
2025-11-25 10:00:00,1764064827.0,0.0025
2025-11-25 11:00:00,1764068428.0,0.0025
2025-11-25 12:00:00,1764072031.0,0.0025
2025-11-25 13:00:00,1764075626.0,0.0025
2025-11-25 14:00:00,1764079228.0,0.0025
2025-11-25 15:00:00,1764082827.0,0.0025
2025-11-25 16:00:00,1764086428.0,0.0025
2025-11-25 17:00:00,1764090031.0,0.0025
2025-11-25 18:00:00,1764093629.0,0.002
2025-11-25 19:00:00,1764097229.0,0.003
2025-11-25 20:00:00,1764100829.0,0.0025
2025-11-25 21:00:00,1764104431.0,0.0025
2025-11-25 22:00:00,1764108029.0,0.0025
2025-11-25 23:00:00,1764111628.0,0.0025
2025-11-26 00:00:00,1764115218.0,0.0025
2025-11-26 01:00:00,1764118819.0,0.0025
2025-11-26 02:00:00,1764122421.0,0.0015
2025-11-26 03:00:00,1764126026.0,0.0015
2025-11-26 04:00:00,1764129628.0,0.0015
2025-11-26 05:00:00,1764133226.0,0.0015
2025-11-26 06:00:00,1764136841.0,0.0015
2025-11-26 07:00:00,1764140428.0,0.0015
2025-11-26 08:00:00,1764144029.0,0.002
2025-11-26 09:00:00,1764147629.0,0.002
2025-11-26 10:00:00,1764151226.0,0.002
2025-11-26 11:00:00,1764154828.0,0.002
2025-11-26 12:00:00,1764158446.0,0.002
2025-11-26 13:00:00,1764162026.0,0.002
2025-11-26 14:00:00,1764165630.0,0.002
2025-11-26 15:00:00,1764169227.0,0.002
2025-11-26 16:00:00,1764172829.0,0.0015
2025-11-26 17:00:00,1764176433.0,0.0015
2025-11-26 18:00:00,1764180030.0,0.0015
2025-11-26 19:00:00,1764183632.0,0.0015
2025-11-26 20:00:00,1764187228.0,0.0015
2025-11-26 21:00:00,1764190832.0,0.0015
2025-11-26 22:00:00,1764194429.0,0.0015
2025-11-26 23:00:00,1764198030.0,0.0015
2025-11-27 00:00:00,1764201623.0,0.0015
2025-11-27 01:00:00,1764205233.0,0.0015
2025-11-27 02:00:00,1764208826.0,0.0015
2025-11-27 03:00:00,1764212429.0,0.0015
2025-11-27 04:00:00,1764216030.0,0.0015
2025-11-27 05:00:00,1764219629.0,0.0015
2025-11-27 06:00:00,1764223231.0,0.0015
2025-11-27 07:00:00,1764226832.0,0.0015
2025-11-27 08:00:00,1764230428.0,0.0015
2025-11-27 09:00:00,1764234032.0,0.0015
2025-11-27 10:00:00,1764237630.0,0.0015
2025-11-27 11:00:00,1764241230.0,0.0015
2025-11-27 12:00:00,1764244837.0,0.0015
2025-11-27 13:00:00,1764248428.0,0.0015
2025-11-27 14:00:00,1764252030.0,0.0015
2025-11-27 15:00:00,1764255629.0,0.0015
2025-11-27 16:00:00,1764259230.0,0.0015
2025-11-27 17:00:00,1764262834.0,0.0015
2025-11-27 18:00:00,1764266430.0,0.0015
2025-11-27 19:00:00,1764270031.0,0.0015
2025-11-27 20:00:00,1764273630.0,0.0015
2025-11-27 21:00:00,1764277233.0,0.0015
2025-11-27 22:00:00,1764280830.0,0.0015
2025-11-27 23:00:00,1764284431.0,0.0015
2025-11-28 00:00:00,1764288022.0,0.0015
2025-11-28 01:00:00,1764291621.0,0.0015
2025-11-28 02:00:00,1764295224.0,0.0015
2025-11-28 03:00:00,1764298827.0,0.0015
2025-11-28 04:00:00,1764302429.0,0.0015
2025-11-28 05:00:00,1764306027.0,0.0015
2025-11-28 06:00:00,1764309630.0,0.0015
2025-11-28 07:00:00,1764313231.0,0.0015
2025-11-28 08:00:00,1764316828.0,0.0015
2025-11-28 09:00:00,1764320432.0,0.0015
2025-11-28 10:00:00,1764324029.0,0.0015
2025-11-28 11:00:00,1764327629.0,0.0015
2025-11-28 12:00:00,1764331235.0,0.0015
2025-11-28 13:00:00,1764334829.0,0.0015
2025-11-28 14:00:00,1764338431.0,0.0015
2025-11-28 15:00:00,1764342030.0,0.0015
2025-11-28 16:00:00,1764345644.0,0.0015
2025-11-28 17:00:00,1764349235.0,0.0015
2025-11-28 18:00:00,1764352832.0,0.0015
2025-11-28 19:00:00,1764356433.0,0.0015
2025-11-28 20:00:00,1764360030.0,0.001
2025-11-28 21:00:00,1764363636.0,0.001
2025-11-28 22:00:00,1764367234.0,0.001
2025-11-28 23:00:00,1764370830.0,0.001
2025-11-29 00:00:00,1764374430.0,0.001
2025-11-29 01:00:00,1764378026.0,0.001
2025-11-29 02:00:00,1764381630.0,0.001
2025-11-29 03:00:00,1764385216.0,0.001
2025-11-29 04:00:00,1764388831.0,0.001
2025-11-29 05:00:00,1764392430.0,0.001
2025-11-29 06:00:00,1764396031.0,0.001
2025-11-29 07:00:00,1764399633.0,0.001
2025-11-29 08:00:00,1764403230.0,0.001
2025-11-29 09:00:00,1764406834.0,0.001
2025-11-29 10:00:00,1764410446.0,0.001
2025-11-29 11:00:00,1764414031.0,0.0015
2025-11-29 12:00:00,1764417637.0,0.0015
2025-11-29 13:00:00,1764421229.0,0.0015
2025-11-29 14:00:00,1764424832.0,0.0015
2025-11-29 15:00:00,1764428432.0,0.0015
2025-11-29 16:00:00,1764432031.0,0.0015
2025-11-29 17:00:00,1764435634.0,0.0015
2025-11-29 18:00:00,1764439232.0,0.0015
2025-11-29 19:00:00,1764442833.0,0.0015
2025-11-29 20:00:00,1764446431.0,0.0015
2025-11-29 21:00:00,1764450034.0,0.0015
2025-11-29 22:00:00,1764453620.0,0.0015
2025-11-29 23:00:00,1764457230.0,0.0015
2025-11-30 00:00:00,1764460822.0,0.0015
2025-11-30 01:00:00,1764464422.0,0.0015
2025-11-30 02:00:00,1764468024.0,0.0015
2025-11-30 03:00:00,1764471628.0,0.0015
2025-11-30 04:00:00,1764475228.0,0.0015
2025-11-30 05:00:00,1764478826.0,0.0015
2025-11-30 06:00:00,1764482428.0,0.0015
2025-11-30 07:00:00,1764486032.0,0.0015
2025-11-30 08:00:00,1764489614.0,0.0015
2025-11-30 09:00:00,1764493231.0,0.0015
2025-11-30 10:00:00,1764496842.0,0.0015
2025-11-30 11:00:00,1764500428.0,0.0015
2025-11-30 12:00:00,1764504060.0,0.0015
2025-11-30 13:00:00,1764507613.0,0.0015
2025-11-30 14:00:00,1764511229.0,0.0015
2025-11-30 15:00:00,1764514841.0,0.0015
2025-11-30 16:00:00,1764518441.0,0.0015
2025-11-30 17:00:00,1764522033.0,0.0015
2025-11-30 18:00:00,1764525632.0,0.0015
2025-11-30 19:00:00,1764529231.0,0.0015
2025-11-30 20:00:00,1764532830.0,0.0015
2025-11-30 21:00:00,1764536432.0,0.0015
2025-11-30 22:00:00,1764540029.0,0.0015
2025-11-30 23:00:00,1764543634.0,0.0015
2025-12-01 00:00:00,1764547226.0,0.0015
2025-12-01 01:00:00,1764550824.0,0.0015
2025-12-01 02:00:00,1764554425.0,0.0015
2025-12-01 03:00:00,1764558040.0,0.0015
2025-12-01 04:00:00,1764561628.0,0.0015
2025-12-01 05:00:00,1764565228.0,0.0015
2025-12-01 06:00:00,1764568829.0,0.0015
2025-12-01 07:00:00,1764572429.0,0.0015
2025-12-01 08:00:00,1764576026.0,0.0015
2025-12-01 09:00:00,1764579642.0,0.0015
2025-12-01 10:00:00,1764583241.0,0.0015
2025-12-01 11:00:00,1764586827.0,0.0015
2025-12-01 12:00:00,1764590442.0,0.0015
2025-12-01 13:00:00,1764594026.0,0.0005
2025-12-01 14:00:00,1764597627.0,0.0005
2025-12-01 15:00:00,1764601240.0,0.0005
2025-12-01 16:00:00,1764604838.0,0.0025
2025-12-01 17:00:00,1764608429.0,0.002
2025-12-01 18:00:00,1764612042.0,0.002
2025-12-01 19:00:00,1764615629.0,0.002
2025-12-01 20:00:00,1764619228.0,0.0015
2025-12-01 21:00:00,1764622830.0,0.0015
2025-12-01 22:00:00,1764626428.0,0.001
2025-12-01 23:00:00,1764630028.0,0.001
2025-12-02 00:00:00,1764633616.0,0.001
2025-12-02 01:00:00,1764637217.0,0.0015
2025-12-02 02:00:00,1764640819.0,0.0005
2025-12-02 03:00:00,1764644424.0,0.0005
2025-12-02 04:00:00,1764648025.0,0.0005
2025-12-02 05:00:00,1764651623.0,0.0005
2025-12-02 06:00:00,1764655226.0,0.0005
2025-12-02 07:00:00,1764658826.0,0.0005
2025-12-02 08:00:00,1764662424.0,0.0005
2025-12-02 09:00:00,1764666026.0,0.0005
2025-12-02 10:00:00,1764669624.0,0.0005
2025-12-02 11:00:00,1764673227.0,0.0005
2025-12-02 12:00:00,1764676832.0,0.0005
2025-12-02 13:00:00,1764680425.0,0.0005
2025-12-02 14:00:00,1764684027.0,0.0005
2025-12-02 15:00:00,1764687626.0,0.0005
2025-12-02 16:00:00,1764691211.0,0.0005
2025-12-02 17:00:00,1764694830.0,0.0005
2025-12-02 18:00:00,1764698429.0,0.0015
2025-12-02 19:00:00,1764702028.0,0.0015
2025-12-02 20:00:00,1764705627.0,0.001
2025-12-02 21:00:00,1764709230.0,0.0005
2025-12-02 22:00:00,1764712827.0,0.0005
2025-12-02 23:00:00,1764716428.0,0.0005
2025-12-03 00:00:00,1764720026.0,0.0005
2025-12-03 01:00:00,1764723622.0,0.0005
2025-12-03 02:00:00,1764727224.0,0.0005
2025-12-03 03:00:00,1764730828.0,0.0005
2025-12-03 04:00:00,1764734429.0,0.0005
2025-12-03 05:00:00,1764738027.0,0.0005
2025-12-03 06:00:00,1764741629.0,0.0005
2025-12-03 07:00:00,1764745230.0,0.0005
2025-12-03 08:00:00,1764748827.0,0.0005
2025-12-03 09:00:00,1764752431.0,0.0005
2025-12-03 10:00:00,1764756028.0,0.0005
2025-12-03 11:00:00,1764759629.0,0.0005
2025-12-03 12:00:00,1764763235.0,0.001
2025-12-03 13:00:00,1764766827.0,0.0005
2025-12-03 14:00:00,1764770430.0,0.0005
2025-12-03 15:00:00,1764774014.0,0.0005
2025-12-03 16:00:00,1764777629.0,0.0005
2025-12-03 17:00:00,1764781231.0,0.0005
2025-12-03 18:00:00,1764784830.0,0.0005
2025-12-03 19:00:00,1764788431.0,0.0005
2025-12-03 20:00:00,1764792028.0,0.0005
2025-12-03 21:00:00,1764795633.0,0.0005
2025-12-03 22:00:00,1764799229.0,0.0005
2025-12-03 23:00:00,1764802829.0,0.0005
2025-12-04 00:00:00,1764806417.0,0.0005
2025-12-04 01:00:00,1764810016.0,0.0005
2025-12-04 02:00:00,1764813620.0,0.0005
2025-12-04 03:00:00,1764817226.0,0.0005
2025-12-04 04:00:00,1764820828.0,0.0005
2025-12-04 05:00:00,1764824425.0,0.0005
2025-12-04 06:00:00,1764828029.0,0.0005
2025-12-04 07:00:00,1764831629.0,0.0005
2025-12-04 08:00:00,1764835224.0,0.0005
2025-12-04 09:00:00,1764838835.0,0.0005
2025-12-04 10:00:00,1764842426.0,0.0005
2025-12-04 11:00:00,1764846027.0,0.0005
2025-12-04 12:00:00,1764849635.0,0.0005
2025-12-04 13:00:00,1764853225.0,0.0005
2025-12-04 14:00:00,1764856827.0,0.0005
2025-12-04 15:00:00,1764860427.0,0.0005
2025-12-04 16:00:00,1764864012.0,0.0005
2025-12-04 17:00:00,1764867618.0,0.0005
2025-12-04 18:00:00,1764871217.0,0.002
2025-12-04 19:00:00,1764874813.0,0.0015
2025-12-04 20:00:00,1764878413.0,0.0015
2025-12-04 21:00:00,1764882015.0,0.001
2025-12-04 22:00:00,1764885612.0,0.001
2025-12-04 23:00:00,1764889213.0,0.001
2025-12-05 00:00:00,1764892819.0,0.001
2025-12-05 01:00:00,1764896413.0,0.001
2025-12-05 02:00:00,1764900013.0,0.001
2025-12-05 03:00:00,1764903618.0,0.001
2025-12-05 04:00:00,1764907214.0,0.001
2025-12-05 05:00:00,1764910813.0,0.001
2025-12-05 06:00:00,1764914415.0,0.001
2025-12-05 07:00:00,1764918013.0,0.001
2025-12-05 08:00:00,1764921614.0,0.0015
2025-12-05 09:00:00,1764925216.0,0.002
2025-12-05 10:00:00,1764928814.0,0.002
2025-12-05 11:00:00,1764932413.0,0.002
2025-12-05 12:00:00,1764936022.0,0.002
2025-12-05 13:00:00,1764939614.0,0.002
2025-12-05 14:00:00,1764943214.0,0.0015
2025-12-05 15:00:00,1764946817.0,0.001
2025-12-05 16:00:00,1764950414.0,0.001
2025-12-05 17:00:00,1764954017.0,0.001
2025-12-05 18:00:00,1764957616.0,0.001
2025-12-05 19:00:00,1764961219.0,0.001
2025-12-05 20:00:00,1764964815.0,0.001
2025-12-05 21:00:00,1764968419.0,0.001
2025-12-05 22:00:00,1764972014.0,0.0005
2025-12-05 23:00:00,1764975614.0,0.0005
2025-12-06 00:00:00,1764979220.0,0.001
2025-12-06 01:00:00,1764982815.0,0.001
2025-12-06 02:00:00,1764986415.0,0.001
2025-12-06 03:00:00,1764990017.0,0.0005
2025-12-06 04:00:00,1764993615.0,0.0005
2025-12-06 05:00:00,1764997214.0,0.0005
2025-12-06 06:00:00,1765000817.0,0.0005
2025-12-06 07:00:00,1765004433.0,0.0005
2025-12-06 08:00:00,1765008015.0,0.0005
2025-12-06 09:00:00,1765011620.0,0.001
2025-12-06 10:00:00,1765015217.0,0.001
2025-12-06 11:00:00,1765018816.0,0.001
2025-12-06 12:00:00,1765022421.0,0.001
2025-12-06 13:00:00,1765026015.0,0.001
2025-12-06 14:00:00,1765029615.0,0.001
2025-12-06 15:00:00,1765033218.0,0.001
2025-12-06 16:00:00,1765036815.0,0.001
2025-12-06 17:00:00,1765040424.0,0.001
2025-12-06 18:00:00,1765044018.0,0.001
2025-12-06 19:00:00,1765047618.0,0.001
2025-12-06 20:00:00,1765051216.0,0.001
2025-12-06 21:00:00,1765054818.0,0.001
2025-12-06 22:00:00,1765058414.0,0.0005
2025-12-06 23:00:00,1765062015.0,0.0005
2025-12-07 00:00:00,1765065633.0,0.0005
2025-12-07 01:00:00,1765069217.0,0.0005
2025-12-07 02:00:00,1765072814.0,0.001
2025-12-07 03:00:00,1765076419.0,0.001
2025-12-07 04:00:00,1765080014.0,0.001
2025-12-07 05:00:00,1765083614.0,0.0005
2025-12-07 06:00:00,1765087232.0,0.0005
2025-12-07 07:00:00,1765090815.0,0.0005
2025-12-07 08:00:00,1765094415.0,0.0005
2025-12-07 09:00:00,1765098016.0,0.0005
2025-12-07 10:00:00,1765101614.0,0.0005
2025-12-07 11:00:00,1765105214.0,0.0005
2025-12-07 12:00:00,1765108824.0,0.0005
2025-12-07 13:00:00,1765112414.0,0.0005
2025-12-07 14:00:00,1765116014.0,0.0005
2025-12-07 15:00:00,1765119617.0,0.0005
2025-12-07 16:00:00,1765123214.0,0.0005
2025-12-07 17:00:00,1765126820.0,0.0005
2025-12-07 18:00:00,1765130432.0,0.0005
2025-12-07 19:00:00,1765134015.0,0.0005
2025-12-07 20:00:00,1765137629.0,0.0005
2025-12-07 21:00:00,1765141218.0,0.0005
2025-12-07 22:00:00,1765144814.0,0.0005
2025-12-07 23:00:00,1765148414.0,0.0005
2025-12-08 00:00:00,1765152032.0,0.0005
2025-12-08 01:00:00,1765155627.0,0.0005
2025-12-08 02:00:00,1765159213.0,0.001
2025-12-08 03:00:00,1765162814.0,0.0015
2025-12-08 04:00:00,1765166413.0,0.0015
2025-12-08 05:00:00,1765170012.0,0.0015
2025-12-08 06:00:00,1765173616.0,0.0015
2025-12-08 07:00:00,1765177213.0,0.0015
2025-12-08 08:00:00,1765180813.0,0.0015
2025-12-08 09:00:00,1765184416.0,0.0015
2025-12-08 10:00:00,1765188012.0,0.0015
2025-12-08 11:00:00,1765191612.0,0.0015
2025-12-08 12:00:00,1765195233.0,0.0015
2025-12-08 13:00:00,1765198816.0,0.0015
2025-12-08 14:00:00,1765202412.0,0.001
2025-12-08 15:00:00,1765206014.0,0.001
2025-12-08 16:00:00,1765209627.0,0.001
2025-12-08 17:00:00,1765213216.0,0.001
2025-12-08 18:00:00,1765216814.0,0.001
2025-12-08 19:00:00,1765220413.0,0.001
2025-12-08 20:00:00,1765224016.0,0.001
2025-12-08 21:00:00,1765227629.0,0.001
2025-12-08 22:00:00,1765231212.0,0.001
2025-12-08 23:00:00,1765234815.0,0.0005
2025-12-09 00:00:00,1765238429.0,0.0005
2025-12-09 01:00:00,1765242023.0,0.0005
2025-12-09 02:00:00,1765245617.0,0.0005
2025-12-09 03:00:00,1765249215.0,0.0005
2025-12-09 04:00:00,1765252813.0,0.0015
2025-12-09 05:00:00,1765256413.0,0.0015
2025-12-09 06:00:00,1765260019.0,0.0015
2025-12-09 07:00:00,1765263626.0,0.0015
2025-12-09 08:00:00,1765267218.0,0.0015
2025-12-09 09:00:00,1765270818.0,0.0015
2025-12-09 10:00:00,1765274414.0,0.0015
2025-12-09 11:00:00,1765278015.0,0.0015
2025-12-09 12:00:00,1765281618.0,0.0015
2025-12-09 13:00:00,1765285218.0,0.0015
2025-12-09 14:00:00,1765288831.0,0.0015
2025-12-09 15:00:00,1765292420.0,0.001
2025-12-09 16:00:00,1765296014.0,0.001
2025-12-09 17:00:00,1765299620.0,0.001
2025-12-09 18:00:00,1765303216.0,0.001
2025-12-09 19:00:00,1765306814.0,0.001
2025-12-09 20:00:00,1765310416.0,0.0005
2025-12-09 21:00:00,1765314020.0,0.0015
2025-12-09 22:00:00,1765317615.0,0.0015
2025-12-09 23:00:00,1765321216.0,0.0015
2025-12-10 00:00:00,1765324816.0,0.0015
2025-12-10 01:00:00,1765328423.0,0.0015
2025-12-10 02:00:00,1765332010.0,0.0015
2025-12-10 03:00:00,1765335613.0,0.001
2025-12-10 04:00:00,1765339211.0,0.001
2025-12-10 05:00:00,1765342813.0,0.001
2025-12-10 06:00:00,1765346416.0,0.001
2025-12-10 07:00:00,1765350011.0,0.001
2025-12-10 08:00:00,1765353612.0,0.001
2025-12-10 09:00:00,1765357227.0,0.001
2025-12-10 10:00:00,1765360810.0,0.001
2025-12-10 11:00:00,1765364411.0,0.001
2025-12-10 12:00:00,1765368034.0,0.001
2025-12-10 13:00:00,1765371611.0,0.0005
2025-12-10 14:00:00,1765375210.0,0.0005
2025-12-10 15:00:00,1765378815.0,0.0005
2025-12-10 16:00:00,1765382411.0,0.0005
2025-12-10 17:00:00,1765386015.0,0.0005
2025-12-10 18:00:00,1765389613.0,0.001
2025-12-10 19:00:00,1765393212.0,0.001
2025-12-10 20:00:00,1765396811.0,0.0005
2025-12-10 21:00:00,1765400414.0,0.0005
2025-12-10 22:00:00,1765404011.0,0.0005
2025-12-10 23:00:00,1765407611.0,0.0005
2025-12-11 00:00:00,1765411217.0,0.0005
2025-12-11 01:00:00,1765414820.0,0.0005
2025-12-11 02:00:00,1765418423.0,0.0005
2025-12-11 03:00:00,1765422015.0,0.0005
2025-12-11 04:00:00,1765425630.0,0.0005
2025-12-11 05:00:00,1765429228.0,0.0005
2025-12-11 06:00:00,1765432814.0,0.0005
2025-12-11 07:00:00,1765436412.0,0.0005
2025-12-11 08:00:00,1765440013.0,0.0005
2025-12-11 09:00:00,1765443615.0,0.0005
2025-12-11 10:00:00,1765447216.0,0.0005
2025-12-11 11:00:00,1765450829.0,0.0005
2025-12-11 12:00:00,1765454420.0,0.0005
2025-12-11 13:00:00,1765458015.0,0.0005
2025-12-11 14:00:00,1765461612.0,0.0005
2025-12-11 15:00:00,1765465215.0,0.0005
2025-12-11 16:00:00,1765468822.0,0.0005
2025-12-11 17:00:00,1765472417.0,0.0005
2025-12-11 18:00:00,1765476014.0,0.0005
2025-12-11 19:00:00,1765479627.0,0.0005
2025-12-11 20:00:00,1765483216.0,0.0005
2025-12-11 21:00:00,1765486815.0,0.0005
2025-12-11 22:00:00,1765490413.0,0.0005
2025-12-11 23:00:00,1765494015.0,0.0005
2025-12-12 00:00:00,1765497618.0,0.0005
2025-12-12 01:00:00,1765501212.0,0.0005
2025-12-12 02:00:00,1765504812.0,0.0005
2025-12-12 03:00:00,1765508417.0,0.0005
2025-12-12 04:00:00,1765512014.0,0.0005
2025-12-12 05:00:00,1765515626.0,0.0005
2025-12-12 06:00:00,1765519216.0,0.001
2025-12-12 07:00:00,1765522814.0,0.001
2025-12-12 08:00:00,1765526413.0,0.001
2025-12-12 09:00:00,1765530016.0,0.001
2025-12-12 10:00:00,1765533613.0,0.0005
2025-12-12 11:00:00,1765537215.0,0.0005
2025-12-12 12:00:00,1765540820.0,0.0005
2025-12-12 13:00:00,1765544413.0,0.0005
2025-12-12 14:00:00,1765548013.0,0.0005
2025-12-12 15:00:00,1765551616.0,0.0005
2025-12-12 16:00:00,1765555214.0,0.0005
2025-12-12 17:00:00,1765558824.0,0.0005
2025-12-12 18:00:00,1765562417.0,0.0005
2025-12-12 19:00:00,1765566014.0,0.0005
2025-12-12 20:00:00,1765569617.0,0.0005
2025-12-12 21:00:00,1765573218.0,0.0005
2025-12-12 22:00:00,1765576818.0,0.0005
2025-12-12 23:00:00,1765580414.0,0.0005
2025-12-13 00:00:00,1765584020.0,0.0005
2025-12-13 01:00:00,1765587614.0,0.0005
2025-12-13 02:00:00,1765591214.0,0.0005
2025-12-13 03:00:00,1765594817.0,0.0005
2025-12-13 04:00:00,1765598415.0,0.0005
2025-12-13 05:00:00,1765602014.0,0.0005
2025-12-13 06:00:00,1765605632.0,0.0005
2025-12-13 07:00:00,1765609214.0,0.0005
2025-12-13 08:00:00,1765612815.0,0.0005
2025-12-13 09:00:00,1765616417.0,0.0005
2025-12-13 10:00:00,1765620014.0,0.0005
2025-12-13 11:00:00,1765623615.0,0.0005
2025-12-13 12:00:00,1765627223.0,0.001
2025-12-13 13:00:00,1765630814.0,0.0005
2025-12-13 14:00:00,1765634432.0,0.0005
2025-12-13 15:00:00,1765638018.0,0.0005
2025-12-13 16:00:00,1765641614.0,0.0005
2025-12-13 17:00:00,1765645219.0,0.0005
2025-12-13 18:00:00,1765648819.0,0.0005
2025-12-13 19:00:00,1765652415.0,0.0005
2025-12-13 20:00:00,1765656016.0,0.0005
2025-12-13 21:00:00,1765659618.0,0.0005
2025-12-13 22:00:00,1765663217.0,0.0005
2025-12-13 23:00:00,1765666815.0,0.0005
2025-12-14 00:00:00,1765670422.0,0.0005
2025-12-14 01:00:00,1765674015.0,0.0005
2025-12-14 02:00:00,1765677615.0,0.0005
2025-12-14 03:00:00,1765681218.0,0.002
2025-12-14 04:00:00,1765684814.0,0.0025
2025-12-14 05:00:00,1765688414.0,0.0025
2025-12-14 06:00:00,1765692018.0,0.003
2025-12-14 07:00:00,1765695615.0,0.0025
2025-12-14 08:00:00,1765699214.0,0.001
2025-12-14 09:00:00,1765702818.0,0.0015
2025-12-14 10:00:00,1765706416.0,0.0005
2025-12-14 11:00:00,1765710014.0,0.0005
2025-12-14 12:00:00,1765713621.0,0.0005
2025-12-14 13:00:00,1765717214.0,0.0005
2025-12-14 14:00:00,1765720815.0,0.0005
2025-12-14 15:00:00,1765724418.0,0.0005
2025-12-14 16:00:00,1765728015.0,0.0005
2025-12-14 17:00:00,1765731620.0,0.0005
2025-12-14 18:00:00,1765735218.0,0.0015
2025-12-14 19:00:00,1765738818.0,0.0015
2025-12-14 20:00:00,1765742419.0,0.001
2025-12-14 21:00:00,1765746019.0,0.001
2025-12-14 22:00:00,1765749614.0,0.001
2025-12-14 23:00:00,1765753214.0,0.001
2025-12-15 00:00:00,1765756824.0,0.001
2025-12-15 01:00:00,1765760414.0,0.0015
2025-12-15 02:00:00,1765764014.0,0.0015
2025-12-15 03:00:00,1765767617.0,0.0015
2025-12-15 04:00:00,1765771218.0,0.0015
2025-12-15 05:00:00,1765774815.0,0.0015
2025-12-15 06:00:00,1765778420.0,0.0015
2025-12-15 07:00:00,1765782014.0,0.0005
2025-12-15 08:00:00,1765785614.0,0.0005
2025-12-15 09:00:00,1765789229.0,0.0005
2025-12-15 10:00:00,1765792813.0,0.0005
2025-12-15 11:00:00,1765796417.0,0.0005
2025-12-15 12:00:00,1765800020.0,0.0005
2025-12-15 13:00:00,1765803628.0,0.0005
2025-12-15 14:00:00,1765807214.0,0.0005
2025-12-15 15:00:00,1765810818.0,0.0005
2025-12-15 16:00:00,1765814414.0,0.0005
2025-12-15 17:00:00,1765818018.0,0.0005
2025-12-15 18:00:00,1765821634.0,0.0005
2025-12-15 19:00:00,1765825214.0,0.0005
2025-12-15 20:00:00,1765828814.0,0.0005
2025-12-15 21:00:00,1765832417.0,0.0005
2025-12-15 22:00:00,1765836030.0,0.0005
2025-12-15 23:00:00,1765839614.0,0.0005
2025-12-16 00:00:00,1765843219.0,0.0005
2025-12-16 01:00:00,1765846821.0,0.0005
2025-12-16 02:00:00,1765850413.0,0.0005
2025-12-16 03:00:00,1765854016.0,0.0005
2025-12-16 04:00:00,1765857613.0,0.0005
2025-12-16 05:00:00,1765861213.0,0.0005
2025-12-16 06:00:00,1765864817.0,0.0005
2025-12-16 07:00:00,1765868420.0,0.0005
2025-12-16 08:00:00,1765872027.0,0.0005
2025-12-16 09:00:00,1765875616.0,0.0005
2025-12-16 10:00:00,1765879213.0,0.0005
2025-12-16 11:00:00,1765882813.0,0.0005
2025-12-16 12:00:00,1765886433.0,0.0005
2025-12-16 13:00:00,1765890013.0,0.001
2025-12-16 14:00:00,1765893628.0,0.0015
2025-12-16 15:00:00,1765897216.0,0.0005
2025-12-16 16:00:00,1765900830.0,0.001
2025-12-16 17:00:00,1765904416.0,0.001
2025-12-16 18:00:00,1765908017.0,0.0005
2025-12-16 19:00:00,1765911616.0,0.0005
2025-12-16 20:00:00,1765915214.0,0.0005
2025-12-16 21:00:00,1765918817.0,0.0005
2025-12-16 22:00:00,1765922414.0,0.0005
2025-12-16 23:00:00,1765926015.0,0.0005
2025-12-17 00:00:00,1765929616.0,0.0005
2025-12-17 01:00:00,1765933214.0,0.0005
2025-12-17 02:00:00,1765936815.0,0.0005
2025-12-17 03:00:00,1765940431.0,0.0015
2025-12-17 04:00:00,1765944014.0,0.0005
2025-12-17 05:00:00,1765947616.0,0.0005
2025-12-17 06:00:00,1765951233.0,0.0005
2025-12-17 07:00:00,1765954816.0,0.0005
2025-12-17 08:00:00,1765958426.0,0.0005
2025-12-17 09:00:00,1765962018.0,0.0005
2025-12-17 10:00:00,1765965616.0,0.0005
2025-12-17 11:00:00,1765969218.0,0.0005
2025-12-17 12:00:00,1765972830.0,0.0005
2025-12-17 13:00:00,1765976415.0,0.0005
2025-12-17 14:00:00,1765980015.0,0.0005
2025-12-17 15:00:00,1765983621.0,0.0005
2025-12-17 16:00:00,1765987216.0,0.0005
2025-12-17 17:00:00,1765990815.0,0.0005
2025-12-17 18:00:00,1765994418.0,0.0005
2025-12-17 19:00:00,1765998019.0,0.0005
2025-12-17 20:00:00,1766001614.0,0.0005
2025-12-17 21:00:00,1766005220.0,0.0005
2025-12-17 22:00:00,1766008815.0,0.0005
2025-12-17 23:00:00,1766012415.0,0.0005
2025-12-18 00:00:00,1766016027.0,0.0005
2025-12-18 01:00:00,1766019611.0,0.0005
2025-12-18 02:00:00,1766023212.0,0.0005
2025-12-18 03:00:00,1766026815.0,0.0005
2025-12-18 04:00:00,1766030411.0,0.0005
2025-12-18 05:00:00,1766034026.0,0.001
2025-12-18 06:00:00,1766037616.0,0.001
2025-12-18 07:00:00,1766041213.0,0.001
2025-12-18 08:00:00,1766044812.0,0.001
2025-12-18 09:00:00,1766048415.0,0.001
2025-12-18 10:00:00,1766052028.0,0.0005
2025-12-18 11:00:00,1766055613.0,0.0005
2025-12-18 12:00:00,1766059218.0,0.0005
2025-12-18 13:00:00,1766062815.0,0.0005
2025-12-18 14:00:00,1766066427.0,0.0005
2025-12-18 15:00:00,1766070015.0,0.0005
2025-12-18 16:00:00,1766073629.0,0.0015
2025-12-18 17:00:00,1766077219.0,0.0015
2025-12-18 18:00:00,1766080818.0,0.0015
2025-12-18 19:00:00,1766084417.0,0.001
2025-12-18 20:00:00,1766088015.0,0.0005
2025-12-18 21:00:00,1766091617.0,0.0005
2025-12-18 22:00:00,1766095215.0,0.0005
2025-12-18 23:00:00,1766098813.0,0.0005
2025-12-19 00:00:00,1766102418.0,0.0015
2025-12-19 01:00:00,1766106013.0,0.0015
2025-12-19 02:00:00,1766109614.0,0.0015
2025-12-19 03:00:00,1766113217.0,0.0015
2025-12-19 04:00:00,1766116815.0,0.0015
2025-12-19 05:00:00,1766120414.0,0.0015
2025-12-19 06:00:00,1766124017.0,0.0015
2025-12-19 07:00:00,1766127615.0,0.0015
2025-12-19 08:00:00,1766131215.0,0.0015
2025-12-19 09:00:00,1766134822.0,0.0015
2025-12-19 10:00:00,1766138414.0,0.0015
2025-12-19 11:00:00,1766142014.0,0.0015
2025-12-19 12:00:00,1766145620.0,0.0015
2025-12-19 13:00:00,1766149215.0,0.001
2025-12-19 14:00:00,1766152815.0,0.001
2025-12-19 15:00:00,1766156432.0,0.001
2025-12-19 16:00:00,1766160029.0,0.001
2025-12-19 17:00:00,1766163618.0,0.001
2025-12-19 18:00:00,1766167216.0,0.001
2025-12-19 19:00:00,1766170813.0,0.001
2025-12-19 20:00:00,1766174414.0,0.001
2025-12-19 21:00:00,1766178016.0,0.0005
2025-12-19 22:00:00,1766181613.0,0.0005
2025-12-19 23:00:00,1766185213.0,0.0005
2025-12-20 00:00:00,1766188818.0,0.0005
2025-12-20 01:00:00,1766192415.0,0.0005
2025-12-20 02:00:00,1766196013.0,0.0005
2025-12-20 03:00:00,1766199628.0,0.0005
2025-12-20 04:00:00,1766203214.0,0.0005
2025-12-20 05:00:00,1766206814.0,0.0005
2025-12-20 06:00:00,1766210416.0,0.0005
2025-12-20 07:00:00,1766214015.0,0.0005
2025-12-20 08:00:00,1766217614.0,0.0005
2025-12-20 09:00:00,1766221228.0,0.0005
2025-12-20 10:00:00,1766224814.0,0.0005
2025-12-20 11:00:00,1766228415.0,0.0005
2025-12-20 12:00:00,1766232022.0,0.0005
2025-12-20 13:00:00,1766235614.0,0.0005
2025-12-20 14:00:00,1766239215.0,0.0005
2025-12-20 15:00:00,1766242817.0,0.0005
2025-12-20 16:00:00,1766246415.0,0.0005
2025-12-20 17:00:00,1766250021.0,0.0005
2025-12-20 18:00:00,1766253617.0,0.001
2025-12-20 19:00:00,1766257216.0,0.001
2025-12-20 20:00:00,1766260820.0,0.0005
2025-12-20 21:00:00,1766264422.0,0.0005
2025-12-20 22:00:00,1766268016.0,0.0005
2025-12-20 23:00:00,1766271621.0,0.0015
2025-12-21 00:00:00,1766275219.0,0.0015
2025-12-21 01:00:00,1766278814.0,0.0015
2025-12-21 02:00:00,1766282414.0,0.0015
2025-12-21 03:00:00,1766286032.0,0.0015
2025-12-21 04:00:00,1766289630.0,0.0015
2025-12-21 05:00:00,1766293213.0,0.0015
2025-12-21 06:00:00,1766296818.0,0.0015
2025-12-21 07:00:00,1766300414.0,0.0015
2025-12-21 08:00:00,1766304015.0,0.0015
2025-12-21 09:00:00,1766307617.0,0.0015
2025-12-21 10:00:00,1766311214.0,0.0015
2025-12-21 11:00:00,1766314815.0,0.0015
2025-12-21 12:00:00,1766318419.0,0.0015
2025-12-21 13:00:00,1766322015.0,0.0015
2025-12-21 14:00:00,1766325614.0,0.0015
2025-12-21 15:00:00,1766329218.0,0.0015
2025-12-21 16:00:00,1766332814.0,0.0015
2025-12-21 17:00:00,1766336422.0,0.0015
2025-12-21 18:00:00,1766340019.0,0.0015
2025-12-21 19:00:00,1766343614.0,0.0015
2025-12-21 20:00:00,1766347217.0,0.0015
2025-12-21 21:00:00,1766350818.0,0.0015
2025-12-21 22:00:00,1766354414.0,0.0015
2025-12-21 23:00:00,1766358014.0,0.0015
2025-12-22 00:00:00,1766361619.0,0.0015
2025-12-22 01:00:00,1766365214.0,0.0015
2025-12-22 02:00:00,1766368814.0,0.0015
2025-12-22 03:00:00,1766372417.0,0.0015
2025-12-22 04:00:00,1766376021.0,0.0015
2025-12-22 05:00:00,1766379614.0,0.0015
2025-12-22 06:00:00,1766383217.0,0.0015
2025-12-22 07:00:00,1766386814.0,0.001
2025-12-22 08:00:00,1766390428.0,0.001
2025-12-22 09:00:00,1766394031.0,0.0015
2025-12-22 10:00:00,1766397615.0,0.0015
2025-12-22 11:00:00,1766401214.0,0.0015
2025-12-22 12:00:00,1766404819.0,0.0015
2025-12-22 13:00:00,1766408414.0,0.0015
2025-12-22 14:00:00,1766412016.0,0.0015
2025-12-22 15:00:00,1766415619.0,0.0015
2025-12-22 16:00:00,1766419214.0,0.0005
2025-12-22 17:00:00,1766422820.0,0.0005
2025-12-22 18:00:00,1766426417.0,0.0005
2025-12-22 19:00:00,1766430016.0,0.0005
2025-12-22 20:00:00,1766433628.0,0.0005
2025-12-22 21:00:00,1766437218.0,0.0005
2025-12-22 22:00:00,1766440827.0,0.001
2025-12-22 23:00:00,1766444415.0,0.001
2025-12-23 00:00:00,1766448021.0,0.0005
2025-12-23 01:00:00,1766451617.0,0.0005
2025-12-23 02:00:00,1766455215.0,0.0005
2025-12-23 03:00:00,1766458820.0,0.0005
2025-12-23 04:00:00,1766462428.0,0.0005
2025-12-23 05:00:00,1766466042.0,0.0005
2025-12-23 06:00:00,1766469634.0,0.0005
2025-12-23 07:00:00,1766473216.0,0.0005
2025-12-23 08:00:00,1766476829.0,0.0005
2025-12-23 09:00:00,1766480417.0,0.0005
2025-12-23 10:00:00,1766484016.0,0.0005
2025-12-23 11:00:00,1766487615.0,0.0005
2025-12-23 12:00:00,1766491224.0,0.0005
2025-12-23 13:00:00,1766494816.0,0.0005
2025-12-23 14:00:00,1766498415.0,0.0005
2025-12-23 15:00:00,1766502020.0,0.0005
2025-12-23 16:00:00,1766505615.0,0.0005
2025-12-23 17:00:00,1766509237.0,0.0005
2025-12-23 18:00:00,1766512818.0,0.0005
2025-12-23 19:00:00,1766516416.0,0.0005
2025-12-23 20:00:00,1766520016.0,0.0005
2025-12-23 21:00:00,1766523618.0,0.0005
2025-12-23 22:00:00,1766527218.0,0.0005
2025-12-23 23:00:00,1766530816.0,0.0005
2025-12-24 00:00:00,1766534421.0,0.0005
2025-12-24 01:00:00,1766538017.0,0.0005
2025-12-24 02:00:00,1766541614.0,0.0005
2025-12-24 03:00:00,1766545218.0,0.0015
2025-12-24 04:00:00,1766548815.0,0.0015
2025-12-24 05:00:00,1766552416.0,0.001
2025-12-24 06:00:00,1766556019.0,0.001
2025-12-24 07:00:00,1766559615.0,0.001
2025-12-24 08:00:00,1766563217.0,0.001
2025-12-24 09:00:00,1766566819.0,0.0005
2025-12-24 10:00:00,1766570417.0,0.0005
2025-12-24 11:00:00,1766574017.0,0.0005
2025-12-24 12:00:00,1766577620.0,0.0005
2025-12-24 13:00:00,1766581217.0,0.0005
2025-12-24 14:00:00,1766584816.0,0.0005
2025-12-24 15:00:00,1766588418.0,0.0005
2025-12-24 16:00:00,1766592015.0,0.0005
2025-12-24 17:00:00,1766595621.0,0.0005
2025-12-24 18:00:00,1766599218.0,0.0005
2025-12-24 19:00:00,1766602819.0,0.001
2025-12-24 20:00:00,1766606416.0,0.001
2025-12-24 21:00:00,1766610021.0,0.001
2025-12-24 22:00:00,1766613617.0,0.001
2025-12-24 23:00:00,1766617214.0,0.001
2025-12-25 00:00:00,1766620830.0,0.001
2025-12-25 01:00:00,1766624414.0,0.0015
2025-12-25 02:00:00,1766628015.0,0.0015
2025-12-25 03:00:00,1766631620.0,0.001
2025-12-25 04:00:00,1766635217.0,0.001
2025-12-25 05:00:00,1766638816.0,0.001
2025-12-25 06:00:00,1766642420.0,0.001
2025-12-25 07:00:00,1766646016.0,0.001
2025-12-25 08:00:00,1766649618.0,0.001
2025-12-25 09:00:00,1766653218.0,0.001
2025-12-25 10:00:00,1766656815.0,0.001
2025-12-25 11:00:00,1766660415.0,0.001
2025-12-25 12:00:00,1766664022.0,0.001
2025-12-25 13:00:00,1766667616.0,0.001
2025-12-25 14:00:00,1766671216.0,0.0015
2025-12-25 15:00:00,1766674818.0,0.0015
2025-12-25 16:00:00,1766678415.0,0.0015
2025-12-25 17:00:00,1766682024.0,0.0015
2025-12-25 18:00:00,1766685621.0,0.0015
2025-12-25 19:00:00,1766689216.0,0.0015
2025-12-25 20:00:00,1766692820.0,0.0015
2025-12-25 21:00:00,1766696418.0,0.0015
2025-12-25 22:00:00,1766700019.0,0.0015
2025-12-25 23:00:00,1766703616.0,0.0015
2025-12-26 00:00:00,1766707215.0,0.0015
2025-12-26 01:00:00,1766710811.0,0.0015
2025-12-26 02:00:00,1766714412.0,0.0015
2025-12-26 03:00:00,1766718013.0,0.0015
2025-12-26 04:00:00,1766721612.0,0.0005
2025-12-26 05:00:00,1766725213.0,0.0005
2025-12-26 06:00:00,1766728813.0,0.0005
2025-12-26 07:00:00,1766732412.0,0.0005
2025-12-26 08:00:00,1766736012.0,0.0005
2025-12-26 09:00:00,1766739613.0,0.0005
2025-12-26 10:00:00,1766743212.0,0.0005
2025-12-26 11:00:00,1766746813.0,0.0005
2025-12-26 12:00:00,1766750418.0,0.0015
2025-12-26 13:00:00,1766754012.0,0.0015
2025-12-26 14:00:00,1766757612.0,0.0015
2025-12-26 15:00:00,1766761215.0,0.0005
2025-12-26 16:00:00,1766764813.0,0.0005
2025-12-26 17:00:00,1766768420.0,0.0005
2025-12-26 18:00:00,1766772014.0,0.0005
2025-12-26 19:00:00,1766775613.0,0.0005
2025-12-26 20:00:00,1766779214.0,0.0005
2025-12-26 21:00:00,1766782818.0,0.0005
2025-12-26 22:00:00,1766786413.0,0.0005
2025-12-26 23:00:00,1766790013.0,0.0005
2025-12-27 00:00:00,1766793619.0,0.0015
2025-12-27 01:00:00,1766797214.0,0.0015
2025-12-27 02:00:00,1766800817.0,0.0015
2025-12-27 03:00:00,1766804416.0,0.0015
2025-12-27 04:00:00,1766808017.0,0.0015
2025-12-27 05:00:00,1766811618.0,0.0015
2025-12-27 06:00:00,1766815216.0,0.0015
2025-12-27 07:00:00,1766818834.0,0.0015
2025-12-27 08:00:00,1766822414.0,0.0015
2025-12-27 09:00:00,1766826016.0,0.0015
2025-12-27 10:00:00,1766829615.0,0.0015
2025-12-27 11:00:00,1766833219.0,0.0015
2025-12-27 12:00:00,1766836819.0,0.001
2025-12-27 13:00:00,1766840415.0,0.0005
2025-12-27 14:00:00,1766844016.0,0.0005
2025-12-27 15:00:00,1766847616.0,0.0005
2025-12-27 16:00:00,1766851215.0,0.0015
2025-12-27 17:00:00,1766854815.0,0.0015
2025-12-27 18:00:00,1766858417.0,0.0015
2025-12-27 19:00:00,1766862015.0,0.0015
2025-12-27 20:00:00,1766865615.0,0.0015
2025-12-27 21:00:00,1766869216.0,0.0015
2025-12-27 22:00:00,1766872816.0,0.0015
2025-12-27 23:00:00,1766876416.0,0.0015
2025-12-28 00:00:00,1766880020.0,0.0015
2025-12-28 01:00:00,1766883688.0,0.0015
2025-12-28 02:00:00,1766887215.0,0.0015
2025-12-28 03:00:00,1766890817.0,0.0015
2025-12-28 04:00:00,1766894416.0,0.0015
2025-12-28 05:00:00,1766898015.0,0.0015
2025-12-28 06:00:00,1766901617.0,0.0015
2025-12-28 07:00:00,1766905215.0,0.0015
2025-12-28 08:00:00,1766908817.0,0.0015
2025-12-28 09:00:00,1766912417.0,0.0015
2025-12-28 10:00:00,1766916018.0,0.0015
2025-12-28 11:00:00,1766919616.0,0.0015
2025-12-28 12:00:00,1766923220.0,0.0015
2025-12-28 13:00:00,1766926815.0,0.0015
2025-12-28 14:00:00,1766930415.0,0.0015
2025-12-28 15:00:00,1766934034.0,0.0015
2025-12-28 16:00:00,1766937631.0,0.0015
2025-12-28 17:00:00,1766941221.0,0.0015
2025-12-28 18:00:00,1766944818.0,0.0015
2025-12-28 19:00:00,1766948415.0,0.0015
2025-12-28 20:00:00,1766952032.0,0.0015
2025-12-28 21:00:00,1766955620.0,0.0015
2025-12-28 22:00:00,1766959217.0,0.0015
2025-12-28 23:00:00,1766962818.0,0.0015
2025-12-29 00:00:00,1766966437.0,0.0015
2025-12-29 01:00:00,1766970087.0,0.0015
2025-12-29 02:00:00,1766973616.0,0.0015
2025-12-29 03:00:00,1766977232.0,0.0015
2025-12-29 04:00:00,1766980815.0,0.0015
2025-12-29 05:00:00,1766984430.0,0.0015
2025-12-29 06:00:00,1766988018.0,0.0015
2025-12-29 07:00:00,1766991620.0,0.0015
2025-12-29 08:00:00,1766995233.0,0.0015
2025-12-29 09:00:00,1766998817.0,0.0015
2025-12-29 10:00:00,1767002420.0,0.0015
2025-12-29 11:00:00,1767006019.0,0.0015
2025-12-29 12:00:00,1767009620.0,0.0015
2025-12-29 13:00:00,1767013216.0,0.0015
2025-12-29 14:00:00,1767016816.0,0.0015
2025-12-29 15:00:00,1767020418.0,0.0015
2025-12-29 16:00:00,1767024015.0,0.0015
2025-12-29 17:00:00,1767027618.0,0.0015
2025-12-29 18:00:00,1767031217.0,0.0015
2025-12-29 19:00:00,1767034819.0,0.0015
2025-12-29 20:00:00,1767038416.0,0.0015
2025-12-29 21:00:00,1767042017.0,0.0015
2025-12-29 22:00:00,1767045619.0,0.0015
2025-12-29 23:00:00,1767049235.0,0.0015
2025-12-30 00:00:00,1767052823.0,0.0015
2025-12-30 01:00:00,1767056415.0,0.0015
2025-12-30 02:00:00,1767060016.0,0.0015
2025-12-30 03:00:00,1767063619.0,0.0015
2025-12-30 04:00:00,1767067216.0,0.0015
2025-12-30 05:00:00,1767070832.0,0.0015
2025-12-30 06:00:00,1767074418.0,0.0015
2025-12-30 07:00:00,1767078024.0,0.0015
2025-12-30 08:00:00,1767081618.0,0.0015
2025-12-30 09:00:00,1767085220.0,0.0015
2025-12-30 10:00:00,1767088816.0,0.0015
2025-12-30 11:00:00,1767092419.0,0.0015
2025-12-30 12:00:00,1767096024.0,0.0015
2025-12-30 13:00:00,1767099616.0,0.0015
2025-12-30 14:00:00,1767103216.0,0.0015
2025-12-30 15:00:00,1767106819.0,0.0015
2025-12-30 16:00:00,1767110417.0,0.0015
2025-12-30 17:00:00,1767114022.0,0.0015
2025-12-30 18:00:00,1767117623.0,0.0015
2025-12-30 19:00:00,1767121217.0,0.0015
2025-12-30 20:00:00,1767124836.0,0.0015
2025-12-30 21:00:00,1767128418.0,0.0015
2025-12-30 22:00:00,1767132017.0,0.0015
2025-12-30 23:00:00,1767135618.0,0.002
2025-12-31 00:00:00,1767139221.0,0.002
2025-12-31 01:00:00,1767142817.0,0.002
2025-12-31 02:00:00,1767146418.0,0.002
2025-12-31 03:00:00,1767150020.0,0.0025
2025-12-31 04:00:00,1767153638.0,0.0025
2025-12-31 05:00:00,1767157217.0,0.0025
2025-12-31 06:00:00,1767160819.0,0.002
2025-12-31 07:00:00,1767164417.0,0.002
2025-12-31 08:00:00,1767168021.0,0.0025
2025-12-31 09:00:00,1767171619.0,0.0025
2025-12-31 10:00:00,1767175217.0,0.003
2025-12-31 11:00:00,1767178828.0,0.002
2025-12-31 12:00:00,1767182421.0,0.002
2025-12-31 13:00:00,1767186017.0,0.002
2025-12-31 14:00:00,1767189620.0,0.002
2025-12-31 15:00:00,1767193219.0,0.0025
2025-12-31 16:00:00,1767196821.0,0.0025
2025-12-31 17:00:00,1767200423.0,0.002
2025-12-31 18:00:00,1767204021.0,0.0015
2025-12-31 19:00:00,1767207648.0,0.0015
2025-12-31 20:00:00,1767211219.0,0.0015
2025-12-31 21:00:00,1767214821.0,0.0015
2025-12-31 22:00:00,1767218419.0,0.0015
2025-12-31 23:00:00,1767222018.0,0.0015
2026-01-01 00:00:00,1767225621.0,0.0015
2026-01-01 01:00:00,1767229217.0,0.0015
2026-01-01 02:00:00,1767232817.0,0.0015
2026-01-01 03:00:00,1767236418.0,0.0015
2026-01-01 04:00:00,1767240032.0,0.0015
2026-01-01 05:00:00,1767243616.0,0.0015
2026-01-01 06:00:00,1767247220.0,0.0015
2026-01-01 07:00:00,1767250817.0,0.0015
2026-01-01 08:00:00,1767254416.0,0.0015
2026-01-01 09:00:00,1767258019.0,0.0015
2026-01-01 10:00:00,1767261618.0,0.0015
2026-01-01 11:00:00,1767265215.0,0.0015
2026-01-01 12:00:00,1767268822.0,0.0015
2026-01-01 13:00:00,1767272441.0,0.0015
2026-01-01 14:00:00,1767276014.0,0.0015
2026-01-01 15:00:00,1767279619.0,0.0015
2026-01-01 16:00:00,1767283215.0,0.0015
2026-01-01 17:00:00,1767286820.0,0.0015
2026-01-01 18:00:00,1767290418.0,0.0015
2026-01-01 19:00:00,1767294015.0,0.0015
2026-01-01 20:00:00,1767297628.0,0.0015
2026-01-01 21:00:00,1767301217.0,0.0015
2026-01-01 22:00:00,1767304832.0,0.0015
2026-01-01 23:00:00,1767308416.0,0.0015
2026-01-02 00:00:00,1767312019.0,0.0015
2026-01-02 01:00:00,1767315615.0,0.0015
2026-01-02 02:00:00,1767319216.0,0.0015
2026-01-02 03:00:00,1767322835.0,0.0015
2026-01-02 04:00:00,1767326415.0,0.0015
2026-01-02 05:00:00,1767330017.0,0.0015
2026-01-02 06:00:00,1767333617.0,0.0015
2026-01-02 07:00:00,1767337216.0,0.0015
2026-01-02 08:00:00,1767340819.0,0.0015
2026-01-02 09:00:00,1767344418.0,0.0015
2026-01-02 10:00:00,1767348018.0,0.0015
2026-01-02 11:00:00,1767351617.0,0.0015
2026-01-02 12:00:00,1767355220.0,0.0015
2026-01-02 13:00:00,1767358815.0,0.0015
2026-01-02 14:00:00,1767362416.0,0.0015
2026-01-02 15:00:00,1767366019.0,0.0015
2026-01-02 16:00:00,1767369617.0,0.0015
2026-01-02 17:00:00,1767373220.0,0.0015
2026-01-02 18:00:00,1767376833.0,0.0015
2026-01-02 19:00:00,1767380419.0,0.002
2026-01-02 20:00:00,1767384018.0,0.002
2026-01-02 21:00:00,1767387619.0,0.0015
2026-01-02 22:00:00,1767391220.0,0.0015
2026-01-02 23:00:00,1767394817.0,0.0015
2026-01-03 00:00:00,1767398417.0,0.002
2026-01-03 01:00:00,1767402089.0,0.002
2026-01-03 02:00:00,1767405613.0,0.002
2026-01-03 03:00:00,1767409215.0,0.002
2026-01-03 04:00:00,1767412822.0,0.002
2026-01-03 05:00:00,1767416425.0,0.002
2026-01-03 06:00:00,1767420034.0,0.002
2026-01-03 07:00:00,1767423614.0,0.002
2026-01-03 08:00:00,1767427213.0,0.005
2026-01-03 09:00:00,1767430829.0,0.0035
2026-01-03 10:00:00,1767434414.0,0.0035
2026-01-03 11:00:00,1767438015.0,0.0045
2026-01-03 12:00:00,1767441620.0,0.0035
2026-01-03 13:00:00,1767445214.0,0.004
2026-01-03 14:00:00,1767448815.0,0.004
2026-01-03 15:00:00,1767452432.0,0.004
2026-01-03 16:00:00,1767456015.0,0.0035
2026-01-03 17:00:00,1767459621.0,0.004
2026-01-03 18:00:00,1767463217.0,0.005
2026-01-03 19:00:00,1767466814.0,0.0025
2026-01-03 20:00:00,1767470417.0,0.0025
2026-01-03 21:00:00,1767474018.0,0.0025
2026-01-03 22:00:00,1767477615.0,0.0025
2026-01-03 23:00:00,1767481214.0,0.0025
2026-01-04 00:00:00,1767484820.0,0.0025
2026-01-04 01:00:00,1767488417.0,0.0025
2026-01-04 02:00:00,1767492015.0,0.003
2026-01-04 03:00:00,1767495631.0,0.003
2026-01-04 04:00:00,1767499218.0,0.003
2026-01-04 05:00:00,1767502814.0,0.003
2026-01-04 06:00:00,1767506417.0,0.003
2026-01-04 07:00:00,1767510016.0,0.0025
2026-01-04 08:00:00,1767513615.0,0.0025
2026-01-04 09:00:00,1767517216.0,0.0025
2026-01-04 10:00:00,1767520814.0,0.0025
2026-01-04 11:00:00,1767524423.0,0.0025
2026-01-04 12:00:00,1767528022.0,0.0025
2026-01-04 13:00:00,1767531615.0,0.0025
2026-01-04 14:00:00,1767535217.0,0.0025
2026-01-04 15:00:00,1767538823.0,0.0035
2026-01-04 16:00:00,1767542433.0,0.0035
2026-01-04 17:00:00,1767546018.0,0.0035
2026-01-04 18:00:00,1767549620.0,0.0025
2026-01-04 19:00:00,1767553215.0,0.0025
2026-01-04 20:00:00,1767556834.0,0.0025
2026-01-04 21:00:00,1767560420.0,0.0025
2026-01-04 22:00:00,1767564016.0,0.0025
2026-01-04 23:00:00,1767567616.0,0.002
2026-01-05 00:00:00,1767571223.0,0.0025
2026-01-05 01:00:00,1767574815.0,0.002
2026-01-05 02:00:00,1767578415.0,0.0015
2026-01-05 03:00:00,1767582018.0,0.0015
2026-01-05 04:00:00,1767585615.0,0.0015
2026-01-05 05:00:00,1767589230.0,0.0015
2026-01-05 06:00:00,1767592819.0,0.0015
2026-01-05 07:00:00,1767596416.0,0.002
2026-01-05 08:00:00,1767600017.0,0.002
2026-01-05 09:00:00,1767603623.0,0.0025
2026-01-05 10:00:00,1767607215.0,0.0035
2026-01-05 11:00:00,1767610815.0,0.0035
2026-01-05 12:00:00,1767614419.0,0.0015
2026-01-05 13:00:00,1767618015.0,0.0015
2026-01-05 14:00:00,1767621615.0,0.0035
2026-01-05 15:00:00,1767625220.0,0.003
2026-01-05 16:00:00,1767628816.0,0.0025
2026-01-05 17:00:00,1767632437.0,0.0025
2026-01-05 18:00:00,1767636019.0,0.0025
2026-01-05 19:00:00,1767639616.0,0.0025
2026-01-05 20:00:00,1767643216.0,0.0035
2026-01-05 21:00:00,1767646820.0,0.003
2026-01-05 22:00:00,1767650433.0,0.003
2026-01-05 23:00:00,1767654016.0,0.003
2026-01-06 00:00:00,1767657625.0,0.003
2026-01-06 01:00:00,1767661223.0,0.003
2026-01-06 02:00:00,1767664819.0,0.003
2026-01-06 03:00:00,1767668420.0,0.0025
2026-01-06 04:00:00,1767672021.0,0.0025
2026-01-06 05:00:00,1767675617.0,0.0025
2026-01-06 06:00:00,1767679225.0,0.003
2026-01-06 07:00:00,1767682823.0,0.0025
2026-01-06 08:00:00,1767686423.0,0.0025
2026-01-06 09:00:00,1767690020.0,0.0025
2026-01-06 10:00:00,1767693617.0,0.0025
2026-01-06 11:00:00,1767697222.0,0.0025
2026-01-06 12:00:00,1767700822.0,0.0025
2026-01-06 13:00:00,1767704436.0,0.0025
2026-01-06 14:00:00,1767708020.0,0.0025
2026-01-06 15:00:00,1767711625.0,0.0025
2026-01-06 16:00:00,1767715217.0,0.0025
2026-01-06 17:00:00,1767718824.0,0.0025
2026-01-06 18:00:00,1767722420.0,0.0025
2026-01-06 19:00:00,1767726018.0,0.0025
2026-01-06 20:00:00,1767729618.0,0.0025
2026-01-06 21:00:00,1767733220.0,0.0025
2026-01-06 22:00:00,1767736818.0,0.0025
2026-01-06 23:00:00,1767740437.0,0.0025
2026-01-07 00:00:00,1767744022.0,0.0025
2026-01-07 01:00:00,1767747617.0,0.0025
2026-01-07 02:00:00,1767751218.0,0.0025
2026-01-07 03:00:00,1767754821.0,0.0025
2026-01-07 04:00:00,1767758417.0,0.0025
2026-01-07 05:00:00,1767762018.0,0.0025
2026-01-07 06:00:00,1767765625.0,0.0025
2026-01-07 07:00:00,1767769218.0,0.0025
2026-01-07 08:00:00,1767772820.0,0.0025
2026-01-07 09:00:00,1767776421.0,0.0025
2026-01-07 10:00:00,1767780023.0,0.0025
2026-01-07 11:00:00,1767783617.0,0.0025
2026-01-07 12:00:00,1767787227.0,0.0025
2026-01-07 13:00:00,1767790820.0,0.0025
2026-01-07 14:00:00,1767794418.0,0.0025
2026-01-07 15:00:00,1767798025.0,0.0025
2026-01-07 16:00:00,1767801619.0,0.0025
2026-01-07 17:00:00,1767805227.0,0.002
2026-01-07 18:00:00,1767808821.0,0.002
2026-01-07 19:00:00,1767812420.0,0.002
2026-01-07 20:00:00,1767816020.0,0.002
2026-01-07 21:00:00,1767819627.0,0.002
2026-01-07 22:00:00,1767823223.0,0.002
2026-01-07 23:00:00,1767826819.0,0.0015
2026-01-08 00:00:00,1767830438.0,0.002
2026-01-08 01:00:00,1767834034.0,0.002
2026-01-08 02:00:00,1767837618.0,0.002
2026-01-08 03:00:00,1767841221.0,0.003
2026-01-08 04:00:00,1767844818.0,0.002
2026-01-08 05:00:00,1767848418.0,0.002
2026-01-08 06:00:00,1767852021.0,0.002
2026-01-08 07:00:00,1767855619.0,0.002
2026-01-08 08:00:00,1767859229.0,0.002
2026-01-08 09:00:00,1767862820.0,0.002
2026-01-08 10:00:00,1767866438.0,0.002
2026-01-08 11:00:00,1767870019.0,0.002
2026-01-08 12:00:00,1767873644.0,0.002
2026-01-08 13:00:00,1767877218.0,0.002
2026-01-08 14:00:00,1767880822.0,0.0015
2026-01-08 15:00:00,1767884421.0,0.0015
2026-01-08 16:00:00,1767888033.0,0.0025
2026-01-08 17:00:00,1767891625.0,0.0015
2026-01-08 18:00:00,1767895221.0,0.0015
2026-01-08 19:00:00,1767898819.0,0.002
2026-01-08 20:00:00,1767902420.0,0.002
2026-01-08 21:00:00,1767906022.0,0.0015
2026-01-08 22:00:00,1767909622.0,0.0015
2026-01-08 23:00:00,1767913221.0,0.0015
2026-01-09 00:00:00,1767916822.0,0.0015
2026-01-09 01:00:00,1767920419.0,0.0015
2026-01-09 02:00:00,1767924019.0,0.0015
2026-01-09 03:00:00,1767927623.0,0.0015
2026-01-09 04:00:00,1767931219.0,0.0015
2026-01-09 05:00:00,1767934819.0,0.0015
2026-01-09 06:00:00,1767938422.0,0.0015
2026-01-09 07:00:00,1767942019.0,0.0015
2026-01-09 08:00:00,1767945620.0,0.0015
2026-01-09 09:00:00,1767949221.0,0.0015
2026-01-09 10:00:00,1767952820.0,0.0015
2026-01-09 11:00:00,1767956418.0,0.0015
2026-01-09 12:00:00,1767960036.0,0.0015
2026-01-09 13:00:00,1767963619.0,0.0015
2026-01-09 14:00:00,1767967219.0,0.0015
2026-01-09 15:00:00,1767970823.0,0.0015
2026-01-09 16:00:00,1767974421.0,0.0015
2026-01-09 17:00:00,1767978025.0,0.0015
2026-01-09 18:00:00,1767981624.0,0.0015
2026-01-09 19:00:00,1767985220.0,0.0015
2026-01-09 20:00:00,1767988841.0,0.0025
2026-01-09 21:00:00,1767992422.0,0.0025
2026-01-09 22:00:00,1767996021.0,0.0025
2026-01-09 23:00:00,1767999619.0,0.0025
2026-01-10 00:00:00,1768003223.0,0.0025
2026-01-10 01:00:00,1768006821.0,0.0025
2026-01-10 02:00:00,1768010418.0,0.0025
2026-01-10 03:00:00,1768014022.0,0.0025
2026-01-10 04:00:00,1768017618.0,0.0025
2026-01-10 05:00:00,1768021218.0,0.0025
2026-01-10 06:00:00,1768024823.0,0.0025
2026-01-10 07:00:00,1768028419.0,0.0025
2026-01-10 08:00:00,1768032034.0,0.002
2026-01-10 09:00:00,1768035624.0,0.002
2026-01-10 10:00:00,1768039223.0,0.002
2026-01-10 11:00:00,1768042821.0,0.002
2026-01-10 12:00:00,1768046426.0,0.002
2026-01-10 13:00:00,1768050021.0,0.0015
2026-01-10 14:00:00,1768053624.0,0.0015
2026-01-10 15:00:00,1768057223.0,0.002
2026-01-10 16:00:00,1768060831.0,0.002
2026-01-10 17:00:00,1768064424.0,0.0015
2026-01-10 18:00:00,1768068025.0,0.0015
2026-01-10 19:00:00,1768071619.0,0.0015
2026-01-10 20:00:00,1768075220.0,0.0015
2026-01-10 21:00:00,1768078826.0,0.0015
2026-01-10 22:00:00,1768082420.0,0.0015
2026-01-10 23:00:00,1768086041.0,0.0015
2026-01-11 00:00:00,1768089620.0,0.0015
2026-01-11 01:00:00,1768093217.0,0.0015
2026-01-11 02:00:00,1768096829.0,0.0015
2026-01-11 03:00:00,1768100419.0,0.0015
2026-01-11 04:00:00,1768104017.0,0.0015
2026-01-11 05:00:00,1768107614.0,0.0015
2026-01-11 06:00:00,1768111219.0,0.0015
2026-01-11 07:00:00,1768114817.0,0.0015
2026-01-11 08:00:00,1768118417.0,0.0015
2026-01-11 09:00:00,1768122017.0,0.002
2026-01-11 10:00:00,1768125614.0,0.002
2026-01-11 11:00:00,1768129234.0,0.002
2026-01-11 12:00:00,1768132820.0,0.002
2026-01-11 13:00:00,1768136417.0,0.002
2026-01-11 14:00:00,1768140018.0,0.002
2026-01-11 15:00:00,1768143638.0,0.002
2026-01-11 16:00:00,1768147215.0,0.002
2026-01-11 17:00:00,1768150838.0,0.002
2026-01-11 18:00:00,1768154424.0,0.002
2026-01-11 19:00:00,1768158018.0,0.002
2026-01-11 20:00:00,1768161622.0,0.002
2026-01-11 21:00:00,1768165238.0,0.002
2026-01-11 22:00:00,1768168821.0,0.002
2026-01-11 23:00:00,1768172417.0,0.0025
2026-01-12 00:00:00,1768176023.0,0.0025
2026-01-12 01:00:00,1768179617.0,0.003
2026-01-12 02:00:00,1768183227.0,0.003
2026-01-12 03:00:00,1768186836.0,0.0035
2026-01-12 04:00:00,1768190419.0,0.003
2026-01-12 05:00:00,1768194017.0,0.003
2026-01-12 06:00:00,1768197619.0,0.0035
2026-01-12 07:00:00,1768201219.0,0.0045
2026-01-12 08:00:00,1768204819.0,0.0025
2026-01-12 09:00:00,1768208420.0,0.0045
2026-01-12 10:00:00,1768212016.0,0.0025
2026-01-12 11:00:00,1768215628.0,0.0025
2026-01-12 12:00:00,1768219227.0,0.0025
2026-01-12 13:00:00,1768222818.0,0.0045
2026-01-12 14:00:00,1768226416.0,0.0035
2026-01-12 15:00:00,1768230024.0,0.0035
2026-01-12 16:00:00,1768233616.0,0.0035
2026-01-12 17:00:00,1768237219.0,0.002
2026-01-12 18:00:00,1768240847.0,0.0025
2026-01-12 19:00:00,1768244418.0,0.0025
2026-01-12 20:00:00,1768248023.0,0.0025
2026-01-12 21:00:00,1768251625.0,0.0025
2026-01-12 22:00:00,1768255246.0,0.002
2026-01-12 23:00:00,1768258823.0,0.002
2026-01-13 00:00:00,1768262424.0,0.003
2026-01-13 01:00:00,1768266089.0,0.0025
2026-01-13 02:00:00,1768269617.0,0.0025
2026-01-13 03:00:00,1768273223.0,0.0025
2026-01-13 04:00:00,1768276818.0,0.0025
2026-01-13 05:00:00,1768280418.0,0.0025
2026-01-13 06:00:00,1768284023.0,0.0025
2026-01-13 07:00:00,1768287641.0,0.002
2026-01-13 08:00:00,1768291232.0,0.002
2026-01-13 09:00:00,1768294826.0,0.002
2026-01-13 10:00:00,1768298418.0,0.0025
2026-01-13 11:00:00,1768302019.0,0.0025
2026-01-13 12:00:00,1768305627.0,0.0025
2026-01-13 13:00:00,1768309261.0,0.0025
2026-01-13 14:00:00,1768312833.0,0.0025
2026-01-13 15:00:00,1768316422.0,0.0025
2026-01-13 16:00:00,1768320038.0,0.002
2026-01-13 17:00:00,1768323625.0,0.002
2026-01-13 18:00:00,1768327224.0,0.0025
2026-01-13 19:00:00,1768330866.0,0.0025
2026-01-13 20:00:00,1768334419.0,0.0025
2026-01-13 21:00:00,1768338023.0,0.0025
2026-01-13 22:00:00,1768341622.0,0.0025
2026-01-13 23:00:00,1768345220.0,0.0025
2026-01-14 00:00:00,1768348825.0,0.0025
2026-01-14 01:00:00,1768352419.0,0.0025
2026-01-14 02:00:00,1768356021.0,0.0025
2026-01-14 03:00:00,1768359623.0,0.0025
2026-01-14 04:00:00,1768363223.0,0.0025
2026-01-14 05:00:00,1768366824.0,0.0025
2026-01-14 06:00:00,1768370425.0,0.0025
2026-01-14 07:00:00,1768374021.0,0.0035
2026-01-14 08:00:00,1768377635.0,0.0035
2026-01-14 09:00:00,1768381223.0,0.0025
2026-01-14 10:00:00,1768384819.0,0.0025
2026-01-14 11:00:00,1768388419.0,0.0025
2026-01-14 12:00:00,1768392026.0,0.0025
2026-01-14 13:00:00,1768395623.0,0.0025
2026-01-14 14:00:00,1768399219.0,0.0025
2026-01-14 15:00:00,1768402841.0,0.0025
2026-01-14 16:00:00,1768406434.0,0.0025
2026-01-14 17:00:00,1768410025.0,0.0025
2026-01-14 18:00:00,1768413626.0,0.0025
2026-01-14 19:00:00,1768417221.0,0.0025
2026-01-14 20:00:00,1768420822.0,0.0025
2026-01-14 21:00:00,1768424426.0,0.0025
2026-01-14 22:00:00,1768428024.0,0.0025
2026-01-14 23:00:00,1768431621.0,0.0025
2026-01-15 00:00:00,1768435227.0,0.0025
2026-01-15 01:00:00,1768438819.0,0.0025
2026-01-15 02:00:00,1768442420.0,0.0025
2026-01-15 03:00:00,1768446038.0,0.0025
2026-01-15 04:00:00,1768449621.0,0.0025
2026-01-15 05:00:00,1768453220.0,0.003
2026-01-15 06:00:00,1768456825.0,0.003
2026-01-15 07:00:00,1768460422.0,0.003
2026-01-15 08:00:00,1768464020.0,0.003
2026-01-15 09:00:00,1768467628.0,0.003
2026-01-15 10:00:00,1768471221.0,0.003
2026-01-15 11:00:00,1768474820.0,0.003
2026-01-15 12:00:00,1768478426.0,0.003
2026-01-15 13:00:00,1768482022.0,0.003
2026-01-15 14:00:00,1768485621.0,0.003
2026-01-15 15:00:00,1768489224.0,0.003
2026-01-15 16:00:00,1768492820.0,0.003
2026-01-15 17:00:00,1768496428.0,0.003
2026-01-15 18:00:00,1768500037.0,0.0025
2026-01-15 19:00:00,1768503627.0,0.0025
2026-01-15 20:00:00,1768507224.0,0.0025
2026-01-15 21:00:00,1768510831.0,0.0025
2026-01-15 22:00:00,1768514422.0,0.0025
2026-01-15 23:00:00,1768518023.0,0.0025
2026-01-16 00:00:00,1768521630.0,0.0025
2026-01-16 01:00:00,1768525226.0,0.0025
2026-01-16 02:00:00,1768528822.0,0.0025
2026-01-16 03:00:00,1768532429.0,0.0025
2026-01-16 04:00:00,1768536022.0,0.0025
2026-01-16 05:00:00,1768539621.0,0.002
2026-01-16 06:00:00,1768543225.0,0.0015
2026-01-16 07:00:00,1768546822.0,0.0015
2026-01-16 08:00:00,1768550422.0,0.0015
2026-01-16 09:00:00,1768554024.0,0.0015
2026-01-16 10:00:00,1768557621.0,0.0015
2026-01-16 11:00:00,1768561220.0,0.0015
2026-01-16 12:00:00,1768564827.0,0.0015
2026-01-16 13:00:00,1768568422.0,0.0015
2026-01-16 14:00:00,1768572021.0,0.0015
2026-01-16 15:00:00,1768575624.0,0.0015
2026-01-16 16:00:00,1768579221.0,0.0015
2026-01-16 17:00:00,1768582824.0,0.0015
2026-01-16 18:00:00,1768586426.0,0.0015
2026-01-16 19:00:00,1768590026.0,0.0015
2026-01-16 20:00:00,1768593622.0,0.0015
2026-01-16 21:00:00,1768597230.0,0.0015
2026-01-16 22:00:00,1768600845.0,0.0015
2026-01-16 23:00:00,1768604422.0,0.0015
2026-01-17 00:00:00,1768608026.0,0.0015
2026-01-17 01:00:00,1768611622.0,0.0015
2026-01-17 02:00:00,1768615222.0,0.0015
2026-01-17 03:00:00,1768618826.0,0.0005
2026-01-17 04:00:00,1768622421.0,0.0005
2026-01-17 05:00:00,1768626022.0,0.0005
2026-01-17 06:00:00,1768629625.0,0.0005
2026-01-17 07:00:00,1768633224.0,0.0015
2026-01-17 08:00:00,1768636821.0,0.0015
2026-01-17 09:00:00,1768640425.0,0.0015
2026-01-17 10:00:00,1768644036.0,0.0005
2026-01-17 11:00:00,1768647621.0,0.0005
2026-01-17 12:00:00,1768651242.0,0.0005
2026-01-17 13:00:00,1768654823.0,0.0005
2026-01-17 14:00:00,1768658445.0,0.0005
2026-01-17 15:00:00,1768662030.0,0.0005
2026-01-17 16:00:00,1768665621.0,0.001
2026-01-17 17:00:00,1768669237.0,0.001
2026-01-17 18:00:00,1768672828.0,0.001
2026-01-17 19:00:00,1768676425.0,0.0015
2026-01-17 20:00:00,1768680044.0,0.0015
2026-01-17 21:00:00,1768683639.0,0.0015
2026-01-17 22:00:00,1768687222.0,0.002
2026-01-17 23:00:00,1768690822.0,0.002
2026-01-18 00:00:00,1768694442.0,0.0015
2026-01-18 01:00:00,1768698021.0,0.0015
2026-01-18 02:00:00,1768701652.0,0.0015
2026-01-18 03:00:00,1768705228.0,0.0015
2026-01-18 04:00:00,1768708825.0,0.0015
2026-01-18 05:00:00,1768712432.0,0.0015
2026-01-18 06:00:00,1768716054.0,0.0015
2026-01-18 07:00:00,1768719621.0,0.0015
2026-01-18 08:00:00,1768723255.0,0.0015
2026-01-18 09:00:00,1768726824.0,0.0015
2026-01-18 10:00:00,1768730420.0,0.002
2026-01-18 11:00:00,1768734023.0,0.0015
2026-01-18 12:00:00,1768737642.0,0.0015
2026-01-18 13:00:00,1768741234.0,0.0025
2026-01-18 14:00:00,1768744822.0,0.0025
2026-01-18 15:00:00,1768748425.0,0.003
2026-01-18 16:00:00,1768752020.0,0.0025
2026-01-18 17:00:00,1768755642.0,0.0025
2026-01-18 18:00:00,1768759242.0,0.0025
2026-01-18 19:00:00,1768762821.0,0.0025
2026-01-18 20:00:00,1768766426.0,0.0025
2026-01-18 21:00:00,1768770026.0,0.002
2026-01-18 22:00:00,1768773620.0,0.0025
2026-01-18 23:00:00,1768777225.0,0.0025
2026-01-19 00:00:00,1768780822.0,0.0035
2026-01-19 01:00:00,1768784510.0,0.0025
2026-01-19 02:00:00,1768788032.0,0.0025
2026-01-19 03:00:00,1768791621.0,0.0025
2026-01-19 04:00:00,1768795222.0,0.0025
2026-01-19 05:00:00,1768798827.0,0.002
2026-01-19 06:00:00,1768802421.0,0.0015
2026-01-19 07:00:00,1768806034.0,0.0015
2026-01-19 08:00:00,1768809628.0,0.0025
2026-01-19 09:00:00,1768813224.0,0.002
2026-01-19 10:00:00,1768816816.0,0.0025
2026-01-19 11:00:00,1768820427.0,0.002
2026-01-19 12:00:00,1768824026.0,0.0015
2026-01-19 13:00:00,1768827616.0,0.0015
2026-01-19 14:00:00,1768831216.0,0.0015
2026-01-19 15:00:00,1768834823.0,0.002
2026-01-19 16:00:00,1768838417.0,0.0025
2026-01-19 17:00:00,1768842032.0,0.002
2026-01-19 18:00:00,1768845625.0,0.002
2026-01-19 19:00:00,1768849219.0,0.0025
2026-01-19 20:00:00,1768852825.0,0.003
2026-01-19 21:00:00,1768856422.0,0.003
2026-01-19 22:00:00,1768860022.0,0.002
2026-01-19 23:00:00,1768863633.0,0.002
2026-01-20 00:00:00,1768867224.0,0.002
2026-01-20 01:00:00,1768870817.0,0.002
2026-01-20 02:00:00,1768874418.0,0.0015
2026-01-20 03:00:00,1768878037.0,0.0015
2026-01-20 04:00:00,1768881640.0,0.0015
2026-01-20 05:00:00,1768885232.0,0.0015
2026-01-20 06:00:00,1768888827.0,0.0015
2026-01-20 07:00:00,1768892419.0,0.0015
2026-01-20 08:00:00,1768896019.0,0.0015
2026-01-20 09:00:00,1768899621.0,0.0015
2026-01-20 10:00:00,1768903222.0,0.0015
2026-01-20 11:00:00,1768906818.0,0.0015
2026-01-20 12:00:00,1768910425.0,0.0015
2026-01-20 13:00:00,1768914019.0,0.0015
2026-01-20 14:00:00,1768917618.0,0.0015
2026-01-20 15:00:00,1768921224.0,0.0015
2026-01-20 16:00:00,1768924818.0,0.0015
2026-01-20 17:00:00,1768928421.0,0.0015
2026-01-20 18:00:00,1768932022.0,0.0015
2026-01-20 19:00:00,1768935618.0,0.0015
2026-01-20 20:00:00,1768939220.0,0.0015
2026-01-20 21:00:00,1768942840.0,0.0015
2026-01-20 22:00:00,1768946419.0,0.0015
2026-01-20 23:00:00,1768950019.0,0.0015
2026-01-21 00:00:00,1768953626.0,0.0015
2026-01-21 01:00:00,1768957218.0,0.0015
2026-01-21 02:00:00,1768960820.0,0.0015
2026-01-21 03:00:00,1768964426.0,0.0015
2026-01-21 04:00:00,1768968018.0,0.0025
2026-01-21 05:00:00,1768971618.0,0.0025
2026-01-21 06:00:00,1768975224.0,0.0025
2026-01-21 07:00:00,1768978821.0,0.0025
2026-01-21 08:00:00,1768982420.0,0.0025
2026-01-21 09:00:00,1768986054.0,0.002
2026-01-21 10:00:00,1768989621.0,0.002
2026-01-21 11:00:00,1768993221.0,0.002
2026-01-21 12:00:00,1768996850.0,0.0025
2026-01-21 13:00:00,1769000419.0,0.002
2026-01-21 14:00:00,1769004023.0,0.002
2026-01-21 15:00:00,1769007623.0,0.002
2026-01-21 16:00:00,1769011223.0,0.0015
2026-01-21 17:00:00,1769014829.0,0.0015
2026-01-21 18:00:00,1769018449.0,0.0015
2026-01-21 19:00:00,1769022035.0,0.0015
2026-01-21 20:00:00,1769025623.0,0.0015
2026-01-21 21:00:00,1769029260.0,0.0015
2026-01-21 22:00:00,1769032822.0,0.0015
2026-01-21 23:00:00,1769036422.0,0.0015
2026-01-22 00:00:00,1769040038.0,0.0015
2026-01-22 01:00:00,1769043620.0,0.0015
2026-01-22 02:00:00,1769047224.0,0.0015
2026-01-22 03:00:00,1769050832.0,0.0015
2026-01-22 04:00:00,1769054420.0,0.0015
2026-01-22 05:00:00,1769058020.0,0.0015
2026-01-22 06:00:00,1769061624.0,0.0015
2026-01-22 07:00:00,1769065222.0,0.0015
2026-01-22 08:00:00,1769068825.0,0.0015
2026-01-22 09:00:00,1769072433.0,0.0015
2026-01-22 10:00:00,1769076021.0,0.0015
2026-01-22 11:00:00,1769079621.0,0.0015
2026-01-22 12:00:00,1769083256.0,0.0015
2026-01-22 13:00:00,1769086821.0,0.0015
2026-01-22 14:00:00,1769090424.0,0.002
2026-01-22 15:00:00,1769094045.0,0.0025
2026-01-22 16:00:00,1769097621.0,0.0025
2026-01-22 17:00:00,1769101226.0,0.0025
2026-01-22 18:00:00,1769104846.0,0.002
2026-01-22 19:00:00,1769108421.0,0.002
2026-01-22 20:00:00,1769112023.0,0.002
2026-01-22 21:00:00,1769115635.0,0.0015
2026-01-22 22:00:00,1769119222.0,0.0025
2026-01-22 23:00:00,1769122822.0,0.003
2026-01-23 00:00:00,1769126443.0,0.003
2026-01-23 01:00:00,1769130021.0,0.003
2026-01-23 02:00:00,1769133622.0,0.003
2026-01-23 03:00:00,1769137237.0,0.003
2026-01-23 04:00:00,1769140822.0,0.003
2026-01-23 05:00:00,1769144419.0,0.0025
2026-01-23 06:00:00,1769148026.0,0.0025
2026-01-23 07:00:00,1769151622.0,0.0025
2026-01-23 08:00:00,1769155223.0,0.003
2026-01-23 09:00:00,1769158827.0,0.0035
2026-01-23 10:00:00,1769162443.0,0.0045
2026-01-23 11:00:00,1769166023.0,0.0045
2026-01-23 12:00:00,1769169661.0,0.0045
2026-01-23 13:00:00,1769173220.0,0.004
2026-01-23 14:00:00,1769176821.0,0.0035
2026-01-23 15:00:00,1769180426.0,0.0035
2026-01-23 16:00:00,1769184020.0,0.0035
2026-01-23 17:00:00,1769187642.0,0.0035
2026-01-23 18:00:00,1769191251.0,0.003
2026-01-23 19:00:00,1769194824.0,0.0035
2026-01-23 20:00:00,1769198423.0,0.0025
2026-01-23 21:00:00,1769202026.0,0.0035
2026-01-23 22:00:00,1769205626.0,0.0035
2026-01-23 23:00:00,1769209227.0,0.0025
2026-01-24 00:00:00,1769212841.0,0.0025
2026-01-24 01:00:00,1769216423.0,0.0025
2026-01-24 02:00:00,1769220026.0,0.0025
2026-01-24 03:00:00,1769223657.0,0.003
2026-01-24 04:00:00,1769227221.0,0.0025
2026-01-24 05:00:00,1769230844.0,0.0025
2026-01-24 06:00:00,1769234456.0,0.0025
2026-01-24 07:00:00,1769238023.0,0.003
2026-01-24 08:00:00,1769241625.0,0.003
2026-01-24 09:00:00,1769245235.0,0.003
2026-01-24 10:00:00,1769248836.0,0.003
2026-01-24 11:00:00,1769252428.0,0.003
2026-01-24 12:00:00,1769256040.0,0.003
2026-01-24 13:00:00,1769259622.0,0.003
2026-01-24 14:00:00,1769263232.0,0.0025
2026-01-24 15:00:00,1769266831.0,0.0025
2026-01-24 16:00:00,1769270423.0,0.003
2026-01-24 17:00:00,1769274028.0,0.0025
2026-01-24 18:00:00,1769277628.0,0.0025
2026-01-24 19:00:00,1769281224.0,0.0025
2026-01-24 20:00:00,1769284823.0,0.0025
2026-01-24 21:00:00,1769288437.0,0.0025
2026-01-24 22:00:00,1769292022.0,0.0025
2026-01-24 23:00:00,1769295622.0,0.0025
2026-01-25 00:00:00,1769299246.0,0.0025
2026-01-25 01:00:00,1769302822.0,0.0025
2026-01-25 02:00:00,1769306421.0,0.0025
2026-01-25 03:00:00,1769310033.0,0.0025
2026-01-25 04:00:00,1769313620.0,0.0025
2026-01-25 05:00:00,1769317220.0,0.0025
2026-01-25 06:00:00,1769320823.0,0.0025
2026-01-25 07:00:00,1769324425.0,0.0025
2026-01-25 08:00:00,1769328021.0,0.0025
2026-01-25 09:00:00,1769331655.0,0.0025
2026-01-25 10:00:00,1769335243.0,0.0025
2026-01-25 11:00:00,1769338821.0,0.0025
2026-01-25 12:00:00,1769342461.0,0.0025
2026-01-25 13:00:00,1769346034.0,0.0025
2026-01-25 14:00:00,1769349624.0,0.0025
2026-01-25 15:00:00,1769353227.0,0.0025
2026-01-25 16:00:00,1769356843.0,0.0025
2026-01-25 17:00:00,1769360436.0,0.0025
2026-01-25 18:00:00,1769364033.0,0.0025
2026-01-25 19:00:00,1769367621.0,0.0025
2026-01-25 20:00:00,1769371222.0,0.0025
2026-01-25 21:00:00,1769374832.0,0.0025
2026-01-25 22:00:00,1769378426.0,0.0025
2026-01-25 23:00:00,1769382022.0,0.0025
2026-01-26 00:00:00,1769385645.0,0.0025
2026-01-26 01:00:00,1769389221.0,0.0025
2026-01-26 02:00:00,1769392826.0,0.0025
2026-01-26 03:00:00,1769396424.0,0.0025
2026-01-26 04:00:00,1769400021.0,0.0025
2026-01-26 05:00:00,1769403620.0,0.0025
2026-01-26 06:00:00,1769407236.0,0.0025
2026-01-26 07:00:00,1769410823.0,0.0025
2026-01-26 08:00:00,1769414422.0,0.0025
2026-01-26 09:00:00,1769418037.0,0.0025
2026-01-26 10:00:00,1769421621.0,0.0025
2026-01-26 11:00:00,1769425226.0,0.0025
2026-01-26 12:00:00,1769428839.0,0.0025
2026-01-26 13:00:00,1769432426.0,0.0025
2026-01-26 14:00:00,1769436021.0,0.0025
2026-01-26 15:00:00,1769439627.0,0.0025
2026-01-26 16:00:00,1769443222.0,0.0025
2026-01-26 17:00:00,1769446829.0,0.0025
2026-01-26 18:00:00,1769450433.0,0.0025
2026-01-26 19:00:00,1769454023.0,0.0025
2026-01-26 20:00:00,1769457628.0,0.0025
2026-01-26 21:00:00,1769461229.0,0.0025
2026-01-26 22:00:00,1769464823.0,0.0025
2026-01-26 23:00:00,1769468423.0,0.0025
2026-01-27 00:00:00,1769472038.0,0.0025
2026-01-27 01:00:00,1769475618.0,0.0025
2026-01-27 02:00:00,1769479217.0,0.0025
2026-01-27 03:00:00,1769482827.0,0.0025
2026-01-27 04:00:00,1769486420.0,0.0025
2026-01-27 05:00:00,1769490018.0,0.0025
2026-01-27 06:00:00,1769493620.0,0.0025
2026-01-27 07:00:00,1769497226.0,0.0025
2026-01-27 08:00:00,1769500820.0,0.0025
2026-01-27 09:00:00,1769504421.0,0.0025
2026-01-27 10:00:00,1769508027.0,0.0025
2026-01-27 11:00:00,1769511619.0,0.0025
2026-01-27 12:00:00,1769515226.0,0.0025
2026-01-27 13:00:00,1769518832.0,0.0025
2026-01-27 14:00:00,1769522419.0,0.0025
2026-01-27 15:00:00,1769526021.0,0.0025
2026-01-27 16:00:00,1769529619.0,0.0025
2026-01-27 17:00:00,1769533219.0,0.0025
2026-01-27 18:00:00,1769536821.0,0.0025
2026-01-27 19:00:00,1769540420.0,0.0025
2026-01-27 20:00:00,1769544019.0,0.0025
2026-01-27 21:00:00,1769547622.0,0.0025
2026-01-27 22:00:00,1769551219.0,0.0025
2026-01-27 23:00:00,1769554820.0,0.0025
2026-01-28 00:00:00,1769558428.0,0.0025
2026-01-28 01:00:00,1769562035.0,0.0025
2026-01-28 02:00:00,1769565624.0,0.0025
2026-01-28 03:00:00,1769569225.0,0.0025
2026-01-28 04:00:00,1769572844.0,0.0025
2026-01-28 05:00:00,1769576420.0,0.0025
2026-01-28 06:00:00,1769580021.0,0.0025
2026-01-28 07:00:00,1769583621.0,0.0025
2026-01-28 08:00:00,1769587220.0,0.0025
2026-01-28 09:00:00,1769590827.0,0.0025
2026-01-28 10:00:00,1769594448.0,0.0025
2026-01-28 11:00:00,1769598020.0,0.0025
2026-01-28 12:00:00,1769601629.0,0.0025
2026-01-28 13:00:00,1769605243.0,0.0025
2026-01-28 14:00:00,1769608820.0,0.0025
2026-01-28 15:00:00,1769612423.0,0.002
2026-01-28 16:00:00,1769616021.0,0.002
2026-01-28 17:00:00,1769619624.0,0.002
2026-01-28 18:00:00,1769623247.0,0.0015
2026-01-28 19:00:00,1769626821.0,0.0015
2026-01-28 20:00:00,1769630427.0,0.0015
2026-01-28 21:00:00,1769634022.0,0.0015
2026-01-28 22:00:00,1769637622.0,0.0015
2026-01-28 23:00:00,1769641222.0,0.0015
2026-01-29 00:00:00,1769644843.0,0.0015
2026-01-29 01:00:00,1769648421.0,0.0015
2026-01-29 02:00:00,1769652021.0,0.0015
2026-01-29 03:00:00,1769655626.0,0.0015
2026-01-29 04:00:00,1769659222.0,0.0015
2026-01-29 05:00:00,1769662822.0,0.0015
2026-01-29 06:00:00,1769666425.0,0.0015
2026-01-29 07:00:00,1769670024.0,0.0015
2026-01-29 08:00:00,1769673622.0,0.0015
2026-01-29 09:00:00,1769677226.0,0.0015
2026-01-29 10:00:00,1769680826.0,0.0015
2026-01-29 11:00:00,1769684423.0,0.0015
2026-01-29 12:00:00,1769688034.0,0.0015
2026-01-29 13:00:00,1769691623.0,0.0015
2026-01-29 14:00:00,1769695223.0,0.0015
2026-01-29 15:00:00,1769698825.0,0.0015
2026-01-29 16:00:00,1769702423.0,0.0015
2026-01-29 17:00:00,1769706023.0,0.0015
2026-01-29 18:00:00,1769709626.0,0.0015
2026-01-29 19:00:00,1769713224.0,0.0015
2026-01-29 20:00:00,1769716834.0,0.0015
2026-01-29 21:00:00,1769720427.0,0.0015
2026-01-29 22:00:00,1769724024.0,0.0015
2026-01-29 23:00:00,1769727624.0,0.0015
2026-01-30 00:00:00,1769731232.0,0.0015
2026-01-30 01:00:00,1769734823.0,0.0005
2026-01-30 02:00:00,1769738424.0,0.0005
2026-01-30 03:00:00,1769742026.0,0.0005
2026-01-30 04:00:00,1769745624.0,0.0005
2026-01-30 05:00:00,1769749223.0,0.0005
2026-01-30 06:00:00,1769752825.0,0.0005
2026-01-30 07:00:00,1769756424.0,0.0005
2026-01-30 08:00:00,1769760023.0,0.0005
2026-01-30 09:00:00,1769763653.0,0.0005
2026-01-30 10:00:00,1769767223.0,0.0005
2026-01-30 11:00:00,1769770850.0,0.0005
2026-01-30 12:00:00,1769774448.0,0.0005
2026-01-30 13:00:00,1769778024.0,0.0005
2026-01-30 14:00:00,1769781624.0,0.0005
2026-01-30 15:00:00,1769785228.0,0.0005
2026-01-30 16:00:00,1769788825.0,0.0005
2026-01-30 17:00:00,1769792428.0,0.0005
2026-01-30 18:00:00,1769796027.0,0.0005
2026-01-30 19:00:00,1769799625.0,0.0005
2026-01-30 20:00:00,1769803225.0,0.0005
2026-01-30 21:00:00,1769806828.0,0.0005
2026-01-30 22:00:00,1769810430.0,0.0005
2026-01-30 23:00:00,1769814024.0,0.0005
2026-01-31 00:00:00,1769817632.0,0.0005
2026-01-31 01:00:00,1769821224.0,0.0005
2026-01-31 02:00:00,1769824824.0,0.0005
2026-01-31 03:00:00,1769828427.0,0.0005
2026-01-31 04:00:00,1769832025.0,0.0005
2026-01-31 05:00:00,1769835625.0,0.0005
2026-01-31 06:00:00,1769839227.0,0.0005
2026-01-31 07:00:00,1769842826.0,0.0005
2026-01-31 08:00:00,1769846425.0,0.0005
2026-01-31 09:00:00,1769850054.0,0.0005
2026-01-31 10:00:00,1769853626.0,0.0005
2026-01-31 11:00:00,1769857224.0,0.0005
2026-01-31 12:00:00,1769860838.0,0.0005
2026-01-31 13:00:00,1769864426.0,0.0005
2026-01-31 14:00:00,1769868024.0,0.0005
2026-01-31 15:00:00,1769871630.0,0.0005
2026-01-31 16:00:00,1769875224.0,0.0005
2026-01-31 17:00:00,1769878846.0,0.0005
2026-01-31 18:00:00,1769882431.0,0.0005
2026-01-31 19:00:00,1769886028.0,0.0005
2026-01-31 20:00:00,1769889625.0,0.0005
2026-01-31 21:00:00,1769893245.0,0.0005
2026-01-31 22:00:00,1769896849.0,0.0005
2026-01-31 23:00:00,1769900424.0,0.0005
2026-02-01 00:00:00,1769904039.0,0.0005
2026-02-01 01:00:00,1769907755.0,0.0005
2026-02-01 02:00:00,1769911222.0,0.0005
2026-02-01 03:00:00,1769914828.0,0.0005
