time_utc,t,p
2026-02-01 04:00:00,1769921607.0,0.0005
2025-08-13 14:00:00,1755097142.0,0.5
2025-08-13 15:00:00,1755097204.0,0.5
2025-08-13 16:00:00,1755100802.0,0.195
2025-08-13 17:00:00,1755104412.0,0.23
2025-08-13 18:00:00,1755108003.0,0.24
2025-08-13 19:00:00,1755111605.0,0.02
2025-08-13 20:00:00,1755115209.0,0.014
2025-08-13 21:00:00,1755118810.0,0.0125
2025-08-13 22:00:00,1755122409.0,0.0125
2025-08-13 23:00:00,1755126014.0,0.0125
2025-08-14 00:00:00,1755129604.0,0.012
2025-08-14 01:00:00,1755133207.0,0.0125
2025-08-14 02:00:00,1755136809.0,0.0125
2025-08-14 03:00:00,1755140409.0,0.0125
2025-08-14 04:00:00,1755144012.0,0.0125
2025-08-14 05:00:00,1755147608.0,0.0115
2025-08-14 06:00:00,1755151206.0,0.0115
2025-08-14 07:00:00,1755154805.0,0.0115
2025-08-14 08:00:00,1755158414.0,0.0115
2025-08-14 09:00:00,1755162013.0,0.0115
2025-08-14 10:00:00,1755165610.0,0.0105
2025-08-14 11:00:00,1755169210.0,0.0105
2025-08-14 12:00:00,1755172817.0,0.0105
2025-08-14 13:00:00,1755176405.0,0.0105
2025-08-14 14:00:00,1755180014.0,0.0105
2025-08-14 15:00:00,1755183602.0,0.0105
2025-08-14 16:00:00,1755187206.0,0.0105
2025-08-14 17:00:00,1755190808.0,0.0105
2025-08-14 18:00:00,1755194407.0,0.0105
2025-08-14 19:00:00,1755198014.0,0.0105
2025-08-14 20:00:00,1755201609.0,0.0105
2025-08-14 21:00:00,1755205202.0,0.0105
2025-08-14 22:00:00,1755208810.0,0.0105
2025-08-14 23:00:00,1755212415.0,0.0105
2025-08-15 00:00:00,1755216010.0,0.0105
2025-08-15 01:00:00,1755219609.0,0.0105
2025-08-15 02:00:00,1755223212.0,0.0105
2025-08-15 03:00:00,1755226817.0,0.0105
2025-08-15 04:00:00,1755230412.0,0.0105
2025-08-15 05:00:00,1755234012.0,0.0105
2025-08-15 06:00:00,1755237613.0,0.0105
2025-08-15 07:00:00,1755241212.0,0.0105
2025-08-15 08:00:00,1755244805.0,0.0105
2025-08-15 09:00:00,1755248406.0,0.0105
2025-08-15 10:00:00,1755252013.0,0.0105
2025-08-15 11:00:00,1755255610.0,0.0105
2025-08-15 12:00:00,1755259220.0,0.0105
2025-08-15 13:00:00,1755262808.0,0.0105
2025-08-15 14:00:00,1755266409.0,0.0105
2025-08-15 15:00:00,1755270017.0,0.0105
2025-08-15 16:00:00,1755273609.0,0.0105
2025-08-15 17:00:00,1755277205.0,0.0105
2025-08-15 18:00:00,1755280809.0,0.0105
2025-08-15 19:00:00,1755284407.0,0.0105
2025-08-15 20:00:00,1755288006.0,0.0105
2025-08-15 21:00:00,1755291614.0,0.01
2025-08-15 22:00:00,1755295216.0,0.0075
2025-08-15 23:00:00,1755298806.0,0.0075
2025-08-16 00:00:00,1755302406.0,0.0075
2025-08-16 01:00:00,1755306005.0,0.0075
2025-08-16 02:00:00,1755309604.0,0.0075
2025-08-16 03:00:00,1755313208.0,0.0075
2025-08-16 04:00:00,1755316815.0,0.0075
2025-08-16 05:00:00,1755320415.0,0.0075
2025-08-16 06:00:00,1755324008.0,0.0075
2025-08-16 07:00:00,1755327604.0,0.0075
2025-08-16 08:00:00,1755331208.0,0.008
2025-08-16 09:00:00,1755334808.0,0.008
2025-08-16 10:00:00,1755338410.0,0.008
2025-08-16 11:00:00,1755342015.0,0.008
2025-08-16 12:00:00,1755345617.0,0.008
2025-08-16 13:00:00,1755349213.0,0.008
2025-08-16 14:00:00,1755352804.0,0.005
2025-08-16 15:00:00,1755356402.0,0.005
2025-08-16 16:00:00,1755360007.0,0.0045
2025-08-16 17:00:00,1755363613.0,0.003
2025-08-16 18:00:00,1755367215.0,0.003
2025-08-16 19:00:00,1755370806.0,0.003
2025-08-16 20:00:00,1755374408.0,0.003
2025-08-16 21:00:00,1755378017.0,0.003
2025-08-16 22:00:00,1755381613.0,0.003
2025-08-16 23:00:00,1755385205.0,0.003
2025-08-17 00:00:00,1755388814.0,0.003
2025-08-17 01:00:00,1755392410.0,0.003
2025-08-17 02:00:00,1755396008.0,0.003
2025-08-17 03:00:00,1755399610.0,0.003
2025-08-17 04:00:00,1755403208.0,0.003
2025-08-17 05:00:00,1755406817.0,0.003
2025-08-17 06:00:00,1755410407.0,0.003
2025-08-17 07:00:00,1755414007.0,0.003
2025-08-17 08:00:00,1755417614.0,0.003
2025-08-17 09:00:00,1755421209.0,0.003
2025-08-17 10:00:00,1755424806.0,0.003
2025-08-17 11:00:00,1755428411.0,0.003
2025-08-17 12:00:00,1755432007.0,0.003
2025-08-17 13:00:00,1755435609.0,0.003
2025-08-17 14:00:00,1755439214.0,0.0025
2025-08-17 15:00:00,1755442816.0,0.0025
2025-08-17 16:00:00,1755446408.0,0.0025
2025-08-17 17:00:00,1755450005.0,0.0025
2025-08-17 18:00:00,1755453614.0,0.0025
2025-08-17 19:00:00,1755457214.0,0.0025
2025-08-17 20:00:00,1755460814.0,0.0025
2025-08-17 21:00:00,1755464407.0,0.0025
2025-08-17 22:00:00,1755468005.0,0.0025
2025-08-17 23:00:00,1755471610.0,0.0025
2025-08-18 00:00:00,1755475207.0,0.0025
2025-08-18 01:00:00,1755478803.0,0.0025
2025-08-18 02:00:00,1755482412.0,0.0025
2025-08-18 03:00:00,1755486002.0,0.0025
2025-08-18 04:00:00,1755489606.0,0.0025
2025-08-18 05:00:00,1755493212.0,0.0025
2025-08-18 06:00:00,1755496808.0,0.0025
2025-08-18 07:00:00,1755500408.0,0.0025
2025-08-18 08:00:00,1755504008.0,0.0025
2025-08-18 09:00:00,1755507607.0,0.0025
2025-08-18 10:00:00,1755511203.0,0.0025
2025-08-18 11:00:00,1755514805.0,0.0025
2025-08-18 12:00:00,1755518411.0,0.0025
2025-08-18 13:00:00,1755522004.0,0.004
2025-08-18 14:00:00,1755525604.0,0.004
2025-08-18 15:00:00,1755529209.0,0.004
2025-08-18 16:00:00,1755532814.0,0.004
2025-08-18 17:00:00,1755536410.0,0.004
2025-08-18 18:00:00,1755540009.0,0.0035
2025-08-18 19:00:00,1755543606.0,0.0035
2025-08-18 20:00:00,1755547211.0,0.0035
2025-08-18 21:00:00,1755550810.0,0.0035
2025-08-18 22:00:00,1755554409.0,0.0035
2025-08-18 23:00:00,1755558008.0,0.0035
2025-08-19 00:00:00,1755561604.0,0.0035
2025-08-19 01:00:00,1755565212.0,0.0035
2025-08-19 02:00:00,1755568809.0,0.0035
2025-08-19 03:00:00,1755572414.0,0.0035
2025-08-19 04:00:00,1755576016.0,0.0035
2025-08-19 05:00:00,1755579603.0,0.0035
2025-08-19 06:00:00,1755583205.0,0.0035
2025-08-19 07:00:00,1755586816.0,0.0035
2025-08-19 08:00:00,1755590410.0,0.0035
2025-08-19 09:00:00,1755594002.0,0.0035
2025-08-19 10:00:00,1755597611.0,0.0035
2025-08-19 11:00:00,1755601204.0,0.0035
2025-08-19 12:00:00,1755604814.0,0.0035
2025-08-19 13:00:00,1755608412.0,0.0035
2025-08-19 14:00:00,1755612002.0,0.0035
2025-08-19 15:00:00,1755615617.0,0.0035
2025-08-19 16:00:00,1755619211.0,0.0035
2025-08-19 17:00:00,1755622802.0,0.0035
2025-08-19 18:00:00,1755626415.0,0.0035
2025-08-19 19:00:00,1755630014.0,0.0035
2025-08-19 20:00:00,1755633605.0,0.0035
2025-08-19 21:00:00,1755637211.0,0.0035
2025-08-19 22:00:00,1755640813.0,0.0035
2025-08-19 23:00:00,1755644402.0,0.0035
2025-08-20 00:00:00,1755648005.0,0.0035
2025-08-20 01:00:00,1755651606.0,0.0035
2025-08-20 02:00:00,1755655211.0,0.0035
2025-08-20 03:00:00,1755658812.0,0.0035
2025-08-20 04:00:00,1755662414.0,0.0035
2025-08-20 05:00:00,1755666010.0,0.0035
2025-08-20 06:00:00,1755669609.0,0.0035
2025-08-20 07:00:00,1755673204.0,0.0035
2025-08-20 08:00:00,1755676806.0,0.0035
2025-08-20 09:00:00,1755680415.0,0.0035
2025-08-20 10:00:00,1755684006.0,0.0035
2025-08-20 11:00:00,1755687608.0,0.0035
2025-08-20 12:00:00,1755691205.0,0.0035
2025-08-20 13:00:00,1755694805.0,0.0035
2025-08-20 14:00:00,1755698407.0,0.0035
2025-08-20 15:00:00,1755702003.0,0.0035
2025-08-20 16:00:00,1755705615.0,0.0035
2025-08-20 17:00:00,1755709205.0,0.0035
2025-08-20 18:00:00,1755712806.0,0.0035
2025-08-20 19:00:00,1755716407.0,0.0035
2025-08-20 20:00:00,1755720007.0,0.0035
2025-08-20 21:00:00,1755723617.0,0.0035
2025-08-20 22:00:00,1755727210.0,0.0035
2025-08-20 23:00:00,1755730809.0,0.0035
2025-08-21 00:00:00,1755734410.0,0.0035
2025-08-21 01:00:00,1755738010.0,0.0035
2025-08-21 02:00:00,1755741608.0,0.0035
2025-08-21 03:00:00,1755745209.0,0.0035
2025-08-21 04:00:00,1755748809.0,0.0035
2025-08-21 05:00:00,1755752415.0,0.0035
2025-08-21 06:00:00,1755756015.0,0.0035
2025-08-21 07:00:00,1755759608.0,0.0035
2025-08-21 08:00:00,1755763208.0,0.0035
2025-08-21 09:00:00,1755766811.0,0.0035
2025-08-21 10:00:00,1755770409.0,0.0035
2025-08-21 11:00:00,1755774007.0,0.0035
2025-08-21 12:00:00,1755777614.0,0.0035
2025-08-21 13:00:00,1755781202.0,0.0035
2025-08-21 14:00:00,1755784811.0,0.0035
2025-08-21 15:00:00,1755788410.0,0.0035
2025-08-21 16:00:00,1755792003.0,0.0035
2025-08-21 17:00:00,1755795609.0,0.0035
2025-08-21 18:00:00,1755799208.0,0.0035
2025-08-21 19:00:00,1755802806.0,0.0035
2025-08-21 20:00:00,1755806417.0,0.0035
2025-08-21 21:00:00,1755810004.0,0.0035
2025-08-21 22:00:00,1755813615.0,0.0035
2025-08-21 23:00:00,1755817215.0,0.0035
2025-08-22 00:00:00,1755820809.0,0.0035
2025-08-22 01:00:00,1755824404.0,0.0035
2025-08-22 02:00:00,1755828009.0,0.0035
2025-08-22 03:00:00,1755831613.0,0.0035
2025-08-22 04:00:00,1755835205.0,0.0035
2025-08-22 05:00:00,1755838807.0,0.0035
2025-08-22 06:00:00,1755842409.0,0.0035
2025-08-22 07:00:00,1755846017.0,0.0035
2025-08-22 08:00:00,1755849606.0,0.0035
2025-08-22 09:00:00,1755853218.0,0.0035
2025-08-22 10:00:00,1755856804.0,0.0035
2025-08-22 11:00:00,1755860403.0,0.0035
2025-08-22 12:00:00,1755864013.0,0.0035
2025-08-22 13:00:00,1755867613.0,0.0035
2025-08-22 14:00:00,1755871206.0,0.0035
2025-08-22 15:00:00,1755874804.0,0.0035
2025-08-22 16:00:00,1755878414.0,0.0035
2025-08-22 17:00:00,1755882005.0,0.0035
2025-08-22 18:00:00,1755885611.0,0.0035
2025-08-22 19:00:00,1755889209.0,0.0035
2025-08-22 20:00:00,1755892809.0,0.0035
2025-08-22 21:00:00,1755896415.0,0.0035
2025-08-22 22:00:00,1755900005.0,0.0035
2025-08-22 23:00:00,1755903617.0,0.0035
2025-08-23 00:00:00,1755907212.0,0.0035
2025-08-23 01:00:00,1755910812.0,0.0035
2025-08-23 02:00:00,1755914407.0,0.0035
2025-08-23 03:00:00,1755918013.0,0.0035
2025-08-23 04:00:00,1755921614.0,0.0035
2025-08-23 05:00:00,1755925217.0,0.0035
2025-08-23 06:00:00,1755928805.0,0.0035
2025-08-23 07:00:00,1755932404.0,0.0035
2025-08-23 08:00:00,1755936003.0,0.0035
2025-08-23 09:00:00,1755939606.0,0.0035
2025-08-23 10:00:00,1755943210.0,0.0035
2025-08-23 11:00:00,1755946804.0,0.0035
2025-08-23 12:00:00,1755950414.0,0.0035
2025-08-23 13:00:00,1755954009.0,0.0035
2025-08-23 14:00:00,1755957611.0,0.0035
2025-08-23 15:00:00,1755961216.0,0.0035
2025-08-23 16:00:00,1755964813.0,0.0035
2025-08-23 17:00:00,1755968415.0,0.0035
2025-08-23 18:00:00,1755972019.0,0.0035
2025-08-23 19:00:00,1755975603.0,0.003
2025-08-23 20:00:00,1755979211.0,0.003
2025-08-23 21:00:00,1755982819.0,0.003
2025-08-23 22:00:00,1755986415.0,0.003
2025-08-23 23:00:00,1755990017.0,0.003
2025-08-24 00:00:00,1755993604.0,0.003
2025-08-24 01:00:00,1755997211.0,0.0025
2025-08-24 02:00:00,1756000812.0,0.0025
2025-08-24 03:00:00,1756004410.0,0.0025
2025-08-24 04:00:00,1756008012.0,0.0025
2025-08-24 05:00:00,1756011615.0,0.0025
2025-08-24 06:00:00,1756015206.0,0.0025
2025-08-24 07:00:00,1756018808.0,0.0025
2025-08-24 08:00:00,1756022415.0,0.0025
2025-08-24 09:00:00,1756026013.0,0.0025
2025-08-24 10:00:00,1756029605.0,0.0025
2025-08-24 11:00:00,1756033211.0,0.0025
2025-08-24 12:00:00,1756036810.0,0.0025
2025-08-24 13:00:00,1756040415.0,0.0025
2025-08-24 14:00:00,1756044013.0,0.0025
2025-08-24 15:00:00,1756047606.0,0.0025
2025-08-24 16:00:00,1756051202.0,0.0025
2025-08-24 17:00:00,1756054817.0,0.0025
2025-08-24 18:00:00,1756058409.0,0.0025
2025-08-24 19:00:00,1756062004.0,0.0025
2025-08-24 20:00:00,1756065617.0,0.0025
2025-08-24 21:00:00,1756069203.0,0.0025
2025-08-24 22:00:00,1756072816.0,0.0025
2025-08-24 23:00:00,1756076410.0,0.0025
2025-08-25 00:00:00,1756080014.0,0.0025
2025-08-25 01:00:00,1756083604.0,0.0025
2025-08-25 02:00:00,1756087209.0,0.0025
2025-08-25 03:00:00,1756090816.0,0.0025
2025-08-25 04:00:00,1756094412.0,0.0025
2025-08-25 05:00:00,1756098009.0,0.0025
2025-08-25 06:00:00,1756101611.0,0.0025
2025-08-25 07:00:00,1756105217.0,0.0025
2025-08-25 08:00:00,1756108816.0,0.0025
2025-08-25 09:00:00,1756112410.0,0.0025
2025-08-25 10:00:00,1756116011.0,0.0025
2025-08-25 11:00:00,1756119609.0,0.0025
2025-08-25 12:00:00,1756123218.0,0.0025
2025-08-25 13:00:00,1756126808.0,0.0025
2025-08-25 14:00:00,1756130410.0,0.0025
2025-08-25 15:00:00,1756134016.0,0.0025
2025-08-25 16:00:00,1756137613.0,0.0025
2025-08-25 17:00:00,1756141212.0,0.0025
2025-08-25 18:00:00,1756144803.0,0.0025
2025-08-25 19:00:00,1756148403.0,0.0025
2025-08-25 20:00:00,1756152013.0,0.0025
2025-08-25 21:00:00,1756155611.0,0.0025
2025-08-25 22:00:00,1756159217.0,0.0025
2025-08-25 23:00:00,1756162804.0,0.0025
2025-08-26 00:00:00,1756166402.0,0.0025
2025-08-26 01:00:00,1756170010.0,0.0025
2025-08-26 02:00:00,1756173604.0,0.0025
2025-08-26 03:00:00,1756177204.0,0.0025
2025-08-26 04:00:00,1756180812.0,0.0025
2025-08-26 05:00:00,1756184408.0,0.0025
2025-08-26 06:00:00,1756188015.0,0.0025
2025-08-26 07:00:00,1756191614.0,0.0025
2025-08-26 08:00:00,1756195214.0,0.0025
2025-08-26 09:00:00,1756198806.0,0.0025
2025-08-26 10:00:00,1756202406.0,0.0025
2025-08-26 11:00:00,1756206016.0,0.0025
2025-08-26 12:00:00,1756209613.0,0.0025
2025-08-26 13:00:00,1756213214.0,0.0025
2025-08-26 14:00:00,1756216806.0,0.0025
2025-08-26 15:00:00,1756220405.0,0.003
2025-08-26 16:00:00,1756224014.0,0.003
2025-08-26 17:00:00,1756227616.0,0.003
2025-08-26 18:00:00,1756231204.0,0.003
2025-08-26 19:00:00,1756234806.0,0.003
2025-08-26 20:00:00,1756238413.0,0.003
2025-08-26 21:00:00,1756242002.0,0.003
2025-08-26 22:00:00,1756245602.0,0.003
2025-08-26 23:00:00,1756249210.0,0.003
2025-08-27 00:00:00,1756252813.0,0.003
2025-08-27 01:00:00,1756256412.0,0.003
2025-08-27 02:00:00,1756260012.0,0.003
2025-08-27 03:00:00,1756263603.0,0.003
2025-08-27 04:00:00,1756267207.0,0.003
2025-08-27 05:00:00,1756270816.0,0.003
2025-08-27 06:00:00,1756274415.0,0.003
2025-08-27 07:00:00,1756278002.0,0.003
2025-08-27 08:00:00,1756281612.0,0.003
2025-08-27 09:00:00,1756285216.0,0.003
2025-08-27 10:00:00,1756288806.0,0.003
2025-08-27 11:00:00,1756292416.0,0.003
2025-08-27 12:00:00,1756296017.0,0.003
2025-08-27 13:00:00,1756299611.0,0.003
2025-08-27 14:00:00,1756303207.0,0.003
2025-08-27 15:00:00,1756306816.0,0.003
2025-08-27 16:00:00,1756310415.0,0.003
2025-08-27 17:00:00,1756314016.0,0.003
2025-08-27 18:00:00,1756317620.0,0.003
2025-08-27 19:00:00,1756321213.0,0.003
2025-08-27 20:00:00,1756324816.0,0.003
2025-08-27 21:00:00,1756328413.0,0.003
2025-08-27 22:00:00,1756332002.0,0.003
2025-08-27 23:00:00,1756335603.0,0.003
2025-08-28 00:00:00,1756339208.0,0.003
2025-08-28 01:00:00,1756342802.0,0.003
2025-08-28 02:00:00,1756346403.0,0.003
2025-08-28 03:00:00,1756350017.0,0.003
2025-08-28 04:00:00,1756353606.0,0.003
2025-08-28 05:00:00,1756357209.0,0.003
2025-08-28 06:00:00,1756360802.0,0.003
2025-08-28 07:00:00,1756364408.0,0.003
2025-08-28 08:00:00,1756368018.0,0.003
2025-08-28 09:00:00,1756371607.0,0.003
2025-08-28 10:00:00,1756375206.0,0.003
2025-08-28 11:00:00,1756378818.0,0.003
2025-08-28 12:00:00,1756382411.0,0.003
2025-08-28 13:00:00,1756386005.0,0.003
2025-08-28 14:00:00,1756389605.0,0.003
2025-08-28 15:00:00,1756393209.0,0.003
2025-08-28 16:00:00,1756396811.0,0.003
2025-08-28 17:00:00,1756400408.0,0.003
2025-08-28 18:00:00,1756404006.0,0.003
2025-08-28 19:00:00,1756407619.0,0.003
2025-08-28 20:00:00,1756411210.0,0.003
2025-08-28 21:00:00,1756414809.0,0.003
2025-08-28 22:00:00,1756418414.0,0.003
2025-08-28 23:00:00,1756422011.0,0.003
2025-08-29 00:00:00,1756425609.0,0.003
2025-08-29 01:00:00,1756429202.0,0.003
2025-08-29 02:00:00,1756432810.0,0.003
2025-08-29 03:00:00,1756436402.0,0.003
2025-08-29 04:00:00,1756440018.0,0.003
2025-08-29 05:00:00,1756443609.0,0.003
2025-08-29 06:00:00,1756447215.0,0.003
2025-08-29 07:00:00,1756450818.0,0.003
2025-08-29 08:00:00,1756454402.0,0.003
2025-08-29 09:00:00,1756458002.0,0.003
2025-08-29 10:00:00,1756461606.0,0.003
2025-08-29 11:00:00,1756465206.0,0.003
2025-08-29 12:00:00,1756468813.0,0.003
2025-08-29 13:00:00,1756472413.0,0.003
2025-08-29 14:00:00,1756476007.0,0.003
2025-08-29 15:00:00,1756479617.0,0.003
2025-08-29 16:00:00,1756483219.0,0.003
2025-08-29 17:00:00,1756486823.0,0.003
2025-08-29 18:00:00,1756490413.0,0.003
2025-08-29 19:00:00,1756494009.0,0.003
2025-08-29 20:00:00,1756497615.0,0.003
2025-08-29 21:00:00,1756501225.0,0.002
2025-08-29 22:00:00,1756504805.0,0.002
2025-08-29 23:00:00,1756508415.0,0.002
2025-08-30 00:00:00,1756512010.0,0.002
2025-08-30 01:00:00,1756515607.0,0.002
2025-08-30 02:00:00,1756519211.0,0.002
2025-08-30 03:00:00,1756522804.0,0.002
2025-08-30 04:00:00,1756526420.0,0.002
2025-08-30 05:00:00,1756530018.0,0.002
2025-08-30 06:00:00,1756533617.0,0.002
2025-08-30 07:00:00,1756537208.0,0.002
2025-08-30 08:00:00,1756540814.0,0.002
2025-08-30 09:00:00,1756544408.0,0.002
2025-08-30 10:00:00,1756548002.0,0.002
2025-08-30 11:00:00,1756551605.0,0.002
2025-08-30 12:00:00,1756555206.0,0.002
2025-08-30 13:00:00,1756558806.0,0.002
2025-08-30 14:00:00,1756562417.0,0.002
2025-08-30 15:00:00,1756566006.0,0.002
2025-08-30 16:00:00,1756569607.0,0.002
2025-08-30 17:00:00,1756573204.0,0.002
2025-08-30 18:00:00,1756576815.0,0.002
2025-08-30 19:00:00,1756580419.0,0.002
2025-08-30 20:00:00,1756584018.0,0.002
2025-08-30 21:00:00,1756587606.0,0.002
2025-08-30 22:00:00,1756591221.0,0.002
2025-08-30 23:00:00,1756594808.0,0.002
2025-08-31 00:00:00,1756598414.0,0.002
2025-08-31 01:00:00,1756602010.0,0.002
2025-08-31 02:00:00,1756605614.0,0.002
2025-08-31 03:00:00,1756609217.0,0.002
2025-08-31 04:00:00,1756612822.0,0.002
2025-08-31 05:00:00,1756616419.0,0.002
2025-08-31 06:00:00,1756620012.0,0.002
2025-08-31 07:00:00,1756623621.0,0.002
2025-08-31 08:00:00,1756627205.0,0.002
2025-08-31 09:00:00,1756630815.0,0.002
2025-08-31 10:00:00,1756634423.0,0.002
2025-08-31 11:00:00,1756638009.0,0.002
2025-08-31 12:00:00,1756641615.0,0.002
2025-08-31 13:00:00,1756645206.0,0.002
2025-08-31 14:00:00,1756648816.0,0.002
2025-08-31 15:00:00,1756652420.0,0.002
2025-08-31 16:00:00,1756656005.0,0.002
2025-08-31 17:00:00,1756659612.0,0.002
2025-08-31 18:00:00,1756663204.0,0.002
2025-08-31 19:00:00,1756666814.0,0.002
2025-08-31 20:00:00,1756670407.0,0.002
2025-08-31 21:00:00,1756674014.0,0.002
2025-08-31 22:00:00,1756677613.0,0.002
2025-08-31 23:00:00,1756681204.0,0.002
2025-09-01 00:00:00,1756684807.0,0.002
2025-09-01 01:00:00,1756688411.0,0.002
2025-09-01 02:00:00,1756692009.0,0.002
2025-09-01 03:00:00,1756695617.0,0.002
2025-09-01 04:00:00,1756699221.0,0.002
2025-09-01 05:00:00,1756702813.0,0.002
2025-09-01 06:00:00,1756706407.0,0.002
2025-09-01 07:00:00,1756710021.0,0.002
2025-09-01 08:00:00,1756713613.0,0.002
2025-09-01 09:00:00,1756717210.0,0.002
2025-09-01 10:00:00,1756720816.0,0.002
2025-09-01 11:00:00,1756724416.0,0.002
2025-09-01 12:00:00,1756728015.0,0.002
2025-09-01 13:00:00,1756731614.0,0.002
2025-09-01 14:00:00,1756735215.0,0.002
2025-09-01 15:00:00,1756738809.0,0.002
2025-09-01 16:00:00,1756742407.0,0.002
2025-09-01 17:00:00,1756746022.0,0.002
2025-09-01 18:00:00,1756749615.0,0.002
2025-09-01 19:00:00,1756753211.0,0.002
2025-09-01 20:00:00,1756756808.0,0.002
2025-09-01 21:00:00,1756760410.0,0.002
2025-09-01 22:00:00,1756764010.0,0.002
2025-09-01 23:00:00,1756767617.0,0.002
2025-09-02 00:00:00,1756771213.0,0.002
2025-09-02 01:00:00,1756774810.0,0.002
2025-09-02 02:00:00,1756778410.0,0.002
2025-09-02 03:00:00,1756782004.0,0.002
2025-09-02 04:00:00,1756785606.0,0.002
2025-09-02 05:00:00,1756789215.0,0.002
2025-09-02 06:00:00,1756792815.0,0.002
2025-09-02 07:00:00,1756796418.0,0.002
2025-09-02 08:00:00,1756800009.0,0.002
2025-09-02 09:00:00,1756803624.0,0.002
2025-09-02 10:00:00,1756807206.0,0.002
2025-09-02 11:00:00,1756810814.0,0.002
2025-09-02 12:00:00,1756814417.0,0.002
2025-09-02 13:00:00,1756818011.0,0.002
2025-09-02 14:00:00,1756821622.0,0.002
2025-09-02 15:00:00,1756825223.0,0.002
2025-09-02 16:00:00,1756828815.0,0.002
2025-09-02 17:00:00,1756832411.0,0.002
2025-09-02 18:00:00,1756836013.0,0.002
2025-09-02 19:00:00,1756839607.0,0.002
2025-09-02 20:00:00,1756843210.0,0.002
2025-09-02 21:00:00,1756846821.0,0.002
2025-09-02 22:00:00,1756850407.0,0.002
2025-09-02 23:00:00,1756854010.0,0.002
2025-09-03 00:00:00,1756857606.0,0.002
2025-09-03 01:00:00,1756861204.0,0.002
2025-09-03 02:00:00,1756864810.0,0.002
2025-09-03 03:00:00,1756868411.0,0.002
2025-09-03 04:00:00,1756872012.0,0.002
2025-09-03 05:00:00,1756875616.0,0.002
2025-09-03 06:00:00,1756879214.0,0.002
2025-09-03 07:00:00,1756882822.0,0.002
2025-09-03 08:00:00,1756886405.0,0.002
2025-09-03 09:00:00,1756890002.0,0.002
2025-09-03 10:00:00,1756893604.0,0.002
2025-09-03 11:00:00,1756897223.0,0.002
2025-09-03 12:00:00,1756900814.0,0.002
2025-09-03 13:00:00,1756904407.0,0.002
2025-09-03 14:00:00,1756908004.0,0.002
2025-09-03 15:00:00,1756911611.0,0.002
2025-09-03 16:00:00,1756915210.0,0.002
2025-09-03 17:00:00,1756918818.0,0.002
2025-09-03 18:00:00,1756922409.0,0.002
2025-09-03 19:00:00,1756926006.0,0.002
2025-09-03 20:00:00,1756929616.0,0.002
2025-09-03 21:00:00,1756933214.0,0.002
2025-09-03 22:00:00,1756936815.0,0.002
2025-09-03 23:00:00,1756940402.0,0.002
2025-09-04 00:00:00,1756944005.0,0.002
2025-09-04 01:00:00,1756947604.0,0.002
2025-09-04 02:00:00,1756951210.0,0.002
2025-09-04 03:00:00,1756954823.0,0.002
2025-09-04 04:00:00,1756958420.0,0.002
2025-09-04 05:00:00,1756962017.0,0.002
2025-09-04 06:00:00,1756965620.0,0.002
2025-09-04 07:00:00,1756969217.0,0.002
2025-09-04 08:00:00,1756972820.0,0.002
2025-09-04 09:00:00,1756976409.0,0.002
2025-09-04 10:00:00,1756980020.0,0.002
2025-09-04 11:00:00,1756983620.0,0.002
2025-09-04 12:00:00,1756987202.0,0.002
2025-09-04 13:00:00,1756990814.0,0.002
2025-09-04 14:00:00,1756994419.0,0.002
2025-09-04 15:00:00,1756998021.0,0.002
2025-09-04 16:00:00,1757001623.0,0.002
2025-09-04 17:00:00,1757005202.0,0.002
2025-09-04 18:00:00,1757008810.0,0.002
2025-09-04 19:00:00,1757012419.0,0.002
2025-09-04 20:00:00,1757016019.0,0.002
2025-09-04 21:00:00,1757019628.0,0.002
2025-09-04 22:00:00,1757023214.0,0.002
2025-09-04 23:00:00,1757026818.0,0.002
2025-09-05 00:00:00,1757030406.0,0.002
2025-09-05 01:00:00,1757034009.0,0.002
2025-09-05 02:00:00,1757037604.0,0.002
2025-09-05 03:00:00,1757041202.0,0.002
2025-09-05 04:00:00,1757044816.0,0.002
2025-09-05 05:00:00,1757048406.0,0.002
2025-09-05 06:00:00,1757052009.0,0.002
2025-09-05 07:00:00,1757055616.0,0.002
2025-09-05 08:00:00,1757059203.0,0.002
2025-09-05 09:00:00,1757062805.0,0.002
2025-09-05 10:00:00,1757066413.0,0.002
2025-09-05 11:00:00,1757070004.0,0.002
2025-09-05 12:00:00,1757073608.0,0.002
2025-09-05 13:00:00,1757077207.0,0.002
2025-09-05 14:00:00,1757080819.0,0.002
2025-09-05 15:00:00,1757084403.0,0.002
2025-09-05 16:00:00,1757088010.0,0.002
2025-09-05 17:00:00,1757091620.0,0.002
2025-09-05 18:00:00,1757095222.0,0.002
2025-09-05 19:00:00,1757098805.0,0.002
2025-09-05 20:00:00,1757102417.0,0.002
2025-09-05 21:00:00,1757106010.0,0.002
2025-09-05 22:00:00,1757109613.0,0.002
2025-09-05 23:00:00,1757113221.0,0.002
2025-09-06 00:00:00,1757116819.0,0.002
2025-09-06 01:00:00,1757120414.0,0.002
2025-09-06 02:00:00,1757124020.0,0.002
2025-09-06 03:00:00,1757127618.0,0.002
2025-09-06 04:00:00,1757131205.0,0.002
2025-09-06 05:00:00,1757134808.0,0.002
2025-09-06 06:00:00,1757138408.0,0.002
2025-09-06 07:00:00,1757142017.0,0.002
2025-09-06 08:00:00,1757145611.0,0.002
2025-09-06 09:00:00,1757149212.0,0.002
2025-09-06 10:00:00,1757152812.0,0.002
2025-09-06 11:00:00,1757156420.0,0.002
2025-09-06 12:00:00,1757160028.0,0.002
2025-09-06 13:00:00,1757163617.0,0.002
2025-09-06 14:00:00,1757167209.0,0.002
2025-09-06 15:00:00,1757170805.0,0.002
2025-09-06 16:00:00,1757174416.0,0.002
2025-09-06 17:00:00,1757178023.0,0.002
2025-09-06 18:00:00,1757181622.0,0.002
2025-09-06 19:00:00,1757185209.0,0.002
2025-09-06 20:00:00,1757188812.0,0.002
2025-09-06 21:00:00,1757192417.0,0.002
2025-09-06 22:00:00,1757196019.0,0.002
2025-09-06 23:00:00,1757199606.0,0.002
2025-09-07 00:00:00,1757203213.0,0.002
2025-09-07 01:00:00,1757206806.0,0.002
2025-09-07 02:00:00,1757210406.0,0.002
2025-09-07 03:00:00,1757214015.0,0.002
2025-09-07 04:00:00,1757217611.0,0.002
2025-09-07 05:00:00,1757221219.0,0.002
2025-09-07 06:00:00,1757224827.0,0.002
2025-09-07 07:00:00,1757228414.0,0.002
2025-09-07 08:00:00,1757232016.0,0.002
2025-09-07 09:00:00,1757235608.0,0.002
2025-09-07 10:00:00,1757239224.0,0.002
2025-09-07 11:00:00,1757242813.0,0.002
2025-09-07 12:00:00,1757246415.0,0.002
2025-09-07 13:00:00,1757250009.0,0.002
2025-09-07 14:00:00,1757253609.0,0.002
2025-09-07 15:00:00,1757257216.0,0.002
2025-09-07 16:00:00,1757260815.0,0.002
2025-09-07 17:00:00,1757264404.0,0.002
2025-09-07 18:00:00,1757268009.0,0.002
2025-09-07 19:00:00,1757271619.0,0.002
2025-09-07 20:00:00,1757275212.0,0.002
2025-09-07 21:00:00,1757278814.0,0.002
2025-09-07 22:00:00,1757282409.0,0.002
2025-09-07 23:00:00,1757286017.0,0.002
2025-09-08 00:00:00,1757289606.0,0.002
2025-09-08 01:00:00,1757293209.0,0.002
2025-09-08 02:00:00,1757296814.0,0.002
2025-09-08 03:00:00,1757300408.0,0.002
2025-09-08 04:00:00,1757304006.0,0.002
2025-09-08 05:00:00,1757307610.0,0.002
2025-09-08 06:00:00,1757311206.0,0.002
2025-09-08 07:00:00,1757314814.0,0.002
2025-09-08 08:00:00,1757318409.0,0.002
2025-09-08 09:00:00,1757322015.0,0.002
2025-09-08 10:00:00,1757325608.0,0.002
2025-09-08 11:00:00,1757329215.0,0.002
2025-09-08 12:00:00,1757332820.0,0.002
2025-09-08 13:00:00,1757336402.0,0.002
2025-09-08 14:00:00,1757340017.0,0.002
2025-09-08 15:00:00,1757343612.0,0.002
2025-09-08 16:00:00,1757347205.0,0.002
2025-09-08 17:00:00,1757350805.0,0.002
2025-09-08 18:00:00,1757354410.0,0.002
2025-09-08 19:00:00,1757358007.0,0.002
2025-09-08 20:00:00,1757361620.0,0.002
2025-09-08 21:00:00,1757365218.0,0.002
2025-09-08 22:00:00,1757368812.0,0.002
2025-09-08 23:00:00,1757372418.0,0.002
2025-09-09 00:00:00,1757376009.0,0.002
2025-09-09 01:00:00,1757379602.0,0.002
2025-09-09 02:00:00,1757383214.0,0.002
2025-09-09 03:00:00,1757386809.0,0.002
2025-09-09 04:00:00,1757390420.0,0.002
2025-09-09 05:00:00,1757394002.0,0.002
2025-09-09 06:00:00,1757397614.0,0.002
2025-09-09 07:00:00,1757401208.0,0.002
2025-09-09 08:00:00,1757404809.0,0.002
2025-09-09 09:00:00,1757408421.0,0.002
2025-09-09 10:00:00,1757412015.0,0.002
2025-09-09 11:00:00,1757415612.0,0.002
2025-09-09 12:00:00,1757419220.0,0.002
2025-09-09 13:00:00,1757422808.0,0.002
2025-09-09 14:00:00,1757426410.0,0.002
2025-09-09 15:00:00,1757430004.0,0.002
2025-09-09 16:00:00,1757433622.0,0.002
2025-09-09 17:00:00,1757437219.0,0.002
2025-09-09 18:00:00,1757440807.0,0.002
2025-09-09 19:00:00,1757444408.0,0.002
2025-09-09 20:00:00,1757448004.0,0.002
2025-09-09 21:00:00,1757451622.0,0.002
2025-09-09 22:00:00,1757455213.0,0.002
2025-09-09 23:00:00,1757458817.0,0.002
2025-09-10 00:00:00,1757462406.0,0.002
2025-09-10 01:00:00,1757466012.0,0.002
2025-09-10 02:00:00,1757469604.0,0.002
2025-09-10 03:00:00,1757473216.0,0.002
2025-09-10 04:00:00,1757476804.0,0.002
2025-09-10 05:00:00,1757480408.0,0.002
2025-09-10 06:00:00,1757484022.0,0.002
2025-09-10 07:00:00,1757487613.0,0.002
2025-09-10 08:00:00,1757491206.0,0.002
2025-09-10 09:00:00,1757494812.0,0.002
2025-09-10 10:00:00,1757498412.0,0.002
2025-09-10 11:00:00,1757502014.0,0.002
2025-09-10 12:00:00,1757505612.0,0.002
2025-09-10 13:00:00,1757509211.0,0.002
2025-09-10 14:00:00,1757512813.0,0.002
2025-09-10 15:00:00,1757516403.0,0.002
2025-09-10 16:00:00,1757520012.0,0.002
2025-09-10 17:00:00,1757523620.0,0.002
2025-09-10 18:00:00,1757527212.0,0.002
2025-09-10 19:00:00,1757530814.0,0.002
2025-09-10 20:00:00,1757534418.0,0.002
2025-09-10 21:00:00,1757538013.0,0.002
2025-09-10 22:00:00,1757541603.0,0.002
2025-09-10 23:00:00,1757545205.0,0.002
2025-09-11 00:00:00,1757548812.0,0.002
2025-09-11 01:00:00,1757552406.0,0.002
2025-09-11 02:00:00,1757556005.0,0.002
2025-09-11 03:00:00,1757559620.0,0.0015
2025-09-11 04:00:00,1757563203.0,0.0015
2025-09-11 05:00:00,1757566813.0,0.0015
2025-09-11 06:00:00,1757570407.0,0.0015
2025-09-11 07:00:00,1757574014.0,0.0015
2025-09-11 08:00:00,1757577602.0,0.0015
2025-09-11 09:00:00,1757581217.0,0.0015
2025-09-11 10:00:00,1757584802.0,0.0015
2025-09-11 11:00:00,1757588403.0,0.0015
2025-09-11 12:00:00,1757592010.0,0.0015
2025-09-11 13:00:00,1757595609.0,0.0015
2025-09-11 14:00:00,1757599213.0,0.0015
2025-09-11 15:00:00,1757602807.0,0.0015
2025-09-11 16:00:00,1757606409.0,0.0015
2025-09-11 17:00:00,1757610026.0,0.0015
2025-09-11 18:00:00,1757613617.0,0.0015
2025-09-11 19:00:00,1757617209.0,0.0015
2025-09-11 20:00:00,1757620818.0,0.0015
2025-09-11 21:00:00,1757624426.0,0.0015
2025-09-11 22:00:00,1757628010.0,0.0015
2025-09-11 23:00:00,1757631622.0,0.0015
2025-09-12 00:00:00,1757635226.0,0.0015
2025-09-12 01:00:00,1757638810.0,0.0015
2025-09-12 02:00:00,1757642418.0,0.0015
2025-09-12 03:00:00,1757646002.0,0.0015
2025-09-12 04:00:00,1757649612.0,0.0015
2025-09-12 05:00:00,1757653208.0,0.0015
2025-09-12 06:00:00,1757656827.0,0.0015
2025-09-12 07:00:00,1757660402.0,0.0015
2025-09-12 08:00:00,1757664008.0,0.0015
2025-09-12 09:00:00,1757667610.0,0.0015
2025-09-12 10:00:00,1757671202.0,0.0015
2025-09-12 11:00:00,1757674814.0,0.0015
2025-09-12 12:00:00,1757678411.0,0.0015
2025-09-12 13:00:00,1757682018.0,0.0015
2025-09-12 14:00:00,1757685622.0,0.0015
2025-09-12 15:00:00,1757689211.0,0.0015
2025-09-12 16:00:00,1757692812.0,0.0015
2025-09-12 17:00:00,1757696411.0,0.0015
2025-09-12 18:00:00,1757700031.0,0.0015
2025-09-12 19:00:00,1757703609.0,0.0015
2025-09-12 20:00:00,1757707202.0,0.0015
2025-09-12 21:00:00,1757710827.0,0.0015
2025-09-12 22:00:00,1757714412.0,0.0015
2025-09-12 23:00:00,1757718007.0,0.0015
2025-09-13 00:00:00,1757721603.0,0.0015
2025-09-13 01:00:00,1757725206.0,0.0015
2025-09-13 02:00:00,1757728806.0,0.0015
2025-09-13 03:00:00,1757732408.0,0.0015
2025-09-13 04:00:00,1757736019.0,0.0015
2025-09-13 05:00:00,1757739605.0,0.0015
2025-09-13 06:00:00,1757743222.0,0.0015
2025-09-13 07:00:00,1757746811.0,0.0015
2025-09-13 08:00:00,1757750419.0,0.0015
2025-09-13 09:00:00,1757754030.0,0.0015
2025-09-13 10:00:00,1757757611.0,0.0015
2025-09-13 11:00:00,1757761214.0,0.0015
2025-09-13 12:00:00,1757764816.0,0.0015
2025-09-13 13:00:00,1757768412.0,0.0015
2025-09-13 14:00:00,1757772021.0,0.0015
2025-09-13 15:00:00,1757775616.0,0.0015
2025-09-13 16:00:00,1757779203.0,0.0015
2025-09-13 17:00:00,1757782804.0,0.0015
2025-09-13 18:00:00,1757786409.0,0.0015
2025-09-13 19:00:00,1757790017.0,0.0015
2025-09-13 20:00:00,1757793614.0,0.0015
2025-09-13 21:00:00,1757797223.0,0.0015
2025-09-13 22:00:00,1757800808.0,0.0015
2025-09-13 23:00:00,1757804410.0,0.0015
2025-09-14 00:00:00,1757808006.0,0.0015
2025-09-14 01:00:00,1757811614.0,0.0015
2025-09-14 02:00:00,1757815221.0,0.0015
2025-09-14 03:00:00,1757818813.0,0.0015
2025-09-14 04:00:00,1757822410.0,0.0015
2025-09-14 05:00:00,1757826013.0,0.0015
2025-09-14 06:00:00,1757829608.0,0.0015
2025-09-14 07:00:00,1757833210.0,0.0015
2025-09-14 08:00:00,1757836821.0,0.0015
2025-09-14 09:00:00,1757840429.0,0.0015
2025-09-14 10:00:00,1757844012.0,0.0015
2025-09-14 11:00:00,1757847620.0,0.0015
2025-09-14 12:00:00,1757851235.0,0.0015
2025-09-14 13:00:00,1757854806.0,0.0015
2025-09-14 14:00:00,1757858416.0,0.0015
2025-09-14 15:00:00,1757862013.0,0.0015
2025-09-14 16:00:00,1757865618.0,0.0015
2025-09-14 17:00:00,1757869219.0,0.0015
2025-09-14 18:00:00,1757872823.0,0.0015
2025-09-14 19:00:00,1757876410.0,0.0015
2025-09-14 20:00:00,1757880008.0,0.0015
2025-09-14 21:00:00,1757883622.0,0.0015
2025-09-14 22:00:00,1757887202.0,0.0015
2025-09-14 23:00:00,1757890814.0,0.0015
2025-09-15 00:00:00,1757894405.0,0.0015
2025-09-15 01:00:00,1757898006.0,0.0015
2025-09-15 02:00:00,1757901611.0,0.0015
2025-09-15 03:00:00,1757905207.0,0.0015
2025-09-15 04:00:00,1757908809.0,0.0015
2025-09-15 05:00:00,1757912408.0,0.0015
2025-09-15 06:00:00,1757916011.0,0.0015
2025-09-15 07:00:00,1757919613.0,0.0015
2025-09-15 08:00:00,1757923214.0,0.0015
2025-09-15 09:00:00,1757926828.0,0.0015
2025-09-15 10:00:00,1757930407.0,0.0015
2025-09-15 11:00:00,1757934021.0,0.0015
2025-09-15 12:00:00,1757937610.0,0.0015
2025-09-15 13:00:00,1757941210.0,0.0015
2025-09-15 14:00:00,1757944812.0,0.0015
2025-09-15 15:00:00,1757948402.0,0.0015
2025-09-15 16:00:00,1757952013.0,0.0015
2025-09-15 17:00:00,1757955615.0,0.0015
2025-09-15 18:00:00,1757959205.0,0.0015
2025-09-15 19:00:00,1757962809.0,0.001
2025-09-15 20:00:00,1757966420.0,0.001
2025-09-15 21:00:00,1757970023.0,0.001
2025-09-15 22:00:00,1757973607.0,0.001
2025-09-15 23:00:00,1757977202.0,0.001
2025-09-16 00:00:00,1757980814.0,0.001
2025-09-16 01:00:00,1757984412.0,0.001
2025-09-16 02:00:00,1757988018.0,0.001
2025-09-16 03:00:00,1757991628.0,0.001
2025-09-16 04:00:00,1757995217.0,0.001
2025-09-16 05:00:00,1757998813.0,0.001
2025-09-16 06:00:00,1758002407.0,0.001
2025-09-16 07:00:00,1758006021.0,0.001
2025-09-16 08:00:00,1758009620.0,0.001
2025-09-16 09:00:00,1758013236.0,0.001
2025-09-16 10:00:00,1758016824.0,0.001
2025-09-16 11:00:00,1758020423.0,0.001
2025-09-16 12:00:00,1758024025.0,0.001
2025-09-16 13:00:00,1758027620.0,0.001
2025-09-16 14:00:00,1758031219.0,0.001
2025-09-16 15:00:00,1758034821.0,0.001
2025-09-16 16:00:00,1758038404.0,0.001
2025-09-16 17:00:00,1758042012.0,0.001
2025-09-16 18:00:00,1758045604.0,0.001
2025-09-16 19:00:00,1758049216.0,0.001
2025-09-16 20:00:00,1758052826.0,0.001
2025-09-16 21:00:00,1758056410.0,0.001
2025-09-16 22:00:00,1758060003.0,0.001
2025-09-16 23:00:00,1758063604.0,0.001
2025-09-17 00:00:00,1758067210.0,0.001
2025-09-17 01:00:00,1758070802.0,0.001
2025-09-17 02:00:00,1758074415.0,0.001
2025-09-17 03:00:00,1758078011.0,0.001
2025-09-17 04:00:00,1758081609.0,0.001
2025-09-17 05:00:00,1758085218.0,0.001
2025-09-17 06:00:00,1758088816.0,0.001
2025-09-17 07:00:00,1758092403.0,0.001
2025-09-17 08:00:00,1758096018.0,0.001
2025-09-17 09:00:00,1758099605.0,0.001
2025-09-17 10:00:00,1758103220.0,0.001
2025-09-17 11:00:00,1758106814.0,0.001
2025-09-17 12:00:00,1758110426.0,0.001
2025-09-17 13:00:00,1758114019.0,0.001
2025-09-17 14:00:00,1758117606.0,0.001
2025-09-17 15:00:00,1758121202.0,0.001
2025-09-17 16:00:00,1758124806.0,0.001
2025-09-17 17:00:00,1758128421.0,0.001
2025-09-17 18:00:00,1758132247.0,0.001
2025-09-17 19:00:00,1758135606.0,0.001
2025-09-17 20:00:00,1758139219.0,0.001
2025-09-17 21:00:00,1758142825.0,0.001
2025-09-17 22:00:00,1758146417.0,0.001
2025-09-17 23:00:00,1758150014.0,0.001
2025-09-18 00:00:00,1758153611.0,0.001
2025-09-18 01:00:00,1758157209.0,0.001
2025-09-18 02:00:00,1758160819.0,0.001
2025-09-18 03:00:00,1758164406.0,0.001
2025-09-18 04:00:00,1758168010.0,0.001
2025-09-18 05:00:00,1758171605.0,0.001
2025-09-18 06:00:00,1758175207.0,0.001
2025-09-18 07:00:00,1758178807.0,0.001
2025-09-18 08:00:00,1758182418.0,0.001
2025-09-18 09:00:00,1758186014.0,0.001
2025-09-18 10:00:00,1758189615.0,0.001
2025-09-18 11:00:00,1758193205.0,0.001
2025-09-18 12:00:00,1758196823.0,0.001
2025-09-18 13:00:00,1758200418.0,0.001
2025-09-18 14:00:00,1758204018.0,0.001
2025-09-18 15:00:00,1758207623.0,0.001
2025-09-18 16:00:00,1758211208.0,0.001
2025-09-18 17:00:00,1758214816.0,0.001
2025-09-18 18:00:00,1758218415.0,0.001
2025-09-18 19:00:00,1758222023.0,0.001
2025-09-18 20:00:00,1758225607.0,0.001
2025-09-18 21:00:00,1758229217.0,0.001
2025-09-18 22:00:00,1758232814.0,0.001
2025-09-18 23:00:00,1758236421.0,0.001
2025-09-19 00:00:00,1758240009.0,0.001
2025-09-19 01:00:00,1758243606.0,0.001
2025-09-19 02:00:00,1758247213.0,0.001
2025-09-19 03:00:00,1758250822.0,0.001
2025-09-19 04:00:00,1758254402.0,0.001
2025-09-19 05:00:00,1758258004.0,0.001
2025-09-19 06:00:00,1758261603.0,0.001
2025-09-19 07:00:00,1758265220.0,0.001
2025-09-19 08:00:00,1758268805.0,0.001
2025-09-19 09:00:00,1758272402.0,0.001
2025-09-19 10:00:00,1758276015.0,0.001
2025-09-19 11:00:00,1758279620.0,0.001
2025-09-19 12:00:00,1758283202.0,0.001
2025-09-19 13:00:00,1758286813.0,0.001
2025-09-19 14:00:00,1758290418.0,0.001
2025-09-19 15:00:00,1758294007.0,0.001
2025-09-19 16:00:00,1758297616.0,0.001
2025-09-19 17:00:00,1758301207.0,0.001
2025-09-19 18:00:00,1758304813.0,0.001
2025-09-19 19:00:00,1758308414.0,0.001
2025-09-19 20:00:00,1758312021.0,0.001
2025-09-19 21:00:00,1758315609.0,0.001
2025-09-19 22:00:00,1758319225.0,0.001
2025-09-19 23:00:00,1758322814.0,0.001
2025-09-20 00:00:00,1758326421.0,0.001
2025-09-20 01:00:00,1758330006.0,0.001
2025-09-20 02:00:00,1758333616.0,0.001
2025-09-20 03:00:00,1758337225.0,0.001
2025-09-20 04:00:00,1758340804.0,0.001
2025-09-20 05:00:00,1758344419.0,0.001
2025-09-20 06:00:00,1758348014.0,0.001
2025-09-20 07:00:00,1758351618.0,0.001
2025-09-20 08:00:00,1758355221.0,0.001
2025-09-20 09:00:00,1758358822.0,0.001
2025-09-20 10:00:00,1758362414.0,0.001
2025-09-20 11:00:00,1758366022.0,0.001
2025-09-20 12:00:00,1758369615.0,0.001
2025-09-20 13:00:00,1758373205.0,0.001
2025-09-20 14:00:00,1758376802.0,0.001
2025-09-20 15:00:00,1758380416.0,0.001
2025-09-20 16:00:00,1758384013.0,0.001
2025-09-20 17:00:00,1758387617.0,0.001
2025-09-20 18:00:00,1758391202.0,0.001
2025-09-20 19:00:00,1758394824.0,0.001
2025-09-20 20:00:00,1758398411.0,0.001
2025-09-20 21:00:00,1758402011.0,0.001
2025-09-20 22:00:00,1758405611.0,0.001
2025-09-20 23:00:00,1758409214.0,0.001
2025-09-21 00:00:00,1758412804.0,0.001
2025-09-21 01:00:00,1758416410.0,0.001
2025-09-21 02:00:00,1758420005.0,0.001
2025-09-21 03:00:00,1758423603.0,0.001
2025-09-21 04:00:00,1758427220.0,0.001
2025-09-21 05:00:00,1758430817.0,0.001
2025-09-21 06:00:00,1758434413.0,0.001
2025-09-21 07:00:00,1758438008.0,0.001
2025-09-21 08:00:00,1758441611.0,0.001
2025-09-21 09:00:00,1758445219.0,0.001
2025-09-21 10:00:00,1758448819.0,0.001
2025-09-21 11:00:00,1758452416.0,0.001
2025-09-21 12:00:00,1758456010.0,0.001
2025-09-21 13:00:00,1758459622.0,0.001
2025-09-21 14:00:00,1758463213.0,0.001
2025-09-21 15:00:00,1758466809.0,0.001
2025-09-21 16:00:00,1758470415.0,0.001
2025-09-21 17:00:00,1758474002.0,0.001
2025-09-21 18:00:00,1758477614.0,0.001
2025-09-21 19:00:00,1758481216.0,0.001
2025-09-21 20:00:00,1758484813.0,0.001
2025-09-21 21:00:00,1758488415.0,0.001
2025-09-21 22:00:00,1758492016.0,0.001
2025-09-21 23:00:00,1758495613.0,0.001
2025-09-22 00:00:00,1758499208.0,0.001
2025-09-22 01:00:00,1758502813.0,0.001
2025-09-22 02:00:00,1758506409.0,0.001
2025-09-22 03:00:00,1758510004.0,0.001
2025-09-22 04:00:00,1758513613.0,0.001
2025-09-22 05:00:00,1758517221.0,0.001
2025-09-22 06:00:00,1758520812.0,0.001
2025-09-22 07:00:00,1758524413.0,0.001
2025-09-22 08:00:00,1758528004.0,0.001
2025-09-22 09:00:00,1758531619.0,0.001
2025-09-22 10:00:00,1758535225.0,0.001
2025-09-22 11:00:00,1758538804.0,0.001
2025-09-22 12:00:00,1758542406.0,0.001
2025-09-22 13:00:00,1758546013.0,0.001
2025-09-22 14:00:00,1758549619.0,0.001
2025-09-22 15:00:00,1758553213.0,0.001
2025-09-22 16:00:00,1758556805.0,0.001
2025-09-22 17:00:00,1758560419.0,0.001
2025-09-22 18:00:00,1758564014.0,0.001
2025-09-22 19:00:00,1758567618.0,0.001
2025-09-22 20:00:00,1758571207.0,0.001
2025-09-22 21:00:00,1758574823.0,0.001
2025-09-22 22:00:00,1758578420.0,0.001
2025-09-22 23:00:00,1758582008.0,0.001
2025-09-23 00:00:00,1758585605.0,0.001
2025-09-23 01:00:00,1758589205.0,0.001
2025-09-23 02:00:00,1758592806.0,0.001
2025-09-23 03:00:00,1758596417.0,0.001
2025-09-23 04:00:00,1758600023.0,0.001
2025-09-23 05:00:00,1758603614.0,0.001
2025-09-23 06:00:00,1758607212.0,0.001
2025-09-23 07:00:00,1758610822.0,0.001
2025-09-23 08:00:00,1758614402.0,0.001
2025-09-23 09:00:00,1758618025.0,0.001
2025-09-23 10:00:00,1758621624.0,0.001
2025-09-23 11:00:00,1758625221.0,0.001
2025-09-23 12:00:00,1758628810.0,0.001
2025-09-23 13:00:00,1758632418.0,0.001
2025-09-23 14:00:00,1758636006.0,0.001
2025-09-23 15:00:00,1758639606.0,0.001
2025-09-23 16:00:00,1758643220.0,0.001
2025-09-23 17:00:00,1758646815.0,0.001
2025-09-23 18:00:00,1758650422.0,0.001
2025-09-23 19:00:00,1758654011.0,0.001
2025-09-23 20:00:00,1758657607.0,0.001
2025-09-23 21:00:00,1758661213.0,0.001
2025-09-23 22:00:00,1758664814.0,0.001
2025-09-23 23:00:00,1758668416.0,0.001
2025-09-24 00:00:00,1758672015.0,0.001
2025-09-24 01:00:00,1758675618.0,0.001
2025-09-24 02:00:00,1758679216.0,0.001
2025-09-24 03:00:00,1758682810.0,0.001
2025-09-24 04:00:00,1758686402.0,0.001
2025-09-24 05:00:00,1758690008.0,0.001
2025-09-24 06:00:00,1758693620.0,0.001
2025-09-24 07:00:00,1758697221.0,0.001
2025-09-24 08:00:00,1758700805.0,0.001
2025-09-24 09:00:00,1758704406.0,0.001
2025-09-24 10:00:00,1758708006.0,0.001
2025-09-24 11:00:00,1758711607.0,0.001
2025-09-24 12:00:00,1758715213.0,0.001
2025-09-24 13:00:00,1758718807.0,0.001
2025-09-24 14:00:00,1758722402.0,0.001
2025-09-24 15:00:00,1758726002.0,0.001
2025-09-24 16:00:00,1758729612.0,0.001
2025-09-24 17:00:00,1758733212.0,0.001
2025-09-24 18:00:00,1758736814.0,0.001
2025-09-24 19:00:00,1758740405.0,0.001
2025-09-24 20:00:00,1758744012.0,0.001
2025-09-24 21:00:00,1758747614.0,0.001
2025-09-24 22:00:00,1758751213.0,0.001
2025-09-24 23:00:00,1758754807.0,0.001
2025-09-25 00:00:00,1758758406.0,0.001
2025-09-25 01:00:00,1758762006.0,0.001
2025-09-25 02:00:00,1758765606.0,0.001
2025-09-25 03:00:00,1758769203.0,0.001
2025-09-25 04:00:00,1758772809.0,0.001
2025-09-25 05:00:00,1758776403.0,0.001
2025-09-25 06:00:00,1758780009.0,0.001
2025-09-25 07:00:00,1758783607.0,0.001
2025-09-25 08:00:00,1758787202.0,0.001
2025-09-25 09:00:00,1758790806.0,0.001
2025-09-25 10:00:00,1758794406.0,0.001
2025-09-25 11:00:00,1758798013.0,0.001
2025-09-25 12:00:00,1758801615.0,0.001
2025-09-25 13:00:00,1758805205.0,0.001
2025-09-25 14:00:00,1758808805.0,0.001
2025-09-25 15:00:00,1758812413.0,0.001
2025-09-25 16:00:00,1758816008.0,0.001
2025-09-25 17:00:00,1758819605.0,0.001
2025-09-25 18:00:00,1758823202.0,0.001
2025-09-25 19:00:00,1758826811.0,0.001
2025-09-25 20:00:00,1758830409.0,0.001
2025-09-25 21:00:00,1758834005.0,0.001
2025-09-25 22:00:00,1758837607.0,0.001
2025-09-25 23:00:00,1758841214.0,0.001
2025-09-26 00:00:00,1758844810.0,0.001
2025-09-26 01:00:00,1758848409.0,0.001
2025-09-26 02:00:00,1758852009.0,0.001
2025-09-26 03:00:00,1758855613.0,0.001
2025-09-26 04:00:00,1758859209.0,0.001
2025-09-26 05:00:00,1758862808.0,0.001
2025-09-26 06:00:00,1758866413.0,0.001
2025-09-26 07:00:00,1758870004.0,0.001
2025-09-26 08:00:00,1758873614.0,0.001
2025-09-26 09:00:00,1758877212.0,0.001
2025-09-26 10:00:00,1758880804.0,0.001
2025-09-26 11:00:00,1758884409.0,0.001
2025-09-26 12:00:00,1758888016.0,0.001
2025-09-26 13:00:00,1758891604.0,0.001
2025-09-26 14:00:00,1758895215.0,0.001
2025-09-26 15:00:00,1758898815.0,0.001
2025-09-26 16:00:00,1758902412.0,0.001
2025-09-26 17:00:00,1758906012.0,0.001
2025-09-26 18:00:00,1758909617.0,0.001
2025-09-26 19:00:00,1758913209.0,0.001
2025-09-26 20:00:00,1758916804.0,0.001
2025-09-26 21:00:00,1758920404.0,0.001
2025-09-26 22:00:00,1758924013.0,0.001
2025-09-26 23:00:00,1758927614.0,0.001
2025-09-27 00:00:00,1758931209.0,0.001
2025-09-27 01:00:00,1758934808.0,0.001
2025-09-27 02:00:00,1758938407.0,0.0015
2025-09-27 03:00:00,1758942015.0,0.0015
2025-09-27 04:00:00,1758945611.0,0.0015
2025-09-27 05:00:00,1758949210.0,0.0015
2025-09-27 06:00:00,1758952810.0,0.0015
2025-09-27 07:00:00,1758956407.0,0.0015
2025-09-27 08:00:00,1758960004.0,0.0015
2025-09-27 09:00:00,1758963606.0,0.0015
2025-09-27 10:00:00,1758967213.0,0.0015
2025-09-27 11:00:00,1758970804.0,0.0015
2025-09-27 12:00:00,1758974411.0,0.0015
2025-09-27 13:00:00,1758978016.0,0.0015
2025-09-27 14:00:00,1758981613.0,0.0015
2025-09-27 15:00:00,1758985215.0,0.0015
2025-09-27 16:00:00,1758988816.0,0.0015
2025-09-27 17:00:00,1758992405.0,0.0015
2025-09-27 18:00:00,1758996014.0,0.0015
2025-09-27 19:00:00,1758999604.0,0.0015
2025-09-27 20:00:00,1759003204.0,0.0015
2025-09-27 21:00:00,1759006817.0,0.0015
2025-09-27 22:00:00,1759010406.0,0.0015
2025-09-27 23:00:00,1759014004.0,0.0015
2025-09-28 00:00:00,1759017610.0,0.0015
2025-09-28 01:00:00,1759021212.0,0.0015
2025-09-28 02:00:00,1759024810.0,0.0015
2025-09-28 03:00:00,1759028409.0,0.0015
2025-09-28 04:00:00,1759032015.0,0.0015
2025-09-28 05:00:00,1759035613.0,0.0015
2025-09-28 06:00:00,1759039214.0,0.0015
2025-09-28 07:00:00,1759042811.0,0.0015
2025-09-28 08:00:00,1759046405.0,0.0015
2025-09-28 09:00:00,1759050012.0,0.0015
2025-09-28 10:00:00,1759053603.0,0.0015
2025-09-28 11:00:00,1759057215.0,0.0015
2025-09-28 12:00:00,1759060812.0,0.0015
2025-09-28 13:00:00,1759064408.0,0.0015
2025-09-28 14:00:00,1759068005.0,0.0015
2025-09-28 15:00:00,1759071605.0,0.0015
2025-09-28 16:00:00,1759075213.0,0.0015
2025-09-28 17:00:00,1759078815.0,0.0015
2025-09-28 18:00:00,1759082414.0,0.0015
2025-09-28 19:00:00,1759086012.0,0.0015
2025-09-28 20:00:00,1759089615.0,0.0015
2025-09-28 21:00:00,1759093206.0,0.0015
2025-09-28 22:00:00,1759096815.0,0.0015
2025-09-28 23:00:00,1759100408.0,0.0015
2025-09-29 00:00:00,1759104008.0,0.0015
2025-09-29 01:00:00,1759107605.0,0.001
2025-09-29 02:00:00,1759111206.0,0.001
2025-09-29 03:00:00,1759114802.0,0.001
2025-09-29 04:00:00,1759118406.0,0.001
2025-09-29 05:00:00,1759122011.0,0.001
2025-09-29 06:00:00,1759125606.0,0.001
2025-09-29 07:00:00,1759129212.0,0.001
2025-09-29 08:00:00,1759132808.0,0.001
2025-09-29 09:00:00,1759136414.0,0.001
2025-09-29 10:00:00,1759140013.0,0.001
2025-09-29 11:00:00,1759143608.0,0.001
2025-09-29 12:00:00,1759147210.0,0.001
2025-09-29 13:00:00,1759150806.0,0.001
2025-09-29 14:00:00,1759154407.0,0.001
2025-09-29 15:00:00,1759158005.0,0.001
2025-09-29 16:00:00,1759161609.0,0.001
2025-09-29 17:00:00,1759165207.0,0.001
2025-09-29 18:00:00,1759168808.0,0.001
2025-09-29 19:00:00,1759172405.0,0.001
2025-09-29 20:00:00,1759176012.0,0.001
2025-09-29 21:00:00,1759179609.0,0.001
2025-09-29 22:00:00,1759183205.0,0.001
2025-09-29 23:00:00,1759186813.0,0.001
2025-09-30 00:00:00,1759190405.0,0.001
2025-09-30 01:00:00,1759194004.0,0.001
2025-09-30 02:00:00,1759197608.0,0.001
2025-09-30 03:00:00,1759201213.0,0.001
2025-09-30 04:00:00,1759204807.0,0.001
2025-09-30 05:00:00,1759208413.0,0.001
2025-09-30 06:00:00,1759212008.0,0.001
2025-09-30 07:00:00,1759215610.0,0.001
2025-09-30 08:00:00,1759219209.0,0.001
2025-09-30 09:00:00,1759222815.0,0.001
2025-09-30 10:00:00,1759226409.0,0.001
2025-09-30 11:00:00,1759230011.0,0.001
2025-09-30 12:00:00,1759233612.0,0.001
2025-09-30 13:00:00,1759237209.0,0.001
2025-09-30 14:00:00,1759240803.0,0.001
2025-09-30 15:00:00,1759244414.0,0.001
2025-09-30 16:00:00,1759248007.0,0.001
2025-09-30 17:00:00,1759251616.0,0.001
2025-09-30 18:00:00,1759255210.0,0.001
2025-09-30 19:00:00,1759258803.0,0.001
2025-09-30 20:00:00,1759262409.0,0.001
2025-09-30 21:00:00,1759266002.0,0.001
2025-09-30 22:00:00,1759269606.0,0.001
2025-09-30 23:00:00,1759273209.0,0.001
2025-10-01 00:00:00,1759276802.0,0.001
2025-10-01 01:00:00,1759280408.0,0.001
2025-10-01 02:00:00,1759284010.0,0.001
2025-10-01 03:00:00,1759287612.0,0.001
2025-10-01 04:00:00,1759291207.0,0.001
2025-10-01 05:00:00,1759294810.0,0.001
2025-10-01 06:00:00,1759298405.0,0.001
2025-10-01 07:00:00,1759302004.0,0.001
2025-10-01 08:00:00,1759305603.0,0.001
2025-10-01 09:00:00,1759309202.0,0.001
2025-10-01 10:00:00,1759312810.0,0.001
2025-10-01 11:00:00,1759316410.0,0.001
2025-10-01 12:00:00,1759320009.0,0.001
2025-10-01 13:00:00,1759323607.0,0.001
2025-10-01 14:00:00,1759327207.0,0.001
2025-10-01 15:00:00,1759330805.0,0.001
2025-10-01 16:00:00,1759334404.0,0.001
2025-10-01 17:00:00,1759338012.0,0.001
2025-10-01 18:00:00,1759341608.0,0.001
2025-10-01 19:00:00,1759345209.0,0.001
2025-10-01 20:00:00,1759348810.0,0.0005
2025-10-01 21:00:00,1759352412.0,0.0005
2025-10-01 22:00:00,1759356009.0,0.0005
2025-10-01 23:00:00,1759359608.0,0.0005
2025-10-02 00:00:00,1759363205.0,0.0005
2025-10-02 01:00:00,1759366805.0,0.0005
2025-10-02 02:00:00,1759370406.0,0.0005
2025-10-02 03:00:00,1759374010.0,0.0005
2025-10-02 04:00:00,1759377602.0,0.0005
2025-10-02 05:00:00,1759381209.0,0.0005
2025-10-02 06:00:00,1759384814.0,0.0005
2025-10-02 07:00:00,1759388411.0,0.0005
2025-10-02 08:00:00,1759392002.0,0.0005
2025-10-02 09:00:00,1759395608.0,0.0005
2025-10-02 10:00:00,1759399212.0,0.0005
2025-10-02 11:00:00,1759402806.0,0.0005
2025-10-02 12:00:00,1759406417.0,0.0005
2025-10-02 13:00:00,1759410005.0,0.0005
2025-10-02 14:00:00,1759413613.0,0.0005
2025-10-02 15:00:00,1759417210.0,0.0005
2025-10-02 16:00:00,1759420808.0,0.0005
2025-10-02 17:00:00,1759424415.0,0.0005
2025-10-02 18:00:00,1759428005.0,0.0005
2025-10-02 19:00:00,1759431603.0,0.0005
2025-10-02 20:00:00,1759435206.0,0.0005
2025-10-02 21:00:00,1759438802.0,0.0005
2025-10-02 22:00:00,1759442415.0,0.0005
2025-10-02 23:00:00,1759446005.0,0.0005
2025-10-03 00:00:00,1759449607.0,0.0005
2025-10-03 01:00:00,1759453208.0,0.0005
2025-10-03 02:00:00,1759456806.0,0.0005
2025-10-03 03:00:00,1759460403.0,0.0005
2025-10-03 04:00:00,1759464009.0,0.0005
2025-10-03 05:00:00,1759467603.0,0.0005
2025-10-03 06:00:00,1759471202.0,0.0005
2025-10-03 07:00:00,1759474807.0,0.0005
2025-10-03 08:00:00,1759478405.0,0.0005
2025-10-03 09:00:00,1759482002.0,0.0005
2025-10-03 10:00:00,1759485604.0,0.0005
2025-10-03 11:00:00,1759489203.0,0.0005
2025-10-03 12:00:00,1759492812.0,0.0005
2025-10-03 13:00:00,1759496403.0,0.0005
2025-10-03 14:00:00,1759500004.0,0.0015
2025-10-03 15:00:00,1759503602.0,0.0015
2025-10-03 16:00:00,1759507204.0,0.0015
2025-10-03 17:00:00,1759510802.0,0.0015
2025-10-03 18:00:00,1759514407.0,0.0015
2025-10-03 19:00:00,1759518002.0,0.0015
2025-10-03 20:00:00,1759521603.0,0.0015
2025-10-03 21:00:00,1759525207.0,0.0015
2025-10-03 22:00:00,1759528804.0,0.0015
2025-10-03 23:00:00,1759532405.0,0.0015
2025-10-04 00:00:00,1759536006.0,0.0015
2025-10-04 01:00:00,1759539605.0,0.0015
2025-10-04 02:00:00,1759543205.0,0.0015
2025-10-04 03:00:00,1759546805.0,0.0015
2025-10-04 04:00:00,1759550403.0,0.0015
2025-10-04 05:00:00,1759554004.0,0.0015
2025-10-04 06:00:00,1759557604.0,0.0015
2025-10-04 07:00:00,1759561210.0,0.0015
2025-10-04 08:00:00,1759564806.0,0.0015
2025-10-04 09:00:00,1759568407.0,0.0015
2025-10-04 10:00:00,1759572006.0,0.0015
2025-10-04 11:00:00,1759575604.0,0.0015
2025-10-04 12:00:00,1759579207.0,0.0015
2025-10-04 13:00:00,1759582804.0,0.0015
2025-10-04 14:00:00,1759586403.0,0.0015
2025-10-04 15:00:00,1759590008.0,0.0015
2025-10-04 16:00:00,1759593605.0,0.0015
2025-10-04 17:00:00,1759597206.0,0.0015
2025-10-04 18:00:00,1759600808.0,0.0015
2025-10-04 19:00:00,1759604405.0,0.0015
2025-10-04 20:00:00,1759608003.0,0.0015
2025-10-04 21:00:00,1759611609.0,0.0015
2025-10-04 22:00:00,1759615205.0,0.0015
2025-10-04 23:00:00,1759618804.0,0.0015
2025-10-05 00:00:00,1759622408.0,0.0015
2025-10-05 01:00:00,1759626003.0,0.0015
2025-10-05 02:00:00,1759629606.0,0.0015
2025-10-05 03:00:00,1759633208.0,0.0015
2025-10-05 04:00:00,1759636805.0,0.0015
2025-10-05 05:00:00,1759640404.0,0.0015
2025-10-05 06:00:00,1759644008.0,0.0015
2025-10-05 07:00:00,1759647606.0,0.0015
2025-10-05 08:00:00,1759651205.0,0.0015
2025-10-05 09:00:00,1759654806.0,0.0015
2025-10-05 10:00:00,1759658409.0,0.0015
2025-10-05 11:00:00,1759662005.0,0.001
2025-10-05 12:00:00,1759665606.0,0.001
2025-10-05 13:00:00,1759669204.0,0.001
2025-10-05 14:00:00,1759672806.0,0.001
2025-10-05 15:00:00,1759676405.0,0.001
2025-10-05 16:00:00,1759680004.0,0.001
2025-10-05 17:00:00,1759683605.0,0.001
2025-10-05 18:00:00,1759687219.0,0.001
2025-10-05 19:00:00,1759690804.0,0.001
2025-10-05 20:00:00,1759694408.0,0.001
2025-10-05 21:00:00,1759698003.0,0.001
2025-10-05 22:00:00,1759701604.0,0.001
2025-10-05 23:00:00,1759705202.0,0.001
2025-10-06 00:00:00,1759708803.0,0.001
2025-10-06 01:00:00,1759712405.0,0.001
2025-10-06 02:00:00,1759716006.0,0.001
2025-10-06 03:00:00,1759719606.0,0.001
2025-10-06 04:00:00,1759723205.0,0.001
2025-10-06 05:00:00,1759726803.0,0.001
2025-10-06 06:00:00,1759730406.0,0.001
2025-10-06 07:00:00,1759734006.0,0.001
2025-10-06 08:00:00,1759737604.0,0.001
2025-10-06 09:00:00,1759741203.0,0.001
2025-10-06 10:00:00,1759744806.0,0.001
2025-10-06 11:00:00,1759748404.0,0.001
2025-10-06 12:00:00,1759752008.0,0.001
2025-10-06 13:00:00,1759755607.0,0.001
2025-10-06 14:00:00,1759759205.0,0.001
2025-10-06 15:00:00,1759762808.0,0.001
2025-10-06 16:00:00,1759766406.0,0.001
2025-10-06 17:00:00,1759770008.0,0.001
2025-10-06 18:00:00,1759773608.0,0.001
2025-10-06 19:00:00,1759777205.0,0.001
2025-10-06 20:00:00,1759780807.0,0.001
2025-10-06 21:00:00,1759784405.0,0.001
2025-10-06 22:00:00,1759788011.0,0.001
2025-10-06 23:00:00,1759791603.0,0.001
2025-10-07 00:00:00,1759795211.0,0.001
2025-10-07 01:00:00,1759798805.0,0.001
2025-10-07 02:00:00,1759802406.0,0.001
2025-10-07 03:00:00,1759806014.0,0.001
2025-10-07 04:00:00,1759809606.0,0.001
2025-10-07 05:00:00,1759813207.0,0.001
2025-10-07 06:00:00,1759816809.0,0.001
2025-10-07 07:00:00,1759820404.0,0.001
2025-10-07 08:00:00,1759824013.0,0.001
2025-10-07 09:00:00,1759827618.0,0.001
2025-10-07 10:00:00,1759831212.0,0.001
2025-10-07 11:00:00,1759834809.0,0.001
2025-10-07 12:00:00,1759838407.0,0.001
2025-10-07 13:00:00,1759842004.0,0.001
2025-10-07 14:00:00,1759845612.0,0.001
2025-10-07 15:00:00,1759849217.0,0.001
2025-10-07 16:00:00,1759852806.0,0.001
2025-10-07 17:00:00,1759856404.0,0.001
2025-10-07 18:00:00,1759860017.0,0.001
2025-10-07 19:00:00,1759863603.0,0.001
2025-10-07 20:00:00,1759867205.0,0.001
2025-10-07 21:00:00,1759870806.0,0.001
2025-10-07 22:00:00,1759874407.0,0.001
2025-10-07 23:00:00,1759878014.0,0.001
2025-10-08 00:00:00,1759881613.0,0.001
2025-10-08 01:00:00,1759885203.0,0.001
2025-10-08 02:00:00,1759888815.0,0.001
2025-10-08 03:00:00,1759892406.0,0.001
2025-10-08 04:00:00,1759896005.0,0.001
2025-10-08 05:00:00,1759899604.0,0.001
2025-10-08 06:00:00,1759903215.0,0.001
2025-10-08 07:00:00,1759906803.0,0.001
2025-10-08 08:00:00,1759910406.0,0.001
2025-10-08 09:00:00,1759914012.0,0.001
2025-10-08 10:00:00,1759917613.0,0.001
2025-10-08 11:00:00,1759921205.0,0.001
2025-10-08 12:00:00,1759924809.0,0.001
2025-10-08 13:00:00,1759928413.0,0.001
2025-10-08 14:00:00,1759932006.0,0.001
2025-10-08 15:00:00,1759935611.0,0.001
2025-10-08 16:00:00,1759939203.0,0.001
2025-10-08 17:00:00,1759942810.0,0.001
2025-10-08 18:00:00,1759946406.0,0.001
2025-10-08 19:00:00,1759950014.0,0.001
2025-10-08 20:00:00,1759953604.0,0.001
2025-10-08 21:00:00,1759957210.0,0.001
2025-10-08 22:00:00,1759960813.0,0.001
2025-10-08 23:00:00,1759964405.0,0.001
2025-10-09 00:00:00,1759968012.0,0.001
2025-10-09 01:00:00,1759971607.0,0.001
2025-10-09 02:00:00,1759975204.0,0.001
2025-10-09 03:00:00,1759978804.0,0.001
2025-10-09 04:00:00,1759982407.0,0.001
2025-10-09 05:00:00,1759986004.0,0.001
2025-10-09 06:00:00,1759989621.0,0.001
2025-10-09 07:00:00,1759993208.0,0.001
2025-10-09 08:00:00,1759996805.0,0.001
2025-10-09 09:00:00,1760000414.0,0.001
2025-10-09 10:00:00,1760004007.0,0.001
2025-10-09 11:00:00,1760007608.0,0.001
2025-10-09 12:00:00,1760011210.0,0.001
2025-10-09 13:00:00,1760014808.0,0.001
2025-10-09 14:00:00,1760018413.0,0.001
2025-10-09 15:00:00,1760022005.0,0.001
2025-10-09 16:00:00,1760025603.0,0.001
2025-10-09 17:00:00,1760029220.0,0.001
2025-10-09 18:00:00,1760032811.0,0.001
2025-10-09 19:00:00,1760036413.0,0.001
2025-10-09 20:00:00,1760040011.0,0.001
2025-10-09 21:00:00,1760043604.0,0.017
2025-10-09 22:00:00,1760047210.0,0.0165
2025-10-09 23:00:00,1760050811.0,0.015
2025-10-10 00:00:00,1760054411.0,0.016
2025-10-10 01:00:00,1760058007.0,0.0155
2025-10-10 02:00:00,1760061617.0,0.0145
2025-10-10 03:00:00,1760065216.0,0.0155
2025-10-10 04:00:00,1760068803.0,0.017
2025-10-10 05:00:00,1760072418.0,0.0155
2025-10-10 06:00:00,1760076003.0,0.0145
2025-10-10 07:00:00,1760079610.0,0.0145
2025-10-10 08:00:00,1760083211.0,0.014
2025-10-10 09:00:00,1760086812.0,0.015
2025-10-10 10:00:00,1760090412.0,0.0185
2025-10-10 11:00:00,1760094003.0,0.0175
2025-10-10 12:00:00,1760097617.0,0.017
2025-10-10 13:00:00,1760101212.0,0.0125
2025-10-10 14:00:00,1760104804.0,0.0115
2025-10-10 15:00:00,1760108421.0,0.007
2025-10-10 16:00:00,1760112020.0,0.015
2025-10-10 17:00:00,1760115607.0,0.013
2025-10-10 18:00:00,1760119216.0,0.01
2025-10-10 19:00:00,1760122808.0,0.0075
2025-10-10 20:00:00,1760126417.0,0.0135
2025-10-10 21:00:00,1760130003.0,0.0105
2025-10-10 22:00:00,1760133614.0,0.0165
2025-10-10 23:00:00,1760137209.0,0.0145
2025-10-11 00:00:00,1760140815.0,0.009
2025-10-11 01:00:00,1760144405.0,0.017
2025-10-11 02:00:00,1760148010.0,0.011
2025-10-11 03:00:00,1760151620.0,0.0165
2025-10-11 04:00:00,1760155207.0,0.0115
2025-10-11 05:00:00,1760158803.0,0.017
2025-10-11 06:00:00,1760162418.0,0.0135
2025-10-11 07:00:00,1760166016.0,0.0165
2025-10-11 08:00:00,1760169609.0,0.0155
2025-10-11 09:00:00,1760173216.0,0.013
2025-10-11 10:00:00,1760176810.0,0.0145
2025-10-11 11:00:00,1760180410.0,0.0095
2025-10-11 12:00:00,1760184014.0,0.0155
2025-10-11 13:00:00,1760187607.0,0.0045
2025-10-11 14:00:00,1760191214.0,0.0065
2025-10-11 15:00:00,1760194809.0,0.007
2025-10-11 16:00:00,1760198404.0,0.007
2025-10-11 17:00:00,1760202012.0,0.0065
2025-10-11 18:00:00,1760205608.0,0.0065
2025-10-11 19:00:00,1760209217.0,0.006
2025-10-11 20:00:00,1760212816.0,0.006
2025-10-11 21:00:00,1760216404.0,0.007
2025-10-11 22:00:00,1760220010.0,0.006
2025-10-11 23:00:00,1760223611.0,0.007
2025-10-12 00:00:00,1760227212.0,0.007
2025-10-12 01:00:00,1760230813.0,0.007
2025-10-12 02:00:00,1760234416.0,0.007
2025-10-12 03:00:00,1760238020.0,0.007
2025-10-12 04:00:00,1760241606.0,0.007
2025-10-12 05:00:00,1760245209.0,0.007
2025-10-12 06:00:00,1760248811.0,0.007
2025-10-12 07:00:00,1760252411.0,0.007
2025-10-12 08:00:00,1760256005.0,0.007
2025-10-12 09:00:00,1760259615.0,0.007
2025-10-12 10:00:00,1760263207.0,0.007
2025-10-12 11:00:00,1760266804.0,0.007
2025-10-12 12:00:00,1760270410.0,0.007
2025-10-12 13:00:00,1760274007.0,0.006
2025-10-12 14:00:00,1760277614.0,0.006
2025-10-12 15:00:00,1760281215.0,0.006
2025-10-12 16:00:00,1760284814.0,0.006
2025-10-12 17:00:00,1760288410.0,0.006
2025-10-12 18:00:00,1760292006.0,0.006
2025-10-12 19:00:00,1760295616.0,0.006
2025-10-12 20:00:00,1760299216.0,0.006
2025-10-12 21:00:00,1760302811.0,0.007
2025-10-12 22:00:00,1760306417.0,0.007
2025-10-12 23:00:00,1760310011.0,0.007
2025-10-13 00:00:00,1760313604.0,0.007
2025-10-13 01:00:00,1760317205.0,0.007
2025-10-13 02:00:00,1760320811.0,0.007
2025-10-13 03:00:00,1760324409.0,0.007
2025-10-13 04:00:00,1760328011.0,0.0065
2025-10-13 05:00:00,1760331602.0,0.0065
2025-10-13 06:00:00,1760335213.0,0.0065
2025-10-13 07:00:00,1760338818.0,0.0065
2025-10-13 08:00:00,1760342415.0,0.0065
2025-10-13 09:00:00,1760346018.0,0.007
2025-10-13 10:00:00,1760349610.0,0.007
2025-10-13 11:00:00,1760353205.0,0.007
2025-10-13 12:00:00,1760356819.0,0.0065
2025-10-13 13:00:00,1760360414.0,0.0065
2025-10-13 14:00:00,1760364006.0,0.0065
2025-10-13 15:00:00,1760367617.0,0.0045
2025-10-13 16:00:00,1760371212.0,0.007
2025-10-13 17:00:00,1760374807.0,0.007
2025-10-13 18:00:00,1760378417.0,0.007
2025-10-13 19:00:00,1760382006.0,0.007
2025-10-13 20:00:00,1760385605.0,0.006
2025-10-13 21:00:00,1760389221.0,0.0065
2025-10-13 22:00:00,1760392814.0,0.0055
2025-10-13 23:00:00,1760396405.0,0.0065
2025-10-14 00:00:00,1760400018.0,0.0065
2025-10-14 01:00:00,1760403607.0,0.0065
2025-10-14 02:00:00,1760407207.0,0.0065
2025-10-14 03:00:00,1760410820.0,0.0055
2025-10-14 04:00:00,1760414411.0,0.0055
2025-10-14 05:00:00,1760418012.0,0.0055
2025-10-14 06:00:00,1760421613.0,0.0055
2025-10-14 07:00:00,1760425208.0,0.0055
2025-10-14 08:00:00,1760428808.0,0.0055
2025-10-14 09:00:00,1760432422.0,0.0055
2025-10-14 10:00:00,1760436014.0,0.0055
2025-10-14 11:00:00,1760439616.0,0.0055
2025-10-14 12:00:00,1760443207.0,0.0055
2025-10-14 13:00:00,1760446816.0,0.0055
2025-10-14 14:00:00,1760450414.0,0.0055
2025-10-14 15:00:00,1760454003.0,0.0055
2025-10-14 16:00:00,1760457614.0,0.0055
2025-10-14 17:00:00,1760461205.0,0.0055
2025-10-14 18:00:00,1760464817.0,0.0055
2025-10-14 19:00:00,1760468413.0,0.0055
2025-10-14 20:00:00,1760472019.0,0.0055
2025-10-14 21:00:00,1760475608.0,0.0055
2025-10-14 22:00:00,1760479214.0,0.0045
2025-10-14 23:00:00,1760482810.0,0.0045
2025-10-15 00:00:00,1760486414.0,0.0045
2025-10-15 01:00:00,1760490011.0,0.0045
2025-10-15 02:00:00,1760493609.0,0.004
2025-10-15 03:00:00,1760497213.0,0.005
2025-10-15 04:00:00,1760500813.0,0.005
2025-10-15 05:00:00,1760504413.0,0.005
2025-10-15 06:00:00,1760508019.0,0.005
2025-10-15 07:00:00,1760511612.0,0.005
2025-10-15 08:00:00,1760515204.0,0.005
2025-10-15 09:00:00,1760518819.0,0.005
2025-10-15 10:00:00,1760522412.0,0.005
2025-10-15 11:00:00,1760526007.0,0.005
2025-10-15 12:00:00,1760529610.0,0.005
2025-10-15 13:00:00,1760533216.0,0.005
2025-10-15 14:00:00,1760536806.0,0.005
2025-10-15 15:00:00,1760540419.0,0.005
2025-10-15 16:00:00,1760544005.0,0.005
2025-10-15 17:00:00,1760547605.0,0.0055
2025-10-15 18:00:00,1760551222.0,0.0055
2025-10-15 19:00:00,1760554816.0,0.0055
2025-10-15 20:00:00,1760558418.0,0.005
2025-10-15 21:00:00,1760562004.0,0.005
2025-10-15 22:00:00,1760565607.0,0.005
2025-10-15 23:00:00,1760569204.0,0.004
2025-10-16 00:00:00,1760572816.0,0.002
2025-10-16 01:00:00,1760576408.0,0.002
2025-10-16 02:00:00,1760580005.0,0.002
2025-10-16 03:00:00,1760583613.0,0.002
2025-10-16 04:00:00,1760587213.0,0.002
2025-10-16 05:00:00,1760590814.0,0.002
2025-10-16 06:00:00,1760594428.0,0.002
2025-10-16 07:00:00,1760598016.0,0.002
2025-10-16 08:00:00,1760601613.0,0.002
2025-10-16 09:00:00,1760605209.0,0.002
2025-10-16 10:00:00,1760608803.0,0.002
2025-10-16 11:00:00,1760612412.0,0.002
2025-10-16 12:00:00,1760616028.0,0.002
2025-10-16 13:00:00,1760619613.0,0.002
2025-10-16 14:00:00,1760623221.0,0.002
2025-10-16 15:00:00,1760626805.0,0.002
2025-10-16 16:00:00,1760630412.0,0.002
2025-10-16 17:00:00,1760634012.0,0.002
2025-10-16 18:00:00,1760637621.0,0.002
2025-10-16 19:00:00,1760641220.0,0.002
2025-10-16 20:00:00,1760644803.0,0.002
2025-10-16 21:00:00,1760648424.0,0.002
2025-10-16 22:00:00,1760652013.0,0.002
2025-10-16 23:00:00,1760655610.0,0.002
2025-10-17 00:00:00,1760659214.0,0.002
2025-10-17 01:00:00,1760662808.0,0.002
2025-10-17 02:00:00,1760666408.0,0.002
2025-10-17 03:00:00,1760670006.0,0.002
2025-10-17 04:00:00,1760673619.0,0.002
2025-10-17 05:00:00,1760677208.0,0.002
2025-10-17 06:00:00,1760680825.0,0.002
2025-10-17 07:00:00,1760684408.0,0.002
2025-10-17 08:00:00,1760688012.0,0.002
2025-10-17 09:00:00,1760691625.0,0.002
2025-10-17 10:00:00,1760695215.0,0.002
2025-10-17 11:00:00,1760698806.0,0.002
2025-10-17 12:00:00,1760702405.0,0.002
2025-10-17 13:00:00,1760706015.0,0.002
2025-10-17 14:00:00,1760709614.0,0.002
2025-10-17 15:00:00,1760713206.0,0.002
2025-10-17 16:00:00,1760716819.0,0.002
2025-10-17 17:00:00,1760720411.0,0.002
2025-10-17 18:00:00,1760724021.0,0.002
2025-10-17 19:00:00,1760727617.0,0.002
2025-10-17 20:00:00,1760731210.0,0.002
2025-10-17 21:00:00,1760734807.0,0.002
2025-10-17 22:00:00,1760738409.0,0.002
2025-10-17 23:00:00,1760742009.0,0.002
2025-10-18 00:00:00,1760745611.0,0.002
2025-10-18 01:00:00,1760749210.0,0.002
2025-10-18 02:00:00,1760752809.0,0.002
2025-10-18 03:00:00,1760756405.0,0.002
2025-10-18 04:00:00,1760760016.0,0.002
2025-10-18 05:00:00,1760763603.0,0.002
2025-10-18 06:00:00,1760767205.0,0.002
2025-10-18 07:00:00,1760770823.0,0.002
2025-10-18 08:00:00,1760774412.0,0.002
2025-10-18 09:00:00,1760778006.0,0.002
2025-10-18 10:00:00,1760781615.0,0.002
2025-10-18 11:00:00,1760785211.0,0.002
2025-10-18 12:00:00,1760788803.0,0.002
2025-10-18 13:00:00,1760792415.0,0.002
2025-10-18 14:00:00,1760796012.0,0.002
2025-10-18 15:00:00,1760799620.0,0.002
2025-10-18 16:00:00,1760803222.0,0.002
2025-10-18 17:00:00,1760806813.0,0.002
2025-10-18 18:00:00,1760810429.0,0.002
2025-10-18 19:00:00,1760814020.0,0.002
2025-10-18 20:00:00,1760817606.0,0.002
2025-10-18 21:00:00,1760821219.0,0.002
2025-10-18 22:00:00,1760824806.0,0.002
2025-10-18 23:00:00,1760828407.0,0.002
2025-10-19 00:00:00,1760832017.0,0.002
2025-10-19 01:00:00,1760835605.0,0.002
2025-10-19 02:00:00,1760839213.0,0.002
2025-10-19 03:00:00,1760842803.0,0.002
2025-10-19 04:00:00,1760846421.0,0.002
2025-10-19 05:00:00,1760850018.0,0.0015
2025-10-19 06:00:00,1760853608.0,0.0015
2025-10-19 07:00:00,1760857211.0,0.0015
2025-10-19 08:00:00,1760860813.0,0.0015
2025-10-19 09:00:00,1760864410.0,0.002
2025-10-19 10:00:00,1760868016.0,0.0015
2025-10-19 11:00:00,1760871616.0,0.0015
2025-10-19 12:00:00,1760875206.0,0.0015
2025-10-19 13:00:00,1760878808.0,0.0015
2025-10-19 14:00:00,1760882417.0,0.0015
2025-10-19 15:00:00,1760886020.0,0.0015
2025-10-19 16:00:00,1760889615.0,0.0015
2025-10-19 17:00:00,1760893216.0,0.0015
2025-10-19 18:00:00,1760896811.0,0.0015
2025-10-19 19:00:00,1760900416.0,0.0015
2025-10-19 20:00:00,1760904011.0,0.0015
2025-10-19 21:00:00,1760907619.0,0.0015
2025-10-19 22:00:00,1760911214.0,0.0015
2025-10-19 23:00:00,1760914808.0,0.0015
2025-10-20 00:00:00,1760918412.0,0.0015
2025-10-20 01:00:00,1760922005.0,0.0015
2025-10-20 02:00:00,1760925610.0,0.0015
2025-10-20 03:00:00,1760929223.0,0.0015
2025-10-20 04:00:00,1760932811.0,0.0015
2025-10-20 05:00:00,1760936403.0,0.0015
2025-10-20 06:00:00,1760940010.0,0.0015
2025-10-20 07:00:00,1760943619.0,0.0015
2025-10-20 08:00:00,1760947205.0,0.0015
2025-10-20 09:00:00,1760950807.0,0.0015
2025-10-20 10:00:00,1760954408.0,0.0015
2025-10-20 11:00:00,1760958012.0,0.0015
2025-10-20 12:00:00,1760961621.0,0.0015
2025-10-20 13:00:00,1760965217.0,0.0015
2025-10-20 14:00:00,1760968813.0,0.0015
2025-10-20 15:00:00,1760972423.0,0.0015
2025-10-20 16:00:00,1760976006.0,0.0015
2025-10-20 17:00:00,1760979613.0,0.0015
2025-10-20 18:00:00,1760983214.0,0.0015
2025-10-20 19:00:00,1760986805.0,0.0015
2025-10-20 20:00:00,1760990412.0,0.0015
2025-10-20 21:00:00,1760994018.0,0.0015
2025-10-20 22:00:00,1760997610.0,0.0015
2025-10-20 23:00:00,1761001212.0,0.0015
2025-10-21 00:00:00,1761004820.0,0.0015
2025-10-21 01:00:00,1761008411.0,0.0015
2025-10-21 02:00:00,1761012003.0,0.0015
2025-10-21 03:00:00,1761015620.0,0.0015
2025-10-21 04:00:00,1761019214.0,0.0015
2025-10-21 05:00:00,1761022811.0,0.0015
2025-10-21 06:00:00,1761026412.0,0.0015
2025-10-21 07:00:00,1761030014.0,0.0015
2025-10-21 08:00:00,1761033605.0,0.0015
2025-10-21 09:00:00,1761037212.0,0.0015
2025-10-21 10:00:00,1761040811.0,0.0015
2025-10-21 11:00:00,1761044418.0,0.0015
2025-10-21 12:00:00,1761048016.0,0.0015
2025-10-21 13:00:00,1761051608.0,0.0015
2025-10-21 14:00:00,1761055214.0,0.0015
2025-10-21 15:00:00,1761058811.0,0.0015
2025-10-21 16:00:00,1761062417.0,0.0015
2025-10-21 17:00:00,1761066016.0,0.0015
2025-10-21 18:00:00,1761069616.0,0.0015
2025-10-21 19:00:00,1761073222.0,0.0015
2025-10-21 20:00:00,1761076821.0,0.0015
2025-10-21 21:00:00,1761080426.0,0.0015
2025-10-21 22:00:00,1761084019.0,0.0015
2025-10-21 23:00:00,1761087611.0,0.0015
2025-10-22 00:00:00,1761091216.0,0.0015
2025-10-22 01:00:00,1761094812.0,0.0015
2025-10-22 02:00:00,1761098410.0,0.0015
2025-10-22 03:00:00,1761102020.0,0.0015
2025-10-22 04:00:00,1761105615.0,0.0015
2025-10-22 05:00:00,1761109215.0,0.0015
2025-10-22 06:00:00,1761112816.0,0.0015
2025-10-22 07:00:00,1761116410.0,0.0015
2025-10-22 08:00:00,1761120011.0,0.0015
2025-10-22 09:00:00,1761123615.0,0.0015
2025-10-22 10:00:00,1761127214.0,0.0015
2025-10-22 11:00:00,1761130810.0,0.0015
2025-10-22 12:00:00,1761134420.0,0.0015
2025-10-22 13:00:00,1761138015.0,0.0015
2025-10-22 14:00:00,1761141613.0,0.0015
2025-10-22 15:00:00,1761145219.0,0.0015
2025-10-22 16:00:00,1761148814.0,0.0015
2025-10-22 17:00:00,1761152416.0,0.0015
2025-10-22 18:00:00,1761156020.0,0.0015
2025-10-22 19:00:00,1761159615.0,0.0015
2025-10-22 20:00:00,1761163215.0,0.0015
2025-10-22 21:00:00,1761166818.0,0.0015
2025-10-22 22:00:00,1761170415.0,0.0015
2025-10-22 23:00:00,1761174015.0,0.0015
2025-10-23 00:00:00,1761177609.0,0.0015
2025-10-23 01:00:00,1761181209.0,0.0015
2025-10-23 02:00:00,1761184809.0,0.0015
2025-10-23 03:00:00,1761188410.0,0.0015
2025-10-23 04:00:00,1761192010.0,0.0015
2025-10-23 05:00:00,1761195611.0,0.0015
2025-10-23 06:00:00,1761199212.0,0.0015
2025-10-23 07:00:00,1761202809.0,0.0015
2025-10-23 08:00:00,1761206411.0,0.0015
2025-10-23 09:00:00,1761210011.0,0.0015
2025-10-23 10:00:00,1761213610.0,0.0015
2025-10-23 11:00:00,1761217212.0,0.0015
2025-10-23 12:00:00,1761220814.0,0.0015
2025-10-23 13:00:00,1761224412.0,0.0015
2025-10-23 14:00:00,1761228041.0,0.0015
2025-10-23 15:00:00,1761231611.0,0.0015
2025-10-23 16:00:00,1761235212.0,0.0015
2025-10-23 17:00:00,1761238813.0,0.0015
2025-10-23 18:00:00,1761242413.0,0.0015
2025-10-23 19:00:00,1761246013.0,0.0015
2025-10-23 20:00:00,1761249613.0,0.0015
2025-10-23 21:00:00,1761253214.0,0.0015
2025-10-23 22:00:00,1761256813.0,0.0015
2025-10-23 23:00:00,1761260413.0,0.0015
2025-10-24 00:00:00,1761264013.0,0.0015
2025-10-24 01:00:00,1761267611.0,0.0015
2025-10-24 02:00:00,1761271212.0,0.0015
2025-10-24 03:00:00,1761274814.0,0.0015
2025-10-24 04:00:00,1761278413.0,0.0015
2025-10-24 05:00:00,1761282013.0,0.0015
2025-10-24 06:00:00,1761285615.0,0.0015
2025-10-24 07:00:00,1761289213.0,0.0015
2025-10-24 08:00:00,1761292813.0,0.0015
2025-10-24 09:00:00,1761296414.0,0.0015
2025-10-24 10:00:00,1761300014.0,0.0015
2025-10-24 11:00:00,1761303613.0,0.0015
2025-10-24 12:00:00,1761307216.0,0.0015
2025-10-24 13:00:00,1761310813.0,0.0015
2025-10-24 14:00:00,1761314414.0,0.0015
2025-10-24 15:00:00,1761318015.0,0.0015
2025-10-24 16:00:00,1761321613.0,0.0015
2025-10-24 17:00:00,1761325215.0,0.0015
2025-10-24 18:00:00,1761328815.0,0.002
2025-10-24 19:00:00,1761332415.0,0.002
2025-10-24 20:00:00,1761336014.0,0.002
2025-10-24 21:00:00,1761339616.0,0.002
2025-10-24 22:00:00,1761343214.0,0.002
2025-10-24 23:00:00,1761346813.0,0.002
2025-10-25 00:00:00,1761350413.0,0.002
2025-10-25 01:00:00,1761354010.0,0.002
2025-10-25 02:00:00,1761357612.0,0.002
2025-10-25 03:00:00,1761361214.0,0.002
2025-10-25 04:00:00,1761364814.0,0.002
2025-10-25 05:00:00,1761368414.0,0.002
2025-10-25 06:00:00,1761372015.0,0.002
2025-10-25 07:00:00,1761375615.0,0.002
2025-10-25 08:00:00,1761379213.0,0.002
2025-10-25 09:00:00,1761382816.0,0.002
2025-10-25 10:00:00,1761386415.0,0.002
2025-10-25 11:00:00,1761390014.0,0.002
2025-10-25 12:00:00,1761393617.0,0.002
2025-10-25 13:00:00,1761397213.0,0.002
2025-10-25 14:00:00,1761400814.0,0.002
2025-10-25 15:00:00,1761404415.0,0.002
2025-10-25 16:00:00,1761408014.0,0.002
2025-10-25 17:00:00,1761411616.0,0.002
2025-10-25 18:00:00,1761415216.0,0.002
2025-10-25 19:00:00,1761418814.0,0.002
2025-10-25 20:00:00,1761422413.0,0.002
2025-10-25 21:00:00,1761426016.0,0.0015
2025-10-25 22:00:00,1761429613.0,0.0015
2025-10-25 23:00:00,1761433213.0,0.0015
2025-10-26 00:00:00,1761436814.0,0.0015
2025-10-26 01:00:00,1761440411.0,0.0015
2025-10-26 02:00:00,1761444012.0,0.0015
2025-10-26 03:00:00,1761447614.0,0.0015
2025-10-26 04:00:00,1761451213.0,0.0015
2025-10-26 05:00:00,1761454813.0,0.0015
2025-10-26 06:00:00,1761458415.0,0.0015
2025-10-26 07:00:00,1761462013.0,0.0015
2025-10-26 08:00:00,1761465613.0,0.0015
2025-10-26 09:00:00,1761469215.0,0.0015
2025-10-26 10:00:00,1761472813.0,0.0015
2025-10-26 11:00:00,1761476413.0,0.0015
2025-10-26 12:00:00,1761480018.0,0.0015
2025-10-26 13:00:00,1761483612.0,0.0015
2025-10-26 14:00:00,1761487213.0,0.0015
2025-10-26 15:00:00,1761490813.0,0.0015
2025-10-26 16:00:00,1761494412.0,0.0015
2025-10-26 17:00:00,1761498012.0,0.0015
2025-10-26 18:00:00,1761501614.0,0.0015
2025-10-26 19:00:00,1761505211.0,0.0015
2025-10-26 20:00:00,1761508812.0,0.0015
2025-10-26 21:00:00,1761512414.0,0.0015
2025-10-26 22:00:00,1761516012.0,0.0015
2025-10-26 23:00:00,1761519612.0,0.0015
2025-10-27 00:00:00,1761523213.0,0.0015
2025-10-27 01:00:00,1761526810.0,0.0015
2025-10-27 02:00:00,1761530412.0,0.0015
2025-10-27 03:00:00,1761534014.0,0.0015
2025-10-27 04:00:00,1761537611.0,0.0015
2025-10-27 05:00:00,1761541212.0,0.0015
2025-10-27 06:00:00,1761544813.0,0.0015
2025-10-27 07:00:00,1761548410.0,0.0015
2025-10-27 08:00:00,1761552012.0,0.0015
2025-10-27 09:00:00,1761555613.0,0.013
2025-10-27 10:00:00,1761559212.0,0.008
2025-10-27 11:00:00,1761562811.0,0.0085
2025-10-27 12:00:00,1761566416.0,0.0075
2025-10-27 13:00:00,1761570013.0,0.006
2025-10-27 14:00:00,1761573611.0,0.0035
2025-10-27 15:00:00,1761577214.0,0.0035
2025-10-27 16:00:00,1761580813.0,0.013
2025-10-27 17:00:00,1761584413.0,0.013
2025-10-27 18:00:00,1761588014.0,0.009
2025-10-27 19:00:00,1761591612.0,0.009
2025-10-27 20:00:00,1761595213.0,0.009
2025-10-27 21:00:00,1761598815.0,0.009
2025-10-27 22:00:00,1761602413.0,0.009
2025-10-27 23:00:00,1761606012.0,0.009
2025-10-28 00:00:00,1761609616.0,0.0135
2025-10-28 01:00:00,1761613212.0,0.0135
2025-10-28 02:00:00,1761616813.0,0.0135
2025-10-28 03:00:00,1761620421.0,0.0135
2025-10-28 04:00:00,1761624018.0,0.0135
2025-10-28 05:00:00,1761627612.0,0.0135
2025-10-28 06:00:00,1761631216.0,0.0135
2025-10-28 07:00:00,1761634812.0,0.0135
2025-10-28 08:00:00,1761638413.0,0.0135
2025-10-28 09:00:00,1761642013.0,0.0135
2025-10-28 10:00:00,1761645617.0,0.014
2025-10-28 11:00:00,1761649217.0,0.012
2025-10-28 12:00:00,1761652814.0,0.01
2025-10-28 13:00:00,1761656417.0,0.01
2025-10-28 14:00:00,1761660015.0,0.009
2025-10-28 15:00:00,1761663618.0,0.0095
2025-10-28 16:00:00,1761667218.0,0.0075
2025-10-28 17:00:00,1761670819.0,0.015
2025-10-28 18:00:00,1761674418.0,0.015
2025-10-28 19:00:00,1761678016.0,0.008
2025-10-28 20:00:00,1761681618.0,0.008
2025-10-28 21:00:00,1761685218.0,0.006
2025-10-28 22:00:00,1761688817.0,0.006
2025-10-28 23:00:00,1761692417.0,0.006
2025-10-29 00:00:00,1761696015.0,0.006
2025-10-29 01:00:00,1761699611.0,0.006
2025-10-29 02:00:00,1761703211.0,0.006
2025-10-29 03:00:00,1761706817.0,0.006
2025-10-29 04:00:00,1761710416.0,0.006
2025-10-29 05:00:00,1761714017.0,0.006
2025-10-29 06:00:00,1761717614.0,0.006
2025-10-29 07:00:00,1761721212.0,0.006
2025-10-29 08:00:00,1761724818.0,0.006
2025-10-29 09:00:00,1761728418.0,0.006
2025-10-29 11:00:00,1761738141.0,0.006
2025-10-29 13:00:00,1761743340.0,0.006
2025-10-29 14:00:00,1761746412.0,0.006
2025-10-29 15:00:00,1761750015.0,0.006
2025-10-29 16:00:00,1761753612.0,0.006
2025-10-29 17:00:00,1761757214.0,0.006
2025-10-29 18:00:00,1761760814.0,0.006
2025-10-29 19:00:00,1761764414.0,0.006
2025-10-29 20:00:00,1761768014.0,0.006
2025-10-29 21:00:00,1761771614.0,0.006
2025-10-29 22:00:00,1761775214.0,0.006
2025-10-29 23:00:00,1761778814.0,0.006
2025-10-30 00:00:00,1761782415.0,0.006
2025-10-30 01:00:00,1761786012.0,0.006
2025-10-30 02:00:00,1761789612.0,0.006
2025-10-30 03:00:00,1761793215.0,0.006
2025-10-30 04:00:00,1761796814.0,0.006
2025-10-30 05:00:00,1761800415.0,0.006
2025-10-30 06:00:00,1761804015.0,0.006
2025-10-30 07:00:00,1761807614.0,0.006
2025-10-30 08:00:00,1761811214.0,0.006
2025-10-30 09:00:00,1761814815.0,0.006
2025-10-30 10:00:00,1761818410.0,0.006
2025-10-30 11:00:00,1761822015.0,0.006
2025-10-30 12:00:00,1761825616.0,0.006
2025-10-30 13:00:00,1761829214.0,0.006
2025-10-30 14:00:00,1761832814.0,0.006
2025-10-30 15:00:00,1761836415.0,0.006
2025-10-30 16:00:00,1761840014.0,0.006
2025-10-30 17:00:00,1761843615.0,0.006
2025-10-30 18:00:00,1761847215.0,0.006
2025-10-30 19:00:00,1761850814.0,0.006
2025-10-30 20:00:00,1761854415.0,0.006
2025-10-30 21:00:00,1761858016.0,0.006
2025-10-30 22:00:00,1761861615.0,0.006
2025-10-30 23:00:00,1761865215.0,0.006
2025-10-31 00:00:00,1761868810.0,0.006
2025-10-31 01:00:00,1761872410.0,0.006
2025-10-31 02:00:00,1761876012.0,0.006
2025-10-31 03:00:00,1761879613.0,0.006
2025-10-31 04:00:00,1761883213.0,0.006
2025-10-31 05:00:00,1761886813.0,0.006
2025-10-31 06:00:00,1761890414.0,0.006
2025-10-31 07:00:00,1761894014.0,0.006
2025-10-31 08:00:00,1761897619.0,0.006
2025-10-31 09:00:00,1761901214.0,0.006
2025-10-31 10:00:00,1761904814.0,0.006
2025-10-31 11:00:00,1761908413.0,0.006
2025-10-31 12:00:00,1761912016.0,0.006
2025-10-31 13:00:00,1761915613.0,0.006
2025-10-31 14:00:00,1761919214.0,0.006
2025-10-31 15:00:00,1761922814.0,0.006
2025-10-31 16:00:00,1761926414.0,0.006
2025-10-31 17:00:00,1761930016.0,0.006
2025-10-31 18:00:00,1761933615.0,0.006
2025-10-31 19:00:00,1761937215.0,0.006
2025-10-31 20:00:00,1761940813.0,0.006
2025-10-31 21:00:00,1761944415.0,0.006
2025-10-31 22:00:00,1761948014.0,0.006
2025-10-31 23:00:00,1761951615.0,0.006
2025-11-01 00:00:00,1761955214.0,0.006
2025-11-01 01:00:00,1761958813.0,0.006
2025-11-01 02:00:00,1761962414.0,0.0055
2025-11-01 03:00:00,1761966016.0,0.0055
2025-11-01 04:00:00,1761969615.0,0.0055
2025-11-01 05:00:00,1761973215.0,0.0055
2025-11-01 06:00:00,1761976815.0,0.0055
2025-11-01 07:00:00,1761980416.0,0.0055
2025-11-01 08:00:00,1761984014.0,0.0055
2025-11-01 09:00:00,1761987615.0,0.0055
2025-11-01 10:00:00,1761991216.0,0.0055
2025-11-01 11:00:00,1761994814.0,0.0055
2025-11-01 12:00:00,1761998419.0,0.0055
2025-11-01 13:00:00,1762002013.0,0.0055
2025-11-01 14:00:00,1762005614.0,0.0055
2025-11-01 15:00:00,1762009217.0,0.0055
2025-11-01 16:00:00,1762012815.0,0.0055
2025-11-01 17:00:00,1762016417.0,0.0055
2025-11-01 18:00:00,1762020015.0,0.0055
2025-11-01 19:00:00,1762023614.0,0.0055
2025-11-01 20:00:00,1762027216.0,0.0055
2025-11-01 21:00:00,1762030816.0,0.0055
2025-11-01 22:00:00,1762034415.0,0.0055
2025-11-01 23:00:00,1762038014.0,0.0055
2025-11-02 00:00:00,1762041612.0,0.0055
2025-11-02 01:00:00,1762045211.0,0.0055
2025-11-02 02:00:00,1762048812.0,0.0055
2025-11-02 03:00:00,1762052414.0,0.0055
2025-11-02 04:00:00,1762056014.0,0.0055
2025-11-02 05:00:00,1762059614.0,0.0055
2025-11-02 06:00:00,1762063215.0,0.0055
2025-11-02 07:00:00,1762066814.0,0.0055
2025-11-02 08:00:00,1762070413.0,0.0055
2025-11-02 09:00:00,1762074014.0,0.0055
2025-11-02 10:00:00,1762077614.0,0.0055
2025-11-02 11:00:00,1762081215.0,0.0055
2025-11-02 12:00:00,1762084816.0,0.0055
2025-11-02 13:00:00,1762088414.0,0.0055
2025-11-02 14:00:00,1762092014.0,0.0055
2025-11-02 15:00:00,1762095614.0,0.0055
2025-11-02 16:00:00,1762099214.0,0.0055
2025-11-02 17:00:00,1762102815.0,0.0055
2025-11-02 18:00:00,1762106416.0,0.0055
2025-11-02 19:00:00,1762110015.0,0.0055
2025-11-02 20:00:00,1762113614.0,0.0055
2025-11-02 21:00:00,1762117216.0,0.0055
2025-11-02 22:00:00,1762120814.0,0.0055
2025-11-02 23:00:00,1762124415.0,0.0055
2025-11-03 00:00:00,1762128012.0,0.0055
2025-11-03 01:00:00,1762131612.0,0.0055
2025-11-03 02:00:00,1762135214.0,0.0055
2025-11-03 03:00:00,1762138814.0,0.0055
2025-11-03 04:00:00,1762142414.0,0.0055
2025-11-03 05:00:00,1762146014.0,0.0055
2025-11-03 06:00:00,1762149615.0,0.0055
2025-11-03 07:00:00,1762153214.0,0.0055
2025-11-03 08:00:00,1762156814.0,0.0055
2025-11-03 09:00:00,1762160414.0,0.0055
2025-11-03 10:00:00,1762164014.0,0.0055
2025-11-03 11:00:00,1762167613.0,0.0055
2025-11-03 12:00:00,1762171215.0,0.0055
2025-11-03 13:00:00,1762174813.0,0.0055
2025-11-03 14:00:00,1762178413.0,0.0055
2025-11-03 15:00:00,1762182013.0,0.0055
2025-11-03 16:00:00,1762185614.0,0.0055
2025-11-03 17:00:00,1762189215.0,0.0055
2025-11-03 18:00:00,1762192815.0,0.0055
2025-11-03 19:00:00,1762196414.0,0.0055
2025-11-03 20:00:00,1762200014.0,0.0055
2025-11-03 21:00:00,1762203616.0,0.0055
2025-11-03 22:00:00,1762207214.0,0.0055
2025-11-03 23:00:00,1762210815.0,0.0055
2025-11-04 00:00:00,1762214413.0,0.0055
2025-11-04 01:00:00,1762218011.0,0.014
2025-11-04 02:00:00,1762221613.0,0.0135
2025-11-04 03:00:00,1762225215.0,0.0145
2025-11-04 04:00:00,1762228815.0,0.0145
2025-11-04 05:00:00,1762232413.0,0.0125
2025-11-04 06:00:00,1762236015.0,0.01
2025-11-04 07:00:00,1762239615.0,0.01
2025-11-04 08:00:00,1762243215.0,0.009
2025-11-04 09:00:00,1762246815.0,0.01
2025-11-04 10:00:00,1762250415.0,0.011
2025-11-04 11:00:00,1762254015.0,0.01
2025-11-04 12:00:00,1762257617.0,0.01
2025-11-04 13:00:00,1762261215.0,0.01
2025-11-04 14:00:00,1762264815.0,0.01
2025-11-04 15:00:00,1762268414.0,0.0105
2025-11-04 16:00:00,1762272016.0,0.0105
2025-11-04 17:00:00,1762275616.0,0.0105
2025-11-04 18:00:00,1762279216.0,0.01
2025-11-04 19:00:00,1762282816.0,0.01
2025-11-04 20:00:00,1762286415.0,0.01
2025-11-04 21:00:00,1762290018.0,0.0095
2025-11-04 22:00:00,1762293616.0,0.0095
2025-11-04 23:00:00,1762297215.0,0.01
2025-11-05 00:00:00,1762300814.0,0.0095
2025-11-05 01:00:00,1762304413.0,0.01
2025-11-05 02:00:00,1762308013.0,0.0075
2025-11-05 03:00:00,1762311615.0,0.01
2025-11-05 04:00:00,1762315214.0,0.0095
2025-11-05 05:00:00,1762318815.0,0.009
2025-11-05 06:00:00,1762322416.0,0.01
2025-11-05 07:00:00,1762326016.0,0.009
2025-11-05 08:00:00,1762329615.0,0.009
2025-11-05 09:00:00,1762333216.0,0.0085
2025-11-05 10:00:00,1762336815.0,0.0095
2025-11-05 11:00:00,1762340415.0,0.009
2025-11-05 12:00:00,1762344018.0,0.0085
2025-11-05 13:00:00,1762347615.0,0.0085
2025-11-05 14:00:00,1762351215.0,0.0095
2025-11-05 15:00:00,1762354816.0,0.0095
2025-11-05 16:00:00,1762358414.0,0.0075
2025-11-05 17:00:00,1762362015.0,0.0095
2025-11-05 18:00:00,1762365615.0,0.0095
2025-11-05 19:00:00,1762369215.0,0.0095
2025-11-05 20:00:00,1762372814.0,0.0095
2025-11-05 21:00:00,1762376415.0,0.0095
2025-11-05 22:00:00,1762380014.0,0.0095
2025-11-05 23:00:00,1762383615.0,0.0095
2025-11-06 00:00:00,1762387209.0,0.0095
2025-11-06 01:00:00,1762390810.0,0.0095
2025-11-06 02:00:00,1762394412.0,0.0095
2025-11-06 03:00:00,1762398015.0,0.0095
2025-11-06 04:00:00,1762401614.0,0.0095
2025-11-06 05:00:00,1762405213.0,0.0095
2025-11-06 06:00:00,1762408815.0,0.0095
2025-11-06 07:00:00,1762412414.0,0.0095
2025-11-06 08:00:00,1762416012.0,0.0095
2025-11-06 09:00:00,1762419615.0,0.0085
2025-11-06 10:00:00,1762423209.0,0.0085
2025-11-06 11:00:00,1762426814.0,0.0055
2025-11-06 12:00:00,1762430419.0,0.0055
2025-11-06 13:00:00,1762434013.0,0.0055
2025-11-06 14:00:00,1762437614.0,0.0055
2025-11-06 15:00:00,1762441214.0,0.0055
2025-11-06 16:00:00,1762444815.0,0.0055
2025-11-06 17:00:00,1762448416.0,0.0055
2025-11-06 18:00:00,1762452015.0,0.0055
2025-11-06 19:00:00,1762455615.0,0.0055
2025-11-06 20:00:00,1762459217.0,0.0085
2025-11-06 21:00:00,1762462818.0,0.0085
2025-11-06 22:00:00,1762466415.0,0.0085
2025-11-06 23:00:00,1762470015.0,0.0085
2025-11-07 00:00:00,1762473613.0,0.0085
2025-11-07 01:00:00,1762477212.0,0.009
2025-11-07 02:00:00,1762480816.0,0.009
2025-11-07 03:00:00,1762484416.0,0.008
2025-11-07 04:00:00,1762488014.0,0.008
2025-11-07 05:00:00,1762491616.0,0.008
2025-11-07 06:00:00,1762495219.0,0.008
2025-11-07 07:00:00,1762498816.0,0.008
2025-11-07 08:00:00,1762502414.0,0.008
2025-11-07 09:00:00,1762506015.0,0.008
2025-11-07 10:00:00,1762509615.0,0.0075
2025-11-07 11:00:00,1762513214.0,0.0075
2025-11-07 12:00:00,1762516818.0,0.0075
2025-11-07 13:00:00,1762520416.0,0.0075
2025-11-07 14:00:00,1762524018.0,0.0075
2025-11-07 15:00:00,1762527626.0,0.0075
2025-11-07 16:00:00,1762531216.0,0.0075
2025-11-07 17:00:00,1762534834.0,0.0075
2025-11-07 18:00:00,1762538418.0,0.008
2025-11-07 19:00:00,1762542018.0,0.008
2025-11-07 20:00:00,1762545628.0,0.008
2025-11-07 21:00:00,1762549217.0,0.008
2025-11-07 22:00:00,1762552815.0,0.008
2025-11-07 23:00:00,1762556431.0,0.008
2025-11-08 00:00:00,1762560010.0,0.008
2025-11-08 01:00:00,1762563611.0,0.008
2025-11-08 02:00:00,1762567207.0,0.008
2025-11-08 03:00:00,1762570815.0,0.008
2025-11-08 04:00:00,1762574415.0,0.0085
2025-11-08 05:00:00,1762578008.0,0.0085
2025-11-08 06:00:00,1762581614.0,0.0085
2025-11-08 07:00:00,1762585215.0,0.0085
2025-11-08 08:00:00,1762588812.0,0.009
2025-11-08 09:00:00,1762592414.0,0.009
2025-11-08 10:00:00,1762596014.0,0.009
2025-11-08 11:00:00,1762599626.0,0.009
2025-11-08 12:00:00,1762603230.0,0.009
2025-11-08 13:00:00,1762606814.0,0.009
2025-11-08 14:00:00,1762610414.0,0.008
2025-11-08 15:00:00,1762614015.0,0.008
2025-11-08 16:00:00,1762617615.0,0.008
2025-11-08 17:00:00,1762621216.0,0.008
2025-11-08 18:00:00,1762624815.0,0.008
2025-11-08 19:00:00,1762628415.0,0.008
2025-11-08 20:00:00,1762632014.0,0.008
2025-11-08 21:00:00,1762635616.0,0.008
2025-11-08 22:00:00,1762639215.0,0.008
2025-11-08 23:00:00,1762642814.0,0.008
2025-11-09 00:00:00,1762646426.0,0.008
2025-11-09 01:00:00,1762650012.0,0.008
2025-11-09 02:00:00,1762653613.0,0.008
2025-11-09 03:00:00,1762657215.0,0.008
2025-11-09 04:00:00,1762660825.0,0.008
2025-11-09 05:00:00,1762664414.0,0.008
2025-11-09 06:00:00,1762668015.0,0.008
2025-11-09 07:00:00,1762671614.0,0.008
2025-11-09 08:00:00,1762675214.0,0.008
2025-11-09 09:00:00,1762678815.0,0.008
2025-11-09 10:00:00,1762682414.0,0.008
2025-11-09 11:00:00,1762686014.0,0.008
2025-11-09 12:00:00,1762689616.0,0.008
2025-11-09 13:00:00,1762693213.0,0.008
2025-11-09 14:00:00,1762696813.0,0.008
2025-11-09 15:00:00,1762700414.0,0.008
2025-11-09 16:00:00,1762704013.0,0.008
2025-11-09 17:00:00,1762707614.0,0.008
2025-11-09 18:00:00,1762711215.0,0.008
2025-11-09 19:00:00,1762714814.0,0.008
2025-11-09 20:00:00,1762718413.0,0.008
2025-11-09 21:00:00,1762722015.0,0.008
2025-11-09 22:00:00,1762725614.0,0.008
2025-11-09 23:00:00,1762729214.0,0.008
2025-11-10 00:00:00,1762732810.0,0.008
2025-11-10 01:00:00,1762736423.0,0.008
2025-11-10 02:00:00,1762740011.0,0.008
2025-11-10 03:00:00,1762743613.0,0.008
2025-11-10 04:00:00,1762747214.0,0.008
2025-11-10 05:00:00,1762750814.0,0.0075
2025-11-10 06:00:00,1762754415.0,0.0075
2025-11-10 07:00:00,1762758013.0,0.0075
2025-11-10 08:00:00,1762761613.0,0.007
2025-11-10 09:00:00,1762765225.0,0.007
2025-11-10 10:00:00,1762768815.0,0.007
2025-11-10 11:00:00,1762772413.0,0.007
2025-11-10 12:00:00,1762776016.0,0.007
2025-11-10 13:00:00,1762779615.0,0.007
2025-11-10 14:00:00,1762783214.0,0.007
2025-11-10 15:00:00,1762786816.0,0.007
2025-11-10 16:00:00,1762790416.0,0.007
2025-11-10 17:00:00,1762794014.0,0.0055
2025-11-10 18:00:00,1762797616.0,0.0055
2025-11-10 19:00:00,1762801215.0,0.0055
2025-11-10 20:00:00,1762804814.0,0.0055
2025-11-10 21:00:00,1762808416.0,0.0085
2025-11-10 22:00:00,1762812015.0,0.0085
2025-11-10 23:00:00,1762815614.0,0.0085
2025-11-11 00:00:00,1762819216.0,0.0085
2025-11-11 01:00:00,1762822815.0,0.0085
2025-11-11 02:00:00,1762826416.0,0.0085
2025-11-11 03:00:00,1762830018.0,0.0085
2025-11-11 04:00:00,1762833618.0,0.0085
2025-11-11 05:00:00,1762837215.0,0.0085
2025-11-11 06:00:00,1762840823.0,0.0085
2025-11-11 07:00:00,1762844416.0,0.0085
2025-11-11 08:00:00,1762848027.0,0.0085
2025-11-11 09:00:00,1762851616.0,0.0085
2025-11-11 10:00:00,1762855216.0,0.0085
2025-11-11 11:00:00,1762858831.0,0.0085
2025-11-11 12:00:00,1762862431.0,0.0085
2025-11-11 13:00:00,1762866013.0,0.0085
2025-11-11 14:00:00,1762869616.0,0.0085
2025-11-11 15:00:00,1762873230.0,0.0085
2025-11-11 16:00:00,1762876816.0,0.0085
2025-11-11 17:00:00,1762880416.0,0.0085
2025-11-11 18:00:00,1762884016.0,0.0085
2025-11-11 19:00:00,1762887615.0,0.008
2025-11-11 20:00:00,1762891216.0,0.008
2025-11-11 21:00:00,1762894818.0,0.008
2025-11-11 22:00:00,1762898415.0,0.008
2025-11-11 23:00:00,1762902016.0,0.008
2025-11-12 00:00:00,1762905614.0,0.008
2025-11-12 01:00:00,1762909211.0,0.008
2025-11-12 02:00:00,1762912813.0,0.008
2025-11-12 03:00:00,1762916416.0,0.008
2025-11-12 04:00:00,1762920016.0,0.008
2025-11-12 05:00:00,1762923615.0,0.008
2025-11-12 06:00:00,1762927217.0,0.008
2025-11-12 07:00:00,1762930817.0,0.008
2025-11-12 08:00:00,1762934414.0,0.008
2025-11-12 09:00:00,1762938017.0,0.008
2025-11-12 10:00:00,1762941614.0,0.008
2025-11-12 11:00:00,1762945215.0,0.008
2025-11-12 12:00:00,1762948818.0,0.008
2025-11-12 13:00:00,1762952415.0,0.008
2025-11-12 14:00:00,1762956016.0,0.008
2025-11-12 15:00:00,1762959616.0,0.008
2025-11-12 16:00:00,1762963216.0,0.0085
2025-11-12 17:00:00,1762966831.0,0.0085
2025-11-12 18:00:00,1762970417.0,0.0085
2025-11-12 19:00:00,1762974016.0,0.0085
2025-11-12 20:00:00,1762977616.0,0.0085
2025-11-12 21:00:00,1762981218.0,0.0085
2025-11-12 22:00:00,1762984815.0,0.0085
2025-11-12 23:00:00,1762988416.0,0.0085
2025-11-13 00:00:00,1762992013.0,0.0085
2025-11-13 01:00:00,1762995613.0,0.0085
2025-11-13 02:00:00,1762999208.0,0.0085
2025-11-13 03:00:00,1763002817.0,0.0085
2025-11-13 04:00:00,1763006416.0,0.0085
2025-11-13 05:00:00,1763010016.0,0.0085
2025-11-13 06:00:00,1763013617.0,0.0085
2025-11-13 07:00:00,1763017217.0,0.0085
2025-11-13 08:00:00,1763020815.0,0.0085
2025-11-13 09:00:00,1763024417.0,0.0085
2025-11-13 10:00:00,1763028014.0,0.0085
2025-11-13 11:00:00,1763031616.0,0.0085
2025-11-13 12:00:00,1763035219.0,0.0085
2025-11-13 13:00:00,1763038815.0,0.0085
2025-11-13 14:00:00,1763042416.0,0.0085
2025-11-13 15:00:00,1763046017.0,0.0085
2025-11-13 16:00:00,1763049617.0,0.0085
2025-11-13 17:00:00,1763053220.0,0.0085
2025-11-13 18:00:00,1763056818.0,0.0085
2025-11-13 19:00:00,1763060432.0,0.0085
2025-11-13 20:00:00,1763064016.0,0.0085
2025-11-13 21:00:00,1763067618.0,0.0085
2025-11-13 22:00:00,1763071217.0,0.0085
2025-11-13 23:00:00,1763074818.0,0.0085
2025-11-14 00:00:00,1763078413.0,0.0085
2025-11-14 01:00:00,1763082012.0,0.0085
2025-11-14 02:00:00,1763085615.0,0.0085
2025-11-14 03:00:00,1763089216.0,0.0085
2025-11-14 04:00:00,1763092817.0,0.0085
2025-11-14 05:00:00,1763096416.0,0.0085
2025-11-14 06:00:00,1763100017.0,0.0105
2025-11-14 07:00:00,1763103617.0,0.0085
2025-11-14 08:00:00,1763107216.0,0.0085
2025-11-14 09:00:00,1763110817.0,0.0085
2025-11-14 10:00:00,1763114415.0,0.0085
2025-11-14 11:00:00,1763118018.0,0.0085
2025-11-14 12:00:00,1763121619.0,0.008
2025-11-14 13:00:00,1763125229.0,0.008
2025-11-14 14:00:00,1763128818.0,0.008
2025-11-14 15:00:00,1763132417.0,0.008
2025-11-14 16:00:00,1763136016.0,0.008
2025-11-14 17:00:00,1763139619.0,0.008
2025-11-14 18:00:00,1763143218.0,0.008
2025-11-14 19:00:00,1763146818.0,0.008
2025-11-14 20:00:00,1763150417.0,0.008
2025-11-14 21:00:00,1763154031.0,0.008
2025-11-14 22:00:00,1763157618.0,0.008
2025-11-14 23:00:00,1763161217.0,0.008
2025-11-15 00:00:00,1763164816.0,0.008
2025-11-15 01:00:00,1763168414.0,0.008
2025-11-15 02:00:00,1763172016.0,0.008
2025-11-15 03:00:00,1763175618.0,0.008
2025-11-15 04:00:00,1763179217.0,0.008
2025-11-15 05:00:00,1763182817.0,0.008
2025-11-15 06:00:00,1763186418.0,0.008
2025-11-15 07:00:00,1763190017.0,0.008
2025-11-15 08:00:00,1763193616.0,0.008
2025-11-15 09:00:00,1763197218.0,0.008
2025-11-15 10:00:00,1763200818.0,0.008
2025-11-15 11:00:00,1763204417.0,0.008
2025-11-15 12:00:00,1763208020.0,0.008
2025-11-15 13:00:00,1763211616.0,0.008
2025-11-15 14:00:00,1763215217.0,0.008
2025-11-15 15:00:00,1763218818.0,0.008
2025-11-15 16:00:00,1763222416.0,0.008
2025-11-15 17:00:00,1763226019.0,0.008
2025-11-15 18:00:00,1763229618.0,0.008
2025-11-15 19:00:00,1763233218.0,0.008
2025-11-15 20:00:00,1763236817.0,0.008
2025-11-15 21:00:00,1763240419.0,0.008
2025-11-15 22:00:00,1763244017.0,0.008
2025-11-15 23:00:00,1763247617.0,0.008
2025-11-16 00:00:00,1763251211.0,0.008
2025-11-16 01:00:00,1763254822.0,0.008
2025-11-16 02:00:00,1763258413.0,0.008
2025-11-16 03:00:00,1763262015.0,0.008
2025-11-16 04:00:00,1763265615.0,0.008
2025-11-16 05:00:00,1763269214.0,0.008
2025-11-16 06:00:00,1763272815.0,0.008
2025-11-16 07:00:00,1763276414.0,0.008
2025-11-16 08:00:00,1763280013.0,0.008
2025-11-16 09:00:00,1763283616.0,0.008
2025-11-16 10:00:00,1763287216.0,0.008
2025-11-16 11:00:00,1763290816.0,0.008
2025-11-16 12:00:00,1763294418.0,0.008
2025-11-16 13:00:00,1763298015.0,0.008
2025-11-16 14:00:00,1763301614.0,0.008
2025-11-16 15:00:00,1763305215.0,0.008
2025-11-16 16:00:00,1763308815.0,0.008
2025-11-16 17:00:00,1763312417.0,0.008
2025-11-16 18:00:00,1763316020.0,0.008
2025-11-16 19:00:00,1763319616.0,0.008
2025-11-16 20:00:00,1763323216.0,0.008
2025-11-16 21:00:00,1763326817.0,0.008
2025-11-16 22:00:00,1763330415.0,0.008
2025-11-16 23:00:00,1763334015.0,0.008
2025-11-17 00:00:00,1763337614.0,0.008
2025-11-17 01:00:00,1763341213.0,0.008
2025-11-17 02:00:00,1763344814.0,0.008
2025-11-17 03:00:00,1763348415.0,0.008
2025-11-17 04:00:00,1763352015.0,0.008
2025-11-17 05:00:00,1763355615.0,0.008
2025-11-17 06:00:00,1763359216.0,0.008
2025-11-17 07:00:00,1763362816.0,0.008
2025-11-17 08:00:00,1763366430.0,0.008
2025-11-17 09:00:00,1763370034.0,0.008
2025-11-17 10:00:00,1763373619.0,0.008
2025-11-17 11:00:00,1763377216.0,0.008
2025-11-17 12:00:00,1763380817.0,0.008
2025-11-17 13:00:00,1763384415.0,0.008
2025-11-17 14:00:00,1763388014.0,0.0085
2025-11-17 15:00:00,1763391632.0,0.008
2025-11-17 16:00:00,1763395214.0,0.008
2025-11-17 17:00:00,1763398817.0,0.008
2025-11-17 18:00:00,1763402416.0,0.0065
2025-11-17 19:00:00,1763406017.0,0.006
2025-11-17 20:00:00,1763409616.0,0.006
2025-11-17 21:00:00,1763413217.0,0.005
2025-11-17 22:00:00,1763416818.0,0.0055
2025-11-17 23:00:00,1763420419.0,0.0055
2025-11-18 00:00:00,1763424011.0,0.0055
2025-11-18 01:00:00,1763427612.0,0.0055
2025-11-18 02:00:00,1763431213.0,0.005
2025-11-18 03:00:00,1763434814.0,0.005
2025-11-18 04:00:00,1763438415.0,0.005
2025-11-18 05:00:00,1763442014.0,0.0045
2025-11-18 06:00:00,1763445616.0,0.0045
2025-11-18 07:00:00,1763449215.0,0.0045
2025-11-18 08:00:00,1763452814.0,0.0045
2025-11-18 09:00:00,1763456416.0,0.0045
2025-11-18 10:00:00,1763460016.0,0.0045
2025-11-18 11:00:00,1763463614.0,0.0045
2025-11-18 12:00:00,1763467218.0,0.0045
2025-11-18 13:00:00,1763470817.0,0.0045
2025-11-18 14:00:00,1763474415.0,0.0045
2025-11-18 15:00:00,1763478016.0,0.0045
2025-11-18 16:00:00,1763481617.0,0.0045
2025-11-18 17:00:00,1763485217.0,0.0045
2025-11-18 18:00:00,1763488817.0,0.0045
2025-11-18 19:00:00,1763492417.0,0.0045
2025-11-18 20:00:00,1763496017.0,0.0045
2025-11-18 21:00:00,1763499619.0,0.0045
2025-11-18 22:00:00,1763503217.0,0.0045
2025-11-18 23:00:00,1763506832.0,0.004
2025-11-19 00:00:00,1763510416.0,0.004
2025-11-19 01:00:00,1763514016.0,0.004
2025-11-19 02:00:00,1763517616.0,0.004
2025-11-19 03:00:00,1763521217.0,0.004
2025-11-19 04:00:00,1763524817.0,0.004
2025-11-19 05:00:00,1763528417.0,0.004
2025-11-19 06:00:00,1763532019.0,0.004
2025-11-19 07:00:00,1763535617.0,0.004
2025-11-19 08:00:00,1763539217.0,0.004
2025-11-19 09:00:00,1763542818.0,0.004
2025-11-19 10:00:00,1763546417.0,0.004
2025-11-19 11:00:00,1763550017.0,0.004
2025-11-19 12:00:00,1763553620.0,0.004
2025-11-19 13:00:00,1763557216.0,0.004
2025-11-19 14:00:00,1763560829.0,0.004
2025-11-19 15:00:00,1763564418.0,0.004
2025-11-19 16:00:00,1763568029.0,0.004
2025-11-19 17:00:00,1763571618.0,0.004
2025-11-19 18:00:00,1763575225.0,0.004
2025-11-19 19:00:00,1763578817.0,0.004
2025-11-19 20:00:00,1763582417.0,0.004
2025-11-19 21:00:00,1763586018.0,0.004
2025-11-19 22:00:00,1763589616.0,0.0045
2025-11-19 23:00:00,1763593233.0,0.004
2025-11-20 00:00:00,1763596811.0,0.004
2025-11-20 01:00:00,1763600412.0,0.004
2025-11-20 02:00:00,1763604014.0,0.004
2025-11-20 03:00:00,1763607617.0,0.004
2025-11-20 04:00:00,1763611217.0,0.004
2025-11-20 05:00:00,1763614816.0,0.004
2025-11-20 06:00:00,1763618418.0,0.004
2025-11-20 07:00:00,1763622025.0,0.004
2025-11-20 08:00:00,1763625616.0,0.002
2025-11-20 09:00:00,1763629219.0,0.002
2025-11-20 10:00:00,1763632815.0,0.002
2025-11-20 11:00:00,1763636417.0,0.002
2025-11-20 12:00:00,1763640012.0,0.002
2025-11-20 13:00:00,1763643609.0,0.002
2025-11-20 14:00:00,1763647209.0,0.002
2025-11-20 15:00:00,1763650810.0,0.002
2025-11-20 16:00:00,1763654409.0,0.002
2025-11-20 17:00:00,1763658012.0,0.002
2025-11-20 18:00:00,1763661612.0,0.002
2025-11-20 19:00:00,1763665210.0,0.002
2025-11-20 20:00:00,1763668811.0,0.0015
2025-11-20 21:00:00,1763672414.0,0.0015
2025-11-20 22:00:00,1763676024.0,0.0015
2025-11-20 23:00:00,1763679611.0,0.0015
2025-11-21 00:00:00,1763683217.0,0.0015
2025-11-21 01:00:00,1763686810.0,0.0015
2025-11-21 02:00:00,1763690409.0,0.0015
2025-11-21 03:00:00,1763694011.0,0.002
2025-11-21 04:00:00,1763697623.0,0.002
2025-11-21 05:00:00,1763701216.0,0.002
2025-11-21 06:00:00,1763704811.0,0.002
2025-11-21 07:00:00,1763708410.0,0.002
2025-11-21 08:00:00,1763712009.0,0.002
2025-11-21 09:00:00,1763715611.0,0.0015
2025-11-21 10:00:00,1763719209.0,0.0015
2025-11-21 11:00:00,1763722811.0,0.0015
2025-11-21 12:00:00,1763726412.0,0.0015
2025-11-21 13:00:00,1763730023.0,0.0015
2025-11-21 14:00:00,1763733611.0,0.0015
2025-11-21 15:00:00,1763737211.0,0.0015
2025-11-21 16:00:00,1763740811.0,0.0015
2025-11-21 17:00:00,1763744421.0,0.0015
2025-11-21 18:00:00,1763748011.0,0.0015
2025-11-21 19:00:00,1763751610.0,0.0015
2025-11-21 20:00:00,1763755211.0,0.0015
2025-11-21 21:00:00,1763758811.0,0.0015
2025-11-21 22:00:00,1763762410.0,0.0015
2025-11-21 23:00:00,1763766016.0,0.0015
2025-11-22 00:00:00,1763769612.0,0.0015
2025-11-22 01:00:00,1763773210.0,0.0015
2025-11-22 02:00:00,1763776809.0,0.0015
2025-11-22 03:00:00,1763780411.0,0.0015
2025-11-22 04:00:00,1763784025.0,0.002
2025-11-22 05:00:00,1763787616.0,0.002
2025-11-22 06:00:00,1763791218.0,0.003
2025-11-22 07:00:00,1763794809.0,0.003
2025-11-22 08:00:00,1763798409.0,0.003
2025-11-22 09:00:00,1763802011.0,0.0035
2025-11-22 10:00:00,1763805610.0,0.0035
2025-11-22 11:00:00,1763809211.0,0.0035
2025-11-22 12:00:00,1763812812.0,0.0035
2025-11-22 13:00:00,1763816423.0,0.0035
2025-11-22 14:00:00,1763820010.0,0.0035
2025-11-22 15:00:00,1763823610.0,0.0035
2025-11-22 16:00:00,1763827210.0,0.0035
2025-11-22 17:00:00,1763830819.0,0.0035
2025-11-22 18:00:00,1763834410.0,0.0035
2025-11-22 19:00:00,1763838009.0,0.0035
2025-11-22 20:00:00,1763841610.0,0.0035
2025-11-22 21:00:00,1763845212.0,0.0035
2025-11-22 22:00:00,1763848809.0,0.0035
2025-11-22 23:00:00,1763852409.0,0.0035
2025-11-23 00:00:00,1763856012.0,0.0035
2025-11-23 01:00:00,1763859622.0,0.003
2025-11-23 02:00:00,1763863209.0,0.0035
2025-11-23 03:00:00,1763866812.0,0.0035
2025-11-23 04:00:00,1763870409.0,0.0035
2025-11-23 05:00:00,1763874009.0,0.0035
2025-11-23 06:00:00,1763877617.0,0.0035
2025-11-23 07:00:00,1763881209.0,0.0035
2025-11-23 08:00:00,1763884809.0,0.0035
2025-11-23 09:00:00,1763888410.0,0.003
2025-11-23 10:00:00,1763892009.0,0.0035
2025-11-23 11:00:00,1763895610.0,0.0035
2025-11-23 12:00:00,1763899212.0,0.0035
2025-11-23 13:00:00,1763902809.0,0.003
2025-11-23 14:00:00,1763906410.0,0.003
2025-11-23 15:00:00,1763910010.0,0.003
2025-11-23 16:00:00,1763913609.0,0.003
2025-11-23 17:00:00,1763917224.0,0.003
2025-11-23 18:00:00,1763920811.0,0.003
2025-11-23 19:00:00,1763924409.0,0.003
2025-11-23 20:00:00,1763928010.0,0.003
2025-11-23 21:00:00,1763931626.0,0.003
2025-11-23 22:00:00,1763935209.0,0.003
2025-11-23 23:00:00,1763938809.0,0.003
2025-11-24 00:00:00,1763942413.0,0.003
2025-11-24 01:00:00,1763946008.0,0.003
2025-11-24 02:00:00,1763949607.0,0.003
2025-11-24 03:00:00,1763953208.0,0.003
2025-11-24 04:00:00,1763956807.0,0.0025
2025-11-24 05:00:00,1763960407.0,0.0025
2025-11-24 06:00:00,1763964014.0,0.0025
2025-11-24 07:00:00,1763967608.0,0.0025
2025-11-24 08:00:00,1763971207.0,0.0025
2025-11-24 09:00:00,1763974808.0,0.002
2025-11-24 10:00:00,1763978407.0,0.002
2025-11-24 11:00:00,1763982007.0,0.002
2025-11-24 12:00:00,1763985609.0,0.002
2025-11-24 13:00:00,1763989207.0,0.002
2025-11-24 14:00:00,1763992809.0,0.002
2025-11-24 15:00:00,1763996408.0,0.002
2025-11-24 16:00:00,1764000007.0,0.002
2025-11-24 17:00:00,1764003612.0,0.002
2025-11-24 18:00:00,1764007209.0,0.002
2025-11-24 19:00:00,1764010809.0,0.002
2025-11-24 20:00:00,1764014409.0,0.002
2025-11-24 21:00:00,1764018018.0,0.002
2025-11-24 22:00:00,1764021617.0,0.0015
2025-11-24 23:00:00,1764025217.0,0.0015
2025-11-25 00:00:00,1764028815.0,0.0015
2025-11-25 01:00:00,1764032414.0,0.0015
2025-11-25 02:00:00,1764036016.0,0.0015
2025-11-25 03:00:00,1764039616.0,0.0015
2025-11-25 04:00:00,1764043216.0,0.0015
2025-11-25 05:00:00,1764046817.0,0.0015
2025-11-25 06:00:00,1764050417.0,0.0015
2025-11-25 07:00:00,1764054017.0,0.0015
2025-11-25 08:00:00,1764057617.0,0.0015
2025-11-25 09:00:00,1764061218.0,0.0015
2025-11-25 10:00:00,1764064817.0,0.0015
2025-11-25 11:00:00,1764068417.0,0.0015
2025-11-25 12:00:00,1764072019.0,0.0015
2025-11-25 13:00:00,1764075617.0,0.0015
2025-11-25 14:00:00,1764079218.0,0.0015
2025-11-25 15:00:00,1764082818.0,0.0015
2025-11-25 16:00:00,1764086417.0,0.0015
2025-11-25 17:00:00,1764090019.0,0.0015
2025-11-25 18:00:00,1764093618.0,0.0005
2025-11-25 19:00:00,1764097218.0,0.0005
2025-11-25 20:00:00,1764100818.0,0.0005
2025-11-25 21:00:00,1764104419.0,0.0005
2025-11-25 22:00:00,1764108018.0,0.0005
2025-11-25 23:00:00,1764111617.0,0.0005
2025-11-26 00:00:00,1764115213.0,0.0005
2025-11-26 01:00:00,1764118813.0,0.0005
2025-11-26 02:00:00,1764122414.0,0.0005
2025-11-26 03:00:00,1764126017.0,0.0005
2025-11-26 04:00:00,1764129617.0,0.0005
2025-11-26 05:00:00,1764133216.0,0.0005
2025-11-26 06:00:00,1764136830.0,0.0005
2025-11-26 07:00:00,1764140417.0,0.0005
2025-11-26 08:00:00,1764144020.0,0.0005
2025-11-26 09:00:00,1764147618.0,0.0005
2025-11-26 10:00:00,1764151217.0,0.0005
2025-11-26 11:00:00,1764154818.0,0.0005
2025-11-26 12:00:00,1764158434.0,0.0005
2025-11-26 13:00:00,1764162017.0,0.0005
2025-11-26 14:00:00,1764165618.0,0.0005
2025-11-26 15:00:00,1764169217.0,0.0005
2025-11-26 16:00:00,1764172818.0,0.0005
2025-11-26 17:00:00,1764176420.0,0.0005
2025-11-26 18:00:00,1764180018.0,0.0005
2025-11-26 19:00:00,1764183620.0,0.0005
2025-11-26 20:00:00,1764187217.0,0.0005
2025-11-26 21:00:00,1764190820.0,0.0005
2025-11-26 22:00:00,1764194419.0,0.0005
2025-11-26 23:00:00,1764198018.0,0.0005
2025-11-27 00:00:00,1764201616.0,0.0005
2025-11-27 01:00:00,1764205226.0,0.0005
2025-11-27 02:00:00,1764208817.0,0.0005
2025-11-27 03:00:00,1764212418.0,0.0005
2025-11-27 04:00:00,1764216018.0,0.0005
2025-11-27 05:00:00,1764219618.0,0.0005
2025-11-27 06:00:00,1764223219.0,0.0005
2025-11-27 07:00:00,1764226819.0,0.0005
2025-11-27 08:00:00,1764230417.0,0.0005
2025-11-27 09:00:00,1764234019.0,0.0005
2025-11-27 10:00:00,1764237619.0,0.0005
2025-11-27 11:00:00,1764241218.0,0.0005
2025-11-27 12:00:00,1764244823.0,0.0005
2025-11-27 13:00:00,1764248417.0,0.0005
2025-11-27 14:00:00,1764252018.0,0.0005
2025-11-27 15:00:00,1764255618.0,0.0005
2025-11-27 16:00:00,1764259218.0,0.0005
2025-11-27 17:00:00,1764262821.0,0.0005
2025-11-27 18:00:00,1764266419.0,0.0005
2025-11-27 19:00:00,1764270020.0,0.0005
2025-11-27 20:00:00,1764273620.0,0.0005
2025-11-27 21:00:00,1764277221.0,0.0005
2025-11-27 22:00:00,1764280819.0,0.0005
2025-11-27 23:00:00,1764284420.0,0.0005
2025-11-28 00:00:00,1764288014.0,0.0005
2025-11-28 01:00:00,1764291615.0,0.0005
2025-11-28 02:00:00,1764295216.0,0.0005
2025-11-28 03:00:00,1764298817.0,0.0005
2025-11-28 04:00:00,1764302418.0,0.0005
2025-11-28 05:00:00,1764306018.0,0.0005
2025-11-28 06:00:00,1764309618.0,0.0005
2025-11-28 07:00:00,1764313219.0,0.0005
2025-11-28 08:00:00,1764316818.0,0.0005
2025-11-28 09:00:00,1764320419.0,0.0005
2025-11-28 10:00:00,1764324019.0,0.0005
2025-11-28 11:00:00,1764327618.0,0.0005
2025-11-28 12:00:00,1764331222.0,0.0005
2025-11-28 13:00:00,1764334818.0,0.0005
2025-11-28 14:00:00,1764338419.0,0.0005
2025-11-28 15:00:00,1764342019.0,0.0005
2025-11-28 16:00:00,1764345632.0,0.0005
2025-11-28 17:00:00,1764349223.0,0.0005
2025-11-28 18:00:00,1764352820.0,0.0005
2025-11-28 19:00:00,1764356421.0,0.0005
2025-11-28 20:00:00,1764360019.0,0.0005
2025-11-28 21:00:00,1764363623.0,0.0005
2025-11-28 22:00:00,1764367222.0,0.0005
2025-11-28 23:00:00,1764370819.0,0.0005
2025-11-29 00:00:00,1764374419.0,0.0005
2025-11-29 01:00:00,1764378017.0,0.0005
2025-11-29 02:00:00,1764381619.0,0.0005
2025-11-29 03:00:00,1764385211.0,0.0005
2025-11-29 04:00:00,1764388819.0,0.0005
2025-11-29 05:00:00,1764392418.0,0.0005
2025-11-29 06:00:00,1764396019.0,0.0005
2025-11-29 07:00:00,1764399620.0,0.0005
2025-11-29 08:00:00,1764403219.0,0.0005
2025-11-29 09:00:00,1764406821.0,0.0005
2025-11-29 10:00:00,1764410434.0,0.0005
2025-11-29 11:00:00,1764414019.0,0.0005
2025-11-29 12:00:00,1764417623.0,0.0005
2025-11-29 13:00:00,1764421218.0,0.0005
2025-11-29 14:00:00,1764424819.0,0.0005
2025-11-29 15:00:00,1764428420.0,0.0005
2025-11-29 16:00:00,1764432019.0,0.0005
2025-11-29 17:00:00,1764435621.0,0.0005
2025-11-29 18:00:00,1764439219.0,0.0005
2025-11-29 19:00:00,1764442820.0,0.0005
2025-11-29 20:00:00,1764446419.0,0.0005
2025-11-29 21:00:00,1764450021.0,0.0005
2025-11-29 22:00:00,1764453611.0,0.0005
2025-11-29 23:00:00,1764457218.0,0.0005
2025-11-30 00:00:00,1764460815.0,0.0005
2025-11-30 01:00:00,1764464415.0,0.0005
2025-11-30 02:00:00,1764468016.0,0.0005
2025-11-30 03:00:00,1764471618.0,0.0005
2025-11-30 04:00:00,1764475218.0,0.0005
2025-11-30 05:00:00,1764478817.0,0.0005
2025-11-30 06:00:00,1764482417.0,0.0005
2025-11-30 07:00:00,1764486021.0,0.0005
2025-11-30 08:00:00,1764489610.0,0.0005
2025-11-30 09:00:00,1764493220.0,0.0005
2025-11-30 10:00:00,1764496832.0,0.0005
2025-11-30 11:00:00,1764500418.0,0.0005
2025-11-30 12:00:00,1764504048.0,0.0005
2025-11-30 13:00:00,1764507609.0,0.0005
2025-11-30 14:00:00,1764511219.0,0.0005
2025-11-30 15:00:00,1764514831.0,0.0005
2025-11-30 16:00:00,1764518430.0,0.0005
2025-11-30 17:00:00,1764522019.0,0.0005
2025-11-30 18:00:00,1764525619.0,0.0005
2025-11-30 19:00:00,1764529219.0,0.0005
2025-11-30 20:00:00,1764532819.0,0.0005
2025-11-30 21:00:00,1764536420.0,0.0005
2025-11-30 22:00:00,1764540019.0,0.0005
2025-11-30 23:00:00,1764543624.0,0.0005
2025-12-01 00:00:00,1764547216.0,0.0005
2025-12-01 01:00:00,1764550816.0,0.0005
2025-12-01 02:00:00,1764554416.0,0.0005
2025-12-01 03:00:00,1764558029.0,0.0005
2025-12-01 04:00:00,1764561617.0,0.0005
2025-12-01 05:00:00,1764565218.0,0.0005
2025-12-01 06:00:00,1764568818.0,0.0005
2025-12-01 07:00:00,1764572417.0,0.0005
2025-12-01 08:00:00,1764576016.0,0.0005
2025-12-01 09:00:00,1764579631.0,0.0005
2025-12-01 10:00:00,1764583231.0,0.0005
2025-12-01 11:00:00,1764586817.0,0.0005
2025-12-01 12:00:00,1764590430.0,0.0005
2025-12-01 13:00:00,1764594016.0,0.0005
2025-12-01 14:00:00,1764597617.0,0.0005
2025-12-01 15:00:00,1764601230.0,0.0005
2025-12-01 16:00:00,1764604828.0,0.0005
2025-12-01 17:00:00,1764608418.0,0.0005
2025-12-01 18:00:00,1764612031.0,0.001
2025-12-01 19:00:00,1764615618.0,0.001
2025-12-01 20:00:00,1764619217.0,0.001
2025-12-01 21:00:00,1764622818.0,0.0005
2025-12-01 22:00:00,1764626417.0,0.0005
2025-12-01 23:00:00,1764630017.0,0.0005
2025-12-02 00:00:00,1764633611.0,0.0005
2025-12-02 01:00:00,1764637212.0,0.0005
2025-12-02 02:00:00,1764640813.0,0.0005
2025-12-02 03:00:00,1764644415.0,0.0005
2025-12-02 04:00:00,1764648016.0,0.0005
2025-12-02 05:00:00,1764651615.0,0.0005
2025-12-02 06:00:00,1764655216.0,0.0005
2025-12-02 07:00:00,1764658816.0,0.0005
2025-12-02 08:00:00,1764662415.0,0.0005
2025-12-02 09:00:00,1764666016.0,0.0005
2025-12-02 10:00:00,1764669616.0,0.0005
2025-12-02 11:00:00,1764673216.0,0.0005
2025-12-02 12:00:00,1764676821.0,0.0005
2025-12-02 13:00:00,1764680415.0,0.0005
2025-12-02 14:00:00,1764684017.0,0.0005
2025-12-02 15:00:00,1764687616.0,0.0005
2025-12-02 16:00:00,1764691209.0,0.0005
2025-12-02 17:00:00,1764694819.0,0.0005
2025-12-02 18:00:00,1764698419.0,0.0005
2025-12-02 19:00:00,1764702018.0,0.0005
2025-12-02 20:00:00,1764705617.0,0.0005
2025-12-02 21:00:00,1764709219.0,0.0005
2025-12-02 22:00:00,1764712817.0,0.0005
2025-12-02 23:00:00,1764716417.0,0.0005
2025-12-03 00:00:00,1764720017.0,0.0005
2025-12-03 01:00:00,1764723615.0,0.0005
2025-12-03 02:00:00,1764727216.0,0.0005
2025-12-03 03:00:00,1764730818.0,0.0005
2025-12-03 04:00:00,1764734419.0,0.0005
2025-12-03 05:00:00,1764738018.0,0.0005
2025-12-03 06:00:00,1764741619.0,0.0005
2025-12-03 07:00:00,1764745218.0,0.0005
2025-12-03 08:00:00,1764748817.0,0.0005
2025-12-03 09:00:00,1764752420.0,0.0005
2025-12-03 10:00:00,1764756018.0,0.0005
2025-12-03 11:00:00,1764759619.0,0.0005
2025-12-03 12:00:00,1764763223.0,0.001
2025-12-03 13:00:00,1764766817.0,0.0005
2025-12-03 14:00:00,1764770419.0,0.0005
2025-12-03 15:00:00,1764774011.0,0.0005
2025-12-03 16:00:00,1764777618.0,0.0005
2025-12-03 17:00:00,1764781220.0,0.0005
2025-12-03 18:00:00,1764784819.0,0.0005
2025-12-03 19:00:00,1764788420.0,0.0005
2025-12-03 20:00:00,1764792018.0,0.0005
2025-12-03 21:00:00,1764795621.0,0.0005
2025-12-03 22:00:00,1764799219.0,0.0005
2025-12-03 23:00:00,1764802819.0,0.0005
2025-12-04 00:00:00,1764806412.0,0.0005
2025-12-04 01:00:00,1764810012.0,0.0005
2025-12-04 02:00:00,1764813614.0,0.0005
2025-12-04 03:00:00,1764817217.0,0.0005
2025-12-04 04:00:00,1764820818.0,0.0005
2025-12-04 05:00:00,1764824417.0,0.0005
2025-12-04 06:00:00,1764828018.0,0.0005
2025-12-04 07:00:00,1764831617.0,0.0005
2025-12-04 08:00:00,1764835215.0,0.0005
2025-12-04 09:00:00,1764838823.0,0.0005
2025-12-04 10:00:00,1764842416.0,0.0005
2025-12-04 11:00:00,1764846017.0,0.0005
2025-12-04 12:00:00,1764849622.0,0.0005
2025-12-04 13:00:00,1764853216.0,0.0005
2025-12-04 14:00:00,1764856817.0,0.0005
2025-12-04 15:00:00,1764860417.0,0.0005
2025-12-04 16:00:00,1764864010.0,0.0005
2025-12-04 17:00:00,1764867612.0,0.0005
2025-12-04 18:00:00,1764871212.0,0.0005
2025-12-04 19:00:00,1764874809.0,0.0005
2025-12-04 20:00:00,1764878410.0,0.0005
2025-12-04 21:00:00,1764882010.0,0.0005
2025-12-04 22:00:00,1764885609.0,0.0005
2025-12-04 23:00:00,1764889210.0,0.0005
2025-12-05 00:00:00,1764892814.0,0.0005
2025-12-05 01:00:00,1764896410.0,0.0005
2025-12-05 02:00:00,1764900010.0,0.0005
2025-12-05 03:00:00,1764903612.0,0.0005
2025-12-05 04:00:00,1764907211.0,0.0005
2025-12-05 05:00:00,1764910810.0,0.0005
2025-12-05 06:00:00,1764914411.0,0.0005
2025-12-05 07:00:00,1764918010.0,0.0005
2025-12-05 08:00:00,1764921610.0,0.0005
2025-12-05 09:00:00,1764925212.0,0.0005
2025-12-05 10:00:00,1764928810.0,0.0005
2025-12-05 11:00:00,1764932410.0,0.0005
2025-12-05 12:00:00,1764936015.0,0.0005
2025-12-05 13:00:00,1764939610.0,0.001
2025-12-05 14:00:00,1764943210.0,0.001
2025-12-05 15:00:00,1764946812.0,0.0005
2025-12-05 16:00:00,1764950410.0,0.0005
2025-12-05 17:00:00,1764954012.0,0.0005
2025-12-05 18:00:00,1764957611.0,0.0005
2025-12-05 19:00:00,1764961214.0,0.0005
2025-12-05 20:00:00,1764964811.0,0.0005
2025-12-05 21:00:00,1764968413.0,0.0005
2025-12-05 22:00:00,1764972011.0,0.0005
2025-12-05 23:00:00,1764975610.0,0.0005
2025-12-06 00:00:00,1764979214.0,0.0005
2025-12-06 01:00:00,1764982811.0,0.0005
2025-12-06 02:00:00,1764986411.0,0.0005
2025-12-06 03:00:00,1764990012.0,0.0005
2025-12-06 04:00:00,1764993611.0,0.0005
2025-12-06 05:00:00,1764997211.0,0.0005
2025-12-06 06:00:00,1765000812.0,0.0005
2025-12-06 07:00:00,1765004420.0,0.0005
2025-12-06 08:00:00,1765008011.0,0.0005
2025-12-06 09:00:00,1765011614.0,0.0005
2025-12-06 10:00:00,1765015212.0,0.0005
2025-12-06 11:00:00,1765018812.0,0.0005
2025-12-06 12:00:00,1765022415.0,0.0005
2025-12-06 13:00:00,1765026011.0,0.0005
2025-12-06 14:00:00,1765029611.0,0.0005
2025-12-06 15:00:00,1765033213.0,0.0005
2025-12-06 16:00:00,1765036811.0,0.0005
2025-12-06 17:00:00,1765040416.0,0.0005
2025-12-06 18:00:00,1765044013.0,0.0005
2025-12-06 19:00:00,1765047613.0,0.0005
2025-12-06 20:00:00,1765051212.0,0.0005
2025-12-06 21:00:00,1765054813.0,0.0005
2025-12-06 22:00:00,1765058410.0,0.0005
2025-12-06 23:00:00,1765062011.0,0.0005
2025-12-07 00:00:00,1765065627.0,0.0005
2025-12-07 01:00:00,1765069212.0,0.0005
2025-12-07 02:00:00,1765072810.0,0.0005
2025-12-07 03:00:00,1765076413.0,0.0005
2025-12-07 04:00:00,1765080010.0,0.0005
2025-12-07 05:00:00,1765083610.0,0.0005
2025-12-07 06:00:00,1765087220.0,0.0005
2025-12-07 07:00:00,1765090811.0,0.0005
2025-12-07 08:00:00,1765094411.0,0.0005
2025-12-07 09:00:00,1765098012.0,0.0005
2025-12-07 10:00:00,1765101610.0,0.0005
2025-12-07 11:00:00,1765105210.0,0.0005
2025-12-07 12:00:00,1765108817.0,0.0005
2025-12-07 13:00:00,1765112410.0,0.0005
2025-12-07 14:00:00,1765116010.0,0.0005
2025-12-07 15:00:00,1765119612.0,0.0005
2025-12-07 16:00:00,1765123210.0,0.0005
2025-12-07 17:00:00,1765126814.0,0.0005
2025-12-07 18:00:00,1765130420.0,0.0005
2025-12-07 19:00:00,1765134011.0,0.0005
2025-12-07 20:00:00,1765137625.0,0.0005
2025-12-07 21:00:00,1765141213.0,0.0005
2025-12-07 22:00:00,1765144810.0,0.0005
2025-12-07 23:00:00,1765148410.0,0.0005
2025-12-08 00:00:00,1765152026.0,0.0005
2025-12-08 01:00:00,1765155624.0,0.0005
2025-12-08 02:00:00,1765159209.0,0.0005
2025-12-08 03:00:00,1765162810.0,0.0005
2025-12-08 04:00:00,1765166410.0,0.0005
2025-12-08 05:00:00,1765170008.0,0.0005
2025-12-08 06:00:00,1765173611.0,0.0005
2025-12-08 07:00:00,1765177210.0,0.0005
2025-12-08 08:00:00,1765180809.0,0.0005
2025-12-08 09:00:00,1765184411.0,0.0005
2025-12-08 10:00:00,1765188009.0,0.0005
2025-12-08 11:00:00,1765191609.0,0.0005
2025-12-08 12:00:00,1765195227.0,0.0005
2025-12-08 13:00:00,1765198811.0,0.0005
2025-12-08 14:00:00,1765202409.0,0.0005
2025-12-08 15:00:00,1765206010.0,0.0005
2025-12-08 16:00:00,1765209623.0,0.0005
2025-12-08 17:00:00,1765213211.0,0.0005
2025-12-08 18:00:00,1765216810.0,0.0005
2025-12-08 19:00:00,1765220410.0,0.0005
2025-12-08 20:00:00,1765224011.0,0.0005
2025-12-08 21:00:00,1765227625.0,0.0015
2025-12-08 22:00:00,1765231209.0,0.0015
2025-12-08 23:00:00,1765234811.0,0.0005
2025-12-09 00:00:00,1765238424.0,0.0005
2025-12-09 01:00:00,1765242015.0,0.0005
2025-12-09 02:00:00,1765245612.0,0.0005
2025-12-09 03:00:00,1765249211.0,0.0005
2025-12-09 04:00:00,1765252810.0,0.0005
2025-12-09 05:00:00,1765256410.0,0.0005
2025-12-09 06:00:00,1765260013.0,0.0005
2025-12-09 07:00:00,1765263616.0,0.0005
2025-12-09 08:00:00,1765267213.0,0.0005
2025-12-09 09:00:00,1765270813.0,0.0005
2025-12-09 10:00:00,1765274410.0,0.0005
2025-12-09 11:00:00,1765278012.0,0.0005
2025-12-09 12:00:00,1765281613.0,0.0005
2025-12-09 13:00:00,1765285213.0,0.0005
2025-12-09 14:00:00,1765288826.0,0.0005
2025-12-09 15:00:00,1765292414.0,0.0005
2025-12-09 16:00:00,1765296010.0,0.0005
2025-12-09 17:00:00,1765299613.0,0.0005
2025-12-09 18:00:00,1765303212.0,0.0005
2025-12-09 19:00:00,1765306810.0,0.0005
2025-12-09 20:00:00,1765310411.0,0.0005
2025-12-09 21:00:00,1765314014.0,0.0005
2025-12-09 22:00:00,1765317611.0,0.0005
2025-12-09 23:00:00,1765321212.0,0.0005
2025-12-10 00:00:00,1765324812.0,0.0005
2025-12-10 01:00:00,1765328421.0,0.0005
2025-12-10 02:00:00,1765332008.0,0.0005
2025-12-10 03:00:00,1765335610.0,0.0005
2025-12-10 04:00:00,1765339209.0,0.0005
2025-12-10 05:00:00,1765342811.0,0.0005
2025-12-10 06:00:00,1765346412.0,0.0005
2025-12-10 07:00:00,1765350009.0,0.0005
2025-12-10 08:00:00,1765353610.0,0.0005
2025-12-10 09:00:00,1765357224.0,0.0005
2025-12-10 10:00:00,1765360808.0,0.0005
2025-12-10 11:00:00,1765364409.0,0.0005
2025-12-10 12:00:00,1765368021.0,0.0005
2025-12-10 13:00:00,1765371608.0,0.0005
2025-12-10 14:00:00,1765375208.0,0.0005
2025-12-10 15:00:00,1765378812.0,0.0005
2025-12-10 16:00:00,1765382409.0,0.0005
2025-12-10 17:00:00,1765386011.0,0.0005
2025-12-10 18:00:00,1765389610.0,0.0005
2025-12-10 19:00:00,1765393209.0,0.0005
2025-12-10 20:00:00,1765396809.0,0.0005
2025-12-10 21:00:00,1765400410.0,0.0005
2025-12-10 22:00:00,1765404009.0,0.0005
2025-12-10 23:00:00,1765407609.0,0.0005
2025-12-11 00:00:00,1765411213.0,0.0005
2025-12-11 01:00:00,1765414814.0,0.0005
2025-12-11 02:00:00,1765418421.0,0.0005
2025-12-11 03:00:00,1765422011.0,0.0005
2025-12-11 04:00:00,1765425626.0,0.0005
2025-12-11 05:00:00,1765429218.0,0.0005
2025-12-11 06:00:00,1765432810.0,0.0005
2025-12-11 07:00:00,1765436409.0,0.0005
2025-12-11 08:00:00,1765440010.0,0.0005
2025-12-11 09:00:00,1765443611.0,0.0005
2025-12-11 10:00:00,1765447211.0,0.0005
2025-12-11 11:00:00,1765450819.0,0.0005
2025-12-11 12:00:00,1765454415.0,0.0005
2025-12-11 13:00:00,1765458010.0,0.0005
2025-12-11 14:00:00,1765461609.0,0.0005
2025-12-11 15:00:00,1765465211.0,0.0005
2025-12-11 16:00:00,1765468819.0,0.0005
2025-12-11 17:00:00,1765472412.0,0.0005
2025-12-11 18:00:00,1765476010.0,0.0005
2025-12-11 19:00:00,1765479623.0,0.0005
2025-12-11 20:00:00,1765483212.0,0.0005
2025-12-11 21:00:00,1765486811.0,0.0005
2025-12-11 22:00:00,1765490410.0,0.0005
2025-12-11 23:00:00,1765494011.0,0.0005
2025-12-12 00:00:00,1765497613.0,0.0005
2025-12-12 01:00:00,1765501209.0,0.0005
2025-12-12 02:00:00,1765504809.0,0.0005
2025-12-12 03:00:00,1765508413.0,0.0005
2025-12-12 04:00:00,1765512010.0,0.0005
2025-12-12 05:00:00,1765515623.0,0.0005
2025-12-12 06:00:00,1765519212.0,0.0005
2025-12-12 07:00:00,1765522810.0,0.0005
2025-12-12 08:00:00,1765526409.0,0.0005
2025-12-12 09:00:00,1765530011.0,0.0005
2025-12-12 10:00:00,1765533610.0,0.0005
2025-12-12 11:00:00,1765537211.0,0.0005
2025-12-12 12:00:00,1765540814.0,0.0005
2025-12-12 13:00:00,1765544410.0,0.0005
2025-12-12 14:00:00,1765548010.0,0.0005
2025-12-12 15:00:00,1765551611.0,0.0005
2025-12-12 16:00:00,1765555210.0,0.0005
2025-12-12 17:00:00,1765558816.0,0.0005
2025-12-12 18:00:00,1765562413.0,0.0005
2025-12-12 19:00:00,1765566011.0,0.0005
2025-12-12 20:00:00,1765569612.0,0.0005
2025-12-12 21:00:00,1765573213.0,0.0005
2025-12-12 22:00:00,1765576813.0,0.0005
2025-12-12 23:00:00,1765580411.0,0.0005
2025-12-13 00:00:00,1765584015.0,0.0005
2025-12-13 01:00:00,1765587611.0,0.0005
2025-12-13 02:00:00,1765591211.0,0.0005
2025-12-13 03:00:00,1765594812.0,0.0005
2025-12-13 04:00:00,1765598412.0,0.0005
2025-12-13 05:00:00,1765602010.0,0.0005
2025-12-13 06:00:00,1765605621.0,0.0005
2025-12-13 07:00:00,1765609210.0,0.0005
2025-12-13 08:00:00,1765612811.0,0.0005
2025-12-13 09:00:00,1765616412.0,0.0005
2025-12-13 10:00:00,1765620011.0,0.0005
2025-12-13 11:00:00,1765623611.0,0.0005
2025-12-13 12:00:00,1765627216.0,0.0005
2025-12-13 13:00:00,1765630811.0,0.0005
2025-12-13 14:00:00,1765634421.0,0.0005
2025-12-13 15:00:00,1765638013.0,0.0005
2025-12-13 16:00:00,1765641610.0,0.0005
2025-12-13 17:00:00,1765645214.0,0.0005
2025-12-13 18:00:00,1765648813.0,0.0005
2025-12-13 19:00:00,1765652411.0,0.0005
2025-12-13 20:00:00,1765656011.0,0.0005
2025-12-13 21:00:00,1765659612.0,0.0005
2025-12-13 22:00:00,1765663212.0,0.0005
2025-12-13 23:00:00,1765666811.0,0.0005
2025-12-14 00:00:00,1765670415.0,0.0005
2025-12-14 01:00:00,1765674011.0,0.0005
2025-12-14 02:00:00,1765677611.0,0.0005
2025-12-14 03:00:00,1765681213.0,0.0005
2025-12-14 04:00:00,1765684810.0,0.0005
2025-12-14 05:00:00,1765688410.0,0.0005
2025-12-14 06:00:00,1765692013.0,0.0005
2025-12-14 07:00:00,1765695610.0,0.0005
2025-12-14 08:00:00,1765699211.0,0.0005
2025-12-14 09:00:00,1765702813.0,0.0005
2025-12-14 10:00:00,1765706412.0,0.0005
2025-12-14 11:00:00,1765710010.0,0.0005
2025-12-14 12:00:00,1765713615.0,0.0005
2025-12-14 13:00:00,1765717210.0,0.0005
2025-12-14 14:00:00,1765720810.0,0.0005
2025-12-14 15:00:00,1765724413.0,0.0005
2025-12-14 16:00:00,1765728011.0,0.0005
2025-12-14 17:00:00,1765731613.0,0.0005
2025-12-14 18:00:00,1765735213.0,0.0005
2025-12-14 19:00:00,1765738812.0,0.0005
2025-12-14 20:00:00,1765742413.0,0.0005
2025-12-14 21:00:00,1765746013.0,0.0005
2025-12-14 22:00:00,1765749610.0,0.0005
2025-12-14 23:00:00,1765753210.0,0.0005
2025-12-15 00:00:00,1765756816.0,0.0005
2025-12-15 01:00:00,1765760410.0,0.0005
2025-12-15 02:00:00,1765764010.0,0.0005
2025-12-15 03:00:00,1765767612.0,0.0005
2025-12-15 04:00:00,1765771212.0,0.0005
2025-12-15 05:00:00,1765774810.0,0.0005
2025-12-15 06:00:00,1765778414.0,0.0005
2025-12-15 07:00:00,1765782010.0,0.0005
2025-12-15 08:00:00,1765785610.0,0.0005
2025-12-15 09:00:00,1765789216.0,0.0005
2025-12-15 10:00:00,1765792809.0,0.0005
2025-12-15 11:00:00,1765796413.0,0.0005
2025-12-15 12:00:00,1765800014.0,0.0005
2025-12-15 13:00:00,1765803623.0,0.0005
2025-12-15 14:00:00,1765807210.0,0.0005
2025-12-15 15:00:00,1765810813.0,0.0005
2025-12-15 16:00:00,1765814410.0,0.0005
2025-12-15 17:00:00,1765818013.0,0.0005
2025-12-15 18:00:00,1765821627.0,0.0005
2025-12-15 19:00:00,1765825210.0,0.0005
2025-12-15 20:00:00,1765828810.0,0.0005
2025-12-15 21:00:00,1765832411.0,0.0005
2025-12-15 22:00:00,1765836026.0,0.0005
2025-12-15 23:00:00,1765839610.0,0.0005
2025-12-16 00:00:00,1765843213.0,0.0005
2025-12-16 01:00:00,1765846814.0,0.0005
2025-12-16 02:00:00,1765850410.0,0.0005
2025-12-16 03:00:00,1765854011.0,0.0005
2025-12-16 04:00:00,1765857610.0,0.0005
2025-12-16 05:00:00,1765861210.0,0.0005
2025-12-16 06:00:00,1765864812.0,0.0005
2025-12-16 07:00:00,1765868416.0,0.0005
2025-12-16 08:00:00,1765872017.0,0.0005
2025-12-16 09:00:00,1765875611.0,0.0005
2025-12-16 10:00:00,1765879210.0,0.0005
2025-12-16 11:00:00,1765882810.0,0.0005
2025-12-16 12:00:00,1765886426.0,0.0005
2025-12-16 13:00:00,1765890009.0,0.0005
2025-12-16 14:00:00,1765893624.0,0.0005
2025-12-16 15:00:00,1765897211.0,0.0005
2025-12-16 16:00:00,1765900827.0,0.0005
2025-12-16 17:00:00,1765904411.0,0.0005
2025-12-16 18:00:00,1765908012.0,0.0005
2025-12-16 19:00:00,1765911611.0,0.0005
2025-12-16 20:00:00,1765915211.0,0.0005
2025-12-16 21:00:00,1765918812.0,0.0005
2025-12-16 22:00:00,1765922410.0,0.0005
2025-12-16 23:00:00,1765926011.0,0.0005
2025-12-17 00:00:00,1765929610.0,0.0005
2025-12-17 01:00:00,1765933210.0,0.0005
2025-12-17 02:00:00,1765936811.0,0.0005
2025-12-17 03:00:00,1765940425.0,0.0005
2025-12-17 04:00:00,1765944011.0,0.0005
2025-12-17 05:00:00,1765947611.0,0.0005
2025-12-17 06:00:00,1765951220.0,0.0005
2025-12-17 07:00:00,1765954812.0,0.0005
2025-12-17 08:00:00,1765958422.0,0.0005
2025-12-17 09:00:00,1765962013.0,0.0005
2025-12-17 10:00:00,1765965612.0,0.0005
2025-12-17 11:00:00,1765969212.0,0.0005
2025-12-17 12:00:00,1765972815.0,0.0005
2025-12-17 13:00:00,1765976410.0,0.0005
2025-12-17 14:00:00,1765980011.0,0.0005
2025-12-17 15:00:00,1765983614.0,0.0005
2025-12-17 16:00:00,1765987212.0,0.0005
2025-12-17 17:00:00,1765990811.0,0.0005
2025-12-17 18:00:00,1765994413.0,0.0005
2025-12-17 19:00:00,1765998014.0,0.0005
2025-12-17 20:00:00,1766001611.0,0.0005
2025-12-17 21:00:00,1766005214.0,0.0005
2025-12-17 22:00:00,1766008811.0,0.0005
2025-12-17 23:00:00,1766012411.0,0.0005
2025-12-18 00:00:00,1766016022.0,0.0005
2025-12-18 01:00:00,1766019609.0,0.0005
2025-12-18 02:00:00,1766023209.0,0.0005
2025-12-18 03:00:00,1766026811.0,0.0005
2025-12-18 04:00:00,1766030409.0,0.0005
2025-12-18 05:00:00,1766034017.0,0.0005
2025-12-18 06:00:00,1766037612.0,0.0005
2025-12-18 07:00:00,1766041210.0,0.0005
2025-12-18 08:00:00,1766044809.0,0.0005
2025-12-18 09:00:00,1766048411.0,0.0005
2025-12-18 10:00:00,1766052018.0,0.0005
2025-12-18 11:00:00,1766055610.0,0.0005
2025-12-18 12:00:00,1766059213.0,0.0005
2025-12-18 13:00:00,1766062812.0,0.0005
2025-12-18 14:00:00,1766066424.0,0.0005
2025-12-18 15:00:00,1766070011.0,0.0005
2025-12-18 16:00:00,1766073619.0,0.0005
2025-12-18 17:00:00,1766077214.0,0.0005
2025-12-18 18:00:00,1766080813.0,0.0005
2025-12-18 19:00:00,1766084414.0,0.0005
2025-12-18 20:00:00,1766088012.0,0.0005
2025-12-18 21:00:00,1766091613.0,0.0005
2025-12-18 22:00:00,1766095213.0,0.0005
2025-12-18 23:00:00,1766098810.0,0.0005
2025-12-19 00:00:00,1766102414.0,0.0005
2025-12-19 01:00:00,1766106011.0,0.0005
2025-12-19 02:00:00,1766109611.0,0.0005
2025-12-19 03:00:00,1766113212.0,0.0005
2025-12-19 04:00:00,1766116812.0,0.0005
2025-12-19 05:00:00,1766120411.0,0.0005
2025-12-19 06:00:00,1766124013.0,0.0005
2025-12-19 07:00:00,1766127612.0,0.0005
2025-12-19 08:00:00,1766131212.0,0.0005
2025-12-19 09:00:00,1766134815.0,0.0005
2025-12-19 10:00:00,1766138411.0,0.0005
2025-12-19 11:00:00,1766142011.0,0.0005
2025-12-19 12:00:00,1766145615.0,0.0005
2025-12-19 13:00:00,1766149212.0,0.0005
2025-12-19 14:00:00,1766152812.0,0.0005
2025-12-19 15:00:00,1766156427.0,0.0005
2025-12-19 16:00:00,1766160027.0,0.0005
2025-12-19 17:00:00,1766163613.0,0.0005
2025-12-19 18:00:00,1766167212.0,0.0005
2025-12-19 19:00:00,1766170810.0,0.0005
2025-12-19 20:00:00,1766174411.0,0.0005
2025-12-19 21:00:00,1766178012.0,0.0005
2025-12-19 22:00:00,1766181610.0,0.0005
2025-12-19 23:00:00,1766185210.0,0.0005
2025-12-20 00:00:00,1766188813.0,0.0005
2025-12-20 01:00:00,1766192412.0,0.0005
2025-12-20 02:00:00,1766196010.0,0.0005
2025-12-20 03:00:00,1766199623.0,0.0005
2025-12-20 04:00:00,1766203211.0,0.0005
2025-12-20 05:00:00,1766206811.0,0.0005
2025-12-20 06:00:00,1766210412.0,0.0005
2025-12-20 07:00:00,1766214011.0,0.0005
2025-12-20 08:00:00,1766217611.0,0.0005
2025-12-20 09:00:00,1766221215.0,0.0005
2025-12-20 10:00:00,1766224811.0,0.0005
2025-12-20 11:00:00,1766228411.0,0.0005
2025-12-20 12:00:00,1766232015.0,0.0005
2025-12-20 13:00:00,1766235611.0,0.0005
2025-12-20 14:00:00,1766239211.0,0.0005
2025-12-20 15:00:00,1766242813.0,0.0005
2025-12-20 16:00:00,1766246412.0,0.0005
2025-12-20 17:00:00,1766250015.0,0.0005
2025-12-20 18:00:00,1766253612.0,0.0005
2025-12-20 19:00:00,1766257213.0,0.0005
2025-12-20 20:00:00,1766260814.0,0.0005
2025-12-20 21:00:00,1766264415.0,0.0005
2025-12-20 22:00:00,1766268013.0,0.0005
2025-12-20 23:00:00,1766271615.0,0.0005
2025-12-21 00:00:00,1766275213.0,0.0005
2025-12-21 01:00:00,1766278810.0,0.0005
2025-12-21 02:00:00,1766282410.0,0.0005
2025-12-21 03:00:00,1766286020.0,0.0005
2025-12-21 04:00:00,1766289619.0,0.0005
2025-12-21 05:00:00,1766293210.0,0.0005
2025-12-21 06:00:00,1766296814.0,0.0005
2025-12-21 07:00:00,1766300410.0,0.0005
2025-12-21 08:00:00,1766304011.0,0.0005
2025-12-21 09:00:00,1766307612.0,0.0005
2025-12-21 10:00:00,1766311210.0,0.0005
2025-12-21 11:00:00,1766314811.0,0.0005
2025-12-21 12:00:00,1766318413.0,0.0005
2025-12-21 13:00:00,1766322011.0,0.0005
2025-12-21 14:00:00,1766325610.0,0.0005
2025-12-21 15:00:00,1766329213.0,0.0005
2025-12-21 16:00:00,1766332810.0,0.0005
2025-12-21 17:00:00,1766336415.0,0.0005
2025-12-21 18:00:00,1766340013.0,0.0005
2025-12-21 19:00:00,1766343611.0,0.0005
2025-12-21 20:00:00,1766347213.0,0.0005
2025-12-21 21:00:00,1766350812.0,0.0005
2025-12-21 22:00:00,1766354410.0,0.0005
2025-12-21 23:00:00,1766358011.0,0.0005
2025-12-22 00:00:00,1766361613.0,0.0005
2025-12-22 01:00:00,1766365211.0,0.0005
2025-12-22 02:00:00,1766368811.0,0.0005
2025-12-22 03:00:00,1766372412.0,0.0005
2025-12-22 04:00:00,1766376017.0,0.0005
2025-12-22 05:00:00,1766379610.0,0.0005
2025-12-22 06:00:00,1766383212.0,0.0005
2025-12-22 07:00:00,1766386811.0,0.0005
2025-12-22 08:00:00,1766390424.0,0.0005
2025-12-22 09:00:00,1766394026.0,0.0005
2025-12-22 10:00:00,1766397611.0,0.0005
2025-12-22 11:00:00,1766401211.0,0.0005
2025-12-22 12:00:00,1766404813.0,0.0005
2025-12-22 13:00:00,1766408410.0,0.0005
2025-12-22 14:00:00,1766412011.0,0.0005
2025-12-22 15:00:00,1766415613.0,0.0005
2025-12-22 16:00:00,1766419210.0,0.0005
2025-12-22 17:00:00,1766422813.0,0.0005
2025-12-22 18:00:00,1766426412.0,0.0005
2025-12-22 19:00:00,1766430011.0,0.0005
2025-12-22 20:00:00,1766433624.0,0.0005
2025-12-22 21:00:00,1766437212.0,0.0005
2025-12-22 22:00:00,1766440823.0,0.0005
2025-12-22 23:00:00,1766444411.0,0.0005
2025-12-23 00:00:00,1766448015.0,0.0005
2025-12-23 01:00:00,1766451612.0,0.0005
2025-12-23 02:00:00,1766455211.0,0.0005
2025-12-23 03:00:00,1766458814.0,0.0005
2025-12-23 04:00:00,1766462423.0,0.0005
2025-12-23 05:00:00,1766466031.0,0.0005
2025-12-23 06:00:00,1766469628.0,0.0005
2025-12-23 07:00:00,1766473212.0,0.0005
2025-12-23 08:00:00,1766476824.0,0.0005
2025-12-23 09:00:00,1766480412.0,0.0005
2025-12-23 10:00:00,1766484011.0,0.0005
2025-12-23 11:00:00,1766487611.0,0.0005
2025-12-23 12:00:00,1766491216.0,0.0005
2025-12-23 13:00:00,1766494811.0,0.0005
2025-12-23 14:00:00,1766498411.0,0.0005
2025-12-23 15:00:00,1766502014.0,0.0005
2025-12-23 16:00:00,1766505611.0,0.0005
2025-12-23 17:00:00,1766509230.0,0.0005
2025-12-23 18:00:00,1766512813.0,0.0005
2025-12-23 19:00:00,1766516412.0,0.0005
2025-12-23 20:00:00,1766520011.0,0.0005
2025-12-23 21:00:00,1766523613.0,0.0005
2025-12-23 22:00:00,1766527213.0,0.0005
2025-12-23 23:00:00,1766530812.0,0.0005
2025-12-24 00:00:00,1766534415.0,0.0005
2025-12-24 01:00:00,1766538013.0,0.0005
2025-12-24 02:00:00,1766541611.0,0.0005
2025-12-24 03:00:00,1766545213.0,0.0005
2025-12-24 04:00:00,1766548812.0,0.0005
2025-12-24 05:00:00,1766552412.0,0.0005
2025-12-24 06:00:00,1766556014.0,0.0005
2025-12-24 07:00:00,1766559611.0,0.0005
2025-12-24 08:00:00,1766563213.0,0.0005
2025-12-24 09:00:00,1766566814.0,0.0005
2025-12-24 10:00:00,1766570413.0,0.0005
2025-12-24 11:00:00,1766574012.0,0.0005
2025-12-24 12:00:00,1766577614.0,0.0005
2025-12-24 13:00:00,1766581212.0,0.0005
2025-12-24 14:00:00,1766584812.0,0.0005
2025-12-24 15:00:00,1766588413.0,0.0005
2025-12-24 16:00:00,1766592011.0,0.0005
2025-12-24 17:00:00,1766595615.0,0.0005
2025-12-24 18:00:00,1766599213.0,0.0005
2025-12-24 19:00:00,1766602813.0,0.0005
2025-12-24 20:00:00,1766606412.0,0.0005
2025-12-24 21:00:00,1766610015.0,0.0005
2025-12-24 22:00:00,1766613612.0,0.0005
2025-12-24 23:00:00,1766617210.0,0.0005
2025-12-25 00:00:00,1766620824.0,0.0005
2025-12-25 01:00:00,1766624411.0,0.0005
2025-12-25 02:00:00,1766628012.0,0.0005
2025-12-25 03:00:00,1766631614.0,0.0005
2025-12-25 04:00:00,1766635212.0,0.0005
2025-12-25 05:00:00,1766638811.0,0.0005
2025-12-25 06:00:00,1766642414.0,0.0005
2025-12-25 07:00:00,1766646012.0,0.0005
2025-12-25 08:00:00,1766649613.0,0.0005
2025-12-25 09:00:00,1766653213.0,0.0005
2025-12-25 10:00:00,1766656811.0,0.0005
2025-12-25 11:00:00,1766660411.0,0.0005
2025-12-25 12:00:00,1766664015.0,0.0005
2025-12-25 13:00:00,1766667612.0,0.0005
2025-12-25 14:00:00,1766671212.0,0.0005
2025-12-25 15:00:00,1766674813.0,0.0005
2025-12-25 16:00:00,1766678411.0,0.0005
2025-12-25 17:00:00,1766682016.0,0.0005
2025-12-25 18:00:00,1766685615.0,0.0005
2025-12-25 19:00:00,1766689212.0,0.0005
2025-12-25 20:00:00,1766692814.0,0.0005
2025-12-25 21:00:00,1766696413.0,0.0005
2025-12-25 22:00:00,1766700014.0,0.0005
2025-12-25 23:00:00,1766703612.0,0.0005
2025-12-26 00:00:00,1766707211.0,0.0005
2025-12-26 01:00:00,1766710809.0,0.0005
2025-12-26 02:00:00,1766714409.0,0.0005
2025-12-26 03:00:00,1766718010.0,0.0005
2025-12-26 04:00:00,1766721610.0,0.0005
2025-12-26 05:00:00,1766725211.0,0.0005
2025-12-26 06:00:00,1766728810.0,0.0005
2025-12-26 07:00:00,1766732409.0,0.0005
2025-12-26 08:00:00,1766736010.0,0.0005
2025-12-26 09:00:00,1766739610.0,0.0005
2025-12-26 10:00:00,1766743210.0,0.0005
2025-12-26 11:00:00,1766746810.0,0.0005
2025-12-26 12:00:00,1766750413.0,0.0005
2025-12-26 13:00:00,1766754010.0,0.0005
2025-12-26 14:00:00,1766757610.0,0.0005
2025-12-26 15:00:00,1766761212.0,0.0005
2025-12-26 16:00:00,1766764810.0,0.0005
2025-12-26 17:00:00,1766768414.0,0.0005
2025-12-26 18:00:00,1766772010.0,0.0005
2025-12-26 19:00:00,1766775610.0,0.0005
2025-12-26 20:00:00,1766779211.0,0.0005
2025-12-26 21:00:00,1766782813.0,0.0005
2025-12-26 22:00:00,1766786411.0,0.0005
2025-12-26 23:00:00,1766790010.0,0.0005
2025-12-27 00:00:00,1766793615.0,0.0005
2025-12-27 01:00:00,1766797211.0,0.0005
2025-12-27 02:00:00,1766800811.0,0.0005
2025-12-27 03:00:00,1766804412.0,0.0005
2025-12-27 04:00:00,1766808013.0,0.0005
2025-12-27 05:00:00,1766811613.0,0.0005
2025-12-27 06:00:00,1766815212.0,0.0005
2025-12-27 07:00:00,1766818821.0,0.0005
2025-12-27 08:00:00,1766822412.0,0.0005
2025-12-27 09:00:00,1766826013.0,0.0005
2025-12-27 10:00:00,1766829612.0,0.0005
2025-12-27 11:00:00,1766833214.0,0.0005
2025-12-27 12:00:00,1766836815.0,0.0005
2025-12-27 13:00:00,1766840412.0,0.0005
2025-12-27 14:00:00,1766844012.0,0.0005
2025-12-27 15:00:00,1766847612.0,0.0005
2025-12-27 16:00:00,1766851212.0,0.0005
2025-12-27 17:00:00,1766854812.0,0.0005
2025-12-27 18:00:00,1766858413.0,0.0005
2025-12-27 19:00:00,1766862012.0,0.0005
2025-12-27 20:00:00,1766865612.0,0.0005
2025-12-27 21:00:00,1766869212.0,0.0005
2025-12-27 22:00:00,1766872813.0,0.0005
2025-12-27 23:00:00,1766876412.0,0.0005
2025-12-28 00:00:00,1766880015.0,0.0005
2025-12-28 01:00:00,1766883686.0,0.0005
2025-12-28 02:00:00,1766887212.0,0.0005
2025-12-28 03:00:00,1766890813.0,0.0005
2025-12-28 04:00:00,1766894412.0,0.0005
2025-12-28 05:00:00,1766898012.0,0.0005
2025-12-28 06:00:00,1766901613.0,0.0005
2025-12-28 07:00:00,1766905212.0,0.0005
2025-12-28 08:00:00,1766908813.0,0.0005
2025-12-28 09:00:00,1766912413.0,0.0005
2025-12-28 10:00:00,1766916013.0,0.0005
2025-12-28 11:00:00,1766919612.0,0.0005
2025-12-28 12:00:00,1766923215.0,0.0005
2025-12-28 13:00:00,1766926811.0,0.0005
2025-12-28 14:00:00,1766930412.0,0.0005
2025-12-28 15:00:00,1766934022.0,0.0005
2025-12-28 16:00:00,1766937626.0,0.0005
2025-12-28 17:00:00,1766941215.0,0.0005
2025-12-28 18:00:00,1766944814.0,0.0005
2025-12-28 19:00:00,1766948412.0,0.0005
2025-12-28 20:00:00,1766952026.0,0.0005
2025-12-28 21:00:00,1766955614.0,0.0005
2025-12-28 22:00:00,1766959213.0,0.0005
2025-12-28 23:00:00,1766962814.0,0.0005
2025-12-29 00:00:00,1766966431.0,0.0005
2025-12-29 01:00:00,1766970086.0,0.0005
2025-12-29 02:00:00,1766973612.0,0.0005
2025-12-29 03:00:00,1766977227.0,0.0005
2025-12-29 04:00:00,1766980811.0,0.0005
2025-12-29 05:00:00,1766984421.0,0.0005
2025-12-29 06:00:00,1766988014.0,0.0005
2025-12-29 07:00:00,1766991615.0,0.0005
2025-12-29 08:00:00,1766995221.0,0.0005
2025-12-29 09:00:00,1766998813.0,0.0005
2025-12-29 10:00:00,1767002414.0,0.0005
2025-12-29 11:00:00,1767006013.0,0.0005
2025-12-29 12:00:00,1767009614.0,0.0005
2025-12-29 13:00:00,1767013212.0,0.0005
2025-12-29 14:00:00,1767016812.0,0.0005
2025-12-29 15:00:00,1767020413.0,0.0005
2025-12-29 16:00:00,1767024011.0,0.0005
2025-12-29 17:00:00,1767027613.0,0.0005
2025-12-29 18:00:00,1767031212.0,0.0005
2025-12-29 19:00:00,1767034814.0,0.0005
2025-12-29 20:00:00,1767038412.0,0.0005
2025-12-29 21:00:00,1767042012.0,0.0005
2025-12-29 22:00:00,1767045613.0,0.0005
2025-12-29 23:00:00,1767049222.0,0.0005
2025-12-30 00:00:00,1767052818.0,0.0005
2025-12-30 01:00:00,1767056411.0,0.0005
2025-12-30 02:00:00,1767060012.0,0.0005
2025-12-30 03:00:00,1767063614.0,0.0005
2025-12-30 04:00:00,1767067212.0,0.0005
2025-12-30 05:00:00,1767070820.0,0.0005
2025-12-30 06:00:00,1767074413.0,0.0005
2025-12-30 07:00:00,1767078017.0,0.0005
2025-12-30 08:00:00,1767081613.0,0.0005
2025-12-30 09:00:00,1767085215.0,0.0005
2025-12-30 10:00:00,1767088812.0,0.0005
2025-12-30 11:00:00,1767092414.0,0.0005
2025-12-30 12:00:00,1767096016.0,0.0005
2025-12-30 13:00:00,1767099612.0,0.0005
2025-12-30 14:00:00,1767103212.0,0.0005
2025-12-30 15:00:00,1767106814.0,0.0005
2025-12-30 16:00:00,1767110413.0,0.0005
2025-12-30 17:00:00,1767114016.0,0.0005
2025-12-30 18:00:00,1767117618.0,0.0005
2025-12-30 19:00:00,1767121212.0,0.0005
2025-12-30 20:00:00,1767124824.0,0.0005
2025-12-30 21:00:00,1767128413.0,0.0005
2025-12-30 22:00:00,1767132013.0,0.0005
2025-12-30 23:00:00,1767135613.0,0.0005
2025-12-31 00:00:00,1767139215.0,0.0005
2025-12-31 01:00:00,1767142813.0,0.0005
2025-12-31 02:00:00,1767146413.0,0.0005
2025-12-31 03:00:00,1767150015.0,0.0005
2025-12-31 04:00:00,1767153625.0,0.0005
2025-12-31 05:00:00,1767157212.0,0.0005
2025-12-31 06:00:00,1767160814.0,0.0005
2025-12-31 07:00:00,1767164412.0,0.0005
2025-12-31 08:00:00,1767168014.0,0.0005
2025-12-31 09:00:00,1767171614.0,0.0005
2025-12-31 10:00:00,1767175213.0,0.0005
2025-12-31 11:00:00,1767178823.0,0.0005
2025-12-31 12:00:00,1767182414.0,0.0005
2025-12-31 13:00:00,1767186012.0,0.0005
2025-12-31 14:00:00,1767189613.0,0.0005
2025-12-31 15:00:00,1767193214.0,0.0005
2025-12-31 16:00:00,1767196815.0,0.0005
2025-12-31 17:00:00,1767200416.0,0.0005
2025-12-31 18:00:00,1767204015.0,0.0005
2025-12-31 19:00:00,1767207641.0,0.0005
2025-12-31 20:00:00,1767211214.0,0.0005
2025-12-31 21:00:00,1767214815.0,0.0005
2025-12-31 22:00:00,1767218414.0,0.0005
2025-12-31 23:00:00,1767222013.0,0.0005
2026-01-01 00:00:00,1767225615.0,0.0005
2026-01-01 01:00:00,1767229212.0,0.0005
2026-01-01 02:00:00,1767232812.0,0.0005
2026-01-01 03:00:00,1767236413.0,0.0005
2026-01-01 04:00:00,1767240028.0,0.0005
2026-01-01 05:00:00,1767243612.0,0.0005
2026-01-01 06:00:00,1767247215.0,0.0005
2026-01-01 07:00:00,1767250812.0,0.0005
2026-01-01 08:00:00,1767254411.0,0.0005
2026-01-01 09:00:00,1767258014.0,0.0005
2026-01-01 10:00:00,1767261613.0,0.0005
2026-01-01 11:00:00,1767265211.0,0.0005
2026-01-01 12:00:00,1767268816.0,0.0005
2026-01-01 13:00:00,1767272430.0,0.0005
2026-01-01 14:00:00,1767276011.0,0.0005
2026-01-01 15:00:00,1767279614.0,0.0005
2026-01-01 16:00:00,1767283211.0,0.0005
2026-01-01 17:00:00,1767286814.0,0.0005
2026-01-01 18:00:00,1767290413.0,0.0005
2026-01-01 19:00:00,1767294011.0,0.0005
2026-01-01 20:00:00,1767297623.0,0.0005
2026-01-01 21:00:00,1767301212.0,0.0005
2026-01-01 22:00:00,1767304820.0,0.0005
2026-01-01 23:00:00,1767308412.0,0.001
2026-01-02 00:00:00,1767312014.0,0.0005
2026-01-02 01:00:00,1767315611.0,0.0005
2026-01-02 02:00:00,1767319212.0,0.0005
2026-01-02 03:00:00,1767322823.0,0.0005
2026-01-02 04:00:00,1767326411.0,0.0005
2026-01-02 05:00:00,1767330013.0,0.0005
2026-01-02 06:00:00,1767333612.0,0.0005
2026-01-02 07:00:00,1767337211.0,0.0005
2026-01-02 08:00:00,1767340813.0,0.0005
2026-01-02 09:00:00,1767344413.0,0.0005
2026-01-02 10:00:00,1767348014.0,0.0005
2026-01-02 11:00:00,1767351613.0,0.0005
2026-01-02 12:00:00,1767355214.0,0.0005
2026-01-02 13:00:00,1767358811.0,0.0005
2026-01-02 14:00:00,1767362412.0,0.0005
2026-01-02 15:00:00,1767366014.0,0.0005
2026-01-02 16:00:00,1767369613.0,0.0005
2026-01-02 17:00:00,1767373214.0,0.0005
2026-01-02 18:00:00,1767376827.0,0.0005
2026-01-02 19:00:00,1767380413.0,0.0005
2026-01-02 20:00:00,1767384014.0,0.0005
2026-01-02 21:00:00,1767387614.0,0.0005
2026-01-02 22:00:00,1767391214.0,0.0005
2026-01-02 23:00:00,1767394812.0,0.0005
2026-01-03 00:00:00,1767398413.0,0.0005
2026-01-03 01:00:00,1767402085.0,0.0005
2026-01-03 02:00:00,1767405610.0,0.0005
2026-01-03 03:00:00,1767409212.0,0.0005
2026-01-03 04:00:00,1767412812.0,0.0005
2026-01-03 05:00:00,1767416423.0,0.0005
2026-01-03 06:00:00,1767420022.0,0.0005
2026-01-03 07:00:00,1767423611.0,0.0005
2026-01-03 08:00:00,1767427210.0,0.0005
2026-01-03 09:00:00,1767430825.0,0.0005
2026-01-03 10:00:00,1767434411.0,0.0005
2026-01-03 11:00:00,1767438012.0,0.0005
2026-01-03 12:00:00,1767441615.0,0.0005
2026-01-03 13:00:00,1767445211.0,0.0005
2026-01-03 14:00:00,1767448812.0,0.0005
2026-01-03 15:00:00,1767452428.0,0.0005
2026-01-03 16:00:00,1767456012.0,0.0005
2026-01-03 17:00:00,1767459615.0,0.0005
2026-01-03 18:00:00,1767463213.0,0.0005
2026-01-03 19:00:00,1767466812.0,0.0005
2026-01-03 20:00:00,1767470413.0,0.0005
2026-01-03 21:00:00,1767474014.0,0.0005
2026-01-03 22:00:00,1767477611.0,0.0005
2026-01-03 23:00:00,1767481211.0,0.001
2026-01-04 00:00:00,1767484815.0,0.0005
2026-01-04 01:00:00,1767488413.0,0.0005
2026-01-04 02:00:00,1767492012.0,0.0005
2026-01-04 03:00:00,1767495627.0,0.0005
2026-01-04 04:00:00,1767499214.0,0.0005
2026-01-04 05:00:00,1767502811.0,0.0005
2026-01-04 06:00:00,1767506413.0,0.0005
2026-01-04 07:00:00,1767510013.0,0.001
2026-01-04 08:00:00,1767513612.0,0.0005
2026-01-04 09:00:00,1767517212.0,0.0005
2026-01-04 10:00:00,1767520811.0,0.0005
2026-01-04 11:00:00,1767524418.0,0.0005
2026-01-04 12:00:00,1767528017.0,0.0005
2026-01-04 13:00:00,1767531611.0,0.0005
2026-01-04 14:00:00,1767535213.0,0.0005
2026-01-04 15:00:00,1767538819.0,0.0005
2026-01-04 16:00:00,1767542421.0,0.0005
2026-01-04 17:00:00,1767546013.0,0.0005
2026-01-04 18:00:00,1767549615.0,0.0005
2026-01-04 19:00:00,1767553212.0,0.0005
2026-01-04 20:00:00,1767556830.0,0.0005
2026-01-04 21:00:00,1767560416.0,0.0005
2026-01-04 22:00:00,1767564013.0,0.0005
2026-01-04 23:00:00,1767567612.0,0.0005
2026-01-05 00:00:00,1767571217.0,0.0005
2026-01-05 01:00:00,1767574812.0,0.0005
2026-01-05 02:00:00,1767578412.0,0.0005
2026-01-05 03:00:00,1767582014.0,0.0005
2026-01-05 04:00:00,1767585612.0,0.0005
2026-01-05 05:00:00,1767589226.0,0.0005
2026-01-05 06:00:00,1767592814.0,0.0005
2026-01-05 07:00:00,1767596413.0,0.0005
2026-01-05 08:00:00,1767600013.0,0.0005
2026-01-05 09:00:00,1767603618.0,0.0005
2026-01-05 10:00:00,1767607211.0,0.0005
2026-01-05 11:00:00,1767610811.0,0.0005
2026-01-05 12:00:00,1767614414.0,0.0005
2026-01-05 13:00:00,1767618012.0,0.0005
2026-01-05 14:00:00,1767621612.0,0.0005
2026-01-05 15:00:00,1767625214.0,0.0005
2026-01-05 16:00:00,1767628813.0,0.0005
2026-01-05 17:00:00,1767632424.0,0.0005
2026-01-05 18:00:00,1767636014.0,0.0005
2026-01-05 19:00:00,1767639612.0,0.0005
2026-01-05 20:00:00,1767643212.0,0.0005
2026-01-05 21:00:00,1767646815.0,0.0005
2026-01-05 22:00:00,1767650429.0,0.0005
2026-01-05 23:00:00,1767654012.0,0.0005
2026-01-06 00:00:00,1767657619.0,0.0005
2026-01-06 01:00:00,1767661219.0,0.0005
2026-01-06 02:00:00,1767664814.0,0.0005
2026-01-06 03:00:00,1767668414.0,0.0005
2026-01-06 04:00:00,1767672015.0,0.0005
2026-01-06 05:00:00,1767675612.0,0.0005
2026-01-06 06:00:00,1767679218.0,0.0005
2026-01-06 07:00:00,1767682816.0,0.0005
2026-01-06 08:00:00,1767686417.0,0.0005
2026-01-06 09:00:00,1767690015.0,0.0005
2026-01-06 10:00:00,1767693613.0,0.0005
2026-01-06 11:00:00,1767697218.0,0.0005
2026-01-06 12:00:00,1767700816.0,0.0005
2026-01-06 13:00:00,1767704423.0,0.0005
2026-01-06 14:00:00,1767708014.0,0.0005
2026-01-06 15:00:00,1767711619.0,0.0005
2026-01-06 16:00:00,1767715213.0,0.0005
2026-01-06 17:00:00,1767718816.0,0.0005
2026-01-06 18:00:00,1767722415.0,0.0005
2026-01-06 19:00:00,1767726013.0,0.0005
2026-01-06 20:00:00,1767729614.0,0.0005
2026-01-06 21:00:00,1767733214.0,0.0005
2026-01-06 22:00:00,1767736813.0,0.0005
2026-01-06 23:00:00,1767740424.0,0.0005
2026-01-07 00:00:00,1767744016.0,0.0005
2026-01-07 01:00:00,1767747613.0,0.0005
2026-01-07 02:00:00,1767751214.0,0.0005
2026-01-07 03:00:00,1767754815.0,0.0005
2026-01-07 04:00:00,1767758413.0,0.0005
2026-01-07 05:00:00,1767762013.0,0.0005
2026-01-07 06:00:00,1767765619.0,0.0005
2026-01-07 07:00:00,1767769214.0,0.0005
2026-01-07 08:00:00,1767772815.0,0.0005
2026-01-07 09:00:00,1767776415.0,0.0005
2026-01-07 10:00:00,1767780019.0,0.0005
2026-01-07 11:00:00,1767783612.0,0.0005
2026-01-07 12:00:00,1767787220.0,0.0005
2026-01-07 13:00:00,1767790814.0,0.0005
2026-01-07 14:00:00,1767794413.0,0.0005
2026-01-07 15:00:00,1767798018.0,0.0005
2026-01-07 16:00:00,1767801614.0,0.001
2026-01-07 17:00:00,1767805218.0,0.001
2026-01-07 18:00:00,1767808815.0,0.001
2026-01-07 19:00:00,1767812415.0,0.0005
2026-01-07 20:00:00,1767816014.0,0.0005
2026-01-07 21:00:00,1767819621.0,0.0005
2026-01-07 22:00:00,1767823218.0,0.0005
2026-01-07 23:00:00,1767826814.0,0.0005
2026-01-08 00:00:00,1767830432.0,0.0005
2026-01-08 01:00:00,1767834028.0,0.0005
2026-01-08 02:00:00,1767837613.0,0.0005
2026-01-08 03:00:00,1767841215.0,0.0005
2026-01-08 04:00:00,1767844814.0,0.0005
2026-01-08 05:00:00,1767848414.0,0.0005
2026-01-08 06:00:00,1767852015.0,0.0005
2026-01-08 07:00:00,1767855614.0,0.0015
2026-01-08 08:00:00,1767859224.0,0.0015
2026-01-08 09:00:00,1767862815.0,0.0005
2026-01-08 10:00:00,1767866424.0,0.0005
2026-01-08 11:00:00,1767870014.0,0.0005
2026-01-08 12:00:00,1767873627.0,0.0005
2026-01-08 13:00:00,1767877213.0,0.0005
2026-01-08 14:00:00,1767880818.0,0.0005
2026-01-08 15:00:00,1767884415.0,0.0005
2026-01-08 16:00:00,1767888029.0,0.0005
2026-01-08 17:00:00,1767891619.0,0.0005
2026-01-08 18:00:00,1767895215.0,0.0005
2026-01-08 19:00:00,1767898814.0,0.0005
2026-01-08 20:00:00,1767902415.0,0.0005
2026-01-08 21:00:00,1767906016.0,0.0005
2026-01-08 22:00:00,1767909616.0,0.0005
2026-01-08 23:00:00,1767913216.0,0.0005
2026-01-09 00:00:00,1767916816.0,0.0005
2026-01-09 01:00:00,1767920414.0,0.0005
2026-01-09 02:00:00,1767924014.0,0.0005
2026-01-09 03:00:00,1767927617.0,0.0005
2026-01-09 04:00:00,1767931214.0,0.0005
2026-01-09 05:00:00,1767934814.0,0.0005
2026-01-09 06:00:00,1767938417.0,0.0005
2026-01-09 07:00:00,1767942013.0,0.0005
2026-01-09 08:00:00,1767945615.0,0.0005
2026-01-09 09:00:00,1767949216.0,0.0005
2026-01-09 10:00:00,1767952815.0,0.0005
2026-01-09 11:00:00,1767956414.0,0.0005
2026-01-09 12:00:00,1767960030.0,0.0005
2026-01-09 13:00:00,1767963614.0,0.0005
2026-01-09 14:00:00,1767967214.0,0.0005
2026-01-09 15:00:00,1767970817.0,0.0005
2026-01-09 16:00:00,1767974417.0,0.0005
2026-01-09 17:00:00,1767978018.0,0.0005
2026-01-09 18:00:00,1767981618.0,0.0005
2026-01-09 19:00:00,1767985216.0,0.0005
2026-01-09 20:00:00,1767988827.0,0.0005
2026-01-09 21:00:00,1767992417.0,0.0005
2026-01-09 22:00:00,1767996016.0,0.0005
2026-01-09 23:00:00,1767999614.0,0.0005
2026-01-10 00:00:00,1768003217.0,0.0005
2026-01-10 01:00:00,1768006816.0,0.0005
2026-01-10 02:00:00,1768010413.0,0.0005
2026-01-10 03:00:00,1768014016.0,0.0005
2026-01-10 04:00:00,1768017614.0,0.0005
2026-01-10 05:00:00,1768021214.0,0.0005
2026-01-10 06:00:00,1768024817.0,0.0005
2026-01-10 07:00:00,1768028414.0,0.0005
2026-01-10 08:00:00,1768032029.0,0.0005
2026-01-10 09:00:00,1768035618.0,0.0005
2026-01-10 10:00:00,1768039216.0,0.0005
2026-01-10 11:00:00,1768042816.0,0.0005
2026-01-10 12:00:00,1768046418.0,0.0005
2026-01-10 13:00:00,1768050016.0,0.0005
2026-01-10 14:00:00,1768053619.0,0.0005
2026-01-10 15:00:00,1768057217.0,0.0005
2026-01-10 16:00:00,1768060827.0,0.0005
2026-01-10 17:00:00,1768064417.0,0.0005
2026-01-10 18:00:00,1768068019.0,0.0005
2026-01-10 19:00:00,1768071615.0,0.0005
2026-01-10 20:00:00,1768075215.0,0.0005
2026-01-10 21:00:00,1768078820.0,0.0005
2026-01-10 22:00:00,1768082416.0,0.0005
2026-01-10 23:00:00,1768086026.0,0.0005
2026-01-11 00:00:00,1768089615.0,0.0005
2026-01-11 01:00:00,1768093214.0,0.0005
2026-01-11 02:00:00,1768096827.0,0.0005
2026-01-11 03:00:00,1768100415.0,0.0005
2026-01-11 04:00:00,1768104015.0,0.0005
2026-01-11 05:00:00,1768107611.0,0.0005
2026-01-11 06:00:00,1768111215.0,0.0005
2026-01-11 07:00:00,1768114814.0,0.0005
2026-01-11 08:00:00,1768118414.0,0.0005
2026-01-11 09:00:00,1768122013.0,0.0005
2026-01-11 10:00:00,1768125611.0,0.0005
2026-01-11 11:00:00,1768129222.0,0.0005
2026-01-11 12:00:00,1768132815.0,0.0005
2026-01-11 13:00:00,1768136413.0,0.0005
2026-01-11 14:00:00,1768140013.0,0.0005
2026-01-11 15:00:00,1768143624.0,0.0005
2026-01-11 16:00:00,1768147212.0,0.0005
2026-01-11 17:00:00,1768150825.0,0.0005
2026-01-11 18:00:00,1768154417.0,0.0005
2026-01-11 19:00:00,1768158014.0,0.0005
2026-01-11 20:00:00,1768161616.0,0.0005
2026-01-11 21:00:00,1768165233.0,0.0005
2026-01-11 22:00:00,1768168816.0,0.0005
2026-01-11 23:00:00,1768172414.0,0.0005
2026-01-12 00:00:00,1768176017.0,0.0005
2026-01-12 01:00:00,1768179614.0,0.0005
2026-01-12 02:00:00,1768183224.0,0.0005
2026-01-12 03:00:00,1768186830.0,0.0005
2026-01-12 04:00:00,1768190414.0,0.0005
2026-01-12 05:00:00,1768194013.0,0.0005
2026-01-12 06:00:00,1768197614.0,0.0005
2026-01-12 07:00:00,1768201215.0,0.0005
2026-01-12 08:00:00,1768204815.0,0.0005
2026-01-12 09:00:00,1768208415.0,0.0005
2026-01-12 10:00:00,1768212013.0,0.0005
2026-01-12 11:00:00,1768215624.0,0.0005
2026-01-12 12:00:00,1768219221.0,0.0005
2026-01-12 13:00:00,1768222815.0,0.0005
2026-01-12 14:00:00,1768226413.0,0.0005
2026-01-12 15:00:00,1768230017.0,0.0005
2026-01-12 16:00:00,1768233613.0,0.0005
2026-01-12 17:00:00,1768237214.0,0.0005
2026-01-12 18:00:00,1768240842.0,0.0005
2026-01-12 19:00:00,1768244414.0,0.0005
2026-01-12 20:00:00,1768248017.0,0.0005
2026-01-12 21:00:00,1768251619.0,0.0005
2026-01-12 22:00:00,1768255242.0,0.0005
2026-01-12 23:00:00,1768258819.0,0.0005
2026-01-13 00:00:00,1768262418.0,0.0005
2026-01-13 01:00:00,1768266087.0,0.0005
2026-01-13 02:00:00,1768269614.0,0.0005
2026-01-13 03:00:00,1768273218.0,0.0005
2026-01-13 04:00:00,1768276814.0,0.0005
2026-01-13 05:00:00,1768280414.0,0.0005
2026-01-13 06:00:00,1768284017.0,0.0005
2026-01-13 07:00:00,1768287627.0,0.0005
2026-01-13 08:00:00,1768291228.0,0.0005
2026-01-13 09:00:00,1768294819.0,0.0005
2026-01-13 10:00:00,1768298415.0,0.0005
2026-01-13 11:00:00,1768302015.0,0.0005
2026-01-13 12:00:00,1768305620.0,0.0005
2026-01-13 13:00:00,1768309259.0,0.0005
2026-01-13 14:00:00,1768312829.0,0.0005
2026-01-13 15:00:00,1768316417.0,0.0005
2026-01-13 16:00:00,1768320025.0,0.0005
2026-01-13 17:00:00,1768323617.0,0.0005
2026-01-13 18:00:00,1768327218.0,0.0005
2026-01-13 19:00:00,1768330853.0,0.0005
2026-01-13 20:00:00,1768334415.0,0.0005
2026-01-13 21:00:00,1768338017.0,0.0005
2026-01-13 22:00:00,1768341616.0,0.0005
2026-01-13 23:00:00,1768345216.0,0.0005
2026-01-14 00:00:00,1768348818.0,0.0005
2026-01-14 01:00:00,1768352415.0,0.0005
2026-01-14 02:00:00,1768356016.0,0.0005
2026-01-14 03:00:00,1768359617.0,0.0005
2026-01-14 04:00:00,1768363217.0,0.0005
2026-01-14 05:00:00,1768366818.0,0.0005
2026-01-14 06:00:00,1768370418.0,0.0005
2026-01-14 07:00:00,1768374016.0,0.0005
2026-01-14 08:00:00,1768377630.0,0.0005
2026-01-14 09:00:00,1768381217.0,0.0005
2026-01-14 10:00:00,1768384815.0,0.0005
2026-01-14 11:00:00,1768388414.0,0.0005
2026-01-14 12:00:00,1768392019.0,0.0005
2026-01-14 13:00:00,1768395617.0,0.0005
2026-01-14 14:00:00,1768399215.0,0.0005
2026-01-14 15:00:00,1768402827.0,0.0005
2026-01-14 16:00:00,1768406429.0,0.0005
2026-01-14 17:00:00,1768410019.0,0.0005
2026-01-14 18:00:00,1768413619.0,0.0005
2026-01-14 19:00:00,1768417216.0,0.0005
2026-01-14 20:00:00,1768420816.0,0.0005
2026-01-14 21:00:00,1768424420.0,0.0005
2026-01-14 22:00:00,1768428018.0,0.0005
2026-01-14 23:00:00,1768431616.0,0.0005
2026-01-15 00:00:00,1768435219.0,0.0005
2026-01-15 01:00:00,1768438814.0,0.0005
2026-01-15 02:00:00,1768442415.0,0.0005
2026-01-15 03:00:00,1768446025.0,0.0005
2026-01-15 04:00:00,1768449616.0,0.0005
2026-01-15 05:00:00,1768453215.0,0.0005
2026-01-15 06:00:00,1768456818.0,0.0005
2026-01-15 07:00:00,1768460416.0,0.0005
2026-01-15 08:00:00,1768464015.0,0.0005
2026-01-15 09:00:00,1768467620.0,0.0005
2026-01-15 10:00:00,1768471216.0,0.0005
2026-01-15 11:00:00,1768474816.0,0.0005
2026-01-15 12:00:00,1768478419.0,0.0005
2026-01-15 13:00:00,1768482017.0,0.0005
2026-01-15 14:00:00,1768485616.0,0.0005
2026-01-15 15:00:00,1768489217.0,0.0005
2026-01-15 16:00:00,1768492816.0,0.0005
2026-01-15 17:00:00,1768496421.0,0.0005
2026-01-15 18:00:00,1768500022.0,0.0005
2026-01-15 19:00:00,1768503620.0,0.0005
2026-01-15 20:00:00,1768507219.0,0.0005
2026-01-15 21:00:00,1768510822.0,0.0005
2026-01-15 22:00:00,1768514417.0,0.0005
2026-01-15 23:00:00,1768518018.0,0.0005
2026-01-16 00:00:00,1768521622.0,0.001
2026-01-16 01:00:00,1768525220.0,0.001
2026-01-16 02:00:00,1768528818.0,0.001
2026-01-16 03:00:00,1768532421.0,0.001
2026-01-16 04:00:00,1768536017.0,0.0005
2026-01-16 05:00:00,1768539616.0,0.0005
2026-01-16 06:00:00,1768543218.0,0.0005
2026-01-16 07:00:00,1768546817.0,0.0005
2026-01-16 08:00:00,1768550417.0,0.0005
2026-01-16 09:00:00,1768554018.0,0.0005
2026-01-16 10:00:00,1768557616.0,0.0005
2026-01-16 11:00:00,1768561215.0,0.0005
2026-01-16 12:00:00,1768564820.0,0.0005
2026-01-16 13:00:00,1768568417.0,0.0005
2026-01-16 14:00:00,1768572016.0,0.0005
2026-01-16 15:00:00,1768575618.0,0.0005
2026-01-16 16:00:00,1768579216.0,0.0005
2026-01-16 17:00:00,1768582818.0,0.0005
2026-01-16 18:00:00,1768586419.0,0.0005
2026-01-16 19:00:00,1768590019.0,0.0005
2026-01-16 20:00:00,1768593617.0,0.0005
2026-01-16 21:00:00,1768597221.0,0.0005
2026-01-16 22:00:00,1768600829.0,0.0005
2026-01-16 23:00:00,1768604417.0,0.0005
2026-01-17 00:00:00,1768608019.0,0.0005
2026-01-17 01:00:00,1768611617.0,0.0005
2026-01-17 02:00:00,1768615217.0,0.0005
2026-01-17 03:00:00,1768618820.0,0.0005
2026-01-17 04:00:00,1768622416.0,0.0005
2026-01-17 05:00:00,1768626017.0,0.0005
2026-01-17 06:00:00,1768629618.0,0.0005
2026-01-17 07:00:00,1768633218.0,0.0005
2026-01-17 08:00:00,1768636816.0,0.0005
2026-01-17 09:00:00,1768640418.0,0.0005
2026-01-17 10:00:00,1768644030.0,0.0005
2026-01-17 11:00:00,1768647616.0,0.0005
2026-01-17 12:00:00,1768651223.0,0.0005
2026-01-17 13:00:00,1768654817.0,0.0005
2026-01-17 14:00:00,1768658430.0,0.0005
2026-01-17 15:00:00,1768662022.0,0.0005
2026-01-17 16:00:00,1768665616.0,0.0005
2026-01-17 17:00:00,1768669230.0,0.0005
2026-01-17 18:00:00,1768672821.0,0.0005
2026-01-17 19:00:00,1768676418.0,0.0005
2026-01-17 20:00:00,1768680028.0,0.0005
2026-01-17 21:00:00,1768683632.0,0.0005
2026-01-17 22:00:00,1768687217.0,0.0005
2026-01-17 23:00:00,1768690817.0,0.0005
2026-01-18 00:00:00,1768694427.0,0.0005
2026-01-18 01:00:00,1768698016.0,0.0005
2026-01-18 02:00:00,1768701647.0,0.0005
2026-01-18 03:00:00,1768705219.0,0.0005
2026-01-18 04:00:00,1768708819.0,0.0005
2026-01-18 05:00:00,1768712427.0,0.0005
2026-01-18 06:00:00,1768716046.0,0.0005
2026-01-18 07:00:00,1768719615.0,0.0005
2026-01-18 08:00:00,1768723240.0,0.0005
2026-01-18 09:00:00,1768726817.0,0.0005
2026-01-18 10:00:00,1768730415.0,0.0005
2026-01-18 11:00:00,1768734018.0,0.0005
2026-01-18 12:00:00,1768737634.0,0.0005
2026-01-18 13:00:00,1768741229.0,0.0005
2026-01-18 14:00:00,1768744817.0,0.0005
2026-01-18 15:00:00,1768748417.0,0.0005
2026-01-18 16:00:00,1768752015.0,0.0005
2026-01-18 17:00:00,1768755634.0,0.0005
2026-01-18 18:00:00,1768759233.0,0.0005
2026-01-18 19:00:00,1768762816.0,0.0005
2026-01-18 20:00:00,1768766418.0,0.0005
2026-01-18 21:00:00,1768770018.0,0.0005
2026-01-18 22:00:00,1768773615.0,0.0005
2026-01-18 23:00:00,1768777218.0,0.0005
2026-01-19 00:00:00,1768780816.0,0.0005
2026-01-19 01:00:00,1768784508.0,0.0005
2026-01-19 02:00:00,1768788024.0,0.0005
2026-01-19 03:00:00,1768791616.0,0.0005
2026-01-19 04:00:00,1768795219.0,0.0005
2026-01-19 05:00:00,1768798824.0,0.0005
2026-01-19 06:00:00,1768802416.0,0.0005
2026-01-19 07:00:00,1768806025.0,0.0005
2026-01-19 08:00:00,1768809625.0,0.0005
2026-01-19 09:00:00,1768813217.0,0.0005
2026-01-19 10:00:00,1768816813.0,0.0005
2026-01-19 11:00:00,1768820424.0,0.0005
2026-01-19 12:00:00,1768824019.0,0.0005
2026-01-19 13:00:00,1768827613.0,0.0005
2026-01-19 14:00:00,1768831212.0,0.0005
2026-01-19 15:00:00,1768834817.0,0.0005
2026-01-19 16:00:00,1768838414.0,0.0005
2026-01-19 17:00:00,1768842027.0,0.0005
2026-01-19 18:00:00,1768845618.0,0.0005
2026-01-19 19:00:00,1768849215.0,0.0005
2026-01-19 20:00:00,1768852819.0,0.0005
2026-01-19 21:00:00,1768856417.0,0.0005
2026-01-19 22:00:00,1768860017.0,0.0005
2026-01-19 23:00:00,1768863626.0,0.0005
2026-01-20 00:00:00,1768867218.0,0.0005
2026-01-20 01:00:00,1768870814.0,0.0005
2026-01-20 02:00:00,1768874414.0,0.0005
2026-01-20 03:00:00,1768878032.0,0.0005
2026-01-20 04:00:00,1768881626.0,0.0005
2026-01-20 05:00:00,1768885229.0,0.0005
2026-01-20 06:00:00,1768888819.0,0.0005
2026-01-20 07:00:00,1768892415.0,0.0005
2026-01-20 08:00:00,1768896015.0,0.0005
2026-01-20 09:00:00,1768899616.0,0.0005
2026-01-20 10:00:00,1768903216.0,0.0005
2026-01-20 11:00:00,1768906815.0,0.0015
2026-01-20 12:00:00,1768910418.0,0.0015
2026-01-20 13:00:00,1768914015.0,0.0005
2026-01-20 14:00:00,1768917615.0,0.0005
2026-01-20 15:00:00,1768921218.0,0.0005
2026-01-20 16:00:00,1768924814.0,0.0005
2026-01-20 17:00:00,1768928416.0,0.0005
2026-01-20 18:00:00,1768932016.0,0.0005
2026-01-20 19:00:00,1768935614.0,0.0005
2026-01-20 20:00:00,1768939215.0,0.0005
2026-01-20 21:00:00,1768942834.0,0.0005
2026-01-20 22:00:00,1768946415.0,0.0005
2026-01-20 23:00:00,1768950015.0,0.0005
2026-01-21 00:00:00,1768953619.0,0.0005
2026-01-21 01:00:00,1768957214.0,0.0005
2026-01-21 02:00:00,1768960816.0,0.0005
2026-01-21 03:00:00,1768964419.0,0.0005
2026-01-21 04:00:00,1768968014.0,0.0005
2026-01-21 05:00:00,1768971614.0,0.0005
2026-01-21 06:00:00,1768975217.0,0.0005
2026-01-21 07:00:00,1768978816.0,0.0005
2026-01-21 08:00:00,1768982415.0,0.0005
2026-01-21 09:00:00,1768986034.0,0.0005
2026-01-21 10:00:00,1768989616.0,0.0005
2026-01-21 11:00:00,1768993216.0,0.0005
2026-01-21 12:00:00,1768996838.0,0.0005
2026-01-21 13:00:00,1769000415.0,0.0005
2026-01-21 14:00:00,1769004017.0,0.0005
2026-01-21 15:00:00,1769007618.0,0.0005
2026-01-21 16:00:00,1769011217.0,0.0005
2026-01-21 17:00:00,1769014821.0,0.0005
2026-01-21 18:00:00,1769018438.0,0.0005
2026-01-21 19:00:00,1769022030.0,0.0005
2026-01-21 20:00:00,1769025617.0,0.0005
2026-01-21 21:00:00,1769029250.0,0.0005
2026-01-21 22:00:00,1769032817.0,0.0005
2026-01-21 23:00:00,1769036417.0,0.0005
2026-01-22 00:00:00,1769040026.0,0.0005
2026-01-22 01:00:00,1769043615.0,0.0005
2026-01-22 02:00:00,1769047219.0,0.0005
2026-01-22 03:00:00,1769050822.0,0.0005
2026-01-22 04:00:00,1769054415.0,0.0005
2026-01-22 05:00:00,1769058015.0,0.0005
2026-01-22 06:00:00,1769061617.0,0.0005
2026-01-22 07:00:00,1769065217.0,0.0005
2026-01-22 08:00:00,1769068818.0,0.0005
2026-01-22 09:00:00,1769072422.0,0.0005
2026-01-22 10:00:00,1769076016.0,0.0005
2026-01-22 11:00:00,1769079615.0,0.0005
2026-01-22 12:00:00,1769083243.0,0.0005
2026-01-22 13:00:00,1769086816.0,0.0005
2026-01-22 14:00:00,1769090415.0,0.0005
2026-01-22 15:00:00,1769094028.0,0.0005
2026-01-22 16:00:00,1769097616.0,0.0005
2026-01-22 17:00:00,1769101219.0,0.0005
2026-01-22 18:00:00,1769104829.0,0.0005
2026-01-22 19:00:00,1769108416.0,0.0005
2026-01-22 20:00:00,1769112018.0,0.0005
2026-01-22 21:00:00,1769115624.0,0.0005
2026-01-22 22:00:00,1769119217.0,0.0005
2026-01-22 23:00:00,1769122817.0,0.0005
2026-01-23 00:00:00,1769126435.0,0.0005
2026-01-23 01:00:00,1769130016.0,0.0005
2026-01-23 02:00:00,1769133617.0,0.0005
2026-01-23 03:00:00,1769137226.0,0.0005
2026-01-23 04:00:00,1769140817.0,0.0005
2026-01-23 05:00:00,1769144414.0,0.0005
2026-01-23 06:00:00,1769148019.0,0.0005
2026-01-23 07:00:00,1769151617.0,0.0005
2026-01-23 08:00:00,1769155217.0,0.0005
2026-01-23 09:00:00,1769158819.0,0.0005
2026-01-23 10:00:00,1769162427.0,0.0005
2026-01-23 11:00:00,1769166017.0,0.0005
2026-01-23 12:00:00,1769169639.0,0.0005
2026-01-23 13:00:00,1769173215.0,0.0005
2026-01-23 14:00:00,1769176816.0,0.0005
2026-01-23 15:00:00,1769180418.0,0.0005
2026-01-23 16:00:00,1769184015.0,0.0005
2026-01-23 17:00:00,1769187633.0,0.0005
2026-01-23 18:00:00,1769191230.0,0.0005
2026-01-23 19:00:00,1769194818.0,0.0005
2026-01-23 20:00:00,1769198417.0,0.0005
2026-01-23 21:00:00,1769202019.0,0.0005
2026-01-23 22:00:00,1769205620.0,0.0005
2026-01-23 23:00:00,1769209220.0,0.0005
2026-01-24 00:00:00,1769212829.0,0.0005
2026-01-24 01:00:00,1769216418.0,0.0005
2026-01-24 02:00:00,1769220020.0,0.0005
2026-01-24 03:00:00,1769223636.0,0.0005
2026-01-24 04:00:00,1769227216.0,0.0005
2026-01-24 05:00:00,1769230837.0,0.0005
2026-01-24 06:00:00,1769234435.0,0.0005
2026-01-24 07:00:00,1769238017.0,0.0005
2026-01-24 08:00:00,1769241619.0,0.0005
2026-01-24 09:00:00,1769245224.0,0.0005
2026-01-24 10:00:00,1769248828.0,0.0005
2026-01-24 11:00:00,1769252421.0,0.0005
2026-01-24 12:00:00,1769256028.0,0.0005
2026-01-24 13:00:00,1769259617.0,0.0005
2026-01-24 14:00:00,1769263225.0,0.0005
2026-01-24 15:00:00,1769266824.0,0.0005
2026-01-24 16:00:00,1769270417.0,0.0005
2026-01-24 17:00:00,1769274021.0,0.0005
2026-01-24 18:00:00,1769277620.0,0.0005
2026-01-24 19:00:00,1769281218.0,0.0005
2026-01-24 20:00:00,1769284817.0,0.0005
2026-01-24 21:00:00,1769288425.0,0.0005
2026-01-24 22:00:00,1769292017.0,0.0005
2026-01-24 23:00:00,1769295617.0,0.0005
2026-01-25 00:00:00,1769299238.0,0.0005
2026-01-25 01:00:00,1769302817.0,0.0005
2026-01-25 02:00:00,1769306416.0,0.0005
2026-01-25 03:00:00,1769310023.0,0.0005
2026-01-25 04:00:00,1769313615.0,0.0005
2026-01-25 05:00:00,1769317216.0,0.0005
2026-01-25 06:00:00,1769320816.0,0.0005
2026-01-25 07:00:00,1769324418.0,0.0005
2026-01-25 08:00:00,1769328016.0,0.0005
2026-01-25 09:00:00,1769331636.0,0.0005
2026-01-25 10:00:00,1769335229.0,0.0005
2026-01-25 11:00:00,1769338816.0,0.0005
2026-01-25 12:00:00,1769342441.0,0.0005
2026-01-25 13:00:00,1769346028.0,0.0005
2026-01-25 14:00:00,1769349617.0,0.0005
2026-01-25 15:00:00,1769353219.0,0.0005
2026-01-25 16:00:00,1769356827.0,0.0005
2026-01-25 17:00:00,1769360429.0,0.0005
2026-01-25 18:00:00,1769364024.0,0.0005
2026-01-25 19:00:00,1769367616.0,0.0005
2026-01-25 20:00:00,1769371217.0,0.0005
2026-01-25 21:00:00,1769374822.0,0.0005
2026-01-25 22:00:00,1769378419.0,0.0005
2026-01-25 23:00:00,1769382017.0,0.0005
2026-01-26 00:00:00,1769385636.0,0.0005
2026-01-26 01:00:00,1769389216.0,0.0005
2026-01-26 02:00:00,1769392819.0,0.0005
2026-01-26 03:00:00,1769396417.0,0.0005
2026-01-26 04:00:00,1769400016.0,0.0005
2026-01-26 05:00:00,1769403615.0,0.0005
2026-01-26 06:00:00,1769407225.0,0.0005
2026-01-26 07:00:00,1769410817.0,0.0005
2026-01-26 08:00:00,1769414416.0,0.0005
2026-01-26 09:00:00,1769418025.0,0.0005
2026-01-26 10:00:00,1769421615.0,0.0005
2026-01-26 11:00:00,1769425219.0,0.0005
2026-01-26 12:00:00,1769428827.0,0.0005
2026-01-26 13:00:00,1769432420.0,0.0005
2026-01-26 14:00:00,1769436016.0,0.0005
2026-01-26 15:00:00,1769439620.0,0.0005
2026-01-26 16:00:00,1769443217.0,0.0005
2026-01-26 17:00:00,1769446822.0,0.0005
2026-01-26 18:00:00,1769450423.0,0.0005
2026-01-26 19:00:00,1769454017.0,0.0005
2026-01-26 20:00:00,1769457620.0,0.0005
2026-01-26 21:00:00,1769461220.0,0.0005
2026-01-26 22:00:00,1769464817.0,0.0005
2026-01-26 23:00:00,1769468418.0,0.0005
2026-01-27 00:00:00,1769472031.0,0.0005
2026-01-27 01:00:00,1769475615.0,0.0005
2026-01-27 02:00:00,1769479214.0,0.0005
2026-01-27 03:00:00,1769482823.0,0.0005
2026-01-27 04:00:00,1769486416.0,0.0005
2026-01-27 05:00:00,1769490014.0,0.0005
2026-01-27 06:00:00,1769493616.0,0.0005
2026-01-27 07:00:00,1769497222.0,0.0005
2026-01-27 08:00:00,1769500816.0,0.0005
2026-01-27 09:00:00,1769504417.0,0.0005
2026-01-27 10:00:00,1769508023.0,0.0005
2026-01-27 11:00:00,1769511616.0,0.0005
2026-01-27 12:00:00,1769515220.0,0.0005
2026-01-27 13:00:00,1769518828.0,0.0005
2026-01-27 14:00:00,1769522415.0,0.0005
2026-01-27 15:00:00,1769526017.0,0.0005
2026-01-27 16:00:00,1769529615.0,0.0005
2026-01-27 17:00:00,1769533215.0,0.0005
2026-01-27 18:00:00,1769536817.0,0.0005
2026-01-27 19:00:00,1769540416.0,0.0005
2026-01-27 20:00:00,1769544015.0,0.0005
2026-01-27 21:00:00,1769547617.0,0.0005
2026-01-27 22:00:00,1769551215.0,0.0005
2026-01-27 23:00:00,1769554817.0,0.0005
2026-01-28 00:00:00,1769558422.0,0.0005
2026-01-28 01:00:00,1769562024.0,0.0005
2026-01-28 02:00:00,1769565618.0,0.0005
2026-01-28 03:00:00,1769569219.0,0.0005
2026-01-28 04:00:00,1769572829.0,0.0005
2026-01-28 05:00:00,1769576416.0,0.0005
2026-01-28 06:00:00,1769580016.0,0.0005
2026-01-28 07:00:00,1769583616.0,0.0005
2026-01-28 08:00:00,1769587216.0,0.0005
2026-01-28 09:00:00,1769590820.0,0.0005
2026-01-28 10:00:00,1769594434.0,0.0005
2026-01-28 11:00:00,1769598016.0,0.0005
2026-01-28 12:00:00,1769601622.0,0.0005
2026-01-28 13:00:00,1769605228.0,0.0005
2026-01-28 14:00:00,1769608816.0,0.0005
2026-01-28 15:00:00,1769612418.0,0.0005
2026-01-28 16:00:00,1769616016.0,0.0005
2026-01-28 17:00:00,1769619618.0,0.0005
2026-01-28 18:00:00,1769623230.0,0.0005
2026-01-28 19:00:00,1769626817.0,0.0005
2026-01-28 20:00:00,1769630420.0,0.0005
2026-01-28 21:00:00,1769634017.0,0.0005
2026-01-28 22:00:00,1769637617.0,0.0005
2026-01-28 23:00:00,1769641217.0,0.0005
2026-01-29 00:00:00,1769644836.0,0.0005
2026-01-29 01:00:00,1769648417.0,0.0005
2026-01-29 02:00:00,1769652017.0,0.0005
2026-01-29 03:00:00,1769655620.0,0.0005
2026-01-29 04:00:00,1769659218.0,0.0005
2026-01-29 05:00:00,1769662817.0,0.0005
2026-01-29 06:00:00,1769666419.0,0.0005
2026-01-29 07:00:00,1769670018.0,0.0005
2026-01-29 08:00:00,1769673618.0,0.0005
2026-01-29 09:00:00,1769677220.0,0.0005
2026-01-29 10:00:00,1769680820.0,0.0005
2026-01-29 11:00:00,1769684419.0,0.0005
2026-01-29 12:00:00,1769688025.0,0.0005
2026-01-29 13:00:00,1769691618.0,0.0005
2026-01-29 14:00:00,1769695218.0,0.0005
2026-01-29 15:00:00,1769698820.0,0.0005
2026-01-29 16:00:00,1769702418.0,0.0005
2026-01-29 17:00:00,1769706018.0,0.0005
2026-01-29 18:00:00,1769709620.0,0.0005
2026-01-29 19:00:00,1769713218.0,0.0005
2026-01-29 20:00:00,1769716829.0,0.0005
2026-01-29 21:00:00,1769720421.0,0.0005
2026-01-29 22:00:00,1769724019.0,0.0005
2026-01-29 23:00:00,1769727618.0,0.0005
2026-01-30 00:00:00,1769731224.0,0.0005
2026-01-30 01:00:00,1769734818.0,0.0005
2026-01-30 02:00:00,1769738419.0,0.0005
2026-01-30 03:00:00,1769742020.0,0.0005
2026-01-30 04:00:00,1769745619.0,0.0005
2026-01-30 05:00:00,1769749218.0,0.0005
2026-01-30 06:00:00,1769752819.0,0.0005
2026-01-30 07:00:00,1769756418.0,0.0005
2026-01-30 08:00:00,1769760018.0,0.0005
2026-01-30 09:00:00,1769763634.0,0.0005
2026-01-30 10:00:00,1769767218.0,0.0005
2026-01-30 11:00:00,1769770832.0,0.0005
2026-01-30 12:00:00,1769774438.0,0.0005
2026-01-30 13:00:00,1769778019.0,0.0005
2026-01-30 14:00:00,1769781619.0,0.0005
2026-01-30 15:00:00,1769785222.0,0.0005
2026-01-30 16:00:00,1769788820.0,0.0005
2026-01-30 17:00:00,1769792421.0,0.0005
2026-01-30 18:00:00,1769796020.0,0.0005
2026-01-30 19:00:00,1769799619.0,0.0005
2026-01-30 20:00:00,1769803219.0,0.0005
2026-01-30 21:00:00,1769806822.0,0.0005
2026-01-30 22:00:00,1769810423.0,0.0005
2026-01-30 23:00:00,1769814018.0,0.0005
2026-01-31 00:00:00,1769817624.0,0.0005
2026-01-31 01:00:00,1769821218.0,0.0005
2026-01-31 02:00:00,1769824819.0,0.0005
2026-01-31 03:00:00,1769828420.0,0.0005
2026-01-31 04:00:00,1769832019.0,0.0005
2026-01-31 05:00:00,1769835619.0,0.0005
2026-01-31 06:00:00,1769839221.0,0.0005
2026-01-31 07:00:00,1769842820.0,0.0005
2026-01-31 08:00:00,1769846420.0,0.0005
2026-01-31 09:00:00,1769850035.0,0.0005
2026-01-31 10:00:00,1769853619.0,0.0005
2026-01-31 11:00:00,1769857218.0,0.0005
2026-01-31 12:00:00,1769860828.0,0.0005
2026-01-31 13:00:00,1769864421.0,0.0005
2026-01-31 14:00:00,1769868019.0,0.0005
2026-01-31 15:00:00,1769871623.0,0.0005
2026-01-31 16:00:00,1769875219.0,0.0005
2026-01-31 17:00:00,1769878830.0,0.0005
2026-01-31 18:00:00,1769882424.0,0.0005
2026-01-31 19:00:00,1769886021.0,0.0005
2026-01-31 20:00:00,1769889619.0,0.0005
2026-01-31 21:00:00,1769893238.0,0.0005
2026-01-31 22:00:00,1769896832.0,0.0005
2026-01-31 23:00:00,1769900419.0,0.0005
2026-02-01 00:00:00,1769904029.0,0.0005
2026-02-01 01:00:00,1769907752.0,0.0005
2026-02-01 02:00:00,1769911217.0,0.0005
2026-02-01 03:00:00,1769914822.0,0.0005
