time_utc,t,p
2025-08-05 17:00:00,1754415850.0,0.495
2025-08-05 18:00:00,1754416808.0,0.485
2025-08-05 19:00:00,1754420409.0,0.485
2025-08-05 20:00:00,1754424009.0,0.015
2025-08-05 21:00:00,1754427610.0,0.0165
2025-08-05 22:00:00,1754431209.0,0.016
2025-08-05 23:00:00,1754434808.0,0.014
2025-08-06 00:00:00,1754438409.0,0.014
2025-08-06 01:00:00,1754442009.0,0.014
2025-08-06 02:00:00,1754445610.0,0.014
2025-08-06 03:00:00,1754449209.0,0.014
2025-08-06 04:00:00,1754452810.0,0.014
2025-08-06 05:00:00,1754456410.0,0.014
2025-08-06 06:00:00,1754460009.0,0.014
2025-08-06 07:00:00,1754463609.0,0.0165
2025-08-06 08:00:00,1754467209.0,0.016
2025-08-06 09:00:00,1754470809.0,0.016
2025-08-06 10:00:00,1754474409.0,0.0165
2025-08-06 11:00:00,1754478009.0,0.0165
2025-08-06 12:00:00,1754481608.0,0.0165
2025-08-06 13:00:00,1754485209.0,0.016
2025-08-06 14:00:00,1754488809.0,0.0165
2025-08-06 15:00:00,1754492410.0,0.0165
2025-08-06 16:00:00,1754496009.0,0.0165
2025-08-06 17:00:00,1754499608.0,0.0165
2025-08-06 18:00:00,1754503209.0,0.0115
2025-08-06 19:00:00,1754506806.0,0.0115
2025-08-06 20:00:00,1754510414.0,0.0115
2025-08-06 21:00:00,1754514002.0,0.0095
2025-08-06 22:00:00,1754517610.0,0.0065
2025-08-06 23:00:00,1754521209.0,0.003
2025-08-07 00:00:00,1754524802.0,0.003
2025-08-07 01:00:00,1754528410.0,0.003
2025-08-07 02:00:00,1754532005.0,0.003
2025-08-07 03:00:00,1754535608.0,0.003
2025-08-07 04:00:00,1754539212.0,0.003
2025-08-07 05:00:00,1754542814.0,0.003
2025-08-07 06:00:00,1754546412.0,0.0045
2025-08-07 07:00:00,1754550013.0,0.0045
2025-08-07 08:00:00,1754553614.0,0.0045
2025-08-07 09:00:00,1754557210.0,0.0045
2025-08-07 10:00:00,1754560813.0,0.0045
2025-08-07 11:00:00,1754564405.0,0.0045
2025-08-07 12:00:00,1754568004.0,0.0045
2025-08-07 13:00:00,1754571609.0,0.0045
2025-08-07 14:00:00,1754575205.0,0.0045
2025-08-07 15:00:00,1754578806.0,0.003
2025-08-07 16:00:00,1754582411.0,0.003
2025-08-07 17:00:00,1754586002.0,0.003
2025-08-07 18:00:00,1754589615.0,0.003
2025-08-07 19:00:00,1754593212.0,0.003
2025-08-07 20:00:00,1754596809.0,0.003
2025-08-07 21:00:00,1754600404.0,0.003
2025-08-07 22:00:00,1754604014.0,0.003
2025-08-07 23:00:00,1754607610.0,0.003
2025-08-08 00:00:00,1754611209.0,0.003
2025-08-08 01:00:00,1754614809.0,0.003
2025-08-08 02:00:00,1754618406.0,0.003
2025-08-08 03:00:00,1754622015.0,0.003
2025-08-08 04:00:00,1754625607.0,0.003
2025-08-08 05:00:00,1754629206.0,0.003
2025-08-08 06:00:00,1754632804.0,0.003
2025-08-08 07:00:00,1754636402.0,0.003
2025-08-08 08:00:00,1754640013.0,0.003
2025-08-08 09:00:00,1754643602.0,0.003
2025-08-08 10:00:00,1754647210.0,0.003
2025-08-08 11:00:00,1754650814.0,0.003
2025-08-08 12:00:00,1754654402.0,0.003
2025-08-08 13:00:00,1754658014.0,0.003
2025-08-08 14:00:00,1754661605.0,0.003
2025-08-08 15:00:00,1754665213.0,0.003
2025-08-08 16:00:00,1754668808.0,0.003
2025-08-08 17:00:00,1754672412.0,0.003
2025-08-08 18:00:00,1754676013.0,0.003
2025-08-08 19:00:00,1754679615.0,0.003
2025-08-08 20:00:00,1754683206.0,0.0025
2025-08-08 21:00:00,1754686815.0,0.0025
2025-08-08 22:00:00,1754690409.0,0.0025
2025-08-08 23:00:00,1754694015.0,0.0025
2025-08-09 00:00:00,1754697607.0,0.0025
2025-08-09 01:00:00,1754701204.0,0.0025
2025-08-09 02:00:00,1754704803.0,0.0025
2025-08-09 03:00:00,1754708412.0,0.0025
2025-08-09 04:00:00,1754712015.0,0.003
2025-08-09 05:00:00,1754715610.0,0.003
2025-08-09 06:00:00,1754719218.0,0.003
2025-08-09 07:00:00,1754722810.0,0.003
2025-08-09 08:00:00,1754726405.0,0.003
2025-08-09 09:00:00,1754730014.0,0.003
2025-08-09 10:00:00,1754733612.0,0.003
2025-08-09 11:00:00,1754737206.0,0.003
2025-08-09 12:00:00,1754740805.0,0.003
2025-08-09 13:00:00,1754744412.0,0.003
2025-08-09 14:00:00,1754748006.0,0.003
2025-08-09 15:00:00,1754751615.0,0.003
2025-08-09 16:00:00,1754755213.0,0.003
2025-08-09 17:00:00,1754758816.0,0.003
2025-08-09 18:00:00,1754762404.0,0.003
2025-08-09 19:00:00,1754766017.0,0.003
2025-08-09 20:00:00,1754769612.0,0.003
2025-08-09 21:00:00,1754773202.0,0.003
2025-08-09 22:00:00,1754776812.0,0.003
2025-08-09 23:00:00,1754780406.0,0.003
2025-08-10 00:00:00,1754784008.0,0.003
2025-08-10 01:00:00,1754787609.0,0.003
2025-08-10 02:00:00,1754791203.0,0.003
2025-08-10 03:00:00,1754794806.0,0.003
2025-08-10 04:00:00,1754798407.0,0.003
2025-08-10 05:00:00,1754802005.0,0.003
2025-08-10 06:00:00,1754805610.0,0.003
2025-08-10 07:00:00,1754809205.0,0.003
2025-08-10 08:00:00,1754812804.0,0.003
2025-08-10 09:00:00,1754816418.0,0.003
2025-08-10 10:00:00,1754820014.0,0.003
2025-08-10 11:00:00,1754823602.0,0.003
2025-08-10 12:00:00,1754827222.0,0.003
2025-08-10 13:00:00,1754830806.0,0.003
2025-08-10 14:00:00,1754834409.0,0.003
2025-08-10 15:00:00,1754838005.0,0.003
2025-08-10 16:00:00,1754841607.0,0.003
2025-08-10 17:00:00,1754845209.0,0.003
2025-08-10 18:00:00,1754848813.0,0.003
2025-08-10 19:00:00,1754852410.0,0.003
2025-08-10 20:00:00,1754856005.0,0.003
2025-08-10 21:00:00,1754859605.0,0.003
2025-08-10 22:00:00,1754863210.0,0.003
2025-08-10 23:00:00,1754866814.0,0.003
2025-08-11 00:00:00,1754870405.0,0.003
2025-08-11 01:00:00,1754874009.0,0.003
2025-08-11 02:00:00,1754877608.0,0.003
2025-08-11 03:00:00,1754881210.0,0.003
2025-08-11 04:00:00,1754884808.0,0.003
2025-08-11 05:00:00,1754888414.0,0.003
2025-08-11 06:00:00,1754892004.0,0.003
2025-08-11 07:00:00,1754895613.0,0.003
2025-08-11 08:00:00,1754899208.0,0.003
2025-08-11 09:00:00,1754902802.0,0.003
2025-08-11 10:00:00,1754906412.0,0.0025
2025-08-11 11:00:00,1754910013.0,0.0025
2025-08-11 12:00:00,1754913609.0,0.0025
2025-08-11 13:00:00,1754917208.0,0.0025
2025-08-11 14:00:00,1754920805.0,0.0025
2025-08-11 15:00:00,1754924421.0,0.0025
2025-08-11 16:00:00,1754928005.0,0.0025
2025-08-11 17:00:00,1754931613.0,0.0025
2025-08-11 18:00:00,1754935202.0,0.0025
2025-08-11 19:00:00,1754938812.0,0.0025
2025-08-11 20:00:00,1754942413.0,0.0025
2025-08-11 21:00:00,1754946018.0,0.0025
2025-08-11 22:00:00,1754949612.0,0.0025
2025-08-11 23:00:00,1754953215.0,0.0025
2025-08-12 00:00:00,1754956809.0,0.0025
2025-08-12 01:00:00,1754960408.0,0.0025
2025-08-12 02:00:00,1754964008.0,0.0025
2025-08-12 03:00:00,1754967603.0,0.0025
2025-08-12 04:00:00,1754971205.0,0.0025
2025-08-12 05:00:00,1754974806.0,0.0025
2025-08-12 06:00:00,1754978407.0,0.0025
2025-08-12 07:00:00,1754982006.0,0.0025
2025-08-12 08:00:00,1754985612.0,0.0025
2025-08-12 09:00:00,1754989221.0,0.0025
2025-08-12 10:00:00,1754992805.0,0.0025
2025-08-12 11:00:00,1754996406.0,0.0025
2025-08-12 12:00:00,1755000012.0,0.0025
2025-08-12 13:00:00,1755003610.0,0.0025
2025-08-12 14:00:00,1755007203.0,0.0025
2025-08-12 15:00:00,1755010809.0,0.0025
2025-08-12 16:00:00,1755014414.0,0.0025
2025-08-12 17:00:00,1755018011.0,0.0025
2026-02-01 04:00:00,1769921352.0,0.0005
2025-08-12 18:00:00,1755021613.0,0.0025
2025-08-12 19:00:00,1755025210.0,0.0025
2025-08-12 20:00:00,1755028807.0,0.0025
2025-08-12 21:00:00,1755032413.0,0.0025
2025-08-12 22:00:00,1755036011.0,0.0025
2025-08-12 23:00:00,1755039605.0,0.0025
2025-08-13 00:00:00,1755043207.0,0.0025
2025-08-13 01:00:00,1755046804.0,0.0025
2025-08-13 02:00:00,1755050403.0,0.0025
2025-08-13 03:00:00,1755054015.0,0.0025
2025-08-13 04:00:00,1755057609.0,0.0025
2025-08-13 05:00:00,1755061207.0,0.0025
2025-08-13 06:00:00,1755064802.0,0.0025
2025-08-13 07:00:00,1755068405.0,0.0025
2025-08-13 08:00:00,1755072011.0,0.0025
2025-08-13 09:00:00,1755075612.0,0.0025
2025-08-13 10:00:00,1755079213.0,0.0025
2025-08-13 11:00:00,1755082802.0,0.0025
2025-08-13 12:00:00,1755086412.0,0.0025
2025-08-13 13:00:00,1755090015.0,0.0025
2025-08-13 14:00:00,1755093603.0,0.0025
2025-08-13 15:00:00,1755097206.0,0.0025
2025-08-13 16:00:00,1755100805.0,0.0025
2025-08-13 17:00:00,1755104414.0,0.0025
2025-08-13 18:00:00,1755108006.0,0.0025
2025-08-13 19:00:00,1755111608.0,0.0025
2025-08-13 20:00:00,1755115211.0,0.0025
2025-08-13 21:00:00,1755118812.0,0.0025
2025-08-13 22:00:00,1755122412.0,0.0025
2025-08-13 23:00:00,1755126003.0,0.0025
2025-08-14 00:00:00,1755129605.0,0.0025
2025-08-14 01:00:00,1755133202.0,0.0025
2025-08-14 02:00:00,1755136801.0,0.0025
2025-08-14 03:00:00,1755140412.0,0.0025
2025-08-14 04:00:00,1755144015.0,0.0025
2025-08-14 05:00:00,1755147610.0,0.0025
2025-08-14 06:00:00,1755151202.0,0.0025
2025-08-14 07:00:00,1755154808.0,0.0025
2025-08-14 08:00:00,1755158404.0,0.0025
2025-08-14 09:00:00,1755162007.0,0.0025
2025-08-14 10:00:00,1755165604.0,0.0025
2025-08-14 11:00:00,1755169203.0,0.0025
2025-08-14 12:00:00,1755172811.0,0.0025
2025-08-14 13:00:00,1755176413.0,0.0025
2025-08-14 14:00:00,1755180009.0,0.0025
2025-08-14 15:00:00,1755183612.0,0.0025
2025-08-14 16:00:00,1755187215.0,0.0025
2025-08-14 17:00:00,1755190816.0,0.0025
2025-08-14 18:00:00,1755194415.0,0.0025
2025-08-14 19:00:00,1755198008.0,0.0025
2025-08-14 20:00:00,1755201604.0,0.0025
2025-08-14 21:00:00,1755205211.0,0.0025
2025-08-14 22:00:00,1755208804.0,0.0025
2025-08-14 23:00:00,1755212408.0,0.0025
2025-08-15 00:00:00,1755216003.0,0.0025
2025-08-15 01:00:00,1755219605.0,0.0025
2025-08-15 02:00:00,1755223206.0,0.0025
2025-08-15 03:00:00,1755226810.0,0.0025
2025-08-15 04:00:00,1755230406.0,0.0025
2025-08-15 05:00:00,1755234005.0,0.0025
2025-08-15 06:00:00,1755237607.0,0.0025
2025-08-15 07:00:00,1755241205.0,0.002
2025-08-15 08:00:00,1755244813.0,0.002
2025-08-15 09:00:00,1755248412.0,0.002
2025-08-15 10:00:00,1755252002.0,0.002
2025-08-15 11:00:00,1755255615.0,0.002
2025-08-15 12:00:00,1755259208.0,0.002
2025-08-15 13:00:00,1755262813.0,0.002
2025-08-15 14:00:00,1755266415.0,0.002
2025-08-15 15:00:00,1755270006.0,0.002
2025-08-15 16:00:00,1755273614.0,0.002
2025-08-15 17:00:00,1755277210.0,0.002
2025-08-15 18:00:00,1755280814.0,0.002
2025-08-15 19:00:00,1755284413.0,0.002
2025-08-15 20:00:00,1755288011.0,0.002
2025-08-15 21:00:00,1755291602.0,0.002
2025-08-15 22:00:00,1755295205.0,0.002
2025-08-15 23:00:00,1755298811.0,0.002
2025-08-16 00:00:00,1755302409.0,0.002
2025-08-16 01:00:00,1755306007.0,0.002
2025-08-16 02:00:00,1755309608.0,0.002
2025-08-16 03:00:00,1755313213.0,0.002
2025-08-16 04:00:00,1755316805.0,0.002
2025-08-16 05:00:00,1755320405.0,0.002
2025-08-16 06:00:00,1755324013.0,0.002
2025-08-16 07:00:00,1755327609.0,0.002
2025-08-16 08:00:00,1755331212.0,0.002
2025-08-16 09:00:00,1755334810.0,0.002
2025-08-16 10:00:00,1755338412.0,0.002
2025-08-16 11:00:00,1755342017.0,0.002
2025-08-16 12:00:00,1755345619.0,0.002
2025-08-16 13:00:00,1755349214.0,0.002
2025-08-16 14:00:00,1755352806.0,0.002
2025-08-16 15:00:00,1755356405.0,0.002
2025-08-16 16:00:00,1755360009.0,0.002
2025-08-16 17:00:00,1755363617.0,0.002
2025-08-16 18:00:00,1755367216.0,0.002
2025-08-16 19:00:00,1755370808.0,0.002
2025-08-16 20:00:00,1755374410.0,0.002
2025-08-16 21:00:00,1755378002.0,0.002
2025-08-16 22:00:00,1755381616.0,0.002
2025-08-16 23:00:00,1755385206.0,0.002
2025-08-17 00:00:00,1755388816.0,0.002
2025-08-17 01:00:00,1755392410.0,0.002
2025-08-17 02:00:00,1755396009.0,0.002
2025-08-17 03:00:00,1755399613.0,0.002
2025-08-17 04:00:00,1755403210.0,0.002
2025-08-17 05:00:00,1755406802.0,0.002
2025-08-17 06:00:00,1755410408.0,0.002
2025-08-17 07:00:00,1755414008.0,0.002
2025-08-17 08:00:00,1755417615.0,0.002
2025-08-17 09:00:00,1755421214.0,0.002
2025-08-17 10:00:00,1755424810.0,0.002
2025-08-17 11:00:00,1755428414.0,0.002
2025-08-17 12:00:00,1755432010.0,0.002
2025-08-17 13:00:00,1755435613.0,0.002
2025-08-17 14:00:00,1755439202.0,0.002
2025-08-17 15:00:00,1755442803.0,0.002
2025-08-17 16:00:00,1755446412.0,0.002
2025-08-17 17:00:00,1755450009.0,0.002
2025-08-17 18:00:00,1755453618.0,0.002
2025-08-17 19:00:00,1755457202.0,0.002
2025-08-17 20:00:00,1755460802.0,0.002
2025-08-17 21:00:00,1755464411.0,0.002
2025-08-17 22:00:00,1755468007.0,0.002
2025-08-17 23:00:00,1755471613.0,0.002
2025-08-18 00:00:00,1755475209.0,0.002
2025-08-18 01:00:00,1755478806.0,0.002
2025-08-18 02:00:00,1755482404.0,0.002
2025-08-18 03:00:00,1755486005.0,0.002
2025-08-18 04:00:00,1755489610.0,0.002
2025-08-18 05:00:00,1755493202.0,0.002
2025-08-18 06:00:00,1755496811.0,0.002
2025-08-18 07:00:00,1755500410.0,0.002
2025-08-18 08:00:00,1755504010.0,0.002
2025-08-18 09:00:00,1755507611.0,0.002
2025-08-18 10:00:00,1755511206.0,0.002
2025-08-18 11:00:00,1755514808.0,0.002
2025-08-18 12:00:00,1755518414.0,0.002
2025-08-18 13:00:00,1755522008.0,0.002
2025-08-18 14:00:00,1755525607.0,0.002
2025-08-18 15:00:00,1755529212.0,0.002
2025-08-18 16:00:00,1755532817.0,0.002
2025-08-18 17:00:00,1755536413.0,0.002
2025-08-18 18:00:00,1755540013.0,0.002
2025-08-18 19:00:00,1755543609.0,0.002
2025-08-18 20:00:00,1755547214.0,0.002
2025-08-18 21:00:00,1755550813.0,0.002
2025-08-18 22:00:00,1755554411.0,0.002
2025-08-18 23:00:00,1755558010.0,0.002
2025-08-19 00:00:00,1755561606.0,0.002
2025-08-19 01:00:00,1755565214.0,0.002
2025-08-19 02:00:00,1755568813.0,0.002
2025-08-19 03:00:00,1755572418.0,0.002
2025-08-19 04:00:00,1755576003.0,0.002
2025-08-19 05:00:00,1755579605.0,0.002
2025-08-19 06:00:00,1755583209.0,0.002
2025-08-19 07:00:00,1755586802.0,0.002
2025-08-19 08:00:00,1755590413.0,0.002
2025-08-19 09:00:00,1755594016.0,0.002
2025-08-19 10:00:00,1755597605.0,0.002
2025-08-19 11:00:00,1755601213.0,0.002
2025-08-19 12:00:00,1755604806.0,0.002
2025-08-19 13:00:00,1755608406.0,0.002
2025-08-19 14:00:00,1755612011.0,0.002
2025-08-19 15:00:00,1755615610.0,0.002
2025-08-19 16:00:00,1755619204.0,0.002
2025-08-19 17:00:00,1755622811.0,0.002
2025-08-19 18:00:00,1755626408.0,0.002
2025-08-19 19:00:00,1755630007.0,0.002
2025-08-19 20:00:00,1755633614.0,0.002
2025-08-19 21:00:00,1755637202.0,0.002
2025-08-19 22:00:00,1755640807.0,0.002
2025-08-19 23:00:00,1755644411.0,0.002
2025-08-20 00:00:00,1755648008.0,0.002
2025-08-20 01:00:00,1755651602.0,0.002
2025-08-20 02:00:00,1755655208.0,0.002
2025-08-20 03:00:00,1755658808.0,0.002
2025-08-20 04:00:00,1755662409.0,0.002
2025-08-20 05:00:00,1755666003.0,0.002
2025-08-20 06:00:00,1755669603.0,0.002
2025-08-20 07:00:00,1755673206.0,0.002
2025-08-20 08:00:00,1755676813.0,0.002
2025-08-20 09:00:00,1755680408.0,0.002
2025-08-20 10:00:00,1755684013.0,0.002
2025-08-20 11:00:00,1755687615.0,0.002
2025-08-20 12:00:00,1755691213.0,0.002
2025-08-20 13:00:00,1755694804.0,0.002
2025-08-20 14:00:00,1755698415.0,0.002
2025-08-20 15:00:00,1755702010.0,0.002
2025-08-20 16:00:00,1755705608.0,0.002
2025-08-20 17:00:00,1755709213.0,0.002
2025-08-20 18:00:00,1755712813.0,0.002
2025-08-20 19:00:00,1755716416.0,0.002
2025-08-20 20:00:00,1755720013.0,0.002
2025-08-20 21:00:00,1755723610.0,0.002
2025-08-20 22:00:00,1755727204.0,0.002
2025-08-20 23:00:00,1755730802.0,0.002
2025-08-21 00:00:00,1755734406.0,0.002
2025-08-21 01:00:00,1755738006.0,0.002
2025-08-21 02:00:00,1755741602.0,0.002
2025-08-21 03:00:00,1755745216.0,0.002
2025-08-21 04:00:00,1755748817.0,0.002
2025-08-21 05:00:00,1755752408.0,0.002
2025-08-21 06:00:00,1755756009.0,0.002
2025-08-21 07:00:00,1755759602.0,0.002
2025-08-21 08:00:00,1755763203.0,0.002
2025-08-21 09:00:00,1755766808.0,0.002
2025-08-21 10:00:00,1755770406.0,0.002
2025-08-21 11:00:00,1755774005.0,0.002
2025-08-21 12:00:00,1755777612.0,0.002
2025-08-21 13:00:00,1755781213.0,0.002
2025-08-21 14:00:00,1755784808.0,0.002
2025-08-21 15:00:00,1755788408.0,0.002
2025-08-21 16:00:00,1755792015.0,0.002
2025-08-21 17:00:00,1755795606.0,0.002
2025-08-21 18:00:00,1755799205.0,0.002
2025-08-21 19:00:00,1755802804.0,0.002
2025-08-21 20:00:00,1755806414.0,0.002
2025-08-21 21:00:00,1755810017.0,0.002
2025-08-21 22:00:00,1755813612.0,0.002
2025-08-21 23:00:00,1755817213.0,0.002
2025-08-22 00:00:00,1755820808.0,0.002
2025-08-22 01:00:00,1755824403.0,0.002
2025-08-22 02:00:00,1755828007.0,0.002
2025-08-22 03:00:00,1755831610.0,0.002
2025-08-22 04:00:00,1755835204.0,0.002
2025-08-22 05:00:00,1755838805.0,0.002
2025-08-22 06:00:00,1755842406.0,0.002
2025-08-22 07:00:00,1755846014.0,0.002
2025-08-22 08:00:00,1755849603.0,0.002
2025-08-22 09:00:00,1755853209.0,0.002
2025-08-22 10:00:00,1755856816.0,0.002
2025-08-22 11:00:00,1755860414.0,0.002
2025-08-22 12:00:00,1755864007.0,0.002
2025-08-22 13:00:00,1755867610.0,0.002
2025-08-22 14:00:00,1755871218.0,0.002
2025-08-22 15:00:00,1755874815.0,0.002
2025-08-22 16:00:00,1755878410.0,0.002
2025-08-22 17:00:00,1755882019.0,0.002
2025-08-22 18:00:00,1755885606.0,0.002
2025-08-22 19:00:00,1755889204.0,0.0015
2025-08-22 20:00:00,1755892803.0,0.0015
2025-08-22 21:00:00,1755896411.0,0.0015
2025-08-22 22:00:00,1755900018.0,0.0015
2025-08-22 23:00:00,1755903612.0,0.0015
2025-08-23 00:00:00,1755907209.0,0.0015
2025-08-23 01:00:00,1755910809.0,0.0015
2025-08-23 02:00:00,1755914404.0,0.0015
2025-08-23 03:00:00,1755918008.0,0.0015
2025-08-23 04:00:00,1755921609.0,0.0015
2025-08-23 05:00:00,1755925212.0,0.0015
2025-08-23 06:00:00,1755928817.0,0.0015
2025-08-23 07:00:00,1755932418.0,0.0015
2025-08-23 08:00:00,1755936016.0,0.0015
2025-08-23 09:00:00,1755939615.0,0.0015
2025-08-23 10:00:00,1755943202.0,0.0015
2025-08-23 11:00:00,1755946812.0,0.0015
2025-08-23 12:00:00,1755950402.0,0.0015
2025-08-23 13:00:00,1755954018.0,0.0015
2025-08-23 14:00:00,1755957602.0,0.0015
2025-08-23 15:00:00,1755961206.0,0.0015
2025-08-23 16:00:00,1755964805.0,0.0015
2025-08-23 17:00:00,1755968406.0,0.0015
2025-08-23 18:00:00,1755972010.0,0.0015
2025-08-23 19:00:00,1755975612.0,0.0015
2025-08-23 20:00:00,1755979203.0,0.0015
2025-08-23 21:00:00,1755982810.0,0.0015
2025-08-23 22:00:00,1755986407.0,0.0015
2025-08-23 23:00:00,1755990008.0,0.0015
2025-08-24 00:00:00,1755993609.0,0.0015
2025-08-24 01:00:00,1755997207.0,0.0015
2025-08-24 02:00:00,1756000806.0,0.0015
2025-08-24 03:00:00,1756004402.0,0.0015
2025-08-24 04:00:00,1756008003.0,0.0015
2025-08-24 05:00:00,1756011607.0,0.0015
2025-08-24 06:00:00,1756015214.0,0.0015
2025-08-24 07:00:00,1756018817.0,0.0015
2025-08-24 08:00:00,1756022408.0,0.0015
2025-08-24 09:00:00,1756026004.0,0.0015
2025-08-24 10:00:00,1756029611.0,0.0015
2025-08-24 11:00:00,1756033202.0,0.0015
2025-08-24 12:00:00,1756036816.0,0.0015
2025-08-24 13:00:00,1756040407.0,0.0015
2025-08-24 14:00:00,1756044002.0,0.0015
2025-08-24 15:00:00,1756047612.0,0.0015
2025-08-24 16:00:00,1756051208.0,0.0015
2025-08-24 17:00:00,1756054806.0,0.0015
2025-08-24 18:00:00,1756058417.0,0.0015
2025-08-24 19:00:00,1756062011.0,0.0015
2025-08-24 20:00:00,1756065606.0,0.0015
2025-08-24 21:00:00,1756069210.0,0.0015
2025-08-24 22:00:00,1756072805.0,0.0015
2025-08-24 23:00:00,1756076417.0,0.0015
2025-08-25 00:00:00,1756080005.0,0.0015
2025-08-25 01:00:00,1756083609.0,0.0015
2025-08-25 02:00:00,1756087214.0,0.0015
2025-08-25 03:00:00,1756090807.0,0.0015
2025-08-25 04:00:00,1756094402.0,0.0015
2025-08-25 05:00:00,1756098016.0,0.0015
2025-08-25 06:00:00,1756101616.0,0.0015
2025-08-25 07:00:00,1756105206.0,0.0015
2025-08-25 08:00:00,1756108807.0,0.0015
2025-08-25 09:00:00,1756112409.0,0.0015
2025-08-25 10:00:00,1756116010.0,0.0015
2025-08-25 11:00:00,1756119606.0,0.0015
2025-08-25 12:00:00,1756123215.0,0.0015
2025-08-25 13:00:00,1756126806.0,0.0015
2025-08-25 14:00:00,1756130409.0,0.0015
2025-08-25 15:00:00,1756134014.0,0.0015
2025-08-25 16:00:00,1756137611.0,0.0015
2025-08-25 17:00:00,1756141209.0,0.0015
2025-08-25 18:00:00,1756144802.0,0.0015
2025-08-25 19:00:00,1756148417.0,0.0015
2025-08-25 20:00:00,1756152010.0,0.0015
2025-08-25 21:00:00,1756155609.0,0.0015
2025-08-25 22:00:00,1756159214.0,0.0015
2025-08-25 23:00:00,1756162802.0,0.0015
2025-08-26 00:00:00,1756166409.0,0.0015
2025-08-26 01:00:00,1756170009.0,0.0015
2025-08-26 02:00:00,1756173603.0,0.0015
2025-08-26 03:00:00,1756177207.0,0.0015
2025-08-26 04:00:00,1756180813.0,0.0015
2025-08-26 05:00:00,1756184410.0,0.0015
2025-08-26 06:00:00,1756188016.0,0.0015
2025-08-26 07:00:00,1756191616.0,0.0015
2025-08-26 08:00:00,1756195216.0,0.0015
2025-08-26 09:00:00,1756198810.0,0.0015
2025-08-26 10:00:00,1756202402.0,0.0015
2025-08-26 11:00:00,1756206004.0,0.0015
2025-08-26 12:00:00,1756209617.0,0.0015
2025-08-26 13:00:00,1756213202.0,0.0015
2025-08-26 14:00:00,1756216809.0,0.0015
2025-08-26 15:00:00,1756220409.0,0.0015
2025-08-26 16:00:00,1756224019.0,0.0015
2025-08-26 17:00:00,1756227602.0,0.0015
2025-08-26 18:00:00,1756231208.0,0.0015
2025-08-26 19:00:00,1756234809.0,0.0015
2025-08-26 20:00:00,1756238417.0,0.0015
2025-08-26 21:00:00,1756242007.0,0.0015
2025-08-26 22:00:00,1756245606.0,0.0015
2025-08-26 23:00:00,1756249213.0,0.0015
2025-08-27 00:00:00,1756252812.0,0.0015
2025-08-27 01:00:00,1756256411.0,0.0015
2025-08-27 02:00:00,1756260012.0,0.0015
2025-08-27 03:00:00,1756263602.0,0.0015
2025-08-27 04:00:00,1756267207.0,0.0015
2025-08-27 05:00:00,1756270816.0,0.0015
2025-08-27 06:00:00,1756274414.0,0.0015
2025-08-27 07:00:00,1756278002.0,0.0015
2025-08-27 08:00:00,1756281612.0,0.0015
2025-08-27 09:00:00,1756285207.0,0.0015
2025-08-27 10:00:00,1756288816.0,0.0015
2025-08-27 11:00:00,1756292405.0,0.0015
2025-08-27 12:00:00,1756296022.0,0.0015
2025-08-27 13:00:00,1756299615.0,0.0015
2025-08-27 14:00:00,1756303211.0,0.0015
2025-08-27 15:00:00,1756306821.0,0.0015
2025-08-27 16:00:00,1756310420.0,0.0015
2025-08-27 17:00:00,1756314022.0,0.0015
2025-08-27 18:00:00,1756317605.0,0.0015
2025-08-27 19:00:00,1756321220.0,0.0015
2025-08-27 20:00:00,1756324802.0,0.0015
2025-08-27 21:00:00,1756328421.0,0.0015
2025-08-27 22:00:00,1756332009.0,0.0015
2025-08-27 23:00:00,1756335609.0,0.0015
2025-08-28 00:00:00,1756339210.0,0.0015
2025-08-28 01:00:00,1756342805.0,0.0015
2025-08-28 02:00:00,1756346407.0,0.0015
2025-08-28 03:00:00,1756350006.0,0.0015
2025-08-28 04:00:00,1756353611.0,0.0015
2025-08-28 05:00:00,1756357204.0,0.0015
2025-08-28 06:00:00,1756360816.0,0.0015
2025-08-28 07:00:00,1756364419.0,0.0015
2025-08-28 08:00:00,1756368012.0,0.0015
2025-08-28 09:00:00,1756371613.0,0.0015
2025-08-28 10:00:00,1756375213.0,0.0015
2025-08-28 11:00:00,1756378807.0,0.0015
2025-08-28 12:00:00,1756382418.0,0.0015
2025-08-28 13:00:00,1756386010.0,0.0015
2025-08-28 14:00:00,1756389612.0,0.0015
2025-08-28 15:00:00,1756393203.0,0.0015
2025-08-28 16:00:00,1756396807.0,0.0015
2025-08-28 17:00:00,1756400402.0,0.0015
2025-08-28 18:00:00,1756404019.0,0.0015
2025-08-28 19:00:00,1756407615.0,0.0015
2025-08-28 20:00:00,1756411206.0,0.0015
2025-08-28 21:00:00,1756414804.0,0.0015
2025-08-28 22:00:00,1756418410.0,0.0015
2025-08-28 23:00:00,1756422006.0,0.0015
2025-08-29 00:00:00,1756425605.0,0.0015
2025-08-29 01:00:00,1756429213.0,0.0015
2025-08-29 02:00:00,1756432806.0,0.0015
2025-08-29 03:00:00,1756436417.0,0.0015
2025-08-29 04:00:00,1756440014.0,0.0015
2025-08-29 05:00:00,1756443605.0,0.0015
2025-08-29 06:00:00,1756447210.0,0.0015
2025-08-29 07:00:00,1756450813.0,0.0015
2025-08-29 08:00:00,1756454418.0,0.0015
2025-08-29 09:00:00,1756458018.0,0.0015
2025-08-29 10:00:00,1756461621.0,0.0015
2025-08-29 11:00:00,1756465218.0,0.0015
2025-08-29 12:00:00,1756468802.0,0.0015
2025-08-29 13:00:00,1756472407.0,0.0015
2025-08-29 14:00:00,1756476019.0,0.0015
2025-08-29 15:00:00,1756479610.0,0.0015
2025-08-29 16:00:00,1756483219.0,0.0015
2025-08-29 17:00:00,1756486823.0,0.0015
2025-08-29 18:00:00,1756490413.0,0.0015
2025-08-29 19:00:00,1756494009.0,0.0015
2025-08-29 20:00:00,1756497615.0,0.0015
2025-08-29 21:00:00,1756501204.0,0.0015
2025-08-29 22:00:00,1756504808.0,0.0015
2025-08-29 23:00:00,1756508419.0,0.0015
2025-08-30 00:00:00,1756512011.0,0.0015
2025-08-30 01:00:00,1756515609.0,0.0015
2025-08-30 02:00:00,1756519213.0,0.0015
2025-08-30 03:00:00,1756522807.0,0.0015
2025-08-30 04:00:00,1756526414.0,0.0015
2025-08-30 05:00:00,1756530012.0,0.0015
2025-08-30 06:00:00,1756533611.0,0.0015
2025-08-30 07:00:00,1756537221.0,0.0015
2025-08-30 08:00:00,1756540808.0,0.0015
2025-08-30 09:00:00,1756544412.0,0.0015
2025-08-30 10:00:00,1756548007.0,0.0015
2025-08-30 11:00:00,1756551609.0,0.0015
2025-08-30 12:00:00,1756555212.0,0.0015
2025-08-30 13:00:00,1756558810.0,0.0015
2025-08-30 14:00:00,1756562421.0,0.0015
2025-08-30 15:00:00,1756566012.0,0.0015
2025-08-30 16:00:00,1756569611.0,0.0015
2025-08-30 17:00:00,1756573209.0,0.0015
2025-08-30 18:00:00,1756576819.0,0.0015
2025-08-30 19:00:00,1756580403.0,0.0015
2025-08-30 20:00:00,1756584002.0,0.0015
2025-08-30 21:00:00,1756587610.0,0.0015
2025-08-30 22:00:00,1756591205.0,0.0015
2025-08-30 23:00:00,1756594812.0,0.0015
2025-08-31 00:00:00,1756598417.0,0.0015
2025-08-31 01:00:00,1756602013.0,0.0015
2025-08-31 02:00:00,1756605618.0,0.0015
2025-08-31 03:00:00,1756609221.0,0.0015
2025-08-31 04:00:00,1756612805.0,0.0015
2025-08-31 05:00:00,1756616402.0,0.0015
2025-08-31 06:00:00,1756620018.0,0.0015
2025-08-31 07:00:00,1756623602.0,0.0015
2025-08-31 08:00:00,1756627210.0,0.0015
2025-08-31 09:00:00,1756630829.0,0.0015
2025-08-31 10:00:00,1756634410.0,0.0015
2025-08-31 11:00:00,1756638027.0,0.0015
2025-08-31 12:00:00,1756641633.0,0.0015
2025-08-31 13:00:00,1756645221.0,0.0015
2025-08-31 14:00:00,1756648807.0,0.0015
2025-08-31 15:00:00,1756652411.0,0.0015
2025-08-31 16:00:00,1756656016.0,0.0015
2025-08-31 17:00:00,1756659602.0,0.0015
2025-08-31 18:00:00,1756663217.0,0.0015
2025-08-31 19:00:00,1756666806.0,0.0015
2025-08-31 20:00:00,1756670419.0,0.0015
2025-08-31 21:00:00,1756674006.0,0.0015
2025-08-31 22:00:00,1756677604.0,0.0015
2025-08-31 23:00:00,1756681216.0,0.0015
2025-09-01 00:00:00,1756684814.0,0.0015
2025-09-01 01:00:00,1756688407.0,0.0015
2025-09-01 02:00:00,1756692002.0,0.0015
2025-09-01 03:00:00,1756695608.0,0.0015
2025-09-01 04:00:00,1756699213.0,0.0015
2025-09-01 05:00:00,1756702805.0,0.0015
2025-09-01 06:00:00,1756706419.0,0.0015
2025-09-01 07:00:00,1756710012.0,0.0015
2025-09-01 08:00:00,1756713605.0,0.0015
2025-09-01 09:00:00,1756717217.0,0.0015
2025-09-01 10:00:00,1756720820.0,0.0015
2025-09-01 11:00:00,1756724422.0,0.0015
2025-09-01 12:00:00,1756728022.0,0.0015
2025-09-01 13:00:00,1756731620.0,0.0015
2025-09-01 14:00:00,1756735219.0,0.0015
2025-09-01 15:00:00,1756738815.0,0.0015
2025-09-01 16:00:00,1756742413.0,0.0015
2025-09-01 17:00:00,1756746006.0,0.0015
2025-09-01 18:00:00,1756749621.0,0.0015
2025-09-01 19:00:00,1756753215.0,0.0015
2025-09-01 20:00:00,1756756813.0,0.0015
2025-09-01 21:00:00,1756760416.0,0.0015
2025-09-01 22:00:00,1756764015.0,0.0015
2025-09-01 23:00:00,1756767604.0,0.0015
2025-09-02 00:00:00,1756771216.0,0.0015
2025-09-02 01:00:00,1756774813.0,0.0015
2025-09-02 02:00:00,1756778414.0,0.0015
2025-09-02 03:00:00,1756782009.0,0.0015
2025-09-02 04:00:00,1756785612.0,0.0015
2025-09-02 05:00:00,1756789221.0,0.0015
2025-09-02 06:00:00,1756792820.0,0.0015
2025-09-02 07:00:00,1756796402.0,0.0015
2025-09-02 08:00:00,1756800015.0,0.0015
2025-09-02 09:00:00,1756803622.0,0.0015
2025-09-02 10:00:00,1756807206.0,0.0015
2025-09-02 11:00:00,1756810814.0,0.0015
2025-09-02 12:00:00,1756814416.0,0.0015
2025-09-02 13:00:00,1756818011.0,0.0015
2025-09-02 14:00:00,1756821621.0,0.0015
2025-09-02 15:00:00,1756825221.0,0.0015
2025-09-02 16:00:00,1756828814.0,0.0015
2025-09-02 17:00:00,1756832411.0,0.0015
2025-09-02 18:00:00,1756836013.0,0.0015
2025-09-02 19:00:00,1756839605.0,0.0015
2025-09-02 20:00:00,1756843209.0,0.0015
2025-09-02 21:00:00,1756846821.0,0.0015
2025-09-02 22:00:00,1756850405.0,0.0015
2025-09-02 23:00:00,1756854009.0,0.0015
2025-09-03 00:00:00,1756857606.0,0.0015
2025-09-03 01:00:00,1756861203.0,0.0015
2025-09-03 02:00:00,1756864809.0,0.0015
2025-09-03 03:00:00,1756868410.0,0.0015
2025-09-03 04:00:00,1756872008.0,0.0015
2025-09-03 05:00:00,1756875617.0,0.0015
2025-09-03 06:00:00,1756879216.0,0.0015
2025-09-03 07:00:00,1756882812.0,0.0015
2025-09-03 08:00:00,1756886414.0,0.0015
2025-09-03 09:00:00,1756890013.0,0.0015
2025-09-03 10:00:00,1756893612.0,0.0015
2025-09-03 11:00:00,1756897209.0,0.0015
2025-09-03 12:00:00,1756900822.0,0.0015
2025-09-03 13:00:00,1756904414.0,0.0015
2025-09-03 14:00:00,1756908011.0,0.0015
2025-09-03 15:00:00,1756911619.0,0.0015
2025-09-03 16:00:00,1756915217.0,0.0015
2025-09-03 17:00:00,1756918805.0,0.0015
2025-09-03 18:00:00,1756922417.0,0.0015
2025-09-03 19:00:00,1756926012.0,0.0015
2025-09-03 20:00:00,1756929605.0,0.0015
2025-09-03 21:00:00,1756933220.0,0.0015
2025-09-03 22:00:00,1756936805.0,0.0015
2025-09-03 23:00:00,1756940409.0,0.0015
2025-09-04 00:00:00,1756944010.0,0.0015
2025-09-04 01:00:00,1756947610.0,0.0015
2025-09-04 02:00:00,1756951215.0,0.0015
2025-09-04 03:00:00,1756954809.0,0.0015
2025-09-04 04:00:00,1756958408.0,0.0015
2025-09-04 05:00:00,1756962006.0,0.0015
2025-09-04 06:00:00,1756965602.0,0.0015
2025-09-04 07:00:00,1756969206.0,0.0015
2025-09-04 08:00:00,1756972807.0,0.0015
2025-09-04 09:00:00,1756976403.0,0.0015
2025-09-04 10:00:00,1756980015.0,0.0015
2025-09-04 11:00:00,1756983615.0,0.0015
2025-09-04 12:00:00,1756987229.0,0.0015
2025-09-04 13:00:00,1756990808.0,0.0015
2025-09-04 14:00:00,1756994415.0,0.0015
2025-09-04 15:00:00,1756998015.0,0.0015
2025-09-04 16:00:00,1757001617.0,0.0015
2025-09-04 17:00:00,1757005223.0,0.0015
2025-09-04 18:00:00,1757008803.0,0.0015
2025-09-04 19:00:00,1757012413.0,0.0015
2025-09-04 20:00:00,1757016014.0,0.0015
2025-09-04 21:00:00,1757019622.0,0.0015
2025-09-04 22:00:00,1757023208.0,0.0015
2025-09-04 23:00:00,1757026813.0,0.0015
2025-09-05 00:00:00,1757030404.0,0.0015
2025-09-05 01:00:00,1757034007.0,0.0015
2025-09-05 02:00:00,1757037603.0,0.0015
2025-09-05 03:00:00,1757041217.0,0.0015
2025-09-05 04:00:00,1757044813.0,0.0015
2025-09-05 05:00:00,1757048421.0,0.0015
2025-09-05 06:00:00,1757052009.0,0.0015
2025-09-05 07:00:00,1757055616.0,0.0015
2025-09-05 08:00:00,1757059203.0,0.0015
2025-09-05 09:00:00,1757062810.0,0.0015
2025-09-05 10:00:00,1757066418.0,0.0015
2025-09-05 11:00:00,1757070009.0,0.0015
2025-09-05 12:00:00,1757073616.0,0.0015
2025-09-05 13:00:00,1757077211.0,0.0015
2025-09-05 14:00:00,1757080803.0,0.0015
2025-09-05 15:00:00,1757084409.0,0.0015
2025-09-05 16:00:00,1757088015.0,0.0015
2025-09-05 17:00:00,1757091624.0,0.0015
2025-09-05 18:00:00,1757095207.0,0.0015
2025-09-05 19:00:00,1757098811.0,0.0015
2025-09-05 20:00:00,1757102403.0,0.0015
2025-09-05 21:00:00,1757106016.0,0.0015
2025-09-05 22:00:00,1757109617.0,0.0015
2025-09-05 23:00:00,1757113206.0,0.0015
2025-09-06 00:00:00,1757116802.0,0.0015
2025-09-06 01:00:00,1757120402.0,0.0015
2025-09-06 02:00:00,1757124007.0,0.0015
2025-09-06 03:00:00,1757127622.0,0.0015
2025-09-06 04:00:00,1757131211.0,0.0015
2025-09-06 05:00:00,1757134810.0,0.0015
2025-09-06 06:00:00,1757138414.0,0.0015
2025-09-06 07:00:00,1757142021.0,0.0015
2025-09-06 08:00:00,1757145614.0,0.0015
2025-09-06 09:00:00,1757149221.0,0.0015
2025-09-06 10:00:00,1757152820.0,0.0015
2025-09-06 11:00:00,1757156409.0,0.0015
2025-09-06 12:00:00,1757160011.0,0.0015
2025-09-06 13:00:00,1757163606.0,0.0015
2025-09-06 14:00:00,1757167218.0,0.0015
2025-09-06 15:00:00,1757170814.0,0.0015
2025-09-06 16:00:00,1757174404.0,0.0015
2025-09-06 17:00:00,1757178010.0,0.0015
2025-09-06 18:00:00,1757181610.0,0.0015
2025-09-06 19:00:00,1757185217.0,0.0015
2025-09-06 20:00:00,1757188819.0,0.0015
2025-09-06 21:00:00,1757192426.0,0.0015
2025-09-06 22:00:00,1757196007.0,0.0015
2025-09-06 23:00:00,1757199614.0,0.0015
2025-09-07 00:00:00,1757203206.0,0.0015
2025-09-07 01:00:00,1757206810.0,0.0015
2025-09-07 02:00:00,1757210412.0,0.0015
2025-09-07 03:00:00,1757214023.0,0.0015
2025-09-07 04:00:00,1757217618.0,0.0015
2025-09-07 05:00:00,1757221207.0,0.0015
2025-09-07 06:00:00,1757224812.0,0.0015
2025-09-07 07:00:00,1757228403.0,0.0015
2025-09-07 08:00:00,1757232023.0,0.0015
2025-09-07 09:00:00,1757235619.0,0.0015
2025-09-07 10:00:00,1757239209.0,0.0015
2025-09-07 11:00:00,1757242820.0,0.0015
2025-09-07 12:00:00,1757246425.0,0.0015
2025-09-07 13:00:00,1757250015.0,0.0015
2025-09-07 14:00:00,1757253617.0,0.0015
2025-09-07 15:00:00,1757257219.0,0.0015
2025-09-07 16:00:00,1757260817.0,0.0015
2025-09-07 17:00:00,1757264408.0,0.0015
2025-09-07 18:00:00,1757268012.0,0.0015
2025-09-07 19:00:00,1757271620.0,0.0015
2025-09-07 20:00:00,1757275215.0,0.0015
2025-09-07 21:00:00,1757278817.0,0.0015
2025-09-07 22:00:00,1757282410.0,0.0015
2025-09-07 23:00:00,1757286018.0,0.0015
2025-09-08 00:00:00,1757289608.0,0.0015
2025-09-08 01:00:00,1757293211.0,0.0015
2025-09-08 02:00:00,1757296816.0,0.0015
2025-09-08 03:00:00,1757300411.0,0.0015
2025-09-08 04:00:00,1757304002.0,0.0015
2025-09-08 05:00:00,1757307609.0,0.0015
2025-09-08 06:00:00,1757311219.0,0.0015
2025-09-08 07:00:00,1757314818.0,0.0015
2025-09-08 08:00:00,1757318413.0,0.0015
2025-09-08 09:00:00,1757322020.0,0.0015
2025-09-08 10:00:00,1757325612.0,0.0015
2025-09-08 11:00:00,1757329219.0,0.0015
2025-09-08 12:00:00,1757332826.0,0.0015
2025-09-08 13:00:00,1757336406.0,0.0015
2025-09-08 14:00:00,1757340021.0,0.0015
2025-09-08 15:00:00,1757343615.0,0.0015
2025-09-08 16:00:00,1757347210.0,0.0015
2025-09-08 17:00:00,1757350810.0,0.0015
2025-09-08 18:00:00,1757354413.0,0.0015
2025-09-08 19:00:00,1757358011.0,0.0015
2025-09-08 20:00:00,1757361604.0,0.0015
2025-09-08 21:00:00,1757365223.0,0.0015
2025-09-08 22:00:00,1757368816.0,0.0015
2025-09-08 23:00:00,1757372402.0,0.0015
2025-09-09 00:00:00,1757376012.0,0.0015
2025-09-09 01:00:00,1757379605.0,0.0015
2025-09-09 02:00:00,1757383216.0,0.0015
2025-09-09 03:00:00,1757386813.0,0.0015
2025-09-09 04:00:00,1757390402.0,0.0015
2025-09-09 05:00:00,1757394005.0,0.0015
2025-09-09 06:00:00,1757397618.0,0.0015
2025-09-09 07:00:00,1757401215.0,0.0015
2025-09-09 08:00:00,1757404816.0,0.0015
2025-09-09 09:00:00,1757408429.0,0.0015
2025-09-09 10:00:00,1757412021.0,0.0015
2025-09-09 11:00:00,1757415619.0,0.0015
2025-09-09 12:00:00,1757419229.0,0.0015
2025-09-09 13:00:00,1757422815.0,0.0015
2025-09-09 14:00:00,1757426417.0,0.0015
2025-09-09 15:00:00,1757430011.0,0.0015
2025-09-09 16:00:00,1757433609.0,0.0015
2025-09-09 17:00:00,1757437204.0,0.0015
2025-09-09 18:00:00,1757440817.0,0.0015
2025-09-09 19:00:00,1757444416.0,0.0015
2025-09-09 20:00:00,1757448010.0,0.0015
2025-09-09 21:00:00,1757451606.0,0.0015
2025-09-09 22:00:00,1757455219.0,0.0015
2025-09-09 23:00:00,1757458806.0,0.0015
2025-09-10 00:00:00,1757462412.0,0.0015
2025-09-10 01:00:00,1757466002.0,0.0015
2025-09-10 02:00:00,1757469611.0,0.0015
2025-09-10 03:00:00,1757473225.0,0.0015
2025-09-10 04:00:00,1757476812.0,0.0015
2025-09-10 05:00:00,1757480416.0,0.0015
2025-09-10 06:00:00,1757484004.0,0.0015
2025-09-10 07:00:00,1757487618.0,0.0015
2025-09-10 08:00:00,1757491212.0,0.0015
2025-09-10 09:00:00,1757494819.0,0.0015
2025-09-10 10:00:00,1757498402.0,0.0015
2025-09-10 11:00:00,1757502003.0,0.0015
2025-09-10 12:00:00,1757505619.0,0.0015
2025-09-10 13:00:00,1757509217.0,0.0015
2025-09-10 14:00:00,1757512804.0,0.0015
2025-09-10 15:00:00,1757516406.0,0.0015
2025-09-10 16:00:00,1757520015.0,0.0015
2025-09-10 17:00:00,1757523605.0,0.0015
2025-09-10 18:00:00,1757527218.0,0.0015
2025-09-10 19:00:00,1757530816.0,0.0015
2025-09-10 20:00:00,1757534403.0,0.0015
2025-09-10 21:00:00,1757538016.0,0.0015
2025-09-10 22:00:00,1757541605.0,0.0015
2025-09-10 23:00:00,1757545207.0,0.0015
2025-09-11 00:00:00,1757548813.0,0.0015
2025-09-11 01:00:00,1757552408.0,0.0015
2025-09-11 02:00:00,1757556008.0,0.0015
2025-09-11 03:00:00,1757559602.0,0.0015
2025-09-11 04:00:00,1757563206.0,0.0015
2025-09-11 05:00:00,1757566815.0,0.0015
2025-09-11 06:00:00,1757570413.0,0.0015
2025-09-11 07:00:00,1757574003.0,0.0015
2025-09-11 08:00:00,1757577605.0,0.0015
2025-09-11 09:00:00,1757581222.0,0.0015
2025-09-11 10:00:00,1757584805.0,0.0015
2025-09-11 11:00:00,1757588406.0,0.0015
2025-09-11 12:00:00,1757592014.0,0.0015
2025-09-11 13:00:00,1757595613.0,0.0015
2025-09-11 14:00:00,1757599216.0,0.0015
2025-09-11 15:00:00,1757602810.0,0.0015
2025-09-11 16:00:00,1757606412.0,0.0015
2025-09-11 17:00:00,1757610006.0,0.0015
2025-09-11 18:00:00,1757613620.0,0.0015
2025-09-11 19:00:00,1757617212.0,0.0015
2025-09-11 20:00:00,1757620821.0,0.0015
2025-09-11 21:00:00,1757624430.0,0.0015
2025-09-11 22:00:00,1757628013.0,0.0015
2025-09-11 23:00:00,1757631602.0,0.0015
2025-09-12 00:00:00,1757635203.0,0.0015
2025-09-12 01:00:00,1757638812.0,0.0015
2025-09-12 02:00:00,1757642420.0,0.0015
2025-09-12 03:00:00,1757646006.0,0.0015
2025-09-12 04:00:00,1757649615.0,0.0015
2025-09-12 05:00:00,1757653211.0,0.0015
2025-09-12 06:00:00,1757656804.0,0.0015
2025-09-12 07:00:00,1757660408.0,0.0015
2025-09-12 08:00:00,1757664012.0,0.0015
2025-09-12 09:00:00,1757667614.0,0.0015
2025-09-12 10:00:00,1757671206.0,0.0015
2025-09-12 11:00:00,1757674819.0,0.0015
2025-09-12 12:00:00,1757678418.0,0.0015
2025-09-12 13:00:00,1757682022.0,0.0015
2025-09-12 14:00:00,1757685626.0,0.0015
2025-09-12 15:00:00,1757689216.0,0.0015
2025-09-12 16:00:00,1757692815.0,0.0015
2025-09-12 17:00:00,1757696415.0,0.0015
2025-09-12 18:00:00,1757700002.0,0.0015
2025-09-12 19:00:00,1757703614.0,0.0015
2025-09-12 20:00:00,1757707204.0,0.0015
2025-09-12 21:00:00,1757710805.0,0.0015
2025-09-12 22:00:00,1757714417.0,0.0015
2025-09-12 23:00:00,1757718011.0,0.0015
2025-09-13 00:00:00,1757721605.0,0.0015
2025-09-13 01:00:00,1757725208.0,0.0015
2025-09-13 02:00:00,1757728810.0,0.0015
2025-09-13 03:00:00,1757732412.0,0.0015
2025-09-13 04:00:00,1757736003.0,0.0015
2025-09-13 05:00:00,1757739608.0,0.0015
2025-09-13 06:00:00,1757743204.0,0.0015
2025-09-13 07:00:00,1757746813.0,0.0015
2025-09-13 08:00:00,1757750405.0,0.0015
2025-09-13 09:00:00,1757754024.0,0.0015
2025-09-13 10:00:00,1757757605.0,0.0015
2025-09-13 11:00:00,1757761209.0,0.0015
2025-09-13 12:00:00,1757764806.0,0.0015
2025-09-13 13:00:00,1757768407.0,0.0015
2025-09-13 14:00:00,1757772014.0,0.0015
2025-09-13 15:00:00,1757775610.0,0.0015
2025-09-13 16:00:00,1757779219.0,0.0015
2025-09-13 17:00:00,1757782823.0,0.0015
2025-09-13 18:00:00,1757786403.0,0.0015
2025-09-13 19:00:00,1757790012.0,0.0015
2025-09-13 20:00:00,1757793609.0,0.0015
2025-09-13 21:00:00,1757797217.0,0.0015
2025-09-13 22:00:00,1757800805.0,0.0015
2025-09-13 23:00:00,1757804408.0,0.0015
2025-09-14 00:00:00,1757808003.0,0.0015
2025-09-14 01:00:00,1757811612.0,0.0015
2025-09-14 02:00:00,1757815219.0,0.0015
2025-09-14 03:00:00,1757818810.0,0.0015
2025-09-14 04:00:00,1757822408.0,0.0015
2025-09-14 05:00:00,1757826010.0,0.0015
2025-09-14 06:00:00,1757829607.0,0.0015
2025-09-14 07:00:00,1757833206.0,0.0015
2025-09-14 08:00:00,1757836819.0,0.0015
2025-09-14 09:00:00,1757840423.0,0.0015
2025-09-14 10:00:00,1757844007.0,0.0015
2025-09-14 11:00:00,1757847617.0,0.0015
2025-09-14 12:00:00,1757851232.0,0.0015
2025-09-14 13:00:00,1757854803.0,0.0015
2025-09-14 14:00:00,1757858414.0,0.0015
2025-09-14 15:00:00,1757862010.0,0.0015
2025-09-14 16:00:00,1757865616.0,0.0015
2025-09-14 17:00:00,1757869215.0,0.0015
2025-09-14 18:00:00,1757872820.0,0.0015
2025-09-14 19:00:00,1757876407.0,0.0015
2025-09-14 20:00:00,1757880005.0,0.0015
2025-09-14 21:00:00,1757883618.0,0.0015
2025-09-14 22:00:00,1757887221.0,0.0015
2025-09-14 23:00:00,1757890811.0,0.0015
2025-09-15 00:00:00,1757894403.0,0.0015
2025-09-15 01:00:00,1757898004.0,0.0015
2025-09-15 02:00:00,1757901609.0,0.0015
2025-09-15 03:00:00,1757905228.0,0.0015
2025-09-15 04:00:00,1757908806.0,0.0015
2025-09-15 05:00:00,1757912405.0,0.0015
2025-09-15 06:00:00,1757916008.0,0.0015
2025-09-15 07:00:00,1757919609.0,0.0015
2025-09-15 08:00:00,1757923212.0,0.0015
2025-09-15 09:00:00,1757926825.0,0.0015
2025-09-15 10:00:00,1757930403.0,0.0015
2025-09-15 11:00:00,1757934018.0,0.0015
2025-09-15 12:00:00,1757937605.0,0.0015
2025-09-15 13:00:00,1757941209.0,0.0015
2025-09-15 14:00:00,1757944810.0,0.0015
2025-09-15 15:00:00,1757948419.0,0.0015
2025-09-15 16:00:00,1757952011.0,0.0015
2025-09-15 17:00:00,1757955612.0,0.0015
2025-09-15 18:00:00,1757959204.0,0.0015
2025-09-15 19:00:00,1757962806.0,0.0015
2025-09-15 20:00:00,1757966418.0,0.0015
2025-09-15 21:00:00,1757970020.0,0.0015
2025-09-15 22:00:00,1757973605.0,0.0015
2025-09-15 23:00:00,1757977220.0,0.0015
2025-09-16 00:00:00,1757980813.0,0.0015
2025-09-16 01:00:00,1757984412.0,0.0015
2025-09-16 02:00:00,1757988018.0,0.0015
2025-09-16 03:00:00,1757991628.0,0.0015
2025-09-16 04:00:00,1757995225.0,0.0015
2025-09-16 05:00:00,1757998820.0,0.0015
2025-09-16 06:00:00,1758002418.0,0.0015
2025-09-16 07:00:00,1758006012.0,0.0015
2025-09-16 08:00:00,1758009610.0,0.0015
2025-09-16 09:00:00,1758013234.0,0.0015
2025-09-16 10:00:00,1758016822.0,0.0015
2025-09-16 11:00:00,1758020421.0,0.0015
2025-09-16 12:00:00,1758024023.0,0.0015
2025-09-16 13:00:00,1758027619.0,0.0015
2025-09-16 14:00:00,1758031218.0,0.0015
2025-09-16 15:00:00,1758034819.0,0.0015
2025-09-16 16:00:00,1758038402.0,0.0015
2025-09-16 17:00:00,1758042009.0,0.0015
2025-09-16 18:00:00,1758045632.0,0.0015
2025-09-16 19:00:00,1758049215.0,0.0015
2025-09-16 20:00:00,1758052825.0,0.0015
2025-09-16 21:00:00,1758056408.0,0.0015
2025-09-16 22:00:00,1758060002.0,0.0015
2025-09-16 23:00:00,1758063621.0,0.0015
2025-09-17 00:00:00,1758067207.0,0.0015
2025-09-17 01:00:00,1758070815.0,0.0015
2025-09-17 02:00:00,1758074414.0,0.0015
2025-09-17 03:00:00,1758078007.0,0.0015
2025-09-17 04:00:00,1758081608.0,0.0015
2025-09-17 05:00:00,1758085217.0,0.0015
2025-09-17 06:00:00,1758088813.0,0.0015
2025-09-17 07:00:00,1758092416.0,0.0015
2025-09-17 08:00:00,1758096017.0,0.0015
2025-09-17 09:00:00,1758099605.0,0.0015
2025-09-17 10:00:00,1758103220.0,0.0015
2025-09-17 11:00:00,1758106814.0,0.0015
2025-09-17 12:00:00,1758110426.0,0.0015
2025-09-17 13:00:00,1758114019.0,0.0015
2025-09-17 14:00:00,1758117606.0,0.0015
2025-09-17 15:00:00,1758121202.0,0.0015
2025-09-17 16:00:00,1758124806.0,0.0015
2025-09-17 17:00:00,1758128421.0,0.0015
2025-09-17 18:00:00,1758132247.0,0.0015
2025-09-17 19:00:00,1758135607.0,0.0015
2025-09-17 20:00:00,1758139209.0,0.0015
2025-09-17 21:00:00,1758142810.0,0.0015
2025-09-17 22:00:00,1758146407.0,0.0015
2025-09-17 23:00:00,1758150005.0,0.0015
2025-09-18 00:00:00,1758153605.0,0.0015
2025-09-18 01:00:00,1758157214.0,0.0015
2025-09-18 02:00:00,1758160811.0,0.0015
2025-09-18 03:00:00,1758164418.0,0.0015
2025-09-18 04:00:00,1758168002.0,0.0015
2025-09-18 05:00:00,1758171613.0,0.0015
2025-09-18 06:00:00,1758175222.0,0.0015
2025-09-18 07:00:00,1758178814.0,0.0015
2025-09-18 08:00:00,1758182408.0,0.0015
2025-09-18 09:00:00,1758186002.0,0.0015
2025-09-18 10:00:00,1758189607.0,0.0015
2025-09-18 11:00:00,1758193213.0,0.0015
2025-09-18 12:00:00,1758196818.0,0.0015
2025-09-18 13:00:00,1758200416.0,0.0015
2025-09-18 14:00:00,1758204015.0,0.0015
2025-09-18 15:00:00,1758207621.0,0.0015
2025-09-18 16:00:00,1758211205.0,0.0015
2025-09-18 17:00:00,1758214814.0,0.0015
2025-09-18 18:00:00,1758218414.0,0.0015
2025-09-18 19:00:00,1758222022.0,0.0015
2025-09-18 20:00:00,1758225606.0,0.0015
2025-09-18 21:00:00,1758229215.0,0.0015
2025-09-18 22:00:00,1758232813.0,0.0015
2025-09-18 23:00:00,1758236420.0,0.0015
2025-09-19 00:00:00,1758240008.0,0.0015
2025-09-19 01:00:00,1758243605.0,0.0015
2025-09-19 02:00:00,1758247212.0,0.0015
2025-09-19 03:00:00,1758250821.0,0.0015
2025-09-19 04:00:00,1758254423.0,0.0015
2025-09-19 05:00:00,1758258003.0,0.0015
2025-09-19 06:00:00,1758261625.0,0.0015
2025-09-19 07:00:00,1758265218.0,0.002
2025-09-19 08:00:00,1758268804.0,0.002
2025-09-19 09:00:00,1758272433.0,0.002
2025-09-19 10:00:00,1758276014.0,0.002
2025-09-19 11:00:00,1758279619.0,0.002
2025-09-19 12:00:00,1758283202.0,0.002
2025-09-19 13:00:00,1758286812.0,0.002
2025-09-19 14:00:00,1758290418.0,0.002
2025-09-19 15:00:00,1758294006.0,0.002
2025-09-19 16:00:00,1758297614.0,0.002
2025-09-19 17:00:00,1758301206.0,0.002
2025-09-19 18:00:00,1758304812.0,0.002
2025-09-19 19:00:00,1758308414.0,0.002
2025-09-19 20:00:00,1758312020.0,0.002
2025-09-19 21:00:00,1758315609.0,0.002
2025-09-19 22:00:00,1758319224.0,0.002
2025-09-19 23:00:00,1758322813.0,0.002
2025-09-20 00:00:00,1758326419.0,0.002
2025-09-20 01:00:00,1758330005.0,0.002
2025-09-20 02:00:00,1758333615.0,0.002
2025-09-20 03:00:00,1758337224.0,0.002
2025-09-20 04:00:00,1758340804.0,0.002
2025-09-20 05:00:00,1758344419.0,0.002
2025-09-20 06:00:00,1758348014.0,0.002
2025-09-20 07:00:00,1758351618.0,0.002
2025-09-20 08:00:00,1758355221.0,0.002
2025-09-20 09:00:00,1758358834.0,0.002
2025-09-20 10:00:00,1758362421.0,0.002
2025-09-20 11:00:00,1758366005.0,0.002
2025-09-20 12:00:00,1758369626.0,0.002
2025-09-20 13:00:00,1758373212.0,0.002
2025-09-20 14:00:00,1758376811.0,0.002
2025-09-20 15:00:00,1758380424.0,0.002
2025-09-20 16:00:00,1758384021.0,0.002
2025-09-20 17:00:00,1758387625.0,0.002
2025-09-20 18:00:00,1758391211.0,0.002
2025-09-20 19:00:00,1758394807.0,0.002
2025-09-20 20:00:00,1758398418.0,0.002
2025-09-20 21:00:00,1758402019.0,0.002
2025-09-20 22:00:00,1758405618.0,0.002
2025-09-20 23:00:00,1758409220.0,0.002
2025-09-21 00:00:00,1758412807.0,0.002
2025-09-21 01:00:00,1758416402.0,0.002
2025-09-21 02:00:00,1758420010.0,0.002
2025-09-21 03:00:00,1758423610.0,0.002
2025-09-21 04:00:00,1758427206.0,0.002
2025-09-21 05:00:00,1758430805.0,0.002
2025-09-21 06:00:00,1758434420.0,0.002
2025-09-21 07:00:00,1758438016.0,0.002
2025-09-21 08:00:00,1758441617.0,0.002
2025-09-21 09:00:00,1758445221.0,0.002
2025-09-21 10:00:00,1758448821.0,0.002
2025-09-21 11:00:00,1758452419.0,0.002
2025-09-21 12:00:00,1758456012.0,0.002
2025-09-21 13:00:00,1758459604.0,0.002
2025-09-21 14:00:00,1758463214.0,0.002
2025-09-21 15:00:00,1758466812.0,0.002
2025-09-21 16:00:00,1758470416.0,0.002
2025-09-21 17:00:00,1758474006.0,0.002
2025-09-21 18:00:00,1758477617.0,0.002
2025-09-21 19:00:00,1758481219.0,0.002
2025-09-21 20:00:00,1758484815.0,0.002
2025-09-21 21:00:00,1758488418.0,0.002
2025-09-21 22:00:00,1758492019.0,0.002
2025-09-21 23:00:00,1758495615.0,0.002
2025-09-22 00:00:00,1758499210.0,0.002
2025-09-22 01:00:00,1758502814.0,0.002
2025-09-22 02:00:00,1758506412.0,0.002
2025-09-22 03:00:00,1758510006.0,0.002
2025-09-22 04:00:00,1758513614.0,0.002
2025-09-22 05:00:00,1758517202.0,0.002
2025-09-22 06:00:00,1758520814.0,0.002
2025-09-22 07:00:00,1758524415.0,0.002
2025-09-22 08:00:00,1758528007.0,0.002
2025-09-22 09:00:00,1758531619.0,0.002
2025-09-22 10:00:00,1758535225.0,0.002
2025-09-22 11:00:00,1758538804.0,0.002
2025-09-22 12:00:00,1758542406.0,0.002
2025-09-22 13:00:00,1758546014.0,0.0015
2025-09-22 14:00:00,1758549619.0,0.0015
2025-09-22 15:00:00,1758553214.0,0.0015
2025-09-22 16:00:00,1758556805.0,0.0015
2025-09-22 17:00:00,1758560419.0,0.0015
2025-09-22 18:00:00,1758564015.0,0.0015
2025-09-22 19:00:00,1758567619.0,0.0015
2025-09-22 20:00:00,1758571207.0,0.0015
2025-09-22 21:00:00,1758574803.0,0.0015
2025-09-22 22:00:00,1758578420.0,0.0015
2025-09-22 23:00:00,1758582008.0,0.002
2025-09-23 00:00:00,1758585606.0,0.002
2025-09-23 01:00:00,1758589205.0,0.002
2025-09-23 02:00:00,1758592806.0,0.002
2025-09-23 03:00:00,1758596417.0,0.002
2025-09-23 04:00:00,1758600002.0,0.002
2025-09-23 05:00:00,1758603614.0,0.002
2025-09-23 06:00:00,1758607212.0,0.002
2025-09-23 07:00:00,1758610822.0,0.002
2025-09-23 08:00:00,1758614404.0,0.002
2025-09-23 09:00:00,1758618015.0,0.002
2025-09-23 10:00:00,1758621614.0,0.002
2025-09-23 11:00:00,1758625212.0,0.002
2025-09-23 12:00:00,1758628825.0,0.002
2025-09-23 13:00:00,1758632408.0,0.002
2025-09-23 14:00:00,1758636019.0,0.002
2025-09-23 15:00:00,1758639618.0,0.002
2025-09-23 16:00:00,1758643210.0,0.002
2025-09-23 17:00:00,1758646804.0,0.002
2025-09-23 18:00:00,1758650413.0,0.002
2025-09-23 19:00:00,1758654024.0,0.002
2025-09-23 20:00:00,1758657618.0,0.002
2025-09-23 21:00:00,1758661226.0,0.002
2025-09-23 22:00:00,1758664805.0,0.002
2025-09-23 23:00:00,1758668418.0,0.002
2025-09-24 00:00:00,1758672017.0,0.002
2025-09-24 01:00:00,1758675602.0,0.002
2025-09-24 02:00:00,1758679219.0,0.002
2025-09-24 03:00:00,1758682813.0,0.002
2025-09-24 04:00:00,1758686404.0,0.002
2025-09-24 05:00:00,1758690009.0,0.002
2025-09-24 06:00:00,1758693621.0,0.002
2025-09-24 07:00:00,1758697223.0,0.002
2025-09-24 08:00:00,1758700808.0,0.002
2025-09-24 09:00:00,1758704409.0,0.002
2025-09-24 10:00:00,1758708008.0,0.002
2025-09-24 11:00:00,1758711608.0,0.002
2025-09-24 12:00:00,1758715214.0,0.002
2025-09-24 13:00:00,1758718809.0,0.002
2025-09-24 14:00:00,1758722404.0,0.002
2025-09-24 15:00:00,1758726004.0,0.002
2025-09-24 16:00:00,1758729613.0,0.0015
2025-09-24 17:00:00,1758733202.0,0.0015
2025-09-24 18:00:00,1758736816.0,0.0015
2025-09-24 19:00:00,1758740406.0,0.0015
2025-09-24 20:00:00,1758744013.0,0.0015
2025-09-24 21:00:00,1758747614.0,0.0015
2025-09-24 22:00:00,1758751202.0,0.0015
2025-09-24 23:00:00,1758754808.0,0.002
2025-09-25 00:00:00,1758758406.0,0.002
2025-09-25 01:00:00,1758762006.0,0.002
2025-09-25 02:00:00,1758765607.0,0.002
2025-09-25 03:00:00,1758769205.0,0.002
2025-09-25 04:00:00,1758772810.0,0.002
2025-09-25 05:00:00,1758776404.0,0.002
2025-09-25 06:00:00,1758780010.0,0.002
2025-09-25 07:00:00,1758783607.0,0.002
2025-09-25 08:00:00,1758787204.0,0.002
2025-09-25 09:00:00,1758790810.0,0.002
2025-09-25 10:00:00,1758794410.0,0.002
2025-09-25 11:00:00,1758798005.0,0.002
2025-09-25 12:00:00,1758801605.0,0.002
2025-09-25 13:00:00,1758805209.0,0.002
2025-09-25 14:00:00,1758808810.0,0.002
2025-09-25 15:00:00,1758812405.0,0.002
2025-09-25 16:00:00,1758816014.0,0.002
2025-09-25 17:00:00,1758819611.0,0.002
2025-09-25 18:00:00,1758823208.0,0.002
2025-09-25 19:00:00,1758826802.0,0.002
2025-09-25 20:00:00,1758830414.0,0.002
2025-09-25 21:00:00,1758834011.0,0.002
2025-09-25 22:00:00,1758837612.0,0.002
2025-09-25 23:00:00,1758841205.0,0.002
2025-09-26 00:00:00,1758844814.0,0.002
2025-09-26 01:00:00,1758848403.0,0.002
2025-09-26 02:00:00,1758852014.0,0.002
2025-09-26 03:00:00,1758855605.0,0.002
2025-09-26 04:00:00,1758859214.0,0.002
2025-09-26 05:00:00,1758862814.0,0.002
2025-09-26 06:00:00,1758866404.0,0.002
2025-09-26 07:00:00,1758870010.0,0.002
2025-09-26 08:00:00,1758873605.0,0.002
2025-09-26 09:00:00,1758877204.0,0.002
2025-09-26 10:00:00,1758880812.0,0.002
2025-09-26 11:00:00,1758884403.0,0.002
2025-09-26 12:00:00,1758888007.0,0.002
2025-09-26 13:00:00,1758891611.0,0.002
2025-09-26 14:00:00,1758895208.0,0.002
2025-09-26 15:00:00,1758898809.0,0.002
2025-09-26 16:00:00,1758902405.0,0.002
2025-09-26 17:00:00,1758906004.0,0.002
2025-09-26 18:00:00,1758909610.0,0.002
2025-09-26 19:00:00,1758913217.0,0.002
2025-09-26 20:00:00,1758916812.0,0.002
2025-09-26 21:00:00,1758920412.0,0.002
2025-09-26 22:00:00,1758924006.0,0.002
2025-09-26 23:00:00,1758927608.0,0.002
2025-09-27 00:00:00,1758931206.0,0.002
2025-09-27 01:00:00,1758934804.0,0.0015
2025-09-27 02:00:00,1758938412.0,0.0015
2025-09-27 03:00:00,1758942009.0,0.0015
2025-09-27 04:00:00,1758945605.0,0.0015
2025-09-27 05:00:00,1758949203.0,0.0015
2025-09-27 06:00:00,1758952817.0,0.0015
2025-09-27 07:00:00,1758956415.0,0.0015
2025-09-27 08:00:00,1758960011.0,0.0015
2025-09-27 09:00:00,1758963606.0,0.0015
2025-09-27 10:00:00,1758967213.0,0.0015
2025-09-27 11:00:00,1758970804.0,0.0015
2025-09-27 12:00:00,1758974411.0,0.0015
2025-09-27 13:00:00,1758978016.0,0.0015
2025-09-27 14:00:00,1758981613.0,0.0015
2025-09-27 15:00:00,1758985214.0,0.0015
2025-09-27 16:00:00,1758988816.0,0.0015
2025-09-27 17:00:00,1758992405.0,0.0015
2025-09-27 18:00:00,1758996014.0,0.0015
2025-09-27 19:00:00,1758999604.0,0.0015
2025-09-27 20:00:00,1759003204.0,0.0015
2025-09-27 21:00:00,1759006817.0,0.0015
2025-09-27 22:00:00,1759010406.0,0.0015
2025-09-27 23:00:00,1759014004.0,0.002
2025-09-28 00:00:00,1759017610.0,0.002
2025-09-28 01:00:00,1759021212.0,0.002
2025-09-28 02:00:00,1759024810.0,0.002
2025-09-28 03:00:00,1759028409.0,0.002
2025-09-28 04:00:00,1759032015.0,0.002
2025-09-28 05:00:00,1759035613.0,0.002
2025-09-28 06:00:00,1759039213.0,0.002
2025-09-28 07:00:00,1759042810.0,0.002
2025-09-28 08:00:00,1759046405.0,0.002
2025-09-28 09:00:00,1759050017.0,0.002
2025-09-28 10:00:00,1759053607.0,0.002
2025-09-28 11:00:00,1759057205.0,0.002
2025-09-28 12:00:00,1759060818.0,0.002
2025-09-28 13:00:00,1759064413.0,0.002
2025-09-28 14:00:00,1759068009.0,0.002
2025-09-28 15:00:00,1759071610.0,0.002
2025-09-28 16:00:00,1759075203.0,0.002
2025-09-28 17:00:00,1759078804.0,0.002
2025-09-28 18:00:00,1759082403.0,0.002
2025-09-28 19:00:00,1759086017.0,0.002
2025-09-28 20:00:00,1759089606.0,0.002
2025-09-28 21:00:00,1759093210.0,0.002
2025-09-28 22:00:00,1759096806.0,0.002
2025-09-28 23:00:00,1759100412.0,0.002
2025-09-29 00:00:00,1759104004.0,0.002
2025-09-29 01:00:00,1759107608.0,0.002
2025-09-29 02:00:00,1759111208.0,0.002
2025-09-29 03:00:00,1759114806.0,0.002
2025-09-29 04:00:00,1759118409.0,0.002
2025-09-29 05:00:00,1759122003.0,0.002
2025-09-29 06:00:00,1759125610.0,0.002
2025-09-29 07:00:00,1759129204.0,0.002
2025-09-29 08:00:00,1759132811.0,0.002
2025-09-29 09:00:00,1759136405.0,0.002
2025-09-29 10:00:00,1759140005.0,0.002
2025-09-29 11:00:00,1759143612.0,0.002
2025-09-29 12:00:00,1759147213.0,0.002
2025-09-29 13:00:00,1759150810.0,0.002
2025-09-29 14:00:00,1759154406.0,0.002
2025-09-29 15:00:00,1759158003.0,0.002
2025-09-29 16:00:00,1759161606.0,0.002
2025-09-29 17:00:00,1759165206.0,0.0015
2025-09-29 18:00:00,1759168806.0,0.002
2025-09-29 19:00:00,1759172404.0,0.0015
2025-09-29 20:00:00,1759176011.0,0.0015
2025-09-29 21:00:00,1759179607.0,0.002
2025-09-29 22:00:00,1759183203.0,0.002
2025-09-29 23:00:00,1759186811.0,0.002
2025-09-30 00:00:00,1759190403.0,0.002
2025-09-30 01:00:00,1759194009.0,0.002
2025-09-30 02:00:00,1759197602.0,0.002
2025-09-30 03:00:00,1759201205.0,0.0015
2025-09-30 04:00:00,1759204813.0,0.0015
2025-09-30 05:00:00,1759208405.0,0.0015
2025-09-30 06:00:00,1759212013.0,0.0015
2025-09-30 07:00:00,1759215602.0,0.0015
2025-09-30 08:00:00,1759219202.0,0.0015
2025-09-30 09:00:00,1759222807.0,0.0015
2025-09-30 10:00:00,1759226403.0,0.0015
2025-09-30 11:00:00,1759230004.0,0.0015
2025-09-30 12:00:00,1759233602.0,0.002
2025-09-30 13:00:00,1759237202.0,0.002
2025-09-30 14:00:00,1759240809.0,0.002
2025-09-30 15:00:00,1759244406.0,0.002
2025-09-30 16:00:00,1759248013.0,0.002
2025-09-30 17:00:00,1759251608.0,0.002
2025-09-30 18:00:00,1759255202.0,0.002
2025-09-30 19:00:00,1759258808.0,0.002
2025-09-30 20:00:00,1759262415.0,0.002
2025-09-30 21:00:00,1759266009.0,0.002
2025-09-30 22:00:00,1759269612.0,0.002
2025-09-30 23:00:00,1759273211.0,0.002
2025-10-01 00:00:00,1759276804.0,0.002
2025-10-01 01:00:00,1759280409.0,0.002
2025-10-01 02:00:00,1759284010.0,0.002
2025-10-01 03:00:00,1759287612.0,0.002
2025-10-01 04:00:00,1759291207.0,0.002
2025-10-01 05:00:00,1759294810.0,0.002
2025-10-01 06:00:00,1759298405.0,0.002
2025-10-01 07:00:00,1759302005.0,0.002
2025-10-01 08:00:00,1759305604.0,0.002
2025-10-01 09:00:00,1759309204.0,0.002
2025-10-01 10:00:00,1759312803.0,0.002
2025-10-01 11:00:00,1759316412.0,0.002
2025-10-01 12:00:00,1759320012.0,0.002
2025-10-01 13:00:00,1759323609.0,0.002
2025-10-01 14:00:00,1759327202.0,0.002
2025-10-01 15:00:00,1759330807.0,0.002
2025-10-01 16:00:00,1759334406.0,0.002
2025-10-01 17:00:00,1759338015.0,0.002
2025-10-01 18:00:00,1759341610.0,0.002
2025-10-01 19:00:00,1759345211.0,0.002
2025-10-01 20:00:00,1759348813.0,0.0015
2025-10-01 21:00:00,1759352414.0,0.0015
2025-10-01 22:00:00,1759356011.0,0.0015
2025-10-01 23:00:00,1759359611.0,0.0015
2025-10-02 00:00:00,1759363207.0,0.0015
2025-10-02 01:00:00,1759366807.0,0.0015
2025-10-02 02:00:00,1759370408.0,0.0015
2025-10-02 03:00:00,1759374007.0,0.0015
2025-10-02 04:00:00,1759377609.0,0.0015
2025-10-02 05:00:00,1759381206.0,0.0015
2025-10-02 06:00:00,1759384810.0,0.0015
2025-10-02 07:00:00,1759388408.0,0.0015
2025-10-02 08:00:00,1759392011.0,0.0015
2025-10-02 09:00:00,1759395609.0,0.0015
2025-10-02 10:00:00,1759399213.0,0.0015
2025-10-02 11:00:00,1759402807.0,0.0015
2025-10-02 12:00:00,1759406418.0,0.0015
2025-10-02 13:00:00,1759410006.0,0.0015
2025-10-02 14:00:00,1759413613.0,0.0015
2025-10-02 15:00:00,1759417211.0,0.0015
2025-10-02 16:00:00,1759420809.0,0.0015
2025-10-02 17:00:00,1759424416.0,0.0015
2025-10-02 18:00:00,1759428006.0,0.0015
2025-10-02 19:00:00,1759431603.0,0.0015
2025-10-02 20:00:00,1759435207.0,0.0015
2025-10-02 21:00:00,1759438804.0,0.0015
2025-10-02 22:00:00,1759442402.0,0.0015
2025-10-02 23:00:00,1759446005.0,0.0015
2025-10-03 00:00:00,1759449608.0,0.0015
2025-10-03 01:00:00,1759453209.0,0.0015
2025-10-03 02:00:00,1759456808.0,0.0015
2025-10-03 03:00:00,1759460404.0,0.0015
2025-10-03 04:00:00,1759464011.0,0.0015
2025-10-03 05:00:00,1759467604.0,0.0015
2025-10-03 06:00:00,1759471203.0,0.0015
2025-10-03 07:00:00,1759474808.0,0.0015
2025-10-03 08:00:00,1759478406.0,0.0015
2025-10-03 09:00:00,1759482004.0,0.0015
2025-10-03 10:00:00,1759485605.0,0.0015
2025-10-03 11:00:00,1759489204.0,0.0015
2025-10-03 12:00:00,1759492802.0,0.0015
2025-10-03 13:00:00,1759496405.0,0.002
2025-10-03 14:00:00,1759500005.0,0.002
2025-10-03 15:00:00,1759503604.0,0.002
2025-10-03 16:00:00,1759507206.0,0.002
2025-10-03 17:00:00,1759510805.0,0.002
2025-10-03 18:00:00,1759514409.0,0.002
2025-10-03 19:00:00,1759518003.0,0.002
2025-10-03 20:00:00,1759521605.0,0.002
2025-10-03 21:00:00,1759525208.0,0.002
2025-10-03 22:00:00,1759528806.0,0.002
2025-10-03 23:00:00,1759532406.0,0.002
2025-10-04 00:00:00,1759536008.0,0.002
2025-10-04 01:00:00,1759539607.0,0.002
2025-10-04 02:00:00,1759543206.0,0.002
2025-10-04 03:00:00,1759546807.0,0.002
2025-10-04 04:00:00,1759550405.0,0.002
2025-10-04 05:00:00,1759554005.0,0.002
2025-10-04 06:00:00,1759557606.0,0.002
2025-10-04 07:00:00,1759561214.0,0.002
2025-10-04 08:00:00,1759564807.0,0.002
2025-10-04 09:00:00,1759568412.0,0.002
2025-10-04 10:00:00,1759572008.0,0.002
2025-10-04 11:00:00,1759575606.0,0.002
2025-10-04 12:00:00,1759579213.0,0.002
2025-10-04 13:00:00,1759582809.0,0.002
2025-10-04 14:00:00,1759586405.0,0.002
2025-10-04 15:00:00,1759590002.0,0.002
2025-10-04 16:00:00,1759593607.0,0.002
2025-10-04 17:00:00,1759597208.0,0.002
2025-10-04 18:00:00,1759600802.0,0.002
2025-10-04 19:00:00,1759604407.0,0.002
2025-10-04 20:00:00,1759608005.0,0.002
2025-10-04 21:00:00,1759611603.0,0.002
2025-10-04 22:00:00,1759615206.0,0.002
2025-10-04 23:00:00,1759618806.0,0.002
2025-10-05 00:00:00,1759622403.0,0.002
2025-10-05 01:00:00,1759626005.0,0.002
2025-10-05 02:00:00,1759629603.0,0.002
2025-10-05 03:00:00,1759633204.0,0.002
2025-10-05 04:00:00,1759636807.0,0.002
2025-10-05 05:00:00,1759640405.0,0.002
2025-10-05 06:00:00,1759644003.0,0.002
2025-10-05 07:00:00,1759647603.0,0.002
2025-10-05 08:00:00,1759651207.0,0.002
2025-10-05 09:00:00,1759654808.0,0.002
2025-10-05 10:00:00,1759658404.0,0.002
2025-10-05 11:00:00,1759662007.0,0.002
2025-10-05 12:00:00,1759665609.0,0.002
2025-10-05 13:00:00,1759669206.0,0.002
2025-10-05 14:00:00,1759672808.0,0.002
2025-10-05 15:00:00,1759676407.0,0.002
2025-10-05 16:00:00,1759680006.0,0.002
2025-10-05 17:00:00,1759683609.0,0.002
2025-10-05 18:00:00,1759687207.0,0.002
2025-10-05 19:00:00,1759690806.0,0.002
2025-10-05 20:00:00,1759694403.0,0.002
2025-10-05 21:00:00,1759698005.0,0.002
2025-10-05 22:00:00,1759701606.0,0.002
2025-10-05 23:00:00,1759705204.0,0.002
2025-10-06 00:00:00,1759708805.0,0.002
2025-10-06 01:00:00,1759712407.0,0.002
2025-10-06 02:00:00,1759716008.0,0.002
2025-10-06 03:00:00,1759719608.0,0.002
2025-10-06 04:00:00,1759723207.0,0.002
2025-10-06 05:00:00,1759726805.0,0.002
2025-10-06 06:00:00,1759730410.0,0.002
2025-10-06 07:00:00,1759734011.0,0.002
2025-10-06 08:00:00,1759737606.0,0.002
2025-10-06 09:00:00,1759741205.0,0.002
2025-10-06 10:00:00,1759744808.0,0.002
2025-10-06 11:00:00,1759748406.0,0.002
2025-10-06 12:00:00,1759752011.0,0.002
2025-10-06 13:00:00,1759755603.0,0.002
2025-10-06 14:00:00,1759759207.0,0.002
2025-10-06 15:00:00,1759762803.0,0.002
2025-10-06 16:00:00,1759766407.0,0.002
2025-10-06 17:00:00,1759770003.0,0.002
2025-10-06 18:00:00,1759773602.0,0.002
2025-10-06 19:00:00,1759777206.0,0.002
2025-10-06 20:00:00,1759780810.0,0.002
2025-10-06 21:00:00,1759784413.0,0.002
2025-10-06 22:00:00,1759788003.0,0.002
2025-10-06 23:00:00,1759791610.0,0.002
2025-10-07 00:00:00,1759795206.0,0.002
2025-10-07 01:00:00,1759798808.0,0.002
2025-10-07 02:00:00,1759802410.0,0.002
2025-10-07 03:00:00,1759806007.0,0.002
2025-10-07 04:00:00,1759809612.0,0.002
2025-10-07 05:00:00,1759813213.0,0.002
2025-10-07 06:00:00,1759816816.0,0.002
2025-10-07 07:00:00,1759820411.0,0.002
2025-10-07 08:00:00,1759824008.0,0.002
2025-10-07 09:00:00,1759827602.0,0.002
2025-10-07 10:00:00,1759831213.0,0.002
2025-10-07 11:00:00,1759834810.0,0.002
2025-10-07 12:00:00,1759838408.0,0.002
2025-10-07 13:00:00,1759842005.0,0.002
2025-10-07 14:00:00,1759845613.0,0.002
2025-10-07 15:00:00,1759849202.0,0.002
2025-10-07 16:00:00,1759852806.0,0.002
2025-10-07 17:00:00,1759856405.0,0.002
2025-10-07 18:00:00,1759860017.0,0.002
2025-10-07 19:00:00,1759863603.0,0.002
2025-10-07 20:00:00,1759867205.0,0.002
2025-10-07 21:00:00,1759870806.0,0.002
2025-10-07 22:00:00,1759874407.0,0.002
2025-10-07 23:00:00,1759878014.0,0.002
2025-10-08 00:00:00,1759881613.0,0.002
2025-10-08 01:00:00,1759885203.0,0.002
2025-10-08 02:00:00,1759888803.0,0.002
2025-10-08 03:00:00,1759892407.0,0.002
2025-10-08 04:00:00,1759896006.0,0.002
2025-10-08 05:00:00,1759899605.0,0.002
2025-10-08 06:00:00,1759903216.0,0.002
2025-10-08 07:00:00,1759906804.0,0.002
2025-10-08 08:00:00,1759910406.0,0.002
2025-10-08 09:00:00,1759914015.0,0.002
2025-10-08 10:00:00,1759917605.0,0.002
2025-10-08 11:00:00,1759921208.0,0.002
2025-10-08 12:00:00,1759924813.0,0.002
2025-10-08 13:00:00,1759928403.0,0.002
2025-10-08 14:00:00,1759932006.0,0.002
2025-10-08 15:00:00,1759935611.0,0.002
2025-10-08 16:00:00,1759939203.0,0.002
2025-10-08 17:00:00,1759942810.0,0.002
2025-10-08 18:00:00,1759946406.0,0.002
2025-10-08 19:00:00,1759950014.0,0.002
2025-10-08 20:00:00,1759953604.0,0.002
2025-10-08 21:00:00,1759957210.0,0.002
2025-10-08 22:00:00,1759960813.0,0.002
2025-10-08 23:00:00,1759964404.0,0.002
2025-10-09 00:00:00,1759968012.0,0.002
2025-10-09 01:00:00,1759971607.0,0.002
2025-10-09 02:00:00,1759975204.0,0.002
2025-10-09 03:00:00,1759978802.0,0.002
2025-10-09 04:00:00,1759982407.0,0.002
2025-10-09 05:00:00,1759986004.0,0.002
2025-10-09 06:00:00,1759989621.0,0.002
2025-10-09 07:00:00,1759993208.0,0.002
2025-10-09 08:00:00,1759996805.0,0.002
2025-10-09 09:00:00,1760000414.0,0.002
2025-10-09 10:00:00,1760004007.0,0.002
2025-10-09 11:00:00,1760007608.0,0.002
2025-10-09 12:00:00,1760011210.0,0.002
2025-10-09 13:00:00,1760014807.0,0.002
2025-10-09 14:00:00,1760018413.0,0.002
2025-10-09 15:00:00,1760022005.0,0.002
2025-10-09 16:00:00,1760025603.0,0.002
2025-10-09 17:00:00,1760029220.0,0.002
2025-10-09 18:00:00,1760032811.0,0.002
2025-10-09 19:00:00,1760036413.0,0.002
2025-10-09 20:00:00,1760040011.0,0.002
2025-10-09 21:00:00,1760043604.0,0.002
2025-10-09 22:00:00,1760047210.0,0.002
2025-10-09 23:00:00,1760050811.0,0.002
2025-10-10 00:00:00,1760054411.0,0.002
2025-10-10 01:00:00,1760058007.0,0.002
2025-10-10 02:00:00,1760061617.0,0.002
2025-10-10 03:00:00,1760065216.0,0.002
2025-10-10 04:00:00,1760068803.0,0.002
2025-10-10 05:00:00,1760072418.0,0.002
2025-10-10 06:00:00,1760076003.0,0.002
2025-10-10 07:00:00,1760079610.0,0.002
2025-10-10 08:00:00,1760083211.0,0.002
2025-10-10 09:00:00,1760086820.0,0.002
2025-10-10 10:00:00,1760090418.0,0.002
2025-10-10 11:00:00,1760094008.0,0.002
2025-10-10 12:00:00,1760097623.0,0.002
2025-10-10 13:00:00,1760101215.0,0.002
2025-10-10 14:00:00,1760104807.0,0.002
2025-10-10 15:00:00,1760108405.0,0.002
2025-10-10 16:00:00,1760112005.0,0.002
2025-10-10 17:00:00,1760115611.0,0.002
2025-10-10 18:00:00,1760119219.0,0.002
2025-10-10 19:00:00,1760122812.0,0.002
2025-10-10 20:00:00,1760126403.0,0.002
2025-10-10 21:00:00,1760130007.0,0.002
2025-10-10 22:00:00,1760133618.0,0.002
2025-10-10 23:00:00,1760137212.0,0.002
2025-10-11 00:00:00,1760140803.0,0.002
2025-10-11 01:00:00,1760144406.0,0.002
2025-10-11 02:00:00,1760148011.0,0.002
2025-10-11 03:00:00,1760151621.0,0.002
2025-10-11 04:00:00,1760155209.0,0.002
2025-10-11 05:00:00,1760158805.0,0.002
2025-10-11 06:00:00,1760162420.0,0.002
2025-10-11 07:00:00,1760166018.0,0.002
2025-10-11 08:00:00,1760169611.0,0.002
2025-10-11 09:00:00,1760173205.0,0.002
2025-10-11 10:00:00,1760176817.0,0.002
2025-10-11 11:00:00,1760180417.0,0.002
2025-10-11 12:00:00,1760184024.0,0.002
2025-10-11 13:00:00,1760187615.0,0.002
2025-10-11 14:00:00,1760191203.0,0.002
2025-10-11 15:00:00,1760194816.0,0.002
2025-10-11 16:00:00,1760198412.0,0.002
2025-10-11 17:00:00,1760202019.0,0.002
2025-10-11 18:00:00,1760205616.0,0.002
2025-10-11 19:00:00,1760209206.0,0.002
2025-10-11 20:00:00,1760212805.0,0.002
2025-10-11 21:00:00,1760216415.0,0.002
2025-10-11 22:00:00,1760220016.0,0.002
2025-10-11 23:00:00,1760223619.0,0.002
2025-10-12 00:00:00,1760227218.0,0.002
2025-10-12 01:00:00,1760230806.0,0.002
2025-10-12 02:00:00,1760234408.0,0.002
2025-10-12 03:00:00,1760238009.0,0.002
2025-10-12 04:00:00,1760241613.0,0.002
2025-10-12 05:00:00,1760245216.0,0.002
2025-10-12 06:00:00,1760248820.0,0.002
2025-10-12 07:00:00,1760252418.0,0.002
2025-10-12 08:00:00,1760256012.0,0.002
2025-10-12 09:00:00,1760259620.0,0.002
2025-10-12 10:00:00,1760263211.0,0.002
2025-10-12 11:00:00,1760266809.0,0.002
2025-10-12 12:00:00,1760270416.0,0.002
2025-10-12 13:00:00,1760274011.0,0.002
2025-10-12 14:00:00,1760277619.0,0.002
2025-10-12 15:00:00,1760281220.0,0.002
2025-10-12 16:00:00,1760284818.0,0.002
2025-10-12 17:00:00,1760288414.0,0.002
2025-10-12 18:00:00,1760292011.0,0.002
2025-10-12 19:00:00,1760295604.0,0.002
2025-10-12 20:00:00,1760299205.0,0.002
2025-10-12 21:00:00,1760302816.0,0.002
2025-10-12 22:00:00,1760306404.0,0.002
2025-10-12 23:00:00,1760310015.0,0.002
2025-10-13 00:00:00,1760313608.0,0.002
2025-10-13 01:00:00,1760317208.0,0.002
2025-10-13 02:00:00,1760320814.0,0.002
2025-10-13 03:00:00,1760324415.0,0.002
2025-10-13 04:00:00,1760328015.0,0.002
2025-10-13 05:00:00,1760331607.0,0.002
2025-10-13 06:00:00,1760335219.0,0.002
2025-10-13 07:00:00,1760338805.0,0.002
2025-10-13 08:00:00,1760342419.0,0.002
2025-10-13 09:00:00,1760346004.0,0.002
2025-10-13 10:00:00,1760349616.0,0.002
2025-10-13 11:00:00,1760353212.0,0.002
2025-10-13 12:00:00,1760356804.0,0.002
2025-10-13 13:00:00,1760360403.0,0.002
2025-10-13 14:00:00,1760364013.0,0.002
2025-10-13 15:00:00,1760367606.0,0.002
2025-10-13 16:00:00,1760371220.0,0.002
2025-10-13 17:00:00,1760374815.0,0.002
2025-10-13 18:00:00,1760378426.0,0.002
2025-10-13 19:00:00,1760382013.0,0.002
2025-10-13 20:00:00,1760385612.0,0.002
2025-10-13 21:00:00,1760389208.0,0.002
2025-10-13 22:00:00,1760392804.0,0.002
2025-10-13 23:00:00,1760396413.0,0.002
2025-10-14 00:00:00,1760400009.0,0.002
2025-10-14 01:00:00,1760403613.0,0.002
2025-10-14 02:00:00,1760407214.0,0.002
2025-10-14 03:00:00,1760410807.0,0.002
2025-10-14 04:00:00,1760414403.0,0.002
2025-10-14 05:00:00,1760418018.0,0.002
2025-10-14 06:00:00,1760421623.0,0.002
2025-10-14 07:00:00,1760425214.0,0.002
2025-10-14 08:00:00,1760428814.0,0.002
2025-10-14 09:00:00,1760432407.0,0.002
2025-10-14 10:00:00,1760436018.0,0.002
2025-10-14 11:00:00,1760439605.0,0.002
2025-10-14 12:00:00,1760443213.0,0.002
2025-10-14 13:00:00,1760446804.0,0.002
2025-10-14 14:00:00,1760450405.0,0.002
2025-10-14 15:00:00,1760454010.0,0.002
2025-10-14 16:00:00,1760457618.0,0.002
2025-10-14 17:00:00,1760461209.0,0.002
2025-10-14 18:00:00,1760464822.0,0.002
2025-10-14 19:00:00,1760468417.0,0.002
2025-10-14 20:00:00,1760472004.0,0.002
2025-10-14 21:00:00,1760475611.0,0.002
2025-10-14 22:00:00,1760479216.0,0.002
2025-10-14 23:00:00,1760482812.0,0.002
2025-10-15 00:00:00,1760486413.0,0.002
2025-10-15 01:00:00,1760490010.0,0.002
2025-10-15 02:00:00,1760493611.0,0.002
2025-10-15 03:00:00,1760497218.0,0.002
2025-10-15 04:00:00,1760500803.0,0.002
2025-10-15 05:00:00,1760504417.0,0.002
2025-10-15 06:00:00,1760508024.0,0.002
2025-10-15 07:00:00,1760511603.0,0.002
2025-10-15 08:00:00,1760515208.0,0.002
2025-10-15 09:00:00,1760518821.0,0.002
2025-10-15 10:00:00,1760522414.0,0.002
2025-10-15 11:00:00,1760526008.0,0.002
2025-10-15 12:00:00,1760529613.0,0.002
2025-10-15 13:00:00,1760533218.0,0.002
2025-10-15 14:00:00,1760536807.0,0.002
2025-10-15 15:00:00,1760540422.0,0.002
2025-10-15 16:00:00,1760544007.0,0.002
2025-10-15 17:00:00,1760547608.0,0.002
2025-10-15 18:00:00,1760551224.0,0.002
2025-10-15 19:00:00,1760554819.0,0.002
2025-10-15 20:00:00,1760558403.0,0.002
2025-10-15 21:00:00,1760562009.0,0.002
2025-10-15 22:00:00,1760565608.0,0.002
2025-10-15 23:00:00,1760569207.0,0.002
2025-10-16 00:00:00,1760572817.0,0.002
2025-10-16 01:00:00,1760576407.0,0.002
2025-10-16 02:00:00,1760580015.0,0.002
2025-10-16 03:00:00,1760583623.0,0.002
2025-10-16 04:00:00,1760587204.0,0.002
2025-10-16 05:00:00,1760590803.0,0.002
2025-10-16 06:00:00,1760594415.0,0.002
2025-10-16 07:00:00,1760598008.0,0.002
2025-10-16 08:00:00,1760601619.0,0.002
2025-10-16 09:00:00,1760605220.0,0.002
2025-10-16 10:00:00,1760608811.0,0.002
2025-10-16 11:00:00,1760612404.0,0.002
2025-10-16 12:00:00,1760616017.0,0.002
2025-10-16 13:00:00,1760619605.0,0.002
2025-10-16 14:00:00,1760623212.0,0.002
2025-10-16 15:00:00,1760626816.0,0.002
2025-10-16 16:00:00,1760630403.0,0.002
2025-10-16 17:00:00,1760634021.0,0.002
2025-10-16 18:00:00,1760637611.0,0.002
2025-10-16 19:00:00,1760641211.0,0.0015
2025-10-16 20:00:00,1760644814.0,0.0015
2025-10-16 21:00:00,1760648412.0,0.0015
2025-10-16 22:00:00,1760652017.0,0.0015
2025-10-16 23:00:00,1760655614.0,0.0015
2025-10-17 00:00:00,1760659205.0,0.0015
2025-10-17 01:00:00,1760662811.0,0.0015
2025-10-17 02:00:00,1760666411.0,0.0015
2025-10-17 03:00:00,1760670013.0,0.0015
2025-10-17 04:00:00,1760673619.0,0.0015
2025-10-17 05:00:00,1760677207.0,0.0015
2025-10-17 06:00:00,1760680824.0,0.0015
2025-10-17 07:00:00,1760684407.0,0.0015
2025-10-17 08:00:00,1760688012.0,0.0015
2025-10-17 09:00:00,1760691609.0,0.0015
2025-10-17 10:00:00,1760695221.0,0.0015
2025-10-17 11:00:00,1760698812.0,0.0015
2025-10-17 12:00:00,1760702414.0,0.0015
2025-10-17 13:00:00,1760706004.0,0.0015
2025-10-17 14:00:00,1760709621.0,0.0015
2025-10-17 15:00:00,1760713218.0,0.0015
2025-10-17 16:00:00,1760716807.0,0.0015
2025-10-17 17:00:00,1760720418.0,0.0015
2025-10-17 18:00:00,1760724008.0,0.0015
2025-10-17 19:00:00,1760727604.0,0.0015
2025-10-17 20:00:00,1760731217.0,0.0015
2025-10-17 21:00:00,1760734817.0,0.0015
2025-10-17 22:00:00,1760738417.0,0.0015
2025-10-17 23:00:00,1760742017.0,0.0015
2025-10-18 00:00:00,1760745619.0,0.0015
2025-10-18 01:00:00,1760749215.0,0.0015
2025-10-18 02:00:00,1760752816.0,0.0015
2025-10-18 03:00:00,1760756417.0,0.0015
2025-10-18 04:00:00,1760760004.0,0.0015
2025-10-18 05:00:00,1760763612.0,0.0015
2025-10-18 06:00:00,1760767215.0,0.0015
2025-10-18 07:00:00,1760770809.0,0.0015
2025-10-18 08:00:00,1760774420.0,0.0015
2025-10-18 09:00:00,1760778018.0,0.0015
2025-10-18 10:00:00,1760781623.0,0.0015
2025-10-18 11:00:00,1760785218.0,0.0015
2025-10-18 12:00:00,1760788816.0,0.0015
2025-10-18 13:00:00,1760792403.0,0.0015
2025-10-18 14:00:00,1760796020.0,0.0015
2025-10-18 15:00:00,1760799603.0,0.0015
2025-10-18 16:00:00,1760803209.0,0.0015
2025-10-18 17:00:00,1760806821.0,0.0015
2025-10-18 18:00:00,1760810413.0,0.0015
2025-10-18 19:00:00,1760814008.0,0.0015
2025-10-18 20:00:00,1760817613.0,0.0015
2025-10-18 21:00:00,1760821229.0,0.0015
2025-10-18 22:00:00,1760824813.0,0.0015
2025-10-18 23:00:00,1760828414.0,0.0015
2025-10-19 00:00:00,1760832005.0,0.0015
2025-10-19 01:00:00,1760835609.0,0.0015
2025-10-19 02:00:00,1760839204.0,0.0015
2025-10-19 03:00:00,1760842813.0,0.0015
2025-10-19 04:00:00,1760846410.0,0.0015
2025-10-19 05:00:00,1760850008.0,0.0015
2025-10-19 06:00:00,1760853618.0,0.0015
2025-10-19 07:00:00,1760857218.0,0.0015
2025-10-19 08:00:00,1760860819.0,0.0015
2025-10-19 09:00:00,1760864425.0,0.0015
2025-10-19 10:00:00,1760868010.0,0.0015
2025-10-19 11:00:00,1760871608.0,0.0015
2025-10-19 12:00:00,1760875221.0,0.0015
2025-10-19 13:00:00,1760878818.0,0.0015
2025-10-19 14:00:00,1760882408.0,0.0015
2025-10-19 15:00:00,1760886009.0,0.0015
2025-10-19 16:00:00,1760889607.0,0.0015
2025-10-19 17:00:00,1760893208.0,0.0015
2025-10-19 18:00:00,1760896823.0,0.0015
2025-10-19 19:00:00,1760900409.0,0.0015
2025-10-19 20:00:00,1760904004.0,0.0015
2025-10-19 21:00:00,1760907609.0,0.0015
2025-10-19 22:00:00,1760911207.0,0.0015
2025-10-19 23:00:00,1760914818.0,0.0015
2025-10-20 00:00:00,1760918423.0,0.0015
2025-10-20 01:00:00,1760922013.0,0.0015
2025-10-20 02:00:00,1760925603.0,0.0015
2025-10-20 03:00:00,1760929214.0,0.0015
2025-10-20 04:00:00,1760932821.0,0.0015
2025-10-20 05:00:00,1760936414.0,0.0015
2025-10-20 06:00:00,1760940024.0,0.001
2025-10-20 07:00:00,1760943612.0,0.001
2025-10-20 08:00:00,1760947214.0,0.001
2025-10-20 09:00:00,1760950823.0,0.001
2025-10-20 10:00:00,1760954416.0,0.001
2025-10-20 11:00:00,1760958006.0,0.001
2025-10-20 12:00:00,1760961610.0,0.001
2025-10-20 13:00:00,1760965210.0,0.001
2025-10-20 14:00:00,1760968808.0,0.001
2025-10-20 15:00:00,1760972414.0,0.001
2025-10-20 16:00:00,1760976015.0,0.001
2025-10-20 17:00:00,1760979606.0,0.001
2025-10-20 18:00:00,1760983204.0,0.001
2025-10-20 19:00:00,1760986814.0,0.001
2025-10-20 20:00:00,1760990406.0,0.001
2025-10-20 21:00:00,1760994009.0,0.001
2025-10-20 22:00:00,1760997604.0,0.001
2025-10-20 23:00:00,1761001205.0,0.001
2025-10-21 00:00:00,1761004814.0,0.001
2025-10-21 01:00:00,1761008407.0,0.001
2025-10-21 02:00:00,1761012012.0,0.001
2025-10-21 03:00:00,1761015608.0,0.001
2025-10-21 04:00:00,1761019208.0,0.001
2025-10-21 05:00:00,1761022819.0,0.001
2025-10-21 06:00:00,1761026424.0,0.001
2025-10-21 07:00:00,1761030004.0,0.001
2025-10-21 08:00:00,1761033614.0,0.001
2025-10-21 09:00:00,1761037209.0,0.001
2025-10-21 10:00:00,1761040809.0,0.001
2025-10-21 11:00:00,1761044416.0,0.001
2025-10-21 12:00:00,1761048014.0,0.001
2025-10-21 13:00:00,1761051606.0,0.001
2025-10-21 14:00:00,1761055213.0,0.001
2025-10-21 15:00:00,1761058808.0,0.001
2025-10-21 16:00:00,1761062415.0,0.001
2025-10-21 17:00:00,1761066014.0,0.001
2025-10-21 18:00:00,1761069614.0,0.001
2025-10-21 19:00:00,1761073219.0,0.001
2025-10-21 20:00:00,1761076819.0,0.001
2025-10-21 21:00:00,1761080424.0,0.001
2025-10-21 22:00:00,1761084009.0,0.001
2025-10-21 23:00:00,1761087606.0,0.001
2025-10-22 00:00:00,1761091208.0,0.001
2025-10-22 01:00:00,1761094807.0,0.001
2025-10-22 02:00:00,1761098406.0,0.001
2025-10-22 03:00:00,1761102009.0,0.001
2025-10-22 04:00:00,1761105607.0,0.001
2025-10-22 05:00:00,1761109207.0,0.001
2025-10-22 06:00:00,1761112808.0,0.001
2025-10-22 07:00:00,1761116405.0,0.001
2025-10-22 08:00:00,1761120006.0,0.001
2025-10-22 09:00:00,1761123608.0,0.001
2025-10-22 10:00:00,1761127207.0,0.001
2025-10-22 11:00:00,1761130805.0,0.001
2025-10-22 12:00:00,1761134410.0,0.001
2025-10-22 13:00:00,1761138008.0,0.001
2025-10-22 14:00:00,1761141607.0,0.001
2025-10-22 15:00:00,1761145209.0,0.001
2025-10-22 16:00:00,1761148808.0,0.001
2025-10-22 17:00:00,1761152408.0,0.001
2025-10-22 18:00:00,1761156010.0,0.001
2025-10-22 19:00:00,1761159608.0,0.001
2025-10-22 20:00:00,1761163208.0,0.001
2025-10-22 21:00:00,1761166809.0,0.001
2025-10-22 22:00:00,1761170408.0,0.001
2025-10-22 23:00:00,1761174007.0,0.001
2025-10-23 00:00:00,1761177606.0,0.001
2025-10-23 01:00:00,1761181206.0,0.001
2025-10-23 02:00:00,1761184806.0,0.001
2025-10-23 03:00:00,1761188406.0,0.001
2025-10-23 04:00:00,1761192006.0,0.001
2025-10-23 05:00:00,1761195606.0,0.001
2025-10-23 06:00:00,1761199207.0,0.001
2025-10-23 07:00:00,1761202805.0,0.001
2025-10-23 08:00:00,1761206406.0,0.001
2025-10-23 09:00:00,1761210006.0,0.001
2025-10-23 10:00:00,1761213606.0,0.001
2025-10-23 11:00:00,1761217206.0,0.001
2025-10-23 12:00:00,1761220807.0,0.001
2025-10-23 13:00:00,1761224406.0,0.001
2025-10-23 14:00:00,1761228035.0,0.001
2025-10-23 15:00:00,1761231606.0,0.001
2025-10-23 16:00:00,1761235206.0,0.001
2025-10-23 17:00:00,1761238807.0,0.001
2025-10-23 18:00:00,1761242407.0,0.001
2025-10-23 19:00:00,1761246007.0,0.001
2025-10-23 20:00:00,1761249607.0,0.001
2025-10-23 21:00:00,1761253207.0,0.001
2025-10-23 22:00:00,1761256807.0,0.001
2025-10-23 23:00:00,1761260407.0,0.001
2025-10-24 00:00:00,1761264008.0,0.001
2025-10-24 01:00:00,1761267606.0,0.001
2025-10-24 02:00:00,1761271207.0,0.001
2025-10-24 03:00:00,1761274807.0,0.001
2025-10-24 04:00:00,1761278408.0,0.001
2025-10-24 05:00:00,1761282007.0,0.001
2025-10-24 06:00:00,1761285609.0,0.001
2025-10-24 07:00:00,1761289206.0,0.001
2025-10-24 08:00:00,1761292807.0,0.001
2025-10-24 09:00:00,1761296407.0,0.001
2025-10-24 10:00:00,1761300007.0,0.001
2025-10-24 11:00:00,1761303607.0,0.001
2025-10-24 12:00:00,1761307208.0,0.001
2025-10-24 13:00:00,1761310807.0,0.001
2025-10-24 14:00:00,1761314407.0,0.001
2025-10-24 15:00:00,1761318009.0,0.001
2025-10-24 16:00:00,1761321607.0,0.001
2025-10-24 17:00:00,1761325207.0,0.001
2025-10-24 18:00:00,1761328809.0,0.0005
2025-10-24 19:00:00,1761332408.0,0.0005
2025-10-24 20:00:00,1761336008.0,0.0005
2025-10-24 21:00:00,1761339608.0,0.0005
2025-10-24 22:00:00,1761343207.0,0.0005
2025-10-24 23:00:00,1761346808.0,0.0005
2025-10-25 00:00:00,1761350409.0,0.0005
2025-10-25 01:00:00,1761354006.0,0.0005
2025-10-25 02:00:00,1761357607.0,0.0005
2025-10-25 03:00:00,1761361208.0,0.0005
2025-10-25 04:00:00,1761364808.0,0.0005
2025-10-25 05:00:00,1761368408.0,0.0005
2025-10-25 06:00:00,1761372009.0,0.0005
2025-10-25 07:00:00,1761375607.0,0.0005
2025-10-25 08:00:00,1761379207.0,0.0005
2025-10-25 09:00:00,1761382809.0,0.0005
2025-10-25 10:00:00,1761386407.0,0.0005
2025-10-25 11:00:00,1761390008.0,0.0005
2025-10-25 12:00:00,1761393608.0,0.0005
2025-10-25 13:00:00,1761397207.0,0.0005
2025-10-25 14:00:00,1761400807.0,0.0005
2025-10-25 15:00:00,1761404408.0,0.0005
2025-10-25 16:00:00,1761408007.0,0.0005
2025-10-25 17:00:00,1761411607.0,0.0005
2025-10-25 18:00:00,1761415209.0,0.0005
2025-10-25 19:00:00,1761418808.0,0.0005
2025-10-25 20:00:00,1761422407.0,0.0005
2025-10-25 21:00:00,1761426008.0,0.0005
2025-10-25 22:00:00,1761429607.0,0.0005
2025-10-25 23:00:00,1761433208.0,0.0005
2025-10-26 00:00:00,1761436808.0,0.0005
2025-10-26 01:00:00,1761440406.0,0.0005
2025-10-26 02:00:00,1761444006.0,0.0005
2025-10-26 03:00:00,1761447607.0,0.0005
2025-10-26 04:00:00,1761451207.0,0.0005
2025-10-26 05:00:00,1761454806.0,0.0005
2025-10-26 06:00:00,1761458407.0,0.0005
2025-10-26 07:00:00,1761462006.0,0.0005
2025-10-26 08:00:00,1761465607.0,0.0005
2025-10-26 09:00:00,1761469208.0,0.0005
2025-10-26 10:00:00,1761472807.0,0.0005
2025-10-26 11:00:00,1761476406.0,0.0005
2025-10-26 12:00:00,1761480009.0,0.0005
2025-10-26 13:00:00,1761483606.0,0.0005
2025-10-26 14:00:00,1761487207.0,0.0005
2025-10-26 15:00:00,1761490807.0,0.0005
2025-10-26 16:00:00,1761494406.0,0.0005
2025-10-26 17:00:00,1761498006.0,0.0005
2025-10-26 18:00:00,1761501608.0,0.0005
2025-10-26 19:00:00,1761505206.0,0.0005
2025-10-26 20:00:00,1761508806.0,0.0005
2025-10-26 21:00:00,1761512407.0,0.0005
2025-10-26 22:00:00,1761516007.0,0.0005
2025-10-26 23:00:00,1761519606.0,0.0005
2025-10-27 00:00:00,1761523208.0,0.0005
2025-10-27 01:00:00,1761526806.0,0.0005
2025-10-27 02:00:00,1761530407.0,0.0005
2025-10-27 03:00:00,1761534008.0,0.0005
2025-10-27 04:00:00,1761537606.0,0.0005
2025-10-27 05:00:00,1761541206.0,0.0005
2025-10-27 06:00:00,1761544807.0,0.0005
2025-10-27 07:00:00,1761548406.0,0.0005
2025-10-27 08:00:00,1761552006.0,0.0005
2025-10-27 09:00:00,1761555607.0,0.0005
2025-10-27 10:00:00,1761559206.0,0.001
2025-10-27 11:00:00,1761562806.0,0.001
2025-10-27 12:00:00,1761566408.0,0.001
2025-10-27 13:00:00,1761570007.0,0.0005
2025-10-27 14:00:00,1761573606.0,0.0005
2025-10-27 15:00:00,1761577208.0,0.0005
2025-10-27 16:00:00,1761580807.0,0.0005
2025-10-27 17:00:00,1761584407.0,0.0005
2025-10-27 18:00:00,1761588007.0,0.0005
2025-10-27 19:00:00,1761591606.0,0.0005
2025-10-27 20:00:00,1761595207.0,0.0005
2025-10-27 21:00:00,1761598808.0,0.0005
2025-10-27 22:00:00,1761602406.0,0.0005
2025-10-27 23:00:00,1761606007.0,0.0005
2025-10-28 00:00:00,1761609610.0,0.0005
2025-10-28 01:00:00,1761613207.0,0.0005
2025-10-28 02:00:00,1761616807.0,0.0005
2025-10-28 03:00:00,1761620410.0,0.0005
2025-10-28 04:00:00,1761624010.0,0.0005
2025-10-28 05:00:00,1761627606.0,0.0005
2025-10-28 06:00:00,1761631209.0,0.0005
2025-10-28 07:00:00,1761634807.0,0.0005
2025-10-28 08:00:00,1761638407.0,0.0005
2025-10-28 09:00:00,1761642008.0,0.0005
2025-10-28 10:00:00,1761645609.0,0.0005
2025-10-28 11:00:00,1761649208.0,0.0005
2025-10-28 12:00:00,1761652807.0,0.0005
2025-10-28 13:00:00,1761656408.0,0.0005
2025-10-28 14:00:00,1761660007.0,0.0005
2025-10-28 15:00:00,1761663610.0,0.0005
2025-10-28 16:00:00,1761667209.0,0.0005
2025-10-28 17:00:00,1761670809.0,0.0005
2025-10-28 18:00:00,1761674410.0,0.0005
2025-10-28 19:00:00,1761678008.0,0.0005
2025-10-28 20:00:00,1761681610.0,0.0005
2025-10-28 21:00:00,1761685210.0,0.0005
2025-10-28 22:00:00,1761688809.0,0.0005
2025-10-28 23:00:00,1761692409.0,0.0005
2025-10-29 00:00:00,1761696009.0,0.0005
2025-10-29 01:00:00,1761699608.0,0.0005
2025-10-29 02:00:00,1761703206.0,0.0005
2025-10-29 03:00:00,1761706808.0,0.0005
2025-10-29 04:00:00,1761710408.0,0.0005
2025-10-29 05:00:00,1761714008.0,0.0005
2025-10-29 06:00:00,1761717608.0,0.0005
2025-10-29 07:00:00,1761721207.0,0.0005
2025-10-29 08:00:00,1761724809.0,0.0005
2025-10-29 09:00:00,1761728410.0,0.0005
2025-10-29 10:00:00,1761732016.0,0.0005
2025-10-29 11:00:00,1761736662.0,0.0005
2025-10-29 12:00:00,1761742688.0,0.0005
2025-10-29 13:00:00,1761743322.0,0.0005
2025-10-29 14:00:00,1761746407.0,0.0005
2025-10-29 15:00:00,1761750009.0,0.0015
2025-10-29 16:00:00,1761753607.0,0.0015
2025-10-29 17:00:00,1761757207.0,0.0015
2025-10-29 18:00:00,1761760807.0,0.0015
2025-10-29 19:00:00,1761764407.0,0.0005
2025-10-29 20:00:00,1761768008.0,0.0005
2025-10-29 21:00:00,1761771608.0,0.0005
2025-10-29 22:00:00,1761775207.0,0.0015
2025-10-29 23:00:00,1761778808.0,0.0015
2025-10-30 00:00:00,1761782409.0,0.0015
2025-10-30 01:00:00,1761786007.0,0.0015
2025-10-30 02:00:00,1761789607.0,0.0015
2025-10-30 03:00:00,1761793208.0,0.0015
2025-10-30 04:00:00,1761796808.0,0.0015
2025-10-30 05:00:00,1761800408.0,0.0015
2025-10-30 06:00:00,1761804008.0,0.0015
2025-10-30 07:00:00,1761807608.0,0.0015
2025-10-30 08:00:00,1761811208.0,0.0015
2025-10-30 09:00:00,1761814809.0,0.0015
2025-10-30 10:00:00,1761818406.0,0.0015
2025-10-30 11:00:00,1761822008.0,0.0015
2025-10-30 12:00:00,1761825608.0,0.0015
2025-10-30 13:00:00,1761829208.0,0.0015
2025-10-30 14:00:00,1761832808.0,0.0015
2025-10-30 15:00:00,1761836408.0,0.0015
2025-10-30 16:00:00,1761840007.0,0.0015
2025-10-30 17:00:00,1761843608.0,0.0015
2025-10-30 18:00:00,1761847207.0,0.0015
2025-10-30 19:00:00,1761850808.0,0.0015
2025-10-30 20:00:00,1761854408.0,0.0015
2025-10-30 21:00:00,1761858009.0,0.0015
2025-10-30 22:00:00,1761861608.0,0.0015
2025-10-30 23:00:00,1761865209.0,0.0015
2025-10-31 00:00:00,1761868806.0,0.0015
2025-10-31 01:00:00,1761872407.0,0.0015
2025-10-31 02:00:00,1761876007.0,0.0015
2025-10-31 03:00:00,1761879607.0,0.0015
2025-10-31 04:00:00,1761883208.0,0.0015
2025-10-31 05:00:00,1761886807.0,0.0015
2025-10-31 06:00:00,1761890409.0,0.0015
2025-10-31 07:00:00,1761894009.0,0.0015
2025-10-31 08:00:00,1761897614.0,0.0015
2025-10-31 09:00:00,1761901208.0,0.0015
2025-10-31 10:00:00,1761904808.0,0.0015
2025-10-31 11:00:00,1761908408.0,0.0015
2025-10-31 12:00:00,1761912009.0,0.0015
2025-10-31 13:00:00,1761915608.0,0.0015
2025-10-31 14:00:00,1761919207.0,0.0015
2025-10-31 15:00:00,1761922808.0,0.0015
2025-10-31 16:00:00,1761926409.0,0.0015
2025-10-31 17:00:00,1761930009.0,0.0015
2025-10-31 18:00:00,1761933609.0,0.0015
2025-10-31 19:00:00,1761937208.0,0.0015
2025-10-31 20:00:00,1761940808.0,0.0015
2025-10-31 21:00:00,1761944409.0,0.0015
2025-10-31 22:00:00,1761948008.0,0.0015
2025-10-31 23:00:00,1761951608.0,0.0015
2025-11-01 00:00:00,1761955208.0,0.0015
2025-11-01 01:00:00,1761958808.0,0.0015
2025-11-01 02:00:00,1761962408.0,0.0015
2025-11-01 03:00:00,1761966009.0,0.0015
2025-11-01 04:00:00,1761969608.0,0.0015
2025-11-01 05:00:00,1761973208.0,0.0015
2025-11-01 06:00:00,1761976809.0,0.0015
2025-11-01 07:00:00,1761980408.0,0.0015
2025-11-01 08:00:00,1761984008.0,0.0015
2025-11-01 09:00:00,1761987608.0,0.0015
2025-11-01 10:00:00,1761991209.0,0.0015
2025-11-01 11:00:00,1761994808.0,0.0015
2025-11-01 12:00:00,1761998410.0,0.0015
2025-11-01 13:00:00,1762002007.0,0.0015
2025-11-01 14:00:00,1762005608.0,0.0015
2025-11-01 15:00:00,1762009209.0,0.0015
2025-11-01 16:00:00,1762012808.0,0.0015
2025-11-01 17:00:00,1762016409.0,0.0015
2025-11-01 18:00:00,1762020008.0,0.0015
2025-11-01 19:00:00,1762023608.0,0.0015
2025-11-01 20:00:00,1762027209.0,0.0015
2025-11-01 21:00:00,1762030809.0,0.0015
2025-11-01 22:00:00,1762034409.0,0.0015
2025-11-01 23:00:00,1762038008.0,0.0015
2025-11-02 00:00:00,1762041608.0,0.0015
2025-11-02 01:00:00,1762045206.0,0.0015
2025-11-02 02:00:00,1762048808.0,0.0015
2025-11-02 03:00:00,1762052408.0,0.0015
2025-11-02 04:00:00,1762056007.0,0.0015
2025-11-02 05:00:00,1762059608.0,0.0015
2025-11-02 06:00:00,1762063207.0,0.0015
2025-11-02 07:00:00,1762066808.0,0.0015
2025-11-02 08:00:00,1762070407.0,0.0015
2025-11-02 09:00:00,1762074008.0,0.0015
2025-11-02 10:00:00,1762077607.0,0.0015
2025-11-02 11:00:00,1762081208.0,0.0015
2025-11-02 12:00:00,1762084807.0,0.0015
2025-11-02 13:00:00,1762088407.0,0.0015
2025-11-02 14:00:00,1762092007.0,0.0015
2025-11-02 15:00:00,1762095608.0,0.0015
2025-11-02 16:00:00,1762099207.0,0.0015
2025-11-02 17:00:00,1762102808.0,0.0015
2025-11-02 18:00:00,1762106408.0,0.0015
2025-11-02 19:00:00,1762110008.0,0.0015
2025-11-02 20:00:00,1762113607.0,0.0015
2025-11-02 21:00:00,1762117209.0,0.0015
2025-11-02 22:00:00,1762120808.0,0.0015
2025-11-02 23:00:00,1762124407.0,0.0015
2025-11-03 00:00:00,1762128006.0,0.0015
2025-11-03 01:00:00,1762131607.0,0.0015
2025-11-03 02:00:00,1762135207.0,0.0015
2025-11-03 03:00:00,1762138807.0,0.0015
2025-11-03 04:00:00,1762142407.0,0.0015
2025-11-03 05:00:00,1762146007.0,0.0015
2025-11-03 06:00:00,1762149607.0,0.0015
2025-11-03 07:00:00,1762153207.0,0.0015
2025-11-03 08:00:00,1762156807.0,0.0015
2025-11-03 09:00:00,1762160407.0,0.0015
2025-11-03 10:00:00,1762164007.0,0.0015
2025-11-03 11:00:00,1762167607.0,0.0015
2025-11-03 12:00:00,1762171207.0,0.0015
2025-11-03 13:00:00,1762174807.0,0.0015
2025-11-03 14:00:00,1762178407.0,0.0015
2025-11-03 15:00:00,1762182006.0,0.0015
2025-11-03 16:00:00,1762185607.0,0.0015
2025-11-03 17:00:00,1762189207.0,0.0015
2025-11-03 18:00:00,1762192807.0,0.0015
2025-11-03 19:00:00,1762196407.0,0.0015
2025-11-03 20:00:00,1762200008.0,0.0015
2025-11-03 21:00:00,1762203609.0,0.0015
2025-11-03 22:00:00,1762207208.0,0.0015
2025-11-03 23:00:00,1762210808.0,0.0015
2025-11-04 00:00:00,1762214408.0,0.0015
2025-11-04 01:00:00,1762218007.0,0.0015
2025-11-04 02:00:00,1762221607.0,0.0015
2025-11-04 03:00:00,1762225208.0,0.0015
2025-11-04 04:00:00,1762228808.0,0.0015
2025-11-04 05:00:00,1762232407.0,0.0015
2025-11-04 06:00:00,1762236009.0,0.0015
2025-11-04 07:00:00,1762239608.0,0.0015
2025-11-04 08:00:00,1762243208.0,0.0015
2025-11-04 09:00:00,1762246808.0,0.0015
2025-11-04 10:00:00,1762250408.0,0.0015
2025-11-04 11:00:00,1762254008.0,0.0015
2025-11-04 12:00:00,1762257609.0,0.0015
2025-11-04 13:00:00,1762261208.0,0.0015
2025-11-04 14:00:00,1762264808.0,0.0015
2025-11-04 15:00:00,1762268408.0,0.0015
2025-11-04 16:00:00,1762272008.0,0.0015
2025-11-04 17:00:00,1762275608.0,0.0015
2025-11-04 18:00:00,1762279208.0,0.0015
2025-11-04 19:00:00,1762282808.0,0.0015
2025-11-04 20:00:00,1762286408.0,0.0015
2025-11-04 21:00:00,1762290009.0,0.0015
2025-11-04 22:00:00,1762293609.0,0.0015
2025-11-04 23:00:00,1762297207.0,0.0015
2025-11-05 00:00:00,1762300807.0,0.0015
2025-11-05 01:00:00,1762304407.0,0.0015
2025-11-05 02:00:00,1762308007.0,0.0015
2025-11-05 03:00:00,1762311608.0,0.0015
2025-11-05 04:00:00,1762315207.0,0.0015
2025-11-05 05:00:00,1762318808.0,0.0015
2025-11-05 06:00:00,1762322409.0,0.0015
2025-11-05 07:00:00,1762326009.0,0.0015
2025-11-05 08:00:00,1762329609.0,0.0015
2025-11-05 09:00:00,1762333209.0,0.0015
2025-11-05 10:00:00,1762336808.0,0.0015
2025-11-05 11:00:00,1762340409.0,0.0015
2025-11-05 12:00:00,1762344010.0,0.0015
2025-11-05 13:00:00,1762347608.0,0.0015
2025-11-05 14:00:00,1762351209.0,0.0015
2025-11-05 15:00:00,1762354808.0,0.0015
2025-11-05 16:00:00,1762358408.0,0.0015
2025-11-05 17:00:00,1762362008.0,0.0015
2025-11-05 18:00:00,1762365608.0,0.0015
2025-11-05 19:00:00,1762369208.0,0.0015
2025-11-05 20:00:00,1762372808.0,0.0015
2025-11-05 21:00:00,1762376408.0,0.0015
2025-11-05 22:00:00,1762380008.0,0.0015
2025-11-05 23:00:00,1762383607.0,0.0015
2025-11-06 00:00:00,1762387205.0,0.0015
2025-11-06 01:00:00,1762390806.0,0.0015
2025-11-06 02:00:00,1762394407.0,0.0015
2025-11-06 03:00:00,1762398008.0,0.0015
2025-11-06 04:00:00,1762401608.0,0.002
2025-11-06 05:00:00,1762405207.0,0.0015
2025-11-06 06:00:00,1762408808.0,0.0015
2025-11-06 07:00:00,1762412408.0,0.0015
2025-11-06 08:00:00,1762416007.0,0.0015
2025-11-06 09:00:00,1762419607.0,0.0015
2025-11-06 10:00:00,1762423205.0,0.0015
2025-11-06 11:00:00,1762426807.0,0.0015
2025-11-06 12:00:00,1762430410.0,0.0015
2025-11-06 13:00:00,1762434007.0,0.0015
2025-11-06 14:00:00,1762437606.0,0.0015
2025-11-06 15:00:00,1762441208.0,0.0015
2025-11-06 16:00:00,1762444808.0,0.0015
2025-11-06 17:00:00,1762448408.0,0.0015
2025-11-06 18:00:00,1762452008.0,0.0015
2025-11-06 19:00:00,1762455608.0,0.0015
2025-11-06 20:00:00,1762459210.0,0.0015
2025-11-06 21:00:00,1762462811.0,0.0015
2025-11-06 22:00:00,1762466408.0,0.0015
2025-11-06 23:00:00,1762470008.0,0.0015
2025-11-07 00:00:00,1762473607.0,0.0015
2025-11-07 01:00:00,1762477207.0,0.0015
2025-11-07 02:00:00,1762480810.0,0.0015
2025-11-07 03:00:00,1762484409.0,0.001
2025-11-07 04:00:00,1762488008.0,0.001
2025-11-07 05:00:00,1762491609.0,0.001
2025-11-07 06:00:00,1762495211.0,0.001
2025-11-07 07:00:00,1762498808.0,0.001
2025-11-07 08:00:00,1762502407.0,0.001
2025-11-07 09:00:00,1762506008.0,0.001
2025-11-07 10:00:00,1762509608.0,0.001
2025-11-07 11:00:00,1762513207.0,0.001
2025-11-07 12:00:00,1762516810.0,0.0005
2025-11-07 13:00:00,1762520410.0,0.0005
2025-11-07 14:00:00,1762524010.0,0.0005
2025-11-07 15:00:00,1762527619.0,0.0005
2025-11-07 16:00:00,1762531209.0,0.0005
2025-11-07 17:00:00,1762534825.0,0.0005
2025-11-07 18:00:00,1762538411.0,0.0005
2025-11-07 19:00:00,1762542010.0,0.0005
2025-11-07 20:00:00,1762545621.0,0.0005
2025-11-07 21:00:00,1762549209.0,0.0005
2025-11-07 22:00:00,1762552808.0,0.0005
2025-11-07 23:00:00,1762556424.0,0.0005
2025-11-08 00:00:00,1762560007.0,0.0005
2025-11-08 01:00:00,1762563608.0,0.0005
2025-11-08 02:00:00,1762567206.0,0.0005
2025-11-08 03:00:00,1762570808.0,0.0005
2025-11-08 04:00:00,1762574408.0,0.0005
2025-11-08 05:00:00,1762578006.0,0.0005
2025-11-08 06:00:00,1762581608.0,0.0005
2025-11-08 07:00:00,1762585209.0,0.0005
2025-11-08 08:00:00,1762588807.0,0.0005
2025-11-08 09:00:00,1762592408.0,0.0005
2025-11-08 10:00:00,1762596008.0,0.0005
2025-11-08 11:00:00,1762599620.0,0.0005
2025-11-08 12:00:00,1762603223.0,0.0005
2025-11-08 13:00:00,1762606808.0,0.0005
2025-11-08 14:00:00,1762610408.0,0.0005
2025-11-08 15:00:00,1762614008.0,0.0005
2025-11-08 16:00:00,1762617608.0,0.0005
2025-11-08 17:00:00,1762621208.0,0.0005
2025-11-08 18:00:00,1762624809.0,0.0005
2025-11-08 19:00:00,1762628409.0,0.0005
2025-11-08 20:00:00,1762632007.0,0.0005
2025-11-08 21:00:00,1762635609.0,0.0005
2025-11-08 22:00:00,1762639208.0,0.0005
2025-11-08 23:00:00,1762642808.0,0.0005
2025-11-09 00:00:00,1762646421.0,0.0005
2025-11-09 01:00:00,1762650007.0,0.0005
2025-11-09 02:00:00,1762653608.0,0.0005
2025-11-09 03:00:00,1762657208.0,0.0005
2025-11-09 04:00:00,1762660819.0,0.0005
2025-11-09 05:00:00,1762664407.0,0.0005
2025-11-09 06:00:00,1762668008.0,0.0005
2025-11-09 07:00:00,1762671608.0,0.0005
2025-11-09 08:00:00,1762675208.0,0.0005
2025-11-09 09:00:00,1762678808.0,0.0005
2025-11-09 10:00:00,1762682407.0,0.0005
2025-11-09 11:00:00,1762686007.0,0.0005
2025-11-09 12:00:00,1762689608.0,0.0005
2025-11-09 13:00:00,1762693207.0,0.0005
2025-11-09 14:00:00,1762696806.0,0.0005
2025-11-09 15:00:00,1762700408.0,0.0005
2025-11-09 16:00:00,1762704007.0,0.0005
2025-11-09 17:00:00,1762707608.0,0.0005
2025-11-09 18:00:00,1762711208.0,0.0005
2025-11-09 19:00:00,1762714807.0,0.0005
2025-11-09 20:00:00,1762718407.0,0.0005
2025-11-09 21:00:00,1762722008.0,0.0005
2025-11-09 22:00:00,1762725608.0,0.0005
2025-11-09 23:00:00,1762729208.0,0.0005
2025-11-10 00:00:00,1762732806.0,0.0005
2025-11-10 01:00:00,1762736419.0,0.0005
2025-11-10 02:00:00,1762740007.0,0.0005
2025-11-10 03:00:00,1762743607.0,0.0005
2025-11-10 04:00:00,1762747208.0,0.0005
2025-11-10 05:00:00,1762750808.0,0.0005
2025-11-10 06:00:00,1762754408.0,0.0005
2025-11-10 07:00:00,1762758006.0,0.0005
2025-11-10 08:00:00,1762761607.0,0.0005
2025-11-10 09:00:00,1762765218.0,0.0005
2025-11-10 10:00:00,1762768809.0,0.0005
2025-11-10 11:00:00,1762772407.0,0.0005
2025-11-10 12:00:00,1762776008.0,0.0005
2025-11-10 13:00:00,1762779608.0,0.0005
2025-11-10 14:00:00,1762783207.0,0.0005
2025-11-10 15:00:00,1762786809.0,0.0005
2025-11-10 16:00:00,1762790410.0,0.0005
2025-11-10 17:00:00,1762794008.0,0.0005
2025-11-10 18:00:00,1762797608.0,0.0005
2025-11-10 19:00:00,1762801208.0,0.0005
2025-11-10 20:00:00,1762804808.0,0.0005
2025-11-10 21:00:00,1762808409.0,0.0005
2025-11-10 22:00:00,1762812007.0,0.0005
2025-11-10 23:00:00,1762815608.0,0.0005
2025-11-11 00:00:00,1762819209.0,0.0005
2025-11-11 01:00:00,1762822809.0,0.0005
2025-11-11 02:00:00,1762826409.0,0.0005
2025-11-11 03:00:00,1762830010.0,0.0005
2025-11-11 04:00:00,1762833611.0,0.0005
2025-11-11 05:00:00,1762837208.0,0.0005
2025-11-11 06:00:00,1762840815.0,0.0005
2025-11-11 07:00:00,1762844409.0,0.0005
2025-11-11 08:00:00,1762848021.0,0.0005
2025-11-11 09:00:00,1762851608.0,0.0005
2025-11-11 10:00:00,1762855209.0,0.0005
2025-11-11 11:00:00,1762858823.0,0.0005
2025-11-11 12:00:00,1762862423.0,0.0005
2025-11-11 13:00:00,1762866007.0,0.0005
2025-11-11 14:00:00,1762869609.0,0.0005
2025-11-11 15:00:00,1762873222.0,0.0005
2025-11-11 16:00:00,1762876808.0,0.0005
2025-11-11 17:00:00,1762880409.0,0.0005
2025-11-11 18:00:00,1762884009.0,0.0005
2025-11-11 19:00:00,1762887608.0,0.0005
2025-11-11 20:00:00,1762891209.0,0.0005
2025-11-11 21:00:00,1762894810.0,0.0005
2025-11-11 22:00:00,1762898408.0,0.0005
2025-11-11 23:00:00,1762902009.0,0.0005
2025-11-12 00:00:00,1762905610.0,0.0005
2025-11-12 01:00:00,1762909207.0,0.0005
2025-11-12 02:00:00,1762912807.0,0.0005
2025-11-12 03:00:00,1762916409.0,0.0005
2025-11-12 04:00:00,1762920009.0,0.0005
2025-11-12 05:00:00,1762923608.0,0.0005
2025-11-12 06:00:00,1762927210.0,0.0005
2025-11-12 07:00:00,1762930810.0,0.0005
2025-11-12 08:00:00,1762934408.0,0.0005
2025-11-12 09:00:00,1762938009.0,0.0005
2025-11-12 10:00:00,1762941607.0,0.0005
2025-11-12 11:00:00,1762945208.0,0.0005
2025-11-12 12:00:00,1762948809.0,0.0005
2025-11-12 13:00:00,1762952408.0,0.0005
2025-11-12 14:00:00,1762956009.0,0.0005
2025-11-12 15:00:00,1762959608.0,0.0005
2025-11-12 16:00:00,1762963209.0,0.0005
2025-11-12 17:00:00,1762966823.0,0.0005
2025-11-12 18:00:00,1762970409.0,0.0005
2025-11-12 19:00:00,1762974008.0,0.0005
2025-11-12 20:00:00,1762977608.0,0.0005
2025-11-12 21:00:00,1762981209.0,0.0005
2025-11-12 22:00:00,1762984808.0,0.0005
2025-11-12 23:00:00,1762988409.0,0.0005
2025-11-13 00:00:00,1762992007.0,0.0005
2025-11-13 01:00:00,1762995607.0,0.0005
2025-11-13 02:00:00,1762999206.0,0.0005
2025-11-13 03:00:00,1763002808.0,0.0005
2025-11-13 04:00:00,1763006408.0,0.0005
2025-11-13 05:00:00,1763010008.0,0.0005
2025-11-13 06:00:00,1763013609.0,0.0005
2025-11-13 07:00:00,1763017208.0,0.0005
2025-11-13 08:00:00,1763020808.0,0.0005
2025-11-13 09:00:00,1763024409.0,0.0005
2025-11-13 10:00:00,1763028006.0,0.0005
2025-11-13 11:00:00,1763031608.0,0.0005
2025-11-13 12:00:00,1763035209.0,0.0005
2025-11-13 13:00:00,1763038808.0,0.0005
2025-11-13 14:00:00,1763042408.0,0.0005
2025-11-13 15:00:00,1763046009.0,0.0005
2025-11-13 16:00:00,1763049610.0,0.0005
2025-11-13 17:00:00,1763053212.0,0.0005
2025-11-13 18:00:00,1763056810.0,0.0005
2025-11-13 19:00:00,1763060423.0,0.0005
2025-11-13 20:00:00,1763064009.0,0.0005
2025-11-13 21:00:00,1763067609.0,0.0005
2025-11-13 22:00:00,1763071208.0,0.0005
2025-11-13 23:00:00,1763074809.0,0.0005
2025-11-14 00:00:00,1763078408.0,0.0005
2025-11-14 01:00:00,1763082007.0,0.0005
2025-11-14 02:00:00,1763085608.0,0.0005
2025-11-14 03:00:00,1763089209.0,0.0005
2025-11-14 04:00:00,1763092809.0,0.0005
2025-11-14 05:00:00,1763096408.0,0.0005
2025-11-14 06:00:00,1763100009.0,0.0005
2025-11-14 07:00:00,1763103609.0,0.0005
2025-11-14 08:00:00,1763107208.0,0.0005
2025-11-14 09:00:00,1763110808.0,0.0005
2025-11-14 10:00:00,1763114408.0,0.0005
2025-11-14 11:00:00,1763118009.0,0.0005
2025-11-14 12:00:00,1763121610.0,0.0005
2025-11-14 13:00:00,1763125221.0,0.0005
2025-11-14 14:00:00,1763128809.0,0.0005
2025-11-14 15:00:00,1763132408.0,0.0005
2025-11-14 16:00:00,1763136008.0,0.0005
2025-11-14 17:00:00,1763139609.0,0.0005
2025-11-14 18:00:00,1763143209.0,0.0005
2025-11-14 19:00:00,1763146809.0,0.0005
2025-11-14 20:00:00,1763150409.0,0.0005
2025-11-14 21:00:00,1763154021.0,0.0005
2025-11-14 22:00:00,1763157609.0,0.0005
2025-11-14 23:00:00,1763161208.0,0.0005
2025-11-15 00:00:00,1763164808.0,0.0005
2025-11-15 01:00:00,1763168408.0,0.0005
2025-11-15 02:00:00,1763172008.0,0.0005
2025-11-15 03:00:00,1763175609.0,0.0005
2025-11-15 04:00:00,1763179208.0,0.0005
2025-11-15 05:00:00,1763182808.0,0.0005
2025-11-15 06:00:00,1763186409.0,0.0005
2025-11-15 07:00:00,1763190009.0,0.0005
2025-11-15 08:00:00,1763193608.0,0.0005
2025-11-15 09:00:00,1763197209.0,0.0005
2025-11-15 10:00:00,1763200809.0,0.0005
2025-11-15 11:00:00,1763204408.0,0.0005
2025-11-15 12:00:00,1763208010.0,0.0005
2025-11-15 13:00:00,1763211609.0,0.0005
2025-11-15 14:00:00,1763215209.0,0.0005
2025-11-15 15:00:00,1763218809.0,0.0005
2025-11-15 16:00:00,1763222408.0,0.0005
2025-11-15 17:00:00,1763226009.0,0.0005
2025-11-15 18:00:00,1763229609.0,0.0005
2025-11-15 19:00:00,1763233211.0,0.0005
2025-11-15 20:00:00,1763236809.0,0.0005
2025-11-15 21:00:00,1763240409.0,0.0005
2025-11-15 22:00:00,1763244009.0,0.0005
2025-11-15 23:00:00,1763247608.0,0.0005
2025-11-16 00:00:00,1763251207.0,0.0005
2025-11-16 01:00:00,1763254818.0,0.0005
2025-11-16 02:00:00,1763258408.0,0.0005
2025-11-16 03:00:00,1763262008.0,0.0005
2025-11-16 04:00:00,1763265608.0,0.0005
2025-11-16 05:00:00,1763269208.0,0.0005
2025-11-16 06:00:00,1763272808.0,0.0005
2025-11-16 07:00:00,1763276408.0,0.0005
2025-11-16 08:00:00,1763280008.0,0.0005
2025-11-16 09:00:00,1763283608.0,0.0005
2025-11-16 10:00:00,1763287208.0,0.0005
2025-11-16 11:00:00,1763290808.0,0.0005
2025-11-16 12:00:00,1763294409.0,0.0005
2025-11-16 13:00:00,1763298008.0,0.0005
2025-11-16 14:00:00,1763301608.0,0.0005
2025-11-16 15:00:00,1763305209.0,0.0005
2025-11-16 16:00:00,1763308808.0,0.0005
2025-11-16 17:00:00,1763312409.0,0.0005
2025-11-16 18:00:00,1763316012.0,0.0005
2025-11-16 19:00:00,1763319608.0,0.0005
2025-11-16 20:00:00,1763323209.0,0.0005
2025-11-16 21:00:00,1763326810.0,0.0005
2025-11-16 22:00:00,1763330408.0,0.0005
2025-11-16 23:00:00,1763334008.0,0.0005
2025-11-17 00:00:00,1763337608.0,0.0005
2025-11-17 01:00:00,1763341207.0,0.001
2025-11-17 02:00:00,1763344808.0,0.001
2025-11-17 03:00:00,1763348408.0,0.001
2025-11-17 04:00:00,1763352008.0,0.001
2025-11-17 05:00:00,1763355608.0,0.0015
2025-11-17 06:00:00,1763359208.0,0.0015
2025-11-17 07:00:00,1763362809.0,0.0015
2025-11-17 08:00:00,1763366423.0,0.0015
2025-11-17 09:00:00,1763370026.0,0.0015
2025-11-17 10:00:00,1763373612.0,0.0015
2025-11-17 11:00:00,1763377209.0,0.0015
2025-11-17 12:00:00,1763380808.0,0.0015
2025-11-17 13:00:00,1763384409.0,0.0015
2025-11-17 14:00:00,1763388007.0,0.0015
2025-11-17 15:00:00,1763391624.0,0.0015
2025-11-17 16:00:00,1763395207.0,0.0015
2025-11-17 17:00:00,1763398809.0,0.0015
2025-11-17 18:00:00,1763402409.0,0.0005
2025-11-17 19:00:00,1763406010.0,0.0005
2025-11-17 20:00:00,1763409609.0,0.0005
2025-11-17 21:00:00,1763413209.0,0.0005
2025-11-17 22:00:00,1763416811.0,0.0005
2025-11-17 23:00:00,1763420411.0,0.0005
2025-11-18 00:00:00,1763424007.0,0.0005
2025-11-18 01:00:00,1763427607.0,0.0005
2025-11-18 02:00:00,1763431207.0,0.0005
2025-11-18 03:00:00,1763434808.0,0.0005
2025-11-18 04:00:00,1763438408.0,0.0005
2025-11-18 05:00:00,1763442008.0,0.0005
2025-11-18 06:00:00,1763445608.0,0.0005
2025-11-18 07:00:00,1763449209.0,0.0005
2025-11-18 08:00:00,1763452808.0,0.0005
2025-11-18 09:00:00,1763456408.0,0.0005
2025-11-18 10:00:00,1763460008.0,0.0005
2025-11-18 11:00:00,1763463606.0,0.0005
2025-11-18 12:00:00,1763467209.0,0.0005
2025-11-18 13:00:00,1763470810.0,0.0005
2025-11-18 14:00:00,1763474408.0,0.0005
2025-11-18 15:00:00,1763478008.0,0.0005
2025-11-18 16:00:00,1763481609.0,0.0005
2025-11-18 17:00:00,1763485209.0,0.0005
2025-11-18 18:00:00,1763488808.0,0.0005
2025-11-18 19:00:00,1763492409.0,0.0005
2025-11-18 20:00:00,1763496009.0,0.0005
2025-11-18 21:00:00,1763499611.0,0.0005
2025-11-18 22:00:00,1763503209.0,0.0005
2025-11-18 23:00:00,1763506824.0,0.0005
2025-11-19 00:00:00,1763510409.0,0.0005
2025-11-19 01:00:00,1763514010.0,0.0005
2025-11-19 02:00:00,1763517610.0,0.0005
2025-11-19 03:00:00,1763521209.0,0.0005
2025-11-19 04:00:00,1763524809.0,0.0005
2025-11-19 05:00:00,1763528409.0,0.0005
2025-11-19 06:00:00,1763532009.0,0.0005
2025-11-19 07:00:00,1763535608.0,0.0005
2025-11-19 08:00:00,1763539209.0,0.0005
2025-11-19 09:00:00,1763542809.0,0.0005
2025-11-19 10:00:00,1763546409.0,0.0005
2025-11-19 11:00:00,1763550009.0,0.0005
2025-11-19 12:00:00,1763553610.0,0.0005
2025-11-19 13:00:00,1763557208.0,0.0005
2025-11-19 14:00:00,1763560821.0,0.0005
2025-11-19 15:00:00,1763564409.0,0.001
2025-11-19 16:00:00,1763568021.0,0.001
2025-11-19 17:00:00,1763571609.0,0.001
2025-11-19 18:00:00,1763575216.0,0.001
2025-11-19 19:00:00,1763578810.0,0.0015
2025-11-19 20:00:00,1763582409.0,0.0015
2025-11-19 21:00:00,1763586009.0,0.0015
2025-11-19 22:00:00,1763589609.0,0.0015
2025-11-19 23:00:00,1763593224.0,0.0015
2025-11-20 00:00:00,1763596807.0,0.0015
2025-11-20 01:00:00,1763600408.0,0.0015
2025-11-20 02:00:00,1763604008.0,0.0015
2025-11-20 03:00:00,1763607608.0,0.0015
2025-11-20 04:00:00,1763611209.0,0.0015
2025-11-20 05:00:00,1763614809.0,0.0015
2025-11-20 06:00:00,1763618410.0,0.0015
2025-11-20 07:00:00,1763622016.0,0.0015
2025-11-20 08:00:00,1763625609.0,0.0015
2025-11-20 09:00:00,1763629209.0,0.0015
2025-11-20 10:00:00,1763632807.0,0.0015
2025-11-20 11:00:00,1763636408.0,0.0015
2025-11-20 12:00:00,1763640007.0,0.0015
2025-11-20 13:00:00,1763643606.0,0.0015
2025-11-20 14:00:00,1763647206.0,0.001
2025-11-20 15:00:00,1763650807.0,0.001
2025-11-20 16:00:00,1763654406.0,0.001
2025-11-20 17:00:00,1763658008.0,0.001
2025-11-20 18:00:00,1763661608.0,0.001
2025-11-20 19:00:00,1763665206.0,0.001
2025-11-20 20:00:00,1763668808.0,0.001
2025-11-20 21:00:00,1763672408.0,0.001
2025-11-20 22:00:00,1763676022.0,0.001
2025-11-20 23:00:00,1763679608.0,0.001
2025-11-21 00:00:00,1763683209.0,0.001
2025-11-21 01:00:00,1763686806.0,0.001
2025-11-21 02:00:00,1763690406.0,0.001
2025-11-21 03:00:00,1763694007.0,0.001
2025-11-21 04:00:00,1763697620.0,0.001
2025-11-21 05:00:00,1763701213.0,0.001
2025-11-21 06:00:00,1763704807.0,0.001
2025-11-21 07:00:00,1763708407.0,0.001
2025-11-21 08:00:00,1763712007.0,0.001
2025-11-21 09:00:00,1763715607.0,0.0015
2025-11-21 10:00:00,1763719206.0,0.0015
2025-11-21 11:00:00,1763722807.0,0.0015
2025-11-21 12:00:00,1763726408.0,0.0015
2025-11-21 13:00:00,1763730020.0,0.0015
2025-11-21 14:00:00,1763733607.0,0.0015
2025-11-21 15:00:00,1763737207.0,0.0015
2025-11-21 16:00:00,1763740808.0,0.0015
2025-11-21 17:00:00,1763744410.0,0.0015
2025-11-21 18:00:00,1763748007.0,0.0015
2025-11-21 19:00:00,1763751607.0,0.0015
2025-11-21 20:00:00,1763755208.0,0.0015
2025-11-21 21:00:00,1763758807.0,0.0015
2025-11-21 22:00:00,1763762407.0,0.0015
2025-11-21 23:00:00,1763766013.0,0.0015
2025-11-22 00:00:00,1763769608.0,0.0015
2025-11-22 01:00:00,1763773206.0,0.0015
2025-11-22 02:00:00,1763776806.0,0.0015
2025-11-22 03:00:00,1763780407.0,0.0015
2025-11-22 04:00:00,1763784023.0,0.0015
2025-11-22 05:00:00,1763787614.0,0.0015
2025-11-22 06:00:00,1763791211.0,0.0015
2025-11-22 07:00:00,1763794806.0,0.0015
2025-11-22 08:00:00,1763798406.0,0.0015
2025-11-22 09:00:00,1763802008.0,0.0015
2025-11-22 10:00:00,1763805607.0,0.0015
2025-11-22 11:00:00,1763809208.0,0.0015
2025-11-22 12:00:00,1763812808.0,0.0015
2025-11-22 13:00:00,1763816420.0,0.0015
2025-11-22 14:00:00,1763820007.0,0.0015
2025-11-22 15:00:00,1763823607.0,0.0015
2025-11-22 16:00:00,1763827207.0,0.0015
2025-11-22 17:00:00,1763830811.0,0.0015
2025-11-22 18:00:00,1763834406.0,0.0015
2025-11-22 19:00:00,1763838006.0,0.0015
2025-11-22 20:00:00,1763841607.0,0.0015
2025-11-22 21:00:00,1763845208.0,0.0015
2025-11-22 22:00:00,1763848806.0,0.0015
2025-11-22 23:00:00,1763852407.0,0.0015
2025-11-23 00:00:00,1763856008.0,0.0015
2025-11-23 01:00:00,1763859620.0,0.0015
2025-11-23 02:00:00,1763863207.0,0.0015
2025-11-23 03:00:00,1763866808.0,0.0015
2025-11-23 04:00:00,1763870406.0,0.0015
2025-11-23 05:00:00,1763874006.0,0.0015
2025-11-23 06:00:00,1763877608.0,0.0015
2025-11-23 07:00:00,1763881206.0,0.0015
2025-11-23 08:00:00,1763884806.0,0.0015
2025-11-23 09:00:00,1763888407.0,0.0015
2025-11-23 10:00:00,1763892006.0,0.0015
2025-11-23 11:00:00,1763895607.0,0.0015
2025-11-23 12:00:00,1763899207.0,0.0015
2025-11-23 13:00:00,1763902806.0,0.0015
2025-11-23 14:00:00,1763906407.0,0.0015
2025-11-23 15:00:00,1763910006.0,0.0015
2025-11-23 16:00:00,1763913606.0,0.0015
2025-11-23 17:00:00,1763917215.0,0.0015
2025-11-23 18:00:00,1763920808.0,0.0015
2025-11-23 19:00:00,1763924406.0,0.001
2025-11-23 20:00:00,1763928007.0,0.001
2025-11-23 21:00:00,1763931623.0,0.001
2025-11-23 22:00:00,1763935206.0,0.001
2025-11-23 23:00:00,1763938806.0,0.001
2025-11-24 00:00:00,1763942410.0,0.0005
2025-11-24 01:00:00,1763946006.0,0.0005
2025-11-24 02:00:00,1763949606.0,0.0005
2025-11-24 03:00:00,1763953206.0,0.0005
2025-11-24 04:00:00,1763956805.0,0.0005
2025-11-24 05:00:00,1763960406.0,0.0005
2025-11-24 06:00:00,1763964008.0,0.0005
2025-11-24 07:00:00,1763967606.0,0.0005
2025-11-24 08:00:00,1763971205.0,0.0005
2025-11-24 09:00:00,1763974806.0,0.0005
2025-11-24 10:00:00,1763978405.0,0.0005
2025-11-24 11:00:00,1763982005.0,0.0005
2025-11-24 12:00:00,1763985606.0,0.0005
2025-11-24 13:00:00,1763989206.0,0.0005
2025-11-24 14:00:00,1763992807.0,0.0005
2025-11-24 15:00:00,1763996406.0,0.0005
2025-11-24 16:00:00,1764000006.0,0.0005
2025-11-24 17:00:00,1764003608.0,0.0005
2025-11-24 18:00:00,1764007207.0,0.0005
2025-11-24 19:00:00,1764010807.0,0.0005
2025-11-24 20:00:00,1764014407.0,0.0005
2025-11-24 21:00:00,1764018009.0,0.0005
2025-11-24 22:00:00,1764021609.0,0.0005
2025-11-24 23:00:00,1764025209.0,0.0005
2025-11-25 00:00:00,1764028809.0,0.0005
2025-11-25 01:00:00,1764032409.0,0.0005
2025-11-25 02:00:00,1764036008.0,0.0005
2025-11-25 03:00:00,1764039609.0,0.0005
2025-11-25 04:00:00,1764043210.0,0.0005
2025-11-25 05:00:00,1764046809.0,0.0005
2025-11-25 06:00:00,1764050409.0,0.0005
2025-11-25 07:00:00,1764054008.0,0.0005
2025-11-25 08:00:00,1764057609.0,0.0005
2025-11-25 09:00:00,1764061209.0,0.0005
2025-11-25 10:00:00,1764064809.0,0.0005
2025-11-25 11:00:00,1764068410.0,0.0005
2025-11-25 12:00:00,1764072011.0,0.0005
2025-11-25 13:00:00,1764075610.0,0.0005
2025-11-25 14:00:00,1764079209.0,0.0005
2025-11-25 15:00:00,1764082810.0,0.0005
2025-11-25 16:00:00,1764086409.0,0.0005
2025-11-25 17:00:00,1764090010.0,0.0005
2025-11-25 18:00:00,1764093610.0,0.001
2025-11-25 19:00:00,1764097209.0,0.0005
2025-11-25 20:00:00,1764100810.0,0.0005
2025-11-25 21:00:00,1764104411.0,0.0005
2025-11-25 22:00:00,1764108010.0,0.0005
2025-11-25 23:00:00,1764111610.0,0.0005
2025-11-26 00:00:00,1764115209.0,0.0005
2025-11-26 01:00:00,1764118808.0,0.0005
2025-11-26 02:00:00,1764122409.0,0.0005
2025-11-26 03:00:00,1764126010.0,0.0005
2025-11-26 04:00:00,1764129609.0,0.0005
2025-11-26 05:00:00,1764133210.0,0.0005
2025-11-26 06:00:00,1764136822.0,0.0005
2025-11-26 07:00:00,1764140410.0,0.0005
2025-11-26 08:00:00,1764144013.0,0.0005
2025-11-26 09:00:00,1764147609.0,0.0005
2025-11-26 10:00:00,1764151210.0,0.0005
2025-11-26 11:00:00,1764154810.0,0.0005
2025-11-26 12:00:00,1764158424.0,0.0005
2025-11-26 13:00:00,1764162009.0,0.0005
2025-11-26 14:00:00,1764165610.0,0.0005
2025-11-26 15:00:00,1764169209.0,0.0005
2025-11-26 16:00:00,1764172809.0,0.0005
2025-11-26 17:00:00,1764176411.0,0.0005
2025-11-26 18:00:00,1764180010.0,0.0005
2025-11-26 19:00:00,1764183611.0,0.0005
2025-11-26 20:00:00,1764187210.0,0.0005
2025-11-26 21:00:00,1764190811.0,0.0005
2025-11-26 22:00:00,1764194410.0,0.0005
2025-11-26 23:00:00,1764198010.0,0.0005
2025-11-27 00:00:00,1764201609.0,0.0005
2025-11-27 01:00:00,1764205220.0,0.0005
2025-11-27 02:00:00,1764208810.0,0.0005
2025-11-27 03:00:00,1764212410.0,0.0005
2025-11-27 04:00:00,1764216010.0,0.0005
2025-11-27 05:00:00,1764219610.0,0.0005
2025-11-27 06:00:00,1764223211.0,0.0005
2025-11-27 07:00:00,1764226810.0,0.0005
2025-11-27 08:00:00,1764230410.0,0.0005
2025-11-27 09:00:00,1764234010.0,0.0005
2025-11-27 10:00:00,1764237611.0,0.0005
2025-11-27 11:00:00,1764241210.0,0.0005
2025-11-27 12:00:00,1764244812.0,0.0005
2025-11-27 13:00:00,1764248409.0,0.0005
2025-11-27 14:00:00,1764252010.0,0.0005
2025-11-27 15:00:00,1764255610.0,0.0005
2025-11-27 16:00:00,1764259210.0,0.0005
2025-11-27 17:00:00,1764262811.0,0.0005
2025-11-27 18:00:00,1764266410.0,0.0005
2025-11-27 19:00:00,1764270010.0,0.0005
2025-11-27 20:00:00,1764273611.0,0.0005
2025-11-27 21:00:00,1764277211.0,0.0005
2025-11-27 22:00:00,1764280810.0,0.0005
2025-11-27 23:00:00,1764284411.0,0.0005
2025-11-28 00:00:00,1764288009.0,0.0005
2025-11-28 01:00:00,1764291610.0,0.0005
2025-11-28 02:00:00,1764295210.0,0.0005
2025-11-28 03:00:00,1764298810.0,0.0005
2025-11-28 04:00:00,1764302410.0,0.0005
2025-11-28 05:00:00,1764306010.0,0.0005
2025-11-28 06:00:00,1764309610.0,0.0005
2025-11-28 07:00:00,1764313210.0,0.0005
2025-11-28 08:00:00,1764316810.0,0.0005
2025-11-28 09:00:00,1764320411.0,0.0005
2025-11-28 10:00:00,1764324010.0,0.0005
2025-11-28 11:00:00,1764327609.0,0.0005
2025-11-28 12:00:00,1764331212.0,0.0005
2025-11-28 13:00:00,1764334810.0,0.0005
2025-11-28 14:00:00,1764338411.0,0.0005
2025-11-28 15:00:00,1764342011.0,0.0005
2025-11-28 16:00:00,1764345624.0,0.0005
2025-11-28 17:00:00,1764349212.0,0.0005
2025-11-28 18:00:00,1764352810.0,0.0005
2025-11-28 19:00:00,1764356411.0,0.0005
2025-11-28 20:00:00,1764360010.0,0.0005
2025-11-28 21:00:00,1764363613.0,0.0005
2025-11-28 22:00:00,1764367213.0,0.0005
2025-11-28 23:00:00,1764370810.0,0.0005
2025-11-29 00:00:00,1764374411.0,0.0005
2025-11-29 01:00:00,1764378010.0,0.0005
2025-11-29 02:00:00,1764381611.0,0.0005
2025-11-29 03:00:00,1764385208.0,0.0005
2025-11-29 04:00:00,1764388810.0,0.0005
2025-11-29 05:00:00,1764392410.0,0.0005
2025-11-29 06:00:00,1764396010.0,0.0005
2025-11-29 07:00:00,1764399611.0,0.0005
2025-11-29 08:00:00,1764403210.0,0.0005
2025-11-29 09:00:00,1764406810.0,0.0005
2025-11-29 10:00:00,1764410425.0,0.0005
2025-11-29 11:00:00,1764414010.0,0.0005
2025-11-29 12:00:00,1764417612.0,0.0005
2025-11-29 13:00:00,1764421210.0,0.0005
2025-11-29 14:00:00,1764424810.0,0.0005
2025-11-29 15:00:00,1764428411.0,0.0005
2025-11-29 16:00:00,1764432010.0,0.0005
2025-11-29 17:00:00,1764435611.0,0.0005
2025-11-29 18:00:00,1764439211.0,0.0005
2025-11-29 19:00:00,1764442811.0,0.0005
2025-11-29 20:00:00,1764446410.0,0.0005
2025-11-29 21:00:00,1764450012.0,0.0005
2025-11-29 22:00:00,1764453608.0,0.0005
2025-11-29 23:00:00,1764457210.0,0.0005
2025-11-30 00:00:00,1764460809.0,0.0005
2025-11-30 01:00:00,1764464410.0,0.0005
2025-11-30 02:00:00,1764468010.0,0.0005
2025-11-30 03:00:00,1764471610.0,0.0005
2025-11-30 04:00:00,1764475211.0,0.0005
2025-11-30 05:00:00,1764478809.0,0.0005
2025-11-30 06:00:00,1764482409.0,0.0005
2025-11-30 07:00:00,1764486011.0,0.0005
2025-11-30 08:00:00,1764489607.0,0.0005
2025-11-30 09:00:00,1764493211.0,0.0005
2025-11-30 10:00:00,1764496824.0,0.0005
2025-11-30 11:00:00,1764500409.0,0.0005
2025-11-30 12:00:00,1764504037.0,0.0005
2025-11-30 13:00:00,1764507606.0,0.0005
2025-11-30 14:00:00,1764511211.0,0.0005
2025-11-30 15:00:00,1764514822.0,0.0005
2025-11-30 16:00:00,1764518422.0,0.0005
2025-11-30 17:00:00,1764522009.0,0.0005
2025-11-30 18:00:00,1764525611.0,0.0005
2025-11-30 19:00:00,1764529211.0,0.0005
2025-11-30 20:00:00,1764532811.0,0.0005
2025-11-30 21:00:00,1764536411.0,0.0005
2025-11-30 22:00:00,1764540011.0,0.0005
2025-11-30 23:00:00,1764543615.0,0.0005
2025-12-01 00:00:00,1764547209.0,0.0005
2025-12-01 01:00:00,1764550810.0,0.0005
2025-12-01 02:00:00,1764554408.0,0.0005
2025-12-01 03:00:00,1764558021.0,0.0005
2025-12-01 04:00:00,1764561610.0,0.0005
2025-12-01 05:00:00,1764565210.0,0.0005
2025-12-01 06:00:00,1764568809.0,0.0005
2025-12-01 07:00:00,1764572409.0,0.0005
2025-12-01 08:00:00,1764576008.0,0.0005
2025-12-01 09:00:00,1764579622.0,0.0005
2025-12-01 10:00:00,1764583222.0,0.0005
2025-12-01 11:00:00,1764586809.0,0.0005
2025-12-01 12:00:00,1764590421.0,0.0005
2025-12-01 13:00:00,1764594009.0,0.0005
2025-12-01 14:00:00,1764597609.0,0.0005
2025-12-01 15:00:00,1764601222.0,0.0005
2025-12-01 16:00:00,1764604821.0,0.0005
2025-12-01 17:00:00,1764608409.0,0.0005
2025-12-01 18:00:00,1764612022.0,0.0005
2025-12-01 19:00:00,1764615609.0,0.0005
2025-12-01 20:00:00,1764619209.0,0.0005
2025-12-01 21:00:00,1764622809.0,0.0005
2025-12-01 22:00:00,1764626409.0,0.0005
2025-12-01 23:00:00,1764630009.0,0.0005
2025-12-02 00:00:00,1764633607.0,0.0005
2025-12-02 01:00:00,1764637208.0,0.0005
2025-12-02 02:00:00,1764640808.0,0.0005
2025-12-02 03:00:00,1764644409.0,0.0005
2025-12-02 04:00:00,1764648009.0,0.0005
2025-12-02 05:00:00,1764651608.0,0.0005
2025-12-02 06:00:00,1764655210.0,0.0005
2025-12-02 07:00:00,1764658810.0,0.0005
2025-12-02 08:00:00,1764662408.0,0.0005
2025-12-02 09:00:00,1764666010.0,0.0005
2025-12-02 10:00:00,1764669609.0,0.0005
2025-12-02 11:00:00,1764673209.0,0.0005
2025-12-02 12:00:00,1764676810.0,0.0005
2025-12-02 13:00:00,1764680408.0,0.0005
2025-12-02 14:00:00,1764684010.0,0.0005
2025-12-02 15:00:00,1764687609.0,0.0005
2025-12-02 16:00:00,1764691206.0,0.0005
2025-12-02 17:00:00,1764694810.0,0.0005
2025-12-02 18:00:00,1764698410.0,0.0005
2025-12-02 19:00:00,1764702010.0,0.0005
2025-12-02 20:00:00,1764705610.0,0.0005
2025-12-02 21:00:00,1764709211.0,0.0005
2025-12-02 22:00:00,1764712809.0,0.0005
2025-12-02 23:00:00,1764716410.0,0.0005
2025-12-03 00:00:00,1764720010.0,0.0005
2025-12-03 01:00:00,1764723609.0,0.0005
2025-12-03 02:00:00,1764727209.0,0.0005
2025-12-03 03:00:00,1764730810.0,0.0005
2025-12-03 04:00:00,1764734411.0,0.0005
2025-12-03 05:00:00,1764738010.0,0.0005
2025-12-03 06:00:00,1764741611.0,0.0005
2025-12-03 07:00:00,1764745211.0,0.0005
2025-12-03 08:00:00,1764748810.0,0.0005
2025-12-03 09:00:00,1764752410.0,0.0005
2025-12-03 10:00:00,1764756010.0,0.0005
2025-12-03 11:00:00,1764759611.0,0.0005
2025-12-03 12:00:00,1764763212.0,0.0005
2025-12-03 13:00:00,1764766809.0,0.0005
2025-12-03 14:00:00,1764770410.0,0.0005
2025-12-03 15:00:00,1764774008.0,0.0005
2025-12-03 16:00:00,1764777610.0,0.0005
2025-12-03 17:00:00,1764781211.0,0.0005
2025-12-03 18:00:00,1764784811.0,0.0005
2025-12-03 19:00:00,1764788410.0,0.0005
2025-12-03 20:00:00,1764792010.0,0.0005
2025-12-03 21:00:00,1764795612.0,0.0005
2025-12-03 22:00:00,1764799211.0,0.0005
2025-12-03 23:00:00,1764802811.0,0.0005
2025-12-04 00:00:00,1764806409.0,0.0005
2025-12-04 01:00:00,1764810009.0,0.0005
2025-12-04 02:00:00,1764813609.0,0.0005
2025-12-04 03:00:00,1764817210.0,0.0005
2025-12-04 04:00:00,1764820811.0,0.0015
2025-12-04 05:00:00,1764824409.0,0.0005
2025-12-04 06:00:00,1764828010.0,0.0005
2025-12-04 07:00:00,1764831609.0,0.0005
2025-12-04 08:00:00,1764835208.0,0.0005
2025-12-04 09:00:00,1764838815.0,0.0005
2025-12-04 10:00:00,1764842409.0,0.0005
2025-12-04 11:00:00,1764846010.0,0.0005
2025-12-04 12:00:00,1764849613.0,0.0005
2025-12-04 13:00:00,1764853209.0,0.0005
2025-12-04 14:00:00,1764856810.0,0.0005
2025-12-04 15:00:00,1764860409.0,0.0005
2025-12-04 16:00:00,1764864007.0,0.0005
2025-12-04 17:00:00,1764867608.0,0.0005
2025-12-04 18:00:00,1764871208.0,0.0005
2025-12-04 19:00:00,1764874807.0,0.0005
2025-12-04 20:00:00,1764878407.0,0.0005
2025-12-04 21:00:00,1764882007.0,0.0005
2025-12-04 22:00:00,1764885606.0,0.0005
2025-12-04 23:00:00,1764889207.0,0.0005
2025-12-05 00:00:00,1764892809.0,0.0005
2025-12-05 01:00:00,1764896407.0,0.0005
2025-12-05 02:00:00,1764900007.0,0.0005
2025-12-05 03:00:00,1764903608.0,0.0005
2025-12-05 04:00:00,1764907208.0,0.0005
2025-12-05 05:00:00,1764910807.0,0.0005
2025-12-05 06:00:00,1764914408.0,0.0005
2025-12-05 07:00:00,1764918007.0,0.0005
2025-12-05 08:00:00,1764921607.0,0.0005
2025-12-05 09:00:00,1764925208.0,0.0005
2025-12-05 10:00:00,1764928807.0,0.0005
2025-12-05 11:00:00,1764932407.0,0.0005
2025-12-05 12:00:00,1764936009.0,0.0005
2025-12-05 13:00:00,1764939607.0,0.0005
2025-12-05 14:00:00,1764943208.0,0.0005
2025-12-05 15:00:00,1764946809.0,0.0005
2025-12-05 16:00:00,1764950407.0,0.0005
2025-12-05 17:00:00,1764954008.0,0.0005
2025-12-05 18:00:00,1764957607.0,0.0005
2025-12-05 19:00:00,1764961210.0,0.0005
2025-12-05 20:00:00,1764964808.0,0.0005
2025-12-05 21:00:00,1764968408.0,0.0005
2025-12-05 22:00:00,1764972008.0,0.0005
2025-12-05 23:00:00,1764975607.0,0.0005
2025-12-06 00:00:00,1764979210.0,0.0005
2025-12-06 01:00:00,1764982808.0,0.0005
2025-12-06 02:00:00,1764986408.0,0.0005
2025-12-06 03:00:00,1764990008.0,0.0005
2025-12-06 04:00:00,1764993608.0,0.0005
2025-12-06 05:00:00,1764997208.0,0.0005
2025-12-06 06:00:00,1765000808.0,0.0005
2025-12-06 07:00:00,1765004411.0,0.0005
2025-12-06 08:00:00,1765008008.0,0.0005
2025-12-06 09:00:00,1765011609.0,0.0005
2025-12-06 10:00:00,1765015208.0,0.0005
2025-12-06 11:00:00,1765018809.0,0.0005
2025-12-06 12:00:00,1765022410.0,0.0005
2025-12-06 13:00:00,1765026008.0,0.0005
2025-12-06 14:00:00,1765029608.0,0.0005
2025-12-06 15:00:00,1765033208.0,0.0005
2025-12-06 16:00:00,1765036808.0,0.0005
2025-12-06 17:00:00,1765040410.0,0.0005
2025-12-06 18:00:00,1765044008.0,0.0005
2025-12-06 19:00:00,1765047608.0,0.0005
2025-12-06 20:00:00,1765051208.0,0.0005
2025-12-06 21:00:00,1765054809.0,0.0005
2025-12-06 22:00:00,1765058408.0,0.0005
2025-12-06 23:00:00,1765062007.0,0.0005
2025-12-07 00:00:00,1765065622.0,0.0005
2025-12-07 01:00:00,1765069208.0,0.0005
2025-12-07 02:00:00,1765072808.0,0.0005
2025-12-07 03:00:00,1765076409.0,0.0005
2025-12-07 04:00:00,1765080007.0,0.0005
2025-12-07 05:00:00,1765083607.0,0.0005
2025-12-07 06:00:00,1765087211.0,0.0005
2025-12-07 07:00:00,1765090808.0,0.0005
2025-12-07 08:00:00,1765094407.0,0.0005
2025-12-07 09:00:00,1765098007.0,0.0005
2025-12-07 10:00:00,1765101607.0,0.0005
2025-12-07 11:00:00,1765105207.0,0.0005
2025-12-07 12:00:00,1765108810.0,0.0005
2025-12-07 13:00:00,1765112407.0,0.0005
2025-12-07 14:00:00,1765116007.0,0.0005
2025-12-07 15:00:00,1765119607.0,0.0005
2025-12-07 16:00:00,1765123207.0,0.0005
2025-12-07 17:00:00,1765126808.0,0.0005
2025-12-07 18:00:00,1765130411.0,0.0005
2025-12-07 19:00:00,1765134008.0,0.0005
2025-12-07 20:00:00,1765137622.0,0.0005
2025-12-07 21:00:00,1765141209.0,0.0005
2025-12-07 22:00:00,1765144807.0,0.0005
2025-12-07 23:00:00,1765148407.0,0.0005
2025-12-08 00:00:00,1765152021.0,0.0005
2025-12-08 01:00:00,1765155621.0,0.0005
2025-12-08 02:00:00,1765159207.0,0.0005
2025-12-08 03:00:00,1765162807.0,0.0005
2025-12-08 04:00:00,1765166407.0,0.0005
2025-12-08 05:00:00,1765170006.0,0.0005
2025-12-08 06:00:00,1765173607.0,0.0005
2025-12-08 07:00:00,1765177207.0,0.0005
2025-12-08 08:00:00,1765180806.0,0.0005
2025-12-08 09:00:00,1765184407.0,0.0005
2025-12-08 10:00:00,1765188006.0,0.0005
2025-12-08 11:00:00,1765191606.0,0.0005
2025-12-08 12:00:00,1765195222.0,0.0005
2025-12-08 13:00:00,1765198808.0,0.0005
2025-12-08 14:00:00,1765202406.0,0.0005
2025-12-08 15:00:00,1765206007.0,0.0005
2025-12-08 16:00:00,1765209621.0,0.0005
2025-12-08 17:00:00,1765213207.0,0.0005
2025-12-08 18:00:00,1765216806.0,0.0005
2025-12-08 19:00:00,1765220407.0,0.0005
2025-12-08 20:00:00,1765224007.0,0.0005
2025-12-08 21:00:00,1765227622.0,0.0005
2025-12-08 22:00:00,1765231206.0,0.0005
2025-12-08 23:00:00,1765234808.0,0.0005
2025-12-09 00:00:00,1765238420.0,0.0005
2025-12-09 01:00:00,1765242008.0,0.0005
2025-12-09 02:00:00,1765245609.0,0.0005
2025-12-09 03:00:00,1765249207.0,0.0005
2025-12-09 04:00:00,1765252807.0,0.0005
2025-12-09 05:00:00,1765256407.0,0.0005
2025-12-09 06:00:00,1765260009.0,0.0005
2025-12-09 07:00:00,1765263608.0,0.0005
2025-12-09 08:00:00,1765267209.0,0.0005
2025-12-09 09:00:00,1765270808.0,0.0005
2025-12-09 10:00:00,1765274407.0,0.0005
2025-12-09 11:00:00,1765278009.0,0.0005
2025-12-09 12:00:00,1765281609.0,0.0005
2025-12-09 13:00:00,1765285209.0,0.0005
2025-12-09 14:00:00,1765288822.0,0.0005
2025-12-09 15:00:00,1765292410.0,0.0005
2025-12-09 16:00:00,1765296007.0,0.0005
2025-12-09 17:00:00,1765299608.0,0.0005
2025-12-09 18:00:00,1765303207.0,0.0005
2025-12-09 19:00:00,1765306807.0,0.0005
2025-12-09 20:00:00,1765310409.0,0.0005
2025-12-09 21:00:00,1765314008.0,0.0005
2025-12-09 22:00:00,1765317608.0,0.0005
2025-12-09 23:00:00,1765321209.0,0.0005
2025-12-10 00:00:00,1765324809.0,0.0005
2025-12-10 01:00:00,1765328419.0,0.0005
2025-12-10 02:00:00,1765332006.0,0.0005
2025-12-10 03:00:00,1765335607.0,0.0005
2025-12-10 04:00:00,1765339207.0,0.0005
2025-12-10 05:00:00,1765342809.0,0.0005
2025-12-10 06:00:00,1765346408.0,0.0005
2025-12-10 07:00:00,1765350007.0,0.0005
2025-12-10 08:00:00,1765353608.0,0.0005
2025-12-10 09:00:00,1765357221.0,0.0005
2025-12-10 10:00:00,1765360806.0,0.0005
2025-12-10 11:00:00,1765364407.0,0.0005
2025-12-10 12:00:00,1765368011.0,0.0005
2025-12-10 13:00:00,1765371607.0,0.0005
2025-12-10 14:00:00,1765375206.0,0.0005
2025-12-10 15:00:00,1765378809.0,0.0005
2025-12-10 16:00:00,1765382407.0,0.0005
2025-12-10 17:00:00,1765386008.0,0.0005
2025-12-10 18:00:00,1765389607.0,0.0005
2025-12-10 19:00:00,1765393206.0,0.0005
2025-12-10 20:00:00,1765396806.0,0.0005
2025-12-10 21:00:00,1765400407.0,0.0005
2025-12-10 22:00:00,1765404006.0,0.0005
2025-12-10 23:00:00,1765407607.0,0.0005
2025-12-11 00:00:00,1765411209.0,0.0005
2025-12-11 01:00:00,1765414809.0,0.0005
2025-12-11 02:00:00,1765418419.0,0.0005
2025-12-11 03:00:00,1765422008.0,0.0005
2025-12-11 04:00:00,1765425623.0,0.0005
2025-12-11 05:00:00,1765429210.0,0.0005
2025-12-11 06:00:00,1765432807.0,0.0005
2025-12-11 07:00:00,1765436407.0,0.0005
2025-12-11 08:00:00,1765440008.0,0.0005
2025-12-11 09:00:00,1765443608.0,0.0005
2025-12-11 10:00:00,1765447207.0,0.0005
2025-12-11 11:00:00,1765450811.0,0.0005
2025-12-11 12:00:00,1765454409.0,0.0005
2025-12-11 13:00:00,1765458007.0,0.0005
2025-12-11 14:00:00,1765461607.0,0.0005
2025-12-11 15:00:00,1765465208.0,0.0005
2025-12-11 16:00:00,1765468817.0,0.0005
2025-12-11 17:00:00,1765472408.0,0.0005
2025-12-11 18:00:00,1765476007.0,0.0005
2025-12-11 19:00:00,1765479619.0,0.0005
2025-12-11 20:00:00,1765483208.0,0.0005
2025-12-11 21:00:00,1765486808.0,0.0005
2025-12-11 22:00:00,1765490407.0,0.0005
2025-12-11 23:00:00,1765494009.0,0.0005
2025-12-12 00:00:00,1765497609.0,0.0005
2025-12-12 01:00:00,1765501207.0,0.0005
2025-12-12 02:00:00,1765504807.0,0.0005
2025-12-12 03:00:00,1765508409.0,0.0005
2025-12-12 04:00:00,1765512008.0,0.0005
2025-12-12 05:00:00,1765515620.0,0.0005
2025-12-12 06:00:00,1765519209.0,0.0005
2025-12-12 07:00:00,1765522808.0,0.0005
2025-12-12 08:00:00,1765526407.0,0.0005
2025-12-12 09:00:00,1765530008.0,0.0005
2025-12-12 10:00:00,1765533607.0,0.0005
2025-12-12 11:00:00,1765537208.0,0.0005
2025-12-12 12:00:00,1765540809.0,0.0005
2025-12-12 13:00:00,1765544407.0,0.0005
2025-12-12 14:00:00,1765548008.0,0.0005
2025-12-12 15:00:00,1765551608.0,0.0005
2025-12-12 16:00:00,1765555208.0,0.0005
2025-12-12 17:00:00,1765558811.0,0.0005
2025-12-12 18:00:00,1765562409.0,0.0005
2025-12-12 19:00:00,1765566008.0,0.0005
2025-12-12 20:00:00,1765569609.0,0.0005
2025-12-12 21:00:00,1765573209.0,0.0005
2025-12-12 22:00:00,1765576810.0,0.0005
2025-12-12 23:00:00,1765580408.0,0.0005
2025-12-13 00:00:00,1765584010.0,0.0005
2025-12-13 01:00:00,1765587608.0,0.0005
2025-12-13 02:00:00,1765591208.0,0.0005
2025-12-13 03:00:00,1765594809.0,0.0005
2025-12-13 04:00:00,1765598409.0,0.0005
2025-12-13 05:00:00,1765602007.0,0.0005
2025-12-13 06:00:00,1765605611.0,0.0005
2025-12-13 07:00:00,1765609208.0,0.0005
2025-12-13 08:00:00,1765612808.0,0.0005
2025-12-13 09:00:00,1765616409.0,0.0005
2025-12-13 10:00:00,1765620008.0,0.0005
2025-12-13 11:00:00,1765623608.0,0.0005
2025-12-13 12:00:00,1765627210.0,0.0005
2025-12-13 13:00:00,1765630808.0,0.0005
2025-12-13 14:00:00,1765634411.0,0.0005
2025-12-13 15:00:00,1765638009.0,0.0005
2025-12-13 16:00:00,1765641607.0,0.0005
2025-12-13 17:00:00,1765645209.0,0.0005
2025-12-13 18:00:00,1765648809.0,0.0005
2025-12-13 19:00:00,1765652408.0,0.0005
2025-12-13 20:00:00,1765656008.0,0.0005
2025-12-13 21:00:00,1765659609.0,0.0005
2025-12-13 22:00:00,1765663208.0,0.0005
2025-12-13 23:00:00,1765666808.0,0.0005
2025-12-14 00:00:00,1765670410.0,0.0005
2025-12-14 01:00:00,1765674008.0,0.0005
2025-12-14 02:00:00,1765677608.0,0.0005
2025-12-14 03:00:00,1765681209.0,0.0005
2025-12-14 04:00:00,1765684808.0,0.0005
2025-12-14 05:00:00,1765688408.0,0.0005
2025-12-14 06:00:00,1765692008.0,0.0005
2025-12-14 07:00:00,1765695607.0,0.0005
2025-12-14 08:00:00,1765699207.0,0.0005
2025-12-14 09:00:00,1765702809.0,0.0005
2025-12-14 10:00:00,1765706409.0,0.0005
2025-12-14 11:00:00,1765710007.0,0.0005
2025-12-14 12:00:00,1765713609.0,0.0005
2025-12-14 13:00:00,1765717207.0,0.0005
2025-12-14 14:00:00,1765720807.0,0.0005
2025-12-14 15:00:00,1765724408.0,0.0005
2025-12-14 16:00:00,1765728008.0,0.0005
2025-12-14 17:00:00,1765731609.0,0.0005
2025-12-14 18:00:00,1765735209.0,0.0005
2025-12-14 19:00:00,1765738808.0,0.0005
2025-12-14 20:00:00,1765742409.0,0.0005
2025-12-14 21:00:00,1765746009.0,0.0005
2025-12-14 22:00:00,1765749607.0,0.0005
2025-12-14 23:00:00,1765753207.0,0.0005
2025-12-15 00:00:00,1765756810.0,0.0005
2025-12-15 01:00:00,1765760407.0,0.0005
2025-12-15 02:00:00,1765764007.0,0.0005
2025-12-15 03:00:00,1765767608.0,0.0005
2025-12-15 04:00:00,1765771209.0,0.0005
2025-12-15 05:00:00,1765774807.0,0.0005
2025-12-15 06:00:00,1765778408.0,0.0005
2025-12-15 07:00:00,1765782007.0,0.0005
2025-12-15 08:00:00,1765785607.0,0.0005
2025-12-15 09:00:00,1765789209.0,0.0005
2025-12-15 10:00:00,1765792807.0,0.0005
2025-12-15 11:00:00,1765796410.0,0.0005
2025-12-15 12:00:00,1765800008.0,0.0005
2025-12-15 13:00:00,1765803619.0,0.0005
2025-12-15 14:00:00,1765807207.0,0.0005
2025-12-15 15:00:00,1765810808.0,0.0005
2025-12-15 16:00:00,1765814407.0,0.0005
2025-12-15 17:00:00,1765818008.0,0.0005
2025-12-15 18:00:00,1765821623.0,0.0005
2025-12-15 19:00:00,1765825207.0,0.0005
2025-12-15 20:00:00,1765828807.0,0.0005
2025-12-15 21:00:00,1765832407.0,0.0005
2025-12-15 22:00:00,1765836022.0,0.0005
2025-12-15 23:00:00,1765839607.0,0.0005
2025-12-16 00:00:00,1765843208.0,0.0005
2025-12-16 01:00:00,1765846808.0,0.0005
2025-12-16 02:00:00,1765850407.0,0.0005
2025-12-16 03:00:00,1765854007.0,0.0005
2025-12-16 04:00:00,1765857607.0,0.0005
2025-12-16 05:00:00,1765861207.0,0.0005
2025-12-16 06:00:00,1765864808.0,0.0005
2025-12-16 07:00:00,1765868414.0,0.0005
2025-12-16 08:00:00,1765872010.0,0.0005
2025-12-16 09:00:00,1765875607.0,0.0005
2025-12-16 10:00:00,1765879207.0,0.0005
2025-12-16 11:00:00,1765882807.0,0.0005
2025-12-16 12:00:00,1765886420.0,0.0005
2025-12-16 13:00:00,1765890007.0,0.0005
2025-12-16 14:00:00,1765893621.0,0.0005
2025-12-16 15:00:00,1765897207.0,0.0005
2025-12-16 16:00:00,1765900824.0,0.0005
2025-12-16 17:00:00,1765904408.0,0.0005
2025-12-16 18:00:00,1765908009.0,0.0005
2025-12-16 19:00:00,1765911607.0,0.0005
2025-12-16 20:00:00,1765915208.0,0.0005
2025-12-16 21:00:00,1765918808.0,0.0005
2025-12-16 22:00:00,1765922408.0,0.0005
2025-12-16 23:00:00,1765926009.0,0.0005
2025-12-17 00:00:00,1765929606.0,0.0005
2025-12-17 01:00:00,1765933208.0,0.0005
2025-12-17 02:00:00,1765936808.0,0.0005
2025-12-17 03:00:00,1765940421.0,0.0005
2025-12-17 04:00:00,1765944008.0,0.0005
2025-12-17 05:00:00,1765947608.0,0.0005
2025-12-17 06:00:00,1765951211.0,0.0005
2025-12-17 07:00:00,1765954809.0,0.0005
2025-12-17 08:00:00,1765958419.0,0.0005
2025-12-17 09:00:00,1765962009.0,0.0005
2025-12-17 10:00:00,1765965609.0,0.0005
2025-12-17 11:00:00,1765969208.0,0.0005
2025-12-17 12:00:00,1765972810.0,0.0005
2025-12-17 13:00:00,1765976408.0,0.0005
2025-12-17 14:00:00,1765980008.0,0.0005
2025-12-17 15:00:00,1765983610.0,0.0005
2025-12-17 16:00:00,1765987209.0,0.0005
2025-12-17 17:00:00,1765990808.0,0.0005
2025-12-17 18:00:00,1765994408.0,0.0005
2025-12-17 19:00:00,1765998010.0,0.0005
2025-12-17 20:00:00,1766001608.0,0.0005
2025-12-17 21:00:00,1766005209.0,0.0005
2025-12-17 22:00:00,1766008808.0,0.0005
2025-12-17 23:00:00,1766012408.0,0.0005
2025-12-18 00:00:00,1766016019.0,0.0005
2025-12-18 01:00:00,1766019608.0,0.0005
2025-12-18 02:00:00,1766023208.0,0.0005
2025-12-18 03:00:00,1766026808.0,0.0005
2025-12-18 04:00:00,1766030407.0,0.0005
2025-12-18 05:00:00,1766034010.0,0.0005
2025-12-18 06:00:00,1766037608.0,0.0005
2025-12-18 07:00:00,1766041208.0,0.0005
2025-12-18 08:00:00,1766044807.0,0.0005
2025-12-18 09:00:00,1766048408.0,0.0005
2025-12-18 10:00:00,1766052011.0,0.0005
2025-12-18 11:00:00,1766055608.0,0.0005
2025-12-18 12:00:00,1766059209.0,0.0005
2025-12-18 13:00:00,1766062809.0,0.0005
2025-12-18 14:00:00,1766066422.0,0.0005
2025-12-18 15:00:00,1766070008.0,0.0005
2025-12-18 16:00:00,1766073611.0,0.0005
2025-12-18 17:00:00,1766077210.0,0.0005
2025-12-18 18:00:00,1766080810.0,0.0005
2025-12-18 19:00:00,1766084412.0,0.0005
2025-12-18 20:00:00,1766088009.0,0.0005
2025-12-18 21:00:00,1766091609.0,0.0005
2025-12-18 22:00:00,1766095210.0,0.0005
2025-12-18 23:00:00,1766098808.0,0.0005
2025-12-19 00:00:00,1766102410.0,0.0005
2025-12-19 01:00:00,1766106008.0,0.0005
2025-12-19 02:00:00,1766109609.0,0.0005
2025-12-19 03:00:00,1766113209.0,0.0005
2025-12-19 04:00:00,1766116810.0,0.0005
2025-12-19 05:00:00,1766120409.0,0.0005
2025-12-19 06:00:00,1766124009.0,0.0005
2025-12-19 07:00:00,1766127609.0,0.0005
2025-12-19 08:00:00,1766131209.0,0.0005
2025-12-19 09:00:00,1766134810.0,0.0005
2025-12-19 10:00:00,1766138409.0,0.0005
2025-12-19 11:00:00,1766142009.0,0.0005
2025-12-19 12:00:00,1766145611.0,0.0005
2025-12-19 13:00:00,1766149209.0,0.0005
2025-12-19 14:00:00,1766152809.0,0.0005
2025-12-19 15:00:00,1766156424.0,0.0005
2025-12-19 16:00:00,1766160024.0,0.0005
2025-12-19 17:00:00,1766163610.0,0.0005
2025-12-19 18:00:00,1766167208.0,0.0005
2025-12-19 19:00:00,1766170808.0,0.0005
2025-12-19 20:00:00,1766174408.0,0.0005
2025-12-19 21:00:00,1766178008.0,0.0005
2025-12-19 22:00:00,1766181607.0,0.0005
2025-12-19 23:00:00,1766185208.0,0.0005
2025-12-20 00:00:00,1766188809.0,0.0005
2025-12-20 01:00:00,1766192409.0,0.0005
2025-12-20 02:00:00,1766196008.0,0.0005
2025-12-20 03:00:00,1766199619.0,0.0005
2025-12-20 04:00:00,1766203209.0,0.0005
2025-12-20 05:00:00,1766206809.0,0.0005
2025-12-20 06:00:00,1766210408.0,0.0005
2025-12-20 07:00:00,1766214009.0,0.0005
2025-12-20 08:00:00,1766217608.0,0.0005
2025-12-20 09:00:00,1766221208.0,0.0005
2025-12-20 10:00:00,1766224808.0,0.0005
2025-12-20 11:00:00,1766228409.0,0.0005
2025-12-20 12:00:00,1766232010.0,0.0005
2025-12-20 13:00:00,1766235608.0,0.0005
2025-12-20 14:00:00,1766239209.0,0.0005
2025-12-20 15:00:00,1766242809.0,0.0005
2025-12-20 16:00:00,1766246409.0,0.0005
2025-12-20 17:00:00,1766250010.0,0.0005
2025-12-20 18:00:00,1766253608.0,0.0005
2025-12-20 19:00:00,1766257210.0,0.0005
2025-12-20 20:00:00,1766260810.0,0.0005
2025-12-20 21:00:00,1766264410.0,0.0005
2025-12-20 22:00:00,1766268010.0,0.0005
2025-12-20 23:00:00,1766271612.0,0.0005
2025-12-21 00:00:00,1766275209.0,0.0005
2025-12-21 01:00:00,1766278808.0,0.0005
2025-12-21 02:00:00,1766282408.0,0.0005
2025-12-21 03:00:00,1766286011.0,0.0005
2025-12-21 04:00:00,1766289611.0,0.0005
2025-12-21 05:00:00,1766293207.0,0.0005
2025-12-21 06:00:00,1766296810.0,0.0005
2025-12-21 07:00:00,1766300407.0,0.0005
2025-12-21 08:00:00,1766304008.0,0.0005
2025-12-21 09:00:00,1766307608.0,0.0005
2025-12-21 10:00:00,1766311207.0,0.0005
2025-12-21 11:00:00,1766314808.0,0.0005
2025-12-21 12:00:00,1766318409.0,0.0005
2025-12-21 13:00:00,1766322008.0,0.0005
2025-12-21 14:00:00,1766325607.0,0.0005
2025-12-21 15:00:00,1766329209.0,0.0005
2025-12-21 16:00:00,1766332807.0,0.0005
2025-12-21 17:00:00,1766336410.0,0.0005
2025-12-21 18:00:00,1766340008.0,0.0005
2025-12-21 19:00:00,1766343608.0,0.0005
2025-12-21 20:00:00,1766347210.0,0.0005
2025-12-21 21:00:00,1766350809.0,0.0005
2025-12-21 22:00:00,1766354407.0,0.0005
2025-12-21 23:00:00,1766358008.0,0.0005
2025-12-22 00:00:00,1766361609.0,0.0005
2025-12-22 01:00:00,1766365208.0,0.0005
2025-12-22 02:00:00,1766368808.0,0.0005
2025-12-22 03:00:00,1766372408.0,0.0005
2025-12-22 04:00:00,1766376010.0,0.0005
2025-12-22 05:00:00,1766379607.0,0.0005
2025-12-22 06:00:00,1766383208.0,0.0005
2025-12-22 07:00:00,1766386808.0,0.0005
2025-12-22 08:00:00,1766390421.0,0.0005
2025-12-22 09:00:00,1766394021.0,0.0005
2025-12-22 10:00:00,1766397608.0,0.0005
2025-12-22 11:00:00,1766401208.0,0.0005
2025-12-22 12:00:00,1766404808.0,0.0005
2025-12-22 13:00:00,1766408407.0,0.0005
2025-12-22 14:00:00,1766412008.0,0.0005
2025-12-22 15:00:00,1766415609.0,0.0005
2025-12-22 16:00:00,1766419207.0,0.0005
2025-12-22 17:00:00,1766422809.0,0.0005
2025-12-22 18:00:00,1766426408.0,0.0005
2025-12-22 19:00:00,1766430008.0,0.0005
2025-12-22 20:00:00,1766433620.0,0.0005
2025-12-22 21:00:00,1766437208.0,0.0005
2025-12-22 22:00:00,1766440820.0,0.0005
2025-12-22 23:00:00,1766444408.0,0.0005
2025-12-23 00:00:00,1766448010.0,0.0005
2025-12-23 01:00:00,1766451608.0,0.0005
2025-12-23 02:00:00,1766455208.0,0.0005
2025-12-23 03:00:00,1766458809.0,0.0005
2025-12-23 04:00:00,1766462420.0,0.0005
2025-12-23 05:00:00,1766466023.0,0.0005
2025-12-23 06:00:00,1766469624.0,0.0005
2025-12-23 07:00:00,1766473209.0,0.0005
2025-12-23 08:00:00,1766476821.0,0.0005
2025-12-23 09:00:00,1766480408.0,0.0005
2025-12-23 10:00:00,1766484008.0,0.0005
2025-12-23 11:00:00,1766487608.0,0.0005
2025-12-23 12:00:00,1766491210.0,0.0005
2025-12-23 13:00:00,1766494808.0,0.0005
2025-12-23 14:00:00,1766498408.0,0.0005
2025-12-23 15:00:00,1766502009.0,0.0005
2025-12-23 16:00:00,1766505608.0,0.0005
2025-12-23 17:00:00,1766509224.0,0.0005
2025-12-23 18:00:00,1766512809.0,0.0005
2025-12-23 19:00:00,1766516408.0,0.0005
2025-12-23 20:00:00,1766520008.0,0.0005
2025-12-23 21:00:00,1766523608.0,0.0005
2025-12-23 22:00:00,1766527208.0,0.0005
2025-12-23 23:00:00,1766530808.0,0.0005
2025-12-24 00:00:00,1766534410.0,0.0005
2025-12-24 01:00:00,1766538009.0,0.0005
2025-12-24 02:00:00,1766541608.0,0.0005
2025-12-24 03:00:00,1766545209.0,0.0005
2025-12-24 04:00:00,1766548809.0,0.0005
2025-12-24 05:00:00,1766552409.0,0.0005
2025-12-24 06:00:00,1766556010.0,0.0005
2025-12-24 07:00:00,1766559608.0,0.0005
2025-12-24 08:00:00,1766563209.0,0.0005
2025-12-24 09:00:00,1766566810.0,0.0005
2025-12-24 10:00:00,1766570409.0,0.0005
2025-12-24 11:00:00,1766574010.0,0.0005
2025-12-24 12:00:00,1766577609.0,0.0005
2025-12-24 13:00:00,1766581208.0,0.0005
2025-12-24 14:00:00,1766584808.0,0.0005
2025-12-24 15:00:00,1766588409.0,0.0005
2025-12-24 16:00:00,1766592008.0,0.0005
2025-12-24 17:00:00,1766595609.0,0.0005
2025-12-24 18:00:00,1766599209.0,0.0005
2025-12-24 19:00:00,1766602809.0,0.0005
2025-12-24 20:00:00,1766606408.0,0.0005
2025-12-24 21:00:00,1766610009.0,0.0005
2025-12-24 22:00:00,1766613608.0,0.0005
2025-12-24 23:00:00,1766617208.0,0.0005
2025-12-25 00:00:00,1766620820.0,0.0005
2025-12-25 01:00:00,1766624408.0,0.0005
2025-12-25 02:00:00,1766628009.0,0.0005
2025-12-25 03:00:00,1766631609.0,0.0005
2025-12-25 04:00:00,1766635208.0,0.0005
2025-12-25 05:00:00,1766638809.0,0.0005
2025-12-25 06:00:00,1766642409.0,0.0005
2025-12-25 07:00:00,1766646009.0,0.0005
2025-12-25 08:00:00,1766649609.0,0.0005
2025-12-25 09:00:00,1766653209.0,0.0005
2025-12-25 10:00:00,1766656808.0,0.0005
2025-12-25 11:00:00,1766660408.0,0.0005
2025-12-25 12:00:00,1766664010.0,0.0005
2025-12-25 13:00:00,1766667609.0,0.0005
2025-12-25 14:00:00,1766671208.0,0.0005
2025-12-25 15:00:00,1766674809.0,0.0005
2025-12-25 16:00:00,1766678408.0,0.0005
2025-12-25 17:00:00,1766682010.0,0.0005
2025-12-25 18:00:00,1766685609.0,0.0005
2025-12-25 19:00:00,1766689208.0,0.0005
2025-12-25 20:00:00,1766692809.0,0.0005
2025-12-25 21:00:00,1766696409.0,0.0005
2025-12-25 22:00:00,1766700010.0,0.0005
2025-12-25 23:00:00,1766703608.0,0.0005
2025-12-26 00:00:00,1766707208.0,0.0005
2025-12-26 01:00:00,1766710807.0,0.0005
2025-12-26 02:00:00,1766714407.0,0.0005
2025-12-26 03:00:00,1766718008.0,0.0005
2025-12-26 04:00:00,1766721608.0,0.0005
2025-12-26 05:00:00,1766725209.0,0.0005
2025-12-26 06:00:00,1766728808.0,0.0005
2025-12-26 07:00:00,1766732407.0,0.0005
2025-12-26 08:00:00,1766736008.0,0.0005
2025-12-26 09:00:00,1766739608.0,0.0005
2025-12-26 10:00:00,1766743208.0,0.0005
2025-12-26 11:00:00,1766746808.0,0.0005
2025-12-26 12:00:00,1766750409.0,0.0005
2025-12-26 13:00:00,1766754008.0,0.0005
2025-12-26 14:00:00,1766757608.0,0.0005
2025-12-26 15:00:00,1766761209.0,0.0005
2025-12-26 16:00:00,1766764808.0,0.0005
2025-12-26 17:00:00,1766768410.0,0.0005
2025-12-26 18:00:00,1766772008.0,0.0005
2025-12-26 19:00:00,1766775608.0,0.0005
2025-12-26 20:00:00,1766779208.0,0.0005
2025-12-26 21:00:00,1766782809.0,0.0005
2025-12-26 22:00:00,1766786408.0,0.0005
2025-12-26 23:00:00,1766790008.0,0.0005
2025-12-27 00:00:00,1766793611.0,0.0005
2025-12-27 01:00:00,1766797209.0,0.0005
2025-12-27 02:00:00,1766800808.0,0.0005
2025-12-27 03:00:00,1766804410.0,0.0005
2025-12-27 04:00:00,1766808009.0,0.0005
2025-12-27 05:00:00,1766811610.0,0.0005
2025-12-27 06:00:00,1766815209.0,0.0005
2025-12-27 07:00:00,1766818812.0,0.0005
2025-12-27 08:00:00,1766822409.0,0.0005
2025-12-27 09:00:00,1766826010.0,0.0005
2025-12-27 10:00:00,1766829609.0,0.0005
2025-12-27 11:00:00,1766833210.0,0.0005
2025-12-27 12:00:00,1766836810.0,0.0005
2025-12-27 13:00:00,1766840409.0,0.0005
2025-12-27 14:00:00,1766844009.0,0.0005
2025-12-27 15:00:00,1766847609.0,0.0005
2025-12-27 16:00:00,1766851209.0,0.0005
2025-12-27 17:00:00,1766854809.0,0.0005
2025-12-27 18:00:00,1766858410.0,0.0005
2025-12-27 19:00:00,1766862010.0,0.0005
2025-12-27 20:00:00,1766865609.0,0.0005
2025-12-27 21:00:00,1766869209.0,0.0005
2025-12-27 22:00:00,1766872810.0,0.0005
2025-12-27 23:00:00,1766876409.0,0.0005
2025-12-28 00:00:00,1766880011.0,0.0005
2025-12-28 01:00:00,1766883684.0,0.0005
2025-12-28 02:00:00,1766887209.0,0.0005
2025-12-28 03:00:00,1766890810.0,0.0005
2025-12-28 04:00:00,1766894409.0,0.0005
2025-12-28 05:00:00,1766898009.0,0.0005
2025-12-28 06:00:00,1766901609.0,0.0005
2025-12-28 07:00:00,1766905209.0,0.0005
2025-12-28 08:00:00,1766908809.0,0.0005
2025-12-28 09:00:00,1766912409.0,0.0005
2025-12-28 10:00:00,1766916010.0,0.0005
2025-12-28 11:00:00,1766919609.0,0.0005
2025-12-28 12:00:00,1766923211.0,0.0005
2025-12-28 13:00:00,1766926808.0,0.0005
2025-12-28 14:00:00,1766930409.0,0.0005
2025-12-28 15:00:00,1766934013.0,0.0005
2025-12-28 16:00:00,1766937622.0,0.0005
2025-12-28 17:00:00,1766941209.0,0.0005
2025-12-28 18:00:00,1766944810.0,0.0005
2025-12-28 19:00:00,1766948409.0,0.0005
2025-12-28 20:00:00,1766952022.0,0.0005
2025-12-28 21:00:00,1766955609.0,0.0005
2025-12-28 22:00:00,1766959210.0,0.0005
2025-12-28 23:00:00,1766962811.0,0.0005
2025-12-29 00:00:00,1766966426.0,0.0005
2025-12-29 01:00:00,1766970085.0,0.0005
2025-12-29 02:00:00,1766973610.0,0.0005
2025-12-29 03:00:00,1766977223.0,0.0005
2025-12-29 04:00:00,1766980809.0,0.0005
2025-12-29 05:00:00,1766984411.0,0.0005
2025-12-29 06:00:00,1766988010.0,0.0005
2025-12-29 07:00:00,1766991610.0,0.0005
2025-12-29 08:00:00,1766995212.0,0.0005
2025-12-29 09:00:00,1766998809.0,0.0005
2025-12-29 10:00:00,1767002410.0,0.0005
2025-12-29 11:00:00,1767006009.0,0.0005
2025-12-29 12:00:00,1767009610.0,0.0005
2025-12-29 13:00:00,1767013209.0,0.0005
2025-12-29 14:00:00,1767016809.0,0.0005
2025-12-29 15:00:00,1767020409.0,0.0005
2025-12-29 16:00:00,1767024008.0,0.0005
2025-12-29 17:00:00,1767027609.0,0.0005
2025-12-29 18:00:00,1767031209.0,0.0005
2025-12-29 19:00:00,1767034809.0,0.0005
2025-12-29 20:00:00,1767038409.0,0.0005
2025-12-29 21:00:00,1767042009.0,0.0005
2025-12-29 22:00:00,1767045609.0,0.0005
2025-12-29 23:00:00,1767049212.0,0.0005
2025-12-30 00:00:00,1767052814.0,0.0005
2025-12-30 01:00:00,1767056409.0,0.0005
2025-12-30 02:00:00,1767060009.0,0.0005
2025-12-30 03:00:00,1767063611.0,0.0005
2025-12-30 04:00:00,1767067209.0,0.0005
2025-12-30 05:00:00,1767070811.0,0.0005
2025-12-30 06:00:00,1767074409.0,0.0005
2025-12-30 07:00:00,1767078014.0,0.0005
2025-12-30 08:00:00,1767081609.0,0.0005
2025-12-30 09:00:00,1767085212.0,0.0005
2025-12-30 10:00:00,1767088808.0,0.0005
2025-12-30 11:00:00,1767092410.0,0.0005
2025-12-30 12:00:00,1767096010.0,0.0005
2025-12-30 13:00:00,1767099609.0,0.0005
2025-12-30 14:00:00,1767103209.0,0.0005
2025-12-30 15:00:00,1767106810.0,0.0005
2025-12-30 16:00:00,1767110409.0,0.0005
2025-12-30 17:00:00,1767114010.0,0.0005
2025-12-30 18:00:00,1767117614.0,0.0005
2025-12-30 19:00:00,1767121209.0,0.0005
2025-12-30 20:00:00,1767124814.0,0.0005
2025-12-30 21:00:00,1767128409.0,0.0005
2025-12-30 22:00:00,1767132010.0,0.0005
2025-12-30 23:00:00,1767135610.0,0.0005
2025-12-31 00:00:00,1767139210.0,0.0005
2025-12-31 01:00:00,1767142810.0,0.0005
2025-12-31 02:00:00,1767146409.0,0.0005
2025-12-31 03:00:00,1767150011.0,0.0005
2025-12-31 04:00:00,1767153613.0,0.0005
2025-12-31 05:00:00,1767157209.0,0.0005
2025-12-31 06:00:00,1767160809.0,0.0005
2025-12-31 07:00:00,1767164409.0,0.0005
2025-12-31 08:00:00,1767168010.0,0.0005
2025-12-31 09:00:00,1767171609.0,0.0005
2025-12-31 10:00:00,1767175210.0,0.0005
2025-12-31 11:00:00,1767178820.0,0.0005
2025-12-31 12:00:00,1767182410.0,0.0005
2025-12-31 13:00:00,1767186009.0,0.0005
2025-12-31 14:00:00,1767189609.0,0.0005
2025-12-31 15:00:00,1767193209.0,0.0005
2025-12-31 16:00:00,1767196811.0,0.0005
2025-12-31 17:00:00,1767200411.0,0.0005
2025-12-31 18:00:00,1767204011.0,0.0005
2025-12-31 19:00:00,1767207630.0,0.0005
2025-12-31 20:00:00,1767211210.0,0.0005
2025-12-31 21:00:00,1767214811.0,0.0005
2025-12-31 22:00:00,1767218410.0,0.0005
2025-12-31 23:00:00,1767222010.0,0.0005
2026-01-01 00:00:00,1767225611.0,0.0005
2026-01-01 01:00:00,1767229209.0,0.0005
2026-01-01 02:00:00,1767232809.0,0.0005
2026-01-01 03:00:00,1767236409.0,0.0005
2026-01-01 04:00:00,1767240025.0,0.0005
2026-01-01 05:00:00,1767243610.0,0.0005
2026-01-01 06:00:00,1767247211.0,0.0005
2026-01-01 07:00:00,1767250809.0,0.0005
2026-01-01 08:00:00,1767254408.0,0.0005
2026-01-01 09:00:00,1767258010.0,0.0005
2026-01-01 10:00:00,1767261609.0,0.0005
2026-01-01 11:00:00,1767265209.0,0.0005
2026-01-01 12:00:00,1767268810.0,0.0005
2026-01-01 13:00:00,1767272422.0,0.0005
2026-01-01 14:00:00,1767276008.0,0.0005
2026-01-01 15:00:00,1767279609.0,0.0005
2026-01-01 16:00:00,1767283208.0,0.0005
2026-01-01 17:00:00,1767286809.0,0.0005
2026-01-01 18:00:00,1767290410.0,0.0005
2026-01-01 19:00:00,1767294008.0,0.0005
2026-01-01 20:00:00,1767297620.0,0.0005
2026-01-01 21:00:00,1767301208.0,0.0005
2026-01-01 22:00:00,1767304812.0,0.0005
2026-01-01 23:00:00,1767308409.0,0.0005
2026-01-02 00:00:00,1767312010.0,0.0005
2026-01-02 01:00:00,1767315608.0,0.0005
2026-01-02 02:00:00,1767319209.0,0.0005
2026-01-02 03:00:00,1767322814.0,0.0005
2026-01-02 04:00:00,1767326408.0,0.0005
2026-01-02 05:00:00,1767330010.0,0.0005
2026-01-02 06:00:00,1767333609.0,0.0005
2026-01-02 07:00:00,1767337208.0,0.0005
2026-01-02 08:00:00,1767340809.0,0.0005
2026-01-02 09:00:00,1767344409.0,0.0005
2026-01-02 10:00:00,1767348011.0,0.0005
2026-01-02 11:00:00,1767351610.0,0.0005
2026-01-02 12:00:00,1767355210.0,0.0005
2026-01-02 13:00:00,1767358808.0,0.0005
2026-01-02 14:00:00,1767362409.0,0.0005
2026-01-02 15:00:00,1767366010.0,0.0005
2026-01-02 16:00:00,1767369609.0,0.0005
2026-01-02 17:00:00,1767373210.0,0.0005
2026-01-02 18:00:00,1767376824.0,0.0005
2026-01-02 19:00:00,1767380409.0,0.0005
2026-01-02 20:00:00,1767384010.0,0.0005
2026-01-02 21:00:00,1767387610.0,0.0005
2026-01-02 22:00:00,1767391210.0,0.0005
2026-01-02 23:00:00,1767394809.0,0.0005
2026-01-03 00:00:00,1767398410.0,0.0005
2026-01-03 01:00:00,1767402081.0,0.0005
2026-01-03 02:00:00,1767405608.0,0.0005
2026-01-03 03:00:00,1767409209.0,0.0005
2026-01-03 04:00:00,1767412810.0,0.0005
2026-01-03 05:00:00,1767416421.0,0.0005
2026-01-03 06:00:00,1767420014.0,0.0005
2026-01-03 07:00:00,1767423609.0,0.0005
2026-01-03 08:00:00,1767427208.0,0.0005
2026-01-03 09:00:00,1767430821.0,0.0005
2026-01-03 10:00:00,1767434409.0,0.0005
2026-01-03 11:00:00,1767438009.0,0.0005
2026-01-03 12:00:00,1767441610.0,0.0005
2026-01-03 13:00:00,1767445209.0,0.0005
2026-01-03 14:00:00,1767448810.0,0.0005
2026-01-03 15:00:00,1767452424.0,0.0005
2026-01-03 16:00:00,1767456010.0,0.0005
2026-01-03 17:00:00,1767459610.0,0.0005
2026-01-03 18:00:00,1767463210.0,0.0005
2026-01-03 19:00:00,1767466809.0,0.0005
2026-01-03 20:00:00,1767470411.0,0.0005
2026-01-03 21:00:00,1767474011.0,0.0005
2026-01-03 22:00:00,1767477609.0,0.0005
2026-01-03 23:00:00,1767481209.0,0.0005
2026-01-04 00:00:00,1767484811.0,0.0005
2026-01-04 01:00:00,1767488409.0,0.0005
2026-01-04 02:00:00,1767492009.0,0.0005
2026-01-04 03:00:00,1767495623.0,0.0005
2026-01-04 04:00:00,1767499210.0,0.0005
2026-01-04 05:00:00,1767502809.0,0.0005
2026-01-04 06:00:00,1767506409.0,0.0005
2026-01-04 07:00:00,1767510010.0,0.0005
2026-01-04 08:00:00,1767513609.0,0.0005
2026-01-04 09:00:00,1767517209.0,0.0005
2026-01-04 10:00:00,1767520808.0,0.0005
2026-01-04 11:00:00,1767524414.0,0.0005
2026-01-04 12:00:00,1767528012.0,0.0005
2026-01-04 13:00:00,1767531609.0,0.0005
2026-01-04 14:00:00,1767535209.0,0.0005
2026-01-04 15:00:00,1767538815.0,0.0015
2026-01-04 16:00:00,1767542412.0,0.0005
2026-01-04 17:00:00,1767546010.0,0.0005
2026-01-04 18:00:00,1767549610.0,0.0005
2026-01-04 19:00:00,1767553209.0,0.0005
2026-01-04 20:00:00,1767556827.0,0.0005
2026-01-04 21:00:00,1767560412.0,0.0005
2026-01-04 22:00:00,1767564010.0,0.0005
2026-01-04 23:00:00,1767567609.0,0.0005
2026-01-05 00:00:00,1767571212.0,0.0005
2026-01-05 01:00:00,1767574809.0,0.0005
2026-01-05 02:00:00,1767578409.0,0.0005
2026-01-05 03:00:00,1767582010.0,0.0005
2026-01-05 04:00:00,1767585608.0,0.0005
2026-01-05 05:00:00,1767589223.0,0.0005
2026-01-05 06:00:00,1767592810.0,0.0005
2026-01-05 07:00:00,1767596410.0,0.0005
2026-01-05 08:00:00,1767600010.0,0.0005
2026-01-05 09:00:00,1767603614.0,0.0005
2026-01-05 10:00:00,1767607208.0,0.0005
2026-01-05 11:00:00,1767610809.0,0.0005
2026-01-05 12:00:00,1767614409.0,0.0005
2026-01-05 13:00:00,1767618009.0,0.0005
2026-01-05 14:00:00,1767621609.0,0.0005
2026-01-05 15:00:00,1767625210.0,0.0005
2026-01-05 16:00:00,1767628810.0,0.0005
2026-01-05 17:00:00,1767632413.0,0.0005
2026-01-05 18:00:00,1767636010.0,0.0005
2026-01-05 19:00:00,1767639609.0,0.0005
2026-01-05 20:00:00,1767643208.0,0.0005
2026-01-05 21:00:00,1767646811.0,0.0005
2026-01-05 22:00:00,1767650426.0,0.0005
2026-01-05 23:00:00,1767654009.0,0.0005
2026-01-06 00:00:00,1767657614.0,0.0005
2026-01-06 01:00:00,1767661216.0,0.0005
2026-01-06 02:00:00,1767664809.0,0.0005
2026-01-06 03:00:00,1767668410.0,0.0005
2026-01-06 04:00:00,1767672011.0,0.0005
2026-01-06 05:00:00,1767675609.0,0.0005
2026-01-06 06:00:00,1767679212.0,0.0005
2026-01-06 07:00:00,1767682813.0,0.0005
2026-01-06 08:00:00,1767686413.0,0.0005
2026-01-06 09:00:00,1767690011.0,0.0005
2026-01-06 10:00:00,1767693609.0,0.0005
2026-01-06 11:00:00,1767697215.0,0.0005
2026-01-06 12:00:00,1767700811.0,0.0005
2026-01-06 13:00:00,1767704413.0,0.0005
2026-01-06 14:00:00,1767708010.0,0.0005
2026-01-06 15:00:00,1767711615.0,0.0005
2026-01-06 16:00:00,1767715210.0,0.0005
2026-01-06 17:00:00,1767718811.0,0.0005
2026-01-06 18:00:00,1767722410.0,0.0005
2026-01-06 19:00:00,1767726010.0,0.0005
2026-01-06 20:00:00,1767729610.0,0.0005
2026-01-06 21:00:00,1767733210.0,0.0005
2026-01-06 22:00:00,1767736810.0,0.0005
2026-01-06 23:00:00,1767740414.0,0.0005
2026-01-07 00:00:00,1767744011.0,0.0005
2026-01-07 01:00:00,1767747610.0,0.0005
2026-01-07 02:00:00,1767751211.0,0.0005
2026-01-07 03:00:00,1767754811.0,0.0005
2026-01-07 04:00:00,1767758410.0,0.0005
2026-01-07 05:00:00,1767762010.0,0.0005
2026-01-07 06:00:00,1767765615.0,0.0005
2026-01-07 07:00:00,1767769210.0,0.0005
2026-01-07 08:00:00,1767772811.0,0.0005
2026-01-07 09:00:00,1767776411.0,0.0005
2026-01-07 10:00:00,1767780015.0,0.0005
2026-01-07 11:00:00,1767783609.0,0.0005
2026-01-07 12:00:00,1767787215.0,0.0005
2026-01-07 13:00:00,1767790810.0,0.0005
2026-01-07 14:00:00,1767794409.0,0.0005
2026-01-07 15:00:00,1767798012.0,0.0005
2026-01-07 16:00:00,1767801610.0,0.0005
2026-01-07 17:00:00,1767805212.0,0.0005
2026-01-07 18:00:00,1767808810.0,0.0005
2026-01-07 19:00:00,1767812411.0,0.0005
2026-01-07 20:00:00,1767816011.0,0.0005
2026-01-07 21:00:00,1767819616.0,0.0005
2026-01-07 22:00:00,1767823214.0,0.0005
2026-01-07 23:00:00,1767826811.0,0.0005
2026-01-08 00:00:00,1767830427.0,0.0005
2026-01-08 01:00:00,1767834023.0,0.0005
2026-01-08 02:00:00,1767837610.0,0.0005
2026-01-08 03:00:00,1767841210.0,0.0005
2026-01-08 04:00:00,1767844810.0,0.0005
2026-01-08 05:00:00,1767848410.0,0.0005
2026-01-08 06:00:00,1767852010.0,0.0005
2026-01-08 07:00:00,1767855610.0,0.0005
2026-01-08 08:00:00,1767859221.0,0.0005
2026-01-08 09:00:00,1767862810.0,0.0005
2026-01-08 10:00:00,1767866415.0,0.0005
2026-01-08 11:00:00,1767870010.0,0.0005
2026-01-08 12:00:00,1767873615.0,0.0005
2026-01-08 13:00:00,1767877210.0,0.0005
2026-01-08 14:00:00,1767880814.0,0.0005
2026-01-08 15:00:00,1767884410.0,0.0005
2026-01-08 16:00:00,1767888025.0,0.0005
2026-01-08 17:00:00,1767891614.0,0.0005
2026-01-08 18:00:00,1767895210.0,0.0005
2026-01-08 19:00:00,1767898811.0,0.0005
2026-01-08 20:00:00,1767902411.0,0.0005
2026-01-08 21:00:00,1767906012.0,0.0005
2026-01-08 22:00:00,1767909612.0,0.0005
2026-01-08 23:00:00,1767913212.0,0.0005
2026-01-09 00:00:00,1767916811.0,0.0005
2026-01-09 01:00:00,1767920411.0,0.0005
2026-01-09 02:00:00,1767924011.0,0.0005
2026-01-09 03:00:00,1767927612.0,0.0005
2026-01-09 04:00:00,1767931211.0,0.0005
2026-01-09 05:00:00,1767934811.0,0.0005
2026-01-09 06:00:00,1767938412.0,0.0005
2026-01-09 07:00:00,1767942010.0,0.0005
2026-01-09 08:00:00,1767945611.0,0.0005
2026-01-09 09:00:00,1767949211.0,0.0005
2026-01-09 10:00:00,1767952812.0,0.0005
2026-01-09 11:00:00,1767956410.0,0.0005
2026-01-09 12:00:00,1767960025.0,0.0005
2026-01-09 13:00:00,1767963611.0,0.0005
2026-01-09 14:00:00,1767967211.0,0.0005
2026-01-09 15:00:00,1767970811.0,0.0005
2026-01-09 16:00:00,1767974413.0,0.0005
2026-01-09 17:00:00,1767978013.0,0.0005
2026-01-09 18:00:00,1767981614.0,0.0005
2026-01-09 19:00:00,1767985212.0,0.0005
2026-01-09 20:00:00,1767988816.0,0.0005
2026-01-09 21:00:00,1767992413.0,0.0005
2026-01-09 22:00:00,1767996013.0,0.0005
2026-01-09 23:00:00,1767999611.0,0.0005
2026-01-10 00:00:00,1768003212.0,0.0005
2026-01-10 01:00:00,1768006813.0,0.0005
2026-01-10 02:00:00,1768010410.0,0.0005
2026-01-10 03:00:00,1768014011.0,0.0005
2026-01-10 04:00:00,1768017610.0,0.0005
2026-01-10 05:00:00,1768021210.0,0.0005
2026-01-10 06:00:00,1768024813.0,0.0005
2026-01-10 07:00:00,1768028410.0,0.0005
2026-01-10 08:00:00,1768032025.0,0.0005
2026-01-10 09:00:00,1768035613.0,0.0005
2026-01-10 10:00:00,1768039211.0,0.0005
2026-01-10 11:00:00,1768042812.0,0.0005
2026-01-10 12:00:00,1768046411.0,0.0005
2026-01-10 13:00:00,1768050012.0,0.0005
2026-01-10 14:00:00,1768053615.0,0.0005
2026-01-10 15:00:00,1768057212.0,0.0005
2026-01-10 16:00:00,1768060823.0,0.0005
2026-01-10 17:00:00,1768064413.0,0.0005
2026-01-10 18:00:00,1768068014.0,0.0005
2026-01-10 19:00:00,1768071611.0,0.0005
2026-01-10 20:00:00,1768075210.0,0.0005
2026-01-10 21:00:00,1768078815.0,0.0005
2026-01-10 22:00:00,1768082412.0,0.0005
2026-01-10 23:00:00,1768086015.0,0.0005
2026-01-11 00:00:00,1768089611.0,0.0005
2026-01-11 01:00:00,1768093212.0,0.0005
2026-01-11 02:00:00,1768096825.0,0.0005
2026-01-11 03:00:00,1768100411.0,0.0005
2026-01-11 04:00:00,1768104012.0,0.0005
2026-01-11 05:00:00,1768107609.0,0.0005
2026-01-11 06:00:00,1768111211.0,0.0005
2026-01-11 07:00:00,1768114812.0,0.0005
2026-01-11 08:00:00,1768118411.0,0.0005
2026-01-11 09:00:00,1768122010.0,0.0005
2026-01-11 10:00:00,1768125609.0,0.0005
2026-01-11 11:00:00,1768129213.0,0.0005
2026-01-11 12:00:00,1768132811.0,0.0005
2026-01-11 13:00:00,1768136411.0,0.0005
2026-01-11 14:00:00,1768140010.0,0.0005
2026-01-11 15:00:00,1768143614.0,0.0005
2026-01-11 16:00:00,1768147209.0,0.0005
2026-01-11 17:00:00,1768150814.0,0.0005
2026-01-11 18:00:00,1768154412.0,0.0005
2026-01-11 19:00:00,1768158012.0,0.0005
2026-01-11 20:00:00,1768161611.0,0.0005
2026-01-11 21:00:00,1768165230.0,0.0005
2026-01-11 22:00:00,1768168812.0,0.0005
2026-01-11 23:00:00,1768172411.0,0.0005
2026-01-12 00:00:00,1768176013.0,0.0005
2026-01-12 01:00:00,1768179611.0,0.0005
2026-01-12 02:00:00,1768183221.0,0.0005
2026-01-12 03:00:00,1768186827.0,0.0005
2026-01-12 04:00:00,1768190410.0,0.0005
2026-01-12 05:00:00,1768194011.0,0.0005
2026-01-12 06:00:00,1768197611.0,0.0005
2026-01-12 07:00:00,1768201212.0,0.0005
2026-01-12 08:00:00,1768204812.0,0.0005
2026-01-12 09:00:00,1768208411.0,0.0005
2026-01-12 10:00:00,1768212010.0,0.0005
2026-01-12 11:00:00,1768215621.0,0.0005
2026-01-12 12:00:00,1768219217.0,0.0005
2026-01-12 13:00:00,1768222812.0,0.0005
2026-01-12 14:00:00,1768226410.0,0.0005
2026-01-12 15:00:00,1768230012.0,0.0005
2026-01-12 16:00:00,1768233610.0,0.0005
2026-01-12 17:00:00,1768237210.0,0.0005
2026-01-12 18:00:00,1768240838.0,0.0005
2026-01-12 19:00:00,1768244411.0,0.0005
2026-01-12 20:00:00,1768248012.0,0.0005
2026-01-12 21:00:00,1768251613.0,0.0005
2026-01-12 22:00:00,1768255239.0,0.0005
2026-01-12 23:00:00,1768258816.0,0.0005
2026-01-13 00:00:00,1768262413.0,0.0005
2026-01-13 01:00:00,1768266086.0,0.0005
2026-01-13 02:00:00,1768269610.0,0.0005
2026-01-13 03:00:00,1768273214.0,0.0005
2026-01-13 04:00:00,1768276811.0,0.0005
2026-01-13 05:00:00,1768280411.0,0.0005
2026-01-13 06:00:00,1768284012.0,0.0005
2026-01-13 07:00:00,1768287617.0,0.0005
2026-01-13 08:00:00,1768291224.0,0.0005
2026-01-13 09:00:00,1768294814.0,0.0005
2026-01-13 10:00:00,1768298411.0,0.0005
2026-01-13 11:00:00,1768302012.0,0.0005
2026-01-13 12:00:00,1768305615.0,0.0005
2026-01-13 13:00:00,1768309256.0,0.0005
2026-01-13 14:00:00,1768312826.0,0.0005
2026-01-13 15:00:00,1768316412.0,0.0005
2026-01-13 16:00:00,1768320014.0,0.0005
2026-01-13 17:00:00,1768323613.0,0.0005
2026-01-13 18:00:00,1768327213.0,0.0005
2026-01-13 19:00:00,1768330843.0,0.0005
2026-01-13 20:00:00,1768334411.0,0.0005
2026-01-13 21:00:00,1768338013.0,0.0005
2026-01-13 22:00:00,1768341611.0,0.0005
2026-01-13 23:00:00,1768345213.0,0.0005
2026-01-14 00:00:00,1768348812.0,0.0005
2026-01-14 01:00:00,1768352412.0,0.0005
2026-01-14 02:00:00,1768356013.0,0.0005
2026-01-14 03:00:00,1768359612.0,0.0005
2026-01-14 04:00:00,1768363212.0,0.0005
2026-01-14 05:00:00,1768366813.0,0.0005
2026-01-14 06:00:00,1768370412.0,0.0005
2026-01-14 07:00:00,1768374013.0,0.0005
2026-01-14 08:00:00,1768377627.0,0.0005
2026-01-14 09:00:00,1768381212.0,0.0005
2026-01-14 10:00:00,1768384811.0,0.0005
2026-01-14 11:00:00,1768388411.0,0.0005
2026-01-14 12:00:00,1768392013.0,0.0005
2026-01-14 13:00:00,1768395612.0,0.0005
2026-01-14 14:00:00,1768399211.0,0.0005
2026-01-14 15:00:00,1768402816.0,0.0005
2026-01-14 16:00:00,1768406425.0,0.0005
2026-01-14 17:00:00,1768410014.0,0.0005
2026-01-14 18:00:00,1768413613.0,0.0005
2026-01-14 19:00:00,1768417213.0,0.0005
2026-01-14 20:00:00,1768420812.0,0.0005
2026-01-14 21:00:00,1768424415.0,0.0005
2026-01-14 22:00:00,1768428013.0,0.0005
2026-01-14 23:00:00,1768431613.0,0.0005
2026-01-15 00:00:00,1768435213.0,0.0005
2026-01-15 01:00:00,1768438811.0,0.0005
2026-01-15 02:00:00,1768442412.0,0.0005
2026-01-15 03:00:00,1768446015.0,0.0005
2026-01-15 04:00:00,1768449613.0,0.0005
2026-01-15 05:00:00,1768453212.0,0.0005
2026-01-15 06:00:00,1768456812.0,0.0005
2026-01-15 07:00:00,1768460412.0,0.0005
2026-01-15 08:00:00,1768464011.0,0.0005
2026-01-15 09:00:00,1768467614.0,0.0005
2026-01-15 10:00:00,1768471212.0,0.0005
2026-01-15 11:00:00,1768474812.0,0.0005
2026-01-15 12:00:00,1768478413.0,0.0005
2026-01-15 13:00:00,1768482013.0,0.0005
2026-01-15 14:00:00,1768485612.0,0.0005
2026-01-15 15:00:00,1768489212.0,0.0005
2026-01-15 16:00:00,1768492812.0,0.0005
2026-01-15 17:00:00,1768496415.0,0.0005
2026-01-15 18:00:00,1768500016.0,0.0005
2026-01-15 19:00:00,1768503615.0,0.0005
2026-01-15 20:00:00,1768507214.0,0.0005
2026-01-15 21:00:00,1768510816.0,0.0005
2026-01-15 22:00:00,1768514413.0,0.0005
2026-01-15 23:00:00,1768518014.0,0.0005
2026-01-16 00:00:00,1768521616.0,0.0005
2026-01-16 01:00:00,1768525214.0,0.0005
2026-01-16 02:00:00,1768528814.0,0.0005
2026-01-16 03:00:00,1768532415.0,0.0005
2026-01-16 04:00:00,1768536013.0,0.0005
2026-01-16 05:00:00,1768539612.0,0.0005
2026-01-16 06:00:00,1768543214.0,0.0005
2026-01-16 07:00:00,1768546813.0,0.0005
2026-01-16 08:00:00,1768550413.0,0.0005
2026-01-16 09:00:00,1768554013.0,0.0005
2026-01-16 10:00:00,1768557612.0,0.0005
2026-01-16 11:00:00,1768561212.0,0.0005
2026-01-16 12:00:00,1768564814.0,0.0005
2026-01-16 13:00:00,1768568413.0,0.0005
2026-01-16 14:00:00,1768572013.0,0.0005
2026-01-16 15:00:00,1768575612.0,0.0005
2026-01-16 16:00:00,1768579212.0,0.0005
2026-01-16 17:00:00,1768582813.0,0.0005
2026-01-16 18:00:00,1768586414.0,0.0005
2026-01-16 19:00:00,1768590014.0,0.0005
2026-01-16 20:00:00,1768593612.0,0.0005
2026-01-16 21:00:00,1768597215.0,0.0005
2026-01-16 22:00:00,1768600817.0,0.0005
2026-01-16 23:00:00,1768604413.0,0.0005
2026-01-17 00:00:00,1768608014.0,0.0005
2026-01-17 01:00:00,1768611613.0,0.0005
2026-01-17 02:00:00,1768615213.0,0.0005
2026-01-17 03:00:00,1768618815.0,0.0005
2026-01-17 04:00:00,1768622412.0,0.0005
2026-01-17 05:00:00,1768626013.0,0.0005
2026-01-17 06:00:00,1768629613.0,0.0005
2026-01-17 07:00:00,1768633214.0,0.0005
2026-01-17 08:00:00,1768636812.0,0.0005
2026-01-17 09:00:00,1768640413.0,0.0005
2026-01-17 10:00:00,1768644025.0,0.0005
2026-01-17 11:00:00,1768647612.0,0.0005
2026-01-17 12:00:00,1768651214.0,0.0005
2026-01-17 13:00:00,1768654814.0,0.0005
2026-01-17 14:00:00,1768658418.0,0.0005
2026-01-17 15:00:00,1768662015.0,0.0005
2026-01-17 16:00:00,1768665612.0,0.0005
2026-01-17 17:00:00,1768669225.0,0.0005
2026-01-17 18:00:00,1768672816.0,0.0005
2026-01-17 19:00:00,1768676413.0,0.0005
2026-01-17 20:00:00,1768680016.0,0.0005
2026-01-17 21:00:00,1768683626.0,0.0005
2026-01-17 22:00:00,1768687213.0,0.0005
2026-01-17 23:00:00,1768690813.0,0.0005
2026-01-18 00:00:00,1768694416.0,0.0005
2026-01-18 01:00:00,1768698012.0,0.0005
2026-01-18 02:00:00,1768701644.0,0.0005
2026-01-18 03:00:00,1768705213.0,0.0005
2026-01-18 04:00:00,1768708814.0,0.0005
2026-01-18 05:00:00,1768712423.0,0.0005
2026-01-18 06:00:00,1768716040.0,0.0005
2026-01-18 07:00:00,1768719611.0,0.0005
2026-01-18 08:00:00,1768723229.0,0.0005
2026-01-18 09:00:00,1768726812.0,0.0005
2026-01-18 10:00:00,1768730411.0,0.0005
2026-01-18 11:00:00,1768734014.0,0.0005
2026-01-18 12:00:00,1768737629.0,0.0005
2026-01-18 13:00:00,1768741225.0,0.0005
2026-01-18 14:00:00,1768744813.0,0.0005
2026-01-18 15:00:00,1768748412.0,0.0005
2026-01-18 16:00:00,1768752011.0,0.0005
2026-01-18 17:00:00,1768755628.0,0.0005
2026-01-18 18:00:00,1768759226.0,0.0005
2026-01-18 19:00:00,1768762812.0,0.0005
2026-01-18 20:00:00,1768766412.0,0.0005
2026-01-18 21:00:00,1768770012.0,0.0005
2026-01-18 22:00:00,1768773611.0,0.0005
2026-01-18 23:00:00,1768777213.0,0.0005
2026-01-19 00:00:00,1768780812.0,0.0005
2026-01-19 01:00:00,1768784507.0,0.0005
2026-01-19 02:00:00,1768788016.0,0.0005
2026-01-19 03:00:00,1768791611.0,0.0005
2026-01-19 04:00:00,1768795217.0,0.0005
2026-01-19 05:00:00,1768798821.0,0.0005
2026-01-19 06:00:00,1768802412.0,0.0005
2026-01-19 07:00:00,1768806023.0,0.0005
2026-01-19 08:00:00,1768809622.0,0.0005
2026-01-19 09:00:00,1768813212.0,0.0005
2026-01-19 10:00:00,1768816811.0,0.0005
2026-01-19 11:00:00,1768820421.0,0.0005
2026-01-19 12:00:00,1768824013.0,0.0005
2026-01-19 13:00:00,1768827610.0,0.0005
2026-01-19 14:00:00,1768831210.0,0.0005
2026-01-19 15:00:00,1768834812.0,0.0005
2026-01-19 16:00:00,1768838411.0,0.0005
2026-01-19 17:00:00,1768842023.0,0.0005
2026-01-19 18:00:00,1768845613.0,0.0005
2026-01-19 19:00:00,1768849213.0,0.0005
2026-01-19 20:00:00,1768852814.0,0.0005
2026-01-19 21:00:00,1768856413.0,0.0005
2026-01-19 22:00:00,1768860012.0,0.0005
2026-01-19 23:00:00,1768863615.0,0.0005
2026-01-20 00:00:00,1768867213.0,0.0005
2026-01-20 01:00:00,1768870811.0,0.0005
2026-01-20 02:00:00,1768874411.0,0.0005
2026-01-20 03:00:00,1768878028.0,0.0005
2026-01-20 04:00:00,1768881616.0,0.0005
2026-01-20 05:00:00,1768885226.0,0.0005
2026-01-20 06:00:00,1768888814.0,0.0005
2026-01-20 07:00:00,1768892411.0,0.0005
2026-01-20 08:00:00,1768896013.0,0.0005
2026-01-20 09:00:00,1768899611.0,0.0005
2026-01-20 10:00:00,1768903212.0,0.0005
2026-01-20 11:00:00,1768906812.0,0.0005
2026-01-20 12:00:00,1768910413.0,0.0005
2026-01-20 13:00:00,1768914012.0,0.0005
2026-01-20 14:00:00,1768917612.0,0.0005
2026-01-20 15:00:00,1768921213.0,0.0005
2026-01-20 16:00:00,1768924810.0,0.0005
2026-01-20 17:00:00,1768928411.0,0.0005
2026-01-20 18:00:00,1768932012.0,0.0005
2026-01-20 19:00:00,1768935611.0,0.0005
2026-01-20 20:00:00,1768939211.0,0.0005
2026-01-20 21:00:00,1768942829.0,0.0005
2026-01-20 22:00:00,1768946412.0,0.0005
2026-01-20 23:00:00,1768950011.0,0.0005
2026-01-21 00:00:00,1768953613.0,0.0005
2026-01-21 01:00:00,1768957211.0,0.0005
2026-01-21 02:00:00,1768960813.0,0.0005
2026-01-21 03:00:00,1768964412.0,0.0005
2026-01-21 04:00:00,1768968011.0,0.0005
2026-01-21 05:00:00,1768971611.0,0.0005
2026-01-21 06:00:00,1768975212.0,0.0005
2026-01-21 07:00:00,1768978813.0,0.0005
2026-01-21 08:00:00,1768982412.0,0.0005
2026-01-21 09:00:00,1768986019.0,0.0005
2026-01-21 10:00:00,1768989611.0,0.0005
2026-01-21 11:00:00,1768993212.0,0.0005
2026-01-21 12:00:00,1768996826.0,0.0005
2026-01-21 13:00:00,1769000411.0,0.0005
2026-01-21 14:00:00,1769004013.0,0.0005
2026-01-21 15:00:00,1769007613.0,0.0005
2026-01-21 16:00:00,1769011212.0,0.0005
2026-01-21 17:00:00,1769014814.0,0.0005
2026-01-21 18:00:00,1769018429.0,0.0005
2026-01-21 19:00:00,1769022026.0,0.0005
2026-01-21 20:00:00,1769025613.0,0.0005
2026-01-21 21:00:00,1769029242.0,0.0005
2026-01-21 22:00:00,1769032812.0,0.0005
2026-01-21 23:00:00,1769036414.0,0.0005
2026-01-22 00:00:00,1769040017.0,0.0005
2026-01-22 01:00:00,1769043612.0,0.0005
2026-01-22 02:00:00,1769047215.0,0.0005
2026-01-22 03:00:00,1769050815.0,0.0005
2026-01-22 04:00:00,1769054411.0,0.0005
2026-01-22 05:00:00,1769058011.0,0.0005
2026-01-22 06:00:00,1769061613.0,0.0005
2026-01-22 07:00:00,1769065213.0,0.0005
2026-01-22 08:00:00,1769068812.0,0.0005
2026-01-22 09:00:00,1769072414.0,0.0005
2026-01-22 10:00:00,1769076012.0,0.0005
2026-01-22 11:00:00,1769079612.0,0.0005
2026-01-22 12:00:00,1769083231.0,0.0005
2026-01-22 13:00:00,1769086812.0,0.0005
2026-01-22 14:00:00,1769090411.0,0.0005
2026-01-22 15:00:00,1769094016.0,0.0005
2026-01-22 16:00:00,1769097612.0,0.0005
2026-01-22 17:00:00,1769101214.0,0.0005
2026-01-22 18:00:00,1769104817.0,0.0005
2026-01-22 19:00:00,1769108412.0,0.0005
2026-01-22 20:00:00,1769112013.0,0.0005
2026-01-22 21:00:00,1769115615.0,0.0005
2026-01-22 22:00:00,1769119214.0,0.0005
2026-01-22 23:00:00,1769122813.0,0.0005
2026-01-23 00:00:00,1769126429.0,0.0005
2026-01-23 01:00:00,1769130012.0,0.0005
2026-01-23 02:00:00,1769133613.0,0.0005
2026-01-23 03:00:00,1769137219.0,0.0005
2026-01-23 04:00:00,1769140813.0,0.0005
2026-01-23 05:00:00,1769144411.0,0.0005
2026-01-23 06:00:00,1769148012.0,0.0005
2026-01-23 07:00:00,1769151612.0,0.0005
2026-01-23 08:00:00,1769155212.0,0.0005
2026-01-23 09:00:00,1769158814.0,0.0005
2026-01-23 10:00:00,1769162416.0,0.0005
2026-01-23 11:00:00,1769166013.0,0.0005
2026-01-23 12:00:00,1769169620.0,0.0005
2026-01-23 13:00:00,1769173211.0,0.0005
2026-01-23 14:00:00,1769176812.0,0.0005
2026-01-23 15:00:00,1769180413.0,0.0005
2026-01-23 16:00:00,1769184011.0,0.0005
2026-01-23 17:00:00,1769187626.0,0.0005
2026-01-23 18:00:00,1769191217.0,0.0005
2026-01-23 19:00:00,1769194814.0,0.0005
2026-01-23 20:00:00,1769198412.0,0.0005
2026-01-23 21:00:00,1769202014.0,0.0005
2026-01-23 22:00:00,1769205614.0,0.0005
2026-01-23 23:00:00,1769209214.0,0.0005
2026-01-24 00:00:00,1769212818.0,0.0005
2026-01-24 01:00:00,1769216414.0,0.0005
2026-01-24 02:00:00,1769220016.0,0.0005
2026-01-24 03:00:00,1769223619.0,0.0005
2026-01-24 04:00:00,1769227212.0,0.0005
2026-01-24 05:00:00,1769230832.0,0.0005
2026-01-24 06:00:00,1769234419.0,0.0005
2026-01-24 07:00:00,1769238013.0,0.0005
2026-01-24 08:00:00,1769241615.0,0.0005
2026-01-24 09:00:00,1769245215.0,0.0005
2026-01-24 10:00:00,1769248817.0,0.0005
2026-01-24 11:00:00,1769252415.0,0.0005
2026-01-24 12:00:00,1769256017.0,0.0005
2026-01-24 13:00:00,1769259613.0,0.0005
2026-01-24 14:00:00,1769263219.0,0.0005
2026-01-24 15:00:00,1769266818.0,0.0005
2026-01-24 16:00:00,1769270413.0,0.0005
2026-01-24 17:00:00,1769274016.0,0.0005
2026-01-24 18:00:00,1769277615.0,0.0005
2026-01-24 19:00:00,1769281214.0,0.0005
2026-01-24 20:00:00,1769284813.0,0.0005
2026-01-24 21:00:00,1769288416.0,0.0005
2026-01-24 22:00:00,1769292013.0,0.0005
2026-01-24 23:00:00,1769295613.0,0.0005
2026-01-25 00:00:00,1769299231.0,0.0005
2026-01-25 01:00:00,1769302813.0,0.0005
2026-01-25 02:00:00,1769306412.0,0.0005
2026-01-25 03:00:00,1769310014.0,0.0005
2026-01-25 04:00:00,1769313612.0,0.0005
2026-01-25 05:00:00,1769317212.0,0.0005
2026-01-25 06:00:00,1769320812.0,0.0005
2026-01-25 07:00:00,1769324414.0,0.0005
2026-01-25 08:00:00,1769328012.0,0.0005
2026-01-25 09:00:00,1769331620.0,0.0005
2026-01-25 10:00:00,1769335217.0,0.0005
2026-01-25 11:00:00,1769338811.0,0.0005
2026-01-25 12:00:00,1769342423.0,0.0005
2026-01-25 13:00:00,1769346024.0,0.0005
2026-01-25 14:00:00,1769349613.0,0.0005
2026-01-25 15:00:00,1769353215.0,0.0005
2026-01-25 16:00:00,1769356816.0,0.0005
2026-01-25 17:00:00,1769360424.0,0.0005
2026-01-25 18:00:00,1769364016.0,0.0005
2026-01-25 19:00:00,1769367612.0,0.0005
2026-01-25 20:00:00,1769371212.0,0.0005
2026-01-25 21:00:00,1769374815.0,0.0005
2026-01-25 22:00:00,1769378414.0,0.0005
2026-01-25 23:00:00,1769382013.0,0.0005
2026-01-26 00:00:00,1769385629.0,0.0005
2026-01-26 01:00:00,1769389212.0,0.0005
2026-01-26 02:00:00,1769392814.0,0.0005
2026-01-26 03:00:00,1769396413.0,0.0005
2026-01-26 04:00:00,1769400012.0,0.0005
2026-01-26 05:00:00,1769403612.0,0.0005
2026-01-26 06:00:00,1769407215.0,0.0005
2026-01-26 07:00:00,1769410813.0,0.0005
2026-01-26 08:00:00,1769414412.0,0.0005
2026-01-26 09:00:00,1769418016.0,0.0005
2026-01-26 10:00:00,1769421612.0,0.0005
2026-01-26 11:00:00,1769425213.0,0.0005
2026-01-26 12:00:00,1769428817.0,0.0005
2026-01-26 13:00:00,1769432416.0,0.0005
2026-01-26 14:00:00,1769436012.0,0.0005
2026-01-26 15:00:00,1769439614.0,0.0005
2026-01-26 16:00:00,1769443213.0,0.0005
2026-01-26 17:00:00,1769446818.0,0.0005
2026-01-26 18:00:00,1769450415.0,0.0005
2026-01-26 19:00:00,1769454013.0,0.0005
2026-01-26 20:00:00,1769457614.0,0.0005
2026-01-26 21:00:00,1769461214.0,0.0005
2026-01-26 22:00:00,1769464813.0,0.0005
2026-01-26 23:00:00,1769468413.0,0.0005
2026-01-27 00:00:00,1769472025.0,0.0005
2026-01-27 01:00:00,1769475612.0,0.0005
2026-01-27 02:00:00,1769479212.0,0.0005
2026-01-27 03:00:00,1769482820.0,0.0005
2026-01-27 04:00:00,1769486413.0,0.0005
2026-01-27 05:00:00,1769490012.0,0.0005
2026-01-27 06:00:00,1769493612.0,0.0005
2026-01-27 07:00:00,1769497219.0,0.0005
2026-01-27 08:00:00,1769500812.0,0.0005
2026-01-27 09:00:00,1769504414.0,0.0005
2026-01-27 10:00:00,1769508021.0,0.0005
2026-01-27 11:00:00,1769511613.0,0.0005
2026-01-27 12:00:00,1769515215.0,0.0005
2026-01-27 13:00:00,1769518826.0,0.0005
2026-01-27 14:00:00,1769522413.0,0.0005
2026-01-27 15:00:00,1769526013.0,0.0005
2026-01-27 16:00:00,1769529612.0,0.0005
2026-01-27 17:00:00,1769533212.0,0.0005
2026-01-27 18:00:00,1769536813.0,0.0005
2026-01-27 19:00:00,1769540413.0,0.0005
2026-01-27 20:00:00,1769544012.0,0.0005
2026-01-27 21:00:00,1769547613.0,0.0005
2026-01-27 22:00:00,1769551212.0,0.0005
2026-01-27 23:00:00,1769554814.0,0.0005
2026-01-28 00:00:00,1769558416.0,0.0005
2026-01-28 01:00:00,1769562015.0,0.0005
2026-01-28 02:00:00,1769565614.0,0.0005
2026-01-28 03:00:00,1769569214.0,0.0005
2026-01-28 04:00:00,1769572817.0,0.0005
2026-01-28 05:00:00,1769576412.0,0.0005
2026-01-28 06:00:00,1769580013.0,0.0005
2026-01-28 07:00:00,1769583613.0,0.0005
2026-01-28 08:00:00,1769587213.0,0.0005
2026-01-28 09:00:00,1769590815.0,0.0005
2026-01-28 10:00:00,1769594422.0,0.0005
2026-01-28 11:00:00,1769598013.0,0.0005
2026-01-28 12:00:00,1769601617.0,0.0005
2026-01-28 13:00:00,1769605217.0,0.0005
2026-01-28 14:00:00,1769608813.0,0.0005
2026-01-28 15:00:00,1769612414.0,0.0005
2026-01-28 16:00:00,1769616013.0,0.0005
2026-01-28 17:00:00,1769619614.0,0.0005
2026-01-28 18:00:00,1769623218.0,0.0005
2026-01-28 19:00:00,1769626814.0,0.0005
2026-01-28 20:00:00,1769630414.0,0.0005
2026-01-28 21:00:00,1769634013.0,0.0005
2026-01-28 22:00:00,1769637614.0,0.0005
2026-01-28 23:00:00,1769641214.0,0.0005
2026-01-29 00:00:00,1769644830.0,0.0005
2026-01-29 01:00:00,1769648414.0,0.0005
2026-01-29 02:00:00,1769652014.0,0.0005
2026-01-29 03:00:00,1769655617.0,0.0005
2026-01-29 04:00:00,1769659215.0,0.0005
2026-01-29 05:00:00,1769662814.0,0.0005
2026-01-29 06:00:00,1769666414.0,0.0005
2026-01-29 07:00:00,1769670014.0,0.0005
2026-01-29 08:00:00,1769673614.0,0.0005
2026-01-29 09:00:00,1769677216.0,0.0005
2026-01-29 10:00:00,1769680815.0,0.0005
2026-01-29 11:00:00,1769684415.0,0.0005
2026-01-29 12:00:00,1769688018.0,0.0005
2026-01-29 13:00:00,1769691614.0,0.0005
2026-01-29 14:00:00,1769695214.0,0.0005
2026-01-29 15:00:00,1769698815.0,0.0005
2026-01-29 16:00:00,1769702414.0,0.0005
2026-01-29 17:00:00,1769706014.0,0.0005
2026-01-29 18:00:00,1769709615.0,0.0005
2026-01-29 19:00:00,1769713215.0,0.0005
2026-01-29 20:00:00,1769716825.0,0.0005
2026-01-29 21:00:00,1769720417.0,0.0005
2026-01-29 22:00:00,1769724015.0,0.0005
2026-01-29 23:00:00,1769727614.0,0.0005
2026-01-30 00:00:00,1769731218.0,0.0005
2026-01-30 01:00:00,1769734814.0,0.0005
2026-01-30 02:00:00,1769738415.0,0.0005
2026-01-30 03:00:00,1769742015.0,0.0005
2026-01-30 04:00:00,1769745615.0,0.0005
2026-01-30 05:00:00,1769749214.0,0.0005
2026-01-30 06:00:00,1769752814.0,0.0005
2026-01-30 07:00:00,1769756414.0,0.0005
2026-01-30 08:00:00,1769760014.0,0.0005
2026-01-30 09:00:00,1769763619.0,0.0005
2026-01-30 10:00:00,1769767213.0,0.0005
2026-01-30 11:00:00,1769770819.0,0.0005
2026-01-30 12:00:00,1769774422.0,0.0005
2026-01-30 13:00:00,1769778014.0,0.0005
2026-01-30 14:00:00,1769781615.0,0.0005
2026-01-30 15:00:00,1769785216.0,0.0005
2026-01-30 16:00:00,1769788816.0,0.0005
2026-01-30 17:00:00,1769792415.0,0.0005
2026-01-30 18:00:00,1769796015.0,0.0005
2026-01-30 19:00:00,1769799615.0,0.0005
2026-01-30 20:00:00,1769803214.0,0.0005
2026-01-30 21:00:00,1769806816.0,0.0005
2026-01-30 22:00:00,1769810417.0,0.0005
2026-01-30 23:00:00,1769814014.0,0.0005
2026-01-31 00:00:00,1769817617.0,0.0005
2026-01-31 01:00:00,1769821214.0,0.0005
2026-01-31 02:00:00,1769824815.0,0.0005
2026-01-31 03:00:00,1769828416.0,0.0005
2026-01-31 04:00:00,1769832015.0,0.0005
2026-01-31 05:00:00,1769835615.0,0.0005
2026-01-31 06:00:00,1769839215.0,0.0005
2026-01-31 07:00:00,1769842815.0,0.0005
2026-01-31 08:00:00,1769846415.0,0.0005
2026-01-31 09:00:00,1769850022.0,0.0005
2026-01-31 10:00:00,1769853615.0,0.0005
2026-01-31 11:00:00,1769857214.0,0.0005
2026-01-31 12:00:00,1769860820.0,0.0005
2026-01-31 13:00:00,1769864416.0,0.0005
2026-01-31 14:00:00,1769868014.0,0.0005
2026-01-31 15:00:00,1769871618.0,0.0005
2026-01-31 16:00:00,1769875216.0,0.0005
2026-01-31 17:00:00,1769878819.0,0.0005
2026-01-31 18:00:00,1769882418.0,0.0005
2026-01-31 19:00:00,1769886016.0,0.0005
2026-01-31 20:00:00,1769889615.0,0.0005
2026-01-31 21:00:00,1769893232.0,0.0005
2026-01-31 22:00:00,1769896820.0,0.0005
2026-01-31 23:00:00,1769900415.0,0.0005
2026-02-01 00:00:00,1769904021.0,0.0005
2026-02-01 01:00:00,1769907750.0,0.0005
2026-02-01 02:00:00,1769911213.0,0.0005
2026-02-01 03:00:00,1769914816.0,0.0005
