time_utc,t,p
2025-08-08 20:00:00,1754683562.0,0.5
2025-08-08 21:00:00,1754686818.0,0.0305
2025-08-08 22:00:00,1754690412.0,0.022
2025-08-08 23:00:00,1754694002.0,0.0245
2025-08-09 00:00:00,1754697610.0,0.05
2025-08-09 01:00:00,1754701206.0,0.0505
2025-08-09 02:00:00,1754704805.0,0.0225
2025-08-09 03:00:00,1754708416.0,0.0215
2025-08-09 04:00:00,1754712017.0,0.021
2025-08-09 05:00:00,1754715612.0,0.0235
2025-08-09 06:00:00,1754719203.0,0.0215
2025-08-09 07:00:00,1754722812.0,0.0225
2025-08-09 08:00:00,1754726407.0,0.0225
2025-08-09 09:00:00,1754730020.0,0.0185
2025-08-09 10:00:00,1754733616.0,0.0165
2025-08-09 11:00:00,1754737210.0,0.0165
2025-08-09 12:00:00,1754740811.0,0.0125
2025-08-09 13:00:00,1754744416.0,0.0125
2025-08-09 14:00:00,1754748010.0,0.0125
2025-08-09 15:00:00,1754751604.0,0.0125
2025-08-09 16:00:00,1754755202.0,0.0125
2025-08-09 17:00:00,1754758804.0,0.0125
2025-08-09 18:00:00,1754762408.0,0.0145
2025-08-09 19:00:00,1754766005.0,0.0145
2025-08-09 20:00:00,1754769616.0,0.0145
2025-08-09 21:00:00,1754773207.0,0.0145
2025-08-09 22:00:00,1754776816.0,0.0145
2025-08-09 23:00:00,1754780403.0,0.0145
2025-08-10 00:00:00,1754784010.0,0.0145
2025-08-10 01:00:00,1754787602.0,0.0145
2025-08-10 02:00:00,1754791206.0,0.0145
2025-08-10 03:00:00,1754794811.0,0.0145
2025-08-10 04:00:00,1754798411.0,0.014
2025-08-10 05:00:00,1754802009.0,0.0145
2025-08-10 06:00:00,1754805614.0,0.0145
2025-08-10 07:00:00,1754809209.0,0.0145
2025-08-10 08:00:00,1754812807.0,0.0145
2025-08-10 09:00:00,1754816421.0,0.014
2025-08-10 10:00:00,1754820003.0,0.0145
2025-08-10 11:00:00,1754823605.0,0.0145
2025-08-10 12:00:00,1754827205.0,0.0145
2025-08-10 13:00:00,1754830808.0,0.0145
2025-08-10 14:00:00,1754834412.0,0.014
2025-08-10 15:00:00,1754838009.0,0.0145
2025-08-10 16:00:00,1754841610.0,0.0145
2025-08-10 17:00:00,1754845212.0,0.0145
2025-08-10 18:00:00,1754848816.0,0.0145
2025-08-10 19:00:00,1754852414.0,0.0145
2025-08-10 20:00:00,1754856009.0,0.014
2025-08-10 21:00:00,1754859608.0,0.0125
2025-08-10 22:00:00,1754863214.0,0.0125
2025-08-10 23:00:00,1754866803.0,0.0125
2025-08-11 00:00:00,1754870407.0,0.0125
2025-08-11 01:00:00,1754874011.0,0.0125
2025-08-11 02:00:00,1754877611.0,0.0125
2025-08-11 03:00:00,1754881213.0,0.0125
2025-08-11 04:00:00,1754884812.0,0.0125
2025-08-11 05:00:00,1754888403.0,0.0125
2025-08-11 06:00:00,1754892007.0,0.0125
2025-08-11 07:00:00,1754895617.0,0.0125
2025-08-11 08:00:00,1754899211.0,0.0125
2025-08-11 09:00:00,1754902812.0,0.0125
2025-08-11 10:00:00,1754906402.0,0.0125
2025-08-11 11:00:00,1754910004.0,0.0125
2025-08-11 12:00:00,1754913614.0,0.0125
2025-08-11 13:00:00,1754917214.0,0.0125
2025-08-11 14:00:00,1754920809.0,0.0145
2025-08-11 15:00:00,1754924409.0,0.0145
2025-08-11 16:00:00,1754928003.0,0.0145
2025-08-11 17:00:00,1754931604.0,0.0145
2025-08-11 18:00:00,1754935206.0,0.0145
2025-08-11 19:00:00,1754938802.0,0.015
2025-08-11 20:00:00,1754942403.0,0.0145
2025-08-11 21:00:00,1754946007.0,0.015
2025-08-11 22:00:00,1754949602.0,0.0155
2025-08-11 23:00:00,1754953206.0,0.0155
2025-08-12 00:00:00,1754956804.0,0.0155
2025-08-12 01:00:00,1754960405.0,0.0155
2025-08-12 02:00:00,1754964009.0,0.0155
2025-08-12 03:00:00,1754967608.0,0.0145
2025-08-12 04:00:00,1754971209.0,0.015
2025-08-12 05:00:00,1754974809.0,0.0155
2025-08-12 06:00:00,1754978411.0,0.0155
2025-08-12 07:00:00,1754982009.0,0.0155
2025-08-12 08:00:00,1754985605.0,0.0155
2025-08-12 09:00:00,1754989219.0,0.015
2025-08-12 10:00:00,1754992805.0,0.0155
2025-08-12 11:00:00,1754996405.0,0.0155
2025-08-12 12:00:00,1755000011.0,0.0155
2025-08-12 13:00:00,1755003610.0,0.016
2025-08-12 14:00:00,1755007203.0,0.0165
2025-08-12 15:00:00,1755010809.0,0.0165
2025-08-12 16:00:00,1755014412.0,0.0165
2025-08-12 17:00:00,1755018010.0,0.0165
2026-02-01 04:00:00,1769921415.0,0.0005
2025-08-12 18:00:00,1755021604.0,0.0165
2025-08-12 19:00:00,1755025215.0,0.0165
2025-08-12 20:00:00,1755028811.0,0.016
2025-08-12 21:00:00,1755032403.0,0.016
2025-08-12 22:00:00,1755036002.0,0.0165
2025-08-12 23:00:00,1755039608.0,0.0165
2025-08-13 00:00:00,1755043210.0,0.0165
2025-08-13 01:00:00,1755046807.0,0.0165
2025-08-13 02:00:00,1755050405.0,0.0155
2025-08-13 03:00:00,1755054005.0,0.0165
2025-08-13 04:00:00,1755057605.0,0.0165
2025-08-13 05:00:00,1755061204.0,0.0155
2025-08-13 06:00:00,1755064813.0,0.0155
2025-08-13 07:00:00,1755068415.0,0.016
2025-08-13 08:00:00,1755072007.0,0.0155
2025-08-13 09:00:00,1755075614.0,0.016
2025-08-13 10:00:00,1755079214.0,0.0165
2025-08-13 11:00:00,1755082805.0,0.0165
2025-08-13 12:00:00,1755086414.0,0.015
2025-08-13 13:00:00,1755090016.0,0.015
2025-08-13 14:00:00,1755093604.0,0.0155
2025-08-13 15:00:00,1755097208.0,0.015
2025-08-13 16:00:00,1755100806.0,0.015
2025-08-13 17:00:00,1755104402.0,0.015
2025-08-13 18:00:00,1755108007.0,0.0155
2025-08-13 19:00:00,1755111609.0,0.015
2025-08-13 20:00:00,1755115212.0,0.015
2025-08-13 21:00:00,1755118814.0,0.0135
2025-08-13 22:00:00,1755122413.0,0.0135
2025-08-13 23:00:00,1755126005.0,0.0135
2025-08-14 00:00:00,1755129605.0,0.0135
2025-08-14 01:00:00,1755133203.0,0.0135
2025-08-14 02:00:00,1755136803.0,0.0135
2025-08-14 03:00:00,1755140414.0,0.0135
2025-08-14 04:00:00,1755144002.0,0.0135
2025-08-14 05:00:00,1755147611.0,0.0135
2025-08-14 06:00:00,1755151202.0,0.0135
2025-08-14 07:00:00,1755154809.0,0.0135
2025-08-14 08:00:00,1755158405.0,0.0135
2025-08-14 09:00:00,1755162005.0,0.0135
2025-08-14 10:00:00,1755165603.0,0.013
2025-08-14 11:00:00,1755169202.0,0.013
2025-08-14 12:00:00,1755172810.0,0.013
2025-08-14 13:00:00,1755176412.0,0.013
2025-08-14 14:00:00,1755180007.0,0.0135
2025-08-14 15:00:00,1755183610.0,0.0135
2025-08-14 16:00:00,1755187214.0,0.0135
2025-08-14 17:00:00,1755190815.0,0.0135
2025-08-14 18:00:00,1755194414.0,0.0135
2025-08-14 19:00:00,1755198006.0,0.0135
2025-08-14 20:00:00,1755201602.0,0.0135
2025-08-14 21:00:00,1755205211.0,0.0135
2025-08-14 22:00:00,1755208802.0,0.0135
2025-08-14 23:00:00,1755212408.0,0.0135
2025-08-15 00:00:00,1755216002.0,0.013
2025-08-15 01:00:00,1755219604.0,0.013
2025-08-15 02:00:00,1755223205.0,0.013
2025-08-15 03:00:00,1755226809.0,0.013
2025-08-15 04:00:00,1755230405.0,0.013
2025-08-15 05:00:00,1755234004.0,0.0125
2025-08-15 06:00:00,1755237607.0,0.0125
2025-08-15 07:00:00,1755241204.0,0.0125
2025-08-15 08:00:00,1755244811.0,0.0125
2025-08-15 09:00:00,1755248403.0,0.0125
2025-08-15 10:00:00,1755252010.0,0.0125
2025-08-15 11:00:00,1755255607.0,0.0135
2025-08-15 12:00:00,1755259219.0,0.0135
2025-08-15 13:00:00,1755262806.0,0.0135
2025-08-15 14:00:00,1755266406.0,0.0135
2025-08-15 15:00:00,1755270014.0,0.014
2025-08-15 16:00:00,1755273607.0,0.014
2025-08-15 17:00:00,1755277202.0,0.014
2025-08-15 18:00:00,1755280806.0,0.014
2025-08-15 19:00:00,1755284404.0,0.014
2025-08-15 20:00:00,1755288004.0,0.014
2025-08-15 21:00:00,1755291611.0,0.014
2025-08-15 22:00:00,1755295213.0,0.014
2025-08-15 23:00:00,1755298803.0,0.014
2025-08-16 00:00:00,1755302405.0,0.014
2025-08-16 01:00:00,1755306003.0,0.014
2025-08-16 02:00:00,1755309613.0,0.014
2025-08-16 03:00:00,1755313206.0,0.014
2025-08-16 04:00:00,1755316813.0,0.014
2025-08-16 05:00:00,1755320412.0,0.014
2025-08-16 06:00:00,1755324006.0,0.014
2025-08-16 07:00:00,1755327602.0,0.014
2025-08-16 08:00:00,1755331205.0,0.014
2025-08-16 09:00:00,1755334811.0,0.014
2025-08-16 10:00:00,1755338414.0,0.0175
2025-08-16 11:00:00,1755342002.0,0.0175
2025-08-16 12:00:00,1755345604.0,0.0175
2025-08-16 13:00:00,1755349202.0,0.0175
2025-08-16 14:00:00,1755352807.0,0.0145
2025-08-16 15:00:00,1755356407.0,0.0145
2025-08-16 16:00:00,1755360010.0,0.0145
2025-08-16 17:00:00,1755363618.0,0.0185
2025-08-16 18:00:00,1755367202.0,0.0185
2025-08-16 19:00:00,1755370809.0,0.0185
2025-08-16 20:00:00,1755374412.0,0.0185
2025-08-16 21:00:00,1755378004.0,0.0185
2025-08-16 22:00:00,1755381602.0,0.0185
2025-08-16 23:00:00,1755385209.0,0.0185
2025-08-17 00:00:00,1755388802.0,0.0185
2025-08-17 01:00:00,1755392412.0,0.0185
2025-08-17 02:00:00,1755396011.0,0.0185
2025-08-17 03:00:00,1755399614.0,0.0185
2025-08-17 04:00:00,1755403211.0,0.0185
2025-08-17 05:00:00,1755406805.0,0.0185
2025-08-17 06:00:00,1755410411.0,0.0185
2025-08-17 07:00:00,1755414009.0,0.0185
2025-08-17 08:00:00,1755417602.0,0.0185
2025-08-17 09:00:00,1755421207.0,0.0185
2025-08-17 10:00:00,1755424804.0,0.0185
2025-08-17 11:00:00,1755428410.0,0.0195
2025-08-17 12:00:00,1755432006.0,0.0195
2025-08-17 13:00:00,1755435608.0,0.0195
2025-08-17 14:00:00,1755439213.0,0.0195
2025-08-17 15:00:00,1755442815.0,0.0195
2025-08-17 16:00:00,1755446407.0,0.0195
2025-08-17 17:00:00,1755450004.0,0.0195
2025-08-17 18:00:00,1755453612.0,0.0195
2025-08-17 19:00:00,1755457213.0,0.0195
2025-08-17 20:00:00,1755460813.0,0.0195
2025-08-17 21:00:00,1755464405.0,0.0195
2025-08-17 22:00:00,1755468004.0,0.0195
2025-08-17 23:00:00,1755471607.0,0.0195
2025-08-18 00:00:00,1755475206.0,0.0195
2025-08-18 01:00:00,1755478802.0,0.0195
2025-08-18 02:00:00,1755482411.0,0.0195
2025-08-18 03:00:00,1755486015.0,0.0195
2025-08-18 04:00:00,1755489605.0,0.0195
2025-08-18 05:00:00,1755493211.0,0.0195
2025-08-18 06:00:00,1755496807.0,0.0195
2025-08-18 07:00:00,1755500406.0,0.0195
2025-08-18 08:00:00,1755504006.0,0.0195
2025-08-18 09:00:00,1755507607.0,0.0195
2025-08-18 10:00:00,1755511203.0,0.0195
2025-08-18 11:00:00,1755514805.0,0.0195
2025-08-18 12:00:00,1755518411.0,0.0195
2025-08-18 13:00:00,1755522004.0,0.0195
2025-08-18 14:00:00,1755525604.0,0.0195
2025-08-18 15:00:00,1755529209.0,0.0195
2025-08-18 16:00:00,1755532814.0,0.0195
2025-08-18 17:00:00,1755536410.0,0.0195
2025-08-18 18:00:00,1755540009.0,0.0195
2025-08-18 19:00:00,1755543606.0,0.0195
2025-08-18 20:00:00,1755547211.0,0.0195
2025-08-18 21:00:00,1755550810.0,0.0195
2025-08-18 22:00:00,1755554409.0,0.0195
2025-08-18 23:00:00,1755558008.0,0.0195
2025-08-19 00:00:00,1755561604.0,0.0195
2025-08-19 01:00:00,1755565212.0,0.0195
2025-08-19 02:00:00,1755568809.0,0.021
2025-08-19 03:00:00,1755572414.0,0.021
2025-08-19 04:00:00,1755576016.0,0.021
2025-08-19 05:00:00,1755579603.0,0.021
2025-08-19 06:00:00,1755583205.0,0.021
2025-08-19 07:00:00,1755586816.0,0.021
2025-08-19 08:00:00,1755590410.0,0.021
2025-08-19 09:00:00,1755594016.0,0.021
2025-08-19 10:00:00,1755597605.0,0.021
2025-08-19 11:00:00,1755601212.0,0.021
2025-08-19 12:00:00,1755604806.0,0.021
2025-08-19 13:00:00,1755608406.0,0.021
2025-08-19 14:00:00,1755612011.0,0.021
2025-08-19 15:00:00,1755615610.0,0.021
2025-08-19 16:00:00,1755619204.0,0.02
2025-08-19 17:00:00,1755622811.0,0.02
2025-08-19 18:00:00,1755626408.0,0.02
2025-08-19 19:00:00,1755630007.0,0.02
2025-08-19 20:00:00,1755633614.0,0.02
2025-08-19 21:00:00,1755637202.0,0.02
2025-08-19 22:00:00,1755640807.0,0.02
2025-08-19 23:00:00,1755644411.0,0.02
2025-08-20 00:00:00,1755648008.0,0.02
2025-08-20 01:00:00,1755651602.0,0.02
2025-08-20 02:00:00,1755655208.0,0.02
2025-08-20 03:00:00,1755658808.0,0.02
2025-08-20 04:00:00,1755662409.0,0.02
2025-08-20 05:00:00,1755666003.0,0.02
2025-08-20 06:00:00,1755669603.0,0.02
2025-08-20 07:00:00,1755673206.0,0.02
2025-08-20 08:00:00,1755676813.0,0.02
2025-08-20 09:00:00,1755680402.0,0.02
2025-08-20 10:00:00,1755684009.0,0.02
2025-08-20 11:00:00,1755687611.0,0.02
2025-08-20 12:00:00,1755691208.0,0.02
2025-08-20 13:00:00,1755694806.0,0.02
2025-08-20 14:00:00,1755698411.0,0.0205
2025-08-20 15:00:00,1755702005.0,0.0205
2025-08-20 16:00:00,1755705603.0,0.0205
2025-08-20 17:00:00,1755709207.0,0.0205
2025-08-20 18:00:00,1755712808.0,0.0205
2025-08-20 19:00:00,1755716411.0,0.0205
2025-08-20 20:00:00,1755720009.0,0.0205
2025-08-20 21:00:00,1755723605.0,0.0205
2025-08-20 22:00:00,1755727213.0,0.0205
2025-08-20 23:00:00,1755730812.0,0.0205
2025-08-21 00:00:00,1755734403.0,0.02
2025-08-21 01:00:00,1755738004.0,0.02
2025-08-21 02:00:00,1755741610.0,0.02
2025-08-21 03:00:00,1755745214.0,0.02
2025-08-21 04:00:00,1755748813.0,0.02
2025-08-21 05:00:00,1755752404.0,0.02
2025-08-21 06:00:00,1755756013.0,0.02
2025-08-21 07:00:00,1755759605.0,0.02
2025-08-21 08:00:00,1755763206.0,0.02
2025-08-21 09:00:00,1755766815.0,0.02
2025-08-21 10:00:00,1755770412.0,0.02
2025-08-21 11:00:00,1755774010.0,0.02
2025-08-21 12:00:00,1755777618.0,0.02
2025-08-21 13:00:00,1755781206.0,0.02
2025-08-21 14:00:00,1755784814.0,0.02
2025-08-21 15:00:00,1755788414.0,0.02
2025-08-21 16:00:00,1755792007.0,0.0205
2025-08-21 17:00:00,1755795613.0,0.0205
2025-08-21 18:00:00,1755799211.0,0.0205
2025-08-21 19:00:00,1755802810.0,0.0205
2025-08-21 20:00:00,1755806405.0,0.0205
2025-08-21 21:00:00,1755810008.0,0.0205
2025-08-21 22:00:00,1755813602.0,0.0205
2025-08-21 23:00:00,1755817203.0,0.0205
2025-08-22 00:00:00,1755820803.0,0.0205
2025-08-22 01:00:00,1755824406.0,0.0205
2025-08-22 02:00:00,1755828011.0,0.0205
2025-08-22 03:00:00,1755831602.0,0.0205
2025-08-22 04:00:00,1755835205.0,0.0205
2025-08-22 05:00:00,1755838811.0,0.0205
2025-08-22 06:00:00,1755842412.0,0.0205
2025-08-22 07:00:00,1755846003.0,0.0205
2025-08-22 08:00:00,1755849608.0,0.0205
2025-08-22 09:00:00,1755853213.0,0.0205
2025-08-22 10:00:00,1755856810.0,0.0205
2025-08-22 11:00:00,1755860408.0,0.0205
2025-08-22 12:00:00,1755864018.0,0.0205
2025-08-22 13:00:00,1755867602.0,0.0205
2025-08-22 14:00:00,1755871211.0,0.0205
2025-08-22 15:00:00,1755874809.0,0.0205
2025-08-22 16:00:00,1755878402.0,0.0205
2025-08-22 17:00:00,1755882011.0,0.0205
2025-08-22 18:00:00,1755885616.0,0.0205
2025-08-22 19:00:00,1755889214.0,0.0205
2025-08-22 20:00:00,1755892814.0,0.0205
2025-08-22 21:00:00,1755896402.0,0.0205
2025-08-22 22:00:00,1755900012.0,0.0205
2025-08-22 23:00:00,1755903605.0,0.0205
2025-08-23 00:00:00,1755907217.0,0.0205
2025-08-23 01:00:00,1755910803.0,0.0205
2025-08-23 02:00:00,1755914413.0,0.0205
2025-08-23 03:00:00,1755918018.0,0.0205
2025-08-23 04:00:00,1755921602.0,0.0205
2025-08-23 05:00:00,1755925205.0,0.0205
2025-08-23 06:00:00,1755928810.0,0.0205
2025-08-23 07:00:00,1755932411.0,0.0205
2025-08-23 08:00:00,1755936010.0,0.0205
2025-08-23 09:00:00,1755939606.0,0.0205
2025-08-23 10:00:00,1755943212.0,0.0205
2025-08-23 11:00:00,1755946805.0,0.0205
2025-08-23 12:00:00,1755950414.0,0.0205
2025-08-23 13:00:00,1755954010.0,0.0205
2025-08-23 14:00:00,1755957613.0,0.0205
2025-08-23 15:00:00,1755961216.0,0.0205
2025-08-23 16:00:00,1755964814.0,0.0205
2025-08-23 17:00:00,1755968416.0,0.0205
2025-08-23 18:00:00,1755972003.0,0.0205
2025-08-23 19:00:00,1755975605.0,0.0205
2025-08-23 20:00:00,1755979212.0,0.0205
2025-08-23 21:00:00,1755982802.0,0.0205
2025-08-23 22:00:00,1755986417.0,0.0205
2025-08-23 23:00:00,1755990017.0,0.0205
2025-08-24 00:00:00,1755993605.0,0.0205
2025-08-24 01:00:00,1755997202.0,0.0205
2025-08-24 02:00:00,1756000812.0,0.0205
2025-08-24 03:00:00,1756004410.0,0.0205
2025-08-24 04:00:00,1756008012.0,0.0205
2025-08-24 05:00:00,1756011616.0,0.0205
2025-08-24 06:00:00,1756015206.0,0.0205
2025-08-24 07:00:00,1756018809.0,0.0205
2025-08-24 08:00:00,1756022416.0,0.0205
2025-08-24 09:00:00,1756026002.0,0.0205
2025-08-24 10:00:00,1756029611.0,0.0205
2025-08-24 11:00:00,1756033217.0,0.0205
2025-08-24 12:00:00,1756036816.0,0.0205
2025-08-24 13:00:00,1756040406.0,0.0205
2025-08-24 14:00:00,1756044002.0,0.0185
2025-08-24 15:00:00,1756047612.0,0.0185
2025-08-24 16:00:00,1756051208.0,0.0185
2025-08-24 17:00:00,1756054806.0,0.0185
2025-08-24 18:00:00,1756058415.0,0.0165
2025-08-24 19:00:00,1756062011.0,0.0165
2025-08-24 20:00:00,1756065606.0,0.0165
2025-08-24 21:00:00,1756069209.0,0.0165
2025-08-24 22:00:00,1756072805.0,0.0165
2025-08-24 23:00:00,1756076415.0,0.0165
2025-08-25 00:00:00,1756080005.0,0.0165
2025-08-25 01:00:00,1756083608.0,0.0165
2025-08-25 02:00:00,1756087213.0,0.0165
2025-08-25 03:00:00,1756090807.0,0.0165
2025-08-25 04:00:00,1756094417.0,0.0165
2025-08-25 05:00:00,1756098015.0,0.0165
2025-08-25 06:00:00,1756101616.0,0.0165
2025-08-25 07:00:00,1756105206.0,0.0165
2025-08-25 08:00:00,1756108806.0,0.0165
2025-08-25 09:00:00,1756112419.0,0.0165
2025-08-25 10:00:00,1756116002.0,0.0165
2025-08-25 11:00:00,1756119616.0,0.0165
2025-08-25 12:00:00,1756123207.0,0.0165
2025-08-25 13:00:00,1756126815.0,0.0165
2025-08-25 14:00:00,1756130402.0,0.0165
2025-08-25 15:00:00,1756134006.0,0.0165
2025-08-25 16:00:00,1756137605.0,0.017
2025-08-25 17:00:00,1756141203.0,0.017
2025-08-25 18:00:00,1756144812.0,0.017
2025-08-25 19:00:00,1756148410.0,0.017
2025-08-25 20:00:00,1756152004.0,0.017
2025-08-25 21:00:00,1756155618.0,0.017
2025-08-25 22:00:00,1756159208.0,0.017
2025-08-25 23:00:00,1756162810.0,0.017
2025-08-26 00:00:00,1756166406.0,0.017
2025-08-26 01:00:00,1756170005.0,0.017
2025-08-26 02:00:00,1756173610.0,0.015
2025-08-26 03:00:00,1756177215.0,0.015
2025-08-26 04:00:00,1756180808.0,0.015
2025-08-26 05:00:00,1756184404.0,0.015
2025-08-26 06:00:00,1756188011.0,0.015
2025-08-26 07:00:00,1756191610.0,0.015
2025-08-26 08:00:00,1756195210.0,0.015
2025-08-26 09:00:00,1756198815.0,0.015
2025-08-26 10:00:00,1756202403.0,0.015
2025-08-26 11:00:00,1756206008.0,0.015
2025-08-26 12:00:00,1756209605.0,0.015
2025-08-26 13:00:00,1756213207.0,0.015
2025-08-26 14:00:00,1756216814.0,0.0145
2025-08-26 15:00:00,1756220413.0,0.0145
2025-08-26 16:00:00,1756224006.0,0.0145
2025-08-26 17:00:00,1756227608.0,0.0145
2025-08-26 18:00:00,1756231213.0,0.0145
2025-08-26 19:00:00,1756234814.0,0.0145
2025-08-26 20:00:00,1756238406.0,0.0145
2025-08-26 21:00:00,1756242012.0,0.0145
2025-08-26 22:00:00,1756245610.0,0.0235
2025-08-26 23:00:00,1756249202.0,0.0275
2025-08-27 00:00:00,1756252810.0,0.027
2025-08-27 01:00:00,1756256404.0,0.0275
2025-08-27 02:00:00,1756260003.0,0.0275
2025-08-27 03:00:00,1756263610.0,0.027
2025-08-27 04:00:00,1756267215.0,0.027
2025-08-27 05:00:00,1756270806.0,0.027
2025-08-27 06:00:00,1756274404.0,0.0275
2025-08-27 07:00:00,1756278011.0,0.027
2025-08-27 08:00:00,1756281602.0,0.0275
2025-08-27 09:00:00,1756285207.0,0.028
2025-08-27 10:00:00,1756288816.0,0.028
2025-08-27 11:00:00,1756292405.0,0.028
2025-08-27 12:00:00,1756296012.0,0.028
2025-08-27 13:00:00,1756299606.0,0.028
2025-08-27 14:00:00,1756303221.0,0.028
2025-08-27 15:00:00,1756306810.0,0.027
2025-08-27 16:00:00,1756310410.0,0.027
2025-08-27 17:00:00,1756314013.0,0.027
2025-08-27 18:00:00,1756317616.0,0.027
2025-08-27 19:00:00,1756321210.0,0.027
2025-08-27 20:00:00,1756324813.0,0.027
2025-08-27 21:00:00,1756328410.0,0.027
2025-08-27 22:00:00,1756332019.0,0.027
2025-08-27 23:00:00,1756335619.0,0.027
2025-08-28 00:00:00,1756339206.0,0.027
2025-08-28 01:00:00,1756342808.0,0.027
2025-08-28 02:00:00,1756346412.0,0.027
2025-08-28 03:00:00,1756350014.0,0.027
2025-08-28 04:00:00,1756353604.0,0.027
2025-08-28 05:00:00,1756357218.0,0.027
2025-08-28 06:00:00,1756360813.0,0.027
2025-08-28 07:00:00,1756364411.0,0.027
2025-08-28 08:00:00,1756368005.0,0.027
2025-08-28 09:00:00,1756371618.0,0.027
2025-08-28 10:00:00,1756375218.0,0.027
2025-08-28 11:00:00,1756378812.0,0.027
2025-08-28 12:00:00,1756382425.0,0.027
2025-08-28 13:00:00,1756386016.0,0.027
2025-08-28 14:00:00,1756389616.0,0.027
2025-08-28 15:00:00,1756393203.0,0.027
2025-08-28 16:00:00,1756396807.0,0.027
2025-08-28 17:00:00,1756400402.0,0.027
2025-08-28 18:00:00,1756404019.0,0.027
2025-08-28 19:00:00,1756407615.0,0.027
2025-08-28 20:00:00,1756411206.0,0.027
2025-08-28 21:00:00,1756414803.0,0.027
2025-08-28 22:00:00,1756418408.0,0.027
2025-08-28 23:00:00,1756422006.0,0.027
2025-08-29 00:00:00,1756425605.0,0.027
2025-08-29 01:00:00,1756429212.0,0.027
2025-08-29 02:00:00,1756432806.0,0.027
2025-08-29 03:00:00,1756436417.0,0.027
2025-08-29 04:00:00,1756440013.0,0.027
2025-08-29 05:00:00,1756443605.0,0.0265
2025-08-29 06:00:00,1756447210.0,0.0265
2025-08-29 07:00:00,1756450813.0,0.027
2025-08-29 08:00:00,1756454418.0,0.026
2025-08-29 09:00:00,1756458019.0,0.0265
2025-08-29 10:00:00,1756461622.0,0.027
2025-08-29 11:00:00,1756465219.0,0.027
2025-08-29 12:00:00,1756468805.0,0.027
2025-08-29 13:00:00,1756472409.0,0.0265
2025-08-29 14:00:00,1756476022.0,0.027
2025-08-29 15:00:00,1756479612.0,0.025
2025-08-29 16:00:00,1756483207.0,0.025
2025-08-29 17:00:00,1756486809.0,0.025
2025-08-29 18:00:00,1756490421.0,0.025
2025-08-29 19:00:00,1756494017.0,0.025
2025-08-29 20:00:00,1756497603.0,0.025
2025-08-29 21:00:00,1756501225.0,0.025
2025-08-29 22:00:00,1756504805.0,0.025
2025-08-29 23:00:00,1756508416.0,0.025
2025-08-30 00:00:00,1756512010.0,0.025
2025-08-30 01:00:00,1756515608.0,0.025
2025-08-30 02:00:00,1756519212.0,0.025
2025-08-30 03:00:00,1756522804.0,0.025
2025-08-30 04:00:00,1756526412.0,0.025
2025-08-30 05:00:00,1756530009.0,0.025
2025-08-30 06:00:00,1756533609.0,0.025
2025-08-30 07:00:00,1756537220.0,0.025
2025-08-30 08:00:00,1756540806.0,0.025
2025-08-30 09:00:00,1756544418.0,0.0255
2025-08-30 10:00:00,1756548012.0,0.0255
2025-08-30 11:00:00,1756551615.0,0.0255
2025-08-30 12:00:00,1756555220.0,0.0255
2025-08-30 13:00:00,1756558815.0,0.0255
2025-08-30 14:00:00,1756562407.0,0.0255
2025-08-30 15:00:00,1756566017.0,0.0255
2025-08-30 16:00:00,1756569616.0,0.0255
2025-08-30 17:00:00,1756573215.0,0.0255
2025-08-30 18:00:00,1756576802.0,0.0255
2025-08-30 19:00:00,1756580408.0,0.0255
2025-08-30 20:00:00,1756584008.0,0.0255
2025-08-30 21:00:00,1756587616.0,0.0255
2025-08-30 22:00:00,1756591210.0,0.0255
2025-08-30 23:00:00,1756594818.0,0.0255
2025-08-31 00:00:00,1756598402.0,0.0255
2025-08-31 01:00:00,1756602016.0,0.0255
2025-08-31 02:00:00,1756605605.0,0.0255
2025-08-31 03:00:00,1756609205.0,0.0255
2025-08-31 04:00:00,1756612810.0,0.0255
2025-08-31 05:00:00,1756616407.0,0.0255
2025-08-31 06:00:00,1756620023.0,0.0255
2025-08-31 07:00:00,1756623609.0,0.0255
2025-08-31 08:00:00,1756627216.0,0.0255
2025-08-31 09:00:00,1756630810.0,0.0255
2025-08-31 10:00:00,1756634421.0,0.0255
2025-08-31 11:00:00,1756638007.0,0.0255
2025-08-31 12:00:00,1756641609.0,0.0255
2025-08-31 13:00:00,1756645202.0,0.0255
2025-08-31 14:00:00,1756648813.0,0.0255
2025-08-31 15:00:00,1756652417.0,0.0255
2025-08-31 16:00:00,1756656002.0,0.0255
2025-08-31 17:00:00,1756659609.0,0.0255
2025-08-31 18:00:00,1756663223.0,0.0255
2025-08-31 19:00:00,1756666812.0,0.0255
2025-08-31 20:00:00,1756670406.0,0.0255
2025-08-31 21:00:00,1756674012.0,0.0255
2025-08-31 22:00:00,1756677610.0,0.0255
2025-08-31 23:00:00,1756681202.0,0.0255
2025-09-01 00:00:00,1756684805.0,0.0255
2025-09-01 01:00:00,1756688410.0,0.0255
2025-09-01 02:00:00,1756692007.0,0.0255
2025-09-01 03:00:00,1756695615.0,0.0255
2025-09-01 04:00:00,1756699218.0,0.0255
2025-09-01 05:00:00,1756702811.0,0.0255
2025-09-01 06:00:00,1756706405.0,0.0255
2025-09-01 07:00:00,1756710018.0,0.0255
2025-09-01 08:00:00,1756713612.0,0.0255
2025-09-01 09:00:00,1756717206.0,0.0255
2025-09-01 10:00:00,1756720812.0,0.0255
2025-09-01 11:00:00,1756724412.0,0.0255
2025-09-01 12:00:00,1756728008.0,0.0255
2025-09-01 13:00:00,1756731611.0,0.0255
2025-09-01 14:00:00,1756735211.0,0.0255
2025-09-01 15:00:00,1756738804.0,0.0255
2025-09-01 16:00:00,1756742403.0,0.0255
2025-09-01 17:00:00,1756746017.0,0.0255
2025-09-01 18:00:00,1756749610.0,0.0255
2025-09-01 19:00:00,1756753206.0,0.0255
2025-09-01 20:00:00,1756756803.0,0.0255
2025-09-01 21:00:00,1756760405.0,0.0255
2025-09-01 22:00:00,1756764006.0,0.0255
2025-09-01 23:00:00,1756767613.0,0.0255
2025-09-02 00:00:00,1756771209.0,0.0255
2025-09-02 01:00:00,1756774807.0,0.0255
2025-09-02 02:00:00,1756778406.0,0.0255
2025-09-02 03:00:00,1756782019.0,0.0255
2025-09-02 04:00:00,1756785623.0,0.0255
2025-09-02 05:00:00,1756789210.0,0.0255
2025-09-02 06:00:00,1756792811.0,0.0255
2025-09-02 07:00:00,1756796413.0,0.0255
2025-09-02 08:00:00,1756800005.0,0.0255
2025-09-02 09:00:00,1756803611.0,0.0255
2025-09-02 10:00:00,1756807216.0,0.0255
2025-09-02 11:00:00,1756810804.0,0.0255
2025-09-02 12:00:00,1756814403.0,0.0255
2025-09-02 13:00:00,1756818020.0,0.0255
2025-09-02 14:00:00,1756821610.0,0.0255
2025-09-02 15:00:00,1756825210.0,0.0255
2025-09-02 16:00:00,1756828804.0,0.0255
2025-09-02 17:00:00,1756832421.0,0.0255
2025-09-02 18:00:00,1756836023.0,0.0255
2025-09-02 19:00:00,1756839615.0,0.0255
2025-09-02 20:00:00,1756843218.0,0.0255
2025-09-02 21:00:00,1756846810.0,0.0255
2025-09-02 22:00:00,1756850415.0,0.0255
2025-09-02 23:00:00,1756854018.0,0.0255
2025-09-03 00:00:00,1756857612.0,0.0255
2025-09-03 01:00:00,1756861210.0,0.0255
2025-09-03 02:00:00,1756864815.0,0.0255
2025-09-03 03:00:00,1756868419.0,0.0255
2025-09-03 04:00:00,1756872014.0,0.0255
2025-09-03 05:00:00,1756875603.0,0.0255
2025-09-03 06:00:00,1756879221.0,0.0255
2025-09-03 07:00:00,1756882802.0,0.0255
2025-09-03 08:00:00,1756886406.0,0.0255
2025-09-03 09:00:00,1756890009.0,0.026
2025-09-03 10:00:00,1756893610.0,0.026
2025-09-03 11:00:00,1756897207.0,0.026
2025-09-03 12:00:00,1756900819.0,0.026
2025-09-03 13:00:00,1756904411.0,0.026
2025-09-03 14:00:00,1756908008.0,0.026
2025-09-03 15:00:00,1756911616.0,0.026
2025-09-03 16:00:00,1756915214.0,0.026
2025-09-03 17:00:00,1756918822.0,0.026
2025-09-03 18:00:00,1756922414.0,0.026
2025-09-03 19:00:00,1756926010.0,0.026
2025-09-03 20:00:00,1756929620.0,0.026
2025-09-03 21:00:00,1756933218.0,0.026
2025-09-03 22:00:00,1756936803.0,0.026
2025-09-03 23:00:00,1756940406.0,0.026
2025-09-04 00:00:00,1756944008.0,0.026
2025-09-04 01:00:00,1756947608.0,0.026
2025-09-04 02:00:00,1756951213.0,0.026
2025-09-04 03:00:00,1756954806.0,0.026
2025-09-04 04:00:00,1756958405.0,0.026
2025-09-04 05:00:00,1756962004.0,0.026
2025-09-04 06:00:00,1756965625.0,0.026
2025-09-04 07:00:00,1756969203.0,0.026
2025-09-04 08:00:00,1756972804.0,0.026
2025-09-04 09:00:00,1756976406.0,0.026
2025-09-04 10:00:00,1756980017.0,0.026
2025-09-04 11:00:00,1756983618.0,0.026
2025-09-04 12:00:00,1756987232.0,0.026
2025-09-04 13:00:00,1756990812.0,0.026
2025-09-04 14:00:00,1756994417.0,0.026
2025-09-04 15:00:00,1756998019.0,0.026
2025-09-04 16:00:00,1757001620.0,0.026
2025-09-04 17:00:00,1757005210.0,0.026
2025-09-04 18:00:00,1757008815.0,0.026
2025-09-04 19:00:00,1757012423.0,0.026
2025-09-04 20:00:00,1757016002.0,0.026
2025-09-04 21:00:00,1757019608.0,0.026
2025-09-04 22:00:00,1757023218.0,0.0255
2025-09-04 23:00:00,1757026823.0,0.0285
2025-09-05 00:00:00,1757030409.0,0.0285
2025-09-05 01:00:00,1757034010.0,0.0285
2025-09-05 02:00:00,1757037605.0,0.0285
2025-09-05 03:00:00,1757041202.0,0.0285
2025-09-05 04:00:00,1757044815.0,0.0285
2025-09-05 05:00:00,1757048404.0,0.0285
2025-09-05 06:00:00,1757052023.0,0.0285
2025-09-05 07:00:00,1757055609.0,0.0285
2025-09-05 08:00:00,1757059216.0,0.0285
2025-09-05 09:00:00,1757062803.0,0.0285
2025-09-05 10:00:00,1757066411.0,0.0285
2025-09-05 11:00:00,1757070002.0,0.0285
2025-09-05 12:00:00,1757073606.0,0.0285
2025-09-05 13:00:00,1757077205.0,0.0285
2025-09-05 14:00:00,1757080817.0,0.0285
2025-09-05 15:00:00,1757084423.0,0.0285
2025-09-05 16:00:00,1757088008.0,0.0285
2025-09-05 17:00:00,1757091618.0,0.0285
2025-09-05 18:00:00,1757095222.0,0.0285
2025-09-05 19:00:00,1757098805.0,0.0285
2025-09-05 20:00:00,1757102416.0,0.0285
2025-09-05 21:00:00,1757106009.0,0.0285
2025-09-05 22:00:00,1757109611.0,0.023
2025-09-05 23:00:00,1757113220.0,0.023
2025-09-06 00:00:00,1757116818.0,0.023
2025-09-06 01:00:00,1757120413.0,0.023
2025-09-06 02:00:00,1757124019.0,0.023
2025-09-06 03:00:00,1757127617.0,0.023
2025-09-06 04:00:00,1757131204.0,0.023
2025-09-06 05:00:00,1757134822.0,0.023
2025-09-06 06:00:00,1757138404.0,0.023
2025-09-06 07:00:00,1757142011.0,0.0225
2025-09-06 08:00:00,1757145605.0,0.023
2025-09-06 09:00:00,1757149223.0,0.023
2025-09-06 10:00:00,1757152821.0,0.023
2025-09-06 11:00:00,1757156410.0,0.023
2025-09-06 12:00:00,1757160015.0,0.023
2025-09-06 13:00:00,1757163609.0,0.023
2025-09-06 14:00:00,1757167220.0,0.0225
2025-09-06 15:00:00,1757170816.0,0.023
2025-09-06 16:00:00,1757174407.0,0.023
2025-09-06 17:00:00,1757178011.0,0.0235
2025-09-06 18:00:00,1757181612.0,0.023
2025-09-06 19:00:00,1757185220.0,0.0205
2025-09-06 20:00:00,1757188822.0,0.0205
2025-09-06 21:00:00,1757192404.0,0.0205
2025-09-06 22:00:00,1757196008.0,0.0205
2025-09-06 23:00:00,1757199616.0,0.0205
2025-09-07 00:00:00,1757203208.0,0.0205
2025-09-07 01:00:00,1757206811.0,0.0205
2025-09-07 02:00:00,1757210414.0,0.0205
2025-09-07 03:00:00,1757214025.0,0.0205
2025-09-07 04:00:00,1757217621.0,0.0205
2025-09-07 05:00:00,1757221209.0,0.0205
2025-09-07 06:00:00,1757224816.0,0.0205
2025-09-07 07:00:00,1757228405.0,0.0205
2025-09-07 08:00:00,1757232004.0,0.0205
2025-09-07 09:00:00,1757235630.0,0.0205
2025-09-07 10:00:00,1757239220.0,0.0205
2025-09-07 11:00:00,1757242808.0,0.0225
2025-09-07 12:00:00,1757246408.0,0.023
2025-09-07 13:00:00,1757250004.0,0.022
2025-09-07 14:00:00,1757253605.0,0.022
2025-09-07 15:00:00,1757257215.0,0.022
2025-09-07 16:00:00,1757260813.0,0.022
2025-09-07 17:00:00,1757264403.0,0.022
2025-09-07 18:00:00,1757268008.0,0.022
2025-09-07 19:00:00,1757271618.0,0.022
2025-09-07 20:00:00,1757275211.0,0.022
2025-09-07 21:00:00,1757278813.0,0.022
2025-09-07 22:00:00,1757282408.0,0.022
2025-09-07 23:00:00,1757286016.0,0.022
2025-09-08 00:00:00,1757289604.0,0.022
2025-09-08 01:00:00,1757293209.0,0.022
2025-09-08 02:00:00,1757296814.0,0.022
2025-09-08 03:00:00,1757300407.0,0.022
2025-09-08 04:00:00,1757304021.0,0.022
2025-09-08 05:00:00,1757307606.0,0.022
2025-09-08 06:00:00,1757311222.0,0.022
2025-09-08 07:00:00,1757314817.0,0.022
2025-09-08 08:00:00,1757318412.0,0.0215
2025-09-08 09:00:00,1757322011.0,0.022
2025-09-08 10:00:00,1757325604.0,0.02
2025-09-08 11:00:00,1757329212.0,0.02
2025-09-08 12:00:00,1757332816.0,0.02
2025-09-08 13:00:00,1757336419.0,0.02
2025-09-08 14:00:00,1757340014.0,0.02
2025-09-08 15:00:00,1757343608.0,0.02
2025-09-08 16:00:00,1757347202.0,0.02
2025-09-08 17:00:00,1757350802.0,0.02
2025-09-08 18:00:00,1757354405.0,0.02
2025-09-08 19:00:00,1757358004.0,0.02
2025-09-08 20:00:00,1757361617.0,0.019
2025-09-08 21:00:00,1757365215.0,0.019
2025-09-08 22:00:00,1757368809.0,0.019
2025-09-08 23:00:00,1757372415.0,0.0185
2025-09-09 00:00:00,1757376007.0,0.0185
2025-09-09 01:00:00,1757379612.0,0.019
2025-09-09 02:00:00,1757383213.0,0.019
2025-09-09 03:00:00,1757386806.0,0.019
2025-09-09 04:00:00,1757390417.0,0.019
2025-09-09 05:00:00,1757394018.0,0.019
2025-09-09 06:00:00,1757397611.0,0.019
2025-09-09 07:00:00,1757401202.0,0.019
2025-09-09 08:00:00,1757404805.0,0.019
2025-09-09 09:00:00,1757408414.0,0.019
2025-09-09 10:00:00,1757412009.0,0.019
2025-09-09 11:00:00,1757415607.0,0.0185
2025-09-09 12:00:00,1757419212.0,0.019
2025-09-09 13:00:00,1757422802.0,0.019
2025-09-09 14:00:00,1757426406.0,0.019
2025-09-09 15:00:00,1757430019.0,0.019
2025-09-09 16:00:00,1757433616.0,0.019
2025-09-09 17:00:00,1757437214.0,0.019
2025-09-09 18:00:00,1757440827.0,0.019
2025-09-09 19:00:00,1757444404.0,0.019
2025-09-09 20:00:00,1757448017.0,0.019
2025-09-09 21:00:00,1757451616.0,0.019
2025-09-09 22:00:00,1757455209.0,0.019
2025-09-09 23:00:00,1757458813.0,0.019
2025-09-10 00:00:00,1757462403.0,0.019
2025-09-10 01:00:00,1757466009.0,0.019
2025-09-10 02:00:00,1757469617.0,0.019
2025-09-10 03:00:00,1757473211.0,0.019
2025-09-10 04:00:00,1757476821.0,0.019
2025-09-10 05:00:00,1757480404.0,0.019
2025-09-10 06:00:00,1757484015.0,0.019
2025-09-10 07:00:00,1757487608.0,0.019
2025-09-10 08:00:00,1757491202.0,0.019
2025-09-10 09:00:00,1757494808.0,0.019
2025-09-10 10:00:00,1757498409.0,0.019
2025-09-10 11:00:00,1757502010.0,0.019
2025-09-10 12:00:00,1757505605.0,0.019
2025-09-10 13:00:00,1757509206.0,0.019
2025-09-10 14:00:00,1757512810.0,0.019
2025-09-10 15:00:00,1757516403.0,0.019
2025-09-10 16:00:00,1757520012.0,0.019
2025-09-10 17:00:00,1757523618.0,0.019
2025-09-10 18:00:00,1757527212.0,0.019
2025-09-10 19:00:00,1757530814.0,0.019
2025-09-10 20:00:00,1757534418.0,0.019
2025-09-10 21:00:00,1757538012.0,0.019
2025-09-10 22:00:00,1757541602.0,0.019
2025-09-10 23:00:00,1757545204.0,0.019
2025-09-11 00:00:00,1757548811.0,0.019
2025-09-11 01:00:00,1757552406.0,0.019
2025-09-11 02:00:00,1757556005.0,0.019
2025-09-11 03:00:00,1757559620.0,0.019
2025-09-11 04:00:00,1757563203.0,0.019
2025-09-11 05:00:00,1757566813.0,0.019
2025-09-11 06:00:00,1757570407.0,0.019
2025-09-11 07:00:00,1757574014.0,0.019
2025-09-11 08:00:00,1757577602.0,0.019
2025-09-11 09:00:00,1757581220.0,0.019
2025-09-11 10:00:00,1757584804.0,0.019
2025-09-11 11:00:00,1757588406.0,0.019
2025-09-11 12:00:00,1757592012.0,0.019
2025-09-11 13:00:00,1757595612.0,0.019
2025-09-11 14:00:00,1757599215.0,0.019
2025-09-11 15:00:00,1757602810.0,0.019
2025-09-11 16:00:00,1757606412.0,0.019
2025-09-11 17:00:00,1757610004.0,0.019
2025-09-11 18:00:00,1757613619.0,0.019
2025-09-11 19:00:00,1757617212.0,0.0195
2025-09-11 20:00:00,1757620819.0,0.019
2025-09-11 21:00:00,1757624428.0,0.019
2025-09-11 22:00:00,1757628013.0,0.019
2025-09-11 23:00:00,1757631624.0,0.019
2025-09-12 00:00:00,1757635227.0,0.019
2025-09-12 01:00:00,1757638811.0,0.019
2025-09-12 02:00:00,1757642420.0,0.019
2025-09-12 03:00:00,1757646004.0,0.019
2025-09-12 04:00:00,1757649614.0,0.019
2025-09-12 05:00:00,1757653211.0,0.019
2025-09-12 06:00:00,1757656802.0,0.019
2025-09-12 07:00:00,1757660406.0,0.019
2025-09-12 08:00:00,1757664011.0,0.019
2025-09-12 09:00:00,1757667622.0,0.019
2025-09-12 10:00:00,1757671212.0,0.019
2025-09-12 11:00:00,1757674824.0,0.019
2025-09-12 12:00:00,1757678425.0,0.019
2025-09-12 13:00:00,1757682002.0,0.019
2025-09-12 14:00:00,1757685606.0,0.019
2025-09-12 15:00:00,1757689220.0,0.019
2025-09-12 16:00:00,1757692820.0,0.019
2025-09-12 17:00:00,1757696420.0,0.019
2025-09-12 18:00:00,1757700011.0,0.019
2025-09-12 19:00:00,1757703619.0,0.0155
2025-09-12 20:00:00,1757707206.0,0.0155
2025-09-12 21:00:00,1757710811.0,0.0155
2025-09-12 22:00:00,1757714421.0,0.0155
2025-09-12 23:00:00,1757718015.0,0.015
2025-09-13 00:00:00,1757721607.0,0.015
2025-09-13 01:00:00,1757725210.0,0.015
2025-09-13 02:00:00,1757728812.0,0.015
2025-09-13 03:00:00,1757732418.0,0.015
2025-09-13 04:00:00,1757736008.0,0.015
2025-09-13 05:00:00,1757739612.0,0.015
2025-09-13 06:00:00,1757743209.0,0.015
2025-09-13 07:00:00,1757746818.0,0.015
2025-09-13 08:00:00,1757750408.0,0.015
2025-09-13 09:00:00,1757754007.0,0.015
2025-09-13 10:00:00,1757757615.0,0.015
2025-09-13 11:00:00,1757761218.0,0.015
2025-09-13 12:00:00,1757764822.0,0.015
2025-09-13 13:00:00,1757768416.0,0.015
2025-09-13 14:00:00,1757772003.0,0.015
2025-09-13 15:00:00,1757775620.0,0.015
2025-09-13 16:00:00,1757779207.0,0.015
2025-09-13 17:00:00,1757782809.0,0.015
2025-09-13 18:00:00,1757786414.0,0.015
2025-09-13 19:00:00,1757790021.0,0.015
2025-09-13 20:00:00,1757793617.0,0.015
2025-09-13 21:00:00,1757797203.0,0.015
2025-09-13 22:00:00,1757800819.0,0.015
2025-09-13 23:00:00,1757804422.0,0.015
2025-09-14 00:00:00,1757808017.0,0.015
2025-09-14 01:00:00,1757811608.0,0.015
2025-09-14 02:00:00,1757815215.0,0.015
2025-09-14 03:00:00,1757818825.0,0.015
2025-09-14 04:00:00,1757822423.0,0.015
2025-09-14 05:00:00,1757826003.0,0.015
2025-09-14 06:00:00,1757829605.0,0.015
2025-09-14 07:00:00,1757833224.0,0.015
2025-09-14 08:00:00,1757836814.0,0.015
2025-09-14 09:00:00,1757840432.0,0.015
2025-09-14 10:00:00,1757844015.0,0.015
2025-09-14 11:00:00,1757847624.0,0.015
2025-09-14 12:00:00,1757851208.0,0.015
2025-09-14 13:00:00,1757854810.0,0.015
2025-09-14 14:00:00,1757858420.0,0.015
2025-09-14 15:00:00,1757862017.0,0.015
2025-09-14 16:00:00,1757865622.0,0.015
2025-09-14 17:00:00,1757869222.0,0.015
2025-09-14 18:00:00,1757872804.0,0.015
2025-09-14 19:00:00,1757876412.0,0.015
2025-09-14 20:00:00,1757880010.0,0.015
2025-09-14 21:00:00,1757883625.0,0.015
2025-09-14 22:00:00,1757887205.0,0.015
2025-09-14 23:00:00,1757890816.0,0.015
2025-09-15 00:00:00,1757894407.0,0.015
2025-09-15 01:00:00,1757898008.0,0.015
2025-09-15 02:00:00,1757901613.0,0.015
2025-09-15 03:00:00,1757905211.0,0.015
2025-09-15 04:00:00,1757908812.0,0.015
2025-09-15 05:00:00,1757912412.0,0.015
2025-09-15 06:00:00,1757916014.0,0.015
2025-09-15 07:00:00,1757919616.0,0.015
2025-09-15 08:00:00,1757923216.0,0.0155
2025-09-15 09:00:00,1757926819.0,0.0165
2025-09-15 10:00:00,1757930422.0,0.015
2025-09-15 11:00:00,1757934014.0,0.015
2025-09-15 12:00:00,1757937631.0,0.015
2025-09-15 13:00:00,1757941204.0,0.015
2025-09-15 14:00:00,1757944805.0,0.015
2025-09-15 15:00:00,1757948416.0,0.015
2025-09-15 16:00:00,1757952007.0,0.015
2025-09-15 17:00:00,1757955606.0,0.015
2025-09-15 18:00:00,1757959220.0,0.015
2025-09-15 19:00:00,1757962821.0,0.013
2025-09-15 20:00:00,1757966413.0,0.014
2025-09-15 21:00:00,1757970016.0,0.014
2025-09-15 22:00:00,1757973619.0,0.014
2025-09-15 23:00:00,1757977215.0,0.0125
2025-09-16 00:00:00,1757980823.0,0.0125
2025-09-16 01:00:00,1757984418.0,0.0125
2025-09-16 02:00:00,1757988008.0,0.0125
2025-09-16 03:00:00,1757991612.0,0.0125
2025-09-16 04:00:00,1757995209.0,0.0125
2025-09-16 05:00:00,1757998804.0,0.0125
2025-09-16 06:00:00,1758002426.0,0.0125
2025-09-16 07:00:00,1758006022.0,0.0175
2025-09-16 08:00:00,1758009620.0,0.013
2025-09-16 09:00:00,1758013216.0,0.013
2025-09-16 10:00:00,1758016807.0,0.013
2025-09-16 11:00:00,1758020409.0,0.013
2025-09-16 12:00:00,1758024005.0,0.014
2025-09-16 13:00:00,1758027608.0,0.014
2025-09-16 14:00:00,1758031206.0,0.014
2025-09-16 15:00:00,1758034807.0,0.014
2025-09-16 16:00:00,1758038413.0,0.014
2025-09-16 17:00:00,1758042004.0,0.014
2025-09-16 18:00:00,1758045624.0,0.014
2025-09-16 19:00:00,1758049209.0,0.014
2025-09-16 20:00:00,1758052816.0,0.014
2025-09-16 21:00:00,1758056428.0,0.014
2025-09-16 22:00:00,1758060015.0,0.014
2025-09-16 23:00:00,1758063616.0,0.014
2025-09-17 00:00:00,1758067221.0,0.014
2025-09-17 01:00:00,1758070812.0,0.0145
2025-09-17 02:00:00,1758074409.0,0.0145
2025-09-17 03:00:00,1758078029.0,0.0145
2025-09-17 04:00:00,1758081604.0,0.0145
2025-09-17 05:00:00,1758085212.0,0.0145
2025-09-17 06:00:00,1758088804.0,0.0145
2025-09-17 07:00:00,1758092412.0,0.0145
2025-09-17 08:00:00,1758096011.0,0.0135
2025-09-17 09:00:00,1758099615.0,0.0135
2025-09-17 10:00:00,1758103205.0,0.0135
2025-09-17 11:00:00,1758106818.0,0.0135
2025-09-17 12:00:00,1758110408.0,0.0135
2025-09-17 13:00:00,1758114005.0,0.0135
2025-09-17 14:00:00,1758117610.0,0.0135
2025-09-17 15:00:00,1758121208.0,0.014
2025-09-17 16:00:00,1758124812.0,0.0135
2025-09-17 17:00:00,1758128405.0,0.0145
2025-09-17 18:00:00,1758132254.0,0.0135
2025-09-17 19:00:00,1758135609.0,0.014
2025-09-17 20:00:00,1758139211.0,0.014
2025-09-17 21:00:00,1758142814.0,0.0185
2025-09-17 22:00:00,1758146410.0,0.0175
2025-09-17 23:00:00,1758150007.0,0.0175
2025-09-18 00:00:00,1758153606.0,0.017
2025-09-18 01:00:00,1758157204.0,0.0175
2025-09-18 02:00:00,1758160813.0,0.017
2025-09-18 03:00:00,1758164421.0,0.017
2025-09-18 04:00:00,1758168004.0,0.017
2025-09-18 05:00:00,1758171615.0,0.0165
2025-09-18 06:00:00,1758175225.0,0.0165
2025-09-18 07:00:00,1758178802.0,0.017
2025-09-18 08:00:00,1758182411.0,0.0165
2025-09-18 09:00:00,1758186006.0,0.017
2025-09-18 10:00:00,1758189609.0,0.017
2025-09-18 11:00:00,1758193216.0,0.0145
2025-09-18 12:00:00,1758196802.0,0.0145
2025-09-18 13:00:00,1758200408.0,0.014
2025-09-18 14:00:00,1758204007.0,0.0145
2025-09-18 15:00:00,1758207613.0,0.013
2025-09-18 16:00:00,1758211217.0,0.013
2025-09-18 17:00:00,1758214817.0,0.013
2025-09-18 18:00:00,1758218415.0,0.013
2025-09-18 19:00:00,1758222023.0,0.013
2025-09-18 20:00:00,1758225609.0,0.013
2025-09-18 21:00:00,1758229218.0,0.013
2025-09-18 22:00:00,1758232815.0,0.013
2025-09-18 23:00:00,1758236402.0,0.013
2025-09-19 00:00:00,1758240010.0,0.015
2025-09-19 01:00:00,1758243606.0,0.015
2025-09-19 02:00:00,1758247214.0,0.015
2025-09-19 03:00:00,1758250822.0,0.015
2025-09-19 04:00:00,1758254402.0,0.015
2025-09-19 05:00:00,1758258004.0,0.015
2025-09-19 06:00:00,1758261603.0,0.015
2025-09-19 07:00:00,1758265220.0,0.015
2025-09-19 08:00:00,1758268805.0,0.015
2025-09-19 09:00:00,1758272420.0,0.015
2025-09-19 10:00:00,1758276003.0,0.015
2025-09-19 11:00:00,1758279609.0,0.015
2025-09-19 12:00:00,1758283223.0,0.0155
2025-09-19 13:00:00,1758286802.0,0.0155
2025-09-19 14:00:00,1758290408.0,0.0155
2025-09-19 15:00:00,1758294019.0,0.0155
2025-09-19 16:00:00,1758297604.0,0.0155
2025-09-19 17:00:00,1758301221.0,0.015
2025-09-19 18:00:00,1758304827.0,0.0165
2025-09-19 19:00:00,1758308404.0,0.027
2025-09-19 20:00:00,1758312012.0,0.0325
2025-09-19 21:00:00,1758315622.0,0.0345
2025-09-19 22:00:00,1758319214.0,0.0315
2025-09-19 23:00:00,1758322802.0,0.034
2025-09-20 00:00:00,1758326410.0,0.033
2025-09-20 01:00:00,1758330016.0,0.033
2025-09-20 02:00:00,1758333606.0,0.033
2025-09-20 03:00:00,1758337212.0,0.033
2025-09-20 04:00:00,1758340808.0,0.035
2025-09-20 05:00:00,1758344409.0,0.0325
2025-09-20 06:00:00,1758348002.0,0.032
2025-09-20 07:00:00,1758351608.0,0.0335
2025-09-20 08:00:00,1758355211.0,0.034
2025-09-20 09:00:00,1758358828.0,0.034
2025-09-20 10:00:00,1758362417.0,0.034
2025-09-20 11:00:00,1758366026.0,0.034
2025-09-20 12:00:00,1758369619.0,0.0345
2025-09-20 13:00:00,1758373208.0,0.034
2025-09-20 14:00:00,1758376807.0,0.035
2025-09-20 15:00:00,1758380420.0,0.0345
2025-09-20 16:00:00,1758384017.0,0.034
2025-09-20 17:00:00,1758387620.0,0.034
2025-09-20 18:00:00,1758391206.0,0.0335
2025-09-20 19:00:00,1758394802.0,0.0335
2025-09-20 20:00:00,1758398415.0,0.0335
2025-09-20 21:00:00,1758402016.0,0.0335
2025-09-20 22:00:00,1758405614.0,0.03
2025-09-20 23:00:00,1758409216.0,0.033
2025-09-21 00:00:00,1758412805.0,0.0335
2025-09-21 01:00:00,1758416411.0,0.033
2025-09-21 02:00:00,1758420007.0,0.033
2025-09-21 03:00:00,1758423607.0,0.033
2025-09-21 04:00:00,1758427202.0,0.033
2025-09-21 05:00:00,1758430820.0,0.0325
2025-09-21 06:00:00,1758434416.0,0.033
2025-09-21 07:00:00,1758438012.0,0.032
2025-09-21 08:00:00,1758441615.0,0.0345
2025-09-21 09:00:00,1758445202.0,0.034
2025-09-21 10:00:00,1758448824.0,0.035
2025-09-21 11:00:00,1758452421.0,0.035
2025-09-21 12:00:00,1758456017.0,0.036
2025-09-21 13:00:00,1758459607.0,0.037
2025-09-21 14:00:00,1758463218.0,0.0365
2025-09-21 15:00:00,1758466814.0,0.0365
2025-09-21 16:00:00,1758470420.0,0.0365
2025-09-21 17:00:00,1758474009.0,0.037
2025-09-21 18:00:00,1758477620.0,0.0355
2025-09-21 19:00:00,1758481221.0,0.0365
2025-09-21 20:00:00,1758484818.0,0.036
2025-09-21 21:00:00,1758488420.0,0.036
2025-09-21 22:00:00,1758492021.0,0.0365
2025-09-21 23:00:00,1758495618.0,0.037
2025-09-22 00:00:00,1758499213.0,0.0365
2025-09-22 01:00:00,1758502817.0,0.035
2025-09-22 02:00:00,1758506414.0,0.0345
2025-09-22 03:00:00,1758510010.0,0.034
2025-09-22 04:00:00,1758513617.0,0.0345
2025-09-22 05:00:00,1758517206.0,0.0345
2025-09-22 06:00:00,1758520817.0,0.0345
2025-09-22 07:00:00,1758524419.0,0.0345
2025-09-22 08:00:00,1758528009.0,0.0345
2025-09-22 09:00:00,1758531608.0,0.034
2025-09-22 10:00:00,1758535214.0,0.035
2025-09-22 11:00:00,1758538816.0,0.034
2025-09-22 12:00:00,1758542420.0,0.0345
2025-09-22 13:00:00,1758546004.0,0.033
2025-09-22 14:00:00,1758549611.0,0.033
2025-09-22 15:00:00,1758553204.0,0.033
2025-09-22 16:00:00,1758556817.0,0.033
2025-09-22 17:00:00,1758560409.0,0.0325
2025-09-22 18:00:00,1758564006.0,0.033
2025-09-22 19:00:00,1758567610.0,0.0325
2025-09-22 20:00:00,1758571217.0,0.033
2025-09-22 21:00:00,1758574814.0,0.033
2025-09-22 22:00:00,1758578411.0,0.033
2025-09-22 23:00:00,1758582019.0,0.035
2025-09-23 00:00:00,1758585611.0,0.034
2025-09-23 01:00:00,1758589211.0,0.035
2025-09-23 02:00:00,1758592814.0,0.0345
2025-09-23 03:00:00,1758596409.0,0.0345
2025-09-23 04:00:00,1758600014.0,0.035
2025-09-23 05:00:00,1758603605.0,0.035
2025-09-23 06:00:00,1758607223.0,0.034
2025-09-23 07:00:00,1758610813.0,0.035
2025-09-23 08:00:00,1758614415.0,0.034
2025-09-23 09:00:00,1758618016.0,0.035
2025-09-23 10:00:00,1758621617.0,0.0345
2025-09-23 11:00:00,1758625213.0,0.035
2025-09-23 12:00:00,1758628827.0,0.034
2025-09-23 13:00:00,1758632410.0,0.0345
2025-09-23 14:00:00,1758636020.0,0.035
2025-09-23 15:00:00,1758639620.0,0.034
2025-09-23 16:00:00,1758643211.0,0.034
2025-09-23 17:00:00,1758646806.0,0.034
2025-09-23 18:00:00,1758650414.0,0.0345
2025-09-23 19:00:00,1758654004.0,0.0345
2025-09-23 20:00:00,1758657619.0,0.034
2025-09-23 21:00:00,1758661203.0,0.0335
2025-09-23 22:00:00,1758664807.0,0.0345
2025-09-23 23:00:00,1758668404.0,0.034
2025-09-24 00:00:00,1758672004.0,0.034
2025-09-24 01:00:00,1758675608.0,0.034
2025-09-24 02:00:00,1758679204.0,0.0355
2025-09-24 03:00:00,1758682818.0,0.0355
2025-09-24 04:00:00,1758686412.0,0.0345
2025-09-24 05:00:00,1758690016.0,0.0355
2025-09-24 06:00:00,1758693604.0,0.036
2025-09-24 07:00:00,1758697206.0,0.036
2025-09-24 08:00:00,1758700814.0,0.0355
2025-09-24 09:00:00,1758704420.0,0.0365
2025-09-24 10:00:00,1758708013.0,0.036
2025-09-24 11:00:00,1758711614.0,0.035
2025-09-24 12:00:00,1758715207.0,0.0355
2025-09-24 13:00:00,1758718802.0,0.0365
2025-09-24 14:00:00,1758722410.0,0.0355
2025-09-24 15:00:00,1758726011.0,0.0365
2025-09-24 16:00:00,1758729607.0,0.036
2025-09-24 17:00:00,1758733208.0,0.036
2025-09-24 18:00:00,1758736808.0,0.036
2025-09-24 19:00:00,1758740411.0,0.0365
2025-09-24 20:00:00,1758744007.0,0.0365
2025-09-24 21:00:00,1758747608.0,0.0365
2025-09-24 22:00:00,1758751208.0,0.035
2025-09-24 23:00:00,1758754802.0,0.0345
2025-09-25 00:00:00,1758758409.0,0.0355
2025-09-25 01:00:00,1758762009.0,0.0355
2025-09-25 02:00:00,1758765611.0,0.0365
2025-09-25 03:00:00,1758769211.0,0.0365
2025-09-25 04:00:00,1758772804.0,0.0365
2025-09-25 05:00:00,1758776410.0,0.034
2025-09-25 06:00:00,1758780002.0,0.0365
2025-09-25 07:00:00,1758783603.0,0.036
2025-09-25 08:00:00,1758787211.0,0.0355
2025-09-25 09:00:00,1758790810.0,0.0345
2025-09-25 10:00:00,1758794411.0,0.034
2025-09-25 11:00:00,1758798005.0,0.036
2025-09-25 12:00:00,1758801605.0,0.0345
2025-09-25 13:00:00,1758805209.0,0.035
2025-09-25 14:00:00,1758808810.0,0.0335
2025-09-25 15:00:00,1758812405.0,0.0335
2025-09-25 16:00:00,1758816014.0,0.0335
2025-09-25 17:00:00,1758819611.0,0.0335
2025-09-25 18:00:00,1758823208.0,0.034
2025-09-25 19:00:00,1758826802.0,0.0345
2025-09-25 20:00:00,1758830414.0,0.0345
2025-09-25 21:00:00,1758834011.0,0.035
2025-09-25 22:00:00,1758837613.0,0.0345
2025-09-25 23:00:00,1758841206.0,0.0345
2025-09-26 00:00:00,1758844814.0,0.0345
2025-09-26 01:00:00,1758848403.0,0.0345
2025-09-26 02:00:00,1758852014.0,0.0345
2025-09-26 03:00:00,1758855606.0,0.0345
2025-09-26 04:00:00,1758859214.0,0.0345
2025-09-26 05:00:00,1758862814.0,0.0345
2025-09-26 06:00:00,1758866404.0,0.0345
2025-09-26 07:00:00,1758870010.0,0.0345
2025-09-26 08:00:00,1758873605.0,0.0345
2025-09-26 09:00:00,1758877211.0,0.0345
2025-09-26 10:00:00,1758880803.0,0.0345
2025-09-26 11:00:00,1758884408.0,0.0345
2025-09-26 12:00:00,1758888014.0,0.0345
2025-09-26 13:00:00,1758891603.0,0.0345
2025-09-26 14:00:00,1758895214.0,0.0345
2025-09-26 15:00:00,1758898814.0,0.0345
2025-09-26 16:00:00,1758902410.0,0.0345
2025-09-26 17:00:00,1758906010.0,0.0345
2025-09-26 18:00:00,1758909615.0,0.0345
2025-09-26 19:00:00,1758913207.0,0.0345
2025-09-26 20:00:00,1758916803.0,0.0345
2025-09-26 21:00:00,1758920418.0,0.0345
2025-09-26 22:00:00,1758924011.0,0.0345
2025-09-26 23:00:00,1758927613.0,0.034
2025-09-27 00:00:00,1758931208.0,0.0335
2025-09-27 01:00:00,1758934807.0,0.0335
2025-09-27 02:00:00,1758938406.0,0.0335
2025-09-27 03:00:00,1758942014.0,0.034
2025-09-27 04:00:00,1758945610.0,0.0335
2025-09-27 05:00:00,1758949209.0,0.0335
2025-09-27 06:00:00,1758952808.0,0.0335
2025-09-27 07:00:00,1758956405.0,0.0335
2025-09-27 08:00:00,1758960003.0,0.0335
2025-09-27 09:00:00,1758963614.0,0.0335
2025-09-27 10:00:00,1758967206.0,0.0335
2025-09-27 11:00:00,1758970811.0,0.034
2025-09-27 12:00:00,1758974419.0,0.0345
2025-09-27 13:00:00,1758978008.0,0.0345
2025-09-27 14:00:00,1758981605.0,0.034
2025-09-27 15:00:00,1758985207.0,0.035
2025-09-27 16:00:00,1758988808.0,0.0345
2025-09-27 17:00:00,1758992414.0,0.0345
2025-09-27 18:00:00,1758996005.0,0.035
2025-09-27 19:00:00,1758999611.0,0.034
2025-09-27 20:00:00,1759003210.0,0.0375
2025-09-27 21:00:00,1759006809.0,0.038
2025-09-27 22:00:00,1759010412.0,0.038
2025-09-27 23:00:00,1759014011.0,0.038
2025-09-28 00:00:00,1759017616.0,0.037
2025-09-28 01:00:00,1759021206.0,0.0375
2025-09-28 02:00:00,1759024815.0,0.037
2025-09-28 03:00:00,1759028416.0,0.037
2025-09-28 04:00:00,1759032008.0,0.037
2025-09-28 05:00:00,1759035605.0,0.037
2025-09-28 06:00:00,1759039205.0,0.0385
2025-09-28 07:00:00,1759042818.0,0.037
2025-09-28 08:00:00,1759046411.0,0.0385
2025-09-28 09:00:00,1759050016.0,0.037
2025-09-28 10:00:00,1759053607.0,0.0375
2025-09-28 11:00:00,1759057204.0,0.0365
2025-09-28 12:00:00,1759060818.0,0.038
2025-09-28 13:00:00,1759064412.0,0.038
2025-09-28 14:00:00,1759068009.0,0.0445
2025-09-28 15:00:00,1759071609.0,0.045
2025-09-28 16:00:00,1759075203.0,0.045
2025-09-28 17:00:00,1759078803.0,0.0455
2025-09-28 18:00:00,1759082403.0,0.0445
2025-09-28 19:00:00,1759086016.0,0.045
2025-09-28 20:00:00,1759089605.0,0.041
2025-09-28 21:00:00,1759093209.0,0.041
2025-09-28 22:00:00,1759096806.0,0.041
2025-09-28 23:00:00,1759100411.0,0.0455
2025-09-29 00:00:00,1759104003.0,0.045
2025-09-29 01:00:00,1759107608.0,0.044
2025-09-29 02:00:00,1759111208.0,0.045
2025-09-29 03:00:00,1759114806.0,0.045
2025-09-29 04:00:00,1759118409.0,0.045
2025-09-29 05:00:00,1759122003.0,0.045
2025-09-29 06:00:00,1759125610.0,0.045
2025-09-29 07:00:00,1759129204.0,0.045
2025-09-29 08:00:00,1759132811.0,0.045
2025-09-29 09:00:00,1759136405.0,0.045
2025-09-29 10:00:00,1759140005.0,0.045
2025-09-29 11:00:00,1759143612.0,0.045
2025-09-29 12:00:00,1759147213.0,0.045
2025-09-29 13:00:00,1759150810.0,0.045
2025-09-29 14:00:00,1759154404.0,0.045
2025-09-29 15:00:00,1759158002.0,0.045
2025-09-29 16:00:00,1759161604.0,0.045
2025-09-29 17:00:00,1759165204.0,0.025
2025-09-29 18:00:00,1759168804.0,0.028
2025-09-29 19:00:00,1759172413.0,0.0315
2025-09-29 20:00:00,1759176009.0,0.025
2025-09-29 21:00:00,1759179605.0,0.026
2025-09-29 22:00:00,1759183213.0,0.0345
2025-09-29 23:00:00,1759186809.0,0.035
2025-09-30 00:00:00,1759190405.0,0.025
2025-09-30 01:00:00,1759194003.0,0.0255
2025-09-30 02:00:00,1759197607.0,0.0245
2025-09-30 03:00:00,1759201212.0,0.026
2025-09-30 04:00:00,1759204806.0,0.026
2025-09-30 05:00:00,1759208412.0,0.0265
2025-09-30 06:00:00,1759212007.0,0.026
2025-09-30 07:00:00,1759215609.0,0.026
2025-09-30 08:00:00,1759219209.0,0.0265
2025-09-30 09:00:00,1759222815.0,0.026
2025-09-30 10:00:00,1759226408.0,0.026
2025-09-30 11:00:00,1759230011.0,0.026
2025-09-30 12:00:00,1759233611.0,0.0265
2025-09-30 13:00:00,1759237208.0,0.026
2025-09-30 14:00:00,1759240803.0,0.026
2025-09-30 15:00:00,1759244413.0,0.025
2025-09-30 16:00:00,1759248006.0,0.0255
2025-09-30 17:00:00,1759251616.0,0.025
2025-09-30 18:00:00,1759255209.0,0.025
2025-09-30 19:00:00,1759258802.0,0.025
2025-09-30 20:00:00,1759262408.0,0.0255
2025-09-30 21:00:00,1759266017.0,0.025
2025-09-30 22:00:00,1759269605.0,0.025
2025-09-30 23:00:00,1759273214.0,0.025
2025-10-01 00:00:00,1759276806.0,0.026
2025-10-01 01:00:00,1759280402.0,0.026
2025-10-01 02:00:00,1759284013.0,0.026
2025-10-01 03:00:00,1759287603.0,0.026
2025-10-01 04:00:00,1759291211.0,0.026
2025-10-01 05:00:00,1759294803.0,0.026
2025-10-01 06:00:00,1759298409.0,0.026
2025-10-01 07:00:00,1759302007.0,0.026
2025-10-01 08:00:00,1759305605.0,0.026
2025-10-01 09:00:00,1759309202.0,0.026
2025-10-01 10:00:00,1759312810.0,0.026
2025-10-01 11:00:00,1759316409.0,0.026
2025-10-01 12:00:00,1759320009.0,0.026
2025-10-01 13:00:00,1759323607.0,0.026
2025-10-01 14:00:00,1759327207.0,0.026
2025-10-01 15:00:00,1759330804.0,0.026
2025-10-01 16:00:00,1759334404.0,0.026
2025-10-01 17:00:00,1759338011.0,0.026
2025-10-01 18:00:00,1759341607.0,0.026
2025-10-01 19:00:00,1759345209.0,0.0275
2025-10-01 20:00:00,1759348810.0,0.026
2025-10-01 21:00:00,1759352412.0,0.026
2025-10-01 22:00:00,1759356009.0,0.026
2025-10-01 23:00:00,1759359608.0,0.027
2025-10-02 00:00:00,1759363205.0,0.026
2025-10-02 01:00:00,1759366805.0,0.026
2025-10-02 02:00:00,1759370406.0,0.026
2025-10-02 03:00:00,1759374004.0,0.026
2025-10-02 04:00:00,1759377607.0,0.0265
2025-10-02 05:00:00,1759381205.0,0.0265
2025-10-02 06:00:00,1759384807.0,0.0295
2025-10-02 07:00:00,1759388407.0,0.0295
2025-10-02 08:00:00,1759392009.0,0.029
2025-10-02 09:00:00,1759395610.0,0.029
2025-10-02 10:00:00,1759399202.0,0.028
2025-10-02 11:00:00,1759402802.0,0.028
2025-10-02 12:00:00,1759406403.0,0.029
2025-10-02 13:00:00,1759410007.0,0.029
2025-10-02 14:00:00,1759413615.0,0.0285
2025-10-02 15:00:00,1759417212.0,0.028
2025-10-02 16:00:00,1759420811.0,0.0285
2025-10-02 17:00:00,1759424418.0,0.0285
2025-10-02 18:00:00,1759428008.0,0.0285
2025-10-02 19:00:00,1759431604.0,0.0285
2025-10-02 20:00:00,1759435209.0,0.0285
2025-10-02 21:00:00,1759438805.0,0.0285
2025-10-02 22:00:00,1759442403.0,0.0285
2025-10-02 23:00:00,1759446007.0,0.0285
2025-10-03 00:00:00,1759449609.0,0.0295
2025-10-03 01:00:00,1759453202.0,0.0295
2025-10-03 02:00:00,1759456808.0,0.0275
2025-10-03 03:00:00,1759460405.0,0.0295
2025-10-03 04:00:00,1759464012.0,0.028
2025-10-03 05:00:00,1759467606.0,0.027
2025-10-03 06:00:00,1759471204.0,0.029
2025-10-03 07:00:00,1759474810.0,0.0285
2025-10-03 08:00:00,1759478406.0,0.028
2025-10-03 09:00:00,1759482005.0,0.028
2025-10-03 10:00:00,1759485606.0,0.03
2025-10-03 11:00:00,1759489205.0,0.029
2025-10-03 12:00:00,1759492803.0,0.029
2025-10-03 13:00:00,1759496405.0,0.0285
2025-10-03 14:00:00,1759500005.0,0.0295
2025-10-03 15:00:00,1759503605.0,0.03
2025-10-03 16:00:00,1759507206.0,0.0295
2025-10-03 17:00:00,1759510805.0,0.03
2025-10-03 18:00:00,1759514410.0,0.0295
2025-10-03 19:00:00,1759518004.0,0.0295
2025-10-03 20:00:00,1759521605.0,0.0295
2025-10-03 21:00:00,1759525209.0,0.0295
2025-10-03 22:00:00,1759528806.0,0.0295
2025-10-03 23:00:00,1759532407.0,0.025
2025-10-04 00:00:00,1759536009.0,0.025
2025-10-04 01:00:00,1759539607.0,0.025
2025-10-04 02:00:00,1759543207.0,0.025
2025-10-04 03:00:00,1759546807.0,0.025
2025-10-04 04:00:00,1759550405.0,0.025
2025-10-04 05:00:00,1759554006.0,0.025
2025-10-04 06:00:00,1759557607.0,0.025
2025-10-04 07:00:00,1759561215.0,0.0245
2025-10-04 08:00:00,1759564808.0,0.0245
2025-10-04 09:00:00,1759568407.0,0.0245
2025-10-04 10:00:00,1759572006.0,0.0245
2025-10-04 11:00:00,1759575604.0,0.025
2025-10-04 12:00:00,1759579207.0,0.025
2025-10-04 13:00:00,1759582804.0,0.0245
2025-10-04 14:00:00,1759586403.0,0.025
2025-10-04 15:00:00,1759590008.0,0.024
2025-10-04 16:00:00,1759593605.0,0.0235
2025-10-04 17:00:00,1759597206.0,0.0255
2025-10-04 18:00:00,1759600808.0,0.0245
2025-10-04 19:00:00,1759604405.0,0.0255
2025-10-04 20:00:00,1759608003.0,0.025
2025-10-04 21:00:00,1759611609.0,0.0245
2025-10-04 22:00:00,1759615205.0,0.0255
2025-10-04 23:00:00,1759618804.0,0.0245
2025-10-05 00:00:00,1759622408.0,0.026
2025-10-05 01:00:00,1759626003.0,0.0265
2025-10-05 02:00:00,1759629606.0,0.0265
2025-10-05 03:00:00,1759633208.0,0.0265
2025-10-05 04:00:00,1759636805.0,0.026
2025-10-05 05:00:00,1759640404.0,0.0255
2025-10-05 06:00:00,1759644008.0,0.027
2025-10-05 07:00:00,1759647606.0,0.0275
2025-10-05 08:00:00,1759651205.0,0.027
2025-10-05 09:00:00,1759654806.0,0.0275
2025-10-05 10:00:00,1759658408.0,0.027
2025-10-05 11:00:00,1759662005.0,0.027
2025-10-05 12:00:00,1759665606.0,0.027
2025-10-05 13:00:00,1759669203.0,0.0275
2025-10-05 14:00:00,1759672805.0,0.0275
2025-10-05 15:00:00,1759676405.0,0.027
2025-10-05 16:00:00,1759680003.0,0.0275
2025-10-05 17:00:00,1759683604.0,0.027
2025-10-05 18:00:00,1759687218.0,0.027
2025-10-05 19:00:00,1759690803.0,0.027
2025-10-05 20:00:00,1759694407.0,0.0275
2025-10-05 21:00:00,1759698009.0,0.027
2025-10-05 22:00:00,1759701603.0,0.027
2025-10-05 23:00:00,1759705207.0,0.0275
2025-10-06 00:00:00,1759708810.0,0.0275
2025-10-06 01:00:00,1759712404.0,0.0275
2025-10-06 02:00:00,1759716005.0,0.0275
2025-10-06 03:00:00,1759719605.0,0.0275
2025-10-06 04:00:00,1759723204.0,0.0275
2025-10-06 05:00:00,1759726802.0,0.027
2025-10-06 06:00:00,1759730405.0,0.0275
2025-10-06 07:00:00,1759734005.0,0.027
2025-10-06 08:00:00,1759737604.0,0.0275
2025-10-06 09:00:00,1759741208.0,0.027
2025-10-06 10:00:00,1759744805.0,0.027
2025-10-06 11:00:00,1759748403.0,0.0275
2025-10-06 12:00:00,1759752006.0,0.027
2025-10-06 13:00:00,1759755606.0,0.0275
2025-10-06 14:00:00,1759759204.0,0.0275
2025-10-06 15:00:00,1759762807.0,0.028
2025-10-06 16:00:00,1759766404.0,0.0285
2025-10-06 17:00:00,1759770007.0,0.0285
2025-10-06 18:00:00,1759773606.0,0.0285
2025-10-06 19:00:00,1759777203.0,0.0285
2025-10-06 20:00:00,1759780804.0,0.0285
2025-10-06 21:00:00,1759784403.0,0.0285
2025-10-06 22:00:00,1759788009.0,0.0285
2025-10-06 23:00:00,1759791615.0,0.0285
2025-10-07 00:00:00,1759795210.0,0.0285
2025-10-07 01:00:00,1759798803.0,0.0285
2025-10-07 02:00:00,1759802405.0,0.0285
2025-10-07 03:00:00,1759806012.0,0.0285
2025-10-07 04:00:00,1759809605.0,0.0285
2025-10-07 05:00:00,1759813206.0,0.0285
2025-10-07 06:00:00,1759816806.0,0.0285
2025-10-07 07:00:00,1759820402.0,0.0285
2025-10-07 08:00:00,1759824012.0,0.0285
2025-10-07 09:00:00,1759827612.0,0.0285
2025-10-07 10:00:00,1759831207.0,0.0285
2025-10-07 11:00:00,1759834804.0,0.0285
2025-10-07 12:00:00,1759838416.0,0.0305
2025-10-07 13:00:00,1759842011.0,0.0305
2025-10-07 14:00:00,1759845607.0,0.0305
2025-10-07 15:00:00,1759849212.0,0.0305
2025-10-07 16:00:00,1759852814.0,0.0305
2025-10-07 17:00:00,1759856414.0,0.0305
2025-10-07 18:00:00,1759860010.0,0.0305
2025-10-07 19:00:00,1759863612.0,0.0305
2025-10-07 20:00:00,1759867213.0,0.0305
2025-10-07 21:00:00,1759870817.0,0.0305
2025-10-07 22:00:00,1759874415.0,0.0305
2025-10-07 23:00:00,1759878008.0,0.0305
2025-10-08 00:00:00,1759881608.0,0.0305
2025-10-08 01:00:00,1759885210.0,0.0305
2025-10-08 02:00:00,1759888811.0,0.0305
2025-10-08 03:00:00,1759892416.0,0.0305
2025-10-08 04:00:00,1759896015.0,0.0305
2025-10-08 05:00:00,1759899614.0,0.0305
2025-10-08 06:00:00,1759903208.0,0.0305
2025-10-08 07:00:00,1759906811.0,0.0305
2025-10-08 08:00:00,1759910414.0,0.0305
2025-10-08 09:00:00,1759914011.0,0.0305
2025-10-08 10:00:00,1759917613.0,0.0305
2025-10-08 11:00:00,1759921205.0,0.0305
2025-10-08 12:00:00,1759924809.0,0.0305
2025-10-08 13:00:00,1759928413.0,0.0305
2025-10-08 14:00:00,1759932008.0,0.0305
2025-10-08 15:00:00,1759935613.0,0.03
2025-10-08 16:00:00,1759939205.0,0.03
2025-10-08 17:00:00,1759942812.0,0.03
2025-10-08 18:00:00,1759946409.0,0.03
2025-10-08 19:00:00,1759950016.0,0.03
2025-10-08 20:00:00,1759953606.0,0.03
2025-10-08 21:00:00,1759957212.0,0.03
2025-10-08 22:00:00,1759960815.0,0.03
2025-10-08 23:00:00,1759964406.0,0.03
2025-10-09 00:00:00,1759968013.0,0.03
2025-10-09 01:00:00,1759971608.0,0.03
2025-10-09 02:00:00,1759975206.0,0.03
2025-10-09 03:00:00,1759978807.0,0.03
2025-10-09 04:00:00,1759982408.0,0.03
2025-10-09 05:00:00,1759986006.0,0.03
2025-10-09 06:00:00,1759989604.0,0.03
2025-10-09 07:00:00,1759993209.0,0.03
2025-10-09 08:00:00,1759996807.0,0.03
2025-10-09 09:00:00,1760000412.0,0.03
2025-10-09 10:00:00,1760004004.0,0.03
2025-10-09 11:00:00,1760007605.0,0.03
2025-10-09 12:00:00,1760011205.0,0.03
2025-10-09 13:00:00,1760014805.0,0.03
2025-10-09 14:00:00,1760018409.0,0.03
2025-10-09 15:00:00,1760022018.0,0.03
2025-10-09 16:00:00,1760025617.0,0.03
2025-10-09 17:00:00,1760029216.0,0.03
2025-10-09 18:00:00,1760032806.0,0.03
2025-10-09 19:00:00,1760036408.0,0.03
2025-10-09 20:00:00,1760040008.0,0.03
2025-10-09 21:00:00,1760043620.0,0.03
2025-10-09 22:00:00,1760047207.0,0.03
2025-10-09 23:00:00,1760050807.0,0.03
2025-10-10 00:00:00,1760054408.0,0.03
2025-10-10 01:00:00,1760058004.0,0.03
2025-10-10 02:00:00,1760061613.0,0.03
2025-10-10 03:00:00,1760065212.0,0.0295
2025-10-10 04:00:00,1760068818.0,0.0295
2025-10-10 05:00:00,1760072414.0,0.0295
2025-10-10 06:00:00,1760076018.0,0.0295
2025-10-10 07:00:00,1760079606.0,0.0295
2025-10-10 08:00:00,1760083207.0,0.03
2025-10-10 09:00:00,1760086819.0,0.03
2025-10-10 10:00:00,1760090417.0,0.03
2025-10-10 11:00:00,1760094008.0,0.03
2025-10-10 12:00:00,1760097622.0,0.0285
2025-10-10 13:00:00,1760101208.0,0.0285
2025-10-10 14:00:00,1760104814.0,0.0285
2025-10-10 15:00:00,1760108413.0,0.029
2025-10-10 16:00:00,1760112018.0,0.029
2025-10-10 17:00:00,1760115606.0,0.029
2025-10-10 18:00:00,1760119214.0,0.029
2025-10-10 19:00:00,1760122806.0,0.029
2025-10-10 20:00:00,1760126416.0,0.029
2025-10-10 21:00:00,1760130023.0,0.0295
2025-10-10 22:00:00,1760133612.0,0.0295
2025-10-10 23:00:00,1760137208.0,0.0295
2025-10-11 00:00:00,1760140812.0,0.0295
2025-10-11 01:00:00,1760144412.0,0.0295
2025-10-11 02:00:00,1760148007.0,0.0295
2025-10-11 03:00:00,1760151615.0,0.0295
2025-10-11 04:00:00,1760155203.0,0.0295
2025-10-11 05:00:00,1760158816.0,0.0295
2025-10-11 06:00:00,1760162413.0,0.0295
2025-10-11 07:00:00,1760166012.0,0.0295
2025-10-11 08:00:00,1760169605.0,0.0295
2025-10-11 09:00:00,1760173219.0,0.0295
2025-10-11 10:00:00,1760176812.0,0.0295
2025-10-11 11:00:00,1760180413.0,0.0295
2025-10-11 12:00:00,1760184018.0,0.0295
2025-10-11 13:00:00,1760187610.0,0.0295
2025-10-11 14:00:00,1760191217.0,0.0295
2025-10-11 15:00:00,1760194812.0,0.0295
2025-10-11 16:00:00,1760198408.0,0.0295
2025-10-11 17:00:00,1760202015.0,0.0295
2025-10-11 18:00:00,1760205611.0,0.0295
2025-10-11 19:00:00,1760209220.0,0.0295
2025-10-11 20:00:00,1760212818.0,0.0295
2025-10-11 21:00:00,1760216409.0,0.0295
2025-10-11 22:00:00,1760220012.0,0.0295
2025-10-11 23:00:00,1760223614.0,0.0295
2025-10-12 00:00:00,1760227214.0,0.0295
2025-10-12 01:00:00,1760230815.0,0.0295
2025-10-12 02:00:00,1760234404.0,0.0295
2025-10-12 03:00:00,1760238003.0,0.0295
2025-10-12 04:00:00,1760241608.0,0.0385
2025-10-12 05:00:00,1760245211.0,0.0385
2025-10-12 06:00:00,1760248814.0,0.035
2025-10-12 07:00:00,1760252414.0,0.035
2025-10-12 08:00:00,1760256008.0,0.035
2025-10-12 09:00:00,1760259604.0,0.035
2025-10-12 10:00:00,1760263216.0,0.0355
2025-10-12 11:00:00,1760266814.0,0.0355
2025-10-12 12:00:00,1760270422.0,0.0355
2025-10-12 13:00:00,1760274016.0,0.0355
2025-10-12 14:00:00,1760277607.0,0.034
2025-10-12 15:00:00,1760281205.0,0.035
2025-10-12 16:00:00,1760284806.0,0.0345
2025-10-12 17:00:00,1760288420.0,0.034
2025-10-12 18:00:00,1760292017.0,0.034
2025-10-12 19:00:00,1760295609.0,0.0345
2025-10-12 20:00:00,1760299210.0,0.035
2025-10-12 21:00:00,1760302823.0,0.035
2025-10-12 22:00:00,1760306410.0,0.0345
2025-10-12 23:00:00,1760310004.0,0.035
2025-10-13 00:00:00,1760313613.0,0.035
2025-10-13 01:00:00,1760317211.0,0.035
2025-10-13 02:00:00,1760320806.0,0.035
2025-10-13 03:00:00,1760324421.0,0.035
2025-10-13 04:00:00,1760328004.0,0.0335
2025-10-13 05:00:00,1760331611.0,0.0335
2025-10-13 06:00:00,1760335202.0,0.032
2025-10-13 07:00:00,1760338810.0,0.031
2025-10-13 08:00:00,1760342408.0,0.0305
2025-10-13 09:00:00,1760346023.0,0.0345
2025-10-13 10:00:00,1760349614.0,0.0345
2025-10-13 11:00:00,1760353209.0,0.0345
2025-10-13 12:00:00,1760356825.0,0.034
2025-10-13 13:00:00,1760360417.0,0.034
2025-10-13 14:00:00,1760364011.0,0.034
2025-10-13 15:00:00,1760367602.0,0.0345
2025-10-13 16:00:00,1760371217.0,0.0285
2025-10-13 17:00:00,1760374812.0,0.028
2025-10-13 18:00:00,1760378422.0,0.0285
2025-10-13 19:00:00,1760382010.0,0.028
2025-10-13 20:00:00,1760385609.0,0.029
2025-10-13 21:00:00,1760389202.0,0.0295
2025-10-13 22:00:00,1760392818.0,0.0295
2025-10-13 23:00:00,1760396410.0,0.0295
2025-10-14 00:00:00,1760400005.0,0.0295
2025-10-14 01:00:00,1760403610.0,0.0295
2025-10-14 02:00:00,1760407211.0,0.0295
2025-10-14 03:00:00,1760410803.0,0.0285
2025-10-14 04:00:00,1760414414.0,0.0295
2025-10-14 05:00:00,1760418016.0,0.0295
2025-10-14 06:00:00,1760421619.0,0.029
2025-10-14 07:00:00,1760425211.0,0.0275
2025-10-14 08:00:00,1760428812.0,0.0295
2025-10-14 09:00:00,1760432422.0,0.029
2025-10-14 10:00:00,1760436014.0,0.028
2025-10-14 11:00:00,1760439616.0,0.0295
2025-10-14 12:00:00,1760443207.0,0.029
2025-10-14 13:00:00,1760446816.0,0.0285
2025-10-14 14:00:00,1760450414.0,0.029
2025-10-14 15:00:00,1760454004.0,0.029
2025-10-14 16:00:00,1760457614.0,0.0295
2025-10-14 17:00:00,1760461205.0,0.0295
2025-10-14 18:00:00,1760464817.0,0.0295
2025-10-14 19:00:00,1760468413.0,0.0295
2025-10-14 20:00:00,1760472016.0,0.029
2025-10-14 21:00:00,1760475603.0,0.0295
2025-10-14 22:00:00,1760479211.0,0.0255
2025-10-14 23:00:00,1760482807.0,0.026
2025-10-15 00:00:00,1760486409.0,0.0215
2025-10-15 01:00:00,1760490008.0,0.0265
2025-10-15 02:00:00,1760493607.0,0.0275
2025-10-15 03:00:00,1760497208.0,0.028
2025-10-15 04:00:00,1760500811.0,0.028
2025-10-15 05:00:00,1760504409.0,0.028
2025-10-15 06:00:00,1760508015.0,0.0265
2025-10-15 07:00:00,1760511610.0,0.028
2025-10-15 08:00:00,1760515216.0,0.0265
2025-10-15 09:00:00,1760518809.0,0.028
2025-10-15 10:00:00,1760522405.0,0.027
2025-10-15 11:00:00,1760526013.0,0.028
2025-10-15 12:00:00,1760529620.0,0.0275
2025-10-15 13:00:00,1760533208.0,0.028
2025-10-15 14:00:00,1760536811.0,0.028
2025-10-15 15:00:00,1760540407.0,0.028
2025-10-15 16:00:00,1760544012.0,0.028
2025-10-15 17:00:00,1760547613.0,0.028
2025-10-15 18:00:00,1760551209.0,0.028
2025-10-15 19:00:00,1760554807.0,0.028
2025-10-15 20:00:00,1760558410.0,0.028
2025-10-15 21:00:00,1760562017.0,0.0275
2025-10-15 22:00:00,1760565614.0,0.0275
2025-10-15 23:00:00,1760569212.0,0.0275
2025-10-16 00:00:00,1760572822.0,0.0265
2025-10-16 01:00:00,1760576414.0,0.026
2025-10-16 02:00:00,1760580012.0,0.0255
2025-10-16 03:00:00,1760583613.0,0.025
2025-10-16 04:00:00,1760587213.0,0.024
2025-10-16 05:00:00,1760590814.0,0.0235
2025-10-16 06:00:00,1760594428.0,0.022
2025-10-16 07:00:00,1760598016.0,0.022
2025-10-16 08:00:00,1760601613.0,0.022
2025-10-16 09:00:00,1760605223.0,0.022
2025-10-16 10:00:00,1760608813.0,0.022
2025-10-16 11:00:00,1760612406.0,0.022
2025-10-16 12:00:00,1760616021.0,0.0225
2025-10-16 13:00:00,1760619607.0,0.0225
2025-10-16 14:00:00,1760623214.0,0.0225
2025-10-16 15:00:00,1760626818.0,0.0225
2025-10-16 16:00:00,1760630405.0,0.022
2025-10-16 17:00:00,1760634004.0,0.022
2025-10-16 18:00:00,1760637614.0,0.022
2025-10-16 19:00:00,1760641213.0,0.022
2025-10-16 20:00:00,1760644816.0,0.0245
2025-10-16 21:00:00,1760648416.0,0.0245
2025-10-16 22:00:00,1760652012.0,0.0245
2025-10-16 23:00:00,1760655610.0,0.026
2025-10-17 00:00:00,1760659214.0,0.026
2025-10-17 01:00:00,1760662808.0,0.026
2025-10-17 02:00:00,1760666408.0,0.026
2025-10-17 03:00:00,1760670006.0,0.026
2025-10-17 04:00:00,1760673620.0,0.026
2025-10-17 05:00:00,1760677209.0,0.026
2025-10-17 06:00:00,1760680803.0,0.026
2025-10-17 07:00:00,1760684409.0,0.026
2025-10-17 08:00:00,1760688014.0,0.026
2025-10-17 09:00:00,1760691626.0,0.026
2025-10-17 10:00:00,1760695215.0,0.026
2025-10-17 11:00:00,1760698806.0,0.026
2025-10-17 12:00:00,1760702406.0,0.026
2025-10-17 13:00:00,1760706016.0,0.026
2025-10-17 14:00:00,1760709615.0,0.026
2025-10-17 15:00:00,1760713208.0,0.026
2025-10-17 16:00:00,1760716819.0,0.0275
2025-10-17 17:00:00,1760720412.0,0.0275
2025-10-17 18:00:00,1760724021.0,0.027
2025-10-17 19:00:00,1760727618.0,0.027
2025-10-17 20:00:00,1760731211.0,0.027
2025-10-17 21:00:00,1760734808.0,0.027
2025-10-17 22:00:00,1760738410.0,0.027
2025-10-17 23:00:00,1760742010.0,0.027
2025-10-18 00:00:00,1760745612.0,0.027
2025-10-18 01:00:00,1760749210.0,0.027
2025-10-18 02:00:00,1760752809.0,0.027
2025-10-18 03:00:00,1760756406.0,0.027
2025-10-18 04:00:00,1760760017.0,0.027
2025-10-18 05:00:00,1760763604.0,0.027
2025-10-18 06:00:00,1760767205.0,0.027
2025-10-18 07:00:00,1760770823.0,0.027
2025-10-18 08:00:00,1760774413.0,0.027
2025-10-18 09:00:00,1760778006.0,0.027
2025-10-18 10:00:00,1760781614.0,0.027
2025-10-18 11:00:00,1760785210.0,0.027
2025-10-18 12:00:00,1760788832.0,0.027
2025-10-18 13:00:00,1760792415.0,0.027
2025-10-18 14:00:00,1760796011.0,0.027
2025-10-18 15:00:00,1760799620.0,0.027
2025-10-18 16:00:00,1760803221.0,0.027
2025-10-18 17:00:00,1760806812.0,0.027
2025-10-18 18:00:00,1760810428.0,0.027
2025-10-18 19:00:00,1760814020.0,0.027
2025-10-18 20:00:00,1760817605.0,0.027
2025-10-18 21:00:00,1760821219.0,0.027
2025-10-18 22:00:00,1760824806.0,0.027
2025-10-18 23:00:00,1760828406.0,0.027
2025-10-19 00:00:00,1760832017.0,0.027
2025-10-19 01:00:00,1760835605.0,0.027
2025-10-19 02:00:00,1760839213.0,0.027
2025-10-19 03:00:00,1760842825.0,0.027
2025-10-19 04:00:00,1760846421.0,0.027
2025-10-19 05:00:00,1760850018.0,0.027
2025-10-19 06:00:00,1760853608.0,0.027
2025-10-19 07:00:00,1760857211.0,0.027
2025-10-19 08:00:00,1760860812.0,0.027
2025-10-19 09:00:00,1760864427.0,0.027
2025-10-19 10:00:00,1760868010.0,0.027
2025-10-19 11:00:00,1760871609.0,0.027
2025-10-19 12:00:00,1760875222.0,0.027
2025-10-19 13:00:00,1760878819.0,0.027
2025-10-19 14:00:00,1760882410.0,0.025
2025-10-19 15:00:00,1760886011.0,0.025
2025-10-19 16:00:00,1760889609.0,0.025
2025-10-19 17:00:00,1760893210.0,0.025
2025-10-19 18:00:00,1760896804.0,0.025
2025-10-19 19:00:00,1760900410.0,0.025
2025-10-19 20:00:00,1760904005.0,0.025
2025-10-19 21:00:00,1760907610.0,0.025
2025-10-19 22:00:00,1760911208.0,0.025
2025-10-19 23:00:00,1760914803.0,0.025
2025-10-20 00:00:00,1760918403.0,0.025
2025-10-20 01:00:00,1760922014.0,0.024
2025-10-20 02:00:00,1760925605.0,0.024
2025-10-20 03:00:00,1760929215.0,0.024
2025-10-20 04:00:00,1760932804.0,0.024
2025-10-20 05:00:00,1760936415.0,0.024
2025-10-20 06:00:00,1760940026.0,0.024
2025-10-20 07:00:00,1760943613.0,0.024
2025-10-20 08:00:00,1760947216.0,0.024
2025-10-20 09:00:00,1760950824.0,0.024
2025-10-20 10:00:00,1760954403.0,0.024
2025-10-20 11:00:00,1760958008.0,0.024
2025-10-20 12:00:00,1760961612.0,0.0255
2025-10-20 13:00:00,1760965212.0,0.0255
2025-10-20 14:00:00,1760968809.0,0.0255
2025-10-20 15:00:00,1760972415.0,0.0255
2025-10-20 16:00:00,1760976017.0,0.0255
2025-10-20 17:00:00,1760979607.0,0.0255
2025-10-20 18:00:00,1760983205.0,0.0255
2025-10-20 19:00:00,1760986815.0,0.0255
2025-10-20 20:00:00,1760990407.0,0.0255
2025-10-20 21:00:00,1760994010.0,0.0255
2025-10-20 22:00:00,1760997605.0,0.0255
2025-10-20 23:00:00,1761001206.0,0.0255
2025-10-21 00:00:00,1761004815.0,0.0255
2025-10-21 01:00:00,1761008408.0,0.0255
2025-10-21 02:00:00,1761012013.0,0.0255
2025-10-21 03:00:00,1761015609.0,0.0255
2025-10-21 04:00:00,1761019208.0,0.0255
2025-10-21 05:00:00,1761022820.0,0.0255
2025-10-21 06:00:00,1761026425.0,0.0255
2025-10-21 07:00:00,1761030005.0,0.0255
2025-10-21 08:00:00,1761033615.0,0.0255
2025-10-21 09:00:00,1761037215.0,0.0255
2025-10-21 10:00:00,1761040812.0,0.0255
2025-10-21 11:00:00,1761044404.0,0.0255
2025-10-21 12:00:00,1761048020.0,0.0255
2025-10-21 13:00:00,1761051610.0,0.0255
2025-10-21 14:00:00,1761055215.0,0.0255
2025-10-21 15:00:00,1761058814.0,0.0255
2025-10-21 16:00:00,1761062419.0,0.0255
2025-10-21 17:00:00,1761066019.0,0.0255
2025-10-21 18:00:00,1761069619.0,0.026
2025-10-21 19:00:00,1761073204.0,0.0255
2025-10-21 20:00:00,1761076822.0,0.0255
2025-10-21 21:00:00,1761080403.0,0.0255
2025-10-21 22:00:00,1761084022.0,0.026
2025-10-21 23:00:00,1761087611.0,0.0255
2025-10-22 00:00:00,1761091217.0,0.0255
2025-10-22 01:00:00,1761094812.0,0.0255
2025-10-22 02:00:00,1761098411.0,0.026
2025-10-22 03:00:00,1761102021.0,0.0255
2025-10-22 04:00:00,1761105616.0,0.0255
2025-10-22 05:00:00,1761109216.0,0.0255
2025-10-22 06:00:00,1761112817.0,0.0255
2025-10-22 07:00:00,1761116410.0,0.026
2025-10-22 08:00:00,1761120012.0,0.0255
2025-10-22 09:00:00,1761123617.0,0.0255
2025-10-22 10:00:00,1761127215.0,0.0255
2025-10-22 11:00:00,1761130811.0,0.025
2025-10-22 12:00:00,1761134423.0,0.0255
2025-10-22 13:00:00,1761138017.0,0.0255
2025-10-22 14:00:00,1761141615.0,0.0255
2025-10-22 15:00:00,1761145221.0,0.0255
2025-10-22 16:00:00,1761148816.0,0.0255
2025-10-22 17:00:00,1761152419.0,0.0255
2025-10-22 18:00:00,1761156023.0,0.0255
2025-10-22 19:00:00,1761159617.0,0.0255
2025-10-22 20:00:00,1761163217.0,0.0255
2025-10-22 21:00:00,1761166821.0,0.0255
2025-10-22 22:00:00,1761170417.0,0.0255
2025-10-22 23:00:00,1761174016.0,0.026
2025-10-23 00:00:00,1761177609.0,0.026
2025-10-23 01:00:00,1761181209.0,0.026
2025-10-23 02:00:00,1761184810.0,0.026
2025-10-23 03:00:00,1761188412.0,0.026
2025-10-23 04:00:00,1761192010.0,0.026
2025-10-23 05:00:00,1761195612.0,0.026
2025-10-23 06:00:00,1761199214.0,0.026
2025-10-23 07:00:00,1761202809.0,0.026
2025-10-23 08:00:00,1761206412.0,0.0255
2025-10-23 09:00:00,1761210011.0,0.0255
2025-10-23 10:00:00,1761213611.0,0.029
2025-10-23 11:00:00,1761217213.0,0.029
2025-10-23 12:00:00,1761220815.0,0.029
2025-10-23 13:00:00,1761224412.0,0.0285
2025-10-23 14:00:00,1761228042.0,0.03
2025-10-23 15:00:00,1761231613.0,0.03
2025-10-23 16:00:00,1761235213.0,0.03
2025-10-23 17:00:00,1761238815.0,0.03
2025-10-23 18:00:00,1761242414.0,0.03
2025-10-23 19:00:00,1761246014.0,0.03
2025-10-23 20:00:00,1761249615.0,0.03
2025-10-23 21:00:00,1761253216.0,0.03
2025-10-23 22:00:00,1761256814.0,0.03
2025-10-23 23:00:00,1761260414.0,0.03
2025-10-24 00:00:00,1761264014.0,0.03
2025-10-24 01:00:00,1761267612.0,0.029
2025-10-24 02:00:00,1761271214.0,0.0295
2025-10-24 03:00:00,1761274815.0,0.03
2025-10-24 04:00:00,1761278415.0,0.03
2025-10-24 05:00:00,1761282014.0,0.029
2025-10-24 06:00:00,1761285616.0,0.03
2025-10-24 07:00:00,1761289215.0,0.0335
2025-10-24 08:00:00,1761292815.0,0.0335
2025-10-24 09:00:00,1761296416.0,0.0335
2025-10-24 10:00:00,1761300015.0,0.0335
2025-10-24 11:00:00,1761303615.0,0.0335
2025-10-24 12:00:00,1761307218.0,0.0335
2025-10-24 13:00:00,1761310814.0,0.0335
2025-10-24 14:00:00,1761314416.0,0.0335
2025-10-24 15:00:00,1761318017.0,0.0335
2025-10-24 16:00:00,1761321615.0,0.034
2025-10-24 17:00:00,1761325216.0,0.034
2025-10-24 18:00:00,1761328815.0,0.0345
2025-10-24 19:00:00,1761332416.0,0.0345
2025-10-24 20:00:00,1761336015.0,0.0345
2025-10-24 21:00:00,1761339617.0,0.0345
2025-10-24 22:00:00,1761343215.0,0.0345
2025-10-24 23:00:00,1761346814.0,0.0345
2025-10-25 00:00:00,1761350413.0,0.0345
2025-10-25 01:00:00,1761354011.0,0.0345
2025-10-25 02:00:00,1761357612.0,0.0345
2025-10-25 03:00:00,1761361215.0,0.0345
2025-10-25 04:00:00,1761364815.0,0.0345
2025-10-25 05:00:00,1761368415.0,0.0345
2025-10-25 06:00:00,1761372016.0,0.0345
2025-10-25 07:00:00,1761375616.0,0.034
2025-10-25 08:00:00,1761379214.0,0.034
2025-10-25 09:00:00,1761382817.0,0.034
2025-10-25 10:00:00,1761386416.0,0.034
2025-10-25 11:00:00,1761390015.0,0.034
2025-10-25 12:00:00,1761393618.0,0.034
2025-10-25 13:00:00,1761397214.0,0.034
2025-10-25 14:00:00,1761400815.0,0.034
2025-10-25 15:00:00,1761404416.0,0.034
2025-10-25 16:00:00,1761408015.0,0.0335
2025-10-25 17:00:00,1761411618.0,0.0335
2025-10-25 18:00:00,1761415217.0,0.0335
2025-10-25 19:00:00,1761418815.0,0.0335
2025-10-25 20:00:00,1761422415.0,0.0335
2025-10-25 21:00:00,1761426017.0,0.0335
2025-10-25 22:00:00,1761429615.0,0.0335
2025-10-25 23:00:00,1761433215.0,0.0335
2025-10-26 00:00:00,1761436815.0,0.0335
2025-10-26 01:00:00,1761440412.0,0.0335
2025-10-26 02:00:00,1761444014.0,0.0335
2025-10-26 03:00:00,1761447616.0,0.0335
2025-10-26 04:00:00,1761451215.0,0.033
2025-10-26 05:00:00,1761454815.0,0.033
2025-10-26 06:00:00,1761458416.0,0.033
2025-10-26 07:00:00,1761462015.0,0.033
2025-10-26 08:00:00,1761465615.0,0.033
2025-10-26 09:00:00,1761469217.0,0.0335
2025-10-26 10:00:00,1761472815.0,0.034
2025-10-26 11:00:00,1761476414.0,0.034
2025-10-26 12:00:00,1761480020.0,0.034
2025-10-26 13:00:00,1761483614.0,0.034
2025-10-26 14:00:00,1761487215.0,0.034
2025-10-26 15:00:00,1761490815.0,0.034
2025-10-26 16:00:00,1761494413.0,0.034
2025-10-26 17:00:00,1761498014.0,0.034
2025-10-26 18:00:00,1761501616.0,0.034
2025-10-26 19:00:00,1761505212.0,0.034
2025-10-26 20:00:00,1761508813.0,0.034
2025-10-26 21:00:00,1761512415.0,0.034
2025-10-26 22:00:00,1761516014.0,0.034
2025-10-26 23:00:00,1761519612.0,0.034
2025-10-27 00:00:00,1761523214.0,0.034
2025-10-27 01:00:00,1761526810.0,0.034
2025-10-27 02:00:00,1761530413.0,0.034
2025-10-27 03:00:00,1761534014.0,0.034
2025-10-27 04:00:00,1761537612.0,0.034
2025-10-27 05:00:00,1761541212.0,0.034
2025-10-27 06:00:00,1761544814.0,0.034
2025-10-27 07:00:00,1761548411.0,0.034
2025-10-27 08:00:00,1761552012.0,0.033
2025-10-27 09:00:00,1761555614.0,0.033
2025-10-27 10:00:00,1761559212.0,0.033
2025-10-27 11:00:00,1761562812.0,0.0335
2025-10-27 12:00:00,1761566417.0,0.0335
2025-10-27 13:00:00,1761570013.0,0.033
2025-10-27 14:00:00,1761573612.0,0.033
2025-10-27 15:00:00,1761577215.0,0.0335
2025-10-27 16:00:00,1761580813.0,0.0335
2025-10-27 17:00:00,1761584415.0,0.0335
2025-10-27 18:00:00,1761588016.0,0.0335
2025-10-27 19:00:00,1761591613.0,0.0335
2025-10-27 20:00:00,1761595215.0,0.038
2025-10-27 21:00:00,1761598816.0,0.0365
2025-10-27 22:00:00,1761602413.0,0.0355
2025-10-27 23:00:00,1761606013.0,0.0355
2025-10-28 00:00:00,1761609617.0,0.0355
2025-10-28 01:00:00,1761613214.0,0.0355
2025-10-28 02:00:00,1761616814.0,0.036
2025-10-28 03:00:00,1761620422.0,0.036
2025-10-28 04:00:00,1761624020.0,0.036
2025-10-28 05:00:00,1761627613.0,0.037
2025-10-28 06:00:00,1761631216.0,0.046
2025-10-28 07:00:00,1761634812.0,0.046
2025-10-28 08:00:00,1761638415.0,0.046
2025-10-28 09:00:00,1761642014.0,0.0465
2025-10-28 10:00:00,1761645618.0,0.047
2025-10-28 11:00:00,1761649219.0,0.0475
2025-10-28 12:00:00,1761652815.0,0.044
2025-10-28 13:00:00,1761656418.0,0.0445
2025-10-28 14:00:00,1761660017.0,0.049
2025-10-28 15:00:00,1761663620.0,0.0665
2025-10-28 16:00:00,1761667220.0,0.0785
2025-10-28 17:00:00,1761670821.0,0.075
2025-10-28 18:00:00,1761674420.0,0.077
2025-10-28 19:00:00,1761678017.0,0.0775
2025-10-28 20:00:00,1761681620.0,0.0775
2025-10-28 21:00:00,1761685220.0,0.0615
2025-10-28 22:00:00,1761688819.0,0.062
2025-10-28 23:00:00,1761692419.0,0.063
2025-10-29 00:00:00,1761696016.0,0.07
2025-10-29 01:00:00,1761699612.0,0.0665
2025-10-29 02:00:00,1761703212.0,0.0685
2025-10-29 03:00:00,1761706820.0,0.069
2025-10-29 04:00:00,1761710418.0,0.069
2025-10-29 05:00:00,1761714019.0,0.0705
2025-10-29 06:00:00,1761717615.0,0.07
2025-10-29 07:00:00,1761721213.0,0.073
2025-10-29 08:00:00,1761724820.0,0.0705
2025-10-29 09:00:00,1761728420.0,0.071
2025-10-29 11:00:00,1761738559.0,0.0725
2025-10-29 13:00:00,1761743342.0,0.0725
2025-10-29 14:00:00,1761746414.0,0.072
2025-10-29 15:00:00,1761750016.0,0.071
2025-10-29 16:00:00,1761753613.0,0.068
2025-10-29 17:00:00,1761757216.0,0.067
2025-10-29 18:00:00,1761760816.0,0.071
2025-10-29 19:00:00,1761764415.0,0.074
2025-10-29 20:00:00,1761768016.0,0.07
2025-10-29 21:00:00,1761771616.0,0.07
2025-10-29 22:00:00,1761775216.0,0.0695
2025-10-29 23:00:00,1761778815.0,0.069
2025-10-30 00:00:00,1761782416.0,0.0725
2025-10-30 01:00:00,1761786013.0,0.0725
2025-10-30 02:00:00,1761789614.0,0.072
2025-10-30 03:00:00,1761793216.0,0.0765
2025-10-30 04:00:00,1761796816.0,0.0765
2025-10-30 05:00:00,1761800416.0,0.0765
2025-10-30 06:00:00,1761804017.0,0.0765
2025-10-30 07:00:00,1761807616.0,0.0755
2025-10-30 08:00:00,1761811215.0,0.0755
2025-10-30 09:00:00,1761814817.0,0.072
2025-10-30 10:00:00,1761818412.0,0.072
2025-10-30 11:00:00,1761822016.0,0.0765
2025-10-30 12:00:00,1761825618.0,0.0765
2025-10-30 13:00:00,1761829216.0,0.0955
2025-10-30 14:00:00,1761832816.0,0.093
2025-10-30 15:00:00,1761836416.0,0.0915
2025-10-30 16:00:00,1761840016.0,0.076
2025-10-30 17:00:00,1761843617.0,0.0765
2025-10-30 18:00:00,1761847217.0,0.076
2025-10-30 19:00:00,1761850816.0,0.076
2025-10-30 20:00:00,1761854415.0,0.0765
2025-10-30 21:00:00,1761858018.0,0.081
2025-10-30 22:00:00,1761861617.0,0.08
2025-10-30 23:00:00,1761865217.0,0.081
2025-10-31 00:00:00,1761868811.0,0.08
2025-10-31 01:00:00,1761872410.0,0.08
2025-10-31 02:00:00,1761876013.0,0.081
2025-10-31 03:00:00,1761879614.0,0.0835
2025-10-31 04:00:00,1761883215.0,0.0825
2025-10-31 05:00:00,1761886815.0,0.084
2025-10-31 06:00:00,1761890416.0,0.0845
2025-10-31 07:00:00,1761894016.0,0.087
2025-10-31 08:00:00,1761897620.0,0.0865
2025-10-31 09:00:00,1761901216.0,0.0865
2025-10-31 10:00:00,1761904816.0,0.0855
2025-10-31 11:00:00,1761908415.0,0.084
2025-10-31 12:00:00,1761912018.0,0.0865
2025-10-31 13:00:00,1761915615.0,0.0845
2025-10-31 14:00:00,1761919215.0,0.086
2025-10-31 15:00:00,1761922815.0,0.087
2025-10-31 16:00:00,1761926416.0,0.0785
2025-10-31 17:00:00,1761930017.0,0.0865
2025-10-31 18:00:00,1761933617.0,0.0865
2025-10-31 19:00:00,1761937216.0,0.0865
2025-10-31 20:00:00,1761940815.0,0.0865
2025-10-31 21:00:00,1761944417.0,0.0865
2025-10-31 22:00:00,1761948016.0,0.0865
2025-10-31 23:00:00,1761951616.0,0.0865
2025-11-01 00:00:00,1761955216.0,0.0865
2025-11-01 01:00:00,1761958814.0,0.0845
2025-11-01 02:00:00,1761962415.0,0.086
2025-11-01 03:00:00,1761966018.0,0.086
2025-11-01 04:00:00,1761969615.0,0.086
2025-11-01 05:00:00,1761973216.0,0.086
2025-11-01 06:00:00,1761976817.0,0.086
2025-11-01 07:00:00,1761980417.0,0.086
2025-11-01 08:00:00,1761984016.0,0.084
2025-11-01 09:00:00,1761987617.0,0.085
2025-11-01 10:00:00,1761991217.0,0.086
2025-11-01 11:00:00,1761994816.0,0.0845
2025-11-01 12:00:00,1761998420.0,0.085
2025-11-01 13:00:00,1762002015.0,0.087
2025-11-01 14:00:00,1762005616.0,0.085
2025-11-01 15:00:00,1762009217.0,0.085
2025-11-01 16:00:00,1762012816.0,0.069
2025-11-01 17:00:00,1762016418.0,0.069
2025-11-01 18:00:00,1762020017.0,0.069
2025-11-01 19:00:00,1762023616.0,0.069
2025-11-01 20:00:00,1762027217.0,0.069
2025-11-01 21:00:00,1762030818.0,0.0795
2025-11-01 22:00:00,1762034417.0,0.079
2025-11-01 23:00:00,1762038016.0,0.079
2025-11-02 00:00:00,1762041613.0,0.079
2025-11-02 01:00:00,1762045212.0,0.0785
2025-11-02 02:00:00,1762048813.0,0.077
2025-11-02 03:00:00,1762052415.0,0.077
2025-11-02 04:00:00,1762056015.0,0.077
2025-11-02 05:00:00,1762059615.0,0.077
2025-11-02 06:00:00,1762063216.0,0.077
2025-11-02 07:00:00,1762066815.0,0.077
2025-11-02 08:00:00,1762070415.0,0.077
2025-11-02 09:00:00,1762074016.0,0.0895
2025-11-02 10:00:00,1762077615.0,0.0875
2025-11-02 11:00:00,1762081216.0,0.0875
2025-11-02 12:00:00,1762084817.0,0.0875
2025-11-02 13:00:00,1762088414.0,0.074
2025-11-02 14:00:00,1762092015.0,0.0745
2025-11-02 15:00:00,1762095616.0,0.073
2025-11-02 16:00:00,1762099215.0,0.0725
2025-11-02 17:00:00,1762102817.0,0.0795
2025-11-02 18:00:00,1762106417.0,0.0795
2025-11-02 19:00:00,1762110016.0,0.079
2025-11-02 20:00:00,1762113615.0,0.079
2025-11-02 21:00:00,1762117217.0,0.079
2025-11-02 22:00:00,1762120816.0,0.079
2025-11-02 23:00:00,1762124415.0,0.079
2025-11-03 00:00:00,1762128014.0,0.079
2025-11-03 01:00:00,1762131614.0,0.079
2025-11-03 02:00:00,1762135214.0,0.082
2025-11-03 03:00:00,1762138815.0,0.079
2025-11-03 04:00:00,1762142416.0,0.079
2025-11-03 05:00:00,1762146015.0,0.079
2025-11-03 06:00:00,1762149617.0,0.0765
2025-11-03 07:00:00,1762153216.0,0.079
2025-11-03 08:00:00,1762156815.0,0.0755
2025-11-03 09:00:00,1762160416.0,0.0805
2025-11-03 10:00:00,1762164016.0,0.0795
2025-11-03 11:00:00,1762167615.0,0.08
2025-11-03 12:00:00,1762171217.0,0.08
2025-11-03 13:00:00,1762174815.0,0.0815
2025-11-03 14:00:00,1762178415.0,0.0795
2025-11-03 15:00:00,1762182015.0,0.0815
2025-11-03 16:00:00,1762185615.0,0.0825
2025-11-03 17:00:00,1762189216.0,0.0825
2025-11-03 18:00:00,1762192817.0,0.0825
2025-11-03 19:00:00,1762196415.0,0.0825
2025-11-03 20:00:00,1762200016.0,0.0825
2025-11-03 21:00:00,1762203618.0,0.0825
2025-11-03 22:00:00,1762207216.0,0.0825
2025-11-03 23:00:00,1762210816.0,0.0825
2025-11-04 00:00:00,1762214415.0,0.0825
2025-11-04 01:00:00,1762218012.0,0.0815
2025-11-04 02:00:00,1762221613.0,0.0815
2025-11-04 03:00:00,1762225216.0,0.0815
2025-11-04 04:00:00,1762228816.0,0.0815
2025-11-04 05:00:00,1762232415.0,0.0815
2025-11-04 06:00:00,1762236017.0,0.081
2025-11-04 07:00:00,1762239616.0,0.081
2025-11-04 08:00:00,1762243216.0,0.081
2025-11-04 09:00:00,1762246817.0,0.081
2025-11-04 10:00:00,1762250416.0,0.0765
2025-11-04 11:00:00,1762254017.0,0.0765
2025-11-04 12:00:00,1762257619.0,0.0805
2025-11-04 13:00:00,1762261216.0,0.0805
2025-11-04 14:00:00,1762264817.0,0.0805
2025-11-04 15:00:00,1762268416.0,0.0805
2025-11-04 16:00:00,1762272017.0,0.0805
2025-11-04 17:00:00,1762275617.0,0.0805
2025-11-04 18:00:00,1762279218.0,0.0805
2025-11-04 19:00:00,1762282817.0,0.0805
2025-11-04 20:00:00,1762286416.0,0.0805
2025-11-04 21:00:00,1762290019.0,0.0805
2025-11-04 22:00:00,1762293617.0,0.0805
2025-11-04 23:00:00,1762297216.0,0.0805
2025-11-05 00:00:00,1762300815.0,0.0805
2025-11-05 01:00:00,1762304414.0,0.0805
2025-11-05 02:00:00,1762308015.0,0.077
2025-11-05 03:00:00,1762311617.0,0.0815
2025-11-05 04:00:00,1762315216.0,0.082
2025-11-05 05:00:00,1762318817.0,0.0785
2025-11-05 06:00:00,1762322419.0,0.0795
2025-11-05 07:00:00,1762326018.0,0.0795
2025-11-05 08:00:00,1762329617.0,0.0795
2025-11-05 09:00:00,1762333218.0,0.08
2025-11-05 10:00:00,1762336817.0,0.08
2025-11-05 11:00:00,1762340417.0,0.08
2025-11-05 12:00:00,1762344020.0,0.08
2025-11-05 13:00:00,1762347616.0,0.08
2025-11-05 14:00:00,1762351217.0,0.082
2025-11-05 15:00:00,1762354818.0,0.0815
2025-11-05 16:00:00,1762358416.0,0.0815
2025-11-05 17:00:00,1762362017.0,0.0825
2025-11-05 18:00:00,1762365617.0,0.083
2025-11-05 19:00:00,1762369217.0,0.083
2025-11-05 20:00:00,1762372816.0,0.0825
2025-11-05 21:00:00,1762376418.0,0.0825
2025-11-05 22:00:00,1762380016.0,0.0825
2025-11-05 23:00:00,1762383616.0,0.0825
2025-11-06 00:00:00,1762387210.0,0.0815
2025-11-06 01:00:00,1762390811.0,0.0825
2025-11-06 02:00:00,1762394413.0,0.0825
2025-11-06 03:00:00,1762398016.0,0.0785
2025-11-06 04:00:00,1762401616.0,0.0785
2025-11-06 05:00:00,1762405215.0,0.0795
2025-11-06 06:00:00,1762408817.0,0.0795
2025-11-06 07:00:00,1762412416.0,0.0795
2025-11-06 08:00:00,1762416014.0,0.0825
2025-11-06 09:00:00,1762419617.0,0.087
2025-11-06 10:00:00,1762423211.0,0.0875
2025-11-06 11:00:00,1762426815.0,0.0875
2025-11-06 12:00:00,1762430421.0,0.0885
2025-11-06 13:00:00,1762434015.0,0.0875
2025-11-06 14:00:00,1762437616.0,0.0875
2025-11-06 15:00:00,1762441216.0,0.088
2025-11-06 16:00:00,1762444816.0,0.088
2025-11-06 17:00:00,1762448418.0,0.087
2025-11-06 18:00:00,1762452017.0,0.0875
2025-11-06 19:00:00,1762455616.0,0.087
2025-11-06 20:00:00,1762459218.0,0.0885
2025-11-06 21:00:00,1762462820.0,0.0865
2025-11-06 22:00:00,1762466416.0,0.0875
2025-11-06 23:00:00,1762470016.0,0.087
2025-11-07 00:00:00,1762473615.0,0.0995
2025-11-07 01:00:00,1762477213.0,0.0915
2025-11-07 02:00:00,1762480818.0,0.0905
2025-11-07 03:00:00,1762484418.0,0.09
2025-11-07 04:00:00,1762488016.0,0.0915
2025-11-07 05:00:00,1762491618.0,0.0915
2025-11-07 06:00:00,1762495220.0,0.0915
2025-11-07 07:00:00,1762498817.0,0.0915
2025-11-07 08:00:00,1762502416.0,0.0915
2025-11-07 09:00:00,1762506017.0,0.0915
2025-11-07 10:00:00,1762509617.0,0.091
2025-11-07 11:00:00,1762513216.0,0.091
2025-11-07 12:00:00,1762516820.0,0.0865
2025-11-07 13:00:00,1762520417.0,0.0865
2025-11-07 14:00:00,1762524019.0,0.0885
2025-11-07 15:00:00,1762527628.0,0.0865
2025-11-07 16:00:00,1762531217.0,0.0885
2025-11-07 17:00:00,1762534835.0,0.0865
2025-11-07 18:00:00,1762538420.0,0.0865
2025-11-07 19:00:00,1762542020.0,0.0865
2025-11-07 20:00:00,1762545630.0,0.086
2025-11-07 21:00:00,1762549218.0,0.086
2025-11-07 22:00:00,1762552816.0,0.086
2025-11-07 23:00:00,1762556432.0,0.086
2025-11-08 00:00:00,1762560011.0,0.086
2025-11-08 01:00:00,1762563612.0,0.086
2025-11-08 02:00:00,1762567208.0,0.086
2025-11-08 03:00:00,1762570815.0,0.079
2025-11-08 04:00:00,1762574415.0,0.079
2025-11-08 05:00:00,1762578008.0,0.079
2025-11-08 06:00:00,1762581616.0,0.079
2025-11-08 07:00:00,1762585216.0,0.079
2025-11-08 08:00:00,1762588813.0,0.079
2025-11-08 09:00:00,1762592416.0,0.079
2025-11-08 10:00:00,1762596015.0,0.079
2025-11-08 11:00:00,1762599627.0,0.079
2025-11-08 12:00:00,1762603232.0,0.0795
2025-11-08 13:00:00,1762606815.0,0.079
2025-11-08 14:00:00,1762610415.0,0.0785
2025-11-08 15:00:00,1762614016.0,0.0785
2025-11-08 16:00:00,1762617615.0,0.078
2025-11-08 17:00:00,1762621217.0,0.078
2025-11-08 18:00:00,1762624817.0,0.078
2025-11-08 19:00:00,1762628417.0,0.078
2025-11-08 20:00:00,1762632015.0,0.078
2025-11-08 21:00:00,1762635617.0,0.078
2025-11-08 22:00:00,1762639216.0,0.077
2025-11-08 23:00:00,1762642817.0,0.0755
2025-11-09 00:00:00,1762646427.0,0.0755
2025-11-09 01:00:00,1762650013.0,0.0755
2025-11-09 02:00:00,1762653615.0,0.0755
2025-11-09 03:00:00,1762657216.0,0.0755
2025-11-09 04:00:00,1762660827.0,0.0755
2025-11-09 05:00:00,1762664415.0,0.0755
2025-11-09 06:00:00,1762668017.0,0.0755
2025-11-09 07:00:00,1762671616.0,0.0755
2025-11-09 08:00:00,1762675215.0,0.0755
2025-11-09 09:00:00,1762678816.0,0.0755
2025-11-09 10:00:00,1762682415.0,0.0775
2025-11-09 11:00:00,1762686016.0,0.0775
2025-11-09 12:00:00,1762689618.0,0.0775
2025-11-09 13:00:00,1762693215.0,0.0775
2025-11-09 14:00:00,1762696815.0,0.0775
2025-11-09 15:00:00,1762700416.0,0.0815
2025-11-09 16:00:00,1762704015.0,0.08
2025-11-09 17:00:00,1762707616.0,0.08
2025-11-09 18:00:00,1762711216.0,0.08
2025-11-09 19:00:00,1762714815.0,0.08
2025-11-09 20:00:00,1762718415.0,0.079
2025-11-09 21:00:00,1762722017.0,0.078
2025-11-09 22:00:00,1762725616.0,0.078
2025-11-09 23:00:00,1762729215.0,0.077
2025-11-10 00:00:00,1762732811.0,0.077
2025-11-10 01:00:00,1762736424.0,0.077
2025-11-10 02:00:00,1762740013.0,0.0795
2025-11-10 03:00:00,1762743614.0,0.0795
2025-11-10 04:00:00,1762747215.0,0.0795
2025-11-10 05:00:00,1762750815.0,0.0795
2025-11-10 06:00:00,1762754417.0,0.0795
2025-11-10 07:00:00,1762758014.0,0.0795
2025-11-10 08:00:00,1762761614.0,0.0795
2025-11-10 09:00:00,1762765227.0,0.0765
2025-11-10 10:00:00,1762768817.0,0.074
2025-11-10 11:00:00,1762772415.0,0.074
2025-11-10 12:00:00,1762776017.0,0.074
2025-11-10 13:00:00,1762779616.0,0.074
2025-11-10 14:00:00,1762783216.0,0.074
2025-11-10 15:00:00,1762786817.0,0.074
2025-11-10 16:00:00,1762790417.0,0.074
2025-11-10 17:00:00,1762794016.0,0.067
2025-11-10 18:00:00,1762797618.0,0.065
2025-11-10 19:00:00,1762801216.0,0.065
2025-11-10 20:00:00,1762804816.0,0.065
2025-11-10 21:00:00,1762808418.0,0.0625
2025-11-10 22:00:00,1762812015.0,0.0635
2025-11-10 23:00:00,1762815616.0,0.0635
2025-11-11 00:00:00,1762819216.0,0.064
2025-11-11 01:00:00,1762822816.0,0.0675
2025-11-11 02:00:00,1762826418.0,0.0675
2025-11-11 03:00:00,1762830019.0,0.0645
2025-11-11 04:00:00,1762833619.0,0.064
2025-11-11 05:00:00,1762837216.0,0.064
2025-11-11 06:00:00,1762840824.0,0.065
2025-11-11 07:00:00,1762844418.0,0.065
2025-11-11 08:00:00,1762848029.0,0.065
2025-11-11 09:00:00,1762851617.0,0.064
2025-11-11 10:00:00,1762855217.0,0.065
2025-11-11 11:00:00,1762858832.0,0.065
2025-11-11 12:00:00,1762862433.0,0.065
2025-11-11 13:00:00,1762866015.0,0.065
2025-11-11 14:00:00,1762869617.0,0.065
2025-11-11 15:00:00,1762873231.0,0.065
2025-11-11 16:00:00,1762876816.0,0.0655
2025-11-11 17:00:00,1762880418.0,0.066
2025-11-11 18:00:00,1762884018.0,0.0655
2025-11-11 19:00:00,1762887617.0,0.0675
2025-11-11 20:00:00,1762891218.0,0.0665
2025-11-11 21:00:00,1762894820.0,0.064
2025-11-11 22:00:00,1762898417.0,0.064
2025-11-11 23:00:00,1762902018.0,0.064
2025-11-12 00:00:00,1762905615.0,0.064
2025-11-12 01:00:00,1762909212.0,0.0645
2025-11-12 02:00:00,1762912814.0,0.0645
2025-11-12 03:00:00,1762916418.0,0.0645
2025-11-12 04:00:00,1762920018.0,0.0645
2025-11-12 05:00:00,1762923616.0,0.0645
2025-11-12 06:00:00,1762927219.0,0.0645
2025-11-12 07:00:00,1762930819.0,0.0635
2025-11-12 08:00:00,1762934416.0,0.0635
2025-11-12 09:00:00,1762938019.0,0.0635
2025-11-12 10:00:00,1762941616.0,0.0615
2025-11-12 11:00:00,1762945217.0,0.0605
2025-11-12 12:00:00,1762948820.0,0.0605
2025-11-12 13:00:00,1762952417.0,0.061
2025-11-12 14:00:00,1762956018.0,0.0605
2025-11-12 15:00:00,1762959617.0,0.0605
2025-11-12 16:00:00,1762963218.0,0.0605
2025-11-12 17:00:00,1762966833.0,0.0605
2025-11-12 18:00:00,1762970419.0,0.0605
2025-11-12 19:00:00,1762974018.0,0.0605
2025-11-12 20:00:00,1762977617.0,0.075
2025-11-12 21:00:00,1762981220.0,0.075
2025-11-12 22:00:00,1762984817.0,0.075
2025-11-12 23:00:00,1762988418.0,0.075
2025-11-13 00:00:00,1762992015.0,0.075
2025-11-13 01:00:00,1762995614.0,0.0775
2025-11-13 02:00:00,1762999209.0,0.0775
2025-11-13 03:00:00,1763002818.0,0.0775
2025-11-13 04:00:00,1763006419.0,0.078
2025-11-13 05:00:00,1763010017.0,0.077
2025-11-13 06:00:00,1763013619.0,0.077
2025-11-13 07:00:00,1763017219.0,0.077
2025-11-13 08:00:00,1763020817.0,0.0775
2025-11-13 09:00:00,1763024419.0,0.0775
2025-11-13 10:00:00,1763028016.0,0.0745
2025-11-13 11:00:00,1763031618.0,0.072
2025-11-13 12:00:00,1763035221.0,0.07
2025-11-13 13:00:00,1763038817.0,0.07
2025-11-13 14:00:00,1763042418.0,0.075
2025-11-13 15:00:00,1763046019.0,0.0745
2025-11-13 16:00:00,1763049619.0,0.074
2025-11-13 17:00:00,1763053222.0,0.074
2025-11-13 18:00:00,1763056820.0,0.074
2025-11-13 19:00:00,1763060433.0,0.0745
2025-11-13 20:00:00,1763064018.0,0.0715
2025-11-13 21:00:00,1763067621.0,0.0705
2025-11-13 22:00:00,1763071218.0,0.0705
2025-11-13 23:00:00,1763074819.0,0.07
2025-11-14 00:00:00,1763078414.0,0.0695
2025-11-14 01:00:00,1763082013.0,0.0685
2025-11-14 02:00:00,1763085616.0,0.0685
2025-11-14 03:00:00,1763089217.0,0.0685
2025-11-14 04:00:00,1763092818.0,0.072
2025-11-14 05:00:00,1763096417.0,0.0695
2025-11-14 06:00:00,1763100020.0,0.068
2025-11-14 07:00:00,1763103619.0,0.068
2025-11-14 08:00:00,1763107217.0,0.0675
2025-11-14 09:00:00,1763110820.0,0.073
2025-11-14 10:00:00,1763114418.0,0.072
2025-11-14 11:00:00,1763118019.0,0.072
2025-11-14 12:00:00,1763121622.0,0.072
2025-11-14 13:00:00,1763125231.0,0.072
2025-11-14 14:00:00,1763128820.0,0.0705
2025-11-14 15:00:00,1763132418.0,0.0695
2025-11-14 16:00:00,1763136018.0,0.0715
2025-11-14 17:00:00,1763139621.0,0.0715
2025-11-14 18:00:00,1763143220.0,0.071
2025-11-14 19:00:00,1763146820.0,0.07
2025-11-14 20:00:00,1763150419.0,0.0695
2025-11-14 21:00:00,1763154033.0,0.0685
2025-11-14 22:00:00,1763157620.0,0.068
2025-11-14 23:00:00,1763161218.0,0.0685
2025-11-15 00:00:00,1763164817.0,0.0685
2025-11-15 01:00:00,1763168415.0,0.0685
2025-11-15 02:00:00,1763172017.0,0.0685
2025-11-15 03:00:00,1763175620.0,0.0685
2025-11-15 04:00:00,1763179219.0,0.0685
2025-11-15 05:00:00,1763182819.0,0.0685
2025-11-15 06:00:00,1763186420.0,0.0685
2025-11-15 07:00:00,1763190019.0,0.0685
2025-11-15 08:00:00,1763193618.0,0.0685
2025-11-15 09:00:00,1763197220.0,0.0685
2025-11-15 10:00:00,1763200819.0,0.069
2025-11-15 11:00:00,1763204419.0,0.064
2025-11-15 12:00:00,1763208023.0,0.06
2025-11-15 13:00:00,1763211618.0,0.066
2025-11-15 14:00:00,1763215219.0,0.0695
2025-11-15 15:00:00,1763218820.0,0.0685
2025-11-15 16:00:00,1763222418.0,0.0685
2025-11-15 17:00:00,1763226021.0,0.0695
2025-11-15 18:00:00,1763229620.0,0.06
2025-11-15 19:00:00,1763233220.0,0.06
2025-11-15 20:00:00,1763236819.0,0.06
2025-11-15 21:00:00,1763240421.0,0.06
2025-11-15 22:00:00,1763244019.0,0.06
2025-11-15 23:00:00,1763247619.0,0.06
2025-11-16 00:00:00,1763251212.0,0.06
2025-11-16 01:00:00,1763254823.0,0.06
2025-11-16 02:00:00,1763258413.0,0.06
2025-11-16 03:00:00,1763262017.0,0.06
2025-11-16 04:00:00,1763265615.0,0.06
2025-11-16 05:00:00,1763269215.0,0.06
2025-11-16 06:00:00,1763272816.0,0.06
2025-11-16 07:00:00,1763276416.0,0.059
2025-11-16 08:00:00,1763280015.0,0.0685
2025-11-16 09:00:00,1763283617.0,0.0685
2025-11-16 10:00:00,1763287216.0,0.0595
2025-11-16 11:00:00,1763290817.0,0.0635
2025-11-16 12:00:00,1763294420.0,0.0635
2025-11-16 13:00:00,1763298016.0,0.0635
2025-11-16 14:00:00,1763301616.0,0.0635
2025-11-16 15:00:00,1763305217.0,0.0635
2025-11-16 16:00:00,1763308816.0,0.0635
2025-11-16 17:00:00,1763312419.0,0.0635
2025-11-16 18:00:00,1763316021.0,0.0635
2025-11-16 19:00:00,1763319618.0,0.063
2025-11-16 20:00:00,1763323218.0,0.063
2025-11-16 21:00:00,1763326820.0,0.063
2025-11-16 22:00:00,1763330417.0,0.063
2025-11-16 23:00:00,1763334016.0,0.063
2025-11-17 00:00:00,1763337615.0,0.059
2025-11-17 01:00:00,1763341214.0,0.065
2025-11-17 02:00:00,1763344815.0,0.066
2025-11-17 03:00:00,1763348417.0,0.0665
2025-11-17 04:00:00,1763352016.0,0.068
2025-11-17 05:00:00,1763355617.0,0.068
2025-11-17 06:00:00,1763359217.0,0.065
2025-11-17 07:00:00,1763362818.0,0.0635
2025-11-17 08:00:00,1763366430.0,0.061
2025-11-17 09:00:00,1763370036.0,0.061
2025-11-17 10:00:00,1763373621.0,0.066
2025-11-17 11:00:00,1763377217.0,0.068
2025-11-17 12:00:00,1763380819.0,0.068
2025-11-17 13:00:00,1763384417.0,0.0675
2025-11-17 14:00:00,1763388016.0,0.059
2025-11-17 15:00:00,1763391634.0,0.059
2025-11-17 16:00:00,1763395216.0,0.059
2025-11-17 17:00:00,1763398819.0,0.059
2025-11-17 18:00:00,1763402418.0,0.04
2025-11-17 19:00:00,1763406018.0,0.035
2025-11-17 20:00:00,1763409618.0,0.0355
2025-11-17 21:00:00,1763413219.0,0.0365
2025-11-17 22:00:00,1763416820.0,0.0315
2025-11-17 23:00:00,1763420419.0,0.0285
2025-11-18 00:00:00,1763424012.0,0.039
2025-11-18 01:00:00,1763427612.0,0.0395
2025-11-18 02:00:00,1763431213.0,0.0395
2025-11-18 03:00:00,1763434816.0,0.0395
2025-11-18 04:00:00,1763438416.0,0.046
2025-11-18 05:00:00,1763442016.0,0.046
2025-11-18 06:00:00,1763445618.0,0.049
2025-11-18 07:00:00,1763449217.0,0.049
2025-11-18 08:00:00,1763452816.0,0.0525
2025-11-18 09:00:00,1763456418.0,0.053
2025-11-18 10:00:00,1763460017.0,0.059
2025-11-18 11:00:00,1763463614.0,0.0565
2025-11-18 12:00:00,1763467220.0,0.0595
2025-11-18 13:00:00,1763470819.0,0.0565
2025-11-18 14:00:00,1763474417.0,0.056
2025-11-18 15:00:00,1763478018.0,0.0575
2025-11-18 16:00:00,1763481619.0,0.0465
2025-11-18 17:00:00,1763485219.0,0.0465
2025-11-18 18:00:00,1763488819.0,0.0465
2025-11-18 19:00:00,1763492419.0,0.039
2025-11-18 20:00:00,1763496018.0,0.049
2025-11-18 21:00:00,1763499621.0,0.049
2025-11-18 22:00:00,1763503218.0,0.0565
2025-11-18 23:00:00,1763506833.0,0.032
2025-11-19 00:00:00,1763510418.0,0.031
2025-11-19 01:00:00,1763514017.0,0.0315
2025-11-19 02:00:00,1763517618.0,0.032
2025-11-19 03:00:00,1763521219.0,0.03
2025-11-19 04:00:00,1763524819.0,0.0305
2025-11-19 05:00:00,1763528418.0,0.0305
2025-11-19 06:00:00,1763532021.0,0.0305
2025-11-19 07:00:00,1763535619.0,0.0295
2025-11-19 08:00:00,1763539219.0,0.0295
2025-11-19 09:00:00,1763542820.0,0.03
2025-11-19 10:00:00,1763546419.0,0.029
2025-11-19 11:00:00,1763550019.0,0.0265
2025-11-19 12:00:00,1763553623.0,0.0265
2025-11-19 13:00:00,1763557217.0,0.025
2025-11-19 14:00:00,1763560831.0,0.025
2025-11-19 15:00:00,1763564419.0,0.021
2025-11-19 16:00:00,1763568031.0,0.021
2025-11-19 17:00:00,1763571620.0,0.0205
2025-11-19 18:00:00,1763575228.0,0.036
2025-11-19 19:00:00,1763578819.0,0.052
2025-11-19 20:00:00,1763582419.0,0.048
2025-11-19 21:00:00,1763586021.0,0.0405
2025-11-19 22:00:00,1763589619.0,0.04
2025-11-19 23:00:00,1763593234.0,0.0315
2025-11-20 00:00:00,1763596812.0,0.0395
2025-11-20 01:00:00,1763600413.0,0.0355
2025-11-20 02:00:00,1763604015.0,0.039
2025-11-20 03:00:00,1763607618.0,0.041
2025-11-20 04:00:00,1763611219.0,0.041
2025-11-20 05:00:00,1763614817.0,0.041
2025-11-20 06:00:00,1763618420.0,0.041
2025-11-20 07:00:00,1763622027.0,0.041
2025-11-20 08:00:00,1763625618.0,0.041
2025-11-20 09:00:00,1763629221.0,0.033
2025-11-20 10:00:00,1763632817.0,0.0325
2025-11-20 11:00:00,1763636419.0,0.033
2025-11-20 12:00:00,1763640013.0,0.0295
2025-11-20 13:00:00,1763643610.0,0.0315
2025-11-20 14:00:00,1763647210.0,0.028
2025-11-20 15:00:00,1763650811.0,0.028
2025-11-20 16:00:00,1763654410.0,0.0225
2025-11-20 17:00:00,1763658014.0,0.022
2025-11-20 18:00:00,1763661613.0,0.022
2025-11-20 19:00:00,1763665210.0,0.022
2025-11-20 20:00:00,1763668812.0,0.022
2025-11-20 21:00:00,1763672415.0,0.0205
2025-11-20 22:00:00,1763676025.0,0.0215
2025-11-20 23:00:00,1763679611.0,0.0395
2025-11-21 00:00:00,1763683219.0,0.039
2025-11-21 01:00:00,1763686810.0,0.039
2025-11-21 02:00:00,1763690410.0,0.0395
2025-11-21 03:00:00,1763694012.0,0.0395
2025-11-21 04:00:00,1763697624.0,0.0395
2025-11-21 05:00:00,1763701216.0,0.0395
2025-11-21 06:00:00,1763704812.0,0.0395
2025-11-21 07:00:00,1763708410.0,0.0395
2025-11-21 08:00:00,1763712010.0,0.039
2025-11-21 09:00:00,1763715611.0,0.0405
2025-11-21 10:00:00,1763719210.0,0.0405
2025-11-21 11:00:00,1763722812.0,0.04
2025-11-21 12:00:00,1763726413.0,0.0425
2025-11-21 13:00:00,1763730024.0,0.0405
2025-11-21 14:00:00,1763733612.0,0.0385
2025-11-21 15:00:00,1763737212.0,0.046
2025-11-21 16:00:00,1763740812.0,0.046
2025-11-21 17:00:00,1763744423.0,0.047
2025-11-21 18:00:00,1763748012.0,0.046
2025-11-21 19:00:00,1763751611.0,0.0535
2025-11-21 20:00:00,1763755212.0,0.055
2025-11-21 21:00:00,1763758812.0,0.058
2025-11-21 22:00:00,1763762411.0,0.0585
2025-11-21 23:00:00,1763766017.0,0.054
2025-11-22 00:00:00,1763769613.0,0.054
2025-11-22 01:00:00,1763773211.0,0.054
2025-11-22 02:00:00,1763776810.0,0.054
2025-11-22 03:00:00,1763780412.0,0.054
2025-11-22 04:00:00,1763784026.0,0.054
2025-11-22 05:00:00,1763787617.0,0.0545
2025-11-22 06:00:00,1763791221.0,0.047
2025-11-22 07:00:00,1763794810.0,0.046
2025-11-22 08:00:00,1763798409.0,0.0455
2025-11-22 09:00:00,1763802012.0,0.0455
2025-11-22 10:00:00,1763805611.0,0.0445
2025-11-22 11:00:00,1763809211.0,0.046
2025-11-22 12:00:00,1763812813.0,0.0415
2025-11-22 13:00:00,1763816423.0,0.0405
2025-11-22 14:00:00,1763820011.0,0.041
2025-11-22 15:00:00,1763823611.0,0.042
2025-11-22 16:00:00,1763827211.0,0.0425
2025-11-22 17:00:00,1763830822.0,0.0425
2025-11-22 18:00:00,1763834411.0,0.0425
2025-11-22 19:00:00,1763838010.0,0.0425
2025-11-22 20:00:00,1763841610.0,0.043
2025-11-22 21:00:00,1763845212.0,0.043
2025-11-22 22:00:00,1763848809.0,0.042
2025-11-22 23:00:00,1763852410.0,0.043
2025-11-23 00:00:00,1763856014.0,0.042
2025-11-23 01:00:00,1763859623.0,0.041
2025-11-23 02:00:00,1763863210.0,0.041
2025-11-23 03:00:00,1763866813.0,0.042
2025-11-23 04:00:00,1763870410.0,0.042
2025-11-23 05:00:00,1763874009.0,0.042
2025-11-23 06:00:00,1763877619.0,0.042
2025-11-23 07:00:00,1763881209.0,0.042
2025-11-23 08:00:00,1763884810.0,0.042
2025-11-23 09:00:00,1763888411.0,0.042
2025-11-23 10:00:00,1763892010.0,0.0415
2025-11-23 11:00:00,1763895611.0,0.0415
2025-11-23 12:00:00,1763899213.0,0.0415
2025-11-23 13:00:00,1763902810.0,0.0415
2025-11-23 14:00:00,1763906411.0,0.0435
2025-11-23 15:00:00,1763910011.0,0.0425
2025-11-23 16:00:00,1763913609.0,0.0425
2025-11-23 17:00:00,1763917226.0,0.042
2025-11-23 18:00:00,1763920812.0,0.041
2025-11-23 19:00:00,1763924410.0,0.04
2025-11-23 20:00:00,1763928010.0,0.04
2025-11-23 21:00:00,1763931627.0,0.0405
2025-11-23 22:00:00,1763935210.0,0.0415
2025-11-23 23:00:00,1763938810.0,0.0415
2025-11-24 00:00:00,1763942413.0,0.0385
2025-11-24 01:00:00,1763946008.0,0.0385
2025-11-24 02:00:00,1763949608.0,0.0385
2025-11-24 03:00:00,1763953208.0,0.038
2025-11-24 04:00:00,1763956808.0,0.0385
2025-11-24 05:00:00,1763960408.0,0.038
2025-11-24 06:00:00,1763964016.0,0.038
2025-11-24 07:00:00,1763967608.0,0.038
2025-11-24 08:00:00,1763971208.0,0.038
2025-11-24 09:00:00,1763974808.0,0.0385
2025-11-24 10:00:00,1763978408.0,0.0395
2025-11-24 11:00:00,1763982007.0,0.0395
2025-11-24 12:00:00,1763985609.0,0.038
2025-11-24 13:00:00,1763989208.0,0.0455
2025-11-24 14:00:00,1763992810.0,0.0445
2025-11-24 15:00:00,1763996409.0,0.0435
2025-11-24 16:00:00,1764000008.0,0.046
2025-11-24 17:00:00,1764003613.0,0.0445
2025-11-24 18:00:00,1764007210.0,0.0445
2025-11-24 19:00:00,1764010809.0,0.0445
2025-11-24 20:00:00,1764014410.0,0.0465
2025-11-24 21:00:00,1764018019.0,0.0445
2025-11-24 22:00:00,1764021618.0,0.043
2025-11-24 23:00:00,1764025219.0,0.0425
2025-11-25 00:00:00,1764028816.0,0.042
2025-11-25 01:00:00,1764032416.0,0.042
2025-11-25 02:00:00,1764036017.0,0.0425
2025-11-25 03:00:00,1764039618.0,0.042
2025-11-25 04:00:00,1764043219.0,0.0445
2025-11-25 05:00:00,1764046819.0,0.043
2025-11-25 06:00:00,1764050419.0,0.042
2025-11-25 07:00:00,1764054019.0,0.042
2025-11-25 08:00:00,1764057618.0,0.0405
2025-11-25 09:00:00,1764061220.0,0.0395
2025-11-25 10:00:00,1764064819.0,0.0425
2025-11-25 11:00:00,1764068419.0,0.043
2025-11-25 12:00:00,1764072021.0,0.0425
2025-11-25 13:00:00,1764075618.0,0.0425
2025-11-25 14:00:00,1764079220.0,0.0455
2025-11-25 15:00:00,1764082819.0,0.056
2025-11-25 16:00:00,1764086419.0,0.0555
2025-11-25 17:00:00,1764090021.0,0.0535
2025-11-25 18:00:00,1764093619.0,0.0435
2025-11-25 19:00:00,1764097219.0,0.037
2025-11-25 20:00:00,1764100820.0,0.0385
2025-11-25 21:00:00,1764104421.0,0.0325
2025-11-25 22:00:00,1764108019.0,0.0285
2025-11-25 23:00:00,1764111619.0,0.027
2025-11-26 00:00:00,1764115214.0,0.026
2025-11-26 01:00:00,1764118814.0,0.026
2025-11-26 02:00:00,1764122415.0,0.0275
2025-11-26 03:00:00,1764126018.0,0.0275
2025-11-26 04:00:00,1764129619.0,0.0295
2025-11-26 05:00:00,1764133218.0,0.039
2025-11-26 06:00:00,1764136831.0,0.045
2025-11-26 07:00:00,1764140419.0,0.0405
2025-11-26 08:00:00,1764144022.0,0.038
2025-11-26 09:00:00,1764147620.0,0.0375
2025-11-26 10:00:00,1764151219.0,0.037
2025-11-26 11:00:00,1764154819.0,0.0385
2025-11-26 12:00:00,1764158436.0,0.0335
2025-11-26 13:00:00,1764162018.0,0.031
2025-11-26 14:00:00,1764165620.0,0.0325
2025-11-26 15:00:00,1764169219.0,0.032
2025-11-26 16:00:00,1764172821.0,0.0325
2025-11-26 17:00:00,1764176422.0,0.0325
2025-11-26 18:00:00,1764180021.0,0.0315
2025-11-26 19:00:00,1764183622.0,0.03
2025-11-26 20:00:00,1764187220.0,0.031
2025-11-26 21:00:00,1764190822.0,0.028
2025-11-26 22:00:00,1764194420.0,0.0325
2025-11-26 23:00:00,1764198021.0,0.0325
2025-11-27 00:00:00,1764201616.0,0.0325
2025-11-27 01:00:00,1764205227.0,0.0345
2025-11-27 02:00:00,1764208818.0,0.035
2025-11-27 03:00:00,1764212420.0,0.03
2025-11-27 04:00:00,1764216021.0,0.03
2025-11-27 05:00:00,1764219620.0,0.03
2025-11-27 06:00:00,1764223221.0,0.0295
2025-11-27 07:00:00,1764226821.0,0.029
2025-11-27 08:00:00,1764230419.0,0.028
2025-11-27 09:00:00,1764234021.0,0.025
2025-11-27 10:00:00,1764237621.0,0.027
2025-11-27 11:00:00,1764241220.0,0.023
2025-11-27 12:00:00,1764244825.0,0.026
2025-11-27 13:00:00,1764248419.0,0.026
2025-11-27 14:00:00,1764252020.0,0.026
2025-11-27 15:00:00,1764255619.0,0.028
2025-11-27 16:00:00,1764259220.0,0.026
2025-11-27 17:00:00,1764262823.0,0.026
2025-11-27 18:00:00,1764266421.0,0.023
2025-11-27 19:00:00,1764270022.0,0.023
2025-11-27 20:00:00,1764273621.0,0.023
2025-11-27 21:00:00,1764277223.0,0.023
2025-11-27 22:00:00,1764280821.0,0.0255
2025-11-27 23:00:00,1764284422.0,0.0235
2025-11-28 00:00:00,1764288016.0,0.0235
2025-11-28 01:00:00,1764291616.0,0.0235
2025-11-28 02:00:00,1764295218.0,0.024
2025-11-28 03:00:00,1764298820.0,0.0255
2025-11-28 04:00:00,1764302420.0,0.024
2025-11-28 05:00:00,1764306019.0,0.027
2025-11-28 06:00:00,1764309621.0,0.026
2025-11-28 07:00:00,1764313222.0,0.026
2025-11-28 08:00:00,1764316820.0,0.026
2025-11-28 09:00:00,1764320422.0,0.0265
2025-11-28 10:00:00,1764324019.0,0.026
2025-11-28 11:00:00,1764327620.0,0.0255
2025-11-28 12:00:00,1764331225.0,0.026
2025-11-28 13:00:00,1764334820.0,0.026
2025-11-28 14:00:00,1764338422.0,0.026
2025-11-28 15:00:00,1764342020.0,0.026
2025-11-28 16:00:00,1764345635.0,0.024
2025-11-28 17:00:00,1764349225.0,0.024
2025-11-28 18:00:00,1764352822.0,0.024
2025-11-28 19:00:00,1764356423.0,0.0235
2025-11-28 20:00:00,1764360021.0,0.0235
2025-11-28 21:00:00,1764363625.0,0.0235
2025-11-28 22:00:00,1764367224.0,0.0235
2025-11-28 23:00:00,1764370820.0,0.0235
2025-11-29 00:00:00,1764374421.0,0.0235
2025-11-29 01:00:00,1764378019.0,0.0255
2025-11-29 02:00:00,1764381621.0,0.0255
2025-11-29 03:00:00,1764385212.0,0.0255
2025-11-29 04:00:00,1764388821.0,0.0255
2025-11-29 05:00:00,1764392421.0,0.0255
2025-11-29 06:00:00,1764396022.0,0.0255
2025-11-29 07:00:00,1764399622.0,0.0255
2025-11-29 08:00:00,1764403220.0,0.0265
2025-11-29 09:00:00,1764406823.0,0.0265
2025-11-29 10:00:00,1764410435.0,0.0265
2025-11-29 11:00:00,1764414021.0,0.0265
2025-11-29 12:00:00,1764417625.0,0.0295
2025-11-29 13:00:00,1764421220.0,0.0295
2025-11-29 14:00:00,1764424821.0,0.029
2025-11-29 15:00:00,1764428422.0,0.029
2025-11-29 16:00:00,1764432022.0,0.028
2025-11-29 17:00:00,1764435623.0,0.029
2025-11-29 18:00:00,1764439221.0,0.029
2025-11-29 19:00:00,1764442823.0,0.0295
2025-11-29 20:00:00,1764446421.0,0.0305
2025-11-29 21:00:00,1764450024.0,0.0305
2025-11-29 22:00:00,1764453612.0,0.032
2025-11-29 23:00:00,1764457221.0,0.0315
2025-11-30 00:00:00,1764460816.0,0.032
2025-11-30 01:00:00,1764464416.0,0.0315
2025-11-30 02:00:00,1764468017.0,0.029
2025-11-30 03:00:00,1764471620.0,0.0265
2025-11-30 04:00:00,1764475220.0,0.0265
2025-11-30 05:00:00,1764478818.0,0.0275
2025-11-30 06:00:00,1764482419.0,0.0275
2025-11-30 07:00:00,1764486022.0,0.0275
2025-11-30 08:00:00,1764489611.0,0.0265
2025-11-30 09:00:00,1764493222.0,0.0255
2025-11-30 10:00:00,1764496834.0,0.0255
2025-11-30 11:00:00,1764500420.0,0.0255
2025-11-30 12:00:00,1764504050.0,0.0255
2025-11-30 13:00:00,1764507610.0,0.0255
2025-11-30 14:00:00,1764511220.0,0.0255
2025-11-30 15:00:00,1764514832.0,0.0255
2025-11-30 16:00:00,1764518432.0,0.0245
2025-11-30 17:00:00,1764522021.0,0.0245
2025-11-30 18:00:00,1764525621.0,0.0245
2025-11-30 19:00:00,1764529221.0,0.0245
2025-11-30 20:00:00,1764532821.0,0.0245
2025-11-30 21:00:00,1764536422.0,0.0245
2025-11-30 22:00:00,1764540020.0,0.0245
2025-11-30 23:00:00,1764543625.0,0.027
2025-12-01 00:00:00,1764547218.0,0.027
2025-12-01 01:00:00,1764550817.0,0.025
2025-12-01 02:00:00,1764554417.0,0.025
2025-12-01 03:00:00,1764558031.0,0.0265
2025-12-01 04:00:00,1764561619.0,0.029
2025-12-01 05:00:00,1764565220.0,0.048
2025-12-01 06:00:00,1764568819.0,0.033
2025-12-01 07:00:00,1764572419.0,0.031
2025-12-01 08:00:00,1764576018.0,0.0305
2025-12-01 09:00:00,1764579632.0,0.0255
2025-12-01 10:00:00,1764583233.0,0.0255
2025-12-01 11:00:00,1764586818.0,0.0255
2025-12-01 12:00:00,1764590433.0,0.0255
2025-12-01 13:00:00,1764594018.0,0.0255
2025-12-01 14:00:00,1764597619.0,0.031
2025-12-01 15:00:00,1764601232.0,0.0265
2025-12-01 16:00:00,1764604830.0,0.0265
2025-12-01 17:00:00,1764608420.0,0.0255
2025-12-01 18:00:00,1764612032.0,0.0265
2025-12-01 19:00:00,1764615619.0,0.0255
2025-12-01 20:00:00,1764619219.0,0.0245
2025-12-01 21:00:00,1764622820.0,0.0245
2025-12-01 22:00:00,1764626419.0,0.0245
2025-12-01 23:00:00,1764630020.0,0.0245
2025-12-02 00:00:00,1764633612.0,0.0245
2025-12-02 01:00:00,1764637213.0,0.0245
2025-12-02 02:00:00,1764640815.0,0.0255
2025-12-02 03:00:00,1764644416.0,0.026
2025-12-02 04:00:00,1764648017.0,0.0265
2025-12-02 05:00:00,1764651616.0,0.0265
2025-12-02 06:00:00,1764655219.0,0.0265
2025-12-02 07:00:00,1764658818.0,0.0265
2025-12-02 08:00:00,1764662417.0,0.027
2025-12-02 09:00:00,1764666018.0,0.0325
2025-12-02 10:00:00,1764669617.0,0.032
2025-12-02 11:00:00,1764673218.0,0.0285
2025-12-02 12:00:00,1764676821.0,0.0285
2025-12-02 13:00:00,1764680417.0,0.036
2025-12-02 14:00:00,1764684018.0,0.0315
2025-12-02 15:00:00,1764687618.0,0.029
2025-12-02 16:00:00,1764691209.0,0.029
2025-12-02 17:00:00,1764694821.0,0.033
2025-12-02 18:00:00,1764698420.0,0.044
2025-12-02 19:00:00,1764702020.0,0.041
2025-12-02 20:00:00,1764705619.0,0.04
2025-12-02 21:00:00,1764709221.0,0.0285
2025-12-02 22:00:00,1764712819.0,0.0285
2025-12-02 23:00:00,1764716419.0,0.0285
2025-12-03 00:00:00,1764720019.0,0.0295
2025-12-03 01:00:00,1764723616.0,0.0285
2025-12-03 02:00:00,1764727218.0,0.0285
2025-12-03 03:00:00,1764730819.0,0.029
2025-12-03 04:00:00,1764734420.0,0.029
2025-12-03 05:00:00,1764738019.0,0.0275
2025-12-03 06:00:00,1764741621.0,0.027
2025-12-03 07:00:00,1764745221.0,0.026
2025-12-03 08:00:00,1764748819.0,0.0235
2025-12-03 09:00:00,1764752422.0,0.0235
2025-12-03 10:00:00,1764756020.0,0.024
2025-12-03 11:00:00,1764759621.0,0.024
2025-12-03 12:00:00,1764763225.0,0.024
2025-12-03 13:00:00,1764766819.0,0.0395
2025-12-03 14:00:00,1764770421.0,0.038
2025-12-03 15:00:00,1764774011.0,0.025
2025-12-03 16:00:00,1764777620.0,0.0245
2025-12-03 17:00:00,1764781222.0,0.025
2025-12-03 18:00:00,1764784821.0,0.025
2025-12-03 19:00:00,1764788421.0,0.028
2025-12-03 20:00:00,1764792020.0,0.0295
2025-12-03 21:00:00,1764795623.0,0.031
2025-12-03 22:00:00,1764799220.0,0.031
2025-12-03 23:00:00,1764802820.0,0.031
2025-12-04 00:00:00,1764806413.0,0.03
2025-12-04 01:00:00,1764810013.0,0.031
2025-12-04 02:00:00,1764813615.0,0.0335
2025-12-04 03:00:00,1764817218.0,0.0305
2025-12-04 04:00:00,1764820820.0,0.0305
2025-12-04 05:00:00,1764824418.0,0.0295
2025-12-04 06:00:00,1764828019.0,0.033
2025-12-04 07:00:00,1764831619.0,0.037
2025-12-04 08:00:00,1764835217.0,0.037
2025-12-04 09:00:00,1764838825.0,0.0345
2025-12-04 10:00:00,1764842418.0,0.0305
2025-12-04 11:00:00,1764846018.0,0.031
2025-12-04 12:00:00,1764849624.0,0.03
2025-12-04 13:00:00,1764853218.0,0.03
2025-12-04 14:00:00,1764856819.0,0.0315
2025-12-04 15:00:00,1764860418.0,0.03
2025-12-04 16:00:00,1764864010.0,0.0305
2025-12-04 17:00:00,1764867613.0,0.031
2025-12-04 18:00:00,1764871213.0,0.0395
2025-12-04 19:00:00,1764874810.0,0.0295
2025-12-04 20:00:00,1764878411.0,0.0295
2025-12-04 21:00:00,1764882011.0,0.03
2025-12-04 22:00:00,1764885610.0,0.03
2025-12-04 23:00:00,1764889211.0,0.0295
2025-12-05 00:00:00,1764892815.0,0.0295
2025-12-05 01:00:00,1764896410.0,0.0295
2025-12-05 02:00:00,1764900011.0,0.0305
2025-12-05 03:00:00,1764903613.0,0.036
2025-12-05 04:00:00,1764907211.0,0.034
2025-12-05 05:00:00,1764910810.0,0.0305
2025-12-05 06:00:00,1764914412.0,0.031
2025-12-05 07:00:00,1764918010.0,0.0345
2025-12-05 08:00:00,1764921610.0,0.034
2025-12-05 09:00:00,1764925212.0,0.0345
2025-12-05 10:00:00,1764928811.0,0.034
2025-12-05 11:00:00,1764932410.0,0.0335
2025-12-05 12:00:00,1764936016.0,0.0355
2025-12-05 13:00:00,1764939610.0,0.038
2025-12-05 14:00:00,1764943211.0,0.036
2025-12-05 15:00:00,1764946813.0,0.037
2025-12-05 16:00:00,1764950411.0,0.036
2025-12-05 17:00:00,1764954013.0,0.036
2025-12-05 18:00:00,1764957612.0,0.036
2025-12-05 19:00:00,1764961215.0,0.036
2025-12-05 20:00:00,1764964812.0,0.0365
2025-12-05 21:00:00,1764968414.0,0.0365
2025-12-05 22:00:00,1764972011.0,0.038
2025-12-05 23:00:00,1764975611.0,0.0375
2025-12-06 00:00:00,1764979215.0,0.0375
2025-12-06 01:00:00,1764982812.0,0.0375
2025-12-06 02:00:00,1764986412.0,0.0375
2025-12-06 03:00:00,1764990013.0,0.0375
2025-12-06 04:00:00,1764993611.0,0.0375
2025-12-06 05:00:00,1764997212.0,0.0375
2025-12-06 06:00:00,1765000813.0,0.0375
2025-12-06 07:00:00,1765004422.0,0.0375
2025-12-06 08:00:00,1765008012.0,0.0375
2025-12-06 09:00:00,1765011615.0,0.0375
2025-12-06 10:00:00,1765015213.0,0.0375
2025-12-06 11:00:00,1765018812.0,0.0385
2025-12-06 12:00:00,1765022416.0,0.0385
2025-12-06 13:00:00,1765026012.0,0.0385
2025-12-06 14:00:00,1765029611.0,0.0385
2025-12-06 15:00:00,1765033213.0,0.0385
2025-12-06 16:00:00,1765036812.0,0.0375
2025-12-06 17:00:00,1765040417.0,0.038
2025-12-06 18:00:00,1765044013.0,0.037
2025-12-06 19:00:00,1765047614.0,0.037
2025-12-06 20:00:00,1765051212.0,0.0375
2025-12-06 21:00:00,1765054814.0,0.0375
2025-12-06 22:00:00,1765058411.0,0.037
2025-12-06 23:00:00,1765062011.0,0.037
2025-12-07 00:00:00,1765065628.0,0.037
2025-12-07 01:00:00,1765069213.0,0.036
2025-12-07 02:00:00,1765072811.0,0.036
2025-12-07 03:00:00,1765076414.0,0.0355
2025-12-07 04:00:00,1765080010.0,0.0355
2025-12-07 05:00:00,1765083611.0,0.0345
2025-12-07 06:00:00,1765087222.0,0.0345
2025-12-07 07:00:00,1765090811.0,0.0345
2025-12-07 08:00:00,1765094411.0,0.0345
2025-12-07 09:00:00,1765098012.0,0.0375
2025-12-07 10:00:00,1765101611.0,0.037
2025-12-07 11:00:00,1765105211.0,0.034
2025-12-07 12:00:00,1765108818.0,0.036
2025-12-07 13:00:00,1765112411.0,0.036
2025-12-07 14:00:00,1765116011.0,0.0355
2025-12-07 15:00:00,1765119613.0,0.0355
2025-12-07 16:00:00,1765123211.0,0.034
2025-12-07 17:00:00,1765126815.0,0.034
2025-12-07 18:00:00,1765130422.0,0.035
2025-12-07 19:00:00,1765134012.0,0.034
2025-12-07 20:00:00,1765137626.0,0.0365
2025-12-07 21:00:00,1765141214.0,0.0355
2025-12-07 22:00:00,1765144811.0,0.036
2025-12-07 23:00:00,1765148410.0,0.036
2025-12-08 00:00:00,1765152027.0,0.0375
2025-12-08 01:00:00,1765155624.0,0.0375
2025-12-08 02:00:00,1765159210.0,0.037
2025-12-08 03:00:00,1765162811.0,0.035
2025-12-08 04:00:00,1765166410.0,0.035
2025-12-08 05:00:00,1765170009.0,0.035
2025-12-08 06:00:00,1765173612.0,0.035
2025-12-08 07:00:00,1765177210.0,0.035
2025-12-08 08:00:00,1765180810.0,0.037
2025-12-08 09:00:00,1765184412.0,0.037
2025-12-08 10:00:00,1765188009.0,0.037
2025-12-08 11:00:00,1765191609.0,0.037
2025-12-08 12:00:00,1765195228.0,0.037
2025-12-08 13:00:00,1765198812.0,0.037
2025-12-08 14:00:00,1765202409.0,0.036
2025-12-08 15:00:00,1765206011.0,0.0375
2025-12-08 16:00:00,1765209624.0,0.037
2025-12-08 17:00:00,1765213211.0,0.0365
2025-12-08 18:00:00,1765216811.0,0.0375
2025-12-08 19:00:00,1765220410.0,0.0455
2025-12-08 20:00:00,1765224012.0,0.0435
2025-12-08 21:00:00,1765227626.0,0.0415
2025-12-08 22:00:00,1765231210.0,0.041
2025-12-08 23:00:00,1765234812.0,0.041
2025-12-09 00:00:00,1765238425.0,0.038
2025-12-09 01:00:00,1765242016.0,0.0365
2025-12-09 02:00:00,1765245613.0,0.0375
2025-12-09 03:00:00,1765249212.0,0.037
2025-12-09 04:00:00,1765252810.0,0.037
2025-12-09 05:00:00,1765256411.0,0.037
2025-12-09 06:00:00,1765260014.0,0.0375
2025-12-09 07:00:00,1765263617.0,0.0375
2025-12-09 08:00:00,1765267214.0,0.0355
2025-12-09 09:00:00,1765270813.0,0.038
2025-12-09 10:00:00,1765274411.0,0.0385
2025-12-09 11:00:00,1765278012.0,0.0385
2025-12-09 12:00:00,1765281614.0,0.038
2025-12-09 13:00:00,1765285214.0,0.037
2025-12-09 14:00:00,1765288827.0,0.037
2025-12-09 15:00:00,1765292415.0,0.0365
2025-12-09 16:00:00,1765296010.0,0.0375
2025-12-09 17:00:00,1765299614.0,0.0375
2025-12-09 18:00:00,1765303212.0,0.04
2025-12-09 19:00:00,1765306810.0,0.04
2025-12-09 20:00:00,1765310412.0,0.0365
2025-12-09 21:00:00,1765314015.0,0.0365
2025-12-09 22:00:00,1765317612.0,0.035
2025-12-09 23:00:00,1765321213.0,0.0325
2025-12-10 00:00:00,1765324813.0,0.0335
2025-12-10 01:00:00,1765328421.0,0.0455
2025-12-10 02:00:00,1765332008.0,0.0415
2025-12-10 03:00:00,1765335610.0,0.042
2025-12-10 04:00:00,1765339209.0,0.0455
2025-12-10 05:00:00,1765342811.0,0.0425
2025-12-10 06:00:00,1765346412.0,0.049
2025-12-10 07:00:00,1765350009.0,0.052
2025-12-10 08:00:00,1765353610.0,0.0415
2025-12-10 09:00:00,1765357224.0,0.045
2025-12-10 10:00:00,1765360809.0,0.0355
2025-12-10 11:00:00,1765364409.0,0.0345
2025-12-10 12:00:00,1765368024.0,0.0365
2025-12-10 13:00:00,1765371609.0,0.035
2025-12-10 14:00:00,1765375208.0,0.035
2025-12-10 15:00:00,1765378812.0,0.0375
2025-12-10 16:00:00,1765382409.0,0.037
2025-12-10 17:00:00,1765386012.0,0.036
2025-12-10 18:00:00,1765389610.0,0.036
2025-12-10 19:00:00,1765393209.0,0.0385
2025-12-10 20:00:00,1765396809.0,0.038
2025-12-10 21:00:00,1765400411.0,0.0375
2025-12-10 22:00:00,1765404009.0,0.0375
2025-12-10 23:00:00,1765407609.0,0.037
2025-12-11 00:00:00,1765411214.0,0.037
2025-12-11 01:00:00,1765414815.0,0.037
2025-12-11 02:00:00,1765418421.0,0.0365
2025-12-11 03:00:00,1765422012.0,0.038
2025-12-11 04:00:00,1765425627.0,0.0355
2025-12-11 05:00:00,1765429220.0,0.04
2025-12-11 06:00:00,1765432811.0,0.039
2025-12-11 07:00:00,1765436410.0,0.037
2025-12-11 08:00:00,1765440011.0,0.038
2025-12-11 09:00:00,1765443612.0,0.0375
2025-12-11 10:00:00,1765447212.0,0.038
2025-12-11 11:00:00,1765450820.0,0.038
2025-12-11 12:00:00,1765454416.0,0.037
2025-12-11 13:00:00,1765458011.0,0.0365
2025-12-11 14:00:00,1765461609.0,0.0355
2025-12-11 15:00:00,1765465212.0,0.0355
2025-12-11 16:00:00,1765468820.0,0.0355
2025-12-11 17:00:00,1765472413.0,0.0365
2025-12-11 18:00:00,1765476011.0,0.0365
2025-12-11 19:00:00,1765479624.0,0.0365
2025-12-11 20:00:00,1765483212.0,0.0395
2025-12-11 21:00:00,1765486812.0,0.0405
2025-12-11 22:00:00,1765490410.0,0.037
2025-12-11 23:00:00,1765494012.0,0.038
2025-12-12 00:00:00,1765497614.0,0.0385
2025-12-12 01:00:00,1765501210.0,0.038
2025-12-12 02:00:00,1765504810.0,0.037
2025-12-12 03:00:00,1765508413.0,0.0385
2025-12-12 04:00:00,1765512011.0,0.037
2025-12-12 05:00:00,1765515623.0,0.037
2025-12-12 06:00:00,1765519213.0,0.0385
2025-12-12 07:00:00,1765522811.0,0.0365
2025-12-12 08:00:00,1765526410.0,0.0365
2025-12-12 09:00:00,1765530012.0,0.038
2025-12-12 10:00:00,1765533610.0,0.0435
2025-12-12 11:00:00,1765537212.0,0.0425
2025-12-12 12:00:00,1765540815.0,0.0395
2025-12-12 13:00:00,1765544410.0,0.04
2025-12-12 14:00:00,1765548011.0,0.037
2025-12-12 15:00:00,1765551612.0,0.036
2025-12-12 16:00:00,1765555211.0,0.037
2025-12-12 17:00:00,1765558817.0,0.036
2025-12-12 18:00:00,1765562413.0,0.0355
2025-12-12 19:00:00,1765566012.0,0.036
2025-12-12 20:00:00,1765569613.0,0.036
2025-12-12 21:00:00,1765573214.0,0.0215
2025-12-12 22:00:00,1765576814.0,0.021
2025-12-12 23:00:00,1765580411.0,0.0205
2025-12-13 00:00:00,1765584016.0,0.02
2025-12-13 01:00:00,1765587611.0,0.02
2025-12-13 02:00:00,1765591211.0,0.019
2025-12-13 03:00:00,1765594813.0,0.0195
2025-12-13 04:00:00,1765598412.0,0.0205
2025-12-13 05:00:00,1765602011.0,0.018
2025-12-13 06:00:00,1765605622.0,0.018
2025-12-13 07:00:00,1765609211.0,0.0175
2025-12-13 08:00:00,1765612812.0,0.0175
2025-12-13 09:00:00,1765616413.0,0.0175
2025-12-13 10:00:00,1765620011.0,0.0175
2025-12-13 11:00:00,1765623611.0,0.0185
2025-12-13 12:00:00,1765627217.0,0.0175
2025-12-13 13:00:00,1765630811.0,0.0185
2025-12-13 14:00:00,1765634422.0,0.0175
2025-12-13 15:00:00,1765638014.0,0.0175
2025-12-13 16:00:00,1765641611.0,0.0175
2025-12-13 17:00:00,1765645215.0,0.0175
2025-12-13 18:00:00,1765648814.0,0.0175
2025-12-13 19:00:00,1765652411.0,0.0175
2025-12-13 20:00:00,1765656012.0,0.0175
2025-12-13 21:00:00,1765659614.0,0.018
2025-12-13 22:00:00,1765663213.0,0.0185
2025-12-13 23:00:00,1765666812.0,0.0195
2025-12-14 00:00:00,1765670416.0,0.0185
2025-12-14 01:00:00,1765674012.0,0.0185
2025-12-14 02:00:00,1765677611.0,0.0185
2025-12-14 03:00:00,1765681214.0,0.0185
2025-12-14 04:00:00,1765684811.0,0.0185
2025-12-14 05:00:00,1765688411.0,0.0185
2025-12-14 06:00:00,1765692013.0,0.019
2025-12-14 07:00:00,1765695611.0,0.019
2025-12-14 08:00:00,1765699211.0,0.021
2025-12-14 09:00:00,1765702814.0,0.02
2025-12-14 10:00:00,1765706412.0,0.02
2025-12-14 11:00:00,1765710011.0,0.02
2025-12-14 12:00:00,1765713616.0,0.0195
2025-12-14 13:00:00,1765717211.0,0.0175
2025-12-14 14:00:00,1765720811.0,0.0175
2025-12-14 15:00:00,1765724414.0,0.0175
2025-12-14 16:00:00,1765728011.0,0.018
2025-12-14 17:00:00,1765731615.0,0.018
2025-12-14 18:00:00,1765735213.0,0.018
2025-12-14 19:00:00,1765738814.0,0.0175
2025-12-14 20:00:00,1765742414.0,0.0175
2025-12-14 21:00:00,1765746014.0,0.018
2025-12-14 22:00:00,1765749611.0,0.018
2025-12-14 23:00:00,1765753211.0,0.017
2025-12-15 00:00:00,1765756817.0,0.018
2025-12-15 01:00:00,1765760411.0,0.0165
2025-12-15 02:00:00,1765764011.0,0.016
2025-12-15 03:00:00,1765767613.0,0.018
2025-12-15 04:00:00,1765771214.0,0.018
2025-12-15 05:00:00,1765774811.0,0.0155
2025-12-15 06:00:00,1765778415.0,0.0175
2025-12-15 07:00:00,1765782010.0,0.017
2025-12-15 08:00:00,1765785611.0,0.0155
2025-12-15 09:00:00,1765789218.0,0.0155
2025-12-15 10:00:00,1765792810.0,0.018
2025-12-15 11:00:00,1765796413.0,0.0135
2025-12-15 12:00:00,1765800015.0,0.014
2025-12-15 13:00:00,1765803624.0,0.0145
2025-12-15 14:00:00,1765807211.0,0.0115
2025-12-15 15:00:00,1765810814.0,0.011
2025-12-15 16:00:00,1765814411.0,0.016
2025-12-15 17:00:00,1765818013.0,0.0145
2025-12-15 18:00:00,1765821629.0,0.019
2025-12-15 19:00:00,1765825211.0,0.0185
2025-12-15 20:00:00,1765828811.0,0.018
2025-12-15 21:00:00,1765832413.0,0.016
2025-12-15 22:00:00,1765836026.0,0.017
2025-12-15 23:00:00,1765839611.0,0.016
2025-12-16 00:00:00,1765843215.0,0.016
2025-12-16 01:00:00,1765846815.0,0.0165
2025-12-16 02:00:00,1765850410.0,0.016
2025-12-16 03:00:00,1765854012.0,0.021
2025-12-16 04:00:00,1765857611.0,0.0205
2025-12-16 05:00:00,1765861210.0,0.018
2025-12-16 06:00:00,1765864813.0,0.019
2025-12-16 07:00:00,1765868417.0,0.018
2025-12-16 08:00:00,1765872019.0,0.018
2025-12-16 09:00:00,1765875612.0,0.018
2025-12-16 10:00:00,1765879210.0,0.018
2025-12-16 11:00:00,1765882810.0,0.018
2025-12-16 12:00:00,1765886428.0,0.018
2025-12-16 13:00:00,1765890010.0,0.0225
2025-12-16 14:00:00,1765893625.0,0.023
2025-12-16 15:00:00,1765897212.0,0.023
2025-12-16 16:00:00,1765900827.0,0.0245
2025-12-16 17:00:00,1765904412.0,0.0275
2025-12-16 18:00:00,1765908013.0,0.0165
2025-12-16 19:00:00,1765911612.0,0.016
2025-12-16 20:00:00,1765915212.0,0.016
2025-12-16 21:00:00,1765918813.0,0.015
2025-12-16 22:00:00,1765922411.0,0.016
2025-12-16 23:00:00,1765926012.0,0.0215
2025-12-17 00:00:00,1765929611.0,0.0185
2025-12-17 01:00:00,1765933211.0,0.02
2025-12-17 02:00:00,1765936811.0,0.019
2025-12-17 03:00:00,1765940427.0,0.0195
2025-12-17 04:00:00,1765944011.0,0.0195
2025-12-17 05:00:00,1765947612.0,0.022
2025-12-17 06:00:00,1765951222.0,0.0195
2025-12-17 07:00:00,1765954813.0,0.019
2025-12-17 08:00:00,1765958423.0,0.0185
2025-12-17 09:00:00,1765962014.0,0.0205
2025-12-17 10:00:00,1765965613.0,0.0235
2025-12-17 11:00:00,1765969213.0,0.021
2025-12-17 12:00:00,1765972819.0,0.0195
2025-12-17 13:00:00,1765976411.0,0.019
2025-12-17 14:00:00,1765980011.0,0.0185
2025-12-17 15:00:00,1765983615.0,0.0185
2025-12-17 16:00:00,1765987212.0,0.0185
2025-12-17 17:00:00,1765990812.0,0.019
2025-12-17 18:00:00,1765994413.0,0.0235
2025-12-17 19:00:00,1765998015.0,0.0275
2025-12-17 20:00:00,1766001611.0,0.021
2025-12-17 21:00:00,1766005215.0,0.0245
2025-12-17 22:00:00,1766008812.0,0.0245
2025-12-17 23:00:00,1766012411.0,0.0325
2025-12-18 00:00:00,1766016023.0,0.045
2025-12-18 01:00:00,1766019610.0,0.039
2025-12-18 02:00:00,1766023210.0,0.0385
2025-12-18 03:00:00,1766026812.0,0.033
2025-12-18 04:00:00,1766030410.0,0.0355
2025-12-18 05:00:00,1766034018.0,0.0335
2025-12-18 06:00:00,1766037612.0,0.034
2025-12-18 07:00:00,1766041211.0,0.034
2025-12-18 08:00:00,1766044810.0,0.03
2025-12-18 09:00:00,1766048412.0,0.03
2025-12-18 10:00:00,1766052020.0,0.03
2025-12-18 11:00:00,1766055611.0,0.0315
2025-12-18 12:00:00,1766059214.0,0.035
2025-12-18 13:00:00,1766062812.0,0.0375
2025-12-18 14:00:00,1766066425.0,0.033
2025-12-18 15:00:00,1766070012.0,0.0275
2025-12-18 16:00:00,1766073621.0,0.0245
2025-12-18 17:00:00,1766077215.0,0.025
2025-12-18 18:00:00,1766080814.0,0.0235
2025-12-18 19:00:00,1766084414.0,0.027
2025-12-18 20:00:00,1766088013.0,0.023
2025-12-18 21:00:00,1766091614.0,0.028
2025-12-18 22:00:00,1766095213.0,0.0275
2025-12-18 23:00:00,1766098811.0,0.024
2025-12-19 00:00:00,1766102414.0,0.0235
2025-12-19 01:00:00,1766106011.0,0.0235
2025-12-19 02:00:00,1766109611.0,0.0235
2025-12-19 03:00:00,1766113213.0,0.0235
2025-12-19 04:00:00,1766116813.0,0.0245
2025-12-19 05:00:00,1766120412.0,0.0245
2025-12-19 06:00:00,1766124013.0,0.0255
2025-12-19 07:00:00,1766127612.0,0.025
2025-12-19 08:00:00,1766131212.0,0.027
2025-12-19 09:00:00,1766134816.0,0.028
2025-12-19 10:00:00,1766138412.0,0.028
2025-12-19 11:00:00,1766142012.0,0.0265
2025-12-19 12:00:00,1766145616.0,0.0225
2025-12-19 13:00:00,1766149212.0,0.0215
2025-12-19 14:00:00,1766152812.0,0.0215
2025-12-19 15:00:00,1766156428.0,0.0215
2025-12-19 16:00:00,1766160027.0,0.022
2025-12-19 17:00:00,1766163614.0,0.0255
2025-12-19 18:00:00,1766167213.0,0.025
2025-12-19 19:00:00,1766170811.0,0.0235
2025-12-19 20:00:00,1766174411.0,0.0255
2025-12-19 21:00:00,1766178013.0,0.0245
2025-12-19 22:00:00,1766181611.0,0.022
2025-12-19 23:00:00,1766185211.0,0.0235
2025-12-20 00:00:00,1766188814.0,0.023
2025-12-20 01:00:00,1766192412.0,0.023
2025-12-20 02:00:00,1766196011.0,0.023
2025-12-20 03:00:00,1766199624.0,0.0225
2025-12-20 04:00:00,1766203212.0,0.0245
2025-12-20 05:00:00,1766206812.0,0.0245
2025-12-20 06:00:00,1766210412.0,0.0245
2025-12-20 07:00:00,1766214012.0,0.022
2025-12-20 08:00:00,1766217611.0,0.022
2025-12-20 09:00:00,1766221217.0,0.023
2025-12-20 10:00:00,1766224811.0,0.023
2025-12-20 11:00:00,1766228412.0,0.0215
2025-12-20 12:00:00,1766232016.0,0.0215
2025-12-20 13:00:00,1766235611.0,0.0215
2025-12-20 14:00:00,1766239212.0,0.0215
2025-12-20 15:00:00,1766242813.0,0.0215
2025-12-20 16:00:00,1766246412.0,0.022
2025-12-20 17:00:00,1766250016.0,0.022
2025-12-20 18:00:00,1766253613.0,0.022
2025-12-20 19:00:00,1766257213.0,0.0255
2025-12-20 20:00:00,1766260815.0,0.026
2025-12-20 21:00:00,1766264417.0,0.026
2025-12-20 22:00:00,1766268013.0,0.026
2025-12-20 23:00:00,1766271616.0,0.0265
2025-12-21 00:00:00,1766275215.0,0.0265
2025-12-21 01:00:00,1766278811.0,0.026
2025-12-21 02:00:00,1766282411.0,0.026
2025-12-21 03:00:00,1766286022.0,0.026
2025-12-21 04:00:00,1766289620.0,0.0255
2025-12-21 05:00:00,1766293210.0,0.0265
2025-12-21 06:00:00,1766296814.0,0.0245
2025-12-21 07:00:00,1766300410.0,0.025
2025-12-21 08:00:00,1766304012.0,0.0245
2025-12-21 09:00:00,1766307613.0,0.0255
2025-12-21 10:00:00,1766311211.0,0.0255
2025-12-21 11:00:00,1766314811.0,0.0255
2025-12-21 12:00:00,1766318414.0,0.0255
2025-12-21 13:00:00,1766322012.0,0.0255
2025-12-21 14:00:00,1766325611.0,0.0255
2025-12-21 15:00:00,1766329214.0,0.0255
2025-12-21 16:00:00,1766332810.0,0.026
2025-12-21 17:00:00,1766336417.0,0.0255
2025-12-21 18:00:00,1766340014.0,0.0205
2025-12-21 19:00:00,1766343611.0,0.0205
2025-12-21 20:00:00,1766347214.0,0.021
2025-12-21 21:00:00,1766350813.0,0.022
2025-12-21 22:00:00,1766354411.0,0.022
2025-12-21 23:00:00,1766358011.0,0.0205
2025-12-22 00:00:00,1766361614.0,0.0205
2025-12-22 01:00:00,1766365211.0,0.0205
2025-12-22 02:00:00,1766368811.0,0.0205
2025-12-22 03:00:00,1766372413.0,0.0205
2025-12-22 04:00:00,1766376018.0,0.026
2025-12-22 05:00:00,1766379611.0,0.026
2025-12-22 06:00:00,1766383212.0,0.026
2025-12-22 07:00:00,1766386811.0,0.026
2025-12-22 08:00:00,1766390424.0,0.0255
2025-12-22 09:00:00,1766394027.0,0.0255
2025-12-22 10:00:00,1766397612.0,0.024
2025-12-22 11:00:00,1766401211.0,0.0235
2025-12-22 12:00:00,1766404814.0,0.0225
2025-12-22 13:00:00,1766408411.0,0.0225
2025-12-22 14:00:00,1766412012.0,0.0265
2025-12-22 15:00:00,1766415614.0,0.026
2025-12-22 16:00:00,1766419211.0,0.0205
2025-12-22 17:00:00,1766422814.0,0.022
2025-12-22 18:00:00,1766426413.0,0.0245
2025-12-22 19:00:00,1766430012.0,0.023
2025-12-22 20:00:00,1766433624.0,0.0135
2025-12-22 21:00:00,1766437213.0,0.0195
2025-12-22 22:00:00,1766440824.0,0.017
2025-12-22 23:00:00,1766444412.0,0.0145
2025-12-23 00:00:00,1766448016.0,0.0155
2025-12-23 01:00:00,1766451612.0,0.017
2025-12-23 02:00:00,1766455211.0,0.0145
2025-12-23 03:00:00,1766458815.0,0.0145
2025-12-23 04:00:00,1766462424.0,0.0185
2025-12-23 05:00:00,1766466032.0,0.0185
2025-12-23 06:00:00,1766469629.0,0.0195
2025-12-23 07:00:00,1766473213.0,0.0195
2025-12-23 08:00:00,1766476825.0,0.0185
2025-12-23 09:00:00,1766480413.0,0.0185
2025-12-23 10:00:00,1766484012.0,0.0165
2025-12-23 11:00:00,1766487612.0,0.0165
2025-12-23 12:00:00,1766491217.0,0.014
2025-12-23 13:00:00,1766494812.0,0.014
2025-12-23 14:00:00,1766498412.0,0.023
2025-12-23 15:00:00,1766502015.0,0.017
2025-12-23 16:00:00,1766505612.0,0.018
2025-12-23 17:00:00,1766509231.0,0.015
2025-12-23 18:00:00,1766512814.0,0.017
2025-12-23 19:00:00,1766516412.0,0.017
2025-12-23 20:00:00,1766520012.0,0.0205
2025-12-23 21:00:00,1766523614.0,0.018
2025-12-23 22:00:00,1766527214.0,0.0305
2025-12-23 23:00:00,1766530812.0,0.0205
2025-12-24 00:00:00,1766534416.0,0.0115
2025-12-24 01:00:00,1766538013.0,0.012
2025-12-24 02:00:00,1766541611.0,0.012
2025-12-24 03:00:00,1766545214.0,0.0135
2025-12-24 04:00:00,1766548812.0,0.0135
2025-12-24 05:00:00,1766552413.0,0.0135
2025-12-24 06:00:00,1766556015.0,0.0135
2025-12-24 07:00:00,1766559612.0,0.0155
2025-12-24 08:00:00,1766563214.0,0.0155
2025-12-24 09:00:00,1766566815.0,0.0155
2025-12-24 10:00:00,1766570413.0,0.0145
2025-12-24 11:00:00,1766574013.0,0.0175
2025-12-24 12:00:00,1766577615.0,0.0155
2025-12-24 13:00:00,1766581213.0,0.0135
2025-12-24 14:00:00,1766584813.0,0.013
2025-12-24 15:00:00,1766588414.0,0.0145
2025-12-24 16:00:00,1766592012.0,0.0145
2025-12-24 17:00:00,1766595616.0,0.013
2025-12-24 18:00:00,1766599214.0,0.0125
2025-12-24 19:00:00,1766602814.0,0.012
2025-12-24 20:00:00,1766606412.0,0.0125
2025-12-24 21:00:00,1766610016.0,0.0125
2025-12-24 22:00:00,1766613613.0,0.0105
2025-12-24 23:00:00,1766617211.0,0.0105
2025-12-25 00:00:00,1766620825.0,0.0105
2025-12-25 01:00:00,1766624411.0,0.0105
2025-12-25 02:00:00,1766628012.0,0.0105
2025-12-25 03:00:00,1766631615.0,0.0115
2025-12-25 04:00:00,1766635213.0,0.0125
2025-12-25 05:00:00,1766638812.0,0.016
2025-12-25 06:00:00,1766642415.0,0.0155
2025-12-25 07:00:00,1766646012.0,0.0155
2025-12-25 08:00:00,1766649614.0,0.0155
2025-12-25 09:00:00,1766653213.0,0.0155
2025-12-25 10:00:00,1766656812.0,0.016
2025-12-25 11:00:00,1766660412.0,0.016
2025-12-25 12:00:00,1766664016.0,0.0155
2025-12-25 13:00:00,1766667613.0,0.0155
2025-12-25 14:00:00,1766671212.0,0.0155
2025-12-25 15:00:00,1766674814.0,0.0155
2025-12-25 16:00:00,1766678412.0,0.014
2025-12-25 17:00:00,1766682017.0,0.014
2025-12-25 18:00:00,1766685616.0,0.0145
2025-12-25 19:00:00,1766689212.0,0.014
2025-12-25 20:00:00,1766692815.0,0.0145
2025-12-25 21:00:00,1766696414.0,0.0145
2025-12-25 22:00:00,1766700015.0,0.0145
2025-12-25 23:00:00,1766703612.0,0.0145
2025-12-26 00:00:00,1766707212.0,0.0145
2025-12-26 01:00:00,1766710809.0,0.0145
2025-12-26 02:00:00,1766714410.0,0.0145
2025-12-26 03:00:00,1766718010.0,0.0145
2025-12-26 04:00:00,1766721610.0,0.0145
2025-12-26 05:00:00,1766725211.0,0.0145
2025-12-26 06:00:00,1766728811.0,0.0135
2025-12-26 07:00:00,1766732410.0,0.0135
2025-12-26 08:00:00,1766736010.0,0.0135
2025-12-26 09:00:00,1766739611.0,0.014
2025-12-26 10:00:00,1766743210.0,0.0145
2025-12-26 11:00:00,1766746811.0,0.0145
2025-12-26 12:00:00,1766750414.0,0.0145
2025-12-26 13:00:00,1766754010.0,0.0165
2025-12-26 14:00:00,1766757610.0,0.015
2025-12-26 15:00:00,1766761212.0,0.015
2025-12-26 16:00:00,1766764811.0,0.015
2025-12-26 17:00:00,1766768415.0,0.0165
2025-12-26 18:00:00,1766772011.0,0.0165
2025-12-26 19:00:00,1766775611.0,0.0175
2025-12-26 20:00:00,1766779212.0,0.0185
2025-12-26 21:00:00,1766782814.0,0.0185
2025-12-26 22:00:00,1766786411.0,0.0185
2025-12-26 23:00:00,1766790011.0,0.0225
2025-12-27 00:00:00,1766793615.0,0.025
2025-12-27 01:00:00,1766797212.0,0.025
2025-12-27 02:00:00,1766800811.0,0.0245
2025-12-27 03:00:00,1766804413.0,0.0245
2025-12-27 04:00:00,1766808013.0,0.0245
2025-12-27 05:00:00,1766811614.0,0.0245
2025-12-27 06:00:00,1766815213.0,0.0245
2025-12-27 07:00:00,1766818823.0,0.0245
2025-12-27 08:00:00,1766822412.0,0.0245
2025-12-27 09:00:00,1766826014.0,0.0245
2025-12-27 10:00:00,1766829612.0,0.0245
2025-12-27 11:00:00,1766833215.0,0.0245
2025-12-27 12:00:00,1766836815.0,0.0245
2025-12-27 13:00:00,1766840413.0,0.0245
2025-12-27 14:00:00,1766844013.0,0.0245
2025-12-27 15:00:00,1766847613.0,0.0245
2025-12-27 16:00:00,1766851212.0,0.0245
2025-12-27 17:00:00,1766854812.0,0.0245
2025-12-27 18:00:00,1766858414.0,0.0245
2025-12-27 19:00:00,1766862013.0,0.0245
2025-12-27 20:00:00,1766865612.0,0.0245
2025-12-27 21:00:00,1766869213.0,0.0245
2025-12-27 22:00:00,1766872813.0,0.0245
2025-12-27 23:00:00,1766876413.0,0.0245
2025-12-28 00:00:00,1766880016.0,0.0245
2025-12-28 01:00:00,1766883686.0,0.0245
2025-12-28 02:00:00,1766887212.0,0.0245
2025-12-28 03:00:00,1766890814.0,0.0245
2025-12-28 04:00:00,1766894413.0,0.0245
2025-12-28 05:00:00,1766898013.0,0.0245
2025-12-28 06:00:00,1766901613.0,0.0245
2025-12-28 07:00:00,1766905212.0,0.0245
2025-12-28 08:00:00,1766908813.0,0.0245
2025-12-28 09:00:00,1766912413.0,0.0245
2025-12-28 10:00:00,1766916014.0,0.0235
2025-12-28 11:00:00,1766919613.0,0.0225
2025-12-28 12:00:00,1766923216.0,0.02
2025-12-28 13:00:00,1766926812.0,0.02
2025-12-28 14:00:00,1766930412.0,0.0205
2025-12-28 15:00:00,1766934024.0,0.0205
2025-12-28 16:00:00,1766937628.0,0.0205
2025-12-28 17:00:00,1766941216.0,0.0205
2025-12-28 18:00:00,1766944815.0,0.0205
2025-12-28 19:00:00,1766948412.0,0.0205
2025-12-28 20:00:00,1766952027.0,0.0205
2025-12-28 21:00:00,1766955615.0,0.0205
2025-12-28 22:00:00,1766959214.0,0.0205
2025-12-28 23:00:00,1766962815.0,0.0205
2025-12-29 00:00:00,1766966432.0,0.0205
2025-12-29 01:00:00,1766970086.0,0.0205
2025-12-29 02:00:00,1766973613.0,0.0205
2025-12-29 03:00:00,1766977228.0,0.0205
2025-12-29 04:00:00,1766980812.0,0.0205
2025-12-29 05:00:00,1766984423.0,0.0195
2025-12-29 06:00:00,1766988015.0,0.0195
2025-12-29 07:00:00,1766991616.0,0.0195
2025-12-29 08:00:00,1766995223.0,0.0195
2025-12-29 09:00:00,1766998814.0,0.0195
2025-12-29 10:00:00,1767002415.0,0.0195
2025-12-29 11:00:00,1767006015.0,0.0195
2025-12-29 12:00:00,1767009616.0,0.019
2025-12-29 13:00:00,1767013213.0,0.019
2025-12-29 14:00:00,1767016813.0,0.0185
2025-12-29 15:00:00,1767020414.0,0.0175
2025-12-29 16:00:00,1767024012.0,0.0175
2025-12-29 17:00:00,1767027614.0,0.0145
2025-12-29 18:00:00,1767031213.0,0.0155
2025-12-29 19:00:00,1767034815.0,0.0155
2025-12-29 20:00:00,1767038412.0,0.0155
2025-12-29 21:00:00,1767042013.0,0.0155
2025-12-29 22:00:00,1767045614.0,0.0155
2025-12-29 23:00:00,1767049225.0,0.0155
2025-12-30 00:00:00,1767052819.0,0.0175
2025-12-30 01:00:00,1767056412.0,0.0175
2025-12-30 02:00:00,1767060013.0,0.017
2025-12-30 03:00:00,1767063615.0,0.017
2025-12-30 04:00:00,1767067213.0,0.017
2025-12-30 05:00:00,1767070823.0,0.0175
2025-12-30 06:00:00,1767074414.0,0.0175
2025-12-30 07:00:00,1767078018.0,0.0175
2025-12-30 08:00:00,1767081614.0,0.0175
2025-12-30 09:00:00,1767085216.0,0.0175
2025-12-30 10:00:00,1767088812.0,0.0175
2025-12-30 11:00:00,1767092415.0,0.0175
2025-12-30 12:00:00,1767096018.0,0.0175
2025-12-30 13:00:00,1767099613.0,0.0175
2025-12-30 14:00:00,1767103213.0,0.0175
2025-12-30 15:00:00,1767106815.0,0.0175
2025-12-30 16:00:00,1767110413.0,0.0175
2025-12-30 17:00:00,1767114016.0,0.0175
2025-12-30 18:00:00,1767117619.0,0.0175
2025-12-30 19:00:00,1767121213.0,0.0175
2025-12-30 20:00:00,1767124826.0,0.0175
2025-12-30 21:00:00,1767128414.0,0.0175
2025-12-30 22:00:00,1767132014.0,0.0185
2025-12-30 23:00:00,1767135614.0,0.0185
2025-12-31 00:00:00,1767139216.0,0.0185
2025-12-31 01:00:00,1767142814.0,0.018
2025-12-31 02:00:00,1767146414.0,0.018
2025-12-31 03:00:00,1767150016.0,0.018
2025-12-31 04:00:00,1767153627.0,0.018
2025-12-31 05:00:00,1767157213.0,0.018
2025-12-31 06:00:00,1767160814.0,0.018
2025-12-31 07:00:00,1767164413.0,0.018
2025-12-31 08:00:00,1767168015.0,0.018
2025-12-31 09:00:00,1767171615.0,0.017
2025-12-31 10:00:00,1767175214.0,0.0165
2025-12-31 11:00:00,1767178824.0,0.0165
2025-12-31 12:00:00,1767182416.0,0.019
2025-12-31 13:00:00,1767186013.0,0.0195
2025-12-31 14:00:00,1767189615.0,0.0195
2025-12-31 15:00:00,1767193214.0,0.0195
2025-12-31 16:00:00,1767196816.0,0.0205
2025-12-31 17:00:00,1767200417.0,0.0245
2025-12-31 18:00:00,1767204016.0,0.0295
2025-12-31 19:00:00,1767207642.0,0.0235
2025-12-31 20:00:00,1767211215.0,0.0215
2025-12-31 21:00:00,1767214816.0,0.0215
2025-12-31 22:00:00,1767218414.0,0.0215
2025-12-31 23:00:00,1767222014.0,0.0215
2026-01-01 00:00:00,1767225616.0,0.0215
2026-01-01 01:00:00,1767229213.0,0.0215
2026-01-01 02:00:00,1767232813.0,0.0215
2026-01-01 03:00:00,1767236414.0,0.0215
2026-01-01 04:00:00,1767240028.0,0.0215
2026-01-01 05:00:00,1767243613.0,0.0215
2026-01-01 06:00:00,1767247216.0,0.0215
2026-01-01 07:00:00,1767250813.0,0.0215
2026-01-01 08:00:00,1767254412.0,0.0215
2026-01-01 09:00:00,1767258015.0,0.0175
2026-01-01 10:00:00,1767261614.0,0.0165
2026-01-01 11:00:00,1767265212.0,0.0145
2026-01-01 12:00:00,1767268817.0,0.014
2026-01-01 13:00:00,1767272432.0,0.014
2026-01-01 14:00:00,1767276011.0,0.014
2026-01-01 15:00:00,1767279614.0,0.014
2026-01-01 16:00:00,1767283211.0,0.0145
2026-01-01 17:00:00,1767286815.0,0.0145
2026-01-01 18:00:00,1767290414.0,0.0145
2026-01-01 19:00:00,1767294012.0,0.0145
2026-01-01 20:00:00,1767297624.0,0.0145
2026-01-01 21:00:00,1767301213.0,0.0155
2026-01-01 22:00:00,1767304822.0,0.0135
2026-01-01 23:00:00,1767308413.0,0.0135
2026-01-02 00:00:00,1767312015.0,0.014
2026-01-02 01:00:00,1767315612.0,0.0125
2026-01-02 02:00:00,1767319213.0,0.0135
2026-01-02 03:00:00,1767322825.0,0.0135
2026-01-02 04:00:00,1767326411.0,0.0135
2026-01-02 05:00:00,1767330013.0,0.0145
2026-01-02 06:00:00,1767333613.0,0.0155
2026-01-02 07:00:00,1767337212.0,0.0155
2026-01-02 08:00:00,1767340815.0,0.0165
2026-01-02 09:00:00,1767344414.0,0.0165
2026-01-02 10:00:00,1767348015.0,0.0165
2026-01-02 11:00:00,1767351613.0,0.017
2026-01-02 12:00:00,1767355215.0,0.02
2026-01-02 13:00:00,1767358812.0,0.02
2026-01-02 14:00:00,1767362413.0,0.019
2026-01-02 15:00:00,1767366015.0,0.0175
2026-01-02 16:00:00,1767369613.0,0.018
2026-01-02 17:00:00,1767373216.0,0.0165
2026-01-02 18:00:00,1767376829.0,0.0155
2026-01-02 19:00:00,1767380414.0,0.0155
2026-01-02 20:00:00,1767384014.0,0.0155
2026-01-02 21:00:00,1767387615.0,0.0155
2026-01-02 22:00:00,1767391215.0,0.02
2026-01-02 23:00:00,1767394813.0,0.0195
2026-01-03 00:00:00,1767398414.0,0.022
2026-01-03 01:00:00,1767402085.0,0.0195
2026-01-03 02:00:00,1767405611.0,0.019
2026-01-03 03:00:00,1767409213.0,0.0155
2026-01-03 04:00:00,1767412813.0,0.0155
2026-01-03 05:00:00,1767416423.0,0.0155
2026-01-03 06:00:00,1767420024.0,0.0155
2026-01-03 07:00:00,1767423612.0,0.0155
2026-01-03 08:00:00,1767427210.0,0.0155
2026-01-03 09:00:00,1767430826.0,0.0155
2026-01-03 10:00:00,1767434411.0,0.0155
2026-01-03 11:00:00,1767438012.0,0.0155
2026-01-03 12:00:00,1767441616.0,0.016
2026-01-03 13:00:00,1767445211.0,0.0225
2026-01-03 14:00:00,1767448813.0,0.0205
2026-01-03 15:00:00,1767452429.0,0.024
2026-01-03 16:00:00,1767456012.0,0.03
2026-01-03 17:00:00,1767459616.0,0.0295
2026-01-03 18:00:00,1767463214.0,0.0295
2026-01-03 19:00:00,1767466812.0,0.027
2026-01-03 20:00:00,1767470414.0,0.026
2026-01-03 21:00:00,1767474015.0,0.021
2026-01-03 22:00:00,1767477612.0,0.024
2026-01-03 23:00:00,1767481212.0,0.024
2026-01-04 00:00:00,1767484816.0,0.0265
2026-01-04 01:00:00,1767488414.0,0.0255
2026-01-04 02:00:00,1767492012.0,0.0245
2026-01-04 03:00:00,1767495628.0,0.023
2026-01-04 04:00:00,1767499214.0,0.023
2026-01-04 05:00:00,1767502812.0,0.0235
2026-01-04 06:00:00,1767506414.0,0.0225
2026-01-04 07:00:00,1767510013.0,0.021
2026-01-04 08:00:00,1767513612.0,0.0195
2026-01-04 09:00:00,1767517213.0,0.0165
2026-01-04 10:00:00,1767520811.0,0.0155
2026-01-04 11:00:00,1767524418.0,0.0145
2026-01-04 12:00:00,1767528018.0,0.0145
2026-01-04 13:00:00,1767531612.0,0.015
2026-01-04 14:00:00,1767535214.0,0.014
2026-01-04 15:00:00,1767538820.0,0.0165
2026-01-04 16:00:00,1767542423.0,0.0175
2026-01-04 17:00:00,1767546014.0,0.0175
2026-01-04 18:00:00,1767549616.0,0.0175
2026-01-04 19:00:00,1767553212.0,0.0185
2026-01-04 20:00:00,1767556831.0,0.0185
2026-01-04 21:00:00,1767560416.0,0.019
2026-01-04 22:00:00,1767564013.0,0.0195
2026-01-04 23:00:00,1767567613.0,0.0215
2026-01-05 00:00:00,1767571218.0,0.022
2026-01-05 01:00:00,1767574812.0,0.02
2026-01-05 02:00:00,1767578413.0,0.017
2026-01-05 03:00:00,1767582015.0,0.0135
2026-01-05 04:00:00,1767585612.0,0.017
2026-01-05 05:00:00,1767589227.0,0.0175
2026-01-05 06:00:00,1767592815.0,0.018
2026-01-05 07:00:00,1767596413.0,0.0165
2026-01-05 08:00:00,1767600014.0,0.0155
2026-01-05 09:00:00,1767603619.0,0.0165
2026-01-05 10:00:00,1767607212.0,0.017
2026-01-05 11:00:00,1767610812.0,0.016
2026-01-05 12:00:00,1767614415.0,0.017
2026-01-05 13:00:00,1767618012.0,0.017
2026-01-05 14:00:00,1767621612.0,0.017
2026-01-05 15:00:00,1767625215.0,0.018
2026-01-05 16:00:00,1767628813.0,0.017
2026-01-05 17:00:00,1767632427.0,0.017
2026-01-05 18:00:00,1767636015.0,0.016
2026-01-05 19:00:00,1767639613.0,0.0175
2026-01-05 20:00:00,1767643213.0,0.0165
2026-01-05 21:00:00,1767646816.0,0.0175
2026-01-05 22:00:00,1767650430.0,0.018
2026-01-05 23:00:00,1767654013.0,0.019
2026-01-06 00:00:00,1767657620.0,0.0185
2026-01-06 01:00:00,1767661219.0,0.018
2026-01-06 02:00:00,1767664815.0,0.017
2026-01-06 03:00:00,1767668415.0,0.0155
2026-01-06 04:00:00,1767672016.0,0.0165
2026-01-06 05:00:00,1767675613.0,0.0155
2026-01-06 06:00:00,1767679219.0,0.0165
2026-01-06 07:00:00,1767682817.0,0.017
2026-01-06 08:00:00,1767686418.0,0.0165
2026-01-06 09:00:00,1767690016.0,0.017
2026-01-06 10:00:00,1767693613.0,0.0175
2026-01-06 11:00:00,1767697219.0,0.0175
2026-01-06 12:00:00,1767700817.0,0.0175
2026-01-06 13:00:00,1767704425.0,0.017
2026-01-06 14:00:00,1767708015.0,0.0165
2026-01-06 15:00:00,1767711620.0,0.0165
2026-01-06 16:00:00,1767715214.0,0.0165
2026-01-06 17:00:00,1767718818.0,0.0165
2026-01-06 18:00:00,1767722416.0,0.0165
2026-01-06 19:00:00,1767726014.0,0.0165
2026-01-06 20:00:00,1767729614.0,0.0165
2026-01-06 21:00:00,1767733215.0,0.0165
2026-01-06 22:00:00,1767736814.0,0.0165
2026-01-06 23:00:00,1767740427.0,0.0175
2026-01-07 00:00:00,1767744017.0,0.0225
2026-01-07 01:00:00,1767747613.0,0.0225
2026-01-07 02:00:00,1767751214.0,0.022
2026-01-07 03:00:00,1767754816.0,0.0225
2026-01-07 04:00:00,1767758413.0,0.021
2026-01-07 05:00:00,1767762014.0,0.018
2026-01-07 06:00:00,1767765620.0,0.0185
2026-01-07 07:00:00,1767769215.0,0.0195
2026-01-07 08:00:00,1767772816.0,0.021
2026-01-07 09:00:00,1767776417.0,0.0215
2026-01-07 10:00:00,1767780019.0,0.0195
2026-01-07 11:00:00,1767783613.0,0.0195
2026-01-07 12:00:00,1767787221.0,0.017
2026-01-07 13:00:00,1767790815.0,0.0165
2026-01-07 14:00:00,1767794414.0,0.0165
2026-01-07 15:00:00,1767798019.0,0.0165
2026-01-07 16:00:00,1767801615.0,0.0165
2026-01-07 17:00:00,1767805220.0,0.0225
2026-01-07 18:00:00,1767808816.0,0.0245
2026-01-07 19:00:00,1767812416.0,0.0245
2026-01-07 20:00:00,1767816015.0,0.0215
2026-01-07 21:00:00,1767819622.0,0.0225
2026-01-07 22:00:00,1767823219.0,0.0225
2026-01-07 23:00:00,1767826815.0,0.0195
2026-01-08 00:00:00,1767830432.0,0.0155
2026-01-08 01:00:00,1767834029.0,0.0155
2026-01-08 02:00:00,1767837614.0,0.0155
2026-01-08 03:00:00,1767841216.0,0.0175
2026-01-08 04:00:00,1767844814.0,0.0175
2026-01-08 05:00:00,1767848414.0,0.017
2026-01-08 06:00:00,1767852016.0,0.0165
2026-01-08 07:00:00,1767855615.0,0.0185
2026-01-08 08:00:00,1767859225.0,0.0185
2026-01-08 09:00:00,1767862816.0,0.0185
2026-01-08 10:00:00,1767866427.0,0.019
2026-01-08 11:00:00,1767870015.0,0.019
2026-01-08 12:00:00,1767873631.0,0.0185
2026-01-08 13:00:00,1767877214.0,0.018
2026-01-08 14:00:00,1767880818.0,0.0195
2026-01-08 15:00:00,1767884416.0,0.0205
2026-01-08 16:00:00,1767888029.0,0.0215
2026-01-08 17:00:00,1767891619.0,0.0235
2026-01-08 18:00:00,1767895216.0,0.0235
2026-01-08 19:00:00,1767898815.0,0.0235
2026-01-08 20:00:00,1767902416.0,0.0235
2026-01-08 21:00:00,1767906017.0,0.0235
2026-01-08 22:00:00,1767909618.0,0.044
2026-01-08 23:00:00,1767913217.0,0.029
2026-01-09 00:00:00,1767916817.0,0.025
2026-01-09 01:00:00,1767920415.0,0.024
2026-01-09 02:00:00,1767924015.0,0.0235
2026-01-09 03:00:00,1767927618.0,0.031
2026-01-09 04:00:00,1767931215.0,0.026
2026-01-09 05:00:00,1767934815.0,0.0305
2026-01-09 06:00:00,1767938417.0,0.0285
2026-01-09 07:00:00,1767942014.0,0.026
2026-01-09 08:00:00,1767945616.0,0.026
2026-01-09 09:00:00,1767949216.0,0.0265
2026-01-09 10:00:00,1767952816.0,0.027
2026-01-09 11:00:00,1767956415.0,0.026
2026-01-09 12:00:00,1767960031.0,0.0265
2026-01-09 13:00:00,1767963615.0,0.0275
2026-01-09 14:00:00,1767967215.0,0.0275
2026-01-09 15:00:00,1767970818.0,0.0275
2026-01-09 16:00:00,1767974417.0,0.026
2026-01-09 17:00:00,1767978019.0,0.0265
2026-01-09 18:00:00,1767981619.0,0.0255
2026-01-09 19:00:00,1767985217.0,0.0235
2026-01-09 20:00:00,1767988829.0,0.0235
2026-01-09 21:00:00,1767992418.0,0.0235
2026-01-09 22:00:00,1767996017.0,0.024
2026-01-09 23:00:00,1767999615.0,0.0245
2026-01-10 00:00:00,1768003218.0,0.0255
2026-01-10 01:00:00,1768006817.0,0.025
2026-01-10 02:00:00,1768010414.0,0.026
2026-01-10 03:00:00,1768014017.0,0.0255
2026-01-10 04:00:00,1768017614.0,0.0215
2026-01-10 05:00:00,1768021214.0,0.019
2026-01-10 06:00:00,1768024818.0,0.0145
2026-01-10 07:00:00,1768028415.0,0.0145
2026-01-10 08:00:00,1768032030.0,0.0175
2026-01-10 09:00:00,1768035619.0,0.018
2026-01-10 10:00:00,1768039217.0,0.018
2026-01-10 11:00:00,1768042817.0,0.018
2026-01-10 12:00:00,1768046420.0,0.018
2026-01-10 13:00:00,1768050017.0,0.0185
2026-01-10 14:00:00,1768053620.0,0.0185
2026-01-10 15:00:00,1768057218.0,0.0185
2026-01-10 16:00:00,1768060827.0,0.0185
2026-01-10 17:00:00,1768064419.0,0.0185
2026-01-10 18:00:00,1768068020.0,0.018
2026-01-10 19:00:00,1768071615.0,0.0165
2026-01-10 20:00:00,1768075215.0,0.0165
2026-01-10 21:00:00,1768078821.0,0.017
2026-01-10 22:00:00,1768082417.0,0.018
2026-01-10 23:00:00,1768086028.0,0.0195
2026-01-11 00:00:00,1768089616.0,0.02
2026-01-11 01:00:00,1768093214.0,0.02
2026-01-11 02:00:00,1768096827.0,0.019
2026-01-11 03:00:00,1768100415.0,0.0195
2026-01-11 04:00:00,1768104015.0,0.0195
2026-01-11 05:00:00,1768107612.0,0.0185
2026-01-11 06:00:00,1768111216.0,0.018
2026-01-11 07:00:00,1768114815.0,0.018
2026-01-11 08:00:00,1768118414.0,0.016
2026-01-11 09:00:00,1768122014.0,0.0165
2026-01-11 10:00:00,1768125612.0,0.0165
2026-01-11 11:00:00,1768129224.0,0.0185
2026-01-11 12:00:00,1768132816.0,0.018
2026-01-11 13:00:00,1768136414.0,0.0185
2026-01-11 14:00:00,1768140014.0,0.016
2026-01-11 15:00:00,1768143627.0,0.0165
2026-01-11 16:00:00,1768147212.0,0.016
2026-01-11 17:00:00,1768150827.0,0.0165
2026-01-11 18:00:00,1768154418.0,0.0175
2026-01-11 19:00:00,1768158015.0,0.0175
2026-01-11 20:00:00,1768161617.0,0.0175
2026-01-11 21:00:00,1768165234.0,0.0175
2026-01-11 22:00:00,1768168817.0,0.0175
2026-01-11 23:00:00,1768172414.0,0.0175
2026-01-12 00:00:00,1768176018.0,0.0175
2026-01-12 01:00:00,1768179614.0,0.016
2026-01-12 02:00:00,1768183225.0,0.016
2026-01-12 03:00:00,1768186831.0,0.0165
2026-01-12 04:00:00,1768190415.0,0.017
2026-01-12 05:00:00,1768194014.0,0.0175
2026-01-12 06:00:00,1768197615.0,0.021
2026-01-12 07:00:00,1768201216.0,0.018
2026-01-12 08:00:00,1768204816.0,0.017
2026-01-12 09:00:00,1768208416.0,0.0165
2026-01-12 10:00:00,1768212013.0,0.0165
2026-01-12 11:00:00,1768215624.0,0.0165
2026-01-12 12:00:00,1768219222.0,0.0165
2026-01-12 13:00:00,1768222816.0,0.0165
2026-01-12 14:00:00,1768226414.0,0.0165
2026-01-12 15:00:00,1768230019.0,0.0205
2026-01-12 16:00:00,1768233613.0,0.0215
2026-01-12 17:00:00,1768237215.0,0.0215
2026-01-12 18:00:00,1768240843.0,0.0165
2026-01-12 19:00:00,1768244415.0,0.0175
2026-01-12 20:00:00,1768248018.0,0.017
2026-01-12 21:00:00,1768251620.0,0.018
2026-01-12 22:00:00,1768255243.0,0.0185
2026-01-12 23:00:00,1768258820.0,0.0175
2026-01-13 00:00:00,1768262419.0,0.0205
2026-01-13 01:00:00,1768266087.0,0.0205
2026-01-13 02:00:00,1768269614.0,0.025
2026-01-13 03:00:00,1768273219.0,0.0265
2026-01-13 04:00:00,1768276815.0,0.0195
2026-01-13 05:00:00,1768280415.0,0.018
2026-01-13 06:00:00,1768284018.0,0.0195
2026-01-13 07:00:00,1768287630.0,0.018
2026-01-13 08:00:00,1768291229.0,0.0185
2026-01-13 09:00:00,1768294821.0,0.0185
2026-01-13 10:00:00,1768298415.0,0.0185
2026-01-13 11:00:00,1768302016.0,0.0195
2026-01-13 12:00:00,1768305621.0,0.0195
2026-01-13 13:00:00,1768309259.0,0.0205
2026-01-13 14:00:00,1768312830.0,0.0205
2026-01-13 15:00:00,1768316418.0,0.0205
2026-01-13 16:00:00,1768320027.0,0.0215
2026-01-13 17:00:00,1768323619.0,0.0245
2026-01-13 18:00:00,1768327219.0,0.022
2026-01-13 19:00:00,1768330857.0,0.0205
2026-01-13 20:00:00,1768334416.0,0.021
2026-01-13 21:00:00,1768338018.0,0.021
2026-01-13 22:00:00,1768341617.0,0.021
2026-01-13 23:00:00,1768345217.0,0.021
2026-01-14 00:00:00,1768348819.0,0.021
2026-01-14 01:00:00,1768352416.0,0.021
2026-01-14 02:00:00,1768356017.0,0.0215
2026-01-14 03:00:00,1768359618.0,0.021
2026-01-14 04:00:00,1768363218.0,0.021
2026-01-14 05:00:00,1768366819.0,0.021
2026-01-14 06:00:00,1768370419.0,0.0195
2026-01-14 07:00:00,1768374017.0,0.0195
2026-01-14 08:00:00,1768377631.0,0.0195
2026-01-14 09:00:00,1768381218.0,0.0195
2026-01-14 10:00:00,1768384815.0,0.0195
2026-01-14 11:00:00,1768388415.0,0.02
2026-01-14 12:00:00,1768392020.0,0.0195
2026-01-14 13:00:00,1768395618.0,0.0195
2026-01-14 14:00:00,1768399215.0,0.0205
2026-01-14 15:00:00,1768402830.0,0.0205
2026-01-14 16:00:00,1768406430.0,0.02
2026-01-14 17:00:00,1768410020.0,0.0205
2026-01-14 18:00:00,1768413621.0,0.0195
2026-01-14 19:00:00,1768417217.0,0.02
2026-01-14 20:00:00,1768420817.0,0.022
2026-01-14 21:00:00,1768424421.0,0.02
2026-01-14 22:00:00,1768428019.0,0.0165
2026-01-14 23:00:00,1768431617.0,0.0165
2026-01-15 00:00:00,1768435220.0,0.0165
2026-01-15 01:00:00,1768438816.0,0.0165
2026-01-15 02:00:00,1768442416.0,0.0165
2026-01-15 03:00:00,1768446027.0,0.0165
2026-01-15 04:00:00,1768449617.0,0.0165
2026-01-15 05:00:00,1768453216.0,0.0185
2026-01-15 06:00:00,1768456819.0,0.0205
2026-01-15 07:00:00,1768460417.0,0.0195
2026-01-15 08:00:00,1768464016.0,0.0175
2026-01-15 09:00:00,1768467622.0,0.0175
2026-01-15 10:00:00,1768471217.0,0.0185
2026-01-15 11:00:00,1768474817.0,0.0175
2026-01-15 12:00:00,1768478420.0,0.0175
2026-01-15 13:00:00,1768482018.0,0.0155
2026-01-15 14:00:00,1768485616.0,0.0145
2026-01-15 15:00:00,1768489218.0,0.016
2026-01-15 16:00:00,1768492817.0,0.017
2026-01-15 17:00:00,1768496422.0,0.0175
2026-01-15 18:00:00,1768500023.0,0.0155
2026-01-15 19:00:00,1768503621.0,0.0155
2026-01-15 20:00:00,1768507220.0,0.0165
2026-01-15 21:00:00,1768510824.0,0.0155
2026-01-15 22:00:00,1768514418.0,0.0155
2026-01-15 23:00:00,1768518019.0,0.0165
2026-01-16 00:00:00,1768521623.0,0.0165
2026-01-16 01:00:00,1768525221.0,0.0165
2026-01-16 02:00:00,1768528818.0,0.0165
2026-01-16 03:00:00,1768532423.0,0.0165
2026-01-16 04:00:00,1768536018.0,0.0155
2026-01-16 05:00:00,1768539617.0,0.0145
2026-01-16 06:00:00,1768543220.0,0.0125
2026-01-16 07:00:00,1768546818.0,0.0125
2026-01-16 08:00:00,1768550418.0,0.0125
2026-01-16 09:00:00,1768554019.0,0.0125
2026-01-16 10:00:00,1768557617.0,0.0125
2026-01-16 11:00:00,1768561216.0,0.0125
2026-01-16 12:00:00,1768564821.0,0.015
2026-01-16 13:00:00,1768568418.0,0.0165
2026-01-16 14:00:00,1768572017.0,0.0145
2026-01-16 15:00:00,1768575619.0,0.0145
2026-01-16 16:00:00,1768579217.0,0.0155
2026-01-16 17:00:00,1768582819.0,0.0135
2026-01-16 18:00:00,1768586421.0,0.0135
2026-01-16 19:00:00,1768590020.0,0.0135
2026-01-16 20:00:00,1768593617.0,0.014
2026-01-16 21:00:00,1768597223.0,0.014
2026-01-16 22:00:00,1768600831.0,0.013
2026-01-16 23:00:00,1768604418.0,0.0115
2026-01-17 00:00:00,1768608020.0,0.0105
2026-01-17 01:00:00,1768611618.0,0.0105
2026-01-17 02:00:00,1768615218.0,0.0105
2026-01-17 03:00:00,1768618821.0,0.0105
2026-01-17 04:00:00,1768622417.0,0.0105
2026-01-17 05:00:00,1768626017.0,0.0125
2026-01-17 06:00:00,1768629620.0,0.012
2026-01-17 07:00:00,1768633219.0,0.0125
2026-01-17 08:00:00,1768636817.0,0.0125
2026-01-17 09:00:00,1768640420.0,0.0115
2026-01-17 10:00:00,1768644031.0,0.0115
2026-01-17 11:00:00,1768647617.0,0.0115
2026-01-17 12:00:00,1768651226.0,0.0115
2026-01-17 13:00:00,1768654819.0,0.0115
2026-01-17 14:00:00,1768658433.0,0.0115
2026-01-17 15:00:00,1768662023.0,0.0115
2026-01-17 16:00:00,1768665617.0,0.012
2026-01-17 17:00:00,1768669231.0,0.0115
2026-01-17 18:00:00,1768672822.0,0.0125
2026-01-17 19:00:00,1768676419.0,0.0115
2026-01-17 20:00:00,1768680030.0,0.0115
2026-01-17 21:00:00,1768683633.0,0.0115
2026-01-17 22:00:00,1768687218.0,0.0135
2026-01-17 23:00:00,1768690818.0,0.015
2026-01-18 00:00:00,1768694430.0,0.014
2026-01-18 01:00:00,1768698016.0,0.0095
2026-01-18 02:00:00,1768701648.0,0.0085
2026-01-18 03:00:00,1768705221.0,0.0085
2026-01-18 04:00:00,1768708819.0,0.0085
2026-01-18 05:00:00,1768712428.0,0.009
2026-01-18 06:00:00,1768716047.0,0.011
2026-01-18 07:00:00,1768719616.0,0.0105
2026-01-18 08:00:00,1768723242.0,0.011
2026-01-18 09:00:00,1768726818.0,0.011
2026-01-18 10:00:00,1768730416.0,0.0105
2026-01-18 11:00:00,1768734019.0,0.0105
2026-01-18 12:00:00,1768737636.0,0.0105
2026-01-18 13:00:00,1768741230.0,0.0095
2026-01-18 14:00:00,1768744818.0,0.0085
2026-01-18 15:00:00,1768748419.0,0.0085
2026-01-18 16:00:00,1768752016.0,0.0085
2026-01-18 17:00:00,1768755636.0,0.0085
2026-01-18 18:00:00,1768759235.0,0.0085
2026-01-18 19:00:00,1768762817.0,0.0085
2026-01-18 20:00:00,1768766420.0,0.0085
2026-01-18 21:00:00,1768770019.0,0.0085
2026-01-18 22:00:00,1768773616.0,0.0085
2026-01-18 23:00:00,1768777219.0,0.0085
2026-01-19 00:00:00,1768780817.0,0.0085
2026-01-19 01:00:00,1768784508.0,0.0085
2026-01-19 02:00:00,1768788025.0,0.0085
2026-01-19 03:00:00,1768791616.0,0.0085
2026-01-19 04:00:00,1768795219.0,0.0085
2026-01-19 05:00:00,1768798824.0,0.0075
2026-01-19 06:00:00,1768802417.0,0.0075
2026-01-19 07:00:00,1768806026.0,0.0075
2026-01-19 08:00:00,1768809625.0,0.0075
2026-01-19 09:00:00,1768813218.0,0.0075
2026-01-19 10:00:00,1768816814.0,0.0075
2026-01-19 11:00:00,1768820424.0,0.0075
2026-01-19 12:00:00,1768824020.0,0.015
2026-01-19 13:00:00,1768827613.0,0.0065
2026-01-19 14:00:00,1768831213.0,0.0075
2026-01-19 15:00:00,1768834818.0,0.0075
2026-01-19 16:00:00,1768838414.0,0.0065
2026-01-19 17:00:00,1768842028.0,0.0065
2026-01-19 18:00:00,1768845620.0,0.0065
2026-01-19 19:00:00,1768849216.0,0.0065
2026-01-19 20:00:00,1768852820.0,0.0065
2026-01-19 21:00:00,1768856418.0,0.0065
2026-01-19 22:00:00,1768860018.0,0.0065
2026-01-19 23:00:00,1768863628.0,0.0065
2026-01-20 00:00:00,1768867219.0,0.0065
2026-01-20 01:00:00,1768870814.0,0.0065
2026-01-20 02:00:00,1768874415.0,0.0065
2026-01-20 03:00:00,1768878033.0,0.0065
2026-01-20 04:00:00,1768881629.0,0.0055
2026-01-20 05:00:00,1768885230.0,0.0055
2026-01-20 06:00:00,1768888820.0,0.0055
2026-01-20 07:00:00,1768892416.0,0.0055
2026-01-20 08:00:00,1768896016.0,0.0055
2026-01-20 09:00:00,1768899617.0,0.0055
2026-01-20 10:00:00,1768903217.0,0.0055
2026-01-20 11:00:00,1768906815.0,0.0065
2026-01-20 12:00:00,1768910420.0,0.007
2026-01-20 13:00:00,1768914016.0,0.0065
2026-01-20 14:00:00,1768917615.0,0.0065
2026-01-20 15:00:00,1768921218.0,0.0065
2026-01-20 16:00:00,1768924814.0,0.0055
2026-01-20 17:00:00,1768928417.0,0.0085
2026-01-20 18:00:00,1768932017.0,0.014
2026-01-20 19:00:00,1768935615.0,0.01
2026-01-20 20:00:00,1768939216.0,0.0195
2026-01-20 21:00:00,1768942835.0,0.0185
2026-01-20 22:00:00,1768946416.0,0.0195
2026-01-20 23:00:00,1768950015.0,0.021
2026-01-21 00:00:00,1768953620.0,0.022
2026-01-21 01:00:00,1768957215.0,0.0165
2026-01-21 02:00:00,1768960817.0,0.011
2026-01-21 03:00:00,1768964420.0,0.012
2026-01-21 04:00:00,1768968015.0,0.015
2026-01-21 05:00:00,1768971615.0,0.015
2026-01-21 06:00:00,1768975219.0,0.0135
2026-01-21 07:00:00,1768978817.0,0.0145
2026-01-21 08:00:00,1768982416.0,0.0165
2026-01-21 09:00:00,1768986038.0,0.015
2026-01-21 10:00:00,1768989617.0,0.0145
2026-01-21 11:00:00,1768993217.0,0.014
2026-01-21 12:00:00,1768996841.0,0.0145
2026-01-21 13:00:00,1769000416.0,0.0145
2026-01-21 14:00:00,1769004018.0,0.0125
2026-01-21 15:00:00,1769007618.0,0.034
2026-01-21 16:00:00,1769011218.0,0.042
2026-01-21 17:00:00,1769014822.0,0.0395
2026-01-21 18:00:00,1769018440.0,0.036
2026-01-21 19:00:00,1769022030.0,0.028
2026-01-21 20:00:00,1769025618.0,0.0265
2026-01-21 21:00:00,1769029252.0,0.0205
2026-01-21 22:00:00,1769032817.0,0.0215
2026-01-21 23:00:00,1769036418.0,0.022
2026-01-22 00:00:00,1769040028.0,0.0225
2026-01-22 01:00:00,1769043617.0,0.0215
2026-01-22 02:00:00,1769047220.0,0.0205
2026-01-22 03:00:00,1769050824.0,0.022
2026-01-22 04:00:00,1769054416.0,0.022
2026-01-22 05:00:00,1769058016.0,0.0225
2026-01-22 06:00:00,1769061618.0,0.0225
2026-01-22 07:00:00,1769065218.0,0.0205
2026-01-22 08:00:00,1769068819.0,0.0205
2026-01-22 09:00:00,1769072424.0,0.0205
2026-01-22 10:00:00,1769076017.0,0.0235
2026-01-22 11:00:00,1769079617.0,0.0255
2026-01-22 12:00:00,1769083244.0,0.028
2026-01-22 13:00:00,1769086817.0,0.038
2026-01-22 14:00:00,1769090416.0,0.0355
2026-01-22 15:00:00,1769094031.0,0.0315
2026-01-22 16:00:00,1769097617.0,0.036
2026-01-22 17:00:00,1769101220.0,0.0305
2026-01-22 18:00:00,1769104833.0,0.0295
2026-01-22 19:00:00,1769108417.0,0.0305
2026-01-22 20:00:00,1769112018.0,0.032
2026-01-22 21:00:00,1769115625.0,0.0335
2026-01-22 22:00:00,1769119218.0,0.0385
2026-01-22 23:00:00,1769122818.0,0.0325
2026-01-23 00:00:00,1769126436.0,0.031
2026-01-23 01:00:00,1769130016.0,0.031
2026-01-23 02:00:00,1769133618.0,0.0305
2026-01-23 03:00:00,1769137228.0,0.0295
2026-01-23 04:00:00,1769140818.0,0.0305
2026-01-23 05:00:00,1769144415.0,0.0305
2026-01-23 06:00:00,1769148020.0,0.03
2026-01-23 07:00:00,1769151618.0,0.0285
2026-01-23 08:00:00,1769155218.0,0.0285
2026-01-23 09:00:00,1769158821.0,0.0295
2026-01-23 10:00:00,1769162431.0,0.0285
2026-01-23 11:00:00,1769166018.0,0.0295
2026-01-23 12:00:00,1769169643.0,0.0295
2026-01-23 13:00:00,1769173216.0,0.0295
2026-01-23 14:00:00,1769176816.0,0.0285
2026-01-23 15:00:00,1769180419.0,0.0295
2026-01-23 16:00:00,1769184016.0,0.032
2026-01-23 17:00:00,1769187635.0,0.032
2026-01-23 18:00:00,1769191234.0,0.033
2026-01-23 19:00:00,1769194819.0,0.031
2026-01-23 20:00:00,1769198418.0,0.0185
2026-01-23 21:00:00,1769202020.0,0.0205
2026-01-23 22:00:00,1769205621.0,0.0195
2026-01-23 23:00:00,1769209221.0,0.0195
2026-01-24 00:00:00,1769212830.0,0.0285
2026-01-24 01:00:00,1769216419.0,0.0255
2026-01-24 02:00:00,1769220022.0,0.0225
2026-01-24 03:00:00,1769223639.0,0.02
2026-01-24 04:00:00,1769227217.0,0.0175
2026-01-24 05:00:00,1769230839.0,0.0175
2026-01-24 06:00:00,1769234439.0,0.0175
2026-01-24 07:00:00,1769238019.0,0.0175
2026-01-24 08:00:00,1769241620.0,0.0175
2026-01-24 09:00:00,1769245226.0,0.0175
2026-01-24 10:00:00,1769248829.0,0.0175
2026-01-24 11:00:00,1769252422.0,0.021
2026-01-24 12:00:00,1769256031.0,0.0285
2026-01-24 13:00:00,1769259618.0,0.0225
2026-01-24 14:00:00,1769263226.0,0.0215
2026-01-24 15:00:00,1769266825.0,0.0225
2026-01-24 16:00:00,1769270418.0,0.0215
2026-01-24 17:00:00,1769274022.0,0.021
2026-01-24 18:00:00,1769277621.0,0.0215
2026-01-24 19:00:00,1769281219.0,0.0205
2026-01-24 20:00:00,1769284818.0,0.0215
2026-01-24 21:00:00,1769288427.0,0.0235
2026-01-24 22:00:00,1769292018.0,0.0215
2026-01-24 23:00:00,1769295618.0,0.023
2026-01-25 00:00:00,1769299239.0,0.0255
2026-01-25 01:00:00,1769302818.0,0.025
2026-01-25 02:00:00,1769306416.0,0.025
2026-01-25 03:00:00,1769310024.0,0.0245
2026-01-25 04:00:00,1769313616.0,0.0245
2026-01-25 05:00:00,1769317216.0,0.0255
2026-01-25 06:00:00,1769320818.0,0.026
2026-01-25 07:00:00,1769324420.0,0.0245
2026-01-25 08:00:00,1769328017.0,0.0235
2026-01-25 09:00:00,1769331639.0,0.0255
2026-01-25 10:00:00,1769335231.0,0.028
2026-01-25 11:00:00,1769338817.0,0.031
2026-01-25 12:00:00,1769342445.0,0.0295
2026-01-25 13:00:00,1769346029.0,0.0295
2026-01-25 14:00:00,1769349619.0,0.0305
2026-01-25 15:00:00,1769353221.0,0.0285
2026-01-25 16:00:00,1769356831.0,0.0275
2026-01-25 17:00:00,1769360431.0,0.0265
2026-01-25 18:00:00,1769364025.0,0.0265
2026-01-25 19:00:00,1769367617.0,0.031
2026-01-25 20:00:00,1769371217.0,0.0305
2026-01-25 21:00:00,1769374825.0,0.029
2026-01-25 22:00:00,1769378420.0,0.029
2026-01-25 23:00:00,1769382018.0,0.0295
2026-01-26 00:00:00,1769385638.0,0.028
2026-01-26 01:00:00,1769389217.0,0.0255
2026-01-26 02:00:00,1769392820.0,0.0255
2026-01-26 03:00:00,1769396419.0,0.0255
2026-01-26 04:00:00,1769400017.0,0.027
2026-01-26 05:00:00,1769403616.0,0.0295
2026-01-26 06:00:00,1769407226.0,0.028
2026-01-26 07:00:00,1769410818.0,0.026
2026-01-26 08:00:00,1769414418.0,0.0295
2026-01-26 09:00:00,1769418027.0,0.0285
2026-01-26 10:00:00,1769421616.0,0.0285
2026-01-26 11:00:00,1769425220.0,0.029
2026-01-26 12:00:00,1769428829.0,0.0295
2026-01-26 13:00:00,1769432421.0,0.0325
2026-01-26 14:00:00,1769436017.0,0.0255
2026-01-26 15:00:00,1769439621.0,0.027
2026-01-26 16:00:00,1769443218.0,0.0265
2026-01-26 17:00:00,1769446824.0,0.0265
2026-01-26 18:00:00,1769450425.0,0.0275
2026-01-26 19:00:00,1769454018.0,0.0365
2026-01-26 20:00:00,1769457621.0,0.036
2026-01-26 21:00:00,1769461222.0,0.0365
2026-01-26 22:00:00,1769464818.0,0.0345
2026-01-26 23:00:00,1769468418.0,0.0395
2026-01-27 00:00:00,1769472033.0,0.0405
2026-01-27 01:00:00,1769475615.0,0.043
2026-01-27 02:00:00,1769479215.0,0.0475
2026-01-27 03:00:00,1769482824.0,0.041
2026-01-27 04:00:00,1769486417.0,0.0365
2026-01-27 05:00:00,1769490015.0,0.0365
2026-01-27 06:00:00,1769493616.0,0.0375
2026-01-27 07:00:00,1769497223.0,0.0365
2026-01-27 08:00:00,1769500817.0,0.0355
2026-01-27 09:00:00,1769504418.0,0.0355
2026-01-27 10:00:00,1769508024.0,0.035
2026-01-27 11:00:00,1769511616.0,0.034
2026-01-27 12:00:00,1769515221.0,0.0345
2026-01-27 13:00:00,1769518829.0,0.034
2026-01-27 14:00:00,1769522416.0,0.034
2026-01-27 15:00:00,1769526017.0,0.0365
2026-01-27 16:00:00,1769529615.0,0.037
2026-01-27 17:00:00,1769533216.0,0.0355
2026-01-27 18:00:00,1769536818.0,0.0345
2026-01-27 19:00:00,1769540417.0,0.0375
2026-01-27 20:00:00,1769544016.0,0.0335
2026-01-27 21:00:00,1769547618.0,0.0315
2026-01-27 22:00:00,1769551216.0,0.0355
2026-01-27 23:00:00,1769554817.0,0.0395
2026-01-28 00:00:00,1769558423.0,0.0355
2026-01-28 01:00:00,1769562026.0,0.0355
2026-01-28 02:00:00,1769565619.0,0.0355
2026-01-28 03:00:00,1769569220.0,0.0315
2026-01-28 04:00:00,1769572831.0,0.041
2026-01-28 05:00:00,1769576416.0,0.041
2026-01-28 06:00:00,1769580017.0,0.038
2026-01-28 07:00:00,1769583617.0,0.051
2026-01-28 08:00:00,1769587217.0,0.0425
2026-01-28 09:00:00,1769590822.0,0.0505
2026-01-28 10:00:00,1769594436.0,0.048
2026-01-28 11:00:00,1769598017.0,0.041
2026-01-28 12:00:00,1769601624.0,0.049
2026-01-28 13:00:00,1769605231.0,0.042
2026-01-28 14:00:00,1769608817.0,0.0445
2026-01-28 15:00:00,1769612418.0,0.0395
2026-01-28 16:00:00,1769616017.0,0.0405
2026-01-28 17:00:00,1769619619.0,0.043
2026-01-28 18:00:00,1769623234.0,0.062
2026-01-28 19:00:00,1769626818.0,0.0505
2026-01-28 20:00:00,1769630421.0,0.0505
2026-01-28 21:00:00,1769634018.0,0.0545
2026-01-28 22:00:00,1769637618.0,0.0455
2026-01-28 23:00:00,1769641218.0,0.0535
2026-01-29 00:00:00,1769644837.0,0.0495
2026-01-29 01:00:00,1769648418.0,0.048
2026-01-29 02:00:00,1769652018.0,0.0475
2026-01-29 03:00:00,1769655622.0,0.0415
2026-01-29 04:00:00,1769659219.0,0.0375
2026-01-29 05:00:00,1769662818.0,0.0365
2026-01-29 06:00:00,1769666420.0,0.0375
2026-01-29 07:00:00,1769670019.0,0.0375
2026-01-29 08:00:00,1769673618.0,0.0345
2026-01-29 09:00:00,1769677221.0,0.0305
2026-01-29 10:00:00,1769680821.0,0.0315
2026-01-29 11:00:00,1769684420.0,0.0315
2026-01-29 12:00:00,1769688026.0,0.041
2026-01-29 13:00:00,1769691619.0,0.0335
2026-01-29 14:00:00,1769695219.0,0.0315
2026-01-29 15:00:00,1769698820.0,0.0315
2026-01-29 16:00:00,1769702419.0,0.0325
2026-01-29 17:00:00,1769706019.0,0.0335
2026-01-29 18:00:00,1769709621.0,0.035
2026-01-29 19:00:00,1769713219.0,0.0285
2026-01-29 20:00:00,1769716830.0,0.0355
2026-01-29 21:00:00,1769720422.0,0.0365
2026-01-29 22:00:00,1769724020.0,0.0375
2026-01-29 23:00:00,1769727619.0,0.0455
2026-01-30 00:00:00,1769731226.0,0.0205
2026-01-30 01:00:00,1769734819.0,0.0085
2026-01-30 02:00:00,1769738420.0,0.0065
2026-01-30 03:00:00,1769742021.0,0.0025
2026-01-30 04:00:00,1769745620.0,0.0025
2026-01-30 05:00:00,1769749219.0,0.0035
2026-01-30 06:00:00,1769752820.0,0.0015
2026-01-30 07:00:00,1769756419.0,0.0015
2026-01-30 08:00:00,1769760019.0,0.005
2026-01-30 09:00:00,1769763637.0,0.003
2026-01-30 10:00:00,1769767219.0,0.0015
2026-01-30 11:00:00,1769770835.0,0.0015
2026-01-30 12:00:00,1769774439.0,0.0005
2026-01-30 13:00:00,1769778020.0,0.0005
2026-01-30 14:00:00,1769781620.0,0.0005
2026-01-30 15:00:00,1769785223.0,0.0005
2026-01-30 16:00:00,1769788821.0,0.0005
2026-01-30 17:00:00,1769792422.0,0.0005
2026-01-30 18:00:00,1769796021.0,0.0005
2026-01-30 19:00:00,1769799620.0,0.0005
2026-01-30 20:00:00,1769803220.0,0.0005
2026-01-30 21:00:00,1769806823.0,0.0015
2026-01-30 22:00:00,1769810424.0,0.0015
2026-01-30 23:00:00,1769814019.0,0.0015
2026-01-31 00:00:00,1769817626.0,0.0015
2026-01-31 01:00:00,1769821219.0,0.0025
2026-01-31 02:00:00,1769824820.0,0.0025
2026-01-31 03:00:00,1769828421.0,0.0005
2026-01-31 04:00:00,1769832020.0,0.0015
2026-01-31 05:00:00,1769835620.0,0.0015
2026-01-31 06:00:00,1769839221.0,0.0005
2026-01-31 07:00:00,1769842821.0,0.0005
2026-01-31 08:00:00,1769846421.0,0.0005
2026-01-31 09:00:00,1769850039.0,0.0005
2026-01-31 10:00:00,1769853621.0,0.0005
2026-01-31 11:00:00,1769857220.0,0.0005
2026-01-31 12:00:00,1769860830.0,0.0005
2026-01-31 13:00:00,1769864422.0,0.0005
2026-01-31 14:00:00,1769868019.0,0.0005
2026-01-31 15:00:00,1769871625.0,0.0005
2026-01-31 16:00:00,1769875220.0,0.0005
2026-01-31 17:00:00,1769878833.0,0.0005
2026-01-31 18:00:00,1769882426.0,0.0005
2026-01-31 19:00:00,1769886022.0,0.0005
2026-01-31 20:00:00,1769889620.0,0.0005
2026-01-31 21:00:00,1769893240.0,0.0005
2026-01-31 22:00:00,1769896835.0,0.0005
2026-01-31 23:00:00,1769900420.0,0.0005
2026-02-01 00:00:00,1769904031.0,0.0005
2026-02-01 01:00:00,1769907753.0,0.0005
2026-02-01 02:00:00,1769911218.0,0.0005
2026-02-01 03:00:00,1769914823.0,0.0005
