time_utc,t,p
2025-08-08 20:00:00,1754683509.0,0.5
2025-08-08 21:00:00,1754686803.0,0.5
2025-08-08 22:00:00,1754690413.0,0.5
2025-08-08 23:00:00,1754694005.0,0.49
2025-08-09 00:00:00,1754697611.0,0.44
2025-08-09 01:00:00,1754701208.0,0.395
2025-08-09 02:00:00,1754704806.0,0.055
2025-08-09 03:00:00,1754708418.0,0.055
2025-08-09 04:00:00,1754712002.0,0.06
2025-08-09 05:00:00,1754715614.0,0.06
2025-08-09 06:00:00,1754719205.0,0.06
2025-08-09 07:00:00,1754722815.0,0.055
2025-08-09 08:00:00,1754726410.0,0.055
2025-08-09 09:00:00,1754730020.0,0.055
2025-08-09 10:00:00,1754733616.0,0.055
2025-08-09 11:00:00,1754737210.0,0.055
2025-08-09 12:00:00,1754740811.0,0.055
2025-08-09 13:00:00,1754744416.0,0.055
2025-08-09 14:00:00,1754748010.0,0.055
2025-08-09 15:00:00,1754751604.0,0.055
2025-08-09 16:00:00,1754755202.0,0.055
2025-08-09 17:00:00,1754758804.0,0.055
2025-08-09 18:00:00,1754762408.0,0.055
2025-08-09 19:00:00,1754766005.0,0.055
2025-08-09 20:00:00,1754769616.0,0.055
2025-08-09 21:00:00,1754773207.0,0.06
2025-08-09 22:00:00,1754776816.0,0.055
2025-08-09 23:00:00,1754780403.0,0.065
2025-08-10 00:00:00,1754784002.0,0.065
2025-08-10 01:00:00,1754787602.0,0.06
2025-08-10 02:00:00,1754791206.0,0.06
2025-08-10 03:00:00,1754794811.0,0.065
2025-08-10 04:00:00,1754798411.0,0.065
2025-08-10 05:00:00,1754802009.0,0.065
2025-08-10 06:00:00,1754805614.0,0.065
2025-08-10 07:00:00,1754809209.0,0.065
2025-08-10 08:00:00,1754812807.0,0.065
2025-08-10 09:00:00,1754816409.0,0.065
2025-08-10 10:00:00,1754820009.0,0.065
2025-08-10 11:00:00,1754823610.0,0.065
2025-08-10 12:00:00,1754827213.0,0.065
2025-08-10 13:00:00,1754830813.0,0.065
2025-08-10 14:00:00,1754834402.0,0.065
2025-08-10 15:00:00,1754838013.0,0.065
2025-08-10 16:00:00,1754841614.0,0.065
2025-08-10 17:00:00,1754845202.0,0.065
2025-08-10 18:00:00,1754848806.0,0.065
2025-08-10 19:00:00,1754852403.0,0.065
2025-08-10 20:00:00,1754856013.0,0.065
2025-08-10 21:00:00,1754859614.0,0.065
2025-08-10 22:00:00,1754863204.0,0.06
2025-08-10 23:00:00,1754866807.0,0.06
2025-08-11 00:00:00,1754870412.0,0.06
2025-08-11 01:00:00,1754874004.0,0.06
2025-08-11 02:00:00,1754877602.0,0.06
2025-08-11 03:00:00,1754881202.0,0.06
2025-08-11 04:00:00,1754884816.0,0.06
2025-08-11 05:00:00,1754888408.0,0.06
2025-08-11 06:00:00,1754892013.0,0.06
2025-08-11 07:00:00,1754895602.0,0.06
2025-08-11 08:00:00,1754899216.0,0.06
2025-08-11 09:00:00,1754902818.0,0.06
2025-08-11 10:00:00,1754906405.0,0.055
2025-08-11 11:00:00,1754910008.0,0.055
2025-08-11 12:00:00,1754913619.0,0.055
2025-08-11 13:00:00,1754917202.0,0.055
2025-08-11 14:00:00,1754920813.0,0.055
2025-08-11 15:00:00,1754924415.0,0.055
2025-08-11 16:00:00,1754928004.0,0.055
2025-08-11 17:00:00,1754931608.0,0.055
2025-08-11 18:00:00,1754935211.0,0.055
2025-08-11 19:00:00,1754938806.0,0.055
2025-08-11 20:00:00,1754942408.0,0.055
2025-08-11 21:00:00,1754946010.0,0.055
2025-08-11 22:00:00,1754949606.0,0.055
2025-08-11 23:00:00,1754953210.0,0.065
2025-08-12 00:00:00,1754956806.0,0.065
2025-08-12 01:00:00,1754960406.0,0.065
2025-08-12 02:00:00,1754964003.0,0.065
2025-08-12 03:00:00,1754967612.0,0.065
2025-08-12 04:00:00,1754971213.0,0.065
2025-08-12 05:00:00,1754974812.0,0.065
2025-08-12 06:00:00,1754978415.0,0.065
2025-08-12 07:00:00,1754982013.0,0.065
2025-08-12 08:00:00,1754985608.0,0.065
2025-08-12 09:00:00,1754989207.0,0.065
2025-08-12 10:00:00,1754992809.0,0.065
2025-08-12 11:00:00,1754996410.0,0.065
2025-08-12 12:00:00,1755000002.0,0.065
2025-08-12 13:00:00,1755003602.0,0.065
2025-08-12 14:00:00,1755007204.0,0.065
2025-08-12 15:00:00,1755010814.0,0.065
2025-08-12 16:00:00,1755014405.0,0.065
2025-08-12 17:00:00,1755018015.0,0.065
2026-02-01 04:00:00,1769921355.0,0.0005
2025-08-12 18:00:00,1755021611.0,0.065
2025-08-12 19:00:00,1755025207.0,0.065
2025-08-12 20:00:00,1755028804.0,0.065
2025-08-12 21:00:00,1755032410.0,0.065
2025-08-12 22:00:00,1755036008.0,0.065
2025-08-12 23:00:00,1755039615.0,0.065
2025-08-13 00:00:00,1755043211.0,0.065
2025-08-13 01:00:00,1755046808.0,0.065
2025-08-13 02:00:00,1755050407.0,0.065
2025-08-13 03:00:00,1755054007.0,0.065
2025-08-13 04:00:00,1755057609.0,0.065
2025-08-13 05:00:00,1755061208.0,0.065
2025-08-13 06:00:00,1755064803.0,0.065
2025-08-13 07:00:00,1755068405.0,0.065
2025-08-13 08:00:00,1755072012.0,0.065
2025-08-13 09:00:00,1755075619.0,0.065
2025-08-13 10:00:00,1755079206.0,0.07
2025-08-13 11:00:00,1755082808.0,0.07
2025-08-13 12:00:00,1755086402.0,0.06
2025-08-13 13:00:00,1755090022.0,0.065
2025-08-13 14:00:00,1755093609.0,0.045
2025-08-13 15:00:00,1755097212.0,0.045
2025-08-13 16:00:00,1755100811.0,0.045
2025-08-13 17:00:00,1755104406.0,0.045
2025-08-13 18:00:00,1755108013.0,0.045
2025-08-13 19:00:00,1755111614.0,0.035
2025-08-13 20:00:00,1755115204.0,0.036
2025-08-13 21:00:00,1755118804.0,0.036
2025-08-13 22:00:00,1755122404.0,0.036
2025-08-13 23:00:00,1755126009.0,0.036
2025-08-14 00:00:00,1755129607.0,0.032
2025-08-14 01:00:00,1755133206.0,0.033
2025-08-14 02:00:00,1755136807.0,0.032
2025-08-14 03:00:00,1755140402.0,0.03
2025-08-14 04:00:00,1755144007.0,0.032
2025-08-14 05:00:00,1755147603.0,0.037
2025-08-14 06:00:00,1755151204.0,0.0295
2025-08-14 07:00:00,1755154814.0,0.0305
2025-08-14 08:00:00,1755158410.0,0.037
2025-08-14 09:00:00,1755162014.0,0.031
2025-08-14 10:00:00,1755165611.0,0.0265
2025-08-14 11:00:00,1755169211.0,0.0265
2025-08-14 12:00:00,1755172802.0,0.0275
2025-08-14 13:00:00,1755176407.0,0.031
2025-08-14 14:00:00,1755180016.0,0.031
2025-08-14 15:00:00,1755183604.0,0.0285
2025-08-14 16:00:00,1755187207.0,0.03
2025-08-14 17:00:00,1755190810.0,0.0245
2025-08-14 18:00:00,1755194408.0,0.0245
2025-08-14 19:00:00,1755198016.0,0.0245
2025-08-14 20:00:00,1755201611.0,0.027
2025-08-14 21:00:00,1755205204.0,0.027
2025-08-14 22:00:00,1755208811.0,0.0255
2025-08-14 23:00:00,1755212402.0,0.026
2025-08-15 00:00:00,1755216011.0,0.026
2025-08-15 01:00:00,1755219611.0,0.026
2025-08-15 02:00:00,1755223213.0,0.0255
2025-08-15 03:00:00,1755226803.0,0.026
2025-08-15 04:00:00,1755230414.0,0.026
2025-08-15 05:00:00,1755234013.0,0.024
2025-08-15 06:00:00,1755237615.0,0.024
2025-08-15 07:00:00,1755241214.0,0.024
2025-08-15 08:00:00,1755244806.0,0.024
2025-08-15 09:00:00,1755248418.0,0.024
2025-08-15 10:00:00,1755252008.0,0.024
2025-08-15 11:00:00,1755255605.0,0.024
2025-08-15 12:00:00,1755259214.0,0.024
2025-08-15 13:00:00,1755262803.0,0.024
2025-08-15 14:00:00,1755266404.0,0.024
2025-08-15 15:00:00,1755270012.0,0.024
2025-08-15 16:00:00,1755273604.0,0.024
2025-08-15 17:00:00,1755277215.0,0.024
2025-08-15 18:00:00,1755280803.0,0.031
2025-08-15 19:00:00,1755284402.0,0.0295
2025-08-15 20:00:00,1755288016.0,0.03
2025-08-15 21:00:00,1755291608.0,0.031
2025-08-15 22:00:00,1755295210.0,0.0295
2025-08-15 23:00:00,1755298816.0,0.0285
2025-08-16 00:00:00,1755302403.0,0.0275
2025-08-16 01:00:00,1755306009.0,0.0275
2025-08-16 02:00:00,1755309612.0,0.0275
2025-08-16 03:00:00,1755313203.0,0.0275
2025-08-16 04:00:00,1755316810.0,0.0275
2025-08-16 05:00:00,1755320410.0,0.0275
2025-08-16 06:00:00,1755324018.0,0.0275
2025-08-16 07:00:00,1755327615.0,0.0275
2025-08-16 08:00:00,1755331203.0,0.0275
2025-08-16 09:00:00,1755334806.0,0.0275
2025-08-16 10:00:00,1755338410.0,0.0275
2025-08-16 11:00:00,1755342015.0,0.0275
2025-08-16 12:00:00,1755345617.0,0.0275
2025-08-16 13:00:00,1755349212.0,0.0255
2025-08-16 14:00:00,1755352804.0,0.0275
2025-08-16 15:00:00,1755356402.0,0.0285
2025-08-16 16:00:00,1755360006.0,0.028
2025-08-16 17:00:00,1755363613.0,0.0285
2025-08-16 18:00:00,1755367215.0,0.029
2025-08-16 19:00:00,1755370805.0,0.029
2025-08-16 20:00:00,1755374408.0,0.029
2025-08-16 21:00:00,1755378017.0,0.029
2025-08-16 22:00:00,1755381613.0,0.029
2025-08-16 23:00:00,1755385205.0,0.029
2025-08-17 00:00:00,1755388814.0,0.029
2025-08-17 01:00:00,1755392410.0,0.029
2025-08-17 02:00:00,1755396008.0,0.029
2025-08-17 03:00:00,1755399610.0,0.029
2025-08-17 04:00:00,1755403207.0,0.029
2025-08-17 05:00:00,1755406815.0,0.029
2025-08-17 06:00:00,1755410407.0,0.029
2025-08-17 07:00:00,1755414005.0,0.029
2025-08-17 08:00:00,1755417614.0,0.029
2025-08-17 09:00:00,1755421204.0,0.0295
2025-08-17 10:00:00,1755424802.0,0.0295
2025-08-17 11:00:00,1755428407.0,0.0275
2025-08-17 12:00:00,1755432002.0,0.0275
2025-08-17 13:00:00,1755435606.0,0.0285
2025-08-17 14:00:00,1755439212.0,0.028
2025-08-17 15:00:00,1755442812.0,0.028
2025-08-17 16:00:00,1755446406.0,0.028
2025-08-17 17:00:00,1755450002.0,0.028
2025-08-17 18:00:00,1755453611.0,0.028
2025-08-17 19:00:00,1755457212.0,0.028
2025-08-17 20:00:00,1755460810.0,0.028
2025-08-17 21:00:00,1755464404.0,0.028
2025-08-17 22:00:00,1755468015.0,0.0275
2025-08-17 23:00:00,1755471606.0,0.0275
2025-08-18 00:00:00,1755475205.0,0.0275
2025-08-18 01:00:00,1755478810.0,0.0275
2025-08-18 02:00:00,1755482409.0,0.0275
2025-08-18 03:00:00,1755486013.0,0.028
2025-08-18 04:00:00,1755489603.0,0.0275
2025-08-18 05:00:00,1755493210.0,0.028
2025-08-18 06:00:00,1755496804.0,0.028
2025-08-18 07:00:00,1755500404.0,0.028
2025-08-18 08:00:00,1755504004.0,0.0285
2025-08-18 09:00:00,1755507620.0,0.0295
2025-08-18 10:00:00,1755511212.0,0.0295
2025-08-18 11:00:00,1755514814.0,0.0295
2025-08-18 12:00:00,1755518404.0,0.0295
2025-08-18 13:00:00,1755522014.0,0.0345
2025-08-18 14:00:00,1755525615.0,0.0345
2025-08-18 15:00:00,1755529203.0,0.034
2025-08-18 16:00:00,1755532809.0,0.034
2025-08-18 17:00:00,1755536406.0,0.034
2025-08-18 18:00:00,1755540004.0,0.034
2025-08-18 19:00:00,1755543618.0,0.034
2025-08-18 20:00:00,1755547206.0,0.034
2025-08-18 21:00:00,1755550804.0,0.034
2025-08-18 22:00:00,1755554403.0,0.034
2025-08-18 23:00:00,1755558002.0,0.034
2025-08-19 00:00:00,1755561613.0,0.035
2025-08-19 01:00:00,1755565208.0,0.0355
2025-08-19 02:00:00,1755568805.0,0.0355
2025-08-19 03:00:00,1755572409.0,0.0355
2025-08-19 04:00:00,1755576012.0,0.036
2025-08-19 05:00:00,1755579613.0,0.035
2025-08-19 06:00:00,1755583218.0,0.035
2025-08-19 07:00:00,1755586810.0,0.0415
2025-08-19 08:00:00,1755590405.0,0.04
2025-08-19 09:00:00,1755594008.0,0.0415
2025-08-19 10:00:00,1755597617.0,0.041
2025-08-19 11:00:00,1755601208.0,0.042
2025-08-19 12:00:00,1755604819.0,0.04
2025-08-19 13:00:00,1755608418.0,0.04
2025-08-19 14:00:00,1755612007.0,0.04
2025-08-19 15:00:00,1755615606.0,0.039
2025-08-19 16:00:00,1755619216.0,0.0375
2025-08-19 17:00:00,1755622806.0,0.0395
2025-08-19 18:00:00,1755626404.0,0.038
2025-08-19 19:00:00,1755630002.0,0.0355
2025-08-19 20:00:00,1755633610.0,0.0315
2025-08-19 21:00:00,1755637215.0,0.0305
2025-08-19 22:00:00,1755640802.0,0.028
2025-08-19 23:00:00,1755644407.0,0.0345
2025-08-20 00:00:00,1755648007.0,0.033
2025-08-20 01:00:00,1755651608.0,0.0345
2025-08-20 02:00:00,1755655205.0,0.0335
2025-08-20 03:00:00,1755658805.0,0.0335
2025-08-20 04:00:00,1755662404.0,0.0345
2025-08-20 05:00:00,1755666013.0,0.0335
2025-08-20 06:00:00,1755669612.0,0.0345
2025-08-20 07:00:00,1755673205.0,0.0345
2025-08-20 08:00:00,1755676810.0,0.0365
2025-08-20 09:00:00,1755680405.0,0.036
2025-08-20 10:00:00,1755684012.0,0.0365
2025-08-20 11:00:00,1755687614.0,0.036
2025-08-20 12:00:00,1755691212.0,0.0365
2025-08-20 13:00:00,1755694803.0,0.036
2025-08-20 14:00:00,1755698413.0,0.0365
2025-08-20 15:00:00,1755702009.0,0.036
2025-08-20 16:00:00,1755705607.0,0.0365
2025-08-20 17:00:00,1755709211.0,0.0365
2025-08-20 18:00:00,1755712812.0,0.0365
2025-08-20 19:00:00,1755716413.0,0.0365
2025-08-20 20:00:00,1755720012.0,0.036
2025-08-20 21:00:00,1755723607.0,0.036
2025-08-20 22:00:00,1755727216.0,0.036
2025-08-20 23:00:00,1755730814.0,0.036
2025-08-21 00:00:00,1755734405.0,0.032
2025-08-21 01:00:00,1755738005.0,0.032
2025-08-21 02:00:00,1755741612.0,0.0345
2025-08-21 03:00:00,1755745216.0,0.0325
2025-08-21 04:00:00,1755748815.0,0.034
2025-08-21 05:00:00,1755752406.0,0.0355
2025-08-21 06:00:00,1755756007.0,0.0345
2025-08-21 07:00:00,1755759615.0,0.0345
2025-08-21 08:00:00,1755763215.0,0.032
2025-08-21 09:00:00,1755766812.0,0.033
2025-08-21 10:00:00,1755770410.0,0.034
2025-08-21 11:00:00,1755774008.0,0.033
2025-08-21 12:00:00,1755777616.0,0.0335
2025-08-21 13:00:00,1755781203.0,0.0335
2025-08-21 14:00:00,1755784812.0,0.033
2025-08-21 15:00:00,1755788411.0,0.0315
2025-08-21 16:00:00,1755792004.0,0.032
2025-08-21 17:00:00,1755795610.0,0.033
2025-08-21 18:00:00,1755799209.0,0.032
2025-08-21 19:00:00,1755802808.0,0.0325
2025-08-21 20:00:00,1755806402.0,0.0325
2025-08-21 21:00:00,1755810005.0,0.0325
2025-08-21 22:00:00,1755813617.0,0.0325
2025-08-21 23:00:00,1755817216.0,0.0325
2025-08-22 00:00:00,1755820810.0,0.0325
2025-08-22 01:00:00,1755824405.0,0.0325
2025-08-22 02:00:00,1755828010.0,0.0325
2025-08-22 03:00:00,1755831614.0,0.033
2025-08-22 04:00:00,1755835205.0,0.033
2025-08-22 05:00:00,1755838810.0,0.033
2025-08-22 06:00:00,1755842410.0,0.033
2025-08-22 07:00:00,1755846005.0,0.033
2025-08-22 08:00:00,1755849609.0,0.033
2025-08-22 09:00:00,1755853208.0,0.033
2025-08-22 10:00:00,1755856815.0,0.033
2025-08-22 11:00:00,1755860414.0,0.033
2025-08-22 12:00:00,1755864005.0,0.033
2025-08-22 13:00:00,1755867608.0,0.033
2025-08-22 14:00:00,1755871217.0,0.033
2025-08-22 15:00:00,1755874815.0,0.033
2025-08-22 16:00:00,1755878409.0,0.033
2025-08-22 17:00:00,1755882017.0,0.033
2025-08-22 18:00:00,1755885605.0,0.04
2025-08-22 19:00:00,1755889202.0,0.044
2025-08-22 20:00:00,1755892802.0,0.0445
2025-08-22 21:00:00,1755896410.0,0.0475
2025-08-22 22:00:00,1755900017.0,0.0465
2025-08-22 23:00:00,1755903611.0,0.046
2025-08-23 00:00:00,1755907207.0,0.0445
2025-08-23 01:00:00,1755910808.0,0.0445
2025-08-23 02:00:00,1755914402.0,0.0415
2025-08-23 03:00:00,1755918006.0,0.0415
2025-08-23 04:00:00,1755921607.0,0.041
2025-08-23 05:00:00,1755925211.0,0.041
2025-08-23 06:00:00,1755928816.0,0.041
2025-08-23 07:00:00,1755932417.0,0.041
2025-08-23 08:00:00,1755936015.0,0.041
2025-08-23 09:00:00,1755939615.0,0.0435
2025-08-23 10:00:00,1755943219.0,0.0465
2025-08-23 11:00:00,1755946812.0,0.046
2025-08-23 12:00:00,1755950421.0,0.0485
2025-08-23 13:00:00,1755954016.0,0.0485
2025-08-23 14:00:00,1755957602.0,0.0485
2025-08-23 15:00:00,1755961205.0,0.0485
2025-08-23 16:00:00,1755964803.0,0.048
2025-08-23 17:00:00,1755968405.0,0.048
2025-08-23 18:00:00,1755972010.0,0.048
2025-08-23 19:00:00,1755975612.0,0.048
2025-08-23 20:00:00,1755979218.0,0.0485
2025-08-23 21:00:00,1755982810.0,0.0485
2025-08-23 22:00:00,1755986406.0,0.048
2025-08-23 23:00:00,1755990008.0,0.057
2025-08-24 00:00:00,1755993609.0,0.0555
2025-08-24 01:00:00,1755997206.0,0.0555
2025-08-24 02:00:00,1756000806.0,0.056
2025-08-24 03:00:00,1756004402.0,0.0545
2025-08-24 04:00:00,1756008003.0,0.054
2025-08-24 05:00:00,1756011606.0,0.052
2025-08-24 06:00:00,1756015213.0,0.051
2025-08-24 07:00:00,1756018816.0,0.0515
2025-08-24 08:00:00,1756022406.0,0.0625
2025-08-24 09:00:00,1756026014.0,0.0625
2025-08-24 10:00:00,1756029605.0,0.0645
2025-08-24 11:00:00,1756033212.0,0.0645
2025-08-24 12:00:00,1756036810.0,0.067
2025-08-24 13:00:00,1756040416.0,0.067
2025-08-24 14:00:00,1756044013.0,0.062
2025-08-24 15:00:00,1756047607.0,0.0625
2025-08-24 16:00:00,1756051203.0,0.0625
2025-08-24 17:00:00,1756054817.0,0.07
2025-08-24 18:00:00,1756058409.0,0.0795
2025-08-24 19:00:00,1756062005.0,0.0785
2025-08-24 20:00:00,1756065617.0,0.0815
2025-08-24 21:00:00,1756069203.0,0.0835
2025-08-24 22:00:00,1756072816.0,0.081
2025-08-24 23:00:00,1756076410.0,0.083
2025-08-25 00:00:00,1756080014.0,0.0825
2025-08-25 01:00:00,1756083604.0,0.0815
2025-08-25 02:00:00,1756087209.0,0.0815
2025-08-25 03:00:00,1756090818.0,0.08
2025-08-25 04:00:00,1756094412.0,0.0825
2025-08-25 05:00:00,1756098011.0,0.082
2025-08-25 06:00:00,1756101611.0,0.0835
2025-08-25 07:00:00,1756105217.0,0.084
2025-08-25 08:00:00,1756108816.0,0.084
2025-08-25 09:00:00,1756112418.0,0.084
2025-08-25 10:00:00,1756116002.0,0.085
2025-08-25 11:00:00,1756119616.0,0.0825
2025-08-25 12:00:00,1756123207.0,0.0845
2025-08-25 13:00:00,1756126815.0,0.0835
2025-08-25 14:00:00,1756130402.0,0.084
2025-08-25 15:00:00,1756134006.0,0.084
2025-08-25 16:00:00,1756137603.0,0.083
2025-08-25 17:00:00,1756141203.0,0.094
2025-08-25 18:00:00,1756144810.0,0.0925
2025-08-25 19:00:00,1756148409.0,0.0855
2025-08-25 20:00:00,1756152002.0,0.085
2025-08-25 21:00:00,1756155618.0,0.085
2025-08-25 22:00:00,1756159208.0,0.085
2025-08-25 23:00:00,1756162810.0,0.085
2025-08-26 00:00:00,1756166406.0,0.085
2025-08-26 01:00:00,1756170004.0,0.0845
2025-08-26 02:00:00,1756173610.0,0.0845
2025-08-26 03:00:00,1756177213.0,0.085
2025-08-26 04:00:00,1756180805.0,0.085
2025-08-26 05:00:00,1756184416.0,0.085
2025-08-26 06:00:00,1756188008.0,0.085
2025-08-26 07:00:00,1756191606.0,0.085
2025-08-26 08:00:00,1756195207.0,0.0845
2025-08-26 09:00:00,1756198802.0,0.085
2025-08-26 10:00:00,1756202404.0,0.084
2025-08-26 11:00:00,1756206011.0,0.091
2025-08-26 12:00:00,1756209609.0,0.0905
2025-08-26 13:00:00,1756213210.0,0.0885
2025-08-26 14:00:00,1756216818.0,0.085
2025-08-26 15:00:00,1756220417.0,0.084
2025-08-26 16:00:00,1756224010.0,0.077
2025-08-26 17:00:00,1756227612.0,0.0855
2025-08-26 18:00:00,1756231217.0,0.083
2025-08-26 19:00:00,1756234818.0,0.0855
2025-08-26 20:00:00,1756238410.0,0.087
2025-08-26 21:00:00,1756242016.0,0.095
2025-08-26 22:00:00,1756245614.0,0.095
2025-08-26 23:00:00,1756249206.0,0.095
2025-08-27 00:00:00,1756252806.0,0.095
2025-08-27 01:00:00,1756256408.0,0.095
2025-08-27 02:00:00,1756260008.0,0.095
2025-08-27 03:00:00,1756263615.0,0.095
2025-08-27 04:00:00,1756267203.0,0.0955
2025-08-27 05:00:00,1756270813.0,0.0965
2025-08-27 06:00:00,1756274410.0,0.0965
2025-08-27 07:00:00,1756278016.0,0.0965
2025-08-27 08:00:00,1756281608.0,0.0965
2025-08-27 09:00:00,1756285202.0,0.096
2025-08-27 10:00:00,1756288811.0,0.096
2025-08-27 11:00:00,1756292402.0,0.096
2025-08-27 12:00:00,1756296021.0,0.0955
2025-08-27 13:00:00,1756299613.0,0.1
2025-08-27 14:00:00,1756303210.0,0.1005
2025-08-27 15:00:00,1756306818.0,0.1005
2025-08-27 16:00:00,1756310417.0,0.0975
2025-08-27 17:00:00,1756314021.0,0.0965
2025-08-27 18:00:00,1756317605.0,0.0965
2025-08-27 19:00:00,1756321219.0,0.099
2025-08-27 20:00:00,1756324802.0,0.1015
2025-08-27 21:00:00,1756328419.0,0.0995
2025-08-27 22:00:00,1756332008.0,0.0985
2025-08-27 23:00:00,1756335609.0,0.097
2025-08-28 00:00:00,1756339209.0,0.097
2025-08-28 01:00:00,1756342805.0,0.0975
2025-08-28 02:00:00,1756346406.0,0.1
2025-08-28 03:00:00,1756350005.0,0.099
2025-08-28 04:00:00,1756353611.0,0.097
2025-08-28 05:00:00,1756357204.0,0.101
2025-08-28 06:00:00,1756360817.0,0.0995
2025-08-28 07:00:00,1756364415.0,0.101
2025-08-28 08:00:00,1756368009.0,0.1
2025-08-28 09:00:00,1756371618.0,0.098
2025-08-28 10:00:00,1756375219.0,0.101
2025-08-28 11:00:00,1756378812.0,0.0995
2025-08-28 12:00:00,1756382425.0,0.1015
2025-08-28 13:00:00,1756386016.0,0.1
2025-08-28 14:00:00,1756389610.0,0.1
2025-08-28 15:00:00,1756393217.0,0.1
2025-08-28 16:00:00,1756396820.0,0.0995
2025-08-28 17:00:00,1756400418.0,0.0995
2025-08-28 18:00:00,1756404015.0,0.0995
2025-08-28 19:00:00,1756407611.0,0.0995
2025-08-28 20:00:00,1756411218.0,0.0995
2025-08-28 21:00:00,1756414820.0,0.0995
2025-08-28 22:00:00,1756418404.0,0.0995
2025-08-28 23:00:00,1756422020.0,0.095
2025-08-29 00:00:00,1756425617.0,0.0945
2025-08-29 01:00:00,1756429210.0,0.0945
2025-08-29 02:00:00,1756432818.0,0.097
2025-08-29 03:00:00,1756436413.0,0.097
2025-08-29 04:00:00,1756440008.0,0.097
2025-08-29 05:00:00,1756443619.0,0.097
2025-08-29 06:00:00,1756447204.0,0.097
2025-08-29 07:00:00,1756450808.0,0.09
2025-08-29 08:00:00,1756454412.0,0.088
2025-08-29 09:00:00,1756458018.0,0.088
2025-08-29 10:00:00,1756461621.0,0.0875
2025-08-29 11:00:00,1756465218.0,0.087
2025-08-29 12:00:00,1756468802.0,0.085
2025-08-29 13:00:00,1756472407.0,0.085
2025-08-29 14:00:00,1756476019.0,0.0845
2025-08-29 15:00:00,1756479610.0,0.087
2025-08-29 16:00:00,1756483206.0,0.087
2025-08-29 17:00:00,1756486808.0,0.087
2025-08-29 18:00:00,1756490420.0,0.087
2025-08-29 19:00:00,1756494016.0,0.0845
2025-08-29 20:00:00,1756497622.0,0.084
2025-08-29 21:00:00,1756501220.0,0.0875
2025-08-29 22:00:00,1756504822.0,0.0865
2025-08-29 23:00:00,1756508412.0,0.087
2025-08-30 00:00:00,1756512008.0,0.0865
2025-08-30 01:00:00,1756515605.0,0.087
2025-08-30 02:00:00,1756519209.0,0.0915
2025-08-30 03:00:00,1756522819.0,0.0915
2025-08-30 04:00:00,1756526410.0,0.084
2025-08-30 05:00:00,1756530006.0,0.085
2025-08-30 06:00:00,1756533606.0,0.082
2025-08-30 07:00:00,1756537217.0,0.0805
2025-08-30 08:00:00,1756540804.0,0.0795
2025-08-30 09:00:00,1756544423.0,0.0805
2025-08-30 10:00:00,1756548019.0,0.0815
2025-08-30 11:00:00,1756551620.0,0.08
2025-08-30 12:00:00,1756555226.0,0.081
2025-08-30 13:00:00,1756558820.0,0.069
2025-08-30 14:00:00,1756562412.0,0.0735
2025-08-30 15:00:00,1756566022.0,0.074
2025-08-30 16:00:00,1756569622.0,0.074
2025-08-30 17:00:00,1756573221.0,0.074
2025-08-30 18:00:00,1756576809.0,0.0745
2025-08-30 19:00:00,1756580415.0,0.074
2025-08-30 20:00:00,1756584014.0,0.0745
2025-08-30 21:00:00,1756587622.0,0.074
2025-08-30 22:00:00,1756591215.0,0.074
2025-08-30 23:00:00,1756594802.0,0.0745
2025-08-31 00:00:00,1756598409.0,0.074
2025-08-31 01:00:00,1756602006.0,0.074
2025-08-31 02:00:00,1756605610.0,0.074
2025-08-31 03:00:00,1756609211.0,0.074
2025-08-31 04:00:00,1756612816.0,0.074
2025-08-31 05:00:00,1756616413.0,0.074
2025-08-31 06:00:00,1756620007.0,0.074
2025-08-31 07:00:00,1756623615.0,0.074
2025-08-31 08:00:00,1756627222.0,0.074
2025-08-31 09:00:00,1756630827.0,0.074
2025-08-31 10:00:00,1756634407.0,0.074
2025-08-31 11:00:00,1756638025.0,0.074
2025-08-31 12:00:00,1756641632.0,0.074
2025-08-31 13:00:00,1756645220.0,0.074
2025-08-31 14:00:00,1756648806.0,0.074
2025-08-31 15:00:00,1756652409.0,0.074
2025-08-31 16:00:00,1756656016.0,0.074
2025-08-31 17:00:00,1756659623.0,0.0745
2025-08-31 18:00:00,1756663215.0,0.074
2025-08-31 19:00:00,1756666804.0,0.0745
2025-08-31 20:00:00,1756670418.0,0.0745
2025-08-31 21:00:00,1756674004.0,0.0745
2025-08-31 22:00:00,1756677602.0,0.0745
2025-08-31 23:00:00,1756681216.0,0.0745
2025-09-01 00:00:00,1756684813.0,0.0755
2025-09-01 01:00:00,1756688406.0,0.075
2025-09-01 02:00:00,1756692016.0,0.075
2025-09-01 03:00:00,1756695608.0,0.075
2025-09-01 04:00:00,1756699211.0,0.075
2025-09-01 05:00:00,1756702804.0,0.075
2025-09-01 06:00:00,1756706418.0,0.075
2025-09-01 07:00:00,1756710011.0,0.075
2025-09-01 08:00:00,1756713605.0,0.075
2025-09-01 09:00:00,1756717212.0,0.0755
2025-09-01 10:00:00,1756720816.0,0.0755
2025-09-01 11:00:00,1756724418.0,0.075
2025-09-01 12:00:00,1756728017.0,0.075
2025-09-01 13:00:00,1756731616.0,0.075
2025-09-01 14:00:00,1756735215.0,0.0745
2025-09-01 15:00:00,1756738810.0,0.074
2025-09-01 16:00:00,1756742409.0,0.074
2025-09-01 17:00:00,1756746024.0,0.074
2025-09-01 18:00:00,1756749616.0,0.074
2025-09-01 19:00:00,1756753211.0,0.074
2025-09-01 20:00:00,1756756809.0,0.074
2025-09-01 21:00:00,1756760410.0,0.074
2025-09-01 22:00:00,1756764012.0,0.074
2025-09-01 23:00:00,1756767618.0,0.074
2025-09-02 00:00:00,1756771213.0,0.066
2025-09-02 01:00:00,1756774810.0,0.0665
2025-09-02 02:00:00,1756778410.0,0.0665
2025-09-02 03:00:00,1756782004.0,0.0665
2025-09-02 04:00:00,1756785607.0,0.0635
2025-09-02 05:00:00,1756789215.0,0.0635
2025-09-02 06:00:00,1756792815.0,0.0635
2025-09-02 07:00:00,1756796419.0,0.0635
2025-09-02 08:00:00,1756800011.0,0.0635
2025-09-02 09:00:00,1756803618.0,0.0635
2025-09-02 10:00:00,1756807220.0,0.0635
2025-09-02 11:00:00,1756810809.0,0.0635
2025-09-02 12:00:00,1756814409.0,0.0635
2025-09-02 13:00:00,1756818005.0,0.0665
2025-09-02 14:00:00,1756821615.0,0.0665
2025-09-02 15:00:00,1756825217.0,0.0665
2025-09-02 16:00:00,1756828808.0,0.0665
2025-09-02 17:00:00,1756832404.0,0.0665
2025-09-02 18:00:00,1756836006.0,0.0665
2025-09-02 19:00:00,1756839619.0,0.0665
2025-09-02 20:00:00,1756843203.0,0.0665
2025-09-02 21:00:00,1756846815.0,0.0665
2025-09-02 22:00:00,1756850419.0,0.0665
2025-09-02 23:00:00,1756854004.0,0.0665
2025-09-03 00:00:00,1756857615.0,0.0665
2025-09-03 01:00:00,1756861212.0,0.0665
2025-09-03 02:00:00,1756864805.0,0.0665
2025-09-03 03:00:00,1756868402.0,0.0665
2025-09-03 04:00:00,1756872009.0,0.0665
2025-09-03 05:00:00,1756875616.0,0.0665
2025-09-03 06:00:00,1756879214.0,0.0665
2025-09-03 07:00:00,1756882821.0,0.0665
2025-09-03 08:00:00,1756886404.0,0.0665
2025-09-03 09:00:00,1756890016.0,0.067
2025-09-03 10:00:00,1756893614.0,0.067
2025-09-03 11:00:00,1756897212.0,0.067
2025-09-03 12:00:00,1756900825.0,0.067
2025-09-03 13:00:00,1756904416.0,0.067
2025-09-03 14:00:00,1756908014.0,0.067
2025-09-03 15:00:00,1756911622.0,0.067
2025-09-03 16:00:00,1756915219.0,0.067
2025-09-03 17:00:00,1756918807.0,0.067
2025-09-03 18:00:00,1756922420.0,0.067
2025-09-03 19:00:00,1756926015.0,0.067
2025-09-03 20:00:00,1756929607.0,0.067
2025-09-03 21:00:00,1756933204.0,0.067
2025-09-03 22:00:00,1756936807.0,0.067
2025-09-03 23:00:00,1756940411.0,0.067
2025-09-04 00:00:00,1756944012.0,0.067
2025-09-04 01:00:00,1756947611.0,0.067
2025-09-04 02:00:00,1756951217.0,0.067
2025-09-04 03:00:00,1756954812.0,0.067
2025-09-04 04:00:00,1756958410.0,0.067
2025-09-04 05:00:00,1756962009.0,0.067
2025-09-04 06:00:00,1756965607.0,0.067
2025-09-04 07:00:00,1756969208.0,0.067
2025-09-04 08:00:00,1756972810.0,0.067
2025-09-04 09:00:00,1756976417.0,0.067
2025-09-04 10:00:00,1756980008.0,0.067
2025-09-04 11:00:00,1756983607.0,0.067
2025-09-04 12:00:00,1756987218.0,0.067
2025-09-04 13:00:00,1756990823.0,0.067
2025-09-04 14:00:00,1756994407.0,0.067
2025-09-04 15:00:00,1756998007.0,0.067
2025-09-04 16:00:00,1757001610.0,0.0675
2025-09-04 17:00:00,1757005215.0,0.0675
2025-09-04 18:00:00,1757008819.0,0.0675
2025-09-04 19:00:00,1757012404.0,0.0675
2025-09-04 20:00:00,1757016007.0,0.0675
2025-09-04 21:00:00,1757019613.0,0.0675
2025-09-04 22:00:00,1757023223.0,0.0675
2025-09-04 23:00:00,1757026805.0,0.107
2025-09-05 00:00:00,1757030411.0,0.109
2025-09-05 01:00:00,1757034003.0,0.11
2025-09-05 02:00:00,1757037605.0,0.11
2025-09-05 03:00:00,1757041215.0,0.11
2025-09-05 04:00:00,1757044810.0,0.11
2025-09-05 05:00:00,1757048418.0,0.11
2025-09-05 06:00:00,1757052012.0,0.11
2025-09-05 07:00:00,1757055618.0,0.11
2025-09-05 08:00:00,1757059207.0,0.11
2025-09-05 09:00:00,1757062805.0,0.11
2025-09-05 10:00:00,1757066414.0,0.111
2025-09-05 11:00:00,1757070005.0,0.11
2025-09-05 12:00:00,1757073610.0,0.109
2025-09-05 13:00:00,1757077208.0,0.11
2025-09-05 14:00:00,1757080820.0,0.109
2025-09-05 15:00:00,1757084404.0,0.1095
2025-09-05 16:00:00,1757088011.0,0.11
2025-09-05 17:00:00,1757091621.0,0.11
2025-09-05 18:00:00,1757095203.0,0.109
2025-09-05 19:00:00,1757098807.0,0.1095
2025-09-05 20:00:00,1757102419.0,0.11
2025-09-05 21:00:00,1757106012.0,0.11
2025-09-05 22:00:00,1757109614.0,0.073
2025-09-05 23:00:00,1757113202.0,0.073
2025-09-06 00:00:00,1757116819.0,0.073
2025-09-06 01:00:00,1757120415.0,0.073
2025-09-06 02:00:00,1757124003.0,0.073
2025-09-06 03:00:00,1757127619.0,0.073
2025-09-06 04:00:00,1757131207.0,0.073
2025-09-06 05:00:00,1757134812.0,0.073
2025-09-06 06:00:00,1757138408.0,0.073
2025-09-06 07:00:00,1757142017.0,0.073
2025-09-06 08:00:00,1757145611.0,0.073
2025-09-06 09:00:00,1757149212.0,0.073
2025-09-06 10:00:00,1757152812.0,0.0725
2025-09-06 11:00:00,1757156420.0,0.0735
2025-09-06 12:00:00,1757160028.0,0.0745
2025-09-06 13:00:00,1757163618.0,0.074
2025-09-06 14:00:00,1757167211.0,0.074
2025-09-06 15:00:00,1757170805.0,0.0755
2025-09-06 16:00:00,1757174417.0,0.075
2025-09-06 17:00:00,1757178023.0,0.076
2025-09-06 18:00:00,1757181622.0,0.0735
2025-09-06 19:00:00,1757185209.0,0.0735
2025-09-06 20:00:00,1757188812.0,0.074
2025-09-06 21:00:00,1757192419.0,0.072
2025-09-06 22:00:00,1757196019.0,0.0725
2025-09-06 23:00:00,1757199606.0,0.0725
2025-09-07 00:00:00,1757203214.0,0.0725
2025-09-07 01:00:00,1757206806.0,0.0725
2025-09-07 02:00:00,1757210407.0,0.0725
2025-09-07 03:00:00,1757214015.0,0.0725
2025-09-07 04:00:00,1757217612.0,0.0725
2025-09-07 05:00:00,1757221219.0,0.0725
2025-09-07 06:00:00,1757224827.0,0.0725
2025-09-07 07:00:00,1757228415.0,0.0725
2025-09-07 08:00:00,1757232016.0,0.0725
2025-09-07 09:00:00,1757235612.0,0.0725
2025-09-07 10:00:00,1757239227.0,0.0725
2025-09-07 11:00:00,1757242815.0,0.0725
2025-09-07 12:00:00,1757246420.0,0.073
2025-09-07 13:00:00,1757250012.0,0.073
2025-09-07 14:00:00,1757253612.0,0.073
2025-09-07 15:00:00,1757257216.0,0.073
2025-09-07 16:00:00,1757260815.0,0.073
2025-09-07 17:00:00,1757264404.0,0.073
2025-09-07 18:00:00,1757268009.0,0.073
2025-09-07 19:00:00,1757271618.0,0.073
2025-09-07 20:00:00,1757275212.0,0.073
2025-09-07 21:00:00,1757278813.0,0.073
2025-09-07 22:00:00,1757282408.0,0.073
2025-09-07 23:00:00,1757286016.0,0.073
2025-09-08 00:00:00,1757289604.0,0.073
2025-09-08 01:00:00,1757293209.0,0.073
2025-09-08 02:00:00,1757296814.0,0.073
2025-09-08 03:00:00,1757300408.0,0.073
2025-09-08 04:00:00,1757304009.0,0.073
2025-09-08 05:00:00,1757307614.0,0.073
2025-09-08 06:00:00,1757311216.0,0.073
2025-09-08 07:00:00,1757314807.0,0.073
2025-09-08 08:00:00,1757318422.0,0.073
2025-09-08 09:00:00,1757322025.0,0.073
2025-09-08 10:00:00,1757325616.0,0.073
2025-09-08 11:00:00,1757329202.0,0.07
2025-09-08 12:00:00,1757332802.0,0.0705
2025-09-08 13:00:00,1757336412.0,0.07
2025-09-08 14:00:00,1757340005.0,0.0705
2025-09-08 15:00:00,1757343621.0,0.0705
2025-09-08 16:00:00,1757347214.0,0.0705
2025-09-08 17:00:00,1757350815.0,0.0715
2025-09-08 18:00:00,1757354419.0,0.071
2025-09-08 19:00:00,1757358016.0,0.0745
2025-09-08 20:00:00,1757361609.0,0.07
2025-09-08 21:00:00,1757365206.0,0.0695
2025-09-08 22:00:00,1757368820.0,0.0695
2025-09-08 23:00:00,1757372405.0,0.0695
2025-09-09 00:00:00,1757376015.0,0.0695
2025-09-09 01:00:00,1757379608.0,0.0795
2025-09-09 02:00:00,1757383206.0,0.0815
2025-09-09 03:00:00,1757386817.0,0.0755
2025-09-09 04:00:00,1757390409.0,0.0755
2025-09-09 05:00:00,1757394010.0,0.075
2025-09-09 06:00:00,1757397622.0,0.0755
2025-09-09 07:00:00,1757401213.0,0.0725
2025-09-09 08:00:00,1757404814.0,0.075
2025-09-09 09:00:00,1757408429.0,0.075
2025-09-09 10:00:00,1757412021.0,0.0695
2025-09-09 11:00:00,1757415618.0,0.072
2025-09-09 12:00:00,1757419228.0,0.0745
2025-09-09 13:00:00,1757422814.0,0.074
2025-09-09 14:00:00,1757426416.0,0.0745
2025-09-09 15:00:00,1757430010.0,0.074
2025-09-09 16:00:00,1757433607.0,0.074
2025-09-09 17:00:00,1757437202.0,0.074
2025-09-09 18:00:00,1757440815.0,0.074
2025-09-09 19:00:00,1757444416.0,0.0745
2025-09-09 20:00:00,1757448010.0,0.074
2025-09-09 21:00:00,1757451606.0,0.074
2025-09-09 22:00:00,1757455219.0,0.074
2025-09-09 23:00:00,1757458806.0,0.0705
2025-09-10 00:00:00,1757462411.0,0.0675
2025-09-10 01:00:00,1757466016.0,0.0675
2025-09-10 02:00:00,1757469611.0,0.0675
2025-09-10 03:00:00,1757473223.0,0.0675
2025-09-10 04:00:00,1757476811.0,0.0675
2025-09-10 05:00:00,1757480414.0,0.0675
2025-09-10 06:00:00,1757484002.0,0.0675
2025-09-10 07:00:00,1757487617.0,0.0675
2025-09-10 08:00:00,1757491211.0,0.0675
2025-09-10 09:00:00,1757494819.0,0.0675
2025-09-10 10:00:00,1757498417.0,0.069
2025-09-10 11:00:00,1757502003.0,0.0685
2025-09-10 12:00:00,1757505619.0,0.0685
2025-09-10 13:00:00,1757509216.0,0.0685
2025-09-10 14:00:00,1757512803.0,0.0685
2025-09-10 15:00:00,1757516413.0,0.071
2025-09-10 16:00:00,1757520004.0,0.071
2025-09-10 17:00:00,1757523610.0,0.071
2025-09-10 18:00:00,1757527224.0,0.071
2025-09-10 19:00:00,1757530807.0,0.071
2025-09-10 20:00:00,1757534410.0,0.071
2025-09-10 21:00:00,1757538002.0,0.071
2025-09-10 22:00:00,1757541611.0,0.071
2025-09-10 23:00:00,1757545213.0,0.071
2025-09-11 00:00:00,1757548806.0,0.072
2025-09-11 01:00:00,1757552410.0,0.0725
2025-09-11 02:00:00,1757556012.0,0.0725
2025-09-11 03:00:00,1757559611.0,0.0725
2025-09-11 04:00:00,1757563210.0,0.071
2025-09-11 05:00:00,1757566804.0,0.071
2025-09-11 06:00:00,1757570422.0,0.0715
2025-09-11 07:00:00,1757574008.0,0.0715
2025-09-11 08:00:00,1757577612.0,0.071
2025-09-11 09:00:00,1757581228.0,0.071
2025-09-11 10:00:00,1757584811.0,0.0725
2025-09-11 11:00:00,1757588414.0,0.0725
2025-09-11 12:00:00,1757592023.0,0.0725
2025-09-11 13:00:00,1757595619.0,0.072
2025-09-11 14:00:00,1757599202.0,0.072
2025-09-11 15:00:00,1757602817.0,0.072
2025-09-11 16:00:00,1757606419.0,0.0725
2025-09-11 17:00:00,1757610012.0,0.0735
2025-09-11 18:00:00,1757613604.0,0.0735
2025-09-11 19:00:00,1757617220.0,0.0735
2025-09-11 20:00:00,1757620807.0,0.073
2025-09-11 21:00:00,1757624409.0,0.073
2025-09-11 22:00:00,1757628021.0,0.0735
2025-09-11 23:00:00,1757631610.0,0.073
2025-09-12 00:00:00,1757635212.0,0.073
2025-09-12 01:00:00,1757638817.0,0.0735
2025-09-12 02:00:00,1757642407.0,0.073
2025-09-12 03:00:00,1757646014.0,0.0735
2025-09-12 04:00:00,1757649623.0,0.0735
2025-09-12 05:00:00,1757653219.0,0.0735
2025-09-12 06:00:00,1757656814.0,0.0735
2025-09-12 07:00:00,1757660414.0,0.0735
2025-09-12 08:00:00,1757664021.0,0.0735
2025-09-12 09:00:00,1757667612.0,0.074
2025-09-12 10:00:00,1757671204.0,0.074
2025-09-12 11:00:00,1757674817.0,0.074
2025-09-12 12:00:00,1757678415.0,0.0735
2025-09-12 13:00:00,1757682020.0,0.0735
2025-09-12 14:00:00,1757685625.0,0.0745
2025-09-12 15:00:00,1757689214.0,0.074
2025-09-12 16:00:00,1757692813.0,0.074
2025-09-12 17:00:00,1757696414.0,0.074
2025-09-12 18:00:00,1757700032.0,0.074
2025-09-12 19:00:00,1757703612.0,0.0625
2025-09-12 20:00:00,1757707204.0,0.0625
2025-09-12 21:00:00,1757710803.0,0.0625
2025-09-12 22:00:00,1757714415.0,0.0625
2025-09-12 23:00:00,1757718008.0,0.0625
2025-09-13 00:00:00,1757721604.0,0.0625
2025-09-13 01:00:00,1757725208.0,0.0625
2025-09-13 02:00:00,1757728808.0,0.0625
2025-09-13 03:00:00,1757732410.0,0.063
2025-09-13 04:00:00,1757736021.0,0.063
2025-09-13 05:00:00,1757739607.0,0.063
2025-09-13 06:00:00,1757743224.0,0.063
2025-09-13 07:00:00,1757746812.0,0.063
2025-09-13 08:00:00,1757750404.0,0.063
2025-09-13 09:00:00,1757754025.0,0.063
2025-09-13 10:00:00,1757757606.0,0.0625
2025-09-13 11:00:00,1757761211.0,0.0625
2025-09-13 12:00:00,1757764810.0,0.0625
2025-09-13 13:00:00,1757768409.0,0.0625
2025-09-13 14:00:00,1757772017.0,0.0625
2025-09-13 15:00:00,1757775613.0,0.0625
2025-09-13 16:00:00,1757779220.0,0.0625
2025-09-13 17:00:00,1757782826.0,0.0625
2025-09-13 18:00:00,1757786405.0,0.0625
2025-09-13 19:00:00,1757790013.0,0.0625
2025-09-13 20:00:00,1757793610.0,0.0625
2025-09-13 21:00:00,1757797218.0,0.0625
2025-09-13 22:00:00,1757800814.0,0.0625
2025-09-13 23:00:00,1757804418.0,0.0625
2025-09-14 00:00:00,1757808013.0,0.0625
2025-09-14 01:00:00,1757811604.0,0.0625
2025-09-14 02:00:00,1757815210.0,0.0625
2025-09-14 03:00:00,1757818821.0,0.0625
2025-09-14 04:00:00,1757822417.0,0.0625
2025-09-14 05:00:00,1757826020.0,0.0625
2025-09-14 06:00:00,1757829603.0,0.0625
2025-09-14 07:00:00,1757833219.0,0.0625
2025-09-14 08:00:00,1757836808.0,0.0625
2025-09-14 09:00:00,1757840421.0,0.0625
2025-09-14 10:00:00,1757844005.0,0.0625
2025-09-14 11:00:00,1757847615.0,0.0625
2025-09-14 12:00:00,1757851228.0,0.0625
2025-09-14 13:00:00,1757854821.0,0.0625
2025-09-14 14:00:00,1757858412.0,0.0625
2025-09-14 15:00:00,1757862007.0,0.0625
2025-09-14 16:00:00,1757865613.0,0.0625
2025-09-14 17:00:00,1757869212.0,0.0625
2025-09-14 18:00:00,1757872818.0,0.0625
2025-09-14 19:00:00,1757876404.0,0.0625
2025-09-14 20:00:00,1757880002.0,0.0625
2025-09-14 21:00:00,1757883615.0,0.0625
2025-09-14 22:00:00,1757887218.0,0.0625
2025-09-14 23:00:00,1757890809.0,0.0625
2025-09-15 00:00:00,1757894414.0,0.0625
2025-09-15 01:00:00,1757898003.0,0.0625
2025-09-15 02:00:00,1757901607.0,0.0625
2025-09-15 03:00:00,1757905226.0,0.0625
2025-09-15 04:00:00,1757908803.0,0.0625
2025-09-15 05:00:00,1757912404.0,0.0625
2025-09-15 06:00:00,1757916004.0,0.0625
2025-09-15 07:00:00,1757919607.0,0.0625
2025-09-15 08:00:00,1757923209.0,0.062
2025-09-15 09:00:00,1757926811.0,0.0665
2025-09-15 10:00:00,1757930418.0,0.0625
2025-09-15 11:00:00,1757934010.0,0.0625
2025-09-15 12:00:00,1757937625.0,0.0625
2025-09-15 13:00:00,1757941219.0,0.0625
2025-09-15 14:00:00,1757944820.0,0.0625
2025-09-15 15:00:00,1757948411.0,0.0625
2025-09-15 16:00:00,1757952002.0,0.0625
2025-09-15 17:00:00,1757955624.0,0.0625
2025-09-15 18:00:00,1757959216.0,0.0625
2025-09-15 19:00:00,1757962817.0,0.052
2025-09-15 20:00:00,1757966410.0,0.062
2025-09-15 21:00:00,1757970009.0,0.062
2025-09-15 22:00:00,1757973615.0,0.062
2025-09-15 23:00:00,1757977211.0,0.128
2025-09-16 00:00:00,1757980823.0,0.0965
2025-09-16 01:00:00,1757984418.0,0.0965
2025-09-16 02:00:00,1757988008.0,0.0825
2025-09-16 03:00:00,1757991612.0,0.0825
2025-09-16 04:00:00,1757995222.0,0.0825
2025-09-16 05:00:00,1757998817.0,0.0825
2025-09-16 06:00:00,1758002414.0,0.0825
2025-09-16 07:00:00,1758006019.0,0.079
2025-09-16 08:00:00,1758009618.0,0.0715
2025-09-16 09:00:00,1758013234.0,0.076
2025-09-16 10:00:00,1758016822.0,0.078
2025-09-16 11:00:00,1758020421.0,0.072
2025-09-16 12:00:00,1758024023.0,0.0765
2025-09-16 13:00:00,1758027617.0,0.0755
2025-09-16 14:00:00,1758031216.0,0.0755
2025-09-16 15:00:00,1758034819.0,0.0755
2025-09-16 16:00:00,1758038402.0,0.076
2025-09-16 17:00:00,1758042024.0,0.0775
2025-09-16 18:00:00,1758045622.0,0.0745
2025-09-16 19:00:00,1758049208.0,0.076
2025-09-16 20:00:00,1758052815.0,0.0765
2025-09-16 21:00:00,1758056427.0,0.08
2025-09-16 22:00:00,1758060014.0,0.0845
2025-09-16 23:00:00,1758063614.0,0.0855
2025-09-17 00:00:00,1758067220.0,0.089
2025-09-17 01:00:00,1758070811.0,0.089
2025-09-17 02:00:00,1758074407.0,0.089
2025-09-17 03:00:00,1758078025.0,0.0885
2025-09-17 04:00:00,1758081602.0,0.089
2025-09-17 05:00:00,1758085210.0,0.0885
2025-09-17 06:00:00,1758088826.0,0.0885
2025-09-17 07:00:00,1758092411.0,0.0885
2025-09-17 08:00:00,1758096010.0,0.0925
2025-09-17 09:00:00,1758099627.0,0.0925
2025-09-17 10:00:00,1758103215.0,0.0925
2025-09-17 11:00:00,1758106809.0,0.093
2025-09-17 12:00:00,1758110421.0,0.093
2025-09-17 13:00:00,1758114014.0,0.0925
2025-09-17 14:00:00,1758117602.0,0.0925
2025-09-17 15:00:00,1758121217.0,0.0925
2025-09-17 16:00:00,1758124821.0,0.0925
2025-09-17 17:00:00,1758128416.0,0.0925
2025-09-17 18:00:00,1758132242.0,0.0925
2025-09-17 19:00:00,1758135610.0,0.1015
2025-09-17 20:00:00,1758139205.0,0.155
2025-09-17 21:00:00,1758142806.0,0.15
2025-09-17 22:00:00,1758146403.0,0.138
2025-09-17 23:00:00,1758150002.0,0.1435
2025-09-18 00:00:00,1758153602.0,0.1435
2025-09-18 01:00:00,1758157213.0,0.142
2025-09-18 02:00:00,1758160809.0,0.1385
2025-09-18 03:00:00,1758164414.0,0.1465
2025-09-18 04:00:00,1758168015.0,0.1455
2025-09-18 05:00:00,1758171611.0,0.1455
2025-09-18 06:00:00,1758175218.0,0.1455
2025-09-18 07:00:00,1758178812.0,0.1455
2025-09-18 08:00:00,1758182405.0,0.1455
2025-09-18 09:00:00,1758186019.0,0.1445
2025-09-18 10:00:00,1758189605.0,0.16
2025-09-18 11:00:00,1758193211.0,0.1925
2025-09-18 12:00:00,1758196816.0,0.1905
2025-09-18 13:00:00,1758200415.0,0.1905
2025-09-18 14:00:00,1758204014.0,0.1895
2025-09-18 15:00:00,1758207621.0,0.17
2025-09-18 16:00:00,1758211204.0,0.1685
2025-09-18 17:00:00,1758214804.0,0.169
2025-09-18 18:00:00,1758218406.0,0.169
2025-09-18 19:00:00,1758222013.0,0.169
2025-09-18 20:00:00,1758225619.0,0.1685
2025-09-18 21:00:00,1758229206.0,0.169
2025-09-18 22:00:00,1758232805.0,0.169
2025-09-18 23:00:00,1758236412.0,0.168
2025-09-19 00:00:00,1758240018.0,0.169
2025-09-19 01:00:00,1758243612.0,0.169
2025-09-19 02:00:00,1758247205.0,0.169
2025-09-19 03:00:00,1758250813.0,0.164
2025-09-19 04:00:00,1758254415.0,0.164
2025-09-19 05:00:00,1758258016.0,0.165
2025-09-19 06:00:00,1758261617.0,0.164
2025-09-19 07:00:00,1758265209.0,0.1495
2025-09-19 08:00:00,1758268816.0,0.1495
2025-09-19 09:00:00,1758272423.0,0.1495
2025-09-19 10:00:00,1758276006.0,0.1495
2025-09-19 11:00:00,1758279612.0,0.1495
2025-09-19 12:00:00,1758283225.0,0.1495
2025-09-19 13:00:00,1758286805.0,0.1495
2025-09-19 14:00:00,1758290409.0,0.1495
2025-09-19 15:00:00,1758294022.0,0.1495
2025-09-19 16:00:00,1758297607.0,0.1675
2025-09-19 17:00:00,1758301224.0,0.165
2025-09-19 18:00:00,1758304804.0,0.1655
2025-09-19 19:00:00,1758308405.0,0.1665
2025-09-19 20:00:00,1758312013.0,0.1655
2025-09-19 21:00:00,1758315624.0,0.1585
2025-09-19 22:00:00,1758319217.0,0.1485
2025-09-19 23:00:00,1758322805.0,0.1485
2025-09-20 00:00:00,1758326413.0,0.1485
2025-09-20 01:00:00,1758330017.0,0.148
2025-09-20 02:00:00,1758333609.0,0.148
2025-09-20 03:00:00,1758337216.0,0.148
2025-09-20 04:00:00,1758340809.0,0.1475
2025-09-20 05:00:00,1758344410.0,0.147
2025-09-20 06:00:00,1758348004.0,0.1475
2025-09-20 07:00:00,1758351609.0,0.145
2025-09-20 08:00:00,1758355213.0,0.144
2025-09-20 09:00:00,1758358828.0,0.144
2025-09-20 10:00:00,1758362418.0,0.1475
2025-09-20 11:00:00,1758366002.0,0.148
2025-09-20 12:00:00,1758369622.0,0.1445
2025-09-20 13:00:00,1758373210.0,0.1445
2025-09-20 14:00:00,1758376807.0,0.141
2025-09-20 15:00:00,1758380420.0,0.144
2025-09-20 16:00:00,1758384018.0,0.144
2025-09-20 17:00:00,1758387621.0,0.1435
2025-09-20 18:00:00,1758391207.0,0.135
2025-09-20 19:00:00,1758394804.0,0.135
2025-09-20 20:00:00,1758398415.0,0.135
2025-09-20 21:00:00,1758402016.0,0.135
2025-09-20 22:00:00,1758405615.0,0.135
2025-09-20 23:00:00,1758409217.0,0.135
2025-09-21 00:00:00,1758412806.0,0.135
2025-09-21 01:00:00,1758416412.0,0.135
2025-09-21 02:00:00,1758420008.0,0.135
2025-09-21 03:00:00,1758423607.0,0.135
2025-09-21 04:00:00,1758427204.0,0.135
2025-09-21 05:00:00,1758430802.0,0.135
2025-09-21 06:00:00,1758434417.0,0.135
2025-09-21 07:00:00,1758438012.0,0.135
2025-09-21 08:00:00,1758441615.0,0.1345
2025-09-21 09:00:00,1758445204.0,0.135
2025-09-21 10:00:00,1758448804.0,0.135
2025-09-21 11:00:00,1758452402.0,0.1355
2025-09-21 12:00:00,1758456018.0,0.1355
2025-09-21 13:00:00,1758459608.0,0.1355
2025-09-21 14:00:00,1758463220.0,0.1355
2025-09-21 15:00:00,1758466817.0,0.1355
2025-09-21 16:00:00,1758470422.0,0.1355
2025-09-21 17:00:00,1758474012.0,0.1355
2025-09-21 18:00:00,1758477623.0,0.133
2025-09-21 19:00:00,1758481202.0,0.133
2025-09-21 20:00:00,1758484820.0,0.133
2025-09-21 21:00:00,1758488423.0,0.133
2025-09-21 22:00:00,1758492004.0,0.138
2025-09-21 23:00:00,1758495619.0,0.138
2025-09-22 00:00:00,1758499214.0,0.133
2025-09-22 01:00:00,1758502802.0,0.1325
2025-09-22 02:00:00,1758506415.0,0.131
2025-09-22 03:00:00,1758510011.0,0.13
2025-09-22 04:00:00,1758513620.0,0.13
2025-09-22 05:00:00,1758517207.0,0.13
2025-09-22 06:00:00,1758520820.0,0.13
2025-09-22 07:00:00,1758524421.0,0.13
2025-09-22 08:00:00,1758528012.0,0.13
2025-09-22 09:00:00,1758531611.0,0.13
2025-09-22 10:00:00,1758535217.0,0.1295
2025-09-22 11:00:00,1758538819.0,0.1295
2025-09-22 12:00:00,1758542423.0,0.1295
2025-09-22 13:00:00,1758546007.0,0.1275
2025-09-22 14:00:00,1758549613.0,0.1275
2025-09-22 15:00:00,1758553207.0,0.1275
2025-09-22 16:00:00,1758556819.0,0.1275
2025-09-22 17:00:00,1758560412.0,0.13
2025-09-22 18:00:00,1758564007.0,0.1315
2025-09-22 19:00:00,1758567611.0,0.1315
2025-09-22 20:00:00,1758571219.0,0.1315
2025-09-22 21:00:00,1758574817.0,0.1315
2025-09-22 22:00:00,1758578412.0,0.1315
2025-09-22 23:00:00,1758582020.0,0.1315
2025-09-23 00:00:00,1758585612.0,0.1315
2025-09-23 01:00:00,1758589212.0,0.1315
2025-09-23 02:00:00,1758592816.0,0.1315
2025-09-23 03:00:00,1758596410.0,0.1315
2025-09-23 04:00:00,1758600016.0,0.1315
2025-09-23 05:00:00,1758603606.0,0.1315
2025-09-23 06:00:00,1758607202.0,0.1315
2025-09-23 07:00:00,1758610816.0,0.1335
2025-09-23 08:00:00,1758614417.0,0.1335
2025-09-23 09:00:00,1758618008.0,0.134
2025-09-23 10:00:00,1758621606.0,0.1335
2025-09-23 11:00:00,1758625204.0,0.134
2025-09-23 12:00:00,1758628817.0,0.1335
2025-09-23 13:00:00,1758632423.0,0.1335
2025-09-23 14:00:00,1758636012.0,0.1445
2025-09-23 15:00:00,1758639612.0,0.145
2025-09-23 16:00:00,1758643202.0,0.145
2025-09-23 17:00:00,1758646821.0,0.145
2025-09-23 18:00:00,1758650406.0,0.145
2025-09-23 19:00:00,1758654017.0,0.1445
2025-09-23 20:00:00,1758657612.0,0.1445
2025-09-23 21:00:00,1758661219.0,0.145
2025-09-23 22:00:00,1758664819.0,0.142
2025-09-23 23:00:00,1758668410.0,0.142
2025-09-24 00:00:00,1758672009.0,0.142
2025-09-24 01:00:00,1758675612.0,0.1435
2025-09-24 02:00:00,1758679209.0,0.143
2025-09-24 03:00:00,1758682823.0,0.153
2025-09-24 04:00:00,1758686418.0,0.154
2025-09-24 05:00:00,1758690022.0,0.153
2025-09-24 06:00:00,1758693611.0,0.154
2025-09-24 07:00:00,1758697212.0,0.153
2025-09-24 08:00:00,1758700818.0,0.153
2025-09-24 09:00:00,1758704402.0,0.152
2025-09-24 10:00:00,1758708005.0,0.15
2025-09-24 11:00:00,1758711605.0,0.15
2025-09-24 12:00:00,1758715211.0,0.152
2025-09-24 13:00:00,1758718806.0,0.1515
2025-09-24 14:00:00,1758722413.0,0.1505
2025-09-24 15:00:00,1758726014.0,0.152
2025-09-24 16:00:00,1758729610.0,0.1515
2025-09-24 17:00:00,1758733211.0,0.151
2025-09-24 18:00:00,1758736812.0,0.1515
2025-09-24 19:00:00,1758740404.0,0.1555
2025-09-24 20:00:00,1758744010.0,0.155
2025-09-24 21:00:00,1758747611.0,0.155
2025-09-24 22:00:00,1758751211.0,0.155
2025-09-24 23:00:00,1758754805.0,0.1555
2025-09-25 00:00:00,1758758405.0,0.155
2025-09-25 01:00:00,1758762004.0,0.155
2025-09-25 02:00:00,1758765605.0,0.155
2025-09-25 03:00:00,1758769214.0,0.151
2025-09-25 04:00:00,1758772807.0,0.151
2025-09-25 05:00:00,1758776413.0,0.151
2025-09-25 06:00:00,1758780007.0,0.151
2025-09-25 07:00:00,1758783605.0,0.151
2025-09-25 08:00:00,1758787214.0,0.151
2025-09-25 09:00:00,1758790808.0,0.151
2025-09-25 10:00:00,1758794409.0,0.151
2025-09-25 11:00:00,1758798003.0,0.151
2025-09-25 12:00:00,1758801618.0,0.151
2025-09-25 13:00:00,1758805207.0,0.151
2025-09-25 14:00:00,1758808808.0,0.151
2025-09-25 15:00:00,1758812403.0,0.151
2025-09-25 16:00:00,1758816011.0,0.151
2025-09-25 17:00:00,1758819608.0,0.1495
2025-09-25 18:00:00,1758823206.0,0.1515
2025-09-25 19:00:00,1758826814.0,0.151
2025-09-25 20:00:00,1758830411.0,0.1495
2025-09-25 21:00:00,1758834008.0,0.1515
2025-09-25 22:00:00,1758837611.0,0.1505
2025-09-25 23:00:00,1758841203.0,0.151
2025-09-26 00:00:00,1758844812.0,0.151
2025-09-26 01:00:00,1758848411.0,0.151
2025-09-26 02:00:00,1758852012.0,0.15
2025-09-26 03:00:00,1758855603.0,0.148
2025-09-26 04:00:00,1758859212.0,0.1495
2025-09-26 05:00:00,1758862811.0,0.151
2025-09-26 06:00:00,1758866416.0,0.1515
2025-09-26 07:00:00,1758870008.0,0.151
2025-09-26 08:00:00,1758873603.0,0.149
2025-09-26 09:00:00,1758877216.0,0.15
2025-09-26 10:00:00,1758880808.0,0.151
2025-09-26 11:00:00,1758884413.0,0.1515
2025-09-26 12:00:00,1758888019.0,0.1515
2025-09-26 13:00:00,1758891607.0,0.1515
2025-09-26 14:00:00,1758895204.0,0.1515
2025-09-26 15:00:00,1758898805.0,0.1515
2025-09-26 16:00:00,1758902415.0,0.151
2025-09-26 17:00:00,1758906015.0,0.1465
2025-09-26 18:00:00,1758909605.0,0.1465
2025-09-26 19:00:00,1758913212.0,0.1465
2025-09-26 20:00:00,1758916807.0,0.1465
2025-09-26 21:00:00,1758920407.0,0.1465
2025-09-26 22:00:00,1758924017.0,0.1465
2025-09-26 23:00:00,1758927603.0,0.1465
2025-09-27 00:00:00,1758931211.0,0.1465
2025-09-27 01:00:00,1758934809.0,0.1465
2025-09-27 02:00:00,1758938409.0,0.146
2025-09-27 03:00:00,1758942005.0,0.146
2025-09-27 04:00:00,1758945614.0,0.146
2025-09-27 05:00:00,1758949213.0,0.146
2025-09-27 06:00:00,1758952813.0,0.146
2025-09-27 07:00:00,1758956410.0,0.146
2025-09-27 08:00:00,1758960007.0,0.151
2025-09-27 09:00:00,1758963610.0,0.151
2025-09-27 10:00:00,1758967216.0,0.151
2025-09-27 11:00:00,1758970808.0,0.151
2025-09-27 12:00:00,1758974415.0,0.1495
2025-09-27 13:00:00,1758978005.0,0.1495
2025-09-27 14:00:00,1758981616.0,0.148
2025-09-27 15:00:00,1758985203.0,0.151
2025-09-27 16:00:00,1758988804.0,0.1505
2025-09-27 17:00:00,1758992409.0,0.151
2025-09-27 18:00:00,1758996017.0,0.1505
2025-09-27 19:00:00,1758999608.0,0.15
2025-09-27 20:00:00,1759003208.0,0.15
2025-09-27 21:00:00,1759006805.0,0.148
2025-09-27 22:00:00,1759010410.0,0.147
2025-09-27 23:00:00,1759014007.0,0.147
2025-09-28 00:00:00,1759017612.0,0.147
2025-09-28 01:00:00,1759021203.0,0.147
2025-09-28 02:00:00,1759024812.0,0.147
2025-09-28 03:00:00,1759028412.0,0.147
2025-09-28 04:00:00,1759032005.0,0.1495
2025-09-28 05:00:00,1759035616.0,0.1495
2025-09-28 06:00:00,1759039217.0,0.1495
2025-09-28 07:00:00,1759042814.0,0.1495
2025-09-28 08:00:00,1759046408.0,0.1505
2025-09-28 09:00:00,1759050011.0,0.1505
2025-09-28 10:00:00,1759053617.0,0.151
2025-09-28 11:00:00,1759057214.0,0.151
2025-09-28 12:00:00,1759060812.0,0.151
2025-09-28 13:00:00,1759064408.0,0.151
2025-09-28 14:00:00,1759068005.0,0.151
2025-09-28 15:00:00,1759071604.0,0.149
2025-09-28 16:00:00,1759075212.0,0.15
2025-09-28 17:00:00,1759078814.0,0.15
2025-09-28 18:00:00,1759082413.0,0.15
2025-09-28 19:00:00,1759086011.0,0.147
2025-09-28 20:00:00,1759089614.0,0.1475
2025-09-28 21:00:00,1759093205.0,0.146
2025-09-28 22:00:00,1759096815.0,0.146
2025-09-28 23:00:00,1759100407.0,0.15
2025-09-29 00:00:00,1759104008.0,0.149
2025-09-29 01:00:00,1759107605.0,0.1475
2025-09-29 02:00:00,1759111205.0,0.1485
2025-09-29 03:00:00,1759114812.0,0.1485
2025-09-29 04:00:00,1759118406.0,0.149
2025-09-29 05:00:00,1759122011.0,0.1485
2025-09-29 06:00:00,1759125605.0,0.149
2025-09-29 07:00:00,1759129212.0,0.149
2025-09-29 08:00:00,1759132807.0,0.149
2025-09-29 09:00:00,1759136413.0,0.1485
2025-09-29 10:00:00,1759140013.0,0.149
2025-09-29 11:00:00,1759143608.0,0.1485
2025-09-29 12:00:00,1759147209.0,0.1475
2025-09-29 13:00:00,1759150806.0,0.1475
2025-09-29 14:00:00,1759154406.0,0.147
2025-09-29 15:00:00,1759158004.0,0.148
2025-09-29 16:00:00,1759161607.0,0.148
2025-09-29 17:00:00,1759165207.0,0.1405
2025-09-29 18:00:00,1759168807.0,0.141
2025-09-29 19:00:00,1759172404.0,0.1405
2025-09-29 20:00:00,1759176011.0,0.1405
2025-09-29 21:00:00,1759179608.0,0.1405
2025-09-29 22:00:00,1759183203.0,0.1405
2025-09-29 23:00:00,1759186812.0,0.1405
2025-09-30 00:00:00,1759190405.0,0.1405
2025-09-30 01:00:00,1759194012.0,0.1405
2025-09-30 02:00:00,1759197605.0,0.1405
2025-09-30 03:00:00,1759201211.0,0.1405
2025-09-30 04:00:00,1759204804.0,0.1405
2025-09-30 05:00:00,1759208410.0,0.1405
2025-09-30 06:00:00,1759212004.0,0.1405
2025-09-30 07:00:00,1759215608.0,0.1405
2025-09-30 08:00:00,1759219207.0,0.1405
2025-09-30 09:00:00,1759222812.0,0.1405
2025-09-30 10:00:00,1759226405.0,0.1405
2025-09-30 11:00:00,1759230009.0,0.1405
2025-09-30 12:00:00,1759233608.0,0.1405
2025-09-30 13:00:00,1759237206.0,0.1405
2025-09-30 14:00:00,1759240814.0,0.1405
2025-09-30 15:00:00,1759244412.0,0.1305
2025-09-30 16:00:00,1759248003.0,0.13
2025-09-30 17:00:00,1759251613.0,0.128
2025-09-30 18:00:00,1759255207.0,0.1275
2025-09-30 19:00:00,1759258813.0,0.1275
2025-09-30 20:00:00,1759262406.0,0.127
2025-09-30 21:00:00,1759266014.0,0.127
2025-09-30 22:00:00,1759269602.0,0.1285
2025-09-30 23:00:00,1759273210.0,0.1325
2025-10-01 00:00:00,1759276804.0,0.1315
2025-10-01 01:00:00,1759280409.0,0.128
2025-10-01 02:00:00,1759284012.0,0.128
2025-10-01 03:00:00,1759287602.0,0.128
2025-10-01 04:00:00,1759291211.0,0.128
2025-10-01 05:00:00,1759294802.0,0.128
2025-10-01 06:00:00,1759298409.0,0.128
2025-10-01 07:00:00,1759302007.0,0.128
2025-10-01 08:00:00,1759305605.0,0.128
2025-10-01 09:00:00,1759309203.0,0.128
2025-10-01 10:00:00,1759312803.0,0.128
2025-10-01 11:00:00,1759316410.0,0.128
2025-10-01 12:00:00,1759320011.0,0.128
2025-10-01 13:00:00,1759323608.0,0.128
2025-10-01 14:00:00,1759327208.0,0.128
2025-10-01 15:00:00,1759330805.0,0.128
2025-10-01 16:00:00,1759334406.0,0.128
2025-10-01 17:00:00,1759338013.0,0.128
2025-10-01 18:00:00,1759341609.0,0.128
2025-10-01 19:00:00,1759345210.0,0.128
2025-10-01 20:00:00,1759348812.0,0.128
2025-10-01 21:00:00,1759352412.0,0.128
2025-10-01 22:00:00,1759356010.0,0.128
2025-10-01 23:00:00,1759359610.0,0.128
2025-10-02 00:00:00,1759363206.0,0.127
2025-10-02 01:00:00,1759366806.0,0.127
2025-10-02 02:00:00,1759370407.0,0.127
2025-10-02 03:00:00,1759374005.0,0.127
2025-10-02 04:00:00,1759377608.0,0.127
2025-10-02 05:00:00,1759381206.0,0.127
2025-10-02 06:00:00,1759384809.0,0.127
2025-10-02 07:00:00,1759388408.0,0.127
2025-10-02 08:00:00,1759392010.0,0.127
2025-10-02 09:00:00,1759395605.0,0.127
2025-10-02 10:00:00,1759399208.0,0.127
2025-10-02 11:00:00,1759402804.0,0.1265
2025-10-02 12:00:00,1759406413.0,0.127
2025-10-02 13:00:00,1759410002.0,0.127
2025-10-02 14:00:00,1759413608.0,0.127
2025-10-02 15:00:00,1759417206.0,0.127
2025-10-02 16:00:00,1759420804.0,0.127
2025-10-02 17:00:00,1759424410.0,0.127
2025-10-02 18:00:00,1759428015.0,0.127
2025-10-02 19:00:00,1759431612.0,0.127
2025-10-02 20:00:00,1759435203.0,0.127
2025-10-02 21:00:00,1759438814.0,0.136
2025-10-02 22:00:00,1759442411.0,0.135
2025-10-02 23:00:00,1759446003.0,0.1355
2025-10-03 00:00:00,1759449604.0,0.1355
2025-10-03 01:00:00,1759453205.0,0.139
2025-10-03 02:00:00,1759456803.0,0.1375
2025-10-03 03:00:00,1759460408.0,0.1385
2025-10-03 04:00:00,1759464006.0,0.1375
2025-10-03 05:00:00,1759467613.0,0.138
2025-10-03 06:00:00,1759471213.0,0.138
2025-10-03 07:00:00,1759474803.0,0.1375
2025-10-03 08:00:00,1759478404.0,0.1375
2025-10-03 09:00:00,1759482009.0,0.1375
2025-10-03 10:00:00,1759485603.0,0.1375
2025-10-03 11:00:00,1759489202.0,0.1375
2025-10-03 12:00:00,1759492811.0,0.1375
2025-10-03 13:00:00,1759496403.0,0.1375
2025-10-03 14:00:00,1759500003.0,0.098
2025-10-03 15:00:00,1759503609.0,0.0955
2025-10-03 16:00:00,1759507204.0,0.095
2025-10-03 17:00:00,1759510811.0,0.0955
2025-10-03 18:00:00,1759514406.0,0.095
2025-10-03 19:00:00,1759518008.0,0.095
2025-10-03 20:00:00,1759521603.0,0.094
2025-10-03 21:00:00,1759525206.0,0.094
2025-10-03 22:00:00,1759528804.0,0.09
2025-10-03 23:00:00,1759532405.0,0.088
2025-10-04 00:00:00,1759536006.0,0.088
2025-10-04 01:00:00,1759539605.0,0.088
2025-10-04 02:00:00,1759543205.0,0.088
2025-10-04 03:00:00,1759546805.0,0.088
2025-10-04 04:00:00,1759550403.0,0.088
2025-10-04 05:00:00,1759554003.0,0.088
2025-10-04 06:00:00,1759557604.0,0.088
2025-10-04 07:00:00,1759561208.0,0.088
2025-10-04 08:00:00,1759564805.0,0.088
2025-10-04 09:00:00,1759568404.0,0.088
2025-10-04 10:00:00,1759572003.0,0.088
2025-10-04 11:00:00,1759575608.0,0.0885
2025-10-04 12:00:00,1759579217.0,0.088
2025-10-04 13:00:00,1759582802.0,0.0865
2025-10-04 14:00:00,1759586407.0,0.113
2025-10-04 15:00:00,1759590004.0,0.1135
2025-10-04 16:00:00,1759593608.0,0.113
2025-10-04 17:00:00,1759597210.0,0.088
2025-10-04 18:00:00,1759600805.0,0.112
2025-10-04 19:00:00,1759604402.0,0.1075
2025-10-04 20:00:00,1759608007.0,0.098
2025-10-04 21:00:00,1759611605.0,0.0915
2025-10-04 22:00:00,1759615208.0,0.1
2025-10-04 23:00:00,1759618808.0,0.1155
2025-10-05 00:00:00,1759622405.0,0.106
2025-10-05 01:00:00,1759626006.0,0.1005
2025-10-05 02:00:00,1759629604.0,0.101
2025-10-05 03:00:00,1759633206.0,0.105
2025-10-05 04:00:00,1759636803.0,0.111
2025-10-05 05:00:00,1759640407.0,0.1005
2025-10-05 06:00:00,1759644005.0,0.1115
2025-10-05 07:00:00,1759647604.0,0.118
2025-10-05 08:00:00,1759651203.0,0.1175
2025-10-05 09:00:00,1759654809.0,0.108
2025-10-05 10:00:00,1759658406.0,0.103
2025-10-05 11:00:00,1759662002.0,0.1175
2025-10-05 12:00:00,1759665610.0,0.088
2025-10-05 13:00:00,1759669207.0,0.088
2025-10-05 14:00:00,1759672803.0,0.0885
2025-10-05 15:00:00,1759676409.0,0.089
2025-10-05 16:00:00,1759680007.0,0.0875
2025-10-05 17:00:00,1759683612.0,0.088
2025-10-05 18:00:00,1759687210.0,0.088
2025-10-05 19:00:00,1759690809.0,0.092
2025-10-05 20:00:00,1759694405.0,0.0895
2025-10-05 21:00:00,1759698006.0,0.0875
2025-10-05 22:00:00,1759701606.0,0.091
2025-10-05 23:00:00,1759705205.0,0.091
2025-10-06 00:00:00,1759708807.0,0.091
2025-10-06 01:00:00,1759712402.0,0.09
2025-10-06 02:00:00,1759716003.0,0.091
2025-10-06 03:00:00,1759719611.0,0.09
2025-10-06 04:00:00,1759723208.0,0.089
2025-10-06 05:00:00,1759726806.0,0.09
2025-10-06 06:00:00,1759730402.0,0.09
2025-10-06 07:00:00,1759734013.0,0.0975
2025-10-06 08:00:00,1759737607.0,0.0975
2025-10-06 09:00:00,1759741202.0,0.098
2025-10-06 10:00:00,1759744805.0,0.0975
2025-10-06 11:00:00,1759748404.0,0.099
2025-10-06 12:00:00,1759752008.0,0.118
2025-10-06 13:00:00,1759755607.0,0.104
2025-10-06 14:00:00,1759759205.0,0.1045
2025-10-06 15:00:00,1759762808.0,0.1055
2025-10-06 16:00:00,1759766405.0,0.1045
2025-10-06 17:00:00,1759770008.0,0.1045
2025-10-06 18:00:00,1759773607.0,0.1015
2025-10-06 19:00:00,1759777204.0,0.105
2025-10-06 20:00:00,1759780806.0,0.1135
2025-10-06 21:00:00,1759784406.0,0.1155
2025-10-06 22:00:00,1759788012.0,0.113
2025-10-06 23:00:00,1759791604.0,0.106
2025-10-07 00:00:00,1759795211.0,0.115
2025-10-07 01:00:00,1759798805.0,0.116
2025-10-07 02:00:00,1759802407.0,0.1065
2025-10-07 03:00:00,1759806014.0,0.1
2025-10-07 04:00:00,1759809607.0,0.101
2025-10-07 05:00:00,1759813208.0,0.103
2025-10-07 06:00:00,1759816810.0,0.11
2025-10-07 07:00:00,1759820406.0,0.108
2025-10-07 08:00:00,1759824002.0,0.101
2025-10-07 09:00:00,1759827602.0,0.105
2025-10-07 10:00:00,1759831213.0,0.11
2025-10-07 11:00:00,1759834810.0,0.1
2025-10-07 12:00:00,1759838407.0,0.105
2025-10-07 13:00:00,1759842005.0,0.109
2025-10-07 14:00:00,1759845612.0,0.109
2025-10-07 15:00:00,1759849217.0,0.1075
2025-10-07 16:00:00,1759852806.0,0.1025
2025-10-07 17:00:00,1759856404.0,0.107
2025-10-07 18:00:00,1759860017.0,0.108
2025-10-07 19:00:00,1759863603.0,0.103
2025-10-07 20:00:00,1759867205.0,0.105
2025-10-07 21:00:00,1759870806.0,0.096
2025-10-07 22:00:00,1759874407.0,0.0915
2025-10-07 23:00:00,1759878014.0,0.091
2025-10-08 00:00:00,1759881613.0,0.09
2025-10-08 01:00:00,1759885203.0,0.09
2025-10-08 02:00:00,1759888803.0,0.09
2025-10-08 03:00:00,1759892406.0,0.09
2025-10-08 04:00:00,1759896005.0,0.09
2025-10-08 05:00:00,1759899604.0,0.0885
2025-10-08 06:00:00,1759903215.0,0.086
2025-10-08 07:00:00,1759906804.0,0.086
2025-10-08 08:00:00,1759910406.0,0.099
2025-10-08 09:00:00,1759914005.0,0.0975
2025-10-08 10:00:00,1759917608.0,0.099
2025-10-08 11:00:00,1759921212.0,0.099
2025-10-08 12:00:00,1759924817.0,0.0975
2025-10-08 13:00:00,1759928407.0,0.098
2025-10-08 14:00:00,1759932007.0,0.099
2025-10-08 15:00:00,1759935612.0,0.101
2025-10-08 16:00:00,1759939204.0,0.1015
2025-10-08 17:00:00,1759942811.0,0.102
2025-10-08 18:00:00,1759946408.0,0.102
2025-10-08 19:00:00,1759950015.0,0.1105
2025-10-08 20:00:00,1759953606.0,0.11
2025-10-08 21:00:00,1759957211.0,0.1125
2025-10-08 22:00:00,1759960814.0,0.1115
2025-10-08 23:00:00,1759964406.0,0.1125
2025-10-09 00:00:00,1759968012.0,0.112
2025-10-09 01:00:00,1759971608.0,0.1125
2025-10-09 02:00:00,1759975205.0,0.1135
2025-10-09 03:00:00,1759978805.0,0.112
2025-10-09 04:00:00,1759982407.0,0.1125
2025-10-09 05:00:00,1759986005.0,0.1145
2025-10-09 06:00:00,1759989602.0,0.112
2025-10-09 07:00:00,1759993209.0,0.1125
2025-10-09 08:00:00,1759996806.0,0.113
2025-10-09 09:00:00,1760000416.0,0.1135
2025-10-09 10:00:00,1760004009.0,0.1125
2025-10-09 11:00:00,1760007611.0,0.111
2025-10-09 12:00:00,1760011213.0,0.1115
2025-10-09 13:00:00,1760014810.0,0.1115
2025-10-09 14:00:00,1760018415.0,0.116
2025-10-09 15:00:00,1760022008.0,0.112
2025-10-09 16:00:00,1760025605.0,0.1115
2025-10-09 17:00:00,1760029222.0,0.112
2025-10-09 18:00:00,1760032814.0,0.112
2025-10-09 19:00:00,1760036414.0,0.1125
2025-10-09 20:00:00,1760040014.0,0.1135
2025-10-09 21:00:00,1760043606.0,0.112
2025-10-09 22:00:00,1760047213.0,0.1115
2025-10-09 23:00:00,1760050813.0,0.1145
2025-10-10 00:00:00,1760054414.0,0.1125
2025-10-10 01:00:00,1760058009.0,0.112
2025-10-10 02:00:00,1760061602.0,0.112
2025-10-10 03:00:00,1760065219.0,0.1125
2025-10-10 04:00:00,1760068805.0,0.113
2025-10-10 05:00:00,1760072403.0,0.112
2025-10-10 06:00:00,1760076006.0,0.113
2025-10-10 07:00:00,1760079613.0,0.114
2025-10-10 08:00:00,1760083213.0,0.114
2025-10-10 09:00:00,1760086808.0,0.1135
2025-10-10 10:00:00,1760090408.0,0.1135
2025-10-10 11:00:00,1760094017.0,0.1135
2025-10-10 12:00:00,1760097611.0,0.0785
2025-10-10 13:00:00,1760101217.0,0.072
2025-10-10 14:00:00,1760104806.0,0.0685
2025-10-10 15:00:00,1760108405.0,0.071
2025-10-10 16:00:00,1760112010.0,0.071
2025-10-10 17:00:00,1760115617.0,0.071
2025-10-10 18:00:00,1760119204.0,0.071
2025-10-10 19:00:00,1760122817.0,0.071
2025-10-10 20:00:00,1760126407.0,0.0715
2025-10-10 21:00:00,1760130013.0,0.071
2025-10-10 22:00:00,1760133603.0,0.071
2025-10-10 23:00:00,1760137218.0,0.071
2025-10-11 00:00:00,1760140807.0,0.062
2025-10-11 01:00:00,1760144409.0,0.0605
2025-10-11 02:00:00,1760148015.0,0.0655
2025-10-11 03:00:00,1760151609.0,0.0655
2025-10-11 04:00:00,1760155214.0,0.0655
2025-10-11 05:00:00,1760158810.0,0.0655
2025-10-11 06:00:00,1760162404.0,0.066
2025-10-11 07:00:00,1760166005.0,0.0665
2025-10-11 08:00:00,1760169616.0,0.0665
2025-10-11 09:00:00,1760173208.0,0.0665
2025-10-11 10:00:00,1760176820.0,0.0635
2025-10-11 11:00:00,1760180403.0,0.064
2025-10-11 12:00:00,1760184003.0,0.064
2025-10-11 13:00:00,1760187618.0,0.0635
2025-10-11 14:00:00,1760191207.0,0.065
2025-10-11 15:00:00,1760194820.0,0.065
2025-10-11 16:00:00,1760198416.0,0.065
2025-10-11 17:00:00,1760202003.0,0.065
2025-10-11 18:00:00,1760205620.0,0.065
2025-10-11 19:00:00,1760209209.0,0.0665
2025-10-11 20:00:00,1760212808.0,0.066
2025-10-11 21:00:00,1760216419.0,0.067
2025-10-11 22:00:00,1760220020.0,0.0665
2025-10-11 23:00:00,1760223604.0,0.0665
2025-10-12 00:00:00,1760227206.0,0.0665
2025-10-12 01:00:00,1760230808.0,0.067
2025-10-12 02:00:00,1760234411.0,0.068
2025-10-12 03:00:00,1760238012.0,0.0655
2025-10-12 04:00:00,1760241616.0,0.0635
2025-10-12 05:00:00,1760245219.0,0.068
2025-10-12 06:00:00,1760248803.0,0.068
2025-10-12 07:00:00,1760252404.0,0.068
2025-10-12 08:00:00,1760256015.0,0.068
2025-10-12 09:00:00,1760259613.0,0.068
2025-10-12 10:00:00,1760263206.0,0.068
2025-10-12 11:00:00,1760266804.0,0.068
2025-10-12 12:00:00,1760270408.0,0.068
2025-10-12 13:00:00,1760274006.0,0.065
2025-10-12 14:00:00,1760277613.0,0.064
2025-10-12 15:00:00,1760281212.0,0.0815
2025-10-12 16:00:00,1760284813.0,0.0815
2025-10-12 17:00:00,1760288408.0,0.0815
2025-10-12 18:00:00,1760292004.0,0.0815
2025-10-12 19:00:00,1760295615.0,0.0705
2025-10-12 20:00:00,1760299216.0,0.073
2025-10-12 21:00:00,1760302809.0,0.071
2025-10-12 22:00:00,1760306416.0,0.062
2025-10-12 23:00:00,1760310010.0,0.0665
2025-10-13 00:00:00,1760313617.0,0.0645
2025-10-13 01:00:00,1760317204.0,0.062
2025-10-13 02:00:00,1760320811.0,0.063
2025-10-13 03:00:00,1760324408.0,0.0635
2025-10-13 04:00:00,1760328010.0,0.0645
2025-10-13 05:00:00,1760331617.0,0.0625
2025-10-13 06:00:00,1760335212.0,0.064
2025-10-13 07:00:00,1760338817.0,0.063
2025-10-13 08:00:00,1760342413.0,0.061
2025-10-13 09:00:00,1760346010.0,0.059
2025-10-13 10:00:00,1760349603.0,0.061
2025-10-13 11:00:00,1760353216.0,0.0615
2025-10-13 12:00:00,1760356810.0,0.063
2025-10-13 13:00:00,1760360408.0,0.0625
2025-10-13 14:00:00,1760364018.0,0.0615
2025-10-13 15:00:00,1760367610.0,0.0595
2025-10-13 16:00:00,1760371206.0,0.0625
2025-10-13 17:00:00,1760374820.0,0.063
2025-10-13 18:00:00,1760378408.0,0.063
2025-10-13 19:00:00,1760382018.0,0.06
2025-10-13 20:00:00,1760385616.0,0.059
2025-10-13 21:00:00,1760389214.0,0.06
2025-10-13 22:00:00,1760392808.0,0.0605
2025-10-13 23:00:00,1760396417.0,0.0605
2025-10-14 00:00:00,1760400013.0,0.0605
2025-10-14 01:00:00,1760403616.0,0.0605
2025-10-14 02:00:00,1760407218.0,0.06
2025-10-14 03:00:00,1760410812.0,0.06
2025-10-14 04:00:00,1760414407.0,0.06
2025-10-14 05:00:00,1760418006.0,0.06
2025-10-14 06:00:00,1760421605.0,0.06
2025-10-14 07:00:00,1760425204.0,0.06
2025-10-14 08:00:00,1760428818.0,0.06
2025-10-14 09:00:00,1760432403.0,0.06
2025-10-14 10:00:00,1760436016.0,0.06
2025-10-14 11:00:00,1760439603.0,0.06
2025-10-14 12:00:00,1760443211.0,0.06
2025-10-14 13:00:00,1760446818.0,0.06
2025-10-14 14:00:00,1760450403.0,0.06
2025-10-14 15:00:00,1760454007.0,0.06
2025-10-14 16:00:00,1760457617.0,0.06
2025-10-14 17:00:00,1760461207.0,0.06
2025-10-14 18:00:00,1760464820.0,0.06
2025-10-14 19:00:00,1760468415.0,0.06
2025-10-14 20:00:00,1760472012.0,0.06
2025-10-14 21:00:00,1760475619.0,0.06
2025-10-14 22:00:00,1760479205.0,0.0595
2025-10-14 23:00:00,1760482818.0,0.059
2025-10-15 00:00:00,1760486416.0,0.059
2025-10-15 01:00:00,1760490004.0,0.0595
2025-10-15 02:00:00,1760493607.0,0.059
2025-10-15 03:00:00,1760497207.0,0.0595
2025-10-15 04:00:00,1760500810.0,0.06
2025-10-15 05:00:00,1760504409.0,0.06
2025-10-15 06:00:00,1760508015.0,0.06
2025-10-15 07:00:00,1760511609.0,0.06
2025-10-15 08:00:00,1760515216.0,0.06
2025-10-15 09:00:00,1760518822.0,0.0605
2025-10-15 10:00:00,1760522415.0,0.061
2025-10-15 11:00:00,1760526009.0,0.061
2025-10-15 12:00:00,1760529614.0,0.061
2025-10-15 13:00:00,1760533204.0,0.061
2025-10-15 14:00:00,1760536808.0,0.061
2025-10-15 15:00:00,1760540423.0,0.061
2025-10-15 16:00:00,1760544008.0,0.061
2025-10-15 17:00:00,1760547608.0,0.061
2025-10-15 18:00:00,1760551226.0,0.061
2025-10-15 19:00:00,1760554819.0,0.061
2025-10-15 20:00:00,1760558405.0,0.061
2025-10-15 21:00:00,1760562011.0,0.061
2025-10-15 22:00:00,1760565610.0,0.061
2025-10-15 23:00:00,1760569208.0,0.061
2025-10-16 00:00:00,1760572818.0,0.061
2025-10-16 01:00:00,1760576407.0,0.061
2025-10-16 02:00:00,1760580003.0,0.061
2025-10-16 03:00:00,1760583616.0,0.061
2025-10-16 04:00:00,1760587215.0,0.065
2025-10-16 05:00:00,1760590816.0,0.065
2025-10-16 06:00:00,1760594407.0,0.065
2025-10-16 07:00:00,1760598003.0,0.065
2025-10-16 08:00:00,1760601615.0,0.065
2025-10-16 09:00:00,1760605219.0,0.065
2025-10-16 10:00:00,1760608810.0,0.065
2025-10-16 11:00:00,1760612419.0,0.065
2025-10-16 12:00:00,1760616015.0,0.065
2025-10-16 13:00:00,1760619603.0,0.065
2025-10-16 14:00:00,1760623211.0,0.065
2025-10-16 15:00:00,1760626814.0,0.065
2025-10-16 16:00:00,1760630420.0,0.065
2025-10-16 17:00:00,1760634021.0,0.065
2025-10-16 18:00:00,1760637610.0,0.065
2025-10-16 19:00:00,1760641209.0,0.064
2025-10-16 20:00:00,1760644812.0,0.064
2025-10-16 21:00:00,1760648411.0,0.064
2025-10-16 22:00:00,1760652011.0,0.064
2025-10-16 23:00:00,1760655608.0,0.064
2025-10-17 00:00:00,1760659213.0,0.0625
2025-10-17 01:00:00,1760662807.0,0.0625
2025-10-17 02:00:00,1760666405.0,0.0625
2025-10-17 03:00:00,1760670003.0,0.0625
2025-10-17 04:00:00,1760673611.0,0.0625
2025-10-17 05:00:00,1760677216.0,0.0625
2025-10-17 06:00:00,1760680814.0,0.0625
2025-10-17 07:00:00,1760684417.0,0.0625
2025-10-17 08:00:00,1760688004.0,0.0625
2025-10-17 09:00:00,1760691616.0,0.0625
2025-10-17 10:00:00,1760695208.0,0.0625
2025-10-17 11:00:00,1760698816.0,0.0625
2025-10-17 12:00:00,1760702420.0,0.0625
2025-10-17 13:00:00,1760706008.0,0.0625
2025-10-17 14:00:00,1760709607.0,0.0625
2025-10-17 15:00:00,1760713223.0,0.0625
2025-10-17 16:00:00,1760716812.0,0.0625
2025-10-17 17:00:00,1760720403.0,0.0625
2025-10-17 18:00:00,1760724014.0,0.0625
2025-10-17 19:00:00,1760727610.0,0.0625
2025-10-17 20:00:00,1760731203.0,0.0625
2025-10-17 21:00:00,1760734824.0,0.0625
2025-10-17 22:00:00,1760738421.0,0.0625
2025-10-17 23:00:00,1760742021.0,0.0625
2025-10-18 00:00:00,1760745603.0,0.0625
2025-10-18 01:00:00,1760749204.0,0.0625
2025-10-18 02:00:00,1760752819.0,0.0625
2025-10-18 03:00:00,1760756422.0,0.0625
2025-10-18 04:00:00,1760760009.0,0.0625
2025-10-18 05:00:00,1760763616.0,0.0625
2025-10-18 06:00:00,1760767221.0,0.0625
2025-10-18 07:00:00,1760770815.0,0.0625
2025-10-18 08:00:00,1760774405.0,0.0625
2025-10-18 09:00:00,1760778030.0,0.0625
2025-10-18 10:00:00,1760781612.0,0.0625
2025-10-18 11:00:00,1760785208.0,0.0625
2025-10-18 12:00:00,1760788828.0,0.0625
2025-10-18 13:00:00,1760792412.0,0.0625
2025-10-18 14:00:00,1760796009.0,0.0625
2025-10-18 15:00:00,1760799616.0,0.0625
2025-10-18 16:00:00,1760803219.0,0.0625
2025-10-18 17:00:00,1760806810.0,0.0625
2025-10-18 18:00:00,1760810426.0,0.0625
2025-10-18 19:00:00,1760814017.0,0.0625
2025-10-18 20:00:00,1760817603.0,0.0625
2025-10-18 21:00:00,1760821216.0,0.0625
2025-10-18 22:00:00,1760824803.0,0.0625
2025-10-18 23:00:00,1760828405.0,0.0625
2025-10-19 00:00:00,1760832015.0,0.0625
2025-10-19 01:00:00,1760835614.0,0.0625
2025-10-19 02:00:00,1760839211.0,0.0625
2025-10-19 03:00:00,1760842823.0,0.0625
2025-10-19 04:00:00,1760846418.0,0.0625
2025-10-19 05:00:00,1760850015.0,0.0625
2025-10-19 06:00:00,1760853605.0,0.0625
2025-10-19 07:00:00,1760857209.0,0.0575
2025-10-19 08:00:00,1760860810.0,0.052
2025-10-19 09:00:00,1760864419.0,0.052
2025-10-19 10:00:00,1760868005.0,0.052
2025-10-19 11:00:00,1760871603.0,0.052
2025-10-19 12:00:00,1760875214.0,0.052
2025-10-19 13:00:00,1760878814.0,0.052
2025-10-19 14:00:00,1760882404.0,0.052
2025-10-19 15:00:00,1760886026.0,0.0525
2025-10-19 16:00:00,1760889620.0,0.052
2025-10-19 17:00:00,1760893223.0,0.052
2025-10-19 18:00:00,1760896819.0,0.052
2025-10-19 19:00:00,1760900405.0,0.052
2025-10-19 20:00:00,1760904017.0,0.052
2025-10-19 21:00:00,1760907626.0,0.052
2025-10-19 22:00:00,1760911219.0,0.052
2025-10-19 23:00:00,1760914814.0,0.052
2025-10-20 00:00:00,1760918419.0,0.052
2025-10-20 01:00:00,1760922010.0,0.052
2025-10-20 02:00:00,1760925615.0,0.052
2025-10-20 03:00:00,1760929207.0,0.052
2025-10-20 04:00:00,1760932816.0,0.052
2025-10-20 05:00:00,1760936409.0,0.052
2025-10-20 06:00:00,1760940018.0,0.0515
2025-10-20 07:00:00,1760943607.0,0.047
2025-10-20 08:00:00,1760947210.0,0.053
2025-10-20 09:00:00,1760950817.0,0.053
2025-10-20 10:00:00,1760954413.0,0.053
2025-10-20 11:00:00,1760958017.0,0.0525
2025-10-20 12:00:00,1760961629.0,0.053
2025-10-20 13:00:00,1760965206.0,0.053
2025-10-20 14:00:00,1760968805.0,0.053
2025-10-20 15:00:00,1760972409.0,0.053
2025-10-20 16:00:00,1760976011.0,0.053
2025-10-20 17:00:00,1760979618.0,0.053
2025-10-20 18:00:00,1760983221.0,0.053
2025-10-20 19:00:00,1760986811.0,0.053
2025-10-20 20:00:00,1760990417.0,0.053
2025-10-20 21:00:00,1760994024.0,0.0525
2025-10-20 22:00:00,1760997615.0,0.0525
2025-10-20 23:00:00,1761001216.0,0.053
2025-10-21 00:00:00,1761004809.0,0.053
2025-10-21 01:00:00,1761008403.0,0.052
2025-10-21 02:00:00,1761012009.0,0.0525
2025-10-21 03:00:00,1761015619.0,0.053
2025-10-21 04:00:00,1761019213.0,0.053
2025-10-21 05:00:00,1761022811.0,0.053
2025-10-21 06:00:00,1761026412.0,0.053
2025-10-21 07:00:00,1761030013.0,0.053
2025-10-21 08:00:00,1761033605.0,0.053
2025-10-21 09:00:00,1761037224.0,0.0535
2025-10-21 10:00:00,1761040817.0,0.053
2025-10-21 11:00:00,1761044409.0,0.053
2025-10-21 12:00:00,1761048025.0,0.053
2025-10-21 13:00:00,1761051615.0,0.053
2025-10-21 14:00:00,1761055206.0,0.0535
2025-10-21 15:00:00,1761058822.0,0.0515
2025-10-21 16:00:00,1761062405.0,0.051
2025-10-21 17:00:00,1761066003.0,0.0535
2025-10-21 18:00:00,1761069627.0,0.0535
2025-10-21 19:00:00,1761073210.0,0.0535
2025-10-21 20:00:00,1761076808.0,0.0535
2025-10-21 21:00:00,1761080413.0,0.0535
2025-10-21 22:00:00,1761084009.0,0.0535
2025-10-21 23:00:00,1761087615.0,0.0535
2025-10-22 00:00:00,1761091221.0,0.0535
2025-10-22 01:00:00,1761094815.0,0.0535
2025-10-22 02:00:00,1761098414.0,0.0535
2025-10-22 03:00:00,1761102028.0,0.0535
2025-10-22 04:00:00,1761105620.0,0.0535
2025-10-22 05:00:00,1761109221.0,0.0535
2025-10-22 06:00:00,1761112822.0,0.0535
2025-10-22 07:00:00,1761116413.0,0.0535
2025-10-22 08:00:00,1761120016.0,0.0535
2025-10-22 09:00:00,1761123622.0,0.0535
2025-10-22 10:00:00,1761127220.0,0.0535
2025-10-22 11:00:00,1761130814.0,0.0535
2025-10-22 12:00:00,1761134428.0,0.0535
2025-10-22 13:00:00,1761138022.0,0.053
2025-10-22 14:00:00,1761141617.0,0.053
2025-10-22 15:00:00,1761145227.0,0.053
2025-10-22 16:00:00,1761148822.0,0.053
2025-10-22 17:00:00,1761152424.0,0.053
2025-10-22 18:00:00,1761156031.0,0.053
2025-10-22 19:00:00,1761159622.0,0.053
2025-10-22 20:00:00,1761163222.0,0.053
2025-10-22 21:00:00,1761166827.0,0.053
2025-10-22 22:00:00,1761170422.0,0.053
2025-10-22 23:00:00,1761174021.0,0.053
2025-10-23 00:00:00,1761177611.0,0.053
2025-10-23 01:00:00,1761181211.0,0.053
2025-10-23 02:00:00,1761184812.0,0.053
2025-10-23 03:00:00,1761188414.0,0.053
2025-10-23 04:00:00,1761192013.0,0.053
2025-10-23 05:00:00,1761195614.0,0.053
2025-10-23 06:00:00,1761199216.0,0.053
2025-10-23 07:00:00,1761202812.0,0.053
2025-10-23 08:00:00,1761206415.0,0.053
2025-10-23 09:00:00,1761210014.0,0.053
2025-10-23 10:00:00,1761213614.0,0.0575
2025-10-23 11:00:00,1761217216.0,0.0575
2025-10-23 12:00:00,1761220819.0,0.0575
2025-10-23 13:00:00,1761224416.0,0.0575
2025-10-23 14:00:00,1761228046.0,0.0575
2025-10-23 15:00:00,1761231616.0,0.0575
2025-10-23 16:00:00,1761235217.0,0.0575
2025-10-23 17:00:00,1761238819.0,0.0575
2025-10-23 18:00:00,1761242417.0,0.0575
2025-10-23 19:00:00,1761246018.0,0.0575
2025-10-23 20:00:00,1761249618.0,0.0575
2025-10-23 21:00:00,1761253219.0,0.0575
2025-10-23 22:00:00,1761256818.0,0.0575
2025-10-23 23:00:00,1761260418.0,0.0575
2025-10-24 00:00:00,1761264017.0,0.0575
2025-10-24 01:00:00,1761267615.0,0.0575
2025-10-24 02:00:00,1761271217.0,0.058
2025-10-24 03:00:00,1761274818.0,0.059
2025-10-24 04:00:00,1761278419.0,0.059
2025-10-24 05:00:00,1761282018.0,0.058
2025-10-24 06:00:00,1761285619.0,0.0595
2025-10-24 07:00:00,1761289219.0,0.059
2025-10-24 08:00:00,1761292819.0,0.0595
2025-10-24 09:00:00,1761296419.0,0.0585
2025-10-24 10:00:00,1761300019.0,0.059
2025-10-24 11:00:00,1761303618.0,0.0595
2025-10-24 12:00:00,1761307222.0,0.0585
2025-10-24 13:00:00,1761310818.0,0.059
2025-10-24 14:00:00,1761314419.0,0.059
2025-10-24 15:00:00,1761318021.0,0.0585
2025-10-24 16:00:00,1761321619.0,0.0575
2025-10-24 17:00:00,1761325221.0,0.0585
2025-10-24 18:00:00,1761328820.0,0.0585
2025-10-24 19:00:00,1761332420.0,0.059
2025-10-24 20:00:00,1761336019.0,0.0585
2025-10-24 21:00:00,1761339622.0,0.0585
2025-10-24 22:00:00,1761343219.0,0.059
2025-10-24 23:00:00,1761346818.0,0.0585
2025-10-25 00:00:00,1761350416.0,0.0595
2025-10-25 01:00:00,1761354013.0,0.0595
2025-10-25 02:00:00,1761357615.0,0.059
2025-10-25 03:00:00,1761361219.0,0.0595
2025-10-25 04:00:00,1761364819.0,0.0595
2025-10-25 05:00:00,1761368419.0,0.0595
2025-10-25 06:00:00,1761372020.0,0.0595
2025-10-25 07:00:00,1761375621.0,0.0595
2025-10-25 08:00:00,1761379218.0,0.059
2025-10-25 09:00:00,1761382821.0,0.0595
2025-10-25 10:00:00,1761386420.0,0.056
2025-10-25 11:00:00,1761390019.0,0.0585
2025-10-25 12:00:00,1761393623.0,0.0585
2025-10-25 13:00:00,1761397218.0,0.059
2025-10-25 14:00:00,1761400819.0,0.059
2025-10-25 15:00:00,1761404421.0,0.058
2025-10-25 16:00:00,1761408019.0,0.059
2025-10-25 17:00:00,1761411622.0,0.053
2025-10-25 18:00:00,1761415221.0,0.052
2025-10-25 19:00:00,1761418819.0,0.0525
2025-10-25 20:00:00,1761422419.0,0.053
2025-10-25 21:00:00,1761426022.0,0.053
2025-10-25 22:00:00,1761429619.0,0.053
2025-10-25 23:00:00,1761433219.0,0.053
2025-10-26 00:00:00,1761436818.0,0.053
2025-10-26 01:00:00,1761440414.0,0.059
2025-10-26 02:00:00,1761444017.0,0.059
2025-10-26 03:00:00,1761447620.0,0.059
2025-10-26 04:00:00,1761451219.0,0.059
2025-10-26 05:00:00,1761454818.0,0.0585
2025-10-26 06:00:00,1761458420.0,0.0585
2025-10-26 07:00:00,1761462019.0,0.059
2025-10-26 08:00:00,1761465618.0,0.059
2025-10-26 09:00:00,1761469220.0,0.059
2025-10-26 10:00:00,1761472819.0,0.059
2025-10-26 11:00:00,1761476418.0,0.059
2025-10-26 12:00:00,1761480025.0,0.0535
2025-10-26 13:00:00,1761483617.0,0.054
2025-10-26 14:00:00,1761487219.0,0.054
2025-10-26 15:00:00,1761490818.0,0.054
2025-10-26 16:00:00,1761494416.0,0.054
2025-10-26 17:00:00,1761498017.0,0.054
2025-10-26 18:00:00,1761501620.0,0.0535
2025-10-26 19:00:00,1761505215.0,0.0535
2025-10-26 20:00:00,1761508818.0,0.0535
2025-10-26 21:00:00,1761512420.0,0.054
2025-10-26 22:00:00,1761516017.0,0.054
2025-10-26 23:00:00,1761519617.0,0.054
2025-10-27 00:00:00,1761523217.0,0.054
2025-10-27 01:00:00,1761526813.0,0.0535
2025-10-27 02:00:00,1761530416.0,0.0535
2025-10-27 03:00:00,1761534018.0,0.0535
2025-10-27 04:00:00,1761537615.0,0.0535
2025-10-27 05:00:00,1761541215.0,0.0535
2025-10-27 06:00:00,1761544817.0,0.0535
2025-10-27 07:00:00,1761548414.0,0.0535
2025-10-27 08:00:00,1761552016.0,0.0535
2025-10-27 09:00:00,1761555617.0,0.054
2025-10-27 10:00:00,1761559216.0,0.054
2025-10-27 11:00:00,1761562815.0,0.0535
2025-10-27 12:00:00,1761566421.0,0.051
2025-10-27 13:00:00,1761570018.0,0.0495
2025-10-27 14:00:00,1761573615.0,0.0495
2025-10-27 15:00:00,1761577220.0,0.0495
2025-10-27 16:00:00,1761580818.0,0.0495
2025-10-27 17:00:00,1761584419.0,0.0495
2025-10-27 18:00:00,1761588019.0,0.0495
2025-10-27 19:00:00,1761591616.0,0.0495
2025-10-27 20:00:00,1761595219.0,0.0495
2025-10-27 21:00:00,1761598820.0,0.0495
2025-10-27 22:00:00,1761602417.0,0.0495
2025-10-27 23:00:00,1761606017.0,0.0495
2025-10-28 00:00:00,1761609620.0,0.0495
2025-10-28 01:00:00,1761613216.0,0.0495
2025-10-28 02:00:00,1761616817.0,0.0495
2025-10-28 03:00:00,1761620427.0,0.0495
2025-10-28 04:00:00,1761624024.0,0.0495
2025-10-28 05:00:00,1761627617.0,0.0495
2025-10-28 06:00:00,1761631221.0,0.0495
2025-10-28 07:00:00,1761634816.0,0.0495
2025-10-28 08:00:00,1761638418.0,0.0495
2025-10-28 09:00:00,1761642018.0,0.0495
2025-10-28 10:00:00,1761645623.0,0.0495
2025-10-28 11:00:00,1761649223.0,0.05
2025-10-28 12:00:00,1761652819.0,0.0495
2025-10-28 13:00:00,1761656424.0,0.0485
2025-10-28 14:00:00,1761660022.0,0.0485
2025-10-28 15:00:00,1761663626.0,0.0485
2025-10-28 16:00:00,1761667226.0,0.0455
2025-10-28 17:00:00,1761670826.0,0.0455
2025-10-28 18:00:00,1761674426.0,0.0465
2025-10-28 19:00:00,1761678026.0,0.0415
2025-10-28 20:00:00,1761681625.0,0.039
2025-10-28 21:00:00,1761685225.0,0.0345
2025-10-28 22:00:00,1761688824.0,0.0345
2025-10-28 23:00:00,1761692424.0,0.0425
2025-10-29 00:00:00,1761696019.0,0.0395
2025-10-29 01:00:00,1761699615.0,0.038
2025-10-29 02:00:00,1761703214.0,0.041
2025-10-29 03:00:00,1761706825.0,0.039
2025-10-29 04:00:00,1761710421.0,0.0375
2025-10-29 05:00:00,1761714024.0,0.036
2025-10-29 06:00:00,1761717619.0,0.036
2025-10-29 07:00:00,1761721216.0,0.036
2025-10-29 08:00:00,1761724824.0,0.036
2025-10-29 09:00:00,1761728425.0,0.036
2025-10-29 12:00:00,1761739375.0,0.0355
2025-10-29 13:00:00,1761743352.0,0.0355
2025-10-29 14:00:00,1761746417.0,0.0355
2025-10-29 15:00:00,1761750019.0,0.035
2025-10-29 16:00:00,1761753617.0,0.0345
2025-10-29 17:00:00,1761757219.0,0.0355
2025-10-29 18:00:00,1761760820.0,0.0355
2025-10-29 19:00:00,1761764419.0,0.046
2025-10-29 20:00:00,1761768020.0,0.0345
2025-10-29 21:00:00,1761771620.0,0.035
2025-10-29 22:00:00,1761775219.0,0.035
2025-10-29 23:00:00,1761778820.0,0.0345
2025-10-30 00:00:00,1761782419.0,0.035
2025-10-30 01:00:00,1761786016.0,0.035
2025-10-30 02:00:00,1761789617.0,0.035
2025-10-30 03:00:00,1761793221.0,0.0445
2025-10-30 04:00:00,1761796821.0,0.0405
2025-10-30 05:00:00,1761800421.0,0.043
2025-10-30 06:00:00,1761804022.0,0.043
2025-10-30 07:00:00,1761807621.0,0.0365
2025-10-30 08:00:00,1761811220.0,0.0355
2025-10-30 09:00:00,1761814822.0,0.0345
2025-10-30 10:00:00,1761818417.0,0.0345
2025-10-30 11:00:00,1761822021.0,0.036
2025-10-30 12:00:00,1761825623.0,0.036
2025-10-30 13:00:00,1761829220.0,0.036
2025-10-30 14:00:00,1761832821.0,0.0345
2025-10-30 15:00:00,1761836421.0,0.047
2025-10-30 16:00:00,1761840020.0,0.049
2025-10-30 17:00:00,1761843622.0,0.05
2025-10-30 18:00:00,1761847221.0,0.0505
2025-10-30 19:00:00,1761850820.0,0.0505
2025-10-30 20:00:00,1761854419.0,0.0495
2025-10-30 21:00:00,1761858023.0,0.0495
2025-10-30 22:00:00,1761861621.0,0.0495
2025-10-30 23:00:00,1761865221.0,0.0495
2025-10-31 00:00:00,1761868813.0,0.0495
2025-10-31 01:00:00,1761872412.0,0.05
2025-10-31 02:00:00,1761876015.0,0.0495
2025-10-31 03:00:00,1761879617.0,0.0545
2025-10-31 04:00:00,1761883219.0,0.0545
2025-10-31 05:00:00,1761886819.0,0.054
2025-10-31 06:00:00,1761890420.0,0.0535
2025-10-31 07:00:00,1761894020.0,0.0535
2025-10-31 08:00:00,1761897624.0,0.0535
2025-10-31 09:00:00,1761901220.0,0.053
2025-10-31 10:00:00,1761904820.0,0.054
2025-10-31 11:00:00,1761908419.0,0.0535
2025-10-31 12:00:00,1761912022.0,0.054
2025-10-31 13:00:00,1761915619.0,0.054
2025-10-31 14:00:00,1761919219.0,0.054
2025-10-31 15:00:00,1761922819.0,0.06
2025-10-31 16:00:00,1761926420.0,0.06
2025-10-31 17:00:00,1761930022.0,0.06
2025-10-31 18:00:00,1761933621.0,0.0595
2025-10-31 19:00:00,1761937220.0,0.059
2025-10-31 20:00:00,1761940819.0,0.059
2025-10-31 21:00:00,1761944422.0,0.0595
2025-10-31 22:00:00,1761948020.0,0.061
2025-10-31 23:00:00,1761951621.0,0.061
2025-11-01 00:00:00,1761955219.0,0.061
2025-11-01 01:00:00,1761958817.0,0.061
2025-11-01 02:00:00,1761962419.0,0.0605
2025-11-01 03:00:00,1761966022.0,0.0605
2025-11-01 04:00:00,1761969620.0,0.0615
2025-11-01 05:00:00,1761973221.0,0.0615
2025-11-01 06:00:00,1761976822.0,0.062
2025-11-01 07:00:00,1761980421.0,0.062
2025-11-01 08:00:00,1761984020.0,0.061
2025-11-01 09:00:00,1761987621.0,0.061
2025-11-01 10:00:00,1761991221.0,0.0615
2025-11-01 11:00:00,1761994820.0,0.0615
2025-11-01 12:00:00,1761998425.0,0.0615
2025-11-01 13:00:00,1762002019.0,0.0615
2025-11-01 14:00:00,1762005620.0,0.0615
2025-11-01 15:00:00,1762009222.0,0.0615
2025-11-01 16:00:00,1762012821.0,0.0615
2025-11-01 17:00:00,1762016424.0,0.0615
2025-11-01 18:00:00,1762020021.0,0.064
2025-11-01 19:00:00,1762023621.0,0.064
2025-11-01 20:00:00,1762027221.0,0.064
2025-11-01 21:00:00,1762030822.0,0.064
2025-11-01 22:00:00,1762034421.0,0.064
2025-11-01 23:00:00,1762038020.0,0.064
2025-11-02 00:00:00,1762041615.0,0.064
2025-11-02 01:00:00,1762045214.0,0.064
2025-11-02 02:00:00,1762048816.0,0.064
2025-11-02 03:00:00,1762052419.0,0.064
2025-11-02 04:00:00,1762056018.0,0.064
2025-11-02 05:00:00,1762059619.0,0.064
2025-11-02 06:00:00,1762063220.0,0.064
2025-11-02 07:00:00,1762066819.0,0.064
2025-11-02 08:00:00,1762070418.0,0.064
2025-11-02 09:00:00,1762074020.0,0.064
2025-11-02 10:00:00,1762077619.0,0.064
2025-11-02 11:00:00,1762081220.0,0.064
2025-11-02 12:00:00,1762084822.0,0.064
2025-11-02 13:00:00,1762088419.0,0.0635
2025-11-02 14:00:00,1762092019.0,0.0605
2025-11-02 15:00:00,1762095620.0,0.0605
2025-11-02 16:00:00,1762099219.0,0.0605
2025-11-02 17:00:00,1762102821.0,0.0605
2025-11-02 18:00:00,1762106422.0,0.0585
2025-11-02 19:00:00,1762110020.0,0.0585
2025-11-02 20:00:00,1762113620.0,0.0585
2025-11-02 21:00:00,1762117222.0,0.0585
2025-11-02 22:00:00,1762120820.0,0.0585
2025-11-02 23:00:00,1762124420.0,0.0585
2025-11-03 00:00:00,1762128018.0,0.0585
2025-11-03 01:00:00,1762131617.0,0.0585
2025-11-03 02:00:00,1762135217.0,0.0585
2025-11-03 03:00:00,1762138819.0,0.0585
2025-11-03 04:00:00,1762142419.0,0.0585
2025-11-03 05:00:00,1762146019.0,0.0585
2025-11-03 06:00:00,1762149621.0,0.0585
2025-11-03 07:00:00,1762153220.0,0.0585
2025-11-03 08:00:00,1762156819.0,0.05
2025-11-03 09:00:00,1762160420.0,0.051
2025-11-03 10:00:00,1762164019.0,0.049
2025-11-03 11:00:00,1762167619.0,0.049
2025-11-03 12:00:00,1762171222.0,0.0485
2025-11-03 13:00:00,1762174819.0,0.0485
2025-11-03 14:00:00,1762178419.0,0.0485
2025-11-03 15:00:00,1762182019.0,0.0485
2025-11-03 16:00:00,1762185620.0,0.0485
2025-11-03 17:00:00,1762189221.0,0.0485
2025-11-03 18:00:00,1762192821.0,0.0485
2025-11-03 19:00:00,1762196420.0,0.047
2025-11-03 20:00:00,1762200020.0,0.0475
2025-11-03 21:00:00,1762203623.0,0.0475
2025-11-03 22:00:00,1762207220.0,0.0475
2025-11-03 23:00:00,1762210821.0,0.046
2025-11-04 00:00:00,1762214418.0,0.0455
2025-11-04 01:00:00,1762218014.0,0.044
2025-11-04 02:00:00,1762221617.0,0.0595
2025-11-04 03:00:00,1762225220.0,0.0635
2025-11-04 04:00:00,1762228821.0,0.0635
2025-11-04 05:00:00,1762232419.0,0.0595
2025-11-04 06:00:00,1762236022.0,0.061
2025-11-04 07:00:00,1762239621.0,0.061
2025-11-04 08:00:00,1762243220.0,0.061
2025-11-04 09:00:00,1762246823.0,0.062
2025-11-04 10:00:00,1762250420.0,0.0605
2025-11-04 11:00:00,1762254020.0,0.0605
2025-11-04 12:00:00,1762257624.0,0.0605
2025-11-04 13:00:00,1762261220.0,0.0605
2025-11-04 14:00:00,1762264821.0,0.0605
2025-11-04 15:00:00,1762268421.0,0.0605
2025-11-04 16:00:00,1762272022.0,0.061
2025-11-04 17:00:00,1762275622.0,0.0605
2025-11-04 18:00:00,1762279223.0,0.0605
2025-11-04 19:00:00,1762282823.0,0.0605
2025-11-04 20:00:00,1762286421.0,0.0605
2025-11-04 21:00:00,1762290024.0,0.061
2025-11-04 22:00:00,1762293622.0,0.0605
2025-11-04 23:00:00,1762297221.0,0.061
2025-11-05 00:00:00,1762300819.0,0.0635
2025-11-05 01:00:00,1762304418.0,0.063
2025-11-05 02:00:00,1762308019.0,0.0635
2025-11-05 03:00:00,1762311621.0,0.063
2025-11-05 04:00:00,1762315221.0,0.0625
2025-11-05 05:00:00,1762318821.0,0.0635
2025-11-05 06:00:00,1762322424.0,0.063
2025-11-05 07:00:00,1762326022.0,0.0635
2025-11-05 08:00:00,1762329622.0,0.063
2025-11-05 09:00:00,1762333223.0,0.063
2025-11-05 10:00:00,1762336821.0,0.063
2025-11-05 11:00:00,1762340421.0,0.063
2025-11-05 12:00:00,1762344024.0,0.062
2025-11-05 13:00:00,1762347620.0,0.0635
2025-11-05 14:00:00,1762351222.0,0.0645
2025-11-05 15:00:00,1762354823.0,0.063
2025-11-05 16:00:00,1762358421.0,0.0625
2025-11-05 17:00:00,1762362022.0,0.0635
2025-11-05 18:00:00,1762365622.0,0.063
2025-11-05 19:00:00,1762369222.0,0.063
2025-11-05 20:00:00,1762372821.0,0.0625
2025-11-05 21:00:00,1762376423.0,0.063
2025-11-05 22:00:00,1762380021.0,0.064
2025-11-05 23:00:00,1762383621.0,0.063
2025-11-06 00:00:00,1762387212.0,0.063
2025-11-06 01:00:00,1762390813.0,0.063
2025-11-06 02:00:00,1762394416.0,0.063
2025-11-06 03:00:00,1762398020.0,0.063
2025-11-06 04:00:00,1762401620.0,0.063
2025-11-06 05:00:00,1762405219.0,0.063
2025-11-06 06:00:00,1762408822.0,0.063
2025-11-06 07:00:00,1762412421.0,0.065
2025-11-06 08:00:00,1762416018.0,0.065
2025-11-06 09:00:00,1762419622.0,0.0655
2025-11-06 10:00:00,1762423216.0,0.0655
2025-11-06 11:00:00,1762426820.0,0.0655
2025-11-06 12:00:00,1762430427.0,0.0655
2025-11-06 13:00:00,1762434019.0,0.0655
2025-11-06 14:00:00,1762437620.0,0.0655
2025-11-06 15:00:00,1762441221.0,0.0655
2025-11-06 16:00:00,1762444821.0,0.0655
2025-11-06 17:00:00,1762448423.0,0.0655
2025-11-06 18:00:00,1762452021.0,0.0655
2025-11-06 19:00:00,1762455622.0,0.0655
2025-11-06 20:00:00,1762459222.0,0.0655
2025-11-06 21:00:00,1762462825.0,0.0795
2025-11-06 22:00:00,1762466420.0,0.0795
2025-11-06 23:00:00,1762470020.0,0.0795
2025-11-07 00:00:00,1762473619.0,0.079
2025-11-07 01:00:00,1762477216.0,0.075
2025-11-07 02:00:00,1762480822.0,0.0745
2025-11-07 03:00:00,1762484423.0,0.074
2025-11-07 04:00:00,1762488021.0,0.0745
2025-11-07 05:00:00,1762491623.0,0.074
2025-11-07 06:00:00,1762495225.0,0.0745
2025-11-07 07:00:00,1762498821.0,0.0775
2025-11-07 08:00:00,1762502420.0,0.072
2025-11-07 09:00:00,1762506022.0,0.0725
2025-11-07 10:00:00,1762509621.0,0.073
2025-11-07 11:00:00,1762513220.0,0.074
2025-11-07 12:00:00,1762516826.0,0.071
2025-11-07 13:00:00,1762520421.0,0.077
2025-11-07 14:00:00,1762524023.0,0.0765
2025-11-07 15:00:00,1762527632.0,0.0765
2025-11-07 16:00:00,1762531222.0,0.0765
2025-11-07 17:00:00,1762534840.0,0.079
2025-11-07 18:00:00,1762538425.0,0.077
2025-11-07 19:00:00,1762542025.0,0.0765
2025-11-07 20:00:00,1762545634.0,0.077
2025-11-07 21:00:00,1762549224.0,0.0765
2025-11-07 22:00:00,1762552822.0,0.0765
2025-11-07 23:00:00,1762556436.0,0.0765
2025-11-08 00:00:00,1762560013.0,0.0765
2025-11-08 01:00:00,1762563614.0,0.0775
2025-11-08 02:00:00,1762567209.0,0.0775
2025-11-08 03:00:00,1762570820.0,0.0775
2025-11-08 04:00:00,1762574419.0,0.0775
2025-11-08 05:00:00,1762578009.0,0.0775
2025-11-08 06:00:00,1762581620.0,0.0775
2025-11-08 07:00:00,1762585220.0,0.0775
2025-11-08 08:00:00,1762588817.0,0.0775
2025-11-08 09:00:00,1762592420.0,0.0775
2025-11-08 10:00:00,1762596019.0,0.0775
2025-11-08 11:00:00,1762599631.0,0.0775
2025-11-08 12:00:00,1762603237.0,0.0775
2025-11-08 13:00:00,1762606819.0,0.0725
2025-11-08 14:00:00,1762610419.0,0.065
2025-11-08 15:00:00,1762614021.0,0.063
2025-11-08 16:00:00,1762617619.0,0.063
2025-11-08 17:00:00,1762621222.0,0.063
2025-11-08 18:00:00,1762624822.0,0.063
2025-11-08 19:00:00,1762628421.0,0.063
2025-11-08 20:00:00,1762632019.0,0.063
2025-11-08 21:00:00,1762635621.0,0.063
2025-11-08 22:00:00,1762639221.0,0.063
2025-11-08 23:00:00,1762642820.0,0.063
2025-11-09 00:00:00,1762646432.0,0.063
2025-11-09 01:00:00,1762650016.0,0.0595
2025-11-09 02:00:00,1762653618.0,0.0595
2025-11-09 03:00:00,1762657221.0,0.0595
2025-11-09 04:00:00,1762660831.0,0.0595
2025-11-09 05:00:00,1762664420.0,0.0595
2025-11-09 06:00:00,1762668021.0,0.0595
2025-11-09 07:00:00,1762671620.0,0.0595
2025-11-09 08:00:00,1762675220.0,0.0595
2025-11-09 09:00:00,1762678821.0,0.0595
2025-11-09 10:00:00,1762682420.0,0.0595
2025-11-09 11:00:00,1762686020.0,0.0595
2025-11-09 12:00:00,1762689623.0,0.058
2025-11-09 13:00:00,1762693218.0,0.058
2025-11-09 14:00:00,1762696819.0,0.058
2025-11-09 15:00:00,1762700420.0,0.057
2025-11-09 16:00:00,1762704019.0,0.0565
2025-11-09 17:00:00,1762707621.0,0.0565
2025-11-09 18:00:00,1762711221.0,0.0565
2025-11-09 19:00:00,1762714820.0,0.0565
2025-11-09 20:00:00,1762718419.0,0.055
2025-11-09 21:00:00,1762722021.0,0.055
2025-11-09 22:00:00,1762725620.0,0.0645
2025-11-09 23:00:00,1762729220.0,0.0605
2025-11-10 00:00:00,1762732813.0,0.0605
2025-11-10 01:00:00,1762736426.0,0.0605
2025-11-10 02:00:00,1762740015.0,0.059
2025-11-10 03:00:00,1762743618.0,0.0575
2025-11-10 04:00:00,1762747219.0,0.0565
2025-11-10 05:00:00,1762750819.0,0.056
2025-11-10 06:00:00,1762754420.0,0.056
2025-11-10 07:00:00,1762758018.0,0.0555
2025-11-10 08:00:00,1762761617.0,0.0555
2025-11-10 09:00:00,1762765231.0,0.0575
2025-11-10 10:00:00,1762768820.0,0.0575
2025-11-10 11:00:00,1762772419.0,0.0575
2025-11-10 12:00:00,1762776022.0,0.058
2025-11-10 13:00:00,1762779620.0,0.058
2025-11-10 14:00:00,1762783219.0,0.058
2025-11-10 15:00:00,1762786822.0,0.058
2025-11-10 16:00:00,1762790421.0,0.058
2025-11-10 17:00:00,1762794020.0,0.063
2025-11-10 18:00:00,1762797622.0,0.0655
2025-11-10 19:00:00,1762801221.0,0.07
2025-11-10 20:00:00,1762804820.0,0.067
2025-11-10 21:00:00,1762808423.0,0.063
2025-11-10 22:00:00,1762812020.0,0.063
2025-11-10 23:00:00,1762815621.0,0.065
2025-11-11 00:00:00,1762819221.0,0.0645
2025-11-11 01:00:00,1762822819.0,0.0675
2025-11-11 02:00:00,1762826421.0,0.067
2025-11-11 03:00:00,1762830024.0,0.056
2025-11-11 04:00:00,1762833624.0,0.056
2025-11-11 05:00:00,1762837221.0,0.056
2025-11-11 06:00:00,1762840829.0,0.056
2025-11-11 07:00:00,1762844422.0,0.056
2025-11-11 08:00:00,1762848034.0,0.056
2025-11-11 09:00:00,1762851622.0,0.056
2025-11-11 10:00:00,1762855222.0,0.056
2025-11-11 11:00:00,1762858836.0,0.056
2025-11-11 12:00:00,1762862438.0,0.056
2025-11-11 13:00:00,1762866019.0,0.0565
2025-11-11 14:00:00,1762869622.0,0.0675
2025-11-11 15:00:00,1762873235.0,0.066
2025-11-11 16:00:00,1762876822.0,0.064
2025-11-11 17:00:00,1762880423.0,0.063
2025-11-11 18:00:00,1762884023.0,0.063
2025-11-11 19:00:00,1762887622.0,0.0655
2025-11-11 20:00:00,1762891223.0,0.0645
2025-11-11 21:00:00,1762894825.0,0.058
2025-11-11 22:00:00,1762898422.0,0.058
2025-11-11 23:00:00,1762902022.0,0.056
2025-11-12 00:00:00,1762905618.0,0.056
2025-11-12 01:00:00,1762909215.0,0.0565
2025-11-12 02:00:00,1762912817.0,0.0565
2025-11-12 03:00:00,1762916422.0,0.0565
2025-11-12 04:00:00,1762920022.0,0.0555
2025-11-12 05:00:00,1762923620.0,0.0555
2025-11-12 06:00:00,1762927224.0,0.0555
2025-11-12 07:00:00,1762930823.0,0.0555
2025-11-12 08:00:00,1762934419.0,0.0555
2025-11-12 09:00:00,1762938024.0,0.0555
2025-11-12 10:00:00,1762941620.0,0.0495
2025-11-12 11:00:00,1762945220.0,0.0495
2025-11-12 12:00:00,1762948826.0,0.0495
2025-11-12 13:00:00,1762952421.0,0.0495
2025-11-12 14:00:00,1762956023.0,0.0495
2025-11-12 15:00:00,1762959622.0,0.0495
2025-11-12 16:00:00,1762963223.0,0.0495
2025-11-12 17:00:00,1762966838.0,0.0495
2025-11-12 18:00:00,1762970424.0,0.0495
2025-11-12 19:00:00,1762974023.0,0.0495
2025-11-12 20:00:00,1762977622.0,0.049
2025-11-12 21:00:00,1762981225.0,0.049
2025-11-12 22:00:00,1762984822.0,0.049
2025-11-12 23:00:00,1762988423.0,0.049
2025-11-13 00:00:00,1762992019.0,0.049
2025-11-13 01:00:00,1762995618.0,0.049
2025-11-13 02:00:00,1762999211.0,0.049
2025-11-13 03:00:00,1763002823.0,0.049
2025-11-13 04:00:00,1763006424.0,0.049
2025-11-13 05:00:00,1763010023.0,0.049
2025-11-13 06:00:00,1763013625.0,0.049
2025-11-13 07:00:00,1763017225.0,0.049
2025-11-13 08:00:00,1763020822.0,0.049
2025-11-13 09:00:00,1763024425.0,0.049
2025-11-13 10:00:00,1763028021.0,0.049
2025-11-13 11:00:00,1763031622.0,0.0485
2025-11-13 12:00:00,1763035227.0,0.0485
2025-11-13 13:00:00,1763038821.0,0.0485
2025-11-13 14:00:00,1763042423.0,0.0485
2025-11-13 15:00:00,1763046024.0,0.049
2025-11-13 16:00:00,1763049624.0,0.049
2025-11-13 17:00:00,1763053229.0,0.049
2025-11-13 18:00:00,1763056826.0,0.049
2025-11-13 19:00:00,1763060439.0,0.049
2025-11-13 20:00:00,1763064023.0,0.049
2025-11-13 21:00:00,1763067626.0,0.049
2025-11-13 22:00:00,1763071223.0,0.049
2025-11-13 23:00:00,1763074824.0,0.049
2025-11-14 00:00:00,1763078418.0,0.049
2025-11-14 01:00:00,1763082016.0,0.049
2025-11-14 02:00:00,1763085619.0,0.049
2025-11-14 03:00:00,1763089222.0,0.049
2025-11-14 04:00:00,1763092823.0,0.048
2025-11-14 05:00:00,1763096422.0,0.048
2025-11-14 06:00:00,1763100024.0,0.048
2025-11-14 07:00:00,1763103624.0,0.048
2025-11-14 08:00:00,1763107221.0,0.048
2025-11-14 09:00:00,1763110825.0,0.042
2025-11-14 10:00:00,1763114422.0,0.0425
2025-11-14 11:00:00,1763118024.0,0.0425
2025-11-14 12:00:00,1763121628.0,0.0425
2025-11-14 13:00:00,1763125235.0,0.0425
2025-11-14 14:00:00,1763128824.0,0.0435
2025-11-14 15:00:00,1763132423.0,0.0435
2025-11-14 16:00:00,1763136023.0,0.0435
2025-11-14 17:00:00,1763139627.0,0.0435
2025-11-14 18:00:00,1763143224.0,0.0435
2025-11-14 19:00:00,1763146825.0,0.0435
2025-11-14 20:00:00,1763150423.0,0.0435
2025-11-14 21:00:00,1763154039.0,0.0435
2025-11-14 22:00:00,1763157625.0,0.0425
2025-11-14 23:00:00,1763161224.0,0.0425
2025-11-15 00:00:00,1763164821.0,0.0425
2025-11-15 01:00:00,1763168419.0,0.0425
2025-11-15 02:00:00,1763172022.0,0.0425
2025-11-15 03:00:00,1763175625.0,0.0425
2025-11-15 04:00:00,1763179223.0,0.0425
2025-11-15 05:00:00,1763182824.0,0.0425
2025-11-15 06:00:00,1763186424.0,0.0425
2025-11-15 07:00:00,1763190025.0,0.0425
2025-11-15 08:00:00,1763193622.0,0.0425
2025-11-15 09:00:00,1763197226.0,0.043
2025-11-15 10:00:00,1763200824.0,0.043
2025-11-15 11:00:00,1763204423.0,0.0425
2025-11-15 12:00:00,1763208028.0,0.04
2025-11-15 13:00:00,1763211623.0,0.0405
2025-11-15 14:00:00,1763215224.0,0.041
2025-11-15 15:00:00,1763218825.0,0.041
2025-11-15 16:00:00,1763222424.0,0.041
2025-11-15 17:00:00,1763226027.0,0.041
2025-11-15 18:00:00,1763229626.0,0.041
2025-11-15 19:00:00,1763233226.0,0.041
2025-11-15 20:00:00,1763236825.0,0.041
2025-11-15 21:00:00,1763240427.0,0.041
2025-11-15 22:00:00,1763244024.0,0.041
2025-11-15 23:00:00,1763247623.0,0.0405
2025-11-16 00:00:00,1763251214.0,0.0405
2025-11-16 01:00:00,1763254824.0,0.0405
2025-11-16 02:00:00,1763258417.0,0.0405
2025-11-16 03:00:00,1763262021.0,0.0405
2025-11-16 04:00:00,1763265620.0,0.0405
2025-11-16 05:00:00,1763269219.0,0.0405
2025-11-16 06:00:00,1763272821.0,0.0405
2025-11-16 07:00:00,1763276420.0,0.0405
2025-11-16 08:00:00,1763280018.0,0.0405
2025-11-16 09:00:00,1763283622.0,0.0405
2025-11-16 10:00:00,1763287221.0,0.0405
2025-11-16 11:00:00,1763290820.0,0.0405
2025-11-16 12:00:00,1763294424.0,0.0405
2025-11-16 13:00:00,1763298020.0,0.0435
2025-11-16 14:00:00,1763301621.0,0.0435
2025-11-16 15:00:00,1763305222.0,0.0435
2025-11-16 16:00:00,1763308821.0,0.0435
2025-11-16 17:00:00,1763312424.0,0.0435
2025-11-16 18:00:00,1763316027.0,0.0435
2025-11-16 19:00:00,1763319622.0,0.0435
2025-11-16 20:00:00,1763323222.0,0.0435
2025-11-16 21:00:00,1763326825.0,0.0435
2025-11-16 22:00:00,1763330422.0,0.0435
2025-11-16 23:00:00,1763334021.0,0.0435
2025-11-17 00:00:00,1763337619.0,0.0435
2025-11-17 01:00:00,1763341217.0,0.0435
2025-11-17 02:00:00,1763344819.0,0.0435
2025-11-17 03:00:00,1763348421.0,0.0435
2025-11-17 04:00:00,1763352020.0,0.0435
2025-11-17 05:00:00,1763355621.0,0.0435
2025-11-17 06:00:00,1763359222.0,0.041
2025-11-17 07:00:00,1763362822.0,0.041
2025-11-17 08:00:00,1763366434.0,0.041
2025-11-17 09:00:00,1763370041.0,0.041
2025-11-17 10:00:00,1763373625.0,0.041
2025-11-17 11:00:00,1763377221.0,0.043
2025-11-17 12:00:00,1763380824.0,0.0425
2025-11-17 13:00:00,1763384421.0,0.0425
2025-11-17 14:00:00,1763388020.0,0.0425
2025-11-17 15:00:00,1763391638.0,0.0405
2025-11-17 16:00:00,1763395220.0,0.04
2025-11-17 17:00:00,1763398824.0,0.041
2025-11-17 18:00:00,1763402423.0,0.036
2025-11-17 19:00:00,1763406023.0,0.036
2025-11-17 20:00:00,1763409622.0,0.036
2025-11-17 21:00:00,1763413224.0,0.036
2025-11-17 22:00:00,1763416824.0,0.036
2025-11-17 23:00:00,1763420424.0,0.0355
2025-11-18 00:00:00,1763424015.0,0.0405
2025-11-18 01:00:00,1763427614.0,0.041
2025-11-18 02:00:00,1763431216.0,0.0405
2025-11-18 03:00:00,1763434821.0,0.0395
2025-11-18 04:00:00,1763438421.0,0.039
2025-11-18 05:00:00,1763442021.0,0.039
2025-11-18 06:00:00,1763445622.0,0.039
2025-11-18 07:00:00,1763449222.0,0.039
2025-11-18 08:00:00,1763452820.0,0.039
2025-11-18 09:00:00,1763456423.0,0.039
2025-11-18 10:00:00,1763460021.0,0.039
2025-11-18 11:00:00,1763463620.0,0.039
2025-11-18 12:00:00,1763467226.0,0.039
2025-11-18 13:00:00,1763470823.0,0.038
2025-11-18 14:00:00,1763474422.0,0.038
2025-11-18 15:00:00,1763478024.0,0.0405
2025-11-18 16:00:00,1763481623.0,0.0385
2025-11-18 17:00:00,1763485223.0,0.0385
2025-11-18 18:00:00,1763488824.0,0.0385
2025-11-18 19:00:00,1763492424.0,0.037
2025-11-18 20:00:00,1763496023.0,0.037
2025-11-18 21:00:00,1763499627.0,0.037
2025-11-18 22:00:00,1763503223.0,0.037
2025-11-18 23:00:00,1763506839.0,0.037
2025-11-19 00:00:00,1763510422.0,0.037
2025-11-19 01:00:00,1763514021.0,0.037
2025-11-19 02:00:00,1763517622.0,0.037
2025-11-19 03:00:00,1763521225.0,0.037
2025-11-19 04:00:00,1763524824.0,0.0365
2025-11-19 05:00:00,1763528423.0,0.0365
2025-11-19 06:00:00,1763532026.0,0.0355
2025-11-19 07:00:00,1763535624.0,0.0355
2025-11-19 08:00:00,1763539224.0,0.0355
2025-11-19 09:00:00,1763542826.0,0.035
2025-11-19 10:00:00,1763546424.0,0.035
2025-11-19 11:00:00,1763550023.0,0.0325
2025-11-19 12:00:00,1763553628.0,0.0325
2025-11-19 13:00:00,1763557222.0,0.032
2025-11-19 14:00:00,1763560837.0,0.032
2025-11-19 15:00:00,1763564425.0,0.0335
2025-11-19 16:00:00,1763568036.0,0.033
2025-11-19 17:00:00,1763571626.0,0.033
2025-11-19 18:00:00,1763575233.0,0.033
2025-11-19 19:00:00,1763578825.0,0.033
2025-11-19 20:00:00,1763582423.0,0.033
2025-11-19 21:00:00,1763586027.0,0.033
2025-11-19 22:00:00,1763589623.0,0.033
2025-11-19 23:00:00,1763593239.0,0.0325
2025-11-20 00:00:00,1763596815.0,0.0325
2025-11-20 01:00:00,1763600415.0,0.0325
2025-11-20 02:00:00,1763604019.0,0.0325
2025-11-20 03:00:00,1763607623.0,0.0325
2025-11-20 04:00:00,1763611224.0,0.0325
2025-11-20 05:00:00,1763614821.0,0.0325
2025-11-20 06:00:00,1763618425.0,0.0325
2025-11-20 07:00:00,1763622031.0,0.0325
2025-11-20 08:00:00,1763625622.0,0.0325
2025-11-20 09:00:00,1763629226.0,0.032
2025-11-20 10:00:00,1763632822.0,0.0315
2025-11-20 11:00:00,1763636423.0,0.031
2025-11-20 12:00:00,1763640016.0,0.028
2025-11-20 13:00:00,1763643612.0,0.026
2025-11-20 14:00:00,1763647211.0,0.025
2025-11-20 15:00:00,1763650813.0,0.025
2025-11-20 16:00:00,1763654412.0,0.0255
2025-11-20 17:00:00,1763658017.0,0.0255
2025-11-20 18:00:00,1763661616.0,0.0255
2025-11-20 19:00:00,1763665212.0,0.0255
2025-11-20 20:00:00,1763668814.0,0.0255
2025-11-20 21:00:00,1763672418.0,0.0255
2025-11-20 22:00:00,1763676027.0,0.0255
2025-11-20 23:00:00,1763679613.0,0.0255
2025-11-21 00:00:00,1763683224.0,0.0255
2025-11-21 01:00:00,1763686812.0,0.0255
2025-11-21 02:00:00,1763690412.0,0.025
2025-11-21 03:00:00,1763694015.0,0.025
2025-11-21 04:00:00,1763697626.0,0.025
2025-11-21 05:00:00,1763701218.0,0.025
2025-11-21 06:00:00,1763704814.0,0.025
2025-11-21 07:00:00,1763708412.0,0.025
2025-11-21 08:00:00,1763712012.0,0.025
2025-11-21 09:00:00,1763715614.0,0.025
2025-11-21 10:00:00,1763719212.0,0.025
2025-11-21 11:00:00,1763722815.0,0.025
2025-11-21 12:00:00,1763726416.0,0.025
2025-11-21 13:00:00,1763730026.0,0.025
2025-11-21 14:00:00,1763733615.0,0.025
2025-11-21 15:00:00,1763737214.0,0.025
2025-11-21 16:00:00,1763740813.0,0.025
2025-11-21 17:00:00,1763744429.0,0.025
2025-11-21 18:00:00,1763748014.0,0.025
2025-11-21 19:00:00,1763751613.0,0.025
2025-11-21 20:00:00,1763755214.0,0.025
2025-11-21 21:00:00,1763758814.0,0.025
2025-11-21 22:00:00,1763762413.0,0.025
2025-11-21 23:00:00,1763766019.0,0.025
2025-11-22 00:00:00,1763769616.0,0.025
2025-11-22 01:00:00,1763773213.0,0.025
2025-11-22 02:00:00,1763776811.0,0.025
2025-11-22 03:00:00,1763780414.0,0.025
2025-11-22 04:00:00,1763784028.0,0.025
2025-11-22 05:00:00,1763787618.0,0.025
2025-11-22 06:00:00,1763791226.0,0.025
2025-11-22 07:00:00,1763794811.0,0.025
2025-11-22 08:00:00,1763798411.0,0.025
2025-11-22 09:00:00,1763802015.0,0.025
2025-11-22 10:00:00,1763805612.0,0.025
2025-11-22 11:00:00,1763809214.0,0.025
2025-11-22 12:00:00,1763812816.0,0.025
2025-11-22 13:00:00,1763816425.0,0.025
2025-11-22 14:00:00,1763820013.0,0.0245
2025-11-22 15:00:00,1763823613.0,0.0245
2025-11-22 16:00:00,1763827212.0,0.0245
2025-11-22 17:00:00,1763830827.0,0.0245
2025-11-22 18:00:00,1763834413.0,0.0245
2025-11-22 19:00:00,1763838011.0,0.0245
2025-11-22 20:00:00,1763841612.0,0.0245
2025-11-22 21:00:00,1763845214.0,0.0245
2025-11-22 22:00:00,1763848811.0,0.0245
2025-11-22 23:00:00,1763852412.0,0.0245
2025-11-23 00:00:00,1763856017.0,0.0245
2025-11-23 01:00:00,1763859624.0,0.0245
2025-11-23 02:00:00,1763863212.0,0.0245
2025-11-23 03:00:00,1763866816.0,0.0245
2025-11-23 04:00:00,1763870411.0,0.0245
2025-11-23 05:00:00,1763874011.0,0.0245
2025-11-23 06:00:00,1763877624.0,0.0245
2025-11-23 07:00:00,1763881211.0,0.0245
2025-11-23 08:00:00,1763884811.0,0.024
2025-11-23 09:00:00,1763888413.0,0.024
2025-11-23 10:00:00,1763892011.0,0.0235
2025-11-23 11:00:00,1763895613.0,0.023
2025-11-23 12:00:00,1763899215.0,0.023
2025-11-23 13:00:00,1763902811.0,0.023
2025-11-23 14:00:00,1763906413.0,0.023
2025-11-23 15:00:00,1763910013.0,0.023
2025-11-23 16:00:00,1763913611.0,0.023
2025-11-23 17:00:00,1763917231.0,0.023
2025-11-23 18:00:00,1763920815.0,0.023
2025-11-23 19:00:00,1763924411.0,0.024
2025-11-23 20:00:00,1763928012.0,0.0235
2025-11-23 21:00:00,1763931630.0,0.0235
2025-11-23 22:00:00,1763935211.0,0.0235
2025-11-23 23:00:00,1763938812.0,0.0235
2025-11-24 00:00:00,1763942415.0,0.0235
2025-11-24 01:00:00,1763946009.0,0.0235
2025-11-24 02:00:00,1763949608.0,0.0235
2025-11-24 03:00:00,1763953210.0,0.023
2025-11-24 04:00:00,1763956808.0,0.023
2025-11-24 05:00:00,1763960409.0,0.023
2025-11-24 06:00:00,1763964020.0,0.023
2025-11-24 07:00:00,1763967609.0,0.023
2025-11-24 08:00:00,1763971209.0,0.023
2025-11-24 09:00:00,1763974810.0,0.023
2025-11-24 10:00:00,1763978409.0,0.023
2025-11-24 11:00:00,1763982008.0,0.023
2025-11-24 12:00:00,1763985611.0,0.023
2025-11-24 13:00:00,1763989209.0,0.0235
2025-11-24 14:00:00,1763992811.0,0.024
2025-11-24 15:00:00,1763996410.0,0.0225
2025-11-24 16:00:00,1764000009.0,0.0205
2025-11-24 17:00:00,1764003615.0,0.0185
2025-11-24 18:00:00,1764007211.0,0.019
2025-11-24 19:00:00,1764010810.0,0.019
2025-11-24 20:00:00,1764014411.0,0.0185
2025-11-24 21:00:00,1764018024.0,0.019
2025-11-24 22:00:00,1764021623.0,0.021
2025-11-24 23:00:00,1764025224.0,0.0205
2025-11-25 00:00:00,1764028820.0,0.02
2025-11-25 01:00:00,1764032420.0,0.02
2025-11-25 02:00:00,1764036021.0,0.021
2025-11-25 03:00:00,1764039623.0,0.021
2025-11-25 04:00:00,1764043224.0,0.021
2025-11-25 05:00:00,1764046824.0,0.0205
2025-11-25 06:00:00,1764050424.0,0.0205
2025-11-25 07:00:00,1764054024.0,0.021
2025-11-25 08:00:00,1764057623.0,0.0215
2025-11-25 09:00:00,1764061225.0,0.021
2025-11-25 10:00:00,1764064824.0,0.0215
2025-11-25 11:00:00,1764068424.0,0.021
2025-11-25 12:00:00,1764072026.0,0.0215
2025-11-25 13:00:00,1764075623.0,0.0215
2025-11-25 14:00:00,1764079225.0,0.021
2025-11-25 15:00:00,1764082824.0,0.0315
2025-11-25 16:00:00,1764086424.0,0.0315
2025-11-25 17:00:00,1764090026.0,0.031
2025-11-25 18:00:00,1764093624.0,0.021
2025-11-25 19:00:00,1764097224.0,0.0205
2025-11-25 20:00:00,1764100825.0,0.0205
2025-11-25 21:00:00,1764104426.0,0.0205
2025-11-25 22:00:00,1764108025.0,0.02
2025-11-25 23:00:00,1764111625.0,0.0205
2025-11-26 00:00:00,1764115216.0,0.02
2025-11-26 01:00:00,1764118816.0,0.019
2025-11-26 02:00:00,1764122419.0,0.017
2025-11-26 03:00:00,1764126023.0,0.02
2025-11-26 04:00:00,1764129625.0,0.018
2025-11-26 05:00:00,1764133222.0,0.016
2025-11-26 06:00:00,1764136837.0,0.018
2025-11-26 07:00:00,1764140424.0,0.0165
2025-11-26 08:00:00,1764144026.0,0.018
2025-11-26 09:00:00,1764147625.0,0.018
2025-11-26 10:00:00,1764151223.0,0.018
2025-11-26 11:00:00,1764154825.0,0.006
2025-11-26 12:00:00,1764158441.0,0.006
2025-11-26 13:00:00,1764162023.0,0.006
2025-11-26 14:00:00,1764165625.0,0.009
2025-11-26 15:00:00,1764169223.0,0.009
2025-11-26 16:00:00,1764172826.0,0.009
2025-11-26 17:00:00,1764176429.0,0.0055
2025-11-26 18:00:00,1764180027.0,0.006
2025-11-26 19:00:00,1764183628.0,0.006
2025-11-26 20:00:00,1764187225.0,0.0055
2025-11-26 21:00:00,1764190828.0,0.0095
2025-11-26 22:00:00,1764194425.0,0.009
2025-11-26 23:00:00,1764198026.0,0.009
2025-11-27 00:00:00,1764201621.0,0.009
2025-11-27 01:00:00,1764205231.0,0.009
2025-11-27 02:00:00,1764208823.0,0.009
2025-11-27 03:00:00,1764212425.0,0.009
2025-11-27 04:00:00,1764216027.0,0.008
2025-11-27 05:00:00,1764219626.0,0.008
2025-11-27 06:00:00,1764223227.0,0.0075
2025-11-27 07:00:00,1764226828.0,0.0075
2025-11-27 08:00:00,1764230425.0,0.007
2025-11-27 09:00:00,1764234027.0,0.006
2025-11-27 10:00:00,1764237626.0,0.0065
2025-11-27 11:00:00,1764241226.0,0.006
2025-11-27 12:00:00,1764244832.0,0.005
2025-11-27 13:00:00,1764248424.0,0.006
2025-11-27 14:00:00,1764252027.0,0.006
2025-11-27 15:00:00,1764255625.0,0.005
2025-11-27 16:00:00,1764259226.0,0.005
2025-11-27 17:00:00,1764262829.0,0.005
2025-11-27 18:00:00,1764266427.0,0.006
2025-11-27 19:00:00,1764270028.0,0.0035
2025-11-27 20:00:00,1764273627.0,0.004
2025-11-27 21:00:00,1764277229.0,0.004
2025-11-27 22:00:00,1764280826.0,0.004
2025-11-27 23:00:00,1764284427.0,0.004
2025-11-28 00:00:00,1764288019.0,0.004
2025-11-28 01:00:00,1764291619.0,0.005
2025-11-28 02:00:00,1764295222.0,0.003
2025-11-28 03:00:00,1764298824.0,0.003
2025-11-28 04:00:00,1764302425.0,0.0035
2025-11-28 05:00:00,1764306024.0,0.004
2025-11-28 06:00:00,1764309626.0,0.005
2025-11-28 07:00:00,1764313228.0,0.0055
2025-11-28 08:00:00,1764316824.0,0.0055
2025-11-28 09:00:00,1764320428.0,0.006
2025-11-28 10:00:00,1764324025.0,0.0055
2025-11-28 11:00:00,1764327626.0,0.003
2025-11-28 12:00:00,1764331231.0,0.0035
2025-11-28 13:00:00,1764334825.0,0.003
2025-11-28 14:00:00,1764338428.0,0.003
2025-11-28 15:00:00,1764342027.0,0.003
2025-11-28 16:00:00,1764345640.0,0.003
2025-11-28 17:00:00,1764349231.0,0.003
2025-11-28 18:00:00,1764352827.0,0.003
2025-11-28 19:00:00,1764356429.0,0.0025
2025-11-28 20:00:00,1764360026.0,0.0025
2025-11-28 21:00:00,1764363631.0,0.003
2025-11-28 22:00:00,1764367229.0,0.0015
2025-11-28 23:00:00,1764370827.0,0.0015
2025-11-29 00:00:00,1764374426.0,0.0015
2025-11-29 01:00:00,1764378024.0,0.005
2025-11-29 02:00:00,1764381626.0,0.0055
2025-11-29 03:00:00,1764385215.0,0.005
2025-11-29 04:00:00,1764388826.0,0.005
2025-11-29 05:00:00,1764392426.0,0.0035
2025-11-29 06:00:00,1764396026.0,0.0035
2025-11-29 07:00:00,1764399628.0,0.0035
2025-11-29 08:00:00,1764403227.0,0.0055
2025-11-29 09:00:00,1764406829.0,0.006
2025-11-29 10:00:00,1764410441.0,0.007
2025-11-29 11:00:00,1764414027.0,0.006
2025-11-29 12:00:00,1764417632.0,0.0065
2025-11-29 13:00:00,1764421225.0,0.007
2025-11-29 14:00:00,1764424827.0,0.0075
2025-11-29 15:00:00,1764428427.0,0.0075
2025-11-29 16:00:00,1764432027.0,0.0075
2025-11-29 17:00:00,1764435630.0,0.0155
2025-11-29 18:00:00,1764439228.0,0.0155
2025-11-29 19:00:00,1764442828.0,0.0155
2025-11-29 20:00:00,1764446427.0,0.0125
2025-11-29 21:00:00,1764450030.0,0.012
2025-11-29 22:00:00,1764453615.0,0.0125
2025-11-29 23:00:00,1764457226.0,0.008
2025-11-30 00:00:00,1764460820.0,0.008
2025-11-30 01:00:00,1764464420.0,0.008
2025-11-30 02:00:00,1764468021.0,0.0075
2025-11-30 03:00:00,1764471625.0,0.0075
2025-11-30 04:00:00,1764475225.0,0.0065
2025-11-30 05:00:00,1764478823.0,0.0065
2025-11-30 06:00:00,1764482424.0,0.0065
2025-11-30 07:00:00,1764486028.0,0.0065
2025-11-30 08:00:00,1764489613.0,0.0065
2025-11-30 09:00:00,1764493227.0,0.0065
2025-11-30 10:00:00,1764496839.0,0.0065
2025-11-30 11:00:00,1764500425.0,0.007
2025-11-30 12:00:00,1764504057.0,0.0075
2025-11-30 13:00:00,1764507612.0,0.0075
2025-11-30 14:00:00,1764511226.0,0.0065
2025-11-30 15:00:00,1764514838.0,0.006
2025-11-30 16:00:00,1764518437.0,0.0065
2025-11-30 17:00:00,1764522028.0,0.005
2025-11-30 18:00:00,1764525627.0,0.005
2025-11-30 19:00:00,1764529226.0,0.005
2025-11-30 20:00:00,1764532826.0,0.005
2025-11-30 21:00:00,1764536428.0,0.0115
2025-11-30 22:00:00,1764540025.0,0.0085
2025-11-30 23:00:00,1764543631.0,0.013
2025-12-01 00:00:00,1764547223.0,0.013
2025-12-01 01:00:00,1764550822.0,0.009
2025-12-01 02:00:00,1764554422.0,0.009
2025-12-01 03:00:00,1764558036.0,0.0085
2025-12-01 04:00:00,1764561624.0,0.0085
2025-12-01 05:00:00,1764565224.0,0.0085
2025-12-01 06:00:00,1764568825.0,0.0065
2025-12-01 07:00:00,1764572425.0,0.0065
2025-12-01 08:00:00,1764576023.0,0.007
2025-12-01 09:00:00,1764579638.0,0.0065
2025-12-01 10:00:00,1764583237.0,0.0065
2025-12-01 11:00:00,1764586824.0,0.0075
2025-12-01 12:00:00,1764590438.0,0.007
2025-12-01 13:00:00,1764594023.0,0.0075
2025-12-01 14:00:00,1764597624.0,0.007
2025-12-01 15:00:00,1764601237.0,0.007
2025-12-01 16:00:00,1764604835.0,0.007
2025-12-01 17:00:00,1764608426.0,0.0065
2025-12-01 18:00:00,1764612038.0,0.0075
2025-12-01 19:00:00,1764615625.0,0.0075
2025-12-01 20:00:00,1764619224.0,0.007
2025-12-01 21:00:00,1764622826.0,0.006
2025-12-01 22:00:00,1764626424.0,0.006
2025-12-01 23:00:00,1764630024.0,0.0045
2025-12-02 00:00:00,1764633615.0,0.0055
2025-12-02 01:00:00,1764637215.0,0.0015
2025-12-02 02:00:00,1764640818.0,0.0015
2025-12-02 03:00:00,1764644420.0,0.0015
2025-12-02 04:00:00,1764648022.0,0.0015
2025-12-02 05:00:00,1764651620.0,0.0015
2025-12-02 06:00:00,1764655223.0,0.0015
2025-12-02 07:00:00,1764658823.0,0.0015
2025-12-02 08:00:00,1764662421.0,0.0035
2025-12-02 09:00:00,1764666023.0,0.003
2025-12-02 10:00:00,1764669621.0,0.0035
2025-12-02 11:00:00,1764673223.0,0.003
2025-12-02 12:00:00,1764676827.0,0.004
2025-12-02 13:00:00,1764680421.0,0.0035
2025-12-02 14:00:00,1764684023.0,0.003
2025-12-02 15:00:00,1764687623.0,0.002
2025-12-02 16:00:00,1764691210.0,0.002
2025-12-02 17:00:00,1764694826.0,0.0015
2025-12-02 18:00:00,1764698425.0,0.0035
2025-12-02 19:00:00,1764702025.0,0.0035
2025-12-02 20:00:00,1764705624.0,0.003
2025-12-02 21:00:00,1764709226.0,0.0015
2025-12-02 22:00:00,1764712824.0,0.0015
2025-12-02 23:00:00,1764716424.0,0.0015
2025-12-03 00:00:00,1764720023.0,0.0015
2025-12-03 01:00:00,1764723620.0,0.0015
2025-12-03 02:00:00,1764727222.0,0.0015
2025-12-03 03:00:00,1764730824.0,0.0015
2025-12-03 04:00:00,1764734426.0,0.0015
2025-12-03 05:00:00,1764738024.0,0.0015
2025-12-03 06:00:00,1764741626.0,0.0015
2025-12-03 07:00:00,1764745226.0,0.0015
2025-12-03 08:00:00,1764748823.0,0.0015
2025-12-03 09:00:00,1764752428.0,0.0015
2025-12-03 10:00:00,1764756025.0,0.0015
2025-12-03 11:00:00,1764759626.0,0.0015
2025-12-03 12:00:00,1764763231.0,0.0015
2025-12-03 13:00:00,1764766823.0,0.0015
2025-12-03 14:00:00,1764770426.0,0.0015
2025-12-03 15:00:00,1764774013.0,0.0015
2025-12-03 16:00:00,1764777625.0,0.0015
2025-12-03 17:00:00,1764781227.0,0.0015
2025-12-03 18:00:00,1764784827.0,0.0015
2025-12-03 19:00:00,1764788427.0,0.002
2025-12-03 20:00:00,1764792025.0,0.0025
2025-12-03 21:00:00,1764795629.0,0.0025
2025-12-03 22:00:00,1764799226.0,0.0035
2025-12-03 23:00:00,1764802826.0,0.004
2025-12-04 00:00:00,1764806415.0,0.003
2025-12-04 01:00:00,1764810015.0,0.0035
2025-12-04 02:00:00,1764813619.0,0.0045
2025-12-04 03:00:00,1764817223.0,0.0045
2025-12-04 04:00:00,1764820825.0,0.003
2025-12-04 05:00:00,1764824422.0,0.003
2025-12-04 06:00:00,1764828025.0,0.003
2025-12-04 07:00:00,1764831625.0,0.004
2025-12-04 08:00:00,1764835221.0,0.004
2025-12-04 09:00:00,1764838831.0,0.0025
2025-12-04 10:00:00,1764842423.0,0.0025
2025-12-04 11:00:00,1764846024.0,0.0025
2025-12-04 12:00:00,1764849631.0,0.0025
2025-12-04 13:00:00,1764853222.0,0.0035
2025-12-04 14:00:00,1764856824.0,0.0035
2025-12-04 15:00:00,1764860423.0,0.0035
2025-12-04 16:00:00,1764864011.0,0.004
2025-12-04 17:00:00,1764867616.0,0.004
2025-12-04 18:00:00,1764871215.0,0.004
2025-12-04 19:00:00,1764874812.0,0.004
2025-12-04 20:00:00,1764878412.0,0.004
2025-12-04 21:00:00,1764882013.0,0.003
2025-12-04 22:00:00,1764885611.0,0.003
2025-12-04 23:00:00,1764889212.0,0.003
2025-12-05 00:00:00,1764892817.0,0.004
2025-12-05 01:00:00,1764896412.0,0.003
2025-12-05 02:00:00,1764900012.0,0.003
2025-12-05 03:00:00,1764903616.0,0.003
2025-12-05 04:00:00,1764907213.0,0.003
2025-12-05 05:00:00,1764910812.0,0.003
2025-12-05 06:00:00,1764914414.0,0.003
2025-12-05 07:00:00,1764918012.0,0.003
2025-12-05 08:00:00,1764921612.0,0.004
2025-12-05 09:00:00,1764925215.0,0.004
2025-12-05 10:00:00,1764928812.0,0.004
2025-12-05 11:00:00,1764932412.0,0.004
2025-12-05 12:00:00,1764936019.0,0.004
2025-12-05 13:00:00,1764939612.0,0.004
2025-12-05 14:00:00,1764943213.0,0.0045
2025-12-05 15:00:00,1764946815.0,0.0045
2025-12-05 16:00:00,1764950413.0,0.0045
2025-12-05 17:00:00,1764954015.0,0.0045
2025-12-05 18:00:00,1764957614.0,0.0045
2025-12-05 19:00:00,1764961217.0,0.021
2025-12-05 20:00:00,1764964813.0,0.021
2025-12-05 21:00:00,1764968417.0,0.021
2025-12-05 22:00:00,1764972013.0,0.008
2025-12-05 23:00:00,1764975613.0,0.0065
2025-12-06 00:00:00,1764979218.0,0.0055
2025-12-06 01:00:00,1764982813.0,0.0055
2025-12-06 02:00:00,1764986414.0,0.0055
2025-12-06 03:00:00,1764990015.0,0.0055
2025-12-06 04:00:00,1764993613.0,0.0055
2025-12-06 05:00:00,1764997213.0,0.0055
2025-12-06 06:00:00,1765000816.0,0.0055
2025-12-06 07:00:00,1765004428.0,0.0055
2025-12-06 08:00:00,1765008014.0,0.0055
2025-12-06 09:00:00,1765011618.0,0.0055
2025-12-06 10:00:00,1765015215.0,0.005
2025-12-06 11:00:00,1765018814.0,0.005
2025-12-06 12:00:00,1765022419.0,0.005
2025-12-06 13:00:00,1765026014.0,0.005
2025-12-06 14:00:00,1765029614.0,0.005
2025-12-06 15:00:00,1765033216.0,0.005
2025-12-06 16:00:00,1765036813.0,0.005
2025-12-06 17:00:00,1765040422.0,0.005
2025-12-06 18:00:00,1765044016.0,0.005
2025-12-06 19:00:00,1765047616.0,0.005
2025-12-06 20:00:00,1765051215.0,0.005
2025-12-06 21:00:00,1765054816.0,0.005
2025-12-06 22:00:00,1765058413.0,0.005
2025-12-06 23:00:00,1765062013.0,0.004
2025-12-07 00:00:00,1765065631.0,0.004
2025-12-07 01:00:00,1765069215.0,0.004
2025-12-07 02:00:00,1765072813.0,0.004
2025-12-07 03:00:00,1765076417.0,0.004
2025-12-07 04:00:00,1765080012.0,0.004
2025-12-07 05:00:00,1765083613.0,0.004
2025-12-07 06:00:00,1765087228.0,0.004
2025-12-07 07:00:00,1765090813.0,0.004
2025-12-07 08:00:00,1765094414.0,0.004
2025-12-07 09:00:00,1765098015.0,0.004
2025-12-07 10:00:00,1765101613.0,0.004
2025-12-07 11:00:00,1765105213.0,0.003
2025-12-07 12:00:00,1765108822.0,0.003
2025-12-07 13:00:00,1765112413.0,0.003
2025-12-07 14:00:00,1765116013.0,0.003
2025-12-07 15:00:00,1765119615.0,0.005
2025-12-07 16:00:00,1765123213.0,0.005
2025-12-07 17:00:00,1765126818.0,0.005
2025-12-07 18:00:00,1765130428.0,0.0045
2025-12-07 19:00:00,1765134014.0,0.0045
2025-12-07 20:00:00,1765137628.0,0.005
2025-12-07 21:00:00,1765141217.0,0.005
2025-12-07 22:00:00,1765144813.0,0.0035
2025-12-07 23:00:00,1765148412.0,0.0035
2025-12-08 00:00:00,1765152030.0,0.003
2025-12-08 01:00:00,1765155626.0,0.003
2025-12-08 02:00:00,1765159212.0,0.003
2025-12-08 03:00:00,1765162813.0,0.003
2025-12-08 04:00:00,1765166412.0,0.003
2025-12-08 05:00:00,1765170011.0,0.003
2025-12-08 06:00:00,1765173614.0,0.003
2025-12-08 07:00:00,1765177212.0,0.0025
2025-12-08 08:00:00,1765180812.0,0.0025
2025-12-08 09:00:00,1765184414.0,0.0025
2025-12-08 10:00:00,1765188011.0,0.0025
2025-12-08 11:00:00,1765191611.0,0.0025
2025-12-08 12:00:00,1765195232.0,0.0025
2025-12-08 13:00:00,1765198815.0,0.0025
2025-12-08 14:00:00,1765202411.0,0.0105
2025-12-08 15:00:00,1765206013.0,0.0105
2025-12-08 16:00:00,1765209625.0,0.0105
2025-12-08 17:00:00,1765213214.0,0.0105
2025-12-08 18:00:00,1765216812.0,0.0105
2025-12-08 19:00:00,1765220412.0,0.0105
2025-12-08 20:00:00,1765224014.0,0.0105
2025-12-08 21:00:00,1765227628.0,0.0105
2025-12-08 22:00:00,1765231211.0,0.0105
2025-12-08 23:00:00,1765234814.0,0.0105
2025-12-09 00:00:00,1765238427.0,0.0105
2025-12-09 01:00:00,1765242021.0,0.0105
2025-12-09 02:00:00,1765245615.0,0.0105
2025-12-09 03:00:00,1765249214.0,0.0105
2025-12-09 04:00:00,1765252812.0,0.0105
2025-12-09 05:00:00,1765256412.0,0.0105
2025-12-09 06:00:00,1765260017.0,0.0105
2025-12-09 07:00:00,1765263623.0,0.0105
2025-12-09 08:00:00,1765267216.0,0.0105
2025-12-09 09:00:00,1765270816.0,0.011
2025-12-09 10:00:00,1765274413.0,0.0175
2025-12-09 11:00:00,1765278014.0,0.0155
2025-12-09 12:00:00,1765281617.0,0.0155
2025-12-09 13:00:00,1765285216.0,0.013
2025-12-09 14:00:00,1765288829.0,0.012
2025-12-09 15:00:00,1765292418.0,0.011
2025-12-09 16:00:00,1765296012.0,0.011
2025-12-09 17:00:00,1765299617.0,0.011
2025-12-09 18:00:00,1765303214.0,0.0115
2025-12-09 19:00:00,1765306812.0,0.012
2025-12-09 20:00:00,1765310414.0,0.0255
2025-12-09 21:00:00,1765314018.0,0.024
2025-12-09 22:00:00,1765317614.0,0.0175
2025-12-09 23:00:00,1765321215.0,0.011
2025-12-10 00:00:00,1765324815.0,0.011
2025-12-10 01:00:00,1765328422.0,0.0105
2025-12-10 02:00:00,1765332009.0,0.0105
2025-12-10 03:00:00,1765335612.0,0.0105
2025-12-10 04:00:00,1765339210.0,0.0115
2025-12-10 05:00:00,1765342812.0,0.012
2025-12-10 06:00:00,1765346414.0,0.012
2025-12-10 07:00:00,1765350010.0,0.0115
2025-12-10 08:00:00,1765353611.0,0.012
2025-12-10 09:00:00,1765357226.0,0.011
2025-12-10 10:00:00,1765360810.0,0.011
2025-12-10 11:00:00,1765364410.0,0.0115
2025-12-10 12:00:00,1765368029.0,0.0115
2025-12-10 13:00:00,1765371610.0,0.0115
2025-12-10 14:00:00,1765375209.0,0.0115
2025-12-10 15:00:00,1765378814.0,0.0115
2025-12-10 16:00:00,1765382410.0,0.0115
2025-12-10 17:00:00,1765386014.0,0.0115
2025-12-10 18:00:00,1765389612.0,0.02
2025-12-10 19:00:00,1765393211.0,0.02
2025-12-10 20:00:00,1765396810.0,0.018
2025-12-10 21:00:00,1765400413.0,0.018
2025-12-10 22:00:00,1765404010.0,0.018
2025-12-10 23:00:00,1765407611.0,0.018
2025-12-11 00:00:00,1765411216.0,0.017
2025-12-11 01:00:00,1765414818.0,0.012
2025-12-11 02:00:00,1765418423.0,0.0115
2025-12-11 03:00:00,1765422014.0,0.0115
2025-12-11 04:00:00,1765425629.0,0.0115
2025-12-11 05:00:00,1765429225.0,0.012
2025-12-11 06:00:00,1765432813.0,0.013
2025-12-11 07:00:00,1765436411.0,0.012
2025-12-11 08:00:00,1765440012.0,0.012
2025-12-11 09:00:00,1765443613.0,0.0135
2025-12-11 10:00:00,1765447214.0,0.012
2025-12-11 11:00:00,1765450826.0,0.011
2025-12-11 12:00:00,1765454418.0,0.011
2025-12-11 13:00:00,1765458013.0,0.011
2025-12-11 14:00:00,1765461611.0,0.012
2025-12-11 15:00:00,1765465214.0,0.0105
2025-12-11 16:00:00,1765468821.0,0.0105
2025-12-11 17:00:00,1765472416.0,0.0115
2025-12-11 18:00:00,1765476013.0,0.0115
2025-12-11 19:00:00,1765479626.0,0.0115
2025-12-11 20:00:00,1765483215.0,0.012
2025-12-11 21:00:00,1765486814.0,0.012
2025-12-11 22:00:00,1765490412.0,0.012
2025-12-11 23:00:00,1765494013.0,0.012
2025-12-12 00:00:00,1765497616.0,0.0125
2025-12-12 01:00:00,1765501211.0,0.014
2025-12-12 02:00:00,1765504811.0,0.014
2025-12-12 03:00:00,1765508416.0,0.0135
2025-12-12 04:00:00,1765512012.0,0.013
2025-12-12 05:00:00,1765515625.0,0.0125
2025-12-12 06:00:00,1765519215.0,0.0125
2025-12-12 07:00:00,1765522812.0,0.0115
2025-12-12 08:00:00,1765526411.0,0.0125
2025-12-12 09:00:00,1765530014.0,0.012
2025-12-12 10:00:00,1765533612.0,0.012
2025-12-12 11:00:00,1765537214.0,0.012
2025-12-12 12:00:00,1765540818.0,0.012
2025-12-12 13:00:00,1765544412.0,0.012
2025-12-12 14:00:00,1765548012.0,0.016
2025-12-12 15:00:00,1765551614.0,0.016
2025-12-12 16:00:00,1765555213.0,0.0145
2025-12-12 17:00:00,1765558821.0,0.012
2025-12-12 18:00:00,1765562415.0,0.011
2025-12-12 19:00:00,1765566013.0,0.011
2025-12-12 20:00:00,1765569616.0,0.0125
2025-12-12 21:00:00,1765573216.0,0.004
2025-12-12 22:00:00,1765576817.0,0.0115
2025-12-12 23:00:00,1765580413.0,0.006
2025-12-13 00:00:00,1765584018.0,0.006
2025-12-13 01:00:00,1765587613.0,0.0055
2025-12-13 02:00:00,1765591213.0,0.006
2025-12-13 03:00:00,1765594815.0,0.006
2025-12-13 04:00:00,1765598414.0,0.005
2025-12-13 05:00:00,1765602013.0,0.005
2025-12-13 06:00:00,1765605628.0,0.005
2025-12-13 07:00:00,1765609213.0,0.005
2025-12-13 08:00:00,1765612813.0,0.0085
2025-12-13 09:00:00,1765616416.0,0.0095
2025-12-13 10:00:00,1765620013.0,0.007
2025-12-13 11:00:00,1765623613.0,0.0075
2025-12-13 12:00:00,1765627220.0,0.008
2025-12-13 13:00:00,1765630813.0,0.0065
2025-12-13 14:00:00,1765634428.0,0.0065
2025-12-13 15:00:00,1765638016.0,0.0075
2025-12-13 16:00:00,1765641613.0,0.0075
2025-12-13 17:00:00,1765645217.0,0.0075
2025-12-13 18:00:00,1765648817.0,0.006
2025-12-13 19:00:00,1765652413.0,0.0055
2025-12-13 20:00:00,1765656014.0,0.0055
2025-12-13 21:00:00,1765659616.0,0.005
2025-12-13 22:00:00,1765663216.0,0.005
2025-12-13 23:00:00,1765666814.0,0.005
2025-12-14 00:00:00,1765670419.0,0.005
2025-12-14 01:00:00,1765674013.0,0.005
2025-12-14 02:00:00,1765677613.0,0.005
2025-12-14 03:00:00,1765681216.0,0.005
2025-12-14 04:00:00,1765684813.0,0.0045
2025-12-14 05:00:00,1765688413.0,0.0045
2025-12-14 06:00:00,1765692016.0,0.0045
2025-12-14 07:00:00,1765695613.0,0.0045
2025-12-14 08:00:00,1765699213.0,0.0045
2025-12-14 09:00:00,1765702816.0,0.0045
2025-12-14 10:00:00,1765706414.0,0.005
2025-12-14 11:00:00,1765710013.0,0.005
2025-12-14 12:00:00,1765713619.0,0.005
2025-12-14 13:00:00,1765717213.0,0.005
2025-12-14 14:00:00,1765720813.0,0.005
2025-12-14 15:00:00,1765724416.0,0.005
2025-12-14 16:00:00,1765728014.0,0.005
2025-12-14 17:00:00,1765731618.0,0.0055
2025-12-14 18:00:00,1765735216.0,0.006
2025-12-14 19:00:00,1765738816.0,0.006
2025-12-14 20:00:00,1765742417.0,0.005
2025-12-14 21:00:00,1765746017.0,0.005
2025-12-14 22:00:00,1765749613.0,0.005
2025-12-14 23:00:00,1765753213.0,0.005
2025-12-15 00:00:00,1765756821.0,0.005
2025-12-15 01:00:00,1765760413.0,0.0045
2025-12-15 02:00:00,1765764013.0,0.003
2025-12-15 03:00:00,1765767616.0,0.0025
2025-12-15 04:00:00,1765771216.0,0.0025
2025-12-15 05:00:00,1765774813.0,0.0025
2025-12-15 06:00:00,1765778418.0,0.0025
2025-12-15 07:00:00,1765782012.0,0.0025
2025-12-15 08:00:00,1765785613.0,0.0025
2025-12-15 09:00:00,1765789225.0,0.0025
2025-12-15 10:00:00,1765792812.0,0.0025
2025-12-15 11:00:00,1765796415.0,0.003
2025-12-15 12:00:00,1765800017.0,0.003
2025-12-15 13:00:00,1765803626.0,0.003
2025-12-15 14:00:00,1765807213.0,0.002
2025-12-15 15:00:00,1765810816.0,0.002
2025-12-15 16:00:00,1765814413.0,0.009
2025-12-15 17:00:00,1765818016.0,0.0035
2025-12-15 18:00:00,1765821632.0,0.0075
2025-12-15 19:00:00,1765825213.0,0.007
2025-12-15 20:00:00,1765828812.0,0.005
2025-12-15 21:00:00,1765832415.0,0.0025
2025-12-15 22:00:00,1765836028.0,0.0035
2025-12-15 23:00:00,1765839613.0,0.0035
2025-12-16 00:00:00,1765843217.0,0.0035
2025-12-16 01:00:00,1765846819.0,0.0035
2025-12-16 02:00:00,1765850412.0,0.0035
2025-12-16 03:00:00,1765854015.0,0.0035
2025-12-16 04:00:00,1765857612.0,0.003
2025-12-16 05:00:00,1765861212.0,0.003
2025-12-16 06:00:00,1765864815.0,0.003
2025-12-16 07:00:00,1765868419.0,0.003
2025-12-16 08:00:00,1765872024.0,0.003
2025-12-16 09:00:00,1765875615.0,0.003
2025-12-16 10:00:00,1765879212.0,0.0025
2025-12-16 11:00:00,1765882812.0,0.0025
2025-12-16 12:00:00,1765886430.0,0.0025
2025-12-16 13:00:00,1765890012.0,0.003
2025-12-16 14:00:00,1765893626.0,0.006
2025-12-16 15:00:00,1765897214.0,0.006
2025-12-16 16:00:00,1765900829.0,0.006
2025-12-16 17:00:00,1765904414.0,0.006
2025-12-16 18:00:00,1765908015.0,0.003
2025-12-16 19:00:00,1765911615.0,0.003
2025-12-16 20:00:00,1765915213.0,0.0025
2025-12-16 21:00:00,1765918816.0,0.0035
2025-12-16 22:00:00,1765922413.0,0.002
2025-12-16 23:00:00,1765926014.0,0.002
2025-12-17 00:00:00,1765929615.0,0.003
2025-12-17 01:00:00,1765933213.0,0.004
2025-12-17 02:00:00,1765936813.0,0.0025
2025-12-17 03:00:00,1765940429.0,0.0025
2025-12-17 04:00:00,1765944013.0,0.0015
2025-12-17 05:00:00,1765947614.0,0.0045
2025-12-17 06:00:00,1765951229.0,0.004
2025-12-17 07:00:00,1765954815.0,0.004
2025-12-17 08:00:00,1765958425.0,0.004
2025-12-17 09:00:00,1765962017.0,0.004
2025-12-17 10:00:00,1765965614.0,0.0035
2025-12-17 11:00:00,1765969216.0,0.0045
2025-12-17 12:00:00,1765972824.0,0.0035
2025-12-17 13:00:00,1765976413.0,0.003
2025-12-17 14:00:00,1765980013.0,0.0025
2025-12-17 15:00:00,1765983618.0,0.0025
2025-12-17 16:00:00,1765987214.0,0.002
2025-12-17 17:00:00,1765990813.0,0.0025
2025-12-17 18:00:00,1765994416.0,0.0025
2025-12-17 19:00:00,1765998018.0,0.0025
2025-12-17 20:00:00,1766001613.0,0.0025
2025-12-17 21:00:00,1766005218.0,0.0025
2025-12-17 22:00:00,1766008813.0,0.0025
2025-12-17 23:00:00,1766012413.0,0.0055
2025-12-18 00:00:00,1766016025.0,0.004
2025-12-18 01:00:00,1766019611.0,0.0045
2025-12-18 02:00:00,1766023211.0,0.0035
2025-12-18 03:00:00,1766026814.0,0.002
2025-12-18 04:00:00,1766030411.0,0.0025
2025-12-18 05:00:00,1766034022.0,0.0025
2025-12-18 06:00:00,1766037614.0,0.0025
2025-12-18 07:00:00,1766041212.0,0.0025
2025-12-18 08:00:00,1766044811.0,0.0025
2025-12-18 09:00:00,1766048414.0,0.0025
2025-12-18 10:00:00,1766052025.0,0.0025
2025-12-18 11:00:00,1766055612.0,0.005
2025-12-18 12:00:00,1766059216.0,0.0045
2025-12-18 13:00:00,1766062814.0,0.004
2025-12-18 14:00:00,1766066426.0,0.004
2025-12-18 15:00:00,1766070014.0,0.003
2025-12-18 16:00:00,1766073626.0,0.008
2025-12-18 17:00:00,1766077218.0,0.0075
2025-12-18 18:00:00,1766080816.0,0.003
2025-12-18 19:00:00,1766084416.0,0.003
2025-12-18 20:00:00,1766088014.0,0.003
2025-12-18 21:00:00,1766091616.0,0.003
2025-12-18 22:00:00,1766095214.0,0.003
2025-12-18 23:00:00,1766098812.0,0.002
2025-12-19 00:00:00,1766102417.0,0.002
2025-12-19 01:00:00,1766106012.0,0.002
2025-12-19 02:00:00,1766109613.0,0.002
2025-12-19 03:00:00,1766113215.0,0.002
2025-12-19 04:00:00,1766116814.0,0.0025
2025-12-19 05:00:00,1766120413.0,0.0025
2025-12-19 06:00:00,1766124016.0,0.0025
2025-12-19 07:00:00,1766127614.0,0.0025
2025-12-19 08:00:00,1766131214.0,0.0025
2025-12-19 09:00:00,1766134819.0,0.0025
2025-12-19 10:00:00,1766138413.0,0.003
2025-12-19 11:00:00,1766142013.0,0.0035
2025-12-19 12:00:00,1766145618.0,0.0035
2025-12-19 13:00:00,1766149214.0,0.003
2025-12-19 14:00:00,1766152813.0,0.003
2025-12-19 15:00:00,1766156430.0,0.003
2025-12-19 16:00:00,1766160028.0,0.003
2025-12-19 17:00:00,1766163617.0,0.003
2025-12-19 18:00:00,1766167215.0,0.003
2025-12-19 19:00:00,1766170812.0,0.003
2025-12-19 20:00:00,1766174413.0,0.004
2025-12-19 21:00:00,1766178015.0,0.003
2025-12-19 22:00:00,1766181612.0,0.0025
2025-12-19 23:00:00,1766185212.0,0.002
2025-12-20 00:00:00,1766188816.0,0.0025
2025-12-20 01:00:00,1766192414.0,0.0025
2025-12-20 02:00:00,1766196012.0,0.0025
2025-12-20 03:00:00,1766199626.0,0.002
2025-12-20 04:00:00,1766203213.0,0.0025
2025-12-20 05:00:00,1766206813.0,0.002
2025-12-20 06:00:00,1766210415.0,0.002
2025-12-20 07:00:00,1766214013.0,0.0015
2025-12-20 08:00:00,1766217613.0,0.0015
2025-12-20 09:00:00,1766221223.0,0.0015
2025-12-20 10:00:00,1766224813.0,0.0015
2025-12-20 11:00:00,1766228414.0,0.0025
2025-12-20 12:00:00,1766232020.0,0.0025
2025-12-20 13:00:00,1766235613.0,0.0025
2025-12-20 14:00:00,1766239213.0,0.0025
2025-12-20 15:00:00,1766242816.0,0.0025
2025-12-20 16:00:00,1766246414.0,0.002
2025-12-20 17:00:00,1766250019.0,0.002
2025-12-20 18:00:00,1766253615.0,0.002
2025-12-20 19:00:00,1766257215.0,0.002
2025-12-20 20:00:00,1766260818.0,0.0015
2025-12-20 21:00:00,1766264420.0,0.0025
2025-12-20 22:00:00,1766268015.0,0.0025
2025-12-20 23:00:00,1766271619.0,0.002
2025-12-21 00:00:00,1766275217.0,0.002
2025-12-21 01:00:00,1766278813.0,0.002
2025-12-21 02:00:00,1766282413.0,0.002
2025-12-21 03:00:00,1766286028.0,0.002
2025-12-21 04:00:00,1766289626.0,0.002
2025-12-21 05:00:00,1766293212.0,0.002
2025-12-21 06:00:00,1766296817.0,0.002
2025-12-21 07:00:00,1766300412.0,0.003
2025-12-21 08:00:00,1766304013.0,0.003
2025-12-21 09:00:00,1766307616.0,0.003
2025-12-21 10:00:00,1766311212.0,0.003
2025-12-21 11:00:00,1766314813.0,0.002
2025-12-21 12:00:00,1766318417.0,0.002
2025-12-21 13:00:00,1766322013.0,0.002
2025-12-21 14:00:00,1766325613.0,0.002
2025-12-21 15:00:00,1766329216.0,0.002
2025-12-21 16:00:00,1766332812.0,0.002
2025-12-21 17:00:00,1766336420.0,0.002
2025-12-21 18:00:00,1766340017.0,0.0025
2025-12-21 19:00:00,1766343613.0,0.002
2025-12-21 20:00:00,1766347216.0,0.002
2025-12-21 21:00:00,1766350816.0,0.002
2025-12-21 22:00:00,1766354413.0,0.002
2025-12-21 23:00:00,1766358013.0,0.002
2025-12-22 00:00:00,1766361617.0,0.002
2025-12-22 01:00:00,1766365213.0,0.002
2025-12-22 02:00:00,1766368813.0,0.002
2025-12-22 03:00:00,1766372415.0,0.002
2025-12-22 04:00:00,1766376020.0,0.002
2025-12-22 05:00:00,1766379613.0,0.002
2025-12-22 06:00:00,1766383215.0,0.002
2025-12-22 07:00:00,1766386813.0,0.0025
2025-12-22 08:00:00,1766390426.0,0.002
2025-12-22 09:00:00,1766394029.0,0.002
2025-12-22 10:00:00,1766397613.0,0.002
2025-12-22 11:00:00,1766401213.0,0.002
2025-12-22 12:00:00,1766404817.0,0.0015
2025-12-22 13:00:00,1766408412.0,0.0015
2025-12-22 14:00:00,1766412014.0,0.004
2025-12-22 15:00:00,1766415617.0,0.003
2025-12-22 16:00:00,1766419212.0,0.0035
2025-12-22 17:00:00,1766422818.0,0.0035
2025-12-22 18:00:00,1766426415.0,0.0035
2025-12-22 19:00:00,1766430014.0,0.003
2025-12-22 20:00:00,1766433626.0,0.0025
2025-12-22 21:00:00,1766437216.0,0.0025
2025-12-22 22:00:00,1766440826.0,0.0025
2025-12-22 23:00:00,1766444414.0,0.002
2025-12-23 00:00:00,1766448019.0,0.002
2025-12-23 01:00:00,1766451615.0,0.002
2025-12-23 02:00:00,1766455214.0,0.002
2025-12-23 03:00:00,1766458818.0,0.002
2025-12-23 04:00:00,1766462426.0,0.002
2025-12-23 05:00:00,1766466039.0,0.002
2025-12-23 06:00:00,1766469632.0,0.002
2025-12-23 07:00:00,1766473215.0,0.002
2025-12-23 08:00:00,1766476827.0,0.002
2025-12-23 09:00:00,1766480415.0,0.002
2025-12-23 10:00:00,1766484014.0,0.002
2025-12-23 11:00:00,1766487614.0,0.002
2025-12-23 12:00:00,1766491221.0,0.002
2025-12-23 13:00:00,1766494814.0,0.002
2025-12-23 14:00:00,1766498414.0,0.002
2025-12-23 15:00:00,1766502018.0,0.002
2025-12-23 16:00:00,1766505614.0,0.002
2025-12-23 17:00:00,1766509235.0,0.002
2025-12-23 18:00:00,1766512817.0,0.002
2025-12-23 19:00:00,1766516414.0,0.002
2025-12-23 20:00:00,1766520014.0,0.002
2025-12-23 21:00:00,1766523616.0,0.002
2025-12-23 22:00:00,1766527216.0,0.002
2025-12-23 23:00:00,1766530814.0,0.002
2025-12-24 00:00:00,1766534418.0,0.002
2025-12-24 01:00:00,1766538015.0,0.002
2025-12-24 02:00:00,1766541613.0,0.002
2025-12-24 03:00:00,1766545216.0,0.0025
2025-12-24 04:00:00,1766548814.0,0.0025
2025-12-24 05:00:00,1766552415.0,0.0025
2025-12-24 06:00:00,1766556017.0,0.0025
2025-12-24 07:00:00,1766559614.0,0.0025
2025-12-24 08:00:00,1766563216.0,0.0025
2025-12-24 09:00:00,1766566817.0,0.0025
2025-12-24 10:00:00,1766570416.0,0.0025
2025-12-24 11:00:00,1766574015.0,0.0025
2025-12-24 12:00:00,1766577618.0,0.002
2025-12-24 13:00:00,1766581215.0,0.0045
2025-12-24 14:00:00,1766584815.0,0.003
2025-12-24 15:00:00,1766588416.0,0.0025
2025-12-24 16:00:00,1766592014.0,0.0025
2025-12-24 17:00:00,1766595619.0,0.0025
2025-12-24 18:00:00,1766599216.0,0.0025
2025-12-24 19:00:00,1766602817.0,0.003
2025-12-24 20:00:00,1766606414.0,0.003
2025-12-24 21:00:00,1766610019.0,0.003
2025-12-24 22:00:00,1766613615.0,0.003
2025-12-24 23:00:00,1766617213.0,0.003
2025-12-25 00:00:00,1766620828.0,0.003
2025-12-25 01:00:00,1766624413.0,0.003
2025-12-25 02:00:00,1766628014.0,0.003
2025-12-25 03:00:00,1766631618.0,0.003
2025-12-25 04:00:00,1766635215.0,0.003
2025-12-25 05:00:00,1766638814.0,0.003
2025-12-25 06:00:00,1766642418.0,0.003
2025-12-25 07:00:00,1766646014.0,0.003
2025-12-25 08:00:00,1766649616.0,0.003
2025-12-25 09:00:00,1766653216.0,0.003
2025-12-25 10:00:00,1766656814.0,0.0035
2025-12-25 11:00:00,1766660414.0,0.0035
2025-12-25 12:00:00,1766664019.0,0.012
2025-12-25 13:00:00,1766667614.0,0.007
2025-12-25 14:00:00,1766671214.0,0.006
2025-12-25 15:00:00,1766674816.0,0.0055
2025-12-25 16:00:00,1766678414.0,0.0055
2025-12-25 17:00:00,1766682021.0,0.005
2025-12-25 18:00:00,1766685619.0,0.0055
2025-12-25 19:00:00,1766689214.0,0.0055
2025-12-25 20:00:00,1766692818.0,0.0055
2025-12-25 21:00:00,1766696416.0,0.0055
2025-12-25 22:00:00,1766700018.0,0.0055
2025-12-25 23:00:00,1766703614.0,0.0055
2025-12-26 00:00:00,1766707213.0,0.0055
2025-12-26 01:00:00,1766710811.0,0.0055
2025-12-26 02:00:00,1766714411.0,0.0055
2025-12-26 03:00:00,1766718012.0,0.006
2025-12-26 04:00:00,1766721611.0,0.006
2025-12-26 05:00:00,1766725212.0,0.006
2025-12-26 06:00:00,1766728812.0,0.006
2025-12-26 07:00:00,1766732411.0,0.006
2025-12-26 08:00:00,1766736011.0,0.006
2025-12-26 09:00:00,1766739612.0,0.006
2025-12-26 10:00:00,1766743211.0,0.0085
2025-12-26 11:00:00,1766746812.0,0.008
2025-12-26 12:00:00,1766750417.0,0.008
2025-12-26 13:00:00,1766754011.0,0.006
2025-12-26 14:00:00,1766757611.0,0.003
2025-12-26 15:00:00,1766761214.0,0.0015
2025-12-26 16:00:00,1766764812.0,0.0015
2025-12-26 17:00:00,1766768418.0,0.0015
2025-12-26 18:00:00,1766772013.0,0.0025
2025-12-26 19:00:00,1766775612.0,0.0025
2025-12-26 20:00:00,1766779213.0,0.0025
2025-12-26 21:00:00,1766782816.0,0.0025
2025-12-26 22:00:00,1766786412.0,0.0025
2025-12-26 23:00:00,1766790012.0,0.0025
2025-12-27 00:00:00,1766793618.0,0.0025
2025-12-27 01:00:00,1766797213.0,0.0025
2025-12-27 02:00:00,1766800813.0,0.0025
2025-12-27 03:00:00,1766804415.0,0.0025
2025-12-27 04:00:00,1766808016.0,0.0025
2025-12-27 05:00:00,1766811616.0,0.0025
2025-12-27 06:00:00,1766815215.0,0.0025
2025-12-27 07:00:00,1766818830.0,0.0025
2025-12-27 08:00:00,1766822414.0,0.0025
2025-12-27 09:00:00,1766826015.0,0.0025
2025-12-27 10:00:00,1766829614.0,0.0025
2025-12-27 11:00:00,1766833217.0,0.0025
2025-12-27 12:00:00,1766836818.0,0.0025
2025-12-27 13:00:00,1766840414.0,0.0025
2025-12-27 14:00:00,1766844014.0,0.0025
2025-12-27 15:00:00,1766847615.0,0.0025
2025-12-27 16:00:00,1766851214.0,0.0025
2025-12-27 17:00:00,1766854814.0,0.0025
2025-12-27 18:00:00,1766858416.0,0.0025
2025-12-27 19:00:00,1766862014.0,0.002
2025-12-27 20:00:00,1766865614.0,0.0025
2025-12-27 21:00:00,1766869215.0,0.0025
2025-12-27 22:00:00,1766872815.0,0.0025
2025-12-27 23:00:00,1766876414.0,0.0025
2025-12-28 00:00:00,1766880018.0,0.002
2025-12-28 01:00:00,1766883687.0,0.002
2025-12-28 02:00:00,1766887214.0,0.002
2025-12-28 03:00:00,1766890816.0,0.002
2025-12-28 04:00:00,1766894414.0,0.002
2025-12-28 05:00:00,1766898014.0,0.005
2025-12-28 06:00:00,1766901615.0,0.003
2025-12-28 07:00:00,1766905214.0,0.003
2025-12-28 08:00:00,1766908816.0,0.003
2025-12-28 09:00:00,1766912415.0,0.003
2025-12-28 10:00:00,1766916016.0,0.003
2025-12-28 11:00:00,1766919614.0,0.003
2025-12-28 12:00:00,1766923218.0,0.003
2025-12-28 13:00:00,1766926814.0,0.003
2025-12-28 14:00:00,1766930414.0,0.003
2025-12-28 15:00:00,1766934030.0,0.004
2025-12-28 16:00:00,1766937630.0,0.004
2025-12-28 17:00:00,1766941218.0,0.0045
2025-12-28 18:00:00,1766944816.0,0.0045
2025-12-28 19:00:00,1766948414.0,0.0045
2025-12-28 20:00:00,1766952030.0,0.0045
2025-12-28 21:00:00,1766955619.0,0.0055
2025-12-28 22:00:00,1766959216.0,0.005
2025-12-28 23:00:00,1766962817.0,0.005
2025-12-29 00:00:00,1766966435.0,0.005
2025-12-29 01:00:00,1766970087.0,0.005
2025-12-29 02:00:00,1766973615.0,0.005
2025-12-29 03:00:00,1766977230.0,0.005
2025-12-29 04:00:00,1766980814.0,0.005
2025-12-29 05:00:00,1766984428.0,0.005
2025-12-29 06:00:00,1766988017.0,0.005
2025-12-29 07:00:00,1766991618.0,0.0055
2025-12-29 08:00:00,1766995229.0,0.0055
2025-12-29 09:00:00,1766998816.0,0.0055
2025-12-29 10:00:00,1767002418.0,0.0055
2025-12-29 11:00:00,1767006017.0,0.0055
2025-12-29 12:00:00,1767009618.0,0.005
2025-12-29 13:00:00,1767013215.0,0.0045
2025-12-29 14:00:00,1767016815.0,0.0045
2025-12-29 15:00:00,1767020416.0,0.004
2025-12-29 16:00:00,1767024014.0,0.004
2025-12-29 17:00:00,1767027616.0,0.0045
2025-12-29 18:00:00,1767031216.0,0.0045
2025-12-29 19:00:00,1767034817.0,0.0045
2025-12-29 20:00:00,1767038415.0,0.0045
2025-12-29 21:00:00,1767042015.0,0.0045
2025-12-29 22:00:00,1767045617.0,0.0045
2025-12-29 23:00:00,1767049231.0,0.006
2025-12-30 00:00:00,1767052821.0,0.006
2025-12-30 01:00:00,1767056414.0,0.006
2025-12-30 02:00:00,1767060015.0,0.0055
2025-12-30 03:00:00,1767063617.0,0.0055
2025-12-30 04:00:00,1767067215.0,0.0055
2025-12-30 05:00:00,1767070828.0,0.0055
2025-12-30 06:00:00,1767074416.0,0.0055
2025-12-30 07:00:00,1767078020.0,0.0055
2025-12-30 08:00:00,1767081616.0,0.0055
2025-12-30 09:00:00,1767085218.0,0.0055
2025-12-30 10:00:00,1767088814.0,0.0055
2025-12-30 11:00:00,1767092418.0,0.0055
2025-12-30 12:00:00,1767096021.0,0.006
2025-12-30 13:00:00,1767099615.0,0.0055
2025-12-30 14:00:00,1767103215.0,0.0055
2025-12-30 15:00:00,1767106817.0,0.0055
2025-12-30 16:00:00,1767110416.0,0.0055
2025-12-30 17:00:00,1767114019.0,0.0055
2025-12-30 18:00:00,1767117621.0,0.0055
2025-12-30 19:00:00,1767121215.0,0.0055
2025-12-30 20:00:00,1767124832.0,0.005
2025-12-30 21:00:00,1767128417.0,0.005
2025-12-30 22:00:00,1767132016.0,0.0065
2025-12-30 23:00:00,1767135616.0,0.0055
2025-12-31 00:00:00,1767139219.0,0.005
2025-12-31 01:00:00,1767142816.0,0.005
2025-12-31 02:00:00,1767146417.0,0.005
2025-12-31 03:00:00,1767150019.0,0.005
2025-12-31 04:00:00,1767153633.0,0.005
2025-12-31 05:00:00,1767157215.0,0.005
2025-12-31 06:00:00,1767160817.0,0.0055
2025-12-31 07:00:00,1767164415.0,0.0055
2025-12-31 08:00:00,1767168018.0,0.0055
2025-12-31 09:00:00,1767171617.0,0.0055
2025-12-31 10:00:00,1767175216.0,0.0055
2025-12-31 11:00:00,1767178826.0,0.005
2025-12-31 12:00:00,1767182419.0,0.005
2025-12-31 13:00:00,1767186015.0,0.005
2025-12-31 14:00:00,1767189618.0,0.005
2025-12-31 15:00:00,1767193217.0,0.005
2025-12-31 16:00:00,1767196819.0,0.005
2025-12-31 17:00:00,1767200420.0,0.005
2025-12-31 18:00:00,1767204019.0,0.005
2025-12-31 19:00:00,1767207646.0,0.0045
2025-12-31 20:00:00,1767211217.0,0.0045
2025-12-31 21:00:00,1767214819.0,0.0045
2025-12-31 22:00:00,1767218417.0,0.0055
2025-12-31 23:00:00,1767222016.0,0.0055
2026-01-01 00:00:00,1767225619.0,0.0055
2026-01-01 01:00:00,1767229215.0,0.0055
2026-01-01 02:00:00,1767232815.0,0.0055
2026-01-01 03:00:00,1767236416.0,0.005
2026-01-01 04:00:00,1767240030.0,0.005
2026-01-01 05:00:00,1767243615.0,0.005
2026-01-01 06:00:00,1767247218.0,0.005
2026-01-01 07:00:00,1767250815.0,0.0055
2026-01-01 08:00:00,1767254414.0,0.0055
2026-01-01 09:00:00,1767258017.0,0.0055
2026-01-01 10:00:00,1767261616.0,0.0055
2026-01-01 11:00:00,1767265214.0,0.0055
2026-01-01 12:00:00,1767268821.0,0.0055
2026-01-01 13:00:00,1767272438.0,0.0055
2026-01-01 14:00:00,1767276013.0,0.005
2026-01-01 15:00:00,1767279617.0,0.005
2026-01-01 16:00:00,1767283213.0,0.005
2026-01-01 17:00:00,1767286818.0,0.005
2026-01-01 18:00:00,1767290416.0,0.005
2026-01-01 19:00:00,1767294013.0,0.005
2026-01-01 20:00:00,1767297626.0,0.005
2026-01-01 21:00:00,1767301215.0,0.005
2026-01-01 22:00:00,1767304828.0,0.006
2026-01-01 23:00:00,1767308415.0,0.006
2026-01-02 00:00:00,1767312018.0,0.006
2026-01-02 01:00:00,1767315614.0,0.006
2026-01-02 02:00:00,1767319215.0,0.006
2026-01-02 03:00:00,1767322831.0,0.0055
2026-01-02 04:00:00,1767326413.0,0.005
2026-01-02 05:00:00,1767330015.0,0.005
2026-01-02 06:00:00,1767333616.0,0.005
2026-01-02 07:00:00,1767337214.0,0.0065
2026-01-02 08:00:00,1767340817.0,0.006
2026-01-02 09:00:00,1767344416.0,0.0055
2026-01-02 10:00:00,1767348017.0,0.0055
2026-01-02 11:00:00,1767351615.0,0.005
2026-01-02 12:00:00,1767355218.0,0.005
2026-01-02 13:00:00,1767358814.0,0.0045
2026-01-02 14:00:00,1767362414.0,0.005
2026-01-02 15:00:00,1767366018.0,0.005
2026-01-02 16:00:00,1767369615.0,0.005
2026-01-02 17:00:00,1767373218.0,0.004
2026-01-02 18:00:00,1767376831.0,0.0045
2026-01-02 19:00:00,1767380417.0,0.004
2026-01-02 20:00:00,1767384016.0,0.004
2026-01-02 21:00:00,1767387618.0,0.0035
2026-01-02 22:00:00,1767391218.0,0.0045
2026-01-02 23:00:00,1767394815.0,0.0055
2026-01-03 00:00:00,1767398416.0,0.005
2026-01-03 01:00:00,1767402087.0,0.005
2026-01-03 02:00:00,1767405612.0,0.005
2026-01-03 03:00:00,1767409214.0,0.005
2026-01-03 04:00:00,1767412818.0,0.0045
2026-01-03 05:00:00,1767416425.0,0.0045
2026-01-03 06:00:00,1767420030.0,0.0045
2026-01-03 07:00:00,1767423613.0,0.0045
2026-01-03 08:00:00,1767427212.0,0.0045
2026-01-03 09:00:00,1767430828.0,0.0045
2026-01-03 10:00:00,1767434413.0,0.004
2026-01-03 11:00:00,1767438014.0,0.004
2026-01-03 12:00:00,1767441618.0,0.004
2026-01-03 13:00:00,1767445213.0,0.004
2026-01-03 14:00:00,1767448814.0,0.0045
2026-01-03 15:00:00,1767452430.0,0.0045
2026-01-03 16:00:00,1767456014.0,0.0045
2026-01-03 17:00:00,1767459619.0,0.0045
2026-01-03 18:00:00,1767463216.0,0.0045
2026-01-03 19:00:00,1767466814.0,0.0045
2026-01-03 20:00:00,1767470416.0,0.0045
2026-01-03 21:00:00,1767474017.0,0.0045
2026-01-03 22:00:00,1767477613.0,0.0045
2026-01-03 23:00:00,1767481213.0,0.0045
2026-01-04 00:00:00,1767484818.0,0.0045
2026-01-04 01:00:00,1767488416.0,0.004
2026-01-04 02:00:00,1767492014.0,0.004
2026-01-04 03:00:00,1767495629.0,0.0045
2026-01-04 04:00:00,1767499217.0,0.0045
2026-01-04 05:00:00,1767502813.0,0.0045
2026-01-04 06:00:00,1767506416.0,0.0045
2026-01-04 07:00:00,1767510015.0,0.0045
2026-01-04 08:00:00,1767513614.0,0.0045
2026-01-04 09:00:00,1767517215.0,0.0045
2026-01-04 10:00:00,1767520813.0,0.0045
2026-01-04 11:00:00,1767524421.0,0.0045
2026-01-04 12:00:00,1767528020.0,0.0045
2026-01-04 13:00:00,1767531613.0,0.0055
2026-01-04 14:00:00,1767535216.0,0.005
2026-01-04 15:00:00,1767538822.0,0.0045
2026-01-04 16:00:00,1767542429.0,0.0045
2026-01-04 17:00:00,1767546017.0,0.004
2026-01-04 18:00:00,1767549618.0,0.005
2026-01-04 19:00:00,1767553214.0,0.004
2026-01-04 20:00:00,1767556833.0,0.005
2026-01-04 21:00:00,1767560418.0,0.004
2026-01-04 22:00:00,1767564015.0,0.004
2026-01-04 23:00:00,1767567615.0,0.0045
2026-01-05 00:00:00,1767571221.0,0.0045
2026-01-05 01:00:00,1767574814.0,0.004
2026-01-05 02:00:00,1767578414.0,0.0035
2026-01-05 03:00:00,1767582017.0,0.004
2026-01-05 04:00:00,1767585614.0,0.0025
2026-01-05 05:00:00,1767589228.0,0.0025
2026-01-05 06:00:00,1767592817.0,0.0025
2026-01-05 07:00:00,1767596415.0,0.0025
2026-01-05 08:00:00,1767600015.0,0.0025
2026-01-05 09:00:00,1767603622.0,0.0025
2026-01-05 10:00:00,1767607214.0,0.003
2026-01-05 11:00:00,1767610813.0,0.003
2026-01-05 12:00:00,1767614418.0,0.003
2026-01-05 13:00:00,1767618014.0,0.0025
2026-01-05 14:00:00,1767621614.0,0.0025
2026-01-05 15:00:00,1767625218.0,0.0035
2026-01-05 16:00:00,1767628815.0,0.0035
2026-01-05 17:00:00,1767632432.0,0.0035
2026-01-05 18:00:00,1767636017.0,0.004
2026-01-05 19:00:00,1767639615.0,0.003
2026-01-05 20:00:00,1767643215.0,0.003
2026-01-05 21:00:00,1767646818.0,0.0035
2026-01-05 22:00:00,1767650432.0,0.0035
2026-01-05 23:00:00,1767654015.0,0.0035
2026-01-06 00:00:00,1767657623.0,0.0035
2026-01-06 01:00:00,1767661221.0,0.0035
2026-01-06 02:00:00,1767664817.0,0.0035
2026-01-06 03:00:00,1767668418.0,0.0025
2026-01-06 04:00:00,1767672019.0,0.0025
2026-01-06 05:00:00,1767675615.0,0.0025
2026-01-06 06:00:00,1767679222.0,0.0025
2026-01-06 07:00:00,1767682819.0,0.0025
2026-01-06 08:00:00,1767686421.0,0.0025
2026-01-06 09:00:00,1767690019.0,0.003
2026-01-06 10:00:00,1767693616.0,0.003
2026-01-06 11:00:00,1767697221.0,0.003
2026-01-06 12:00:00,1767700820.0,0.003
2026-01-06 13:00:00,1767704431.0,0.003
2026-01-06 14:00:00,1767708018.0,0.0025
2026-01-06 15:00:00,1767711623.0,0.0025
2026-01-06 16:00:00,1767715216.0,0.003
2026-01-06 17:00:00,1767718821.0,0.0025
2026-01-06 18:00:00,1767722419.0,0.0025
2026-01-06 19:00:00,1767726016.0,0.003
2026-01-06 20:00:00,1767729617.0,0.003
2026-01-06 21:00:00,1767733218.0,0.003
2026-01-06 22:00:00,1767736816.0,0.003
2026-01-06 23:00:00,1767740433.0,0.003
2026-01-07 00:00:00,1767744020.0,0.003
2026-01-07 01:00:00,1767747616.0,0.003
2026-01-07 02:00:00,1767751216.0,0.003
2026-01-07 03:00:00,1767754819.0,0.003
2026-01-07 04:00:00,1767758416.0,0.003
2026-01-07 05:00:00,1767762016.0,0.0025
2026-01-07 06:00:00,1767765623.0,0.0025
2026-01-07 07:00:00,1767769217.0,0.0025
2026-01-07 08:00:00,1767772818.0,0.0025
2026-01-07 09:00:00,1767776419.0,0.0025
2026-01-07 10:00:00,1767780022.0,0.0025
2026-01-07 11:00:00,1767783615.0,0.0025
2026-01-07 12:00:00,1767787224.0,0.0025
2026-01-07 13:00:00,1767790818.0,0.0025
2026-01-07 14:00:00,1767794416.0,0.0025
2026-01-07 15:00:00,1767798022.0,0.0025
2026-01-07 16:00:00,1767801617.0,0.0025
2026-01-07 17:00:00,1767805224.0,0.0025
2026-01-07 18:00:00,1767808819.0,0.0025
2026-01-07 19:00:00,1767812419.0,0.002
2026-01-07 20:00:00,1767816018.0,0.0025
2026-01-07 21:00:00,1767819625.0,0.002
2026-01-07 22:00:00,1767823221.0,0.002
2026-01-07 23:00:00,1767826817.0,0.0015
2026-01-08 00:00:00,1767830436.0,0.0015
2026-01-08 01:00:00,1767834032.0,0.0015
2026-01-08 02:00:00,1767837616.0,0.0015
2026-01-08 03:00:00,1767841219.0,0.0015
2026-01-08 04:00:00,1767844817.0,0.0015
2026-01-08 05:00:00,1767848417.0,0.0015
2026-01-08 06:00:00,1767852019.0,0.002
2026-01-08 07:00:00,1767855617.0,0.0015
2026-01-08 08:00:00,1767859227.0,0.0015
2026-01-08 09:00:00,1767862819.0,0.002
2026-01-08 10:00:00,1767866434.0,0.002
2026-01-08 11:00:00,1767870017.0,0.0015
2026-01-08 12:00:00,1767873638.0,0.0015
2026-01-08 13:00:00,1767877216.0,0.002
2026-01-08 14:00:00,1767880821.0,0.0025
2026-01-08 15:00:00,1767884419.0,0.0025
2026-01-08 16:00:00,1767888031.0,0.0025
2026-01-08 17:00:00,1767891622.0,0.0025
2026-01-08 18:00:00,1767895219.0,0.0015
2026-01-08 19:00:00,1767898818.0,0.002
2026-01-08 20:00:00,1767902418.0,0.002
2026-01-08 21:00:00,1767906020.0,0.002
2026-01-08 22:00:00,1767909620.0,0.002
2026-01-08 23:00:00,1767913219.0,0.0025
2026-01-09 00:00:00,1767916820.0,0.0025
2026-01-09 01:00:00,1767920417.0,0.0025
2026-01-09 02:00:00,1767924017.0,0.0025
2026-01-09 03:00:00,1767927620.0,0.0025
2026-01-09 04:00:00,1767931217.0,0.003
2026-01-09 05:00:00,1767934817.0,0.0025
2026-01-09 06:00:00,1767938420.0,0.0025
2026-01-09 07:00:00,1767942017.0,0.0025
2026-01-09 08:00:00,1767945618.0,0.0015
2026-01-09 09:00:00,1767949219.0,0.0015
2026-01-09 10:00:00,1767952818.0,0.002
2026-01-09 11:00:00,1767956417.0,0.002
2026-01-09 12:00:00,1767960034.0,0.0025
2026-01-09 13:00:00,1767963618.0,0.003
2026-01-09 14:00:00,1767967217.0,0.003
2026-01-09 15:00:00,1767970821.0,0.0035
2026-01-09 16:00:00,1767974419.0,0.002
2026-01-09 17:00:00,1767978022.0,0.003
2026-01-09 18:00:00,1767981622.0,0.003
2026-01-09 19:00:00,1767985219.0,0.003
2026-01-09 20:00:00,1767988836.0,0.003
2026-01-09 21:00:00,1767992420.0,0.003
2026-01-09 22:00:00,1767996019.0,0.0025
2026-01-09 23:00:00,1767999617.0,0.002
2026-01-10 00:00:00,1768003221.0,0.0025
2026-01-10 01:00:00,1768006819.0,0.0025
2026-01-10 02:00:00,1768010416.0,0.0025
2026-01-10 03:00:00,1768014019.0,0.0025
2026-01-10 04:00:00,1768017617.0,0.0025
2026-01-10 05:00:00,1768021217.0,0.0025
2026-01-10 06:00:00,1768024821.0,0.0025
2026-01-10 07:00:00,1768028418.0,0.0025
2026-01-10 08:00:00,1768032032.0,0.0025
2026-01-10 09:00:00,1768035622.0,0.0025
2026-01-10 10:00:00,1768039221.0,0.0025
2026-01-10 11:00:00,1768042819.0,0.0025
2026-01-10 12:00:00,1768046424.0,0.0025
2026-01-10 13:00:00,1768050019.0,0.0025
2026-01-10 14:00:00,1768053622.0,0.0025
2026-01-10 15:00:00,1768057221.0,0.0025
2026-01-10 16:00:00,1768060830.0,0.0025
2026-01-10 17:00:00,1768064421.0,0.0025
2026-01-10 18:00:00,1768068023.0,0.0025
2026-01-10 19:00:00,1768071617.0,0.0025
2026-01-10 20:00:00,1768075218.0,0.0025
2026-01-10 21:00:00,1768078824.0,0.0025
2026-01-10 22:00:00,1768082419.0,0.0025
2026-01-10 23:00:00,1768086035.0,0.0025
2026-01-11 00:00:00,1768089619.0,0.0025
2026-01-11 01:00:00,1768093216.0,0.0025
2026-01-11 02:00:00,1768096828.0,0.004
2026-01-11 03:00:00,1768100417.0,0.006
2026-01-11 04:00:00,1768104016.0,0.006
2026-01-11 05:00:00,1768107613.0,0.003
2026-01-11 06:00:00,1768111218.0,0.003
2026-01-11 07:00:00,1768114816.0,0.0035
2026-01-11 08:00:00,1768118416.0,0.0035
2026-01-11 09:00:00,1768122016.0,0.0035
2026-01-11 10:00:00,1768125613.0,0.0035
2026-01-11 11:00:00,1768129230.0,0.0035
2026-01-11 12:00:00,1768132818.0,0.003
2026-01-11 13:00:00,1768136415.0,0.003
2026-01-11 14:00:00,1768140016.0,0.003
2026-01-11 15:00:00,1768143633.0,0.003
2026-01-11 16:00:00,1768147214.0,0.0035
2026-01-11 17:00:00,1768150834.0,0.0035
2026-01-11 18:00:00,1768154422.0,0.003
2026-01-11 19:00:00,1768158017.0,0.003
2026-01-11 20:00:00,1768161620.0,0.003
2026-01-11 21:00:00,1768165236.0,0.0035
2026-01-11 22:00:00,1768168820.0,0.0035
2026-01-11 23:00:00,1768172416.0,0.0035
2026-01-12 00:00:00,1768176021.0,0.0035
2026-01-12 01:00:00,1768179616.0,0.003
2026-01-12 02:00:00,1768183226.0,0.0025
2026-01-12 03:00:00,1768186834.0,0.0025
2026-01-12 04:00:00,1768190418.0,0.0025
2026-01-12 05:00:00,1768194016.0,0.003
2026-01-12 06:00:00,1768197618.0,0.003
2026-01-12 07:00:00,1768201218.0,0.0035
2026-01-12 08:00:00,1768204818.0,0.0025
2026-01-12 09:00:00,1768208418.0,0.0025
2026-01-12 10:00:00,1768212015.0,0.0025
2026-01-12 11:00:00,1768215626.0,0.0025
2026-01-12 12:00:00,1768219225.0,0.0025
2026-01-12 13:00:00,1768222817.0,0.006
2026-01-12 14:00:00,1768226415.0,0.005
2026-01-12 15:00:00,1768230022.0,0.0075
2026-01-12 16:00:00,1768233615.0,0.008
2026-01-12 17:00:00,1768237217.0,0.005
2026-01-12 18:00:00,1768240845.0,0.005
2026-01-12 19:00:00,1768244417.0,0.0055
2026-01-12 20:00:00,1768248020.0,0.005
2026-01-12 21:00:00,1768251623.0,0.008
2026-01-12 22:00:00,1768255245.0,0.008
2026-01-12 23:00:00,1768258821.0,0.007
2026-01-13 00:00:00,1768262422.0,0.007
2026-01-13 01:00:00,1768266088.0,0.0095
2026-01-13 02:00:00,1768269616.0,0.0095
2026-01-13 03:00:00,1768273222.0,0.009
2026-01-13 04:00:00,1768276817.0,0.005
2026-01-13 05:00:00,1768280417.0,0.005
2026-01-13 06:00:00,1768284020.0,0.005
2026-01-13 07:00:00,1768287637.0,0.005
2026-01-13 08:00:00,1768291231.0,0.005
2026-01-13 09:00:00,1768294823.0,0.005
2026-01-13 10:00:00,1768298417.0,0.0065
2026-01-13 11:00:00,1768302018.0,0.006
2026-01-13 12:00:00,1768305625.0,0.005
2026-01-13 13:00:00,1768309260.0,0.0125
2026-01-13 14:00:00,1768312832.0,0.0115
2026-01-13 15:00:00,1768316420.0,0.0115
2026-01-13 16:00:00,1768320033.0,0.0115
2026-01-13 17:00:00,1768323621.0,0.0075
2026-01-13 18:00:00,1768327222.0,0.0055
2026-01-13 19:00:00,1768330862.0,0.0065
2026-01-13 20:00:00,1768334418.0,0.0065
2026-01-13 21:00:00,1768338021.0,0.0075
2026-01-13 22:00:00,1768341620.0,0.0075
2026-01-13 23:00:00,1768345219.0,0.0075
2026-01-14 00:00:00,1768348823.0,0.0075
2026-01-14 01:00:00,1768352418.0,0.0075
2026-01-14 02:00:00,1768356019.0,0.007
2026-01-14 03:00:00,1768359621.0,0.007
2026-01-14 04:00:00,1768363221.0,0.007
2026-01-14 05:00:00,1768366822.0,0.007
2026-01-14 06:00:00,1768370422.0,0.0075
2026-01-14 07:00:00,1768374019.0,0.007
2026-01-14 08:00:00,1768377634.0,0.007
2026-01-14 09:00:00,1768381220.0,0.007
2026-01-14 10:00:00,1768384817.0,0.006
2026-01-14 11:00:00,1768388417.0,0.0065
2026-01-14 12:00:00,1768392024.0,0.015
2026-01-14 13:00:00,1768395621.0,0.046
2026-01-14 14:00:00,1768399218.0,0.019
2026-01-14 15:00:00,1768402837.0,0.0165
2026-01-14 16:00:00,1768406432.0,0.0135
2026-01-14 17:00:00,1768410023.0,0.0135
2026-01-14 18:00:00,1768413624.0,0.0135
2026-01-14 19:00:00,1768417219.0,0.0145
2026-01-14 20:00:00,1768420820.0,0.0165
2026-01-14 21:00:00,1768424424.0,0.0215
2026-01-14 22:00:00,1768428022.0,0.0195
2026-01-14 23:00:00,1768431620.0,0.0195
2026-01-15 00:00:00,1768435224.0,0.02
2026-01-15 01:00:00,1768438818.0,0.0245
2026-01-15 02:00:00,1768442418.0,0.0215
2026-01-15 03:00:00,1768446034.0,0.02
2026-01-15 04:00:00,1768449620.0,0.018
2026-01-15 05:00:00,1768453218.0,0.016
2026-01-15 06:00:00,1768456823.0,0.0165
2026-01-15 07:00:00,1768460420.0,0.016
2026-01-15 08:00:00,1768464019.0,0.016
2026-01-15 09:00:00,1768467626.0,0.0155
2026-01-15 10:00:00,1768471219.0,0.0155
2026-01-15 11:00:00,1768474819.0,0.0165
2026-01-15 12:00:00,1768478424.0,0.017
2026-01-15 13:00:00,1768482020.0,0.0175
2026-01-15 14:00:00,1768485619.0,0.0175
2026-01-15 15:00:00,1768489222.0,0.0225
2026-01-15 16:00:00,1768492819.0,0.0225
2026-01-15 17:00:00,1768496425.0,0.0165
2026-01-15 18:00:00,1768500032.0,0.015
2026-01-15 19:00:00,1768503625.0,0.0135
2026-01-15 20:00:00,1768507222.0,0.0115
2026-01-15 21:00:00,1768510828.0,0.011
2026-01-15 22:00:00,1768514420.0,0.0115
2026-01-15 23:00:00,1768518021.0,0.012
2026-01-16 00:00:00,1768521627.0,0.013
2026-01-16 01:00:00,1768525224.0,0.0145
2026-01-16 02:00:00,1768528821.0,0.0155
2026-01-16 03:00:00,1768532427.0,0.008
2026-01-16 04:00:00,1768536020.0,0.0065
2026-01-16 05:00:00,1768539620.0,0.0075
2026-01-16 06:00:00,1768543223.0,0.007
2026-01-16 07:00:00,1768546820.0,0.0065
2026-01-16 08:00:00,1768550420.0,0.0075
2026-01-16 09:00:00,1768554022.0,0.0075
2026-01-16 10:00:00,1768557619.0,0.0075
2026-01-16 11:00:00,1768561219.0,0.008
2026-01-16 12:00:00,1768564825.0,0.0115
2026-01-16 13:00:00,1768568420.0,0.0125
2026-01-16 14:00:00,1768572020.0,0.008
2026-01-16 15:00:00,1768575622.0,0.0075
2026-01-16 16:00:00,1768579219.0,0.013
2026-01-16 17:00:00,1768582822.0,0.0055
2026-01-16 18:00:00,1768586424.0,0.004
2026-01-16 19:00:00,1768590023.0,0.007
2026-01-16 20:00:00,1768593620.0,0.0025
2026-01-16 21:00:00,1768597227.0,0.003
2026-01-16 22:00:00,1768600839.0,0.004
2026-01-16 23:00:00,1768604420.0,0.0055
2026-01-17 00:00:00,1768608024.0,0.0045
2026-01-17 01:00:00,1768611620.0,0.004
2026-01-17 02:00:00,1768615220.0,0.004
2026-01-17 03:00:00,1768618824.0,0.0045
2026-01-17 04:00:00,1768622419.0,0.005
2026-01-17 05:00:00,1768626020.0,0.006
2026-01-17 06:00:00,1768629622.0,0.005
2026-01-17 07:00:00,1768633221.0,0.005
2026-01-17 08:00:00,1768636820.0,0.0045
2026-01-17 09:00:00,1768640423.0,0.005
2026-01-17 10:00:00,1768644034.0,0.0055
2026-01-17 11:00:00,1768647619.0,0.0045
2026-01-17 12:00:00,1768651235.0,0.0045
2026-01-17 13:00:00,1768654821.0,0.0045
2026-01-17 14:00:00,1768658440.0,0.004
2026-01-17 15:00:00,1768662028.0,0.004
2026-01-17 16:00:00,1768665619.0,0.004
2026-01-17 17:00:00,1768669235.0,0.0045
2026-01-17 18:00:00,1768672826.0,0.0045
2026-01-17 19:00:00,1768676423.0,0.0055
2026-01-17 20:00:00,1768680038.0,0.0055
2026-01-17 21:00:00,1768683636.0,0.005
2026-01-17 22:00:00,1768687220.0,0.005
2026-01-17 23:00:00,1768690820.0,0.005
2026-01-18 00:00:00,1768694436.0,0.0045
2026-01-18 01:00:00,1768698019.0,0.005
2026-01-18 02:00:00,1768701651.0,0.006
2026-01-18 03:00:00,1768705225.0,0.0045
2026-01-18 04:00:00,1768708823.0,0.0045
2026-01-18 05:00:00,1768712430.0,0.0045
2026-01-18 06:00:00,1768716051.0,0.006
2026-01-18 07:00:00,1768719619.0,0.0065
2026-01-18 08:00:00,1768723249.0,0.006
2026-01-18 09:00:00,1768726822.0,0.006
2026-01-18 10:00:00,1768730418.0,0.005
2026-01-18 11:00:00,1768734021.0,0.0055
2026-01-18 12:00:00,1768737640.0,0.005
2026-01-18 13:00:00,1768741232.0,0.005
2026-01-18 14:00:00,1768744820.0,0.005
2026-01-18 15:00:00,1768748422.0,0.007
2026-01-18 16:00:00,1768752018.0,0.0065
2026-01-18 17:00:00,1768755640.0,0.006
2026-01-18 18:00:00,1768759239.0,0.007
2026-01-18 19:00:00,1768762819.0,0.005
2026-01-18 20:00:00,1768766423.0,0.0055
2026-01-18 21:00:00,1768770023.0,0.0055
2026-01-18 22:00:00,1768773619.0,0.005
2026-01-18 23:00:00,1768777222.0,0.005
2026-01-19 00:00:00,1768780820.0,0.005
2026-01-19 01:00:00,1768784509.0,0.0055
2026-01-19 02:00:00,1768788030.0,0.005
2026-01-19 03:00:00,1768791619.0,0.005
2026-01-19 04:00:00,1768795221.0,0.005
2026-01-19 05:00:00,1768798826.0,0.0035
2026-01-19 06:00:00,1768802419.0,0.0035
2026-01-19 07:00:00,1768806030.0,0.0035
2026-01-19 08:00:00,1768809627.0,0.005
2026-01-19 09:00:00,1768813221.0,0.004
2026-01-19 10:00:00,1768816815.0,0.004
2026-01-19 11:00:00,1768820426.0,0.004
2026-01-19 12:00:00,1768824023.0,0.004
2026-01-19 13:00:00,1768827615.0,0.003
2026-01-19 14:00:00,1768831214.0,0.0025
2026-01-19 15:00:00,1768834821.0,0.004
2026-01-19 16:00:00,1768838416.0,0.0055
2026-01-19 17:00:00,1768842031.0,0.004
2026-01-19 18:00:00,1768845623.0,0.004
2026-01-19 19:00:00,1768849218.0,0.004
2026-01-19 20:00:00,1768852823.0,0.004
2026-01-19 21:00:00,1768856421.0,0.004
2026-01-19 22:00:00,1768860020.0,0.003
2026-01-19 23:00:00,1768863630.0,0.003
2026-01-20 00:00:00,1768867222.0,0.002
2026-01-20 01:00:00,1768870816.0,0.0025
2026-01-20 02:00:00,1768874416.0,0.004
2026-01-20 03:00:00,1768878035.0,0.002
2026-01-20 04:00:00,1768881636.0,0.002
2026-01-20 05:00:00,1768885231.0,0.0015
2026-01-20 06:00:00,1768888825.0,0.0015
2026-01-20 07:00:00,1768892417.0,0.0015
2026-01-20 08:00:00,1768896018.0,0.0015
2026-01-20 09:00:00,1768899619.0,0.0015
2026-01-20 10:00:00,1768903220.0,0.0035
2026-01-20 11:00:00,1768906817.0,0.002
2026-01-20 12:00:00,1768910423.0,0.003
2026-01-20 13:00:00,1768914017.0,0.002
2026-01-20 14:00:00,1768917617.0,0.0015
2026-01-20 15:00:00,1768921222.0,0.0025
2026-01-20 16:00:00,1768924816.0,0.0025
2026-01-20 17:00:00,1768928419.0,0.003
2026-01-20 18:00:00,1768932020.0,0.0055
2026-01-20 19:00:00,1768935616.0,0.0035
2026-01-20 20:00:00,1768939218.0,0.0035
2026-01-20 21:00:00,1768942838.0,0.007
2026-01-20 22:00:00,1768946418.0,0.0045
2026-01-20 23:00:00,1768950017.0,0.0055
2026-01-21 00:00:00,1768953624.0,0.006
2026-01-21 01:00:00,1768957217.0,0.008
2026-01-21 02:00:00,1768960819.0,0.006
2026-01-21 03:00:00,1768964423.0,0.006
2026-01-21 04:00:00,1768968017.0,0.0045
2026-01-21 05:00:00,1768971617.0,0.004
2026-01-21 06:00:00,1768975222.0,0.0045
2026-01-21 07:00:00,1768978820.0,0.005
2026-01-21 08:00:00,1768982418.0,0.0085
2026-01-21 09:00:00,1768986047.0,0.006
2026-01-21 10:00:00,1768989619.0,0.005
2026-01-21 11:00:00,1768993219.0,0.005
2026-01-21 12:00:00,1768996846.0,0.0045
2026-01-21 13:00:00,1769000418.0,0.0045
2026-01-21 14:00:00,1769004021.0,0.004
2026-01-21 15:00:00,1769007622.0,0.0045
2026-01-21 16:00:00,1769011221.0,0.005
2026-01-21 17:00:00,1769014826.0,0.0045
2026-01-21 18:00:00,1769018446.0,0.005
2026-01-21 19:00:00,1769022033.0,0.0045
2026-01-21 20:00:00,1769025621.0,0.005
2026-01-21 21:00:00,1769029257.0,0.0035
2026-01-21 22:00:00,1769032820.0,0.0025
2026-01-21 23:00:00,1769036421.0,0.0035
2026-01-22 00:00:00,1769040034.0,0.0035
2026-01-22 01:00:00,1769043619.0,0.0045
2026-01-22 02:00:00,1769047222.0,0.0045
2026-01-22 03:00:00,1769050829.0,0.0045
2026-01-22 04:00:00,1769054418.0,0.0045
2026-01-22 05:00:00,1769058018.0,0.0045
2026-01-22 06:00:00,1769061621.0,0.0045
2026-01-22 07:00:00,1769065220.0,0.0045
2026-01-22 08:00:00,1769068822.0,0.0045
2026-01-22 09:00:00,1769072430.0,0.004
2026-01-22 10:00:00,1769076019.0,0.004
2026-01-22 11:00:00,1769079619.0,0.009
2026-01-22 12:00:00,1769083251.0,0.005
2026-01-22 13:00:00,1769086819.0,0.0045
2026-01-22 14:00:00,1769090420.0,0.0045
2026-01-22 15:00:00,1769094038.0,0.004
2026-01-22 16:00:00,1769097619.0,0.004
2026-01-22 17:00:00,1769101223.0,0.0045
2026-01-22 18:00:00,1769104840.0,0.004
2026-01-22 19:00:00,1769108419.0,0.0035
2026-01-22 20:00:00,1769112021.0,0.0035
2026-01-22 21:00:00,1769115631.0,0.0035
2026-01-22 22:00:00,1769119220.0,0.0025
2026-01-22 23:00:00,1769122820.0,0.0025
2026-01-23 00:00:00,1769126441.0,0.0025
2026-01-23 01:00:00,1769130019.0,0.0025
2026-01-23 02:00:00,1769133620.0,0.0035
2026-01-23 03:00:00,1769137233.0,0.0035
2026-01-23 04:00:00,1769140820.0,0.0045
2026-01-23 05:00:00,1769144418.0,0.003
2026-01-23 06:00:00,1769148024.0,0.003
2026-01-23 07:00:00,1769151620.0,0.003
2026-01-23 08:00:00,1769155221.0,0.0035
2026-01-23 09:00:00,1769158824.0,0.0035
2026-01-23 10:00:00,1769162438.0,0.004
2026-01-23 11:00:00,1769166021.0,0.0045
2026-01-23 12:00:00,1769169653.0,0.0045
2026-01-23 13:00:00,1769173219.0,0.005
2026-01-23 14:00:00,1769176819.0,0.0045
2026-01-23 15:00:00,1769180423.0,0.0045
2026-01-23 16:00:00,1769184018.0,0.0045
2026-01-23 17:00:00,1769187639.0,0.004
2026-01-23 18:00:00,1769191244.0,0.004
2026-01-23 19:00:00,1769194822.0,0.004
2026-01-23 20:00:00,1769198421.0,0.0035
2026-01-23 21:00:00,1769202024.0,0.0025
2026-01-23 22:00:00,1769205624.0,0.0025
2026-01-23 23:00:00,1769209225.0,0.003
2026-01-24 00:00:00,1769212836.0,0.003
2026-01-24 01:00:00,1769216421.0,0.0045
2026-01-24 02:00:00,1769220024.0,0.004
2026-01-24 03:00:00,1769223649.0,0.004
2026-01-24 04:00:00,1769227219.0,0.0045
2026-01-24 05:00:00,1769230842.0,0.0045
2026-01-24 06:00:00,1769234449.0,0.004
2026-01-24 07:00:00,1769238021.0,0.0035
2026-01-24 08:00:00,1769241623.0,0.0035
2026-01-24 09:00:00,1769245231.0,0.0035
2026-01-24 10:00:00,1769248833.0,0.0035
2026-01-24 11:00:00,1769252426.0,0.0035
2026-01-24 12:00:00,1769256036.0,0.004
2026-01-24 13:00:00,1769259621.0,0.004
2026-01-24 14:00:00,1769263230.0,0.0035
2026-01-24 15:00:00,1769266829.0,0.004
2026-01-24 16:00:00,1769270421.0,0.004
2026-01-24 17:00:00,1769274026.0,0.004
2026-01-24 18:00:00,1769277625.0,0.004
2026-01-24 19:00:00,1769281222.0,0.0035
2026-01-24 20:00:00,1769284821.0,0.0035
2026-01-24 21:00:00,1769288433.0,0.0035
2026-01-24 22:00:00,1769292021.0,0.0035
2026-01-24 23:00:00,1769295621.0,0.004
2026-01-25 00:00:00,1769299243.0,0.004
2026-01-25 01:00:00,1769302820.0,0.004
2026-01-25 02:00:00,1769306419.0,0.004
2026-01-25 03:00:00,1769310030.0,0.004
2026-01-25 04:00:00,1769313619.0,0.004
2026-01-25 05:00:00,1769317219.0,0.004
2026-01-25 06:00:00,1769320821.0,0.0035
2026-01-25 07:00:00,1769324422.0,0.004
2026-01-25 08:00:00,1769328020.0,0.004
2026-01-25 09:00:00,1769331650.0,0.004
2026-01-25 10:00:00,1769335238.0,0.004
2026-01-25 11:00:00,1769338819.0,0.004
2026-01-25 12:00:00,1769342456.0,0.004
2026-01-25 13:00:00,1769346032.0,0.004
2026-01-25 14:00:00,1769349621.0,0.004
2026-01-25 15:00:00,1769353224.0,0.007
2026-01-25 16:00:00,1769356838.0,0.007
2026-01-25 17:00:00,1769360434.0,0.0045
2026-01-25 18:00:00,1769364030.0,0.0045
2026-01-25 19:00:00,1769367619.0,0.005
2026-01-25 20:00:00,1769371220.0,0.0035
2026-01-25 21:00:00,1769374829.0,0.004
2026-01-25 22:00:00,1769378424.0,0.0035
2026-01-25 23:00:00,1769382020.0,0.0035
2026-01-26 00:00:00,1769385643.0,0.0035
2026-01-26 01:00:00,1769389219.0,0.0035
2026-01-26 02:00:00,1769392823.0,0.0035
2026-01-26 03:00:00,1769396422.0,0.0035
2026-01-26 04:00:00,1769400019.0,0.004
2026-01-26 05:00:00,1769403619.0,0.004
2026-01-26 06:00:00,1769407232.0,0.004
2026-01-26 07:00:00,1769410821.0,0.0035
2026-01-26 08:00:00,1769414420.0,0.004
2026-01-26 09:00:00,1769418032.0,0.004
2026-01-26 10:00:00,1769421619.0,0.0045
2026-01-26 11:00:00,1769425223.0,0.004
2026-01-26 12:00:00,1769428835.0,0.0045
2026-01-26 13:00:00,1769432424.0,0.005
2026-01-26 14:00:00,1769436019.0,0.0035
2026-01-26 15:00:00,1769439625.0,0.005
2026-01-26 16:00:00,1769443221.0,0.005
2026-01-26 17:00:00,1769446827.0,0.0055
2026-01-26 18:00:00,1769450430.0,0.0055
2026-01-26 19:00:00,1769454021.0,0.004
2026-01-26 20:00:00,1769457625.0,0.004
2026-01-26 21:00:00,1769461226.0,0.004
2026-01-26 22:00:00,1769464821.0,0.005
2026-01-26 23:00:00,1769468421.0,0.0065
2026-01-27 00:00:00,1769472036.0,0.0065
2026-01-27 01:00:00,1769475617.0,0.005
2026-01-27 02:00:00,1769479216.0,0.005
2026-01-27 03:00:00,1769482825.0,0.005
2026-01-27 04:00:00,1769486419.0,0.006
2026-01-27 05:00:00,1769490017.0,0.006
2026-01-27 06:00:00,1769493618.0,0.007
2026-01-27 07:00:00,1769497225.0,0.007
2026-01-27 08:00:00,1769500819.0,0.005
2026-01-27 09:00:00,1769504420.0,0.005
2026-01-27 10:00:00,1769508025.0,0.0045
2026-01-27 11:00:00,1769511618.0,0.005
2026-01-27 12:00:00,1769515224.0,0.005
2026-01-27 13:00:00,1769518830.0,0.006
2026-01-27 14:00:00,1769522418.0,0.005
2026-01-27 15:00:00,1769526019.0,0.007
2026-01-27 16:00:00,1769529617.0,0.0055
2026-01-27 17:00:00,1769533218.0,0.006
2026-01-27 18:00:00,1769536820.0,0.006
2026-01-27 19:00:00,1769540419.0,0.006
2026-01-27 20:00:00,1769544017.0,0.005
2026-01-27 21:00:00,1769547620.0,0.0055
2026-01-27 22:00:00,1769551217.0,0.005
2026-01-27 23:00:00,1769554819.0,0.005
2026-01-28 00:00:00,1769558426.0,0.005
2026-01-28 01:00:00,1769562031.0,0.005
2026-01-28 02:00:00,1769565622.0,0.005
2026-01-28 03:00:00,1769569223.0,0.0075
2026-01-28 04:00:00,1769572839.0,0.007
2026-01-28 05:00:00,1769576418.0,0.0065
2026-01-28 06:00:00,1769580019.0,0.0065
2026-01-28 07:00:00,1769583619.0,0.007
2026-01-28 08:00:00,1769587219.0,0.0055
2026-01-28 09:00:00,1769590825.0,0.005
2026-01-28 10:00:00,1769594444.0,0.0055
2026-01-28 11:00:00,1769598019.0,0.0065
2026-01-28 12:00:00,1769601627.0,0.0085
2026-01-28 13:00:00,1769605238.0,0.0075
2026-01-28 14:00:00,1769608819.0,0.0095
2026-01-28 15:00:00,1769612421.0,0.0095
2026-01-28 16:00:00,1769616019.0,0.0105
2026-01-28 17:00:00,1769619622.0,0.009
2026-01-28 18:00:00,1769623241.0,0.0085
2026-01-28 19:00:00,1769626820.0,0.0095
2026-01-28 20:00:00,1769630425.0,0.0075
2026-01-28 21:00:00,1769634021.0,0.0075
2026-01-28 22:00:00,1769637620.0,0.0045
2026-01-28 23:00:00,1769641220.0,0.011
2026-01-29 00:00:00,1769644841.0,0.011
2026-01-29 01:00:00,1769648420.0,0.008
2026-01-29 02:00:00,1769652020.0,0.0065
2026-01-29 03:00:00,1769655624.0,0.0075
2026-01-29 04:00:00,1769659221.0,0.0075
2026-01-29 05:00:00,1769662820.0,0.0145
2026-01-29 06:00:00,1769666423.0,0.012
2026-01-29 07:00:00,1769670022.0,0.0145
2026-01-29 08:00:00,1769673621.0,0.017
2026-01-29 09:00:00,1769677224.0,0.018
2026-01-29 10:00:00,1769680824.0,0.0115
2026-01-29 11:00:00,1769684422.0,0.0155
2026-01-29 12:00:00,1769688031.0,0.013
2026-01-29 13:00:00,1769691621.0,0.0145
2026-01-29 14:00:00,1769695221.0,0.0125
2026-01-29 15:00:00,1769698823.0,0.0135
2026-01-29 16:00:00,1769702421.0,0.017
2026-01-29 17:00:00,1769706021.0,0.017
2026-01-29 18:00:00,1769709624.0,0.0145
2026-01-29 19:00:00,1769713222.0,0.014
2026-01-29 20:00:00,1769716832.0,0.013
2026-01-29 21:00:00,1769720425.0,0.0215
2026-01-29 22:00:00,1769724022.0,0.017
2026-01-29 23:00:00,1769727622.0,0.0135
2026-01-30 00:00:00,1769731229.0,0.0085
2026-01-30 01:00:00,1769734822.0,0.0035
2026-01-30 02:00:00,1769738422.0,0.0025
2026-01-30 03:00:00,1769742024.0,0.002
2026-01-30 04:00:00,1769745622.0,0.0015
2026-01-30 05:00:00,1769749222.0,0.002
2026-01-30 06:00:00,1769752823.0,0.0015
2026-01-30 07:00:00,1769756422.0,0.0005
2026-01-30 08:00:00,1769760021.0,0.0005
2026-01-30 09:00:00,1769763646.0,0.0005
2026-01-30 10:00:00,1769767221.0,0.0005
2026-01-30 11:00:00,1769770843.0,0.0005
2026-01-30 12:00:00,1769774445.0,0.0005
2026-01-30 13:00:00,1769778022.0,0.0005
2026-01-30 14:00:00,1769781623.0,0.0005
2026-01-30 15:00:00,1769785226.0,0.0005
2026-01-30 16:00:00,1769788823.0,0.0005
2026-01-30 17:00:00,1769792425.0,0.0005
2026-01-30 18:00:00,1769796024.0,0.0005
2026-01-30 19:00:00,1769799623.0,0.0005
2026-01-30 20:00:00,1769803223.0,0.0005
2026-01-30 21:00:00,1769806826.0,0.0005
2026-01-30 22:00:00,1769810427.0,0.0005
2026-01-30 23:00:00,1769814022.0,0.0005
2026-01-31 00:00:00,1769817630.0,0.0005
2026-01-31 01:00:00,1769821222.0,0.0005
2026-01-31 02:00:00,1769824822.0,0.0005
2026-01-31 03:00:00,1769828424.0,0.0005
2026-01-31 04:00:00,1769832023.0,0.0005
2026-01-31 05:00:00,1769835623.0,0.0005
2026-01-31 06:00:00,1769839225.0,0.0005
2026-01-31 07:00:00,1769842824.0,0.0005
2026-01-31 08:00:00,1769846423.0,0.0005
2026-01-31 09:00:00,1769850048.0,0.0005
2026-01-31 10:00:00,1769853624.0,0.0005
2026-01-31 11:00:00,1769857222.0,0.0005
2026-01-31 12:00:00,1769860835.0,0.0005
2026-01-31 13:00:00,1769864425.0,0.0005
2026-01-31 14:00:00,1769868022.0,0.0005
2026-01-31 15:00:00,1769871628.0,0.0005
2026-01-31 16:00:00,1769875222.0,0.0005
2026-01-31 17:00:00,1769878840.0,0.0005
2026-01-31 18:00:00,1769882429.0,0.0005
2026-01-31 19:00:00,1769886026.0,0.0005
2026-01-31 20:00:00,1769889623.0,0.0005
2026-01-31 21:00:00,1769893243.0,0.0005
2026-01-31 22:00:00,1769896843.0,0.0005
2026-01-31 23:00:00,1769900422.0,0.0005
2026-02-01 00:00:00,1769904036.0,0.0005
2026-02-01 01:00:00,1769907754.0,0.0005
2026-02-01 02:00:00,1769911220.0,0.0005
2026-02-01 03:00:00,1769914826.0,0.0005
